date,latitude,longitude,pm2.5,ozone,aqi,city,temperature_2m,relative_humidity_2m,wind_speed_10m,pressure_msl,precipitation,cloud_cover
2014-01-01,35.356615,-119.062613,84.3,0.045,171.0,Bakersfield-California,10.410705882352941,36.68052335294118,5.0971268117647055,1021.2941176470588,0.0,8.117647058823529
2014-01-02,35.356615,-119.062613,72.7,0.045,163.0,Bakersfield-California,11.198083312500001,42.14049358333333,5.2230313375,1020.0166666666668,0.0,21.833333333333332
2014-01-03,35.356615,-119.062613,76.2,0.042,166.0,Bakersfield-California,12.091833320833333,43.85541991666667,4.685829308333333,1017.0166666666668,0.0,54.291666666666664
2014-01-04,35.356615,-119.062613,73.1,0.044,163.0,Bakersfield-California,13.831416666666668,36.06472683333333,4.4941620375,1015.0708333333333,0.0,78.875
2014-01-05,35.356615,-119.062613,69.4,0.048,161.0,Bakersfield-California,11.462666629166668,46.273489000000005,5.478236925,1018.8333333333334,0.0,0.5416666666666666
2014-01-06,35.356615,-119.062613,78.0,0.027,167.0,Bakersfield-California,11.687666629166666,34.986439875,5.728842637500001,1022.6291666666666,0.0,15.0
2014-01-07,35.356615,-119.062613,70.4,0.019,161.0,Bakersfield-California,11.783500000000002,31.5437135,4.165536366666667,1021.2624999999999,0.0,67.125
2014-01-08,35.356615,-119.062613,57.4,0.04,152.0,Bakersfield-California,10.987666654166667,33.877537583333336,4.435886545833333,1020.8708333333334,0.0,51.5
2014-01-09,35.356615,-119.062613,45.1,0.026,125.0,Bakersfield-California,10.627249983333334,54.49937670833333,4.6732954625,1021.8625000000001,0.0,73.95833333333333
2014-01-10,35.356615,-119.062613,26.0,0.032,82.0,Bakersfield-California,9.381416641666666,72.884922625,4.8970988958333335,1023.3583333333332,0.0,55.5
2014-01-11,35.356615,-119.062613,27.1,0.026,85.0,Bakersfield-California,10.577249974999999,66.14662966666667,4.4262550124999995,1022.4708333333333,0.0,76.33333333333333
2014-01-12,35.356615,-119.062613,27.6,0.031,85.0,Bakersfield-California,11.0397500125,67.28404016666666,5.0736105333333334,1023.6083333333332,0.10833333333333334,75.66666666666667
2014-01-13,35.356615,-119.062613,22.8,0.017,77.0,Bakersfield-California,8.7084999875,75.938218125,6.300580954166667,1027.95,0.004166666666666667,11.5
2014-01-14,35.356615,-119.062613,36.5,0.019,103.0,Bakersfield-California,11.379333304166666,52.36044904166667,5.999096300000001,1028.9541666666667,0.0,0.0
2014-01-15,35.356615,-119.062613,50.9,0.023,139.0,Bakersfield-California,11.983499975,42.63150995833333,5.381102983333334,1026.4750000000001,0.0,0.0
2014-01-16,35.356615,-119.062613,52.2,0.037,142.0,Bakersfield-California,13.2147499875,36.823074416666664,5.264359229166667,1022.4875000000001,0.0,0.0
2014-01-17,35.356615,-119.062613,58.7,0.043,153.0,Bakersfield-California,13.3022499875,32.143837749999996,5.410479704166666,1020.7083333333334,0.0,0.0
2014-01-18,35.356615,-119.062613,59.1,0.035,154.0,Bakersfield-California,13.537666633333332,28.966229854166667,4.674778370833333,1019.7416666666667,0.0,8.208333333333334
2014-01-19,35.356615,-119.062613,66.4,0.048,159.0,Bakersfield-California,12.925166654166667,29.939727625,5.528497620833334,1018.7333333333332,0.0,53.625
2014-01-20,35.356615,-119.062613,59.6,0.04,154.0,Bakersfield-California,13.716833266666667,26.94628870833333,5.319738225,1019.625,0.0,18.416666666666668
2014-01-21,35.356615,-119.062613,81.3,0.018,169.0,Bakersfield-California,13.0334999875,32.36993404166667,4.821592783333333,1022.2458333333334,0.0,70.125
2014-01-22,35.356615,-119.062613,70.1,0.045,161.0,Bakersfield-California,15.012666666666666,26.941508708333334,4.754665754166667,1019.5625,0.0,80.29166666666667
2014-01-23,35.356615,-119.062613,30.3,0.039,90.0,Bakersfield-California,12.90225,36.14002241666667,9.7219546125,1013.0749999999999,0.0,1.8333333333333333
2014-01-24,35.356615,-119.062613,6.5,0.036,36.0,Bakersfield-California,18.30225,14.036051291666666,20.041407500000002,1017.2166666666667,0.0,79.08333333333333
2014-01-25,35.356615,-119.062613,22.9,0.04,77.0,Bakersfield-California,16.354333333333333,25.184850125,6.203156254166667,1022.3541666666666,0.0,62.291666666666664
2014-01-26,35.356615,-119.062613,26.1,0.042,83.0,Bakersfield-California,14.6022500125,29.220952458333333,4.9643217375,1019.3208333333333,0.0,66.70833333333333
2014-01-27,35.356615,-119.062613,38.7,0.05,109.0,Bakersfield-California,13.296,35.911770958333335,5.0987584875000005,1018.3708333333334,0.0,46.958333333333336
2014-01-28,35.356615,-119.062613,43.0,0.046,119.0,Bakersfield-California,13.439749999999998,38.64336933333333,4.7774504375,1021.3874999999999,0.0,65.41666666666667
2014-01-29,35.356615,-119.062613,35.5,0.052,101.0,Bakersfield-California,14.05225,44.152896,3.7184437708333333,1021.0625,0.0,57.916666666666664
2014-01-30,35.356615,-119.062613,23.7,0.027,78.0,Bakersfield-California,14.40225,54.316274666666665,4.616038083333334,1012.975,0.0,89.33333333333333
2014-01-31,35.356615,-119.062613,12.0,0.035,56.0,Bakersfield-California,11.666833345833334,71.14784225,5.370151512500001,1013.8249999999999,0.225,78.25
2014-02-01,35.356615,-119.062613,16.3,0.035,64.0,Bakersfield-California,8.7105833,57.43312266666666,6.818608945833333,1018.3833333333333,0.0,14.458333333333334
2014-02-02,35.356615,-119.062613,11.3,0.031,55.0,Bakersfield-California,8.3689166375,50.73053791666666,7.681823775000001,1017.2875,0.0,50.416666666666664
2014-02-03,35.356615,-119.062613,10.4,0.027,53.0,Bakersfield-California,7.975166629166666,63.55858320833334,6.039668891666667,1014.5583333333334,0.0,73.125
2014-02-04,35.356615,-119.062613,15.5,0.034,63.0,Bakersfield-California,7.7605832958333325,69.97522470833333,4.253114378333334,1018.4833333333332,0.008333333333333333,86.29166666666667
2014-02-05,35.356615,-119.062613,22.5,0.035,76.0,Bakersfield-California,8.439749975,55.363395,3.8150467999999997,1020.5500000000001,0.0,38.166666666666664
2014-02-06,35.356615,-119.062613,16.2,0.027,64.0,Bakersfield-California,9.073083333333333,58.377838125000004,5.451565383333333,1017.5916666666667,0.06666666666666667,63.541666666666664
2014-02-07,35.356615,-119.062613,11.6,0.033,56.0,Bakersfield-California,11.02725,77.41784483333333,3.6363950541666665,1018.0458333333332,0.0,94.16666666666667
2014-02-08,35.356615,-119.062613,9.8,0.036,52.0,Bakersfield-California,12.4647499875,64.89204074999999,4.356972116666666,1022.1,0.0,58.0
2014-02-09,35.356615,-119.062613,8.4,0.031,47.0,Bakersfield-California,14.631416666666667,72.21198525,3.8205296833333335,1022.3583333333332,0.041666666666666664,78.5
2014-02-10,35.356615,-119.062613,8.2,0.028,46.0,Bakersfield-California,14.88975,77.96649266666667,4.108100785416666,1021.2458333333334,0.21666666666666667,92.875
2014-02-11,35.356615,-119.062613,10.2,0.03,53.0,Bakersfield-California,13.8585,75.508796875,6.089563529166667,1022.3874999999999,0.012500000000000002,97.95833333333333
2014-02-12,35.356615,-119.062613,19.9,0.033,71.0,Bakersfield-California,13.468916654166668,72.20331283333333,4.317535508333333,1022.3666666666667,0.0,83.70833333333333
2014-02-13,35.356615,-119.062613,31.7,0.043,93.0,Bakersfield-California,15.150166666666665,60.320310125,4.8515454,1021.0291666666667,0.0,59.083333333333336
2014-02-14,35.356615,-119.062613,28.5,0.044,87.0,Bakersfield-California,15.246,58.13484495833333,4.345253554166667,1019.3541666666666,0.0,46.208333333333336
2014-02-15,35.356615,-119.062613,38.0,0.034,107.0,Bakersfield-California,16.5835,46.701117583333335,5.556046762499999,1016.3458333333333,0.0,66.41666666666667
2014-02-16,35.356615,-119.062613,30.0,0.031,90.0,Bakersfield-California,16.916833333333333,45.782603208333335,6.1462585208333325,1016.7375000000001,0.0,59.875
2014-02-17,35.356615,-119.062613,14.5,0.037,61.0,Bakersfield-California,14.621,62.8414175,4.239888702916667,1018.4833333333332,0.0,19.916666666666668
2014-02-18,35.356615,-119.062613,11.3,0.034,55.0,Bakersfield-California,13.954333291666666,54.6622645,5.3802426875,1019.4791666666666,0.0,79.70833333333333
2014-02-19,35.356615,-119.062613,14.8,0.037,62.0,Bakersfield-California,13.296,49.381794500000005,5.680917364166667,1018.7291666666666,0.0,24.958333333333332
2014-02-20,35.356615,-119.062613,8.7,0.033,48.0,Bakersfield-California,13.681416654166666,54.007761666666674,6.088873020833333,1020.0416666666666,0.0,49.791666666666664
2014-02-21,35.356615,-119.062613,16.0,0.041,64.0,Bakersfield-California,14.7585,45.048668,4.482804391666667,1018.3583333333332,0.0,36.958333333333336
2014-02-22,35.356615,-119.062613,20.9,0.051,73.0,Bakersfield-California,14.291833320833334,43.95020770833333,5.352877636666666,1014.6708333333332,0.0,22.291666666666668
2014-02-23,35.356615,-119.062613,20.6,0.054,72.0,Bakersfield-California,15.377250000000002,44.02260529166667,4.7683155416666665,1013.8125,0.0,3.9166666666666665
2014-02-24,35.356615,-119.062613,26.7,0.059,84.0,Bakersfield-California,16.1585,41.656289916666665,5.383140829166667,1013.8874999999999,0.0,0.0
2014-02-25,35.356615,-119.062613,17.3,0.058,66.0,Bakersfield-California,17.360583333333334,37.47929825,5.3519943875,1012.6125000000001,0.0,3.875
2014-02-26,35.356615,-119.062613,11.9,0.029,56.0,Bakersfield-California,16.266833333333334,49.47432279166667,5.625159508333333,1013.1666666666666,0.0,79.125
2014-02-27,35.356615,-119.062613,4.8,0.038,27.0,Bakersfield-California,16.075166666666664,56.51112079166666,6.620567053333333,1012.7708333333334,0.03333333333333333,55.541666666666664
2014-02-28,35.356615,-119.062613,5.3,0.033,29.0,Bakersfield-California,15.310583333333334,54.950803416666666,12.759947983333333,1003.6374999999999,0.5041666666666667,80.70833333333333
2014-03-01,35.356615,-119.062613,1.0,0.036,6.0,Bakersfield-California,12.979333333333335,67.24325604166667,11.384369766666666,1004.2375000000001,0.06666666666666667,87.83333333333333
2014-03-02,35.356615,-119.062613,3.5,0.031,19.0,Bakersfield-California,12.6835,67.29575045833333,6.3383006625,1013.9291666666667,0.0,71.375
2014-03-03,35.356615,-119.062613,10.2,0.034,53.0,Bakersfield-California,12.92725,71.26714725000001,4.923621041666666,1020.2583333333333,0.0,79.875
2014-03-04,35.356615,-119.062613,17.6,0.03,67.0,Bakersfield-California,14.689749999999998,66.39870329166666,4.616722416666667,1018.7208333333333,0.0,97.70833333333333
2014-03-05,35.356615,-119.062613,21.9,0.042,75.0,Bakersfield-California,15.585583333333334,63.13891945833333,4.2098461625,1018.4541666666668,0.0,70.91666666666667
2014-03-06,35.356615,-119.062613,25.0,0.037,81.0,Bakersfield-California,17.231416666666668,64.05292391666667,5.054136641666667,1017.9499999999999,0.0,79.25
2014-03-07,35.356615,-119.062613,10.3,0.039,53.0,Bakersfield-California,14.925166666666668,61.449848333333335,8.051003358333334,1019.1583333333333,0.008333333333333333,69.375
2014-03-08,35.356615,-119.062613,14.1,0.049,60.0,Bakersfield-California,15.075166679166665,55.701371791666666,6.2968389,1019.6458333333334,0.0,11.708333333333334
2014-03-09,35.356615,-119.062613,11.5,0.048,55.0,Bakersfield-California,18.646,39.15232733333333,6.408470245833333,1020.5958333333333,0.0,81.29166666666667
2014-03-10,35.356615,-119.062613,13.6,0.045,59.0,Bakersfield-California,19.318916666666667,28.103485333333335,6.492049195833332,1018.6750000000001,0.0,54.416666666666664
2014-03-11,35.356615,-119.062613,6.3,0.041,35.0,Bakersfield-California,16.471,47.62343845833333,6.4745195125,1018.4541666666668,0.0,90.91666666666667
2014-03-12,35.356615,-119.062613,8.5,0.041,47.0,Bakersfield-California,17.0335,29.377872916666664,8.6604797125,1015.8458333333333,0.0,25.708333333333332
2014-03-13,35.356615,-119.062613,10.2,0.045,53.0,Bakersfield-California,16.966833333333334,20.548866625,6.451534479166667,1015.0708333333333,0.0,19.416666666666668
2014-03-14,35.356615,-119.062613,10.2,0.045,53.0,Bakersfield-California,16.966833333333334,20.548866625,6.451534479166667,1015.0708333333333,0.0,19.416666666666668
2014-03-15,35.356615,-119.062613,10.2,0.045,53.0,Bakersfield-California,16.966833333333334,20.548866625,6.451534479166667,1015.0708333333333,0.0,19.416666666666668
2014-03-16,35.356615,-119.062613,10.2,0.045,53.0,Bakersfield-California,16.966833333333334,20.548866625,6.451534479166667,1015.0708333333333,0.0,19.416666666666668
2014-03-17,35.356615,-119.062613,10.2,0.045,53.0,Bakersfield-California,16.966833333333334,20.548866625,6.451534479166667,1015.0708333333333,0.0,19.416666666666668
2014-03-18,35.356615,-119.062613,10.2,0.045,53.0,Bakersfield-California,16.966833333333334,20.548866625,6.451534479166667,1015.0708333333333,0.0,19.416666666666668
2014-03-19,35.356615,-119.062613,10.2,0.045,53.0,Bakersfield-California,16.966833333333334,20.548866625,6.451534479166667,1015.0708333333333,0.0,19.416666666666668
2014-03-20,35.356615,-119.062613,10.2,0.045,53.0,Bakersfield-California,16.966833333333334,20.548866625,6.451534479166667,1015.0708333333333,0.0,19.416666666666668
2014-03-21,35.356615,-119.062613,10.2,0.045,53.0,Bakersfield-California,16.966833333333334,20.548866625,6.451534479166667,1015.0708333333333,0.0,19.416666666666668
2014-03-22,35.356615,-119.062613,10.2,0.045,53.0,Bakersfield-California,16.966833333333334,20.548866625,6.451534479166667,1015.0708333333333,0.0,19.416666666666668
2014-03-23,35.356615,-119.062613,10.2,0.045,53.0,Bakersfield-California,16.966833333333334,20.548866625,6.451534479166667,1015.0708333333333,0.0,19.416666666666668
2014-03-24,35.356615,-119.062613,10.2,0.045,53.0,Bakersfield-California,16.966833333333334,20.548866625,6.451534479166667,1015.0708333333333,0.0,19.416666666666668
2014-03-25,35.356615,-119.062613,10.2,0.045,53.0,Bakersfield-California,16.966833333333334,20.548866625,6.451534479166667,1015.0708333333333,0.0,19.416666666666668
2014-03-26,35.356615,-119.062613,10.2,0.045,53.0,Bakersfield-California,16.966833333333334,20.548866625,6.451534479166667,1015.0708333333333,0.0,19.416666666666668
2014-03-27,35.356615,-119.062613,10.2,0.045,53.0,Bakersfield-California,16.966833333333334,20.548866625,6.451534479166667,1015.0708333333333,0.0,19.416666666666668
2014-03-28,35.356615,-119.062613,10.2,0.045,53.0,Bakersfield-California,16.966833333333334,20.548866625,6.451534479166667,1015.0708333333333,0.0,19.416666666666668
2014-03-29,35.356615,-119.062613,10.2,0.045,53.0,Bakersfield-California,16.966833333333334,20.548866625,6.451534479166667,1015.0708333333333,0.0,19.416666666666668
2014-03-30,35.356615,-119.062613,10.2,0.045,53.0,Bakersfield-California,16.966833333333334,20.548866625,6.451534479166667,1015.0708333333333,0.0,19.416666666666668
2014-03-31,35.356615,-119.062613,10.2,0.045,53.0,Bakersfield-California,16.966833333333334,20.548866625,6.451534479166667,1015.0708333333333,0.0,19.416666666666668
2014-04-01,35.356615,-119.062613,10.2,0.045,53.0,Bakersfield-California,16.966833333333334,20.548866625,6.451534479166667,1015.0708333333333,0.0,19.416666666666668
2014-04-02,35.356615,-119.062613,10.2,0.045,53.0,Bakersfield-California,16.966833333333334,20.548866625,6.451534479166667,1015.0708333333333,0.0,19.416666666666668
2014-04-03,35.356615,-119.062613,11.0,0.049,55.0,Bakersfield-California,11.2459999875,58.58298491666667,5.497631525,1018.9416666666666,0.0,34.541666666666664
2014-04-04,35.356615,-119.062613,3.6,0.047,20.0,Bakersfield-California,14.835583333333332,48.012202583333334,5.49210662,1015.7125,0.0,83.08333333333333
2014-04-05,35.356615,-119.062613,6.1,0.041,34.0,Bakersfield-California,13.218916666666667,56.98058983333333,7.081600758333333,1017.1958333333333,0.03333333333333333,83.91666666666667
2014-04-06,35.356615,-119.062613,12.3,0.053,57.0,Bakersfield-California,14.2772499875,54.739480625,6.245594508333333,1021.2541666666666,0.0,10.541666666666666
2014-04-07,35.356615,-119.062613,11.1,0.056,55.0,Bakersfield-California,18.400166666666667,50.1661215,4.9604593291666665,1019.275,0.0,0.041666666666666664
2014-04-08,35.356615,-119.062613,14.3,0.064,61.0,Bakersfield-California,22.512666666666664,37.80097216666667,5.431790374999999,1017.3333333333334,0.0,33.291666666666664
2014-04-09,35.356615,-119.062613,12.5,0.067,57.0,Bakersfield-California,23.77725,27.75856875,5.1557231083333335,1015.4375,0.0,87.95833333333333
2014-04-10,35.356615,-119.062613,13.2,0.063,59.0,Bakersfield-California,23.18975,21.723411483333333,5.161288715833334,1013.6625,0.0,22.666666666666668
2014-04-11,35.356615,-119.062613,12.6,0.065,58.0,Bakersfield-California,24.766833333333334,19.864364070833336,5.0531941158333336,1010.4833333333332,0.0,60.208333333333336
2014-04-12,35.356615,-119.062613,7.7,0.054,43.0,Bakersfield-California,21.646,21.034407458333334,7.193218166666667,1009.1166666666667,0.0,5.041666666666667
2014-04-13,35.356615,-119.062613,11.3,0.052,55.0,Bakersfield-California,20.550166666666666,37.833883541666665,5.092435983333334,1012.1666666666666,0.0,0.0
2014-04-14,35.356615,-119.062613,11.7,0.065,56.0,Bakersfield-California,21.337666625,34.266319716666665,6.711038215416667,1015.2666666666668,0.0,2.875
2014-04-15,35.356615,-119.062613,11.3,0.064,55.0,Bakersfield-California,24.17725,18.039957520833333,4.6727847375,1014.1833333333334,0.0,36.75
2014-04-16,35.356615,-119.062613,11.8,0.064,56.0,Bakersfield-California,22.146,26.384337312499998,4.164349745833333,1010.15,0.0,0.7916666666666666
2014-04-17,35.356615,-119.062613,11.4,0.063,55.0,Bakersfield-California,22.931416666666667,26.215256375,6.329684641666667,1008.275,0.0,46.708333333333336
2014-04-18,35.356615,-119.062613,8.5,0.053,47.0,Bakersfield-California,23.179333333333332,36.530102041666666,6.289672429166667,1008.8083333333334,0.0,78.04166666666667
2014-04-19,35.356615,-119.062613,9.8,0.054,52.0,Bakersfield-California,22.56266666666667,38.407621166666665,4.220186531666667,1012.6208333333334,0.0,40.333333333333336
2014-04-20,35.356615,-119.062613,8.2,0.054,46.0,Bakersfield-California,22.223083333333335,31.53878275,5.463219704166666,1016.9666666666667,0.0,6.291666666666667
2014-04-21,35.356615,-119.062613,12.6,0.07,58.0,Bakersfield-California,22.487666666666666,25.078918470833333,5.529262154166666,1015.8916666666668,0.0,21.083333333333332
2014-04-22,35.356615,-119.062613,7.1,0.053,39.0,Bakersfield-California,20.83975,24.000621133333336,8.058253200000001,1013.4333333333334,0.0,33.208333333333336
2014-04-23,35.356615,-119.062613,5.7,0.051,32.0,Bakersfield-California,16.354333333333333,26.624899291666665,7.224333866666666,1017.275,0.0,37.0
2014-04-24,35.356615,-119.062613,7.1,0.054,39.0,Bakersfield-California,17.56475,28.286427708333335,6.1905400041666665,1016.8249999999999,0.0,13.875
2014-04-25,35.356615,-119.062613,3.5,0.042,19.0,Bakersfield-California,18.76475,37.788806125,6.7688943125,1011.7416666666667,0.0,52.25
2014-04-26,35.356615,-119.062613,4.7,0.045,26.0,Bakersfield-California,11.854333295833333,68.53609358333334,6.9098293875,1012.3291666666668,0.9458333333333333,80.75
2014-04-27,35.356615,-119.062613,5.2,0.051,29.0,Bakersfield-California,13.887666654166667,47.481649374999996,5.000519408333333,1017.65,0.0,39.208333333333336
2014-04-28,35.356615,-119.062613,10.4,0.057,53.0,Bakersfield-California,16.573083333333333,45.877681583333334,6.029322091666667,1018.8249999999999,0.0,4.75
2014-04-29,35.356615,-119.062613,11.5,0.063,55.0,Bakersfield-California,18.681416666666667,44.53736191666667,5.654785995,1019.7875,0.0,9.166666666666666
2014-04-30,35.356615,-119.062613,10.1,0.058,53.0,Bakersfield-California,22.477249999999998,36.28932335416667,5.797042908333334,1017.2333333333332,0.0,1.2916666666666667
2014-05-01,35.356615,-119.062613,9.5,0.063,52.0,Bakersfield-California,23.996,24.097721204166664,6.36925025,1016.4208333333332,0.0,50.291666666666664
2014-05-02,35.356615,-119.062613,13.4,0.07,59.0,Bakersfield-California,25.60849991666667,20.713485516666665,5.318877004166667,1016.0416666666666,0.0,22.583333333333332
2014-05-03,35.356615,-119.062613,8.8,0.057,49.0,Bakersfield-California,24.93558333333333,17.9892385,4.125516245833333,1013.5208333333334,0.0,36.166666666666664
2014-05-04,35.356615,-119.062613,6.9,0.056,38.0,Bakersfield-California,22.233500000000003,27.34085376666667,6.381837258333333,1013.2083333333334,0.0,46.041666666666664
2014-05-05,35.356615,-119.062613,6.7,0.048,37.0,Bakersfield-California,21.071,36.144669625,5.0565746916666665,1013.6041666666666,0.0,30.375
2014-05-06,35.356615,-119.062613,5.8,0.042,32.0,Bakersfield-California,16.654333333333334,44.944217583333334,8.383441204166667,1012.1875,0.041666666666666664,35.583333333333336
2014-05-07,35.356615,-119.062613,7.2,0.045,40.0,Bakersfield-California,16.560583333333334,40.82532291666667,5.834174833333333,1012.5083333333333,0.0,20.125
2014-05-08,35.356615,-119.062613,7.4,0.053,41.0,Bakersfield-California,19.37933333333333,31.833717625000002,5.2038959875,1014.9833333333332,0.0,52.583333333333336
2014-05-09,35.356615,-119.062613,6.1,0.049,34.0,Bakersfield-California,20.766833333333334,36.695967833333334,5.865406687499999,1016.9833333333332,0.0,53.916666666666664
2014-05-10,35.356615,-119.062613,6.6,0.053,37.0,Bakersfield-California,19.671,35.29547983333333,8.022168691666666,1015.7791666666667,0.0,5.208333333333333
2014-05-11,35.356615,-119.062613,5.3,0.048,29.0,Bakersfield-California,18.95225,21.689282645833334,9.729245841666666,1014.0875,0.0,1.4166666666666667
2014-05-12,35.356615,-119.062613,4.9,0.053,27.0,Bakersfield-California,20.77725,20.0382164625,5.8182321791666665,1016.5458333333332,0.0,0.375
2014-05-13,35.356615,-119.062613,8.4,0.06,47.0,Bakersfield-California,24.289749999999998,14.371993575,7.594126675000001,1017.5833333333334,0.0,1.1666666666666667
2014-05-14,35.356615,-119.062613,9.9,0.067,52.0,Bakersfield-California,26.275166666666667,14.185494154166667,4.987815406666667,1017.9708333333333,0.0,0.25
2014-05-15,35.356615,-119.062613,12.7,0.077,58.0,Bakersfield-California,27.858500000000003,13.372416133333333,5.8121758375,1016.2208333333333,0.0,2.9583333333333335
2014-05-16,35.356615,-119.062613,11.8,0.072,56.0,Bakersfield-California,29.046000000000003,13.112307679166667,6.155962970833333,1014.6875,0.0,54.5
2014-05-17,35.356615,-119.062613,10.2,0.065,53.0,Bakersfield-California,27.618916666666667,14.315381512499998,4.739982645833334,1011.9375,0.0,56.375
2014-05-18,35.356615,-119.062613,5.5,0.046,31.0,Bakersfield-California,23.93975,23.988059125000003,6.078326241666667,1011.1916666666666,0.0,43.75
2014-05-19,35.356615,-119.062613,6.9,0.046,38.0,Bakersfield-California,22.006416666666667,29.319225833333334,5.964626820833334,1011.4208333333332,0.0,1.6666666666666667
2014-05-20,35.356615,-119.062613,4.8,0.039,27.0,Bakersfield-California,18.731416666666664,41.366305583333336,5.571205836666667,1013.1916666666666,0.0,38.75
2014-05-21,35.356615,-119.062613,7.3,0.043,41.0,Bakersfield-California,18.75225,38.266953375,5.045836291666666,1013.7666666666668,0.0,41.375
2014-05-22,35.356615,-119.062613,23.1,0.052,77.0,Bakersfield-California,21.0585,37.32884845833333,4.433703120833333,1012.7791666666667,0.0,64.875
2014-05-23,35.356615,-119.062613,11.7,0.067,56.0,Bakersfield-California,22.868916666666667,33.796544958333335,5.945000704166667,1013.4625,0.0,25.625
2014-05-24,35.356615,-119.062613,9.3,0.05,51.0,Bakersfield-California,25.71891666666667,27.66964504166667,5.507814858333333,1011.85,0.0,49.25
2014-05-25,35.356615,-119.062613,11.1,0.058,55.0,Bakersfield-California,27.65433333333333,26.037728541666667,6.158890720833334,1010.8249999999999,0.0,3.75
2014-05-26,35.356615,-119.062613,13.0,0.052,58.0,Bakersfield-California,29.331416666666666,24.571991166666667,4.685748883333333,1010.9125,0.0,0.875
2014-05-27,35.356615,-119.062613,15.5,0.059,63.0,Bakersfield-California,29.0335,17.229138729166667,4.109617670833333,1012.3916666666668,0.0,0.2916666666666667
2014-05-28,35.356615,-119.062613,17.6,0.059,67.0,Bakersfield-California,27.133499916666665,14.720277145833334,6.198098616666667,1011.65,0.0,49.375
2014-05-29,35.356615,-119.062613,10.6,0.06,54.0,Bakersfield-California,24.560583291666664,12.283774825,5.257222858333333,1011.6458333333334,0.0,29.5
2014-05-30,35.356615,-119.062613,10.6,0.068,54.0,Bakersfield-California,24.8335,11.975500091666667,4.669995087499999,1010.3291666666668,0.0,7.083333333333333
2014-05-31,35.356615,-119.062613,13.9,0.068,60.0,Bakersfield-California,26.573083333333333,12.458682591666667,4.551006170833333,1010.3916666666668,0.0,3.8333333333333335
2014-06-01,35.356615,-119.062613,20.5,0.07,72.0,Bakersfield-California,25.800166666666666,15.316161954166667,6.015515429166666,1009.8666666666667,0.0,0.0
2014-06-02,35.356615,-119.062613,32.6,0.062,95.0,Bakersfield-California,27.675166666666666,16.791756058333334,6.644022808333333,1007.2458333333334,0.0,9.833333333333334
2014-06-03,35.356615,-119.062613,18.2,0.063,68.0,Bakersfield-California,24.68558333333333,19.51662815,7.715336125,1009.4541666666668,0.0,0.0
2014-06-04,35.356615,-119.062613,14.5,0.069,61.0,Bakersfield-California,26.883499999999998,17.99618595833333,3.844303747916667,1008.8375,0.0,0.0
2014-06-05,35.356615,-119.062613,16.3,0.072,64.0,Bakersfield-California,27.481416666666664,21.476484791666667,5.018481677083334,1007.875,0.0,0.0
2014-06-06,35.356615,-119.062613,14.9,0.066,62.0,Bakersfield-California,29.21683333333333,17.645198083333334,3.4863861249999997,1006.4625,0.0,0.0
2014-06-07,35.356615,-119.062613,12.6,0.069,58.0,Bakersfield-California,28.820999999999998,17.62681975,4.4680754291666664,1006.225,0.0,0.0
2014-06-08,35.356615,-119.062613,16.8,0.079,65.0,Bakersfield-California,29.664749999999998,22.81812675,5.912599954166667,1006.2916666666666,0.0,2.2916666666666665
2014-06-09,35.356615,-119.062613,15.0,0.084,62.0,Bakersfield-California,32.404333333333334,20.314567479166666,6.8978147625,1004.1583333333333,0.0,4.458333333333333
2014-06-10,35.356615,-119.062613,70.0,0.06,161.0,Bakersfield-California,32.26475,15.4860946875,7.603707754166667,1003.1541666666667,0.0,1.2083333333333333
2014-06-11,35.356615,-119.062613,51.2,0.057,140.0,Bakersfield-California,28.950166666666664,23.491198833333332,7.1524980750000005,1006.4833333333332,0.0,0.6666666666666666
2014-06-12,35.356615,-119.062613,11.8,0.067,56.0,Bakersfield-California,28.325166666666664,26.648979041666667,6.7700410625,1008.7875,0.0,0.0
2014-06-13,35.356615,-119.062613,6.4,0.055,36.0,Bakersfield-California,27.362666666666666,25.351354041666667,5.06230931125,1010.4041666666667,0.0,0.0
2014-06-14,35.356615,-119.062613,14.9,0.06,62.0,Bakersfield-California,26.056416666666667,17.571756204166665,5.483524870833333,1010.6750000000001,0.0,0.0
2014-06-15,35.356615,-119.062613,17.5,0.054,67.0,Bakersfield-California,26.18975,14.958211937500002,5.549990833333333,1007.1791666666667,0.0,0.5
2014-06-16,35.356615,-119.062613,21.5,0.042,74.0,Bakersfield-California,23.810583333333337,30.038568916666666,8.300804583333333,1008.4250000000001,0.0,15.208333333333334
2014-06-17,35.356615,-119.062613,12.3,0.05,57.0,Bakersfield-California,23.816833333333335,25.764704500000004,5.521765208333334,1010.0291666666667,0.0,0.0
2014-06-18,35.356615,-119.062613,8.8,0.057,49.0,Bakersfield-California,24.479333333333333,18.056235583333333,5.0267475,1010.9083333333333,0.0,0.0
2014-06-19,35.356615,-119.062613,11.7,0.07,56.0,Bakersfield-California,27.10641658333333,16.047059304166666,5.581996820833333,1011.5208333333334,0.0,0.0
2014-06-20,35.356615,-119.062613,15.5,0.065,63.0,Bakersfield-California,29.048083333333334,15.133937995833334,4.94030888625,1011.4,0.0,30.708333333333332
2014-06-21,35.356615,-119.062613,11.2,0.059,55.0,Bakersfield-California,28.8085,14.631508166666668,5.0660722625,1009.4625,0.0,13.583333333333334
2014-06-22,35.356615,-119.062613,7.5,0.058,42.0,Bakersfield-California,29.358499999999996,14.897852591666668,4.879701891666667,1009.2166666666667,0.0,7.833333333333333
2014-06-23,35.356615,-119.062613,14.2,0.06,61.0,Bakersfield-California,28.273083333333332,16.2742317125,5.657974920833333,1009.875,0.0,0.0
2014-06-24,35.356615,-119.062613,10.1,0.052,53.0,Bakersfield-California,28.785583333333335,17.87416125,4.344195103333333,1011.2041666666668,0.0,17.083333333333332
2014-06-25,35.356615,-119.062613,11.6,0.047,56.0,Bakersfield-California,28.671000000000003,22.344621375000003,4.785548425,1011.1166666666667,0.0,0.0
2014-06-26,35.356615,-119.062613,9.5,0.038,52.0,Bakersfield-California,26.648083333333332,33.58326120833333,5.644280833333333,1011.3125,0.0,31.75
2014-06-27,35.356615,-119.062613,6.2,0.045,34.0,Bakersfield-California,25.483500000000003,39.35998416666667,5.677325420833333,1011.6,0.0,25.375
2014-06-28,35.356615,-119.062613,24.9,0.048,80.0,Bakersfield-California,26.954333333333334,33.44572925,4.217928886666667,1010.6500000000001,0.0,0.0
2014-06-29,35.356615,-119.062613,7.8,0.063,43.0,Bakersfield-California,28.379333333333335,27.900757208333335,4.399970183333333,1010.1416666666668,0.0,0.0
2014-06-30,35.356615,-119.062613,21.5,0.082,74.0,Bakersfield-California,30.791833333333333,20.500480875,4.7409046833333335,1007.6791666666667,0.0,0.0
2014-07-01,35.356615,-119.062613,19.3,0.073,70.0,Bakersfield-California,32.96683325,21.628385499999997,4.736318554166667,1005.7624999999999,0.0,0.0
2014-07-02,35.356615,-119.062613,19.3,0.073,70.0,Bakersfield-California,32.96683325,21.628385499999997,4.736318554166667,1005.7624999999999,0.0,0.0
2014-07-03,35.356615,-119.062613,10.7,0.063,54.0,Bakersfield-California,31.900166583333334,21.260773083333333,4.0348953750000005,1008.6083333333332,0.0,0.0
2014-07-04,35.356615,-119.062613,16.3,0.055,64.0,Bakersfield-California,32.90016666666667,20.411173958333332,5.3706356,1009.4958333333334,0.0,0.041666666666666664
2014-07-05,35.356615,-119.062613,11.5,0.057,55.0,Bakersfield-California,32.5335,20.788141,6.261046682083333,1012.6,0.0,1.8333333333333333
2014-07-06,35.356615,-119.062613,6.8,0.062,38.0,Bakersfield-California,32.21266666666667,21.50059225,4.6503645279166665,1013.2541666666666,0.0,16.625
2014-07-07,35.356615,-119.062613,18.3,0.075,68.0,Bakersfield-California,31.956416666666666,15.483640575,5.744254283333333,1009.9499999999999,0.0,0.9583333333333334
2014-07-08,35.356615,-119.062613,16.0,0.068,64.0,Bakersfield-California,32.2585,16.08407665416667,6.046414816666666,1008.5958333333333,0.0,7.125
2014-07-09,35.356615,-119.062613,16.0,0.068,64.0,Bakersfield-California,32.2585,16.08407665416667,6.046414816666666,1008.5958333333333,0.0,7.125
2014-07-10,35.356615,-119.062613,16.0,0.068,64.0,Bakersfield-California,32.2585,16.08407665416667,6.046414816666666,1008.5958333333333,0.0,7.125
2014-07-11,35.356615,-119.062613,16.0,0.068,64.0,Bakersfield-California,32.2585,16.08407665416667,6.046414816666666,1008.5958333333333,0.0,7.125
2014-07-12,35.356615,-119.062613,16.0,0.068,64.0,Bakersfield-California,32.2585,16.08407665416667,6.046414816666666,1008.5958333333333,0.0,7.125
2014-07-13,35.356615,-119.062613,16.0,0.068,64.0,Bakersfield-California,32.2585,16.08407665416667,6.046414816666666,1008.5958333333333,0.0,7.125
2014-07-14,35.356615,-119.062613,16.0,0.068,64.0,Bakersfield-California,32.2585,16.08407665416667,6.046414816666666,1008.5958333333333,0.0,7.125
2014-07-15,35.356615,-119.062613,16.0,0.068,64.0,Bakersfield-California,32.2585,16.08407665416667,6.046414816666666,1008.5958333333333,0.0,7.125
2014-07-16,35.356615,-119.062613,16.0,0.068,64.0,Bakersfield-California,32.2585,16.08407665416667,6.046414816666666,1008.5958333333333,0.0,7.125
2014-07-17,35.356615,-119.062613,16.0,0.068,64.0,Bakersfield-California,32.2585,16.08407665416667,6.046414816666666,1008.5958333333333,0.0,7.125
2014-07-18,35.356615,-119.062613,16.0,0.068,64.0,Bakersfield-California,32.2585,16.08407665416667,6.046414816666666,1008.5958333333333,0.0,7.125
2014-07-19,35.356615,-119.062613,16.0,0.068,64.0,Bakersfield-California,32.2585,16.08407665416667,6.046414816666666,1008.5958333333333,0.0,7.125
2014-07-20,35.356615,-119.062613,16.0,0.068,64.0,Bakersfield-California,32.2585,16.08407665416667,6.046414816666666,1008.5958333333333,0.0,7.125
2014-07-21,35.356615,-119.062613,16.0,0.068,64.0,Bakersfield-California,32.2585,16.08407665416667,6.046414816666666,1008.5958333333333,0.0,7.125
2014-07-22,35.356615,-119.062613,16.0,0.068,64.0,Bakersfield-California,32.2585,16.08407665416667,6.046414816666666,1008.5958333333333,0.0,7.125
2014-07-23,35.356615,-119.062613,7.2,0.06,40.0,Bakersfield-California,28.070999999999998,29.868022375,6.1622164875,1015.85,0.0,1.2083333333333333
2014-07-24,35.356615,-119.062613,8.6,0.062,48.0,Bakersfield-California,28.329333333333334,32.69062254166666,5.0412128125,1013.2958333333332,0.0,0.0
2014-07-25,35.356615,-119.062613,11.3,0.076,55.0,Bakersfield-California,30.496,26.55405358333333,4.923969345833333,1008.5416666666666,0.0,7.041666666666667
2014-07-26,35.356615,-119.062613,8.4,0.077,47.0,Bakersfield-California,33.2335,18.749712291666665,4.660455529166667,1009.4291666666667,0.0,49.75
2014-07-27,35.356615,-119.062613,16.8,0.073,65.0,Bakersfield-California,33.1085,25.949855624999998,6.192017341666666,1010.8958333333334,0.0,65.875
2014-07-28,35.356615,-119.062613,15.0,0.067,62.0,Bakersfield-California,32.33141666666666,37.962500375,4.451115254166667,1013.2333333333332,0.0,92.91666666666667
2014-07-29,35.356615,-119.062613,12.5,0.062,57.0,Bakersfield-California,31.629333333333335,34.304340208333336,4.874616091666667,1014.4458333333333,0.0,59.666666666666664
2014-07-30,35.356615,-119.062613,19.2,0.06,70.0,Bakersfield-California,32.80641666666667,33.488158416666664,6.055788158333333,1012.4541666666668,0.0,64.83333333333333
2014-07-31,35.356615,-119.062613,18.8,0.045,69.0,Bakersfield-California,32.54183333333334,31.400484291666668,5.233600225,1011.0583333333334,0.0,37.625
2014-08-01,35.356615,-119.062613,12.7,0.072,58.0,Bakersfield-California,34.0585,21.71613264583333,4.482091175,1009.1208333333334,0.0,6.291666666666667
2014-08-02,35.356615,-119.062613,10.5,0.058,54.0,Bakersfield-California,34.121,17.393287395833333,4.840230058333334,1008.7208333333333,0.0,45.083333333333336
2014-08-03,35.356615,-119.062613,7.5,0.049,42.0,Bakersfield-California,30.791833333333333,26.297180041666667,7.5571796625,1011.0124999999999,0.0,98.0
2014-08-04,35.356615,-119.062613,12.3,0.059,57.0,Bakersfield-California,28.646,35.13810016666667,6.767992470833334,1011.6208333333334,0.004166666666666667,48.958333333333336
2014-08-05,35.356615,-119.062613,12.6,0.067,58.0,Bakersfield-California,28.983500000000003,24.085061874999997,3.8745305833333332,1012.6916666666666,0.0,0.0
2014-08-06,35.356615,-119.062613,22.7,0.064,76.0,Bakersfield-California,29.235583333333334,31.363210541666664,4.256010645833333,1013.5749999999999,0.0,2.0416666666666665
2014-08-07,35.356615,-119.062613,20.1,0.074,71.0,Bakersfield-California,28.90433333333333,34.174980291666664,3.9119424000000005,1011.8166666666666,0.0,10.083333333333334
2014-08-08,35.356615,-119.062613,18.0,0.081,68.0,Bakersfield-California,30.871,32.96950458333333,4.344707387500001,1009.6125000000001,0.0,2.125
2014-08-09,35.356615,-119.062613,12.2,0.074,57.0,Bakersfield-California,32.07725,24.98666904166667,4.532038779166666,1009.6374999999999,0.0,0.5416666666666666
2014-08-10,35.356615,-119.062613,12.5,0.063,57.0,Bakersfield-California,30.827250000000003,23.125700416666664,6.696842691666667,1010.6875,0.0,0.0
2014-08-11,35.356615,-119.062613,10.2,0.069,53.0,Bakersfield-California,31.68766666666667,22.060882083333336,6.206586058333333,1010.3708333333334,0.0,6.166666666666667
2014-08-12,35.356615,-119.062613,11.3,0.066,55.0,Bakersfield-California,31.362666666666666,28.759841499999997,7.929852574999999,1010.1833333333334,0.0,18.583333333333332
2014-08-13,35.356615,-119.062613,7.9,0.058,44.0,Bakersfield-California,30.648083333333332,28.000692666666666,7.283222366666666,1010.2041666666668,0.0,6.708333333333333
2014-08-14,35.356615,-119.062613,8.7,0.056,48.0,Bakersfield-California,29.546000000000003,27.535231666666665,5.6464326125,1010.6291666666666,0.0,11.625
2014-08-15,35.356615,-119.062613,6.7,0.066,37.0,Bakersfield-California,29.885583333333333,23.141420508333336,4.919146991666667,1011.4416666666666,0.0,0.0
2014-08-16,35.356615,-119.062613,6.1,0.067,34.0,Bakersfield-California,30.256416666666667,17.3331255,3.9784930133333334,1012.8375,0.0,0.0
2014-08-17,35.356615,-119.062613,4.5,0.064,25.0,Bakersfield-California,30.521,18.632693020833333,4.726297195833333,1012.3249999999999,0.0,0.0
2014-08-18,35.356615,-119.062613,8.7,0.066,48.0,Bakersfield-California,30.56475,21.366329395833333,4.2393884825,1009.0625,0.0,0.4583333333333333
2014-08-19,35.356615,-119.062613,14.2,0.053,61.0,Bakersfield-California,28.90641666666667,21.221977541666664,6.377460729166667,1007.125,0.0,11.666666666666666
2014-08-20,35.356615,-119.062613,9.5,0.059,52.0,Bakersfield-California,26.616833333333332,29.17519270833333,6.355504895833334,1008.9625,0.0,1.1666666666666667
2014-08-21,35.356615,-119.062613,10.7,0.063,54.0,Bakersfield-California,28.516833333333334,26.818527833333334,6.120503037500001,1010.4166666666666,0.0,0.0
2014-08-22,35.356615,-119.062613,14.7,0.056,61.0,Bakersfield-California,29.43766666666667,24.998563,4.4338411875,1010.8041666666667,0.0,0.0
2014-08-23,35.356615,-119.062613,4.7,0.038,26.0,Bakersfield-California,28.566833333333335,28.926838958333335,5.814050879166667,1010.225,0.0,0.0
2014-08-24,35.356615,-119.062613,4.6,0.058,26.0,Bakersfield-California,27.543916666666664,27.546468291666667,5.8568367750000006,1008.5083333333333,0.0,0.08333333333333333
2014-08-25,35.356615,-119.062613,9.5,0.06,52.0,Bakersfield-California,27.135583333333333,30.02957625,7.2153318,1007.9583333333334,0.0,0.0
2014-08-26,35.356615,-119.062613,15.7,0.069,63.0,Bakersfield-California,25.98975,28.357779625000003,6.653480191666667,1011.3375,0.0,1.2083333333333333
2014-08-27,35.356615,-119.062613,11.3,0.065,55.0,Bakersfield-California,27.662666666666667,22.05540752083333,4.794712257083334,1013.9791666666666,0.0,0.0
2014-08-28,35.356615,-119.062613,74.7,0.06,164.0,Bakersfield-California,29.36475,24.378565416666664,4.537689991666666,1014.2041666666668,0.0,0.0
2014-08-29,35.356615,-119.062613,11.2,0.08,55.0,Bakersfield-California,29.931416666666667,23.837078375,5.557022816666667,1010.5541666666667,0.0,6.166666666666667
2014-08-30,35.356615,-119.062613,8.3,0.06,46.0,Bakersfield-California,29.31266666666667,26.4783219375,4.9222067375,1009.7541666666666,0.0,27.5
2014-08-31,35.356615,-119.062613,7.5,0.054,42.0,Bakersfield-California,28.596,23.631799291666667,4.391573153333334,1009.5583333333334,0.0,33.666666666666664
2014-09-01,35.356615,-119.062613,13.7,0.069,60.0,Bakersfield-California,28.037666666666667,23.683246708333332,4.943336425,1008.0875,0.0,14.666666666666666
2014-09-02,35.356615,-119.062613,11.8,0.075,56.0,Bakersfield-California,29.508499999999998,25.293841791666665,4.910880695833334,1006.6208333333334,0.0,1.1666666666666667
2014-09-03,35.356615,-119.062613,11.8,0.075,56.0,Bakersfield-California,29.508499999999998,25.293841791666665,4.910880695833334,1006.6208333333334,0.0,1.1666666666666667
2014-09-04,35.356615,-119.062613,11.8,0.075,56.0,Bakersfield-California,29.508499999999998,25.293841791666665,4.910880695833334,1006.6208333333334,0.0,1.1666666666666667
2014-09-05,35.356615,-119.062613,12.1,0.077,57.0,Bakersfield-California,28.741833333333332,25.395648604166666,5.7009507033333335,1006.6666666666666,0.0,0.0
2014-09-06,35.356615,-119.062613,14.0,0.077,60.0,Bakersfield-California,29.481416666666664,22.5929735,7.121151683333333,1009.275,0.0,0.0
2014-09-07,35.356615,-119.062613,11.2,0.071,55.0,Bakersfield-California,30.868916666666667,20.496388541666665,4.916325308333334,1008.1083333333332,0.0,6.875
2014-09-08,35.356615,-119.062613,13.2,0.064,59.0,Bakersfield-California,29.635583333333333,19.72683525,6.4371424875,1007.3375,0.0,43.083333333333336
2014-09-09,35.356615,-119.062613,13.2,0.064,59.0,Bakersfield-California,29.635583333333333,19.72683525,6.4371424875,1007.3375,0.0,43.083333333333336
2014-09-10,35.356615,-119.062613,13.2,0.064,59.0,Bakersfield-California,29.635583333333333,19.72683525,6.4371424875,1007.3375,0.0,43.083333333333336
2014-09-11,35.356615,-119.062613,17.1,0.092,66.0,Bakersfield-California,28.777249916666666,18.46585325,5.3147731362499995,1009.4375,0.0,0.0
2014-09-12,35.356615,-119.062613,23.6,0.086,78.0,Bakersfield-California,30.37516666666667,17.920238333333334,4.3015130033333335,1008.5625,0.0,0.0
2014-09-13,35.356615,-119.062613,15.0,0.082,62.0,Bakersfield-California,30.7085,19.60126425,5.1707410000000005,1007.0583333333334,0.0,6.791666666666667
2014-09-14,35.356615,-119.062613,19.5,0.07,70.0,Bakersfield-California,30.61475,22.745975791666666,5.020646670833334,1006.6416666666668,0.0,30.291666666666668
2014-09-15,35.356615,-119.062613,18.9,0.082,69.0,Bakersfield-California,31.21891666666667,23.498282208333332,3.9250197,1007.6958333333333,0.0,4.916666666666667
2014-09-16,35.356615,-119.062613,9.6,0.065,52.0,Bakersfield-California,30.4585,27.02473129166667,3.8281388166666663,1009.5,0.0,15.083333333333334
2014-09-17,35.356615,-119.062613,14.9,0.073,62.0,Bakersfield-California,29.135583333333333,31.721640458333336,4.502877570833333,1007.1999999999999,0.0,19.666666666666668
2014-09-18,35.356615,-119.062613,8.9,0.036,49.0,Bakersfield-California,26.987666666666666,36.825536791666664,5.04487005,1007.9916666666667,0.0,0.8333333333333334
2014-09-19,35.356615,-119.062613,14.9,0.053,62.0,Bakersfield-California,25.008499999999998,46.59203391666667,3.3647332999999997,1009.6916666666666,0.0,5.833333333333333
2014-09-20,35.356615,-119.062613,16.7,0.065,65.0,Bakersfield-California,26.021,44.07566558333334,6.8674980916666675,1009.7875,0.0,5.791666666666667
2014-09-21,35.356615,-119.062613,10.1,0.058,53.0,Bakersfield-California,26.46891666666667,39.859552083333334,5.150862879166667,1011.3625000000001,0.0,1.7916666666666667
2014-09-22,35.356615,-119.062613,10.1,0.064,53.0,Bakersfield-California,26.195999999999998,43.64539691666667,5.660623745833334,1013.1166666666667,0.0,0.0
2014-09-23,35.356615,-119.062613,16.5,0.08,65.0,Bakersfield-California,26.758499999999998,40.190885791666666,5.2483594875,1012.2041666666668,0.0,0.0
2014-09-24,35.356615,-119.062613,16.5,0.08,65.0,Bakersfield-California,26.758499999999998,40.190885791666666,5.2483594875,1012.2041666666668,0.0,0.0
2014-09-25,35.356615,-119.062613,7.6,0.049,42.0,Bakersfield-California,26.227249999999998,28.71185570833333,7.534827445833333,1010.9,0.0,1.7916666666666667
2014-09-26,35.356615,-119.062613,6.3,0.049,35.0,Bakersfield-California,22.06058333333333,50.926572875,8.413726875,1012.7541666666666,0.0,8.458333333333334
2014-09-27,35.356615,-119.062613,4.6,0.047,26.0,Bakersfield-California,19.931416666666667,45.879827541666664,4.265166485,1011.8874999999999,0.0,34.791666666666664
2014-09-28,35.356615,-119.062613,6.6,0.051,37.0,Bakersfield-California,19.0835,40.61607183333333,5.266458370833333,1010.8416666666667,0.0,4.208333333333333
2014-09-29,35.356615,-119.062613,12.7,0.057,58.0,Bakersfield-California,20.762666666666664,41.33192770833333,5.242339282500001,1013.4416666666666,0.0,14.916666666666666
2014-09-30,35.356615,-119.062613,8.6,0.068,48.0,Bakersfield-California,20.743916666666667,43.641903041666666,4.6436960874999995,1012.7125,0.0,0.08333333333333333
2014-10-01,35.356615,-119.062613,11.7,0.064,56.0,Bakersfield-California,22.150166666666667,40.673025625,6.043447983333333,1009.5458333333332,0.0,5.708333333333333
2014-10-02,35.356615,-119.062613,11.8,0.066,56.0,Bakersfield-California,23.650166666666667,32.72792366666667,4.501807095,1013.4208333333332,0.0,0.0
2014-10-03,35.356615,-119.062613,12.3,0.073,57.0,Bakersfield-California,24.70433325,20.950733270833332,5.834315708333333,1015.9166666666666,0.0,1.5833333333333333
2014-10-04,35.356615,-119.062613,13.7,0.073,60.0,Bakersfield-California,25.398083333333332,20.519517458333333,5.065288516666667,1015.2291666666666,0.0,79.83333333333333
2014-10-05,35.356615,-119.062613,13.6,0.083,59.0,Bakersfield-California,25.508499999999998,23.39713820833333,5.277839570833334,1012.375,0.0,9.541666666666666
2014-10-06,35.356615,-119.062613,13.5,0.08,59.0,Bakersfield-California,26.414749999999998,20.454673083333333,5.089515316666667,1011.1083333333332,0.0,0.08333333333333333
2014-10-07,35.356615,-119.062613,17.1,0.086,66.0,Bakersfield-California,26.648083333333332,22.491826458333335,5.438566708333333,1010.0708333333333,0.0,0.0
2014-10-08,35.356615,-119.062613,15.2,0.071,62.0,Bakersfield-California,25.566833333333335,24.346811208333335,5.050903379166667,1009.8916666666668,0.0,22.166666666666668
2014-10-09,35.356615,-119.062613,10.5,0.051,54.0,Bakersfield-California,24.200166666666664,26.408853833333335,6.088265987500001,1011.1166666666667,0.0,0.041666666666666664
2014-10-10,35.356615,-119.062613,9.7,0.039,52.0,Bakersfield-California,22.673083333333334,25.844884125000004,5.4178748125,1013.6458333333334,0.0,17.833333333333332
2014-10-11,35.356615,-119.062613,11.5,0.061,55.0,Bakersfield-California,21.975166666666667,30.662679999999998,5.353986808333333,1014.4291666666667,0.0,17.958333333333332
2014-10-12,35.356615,-119.062613,14.0,0.068,60.0,Bakersfield-California,22.598083333333335,34.68436679166667,5.943051670833333,1013.0875,0.0,7.208333333333333
2014-10-13,35.356615,-119.062613,15.5,0.081,63.0,Bakersfield-California,23.67725,28.918056083333337,6.165770408333334,1013.1374999999999,0.0,0.0
2014-10-14,35.356615,-119.062613,41.9,0.056,117.0,Bakersfield-California,23.983500000000003,17.263605000000002,7.2963451625,1011.0875,0.0,11.916666666666666
2014-10-15,35.356615,-119.062613,19.2,0.04,70.0,Bakersfield-California,20.918916666666664,55.564145875,6.6485112125,1012.5041666666666,0.016666666666666666,83.875
2014-10-16,35.356615,-119.062613,11.3,0.052,55.0,Bakersfield-California,18.823083333333333,58.903067875,4.386007224166667,1015.0833333333334,0.0,24.041666666666668
2014-10-17,35.356615,-119.062613,7.2,0.05,40.0,Bakersfield-California,18.960583333333336,51.25821620833333,5.19339995,1013.1291666666666,0.0,55.666666666666664
2014-10-18,35.356615,-119.062613,10.7,0.055,54.0,Bakersfield-California,19.43766666666667,45.60228025,4.274660325,1013.7041666666668,0.0,38.583333333333336
2014-10-19,35.356615,-119.062613,11.0,0.07,55.0,Bakersfield-California,19.9335,41.499291666666664,4.767665404166666,1011.5124999999999,0.0,0.0
2014-10-20,35.356615,-119.062613,11.4,0.058,55.0,Bakersfield-California,20.591833333333334,41.264917583333336,4.3821590075,1011.3208333333333,0.0,4.208333333333333
2014-10-21,35.356615,-119.062613,8.0,0.046,44.0,Bakersfield-California,18.148083333333332,58.476303041666675,6.092841687499999,1015.3166666666666,0.020833333333333332,59.375
2014-10-22,35.356615,-119.062613,8.4,0.052,47.0,Bakersfield-California,17.1585,51.14963854166667,5.627097608333333,1015.9916666666667,0.0,41.291666666666664
2014-10-23,35.356615,-119.062613,13.9,0.065,60.0,Bakersfield-California,19.31266666666667,35.84422166666666,5.526385729166666,1015.7541666666666,0.0,37.083333333333336
2014-10-24,35.356615,-119.062613,20.1,0.081,71.0,Bakersfield-California,20.121,35.760025041666665,4.9314244291666665,1013.6791666666667,0.0,0.0
2014-10-25,35.356615,-119.062613,13.5,0.047,59.0,Bakersfield-California,20.50225,38.60418608333333,6.544230458333334,1014.025,0.0,16.958333333333332
2014-10-26,35.356615,-119.062613,3.0,0.042,17.0,Bakersfield-California,17.8335,59.77161425,6.5120220374999995,1018.1416666666668,0.0,64.95833333333333
2014-10-27,35.356615,-119.062613,7.0,0.042,39.0,Bakersfield-California,15.271,56.25507904166667,6.317441966666667,1016.2166666666667,0.0,19.708333333333332
2014-10-28,35.356615,-119.062613,11.0,0.05,55.0,Bakersfield-California,16.6335,41.284385416666666,5.7998861375,1016.8958333333334,0.0,0.0
2014-10-29,35.356615,-119.062613,17.0,0.062,66.0,Bakersfield-California,18.466833291666667,35.68679125,4.7761136625,1017.9458333333333,0.0,0.0
2014-10-30,35.356615,-119.062613,20.4,0.06,72.0,Bakersfield-California,20.07725,28.507416979166667,4.070228204166667,1013.9958333333334,0.0,57.041666666666664
2014-10-31,35.356615,-119.062613,20.4,0.06,72.0,Bakersfield-California,20.07725,28.507416979166667,4.070228204166667,1013.9958333333334,0.0,57.041666666666664
2014-11-01,35.356615,-119.062613,6.1,0.038,34.0,Bakersfield-California,15.654333333333334,68.67660895833333,5.0732495375,1009.9666666666667,0.24166666666666667,39.291666666666664
2014-11-02,35.356615,-119.062613,13.4,0.037,59.0,Bakersfield-California,12.014749958333333,73.92478145833333,5.281902183333333,1017.9833333333332,0.04583333333333334,51.75
2014-11-03,35.356615,-119.062613,18.5,0.039,69.0,Bakersfield-California,12.054333308333334,66.58191170833334,5.373160279166666,1021.9708333333333,0.0,35.708333333333336
2014-11-04,35.356615,-119.062613,38.8,0.038,109.0,Bakersfield-California,13.246,61.974195083333335,5.0939183041666665,1024.0208333333333,0.0,8.291666666666666
2014-11-05,35.356615,-119.062613,58.6,0.044,153.0,Bakersfield-California,14.566833333333333,61.27675420833333,5.636990958333333,1022.3333333333334,0.0,2.1666666666666665
2014-11-06,35.356615,-119.062613,68.9,0.055,160.0,Bakersfield-California,17.248083333333334,55.52744820833333,4.66918206125,1020.6166666666667,0.0,2.75
2014-11-07,35.356615,-119.062613,93.0,0.057,177.0,Bakersfield-California,19.452249958333333,47.136093375,4.436495120833333,1020.6750000000001,0.0,1.8333333333333333
2014-11-08,35.356615,-119.062613,87.2,0.069,173.0,Bakersfield-California,17.32725,57.50476704166667,4.571499841666667,1018.4916666666667,0.0,5.458333333333333
2014-11-09,35.356615,-119.062613,101.9,0.075,184.0,Bakersfield-California,18.02725,56.09687258333333,4.932681329166667,1014.4958333333334,0.0,37.166666666666664
2014-11-10,35.356615,-119.062613,90.0,0.073,175.0,Bakersfield-California,18.06475,53.053417375,4.569332819583333,1009.2583333333333,0.0,0.0
2014-11-11,35.356615,-119.062613,30.1,0.04,90.0,Bakersfield-California,16.300166666666666,63.87521020833333,5.120896675,1010.3666666666667,0.0,26.875
2014-11-12,35.356615,-119.062613,20.2,0.037,72.0,Bakersfield-California,15.516833333333333,65.14046483333333,4.1466839025,1014.2958333333332,0.0,68.54166666666667
2014-11-13,35.356615,-119.062613,20.2,0.037,72.0,Bakersfield-California,15.516833333333333,65.14046483333333,4.1466839025,1014.2958333333332,0.0,68.54166666666667
2014-11-14,35.356615,-119.062613,26.0,0.031,82.0,Bakersfield-California,15.633499958333333,72.09589420833333,4.9402886,1017.2708333333334,0.07916666666666668,92.5
2014-11-15,35.356615,-119.062613,13.4,0.035,59.0,Bakersfield-California,14.471000000000002,68.11331254166667,4.582732179166666,1018.7666666666668,0.008333333333333333,84.08333333333333
2014-11-16,35.356615,-119.062613,9.6,0.037,52.0,Bakersfield-California,14.546,57.807784,5.950316683333334,1021.2458333333334,0.0,58.875
2014-11-17,35.356615,-119.062613,16.7,0.027,65.0,Bakersfield-California,13.056416654166668,32.575032604166665,4.424681783333333,1022.3791666666666,0.0,53.75
2014-11-18,35.356615,-119.062613,20.5,0.014,72.0,Bakersfield-California,13.760583320833334,26.81097025,6.831721541666667,1020.1166666666667,0.0,74.125
2014-11-19,35.356615,-119.062613,23.2,0.024,77.0,Bakersfield-California,14.6584999875,23.03193275,6.769322529166668,1018.4541666666668,0.012500000000000002,76.75
2014-11-20,35.356615,-119.062613,14.0,0.03,60.0,Bakersfield-California,14.762666625,35.57764195833334,5.9969221625,1018.6041666666666,0.0,35.208333333333336
2014-11-21,35.356615,-119.062613,14.7,0.025,61.0,Bakersfield-California,13.125166666666667,76.15713766666667,5.2997986500000005,1017.2333333333332,0.27499999999999997,89.04166666666667
2014-11-22,35.356615,-119.062613,13.9,0.034,60.0,Bakersfield-California,12.541833333333335,75.28500354166667,3.6359098208333336,1020.8291666666668,0.05000000000000001,84.125
2014-11-23,35.356615,-119.062613,11.5,0.032,55.0,Bakersfield-California,13.693916666666667,73.544245,6.982587916666667,1022.35,0.2625,83.0
2014-11-24,35.356615,-119.062613,19.7,0.028,71.0,Bakersfield-California,12.510583333333335,59.78865558333334,5.978686733333333,1026.1416666666667,0.0,48.791666666666664
2014-11-25,35.356615,-119.062613,19.7,0.028,71.0,Bakersfield-California,12.510583333333335,59.78865558333334,5.978686733333333,1026.1416666666667,0.0,48.791666666666664
2014-11-26,35.356615,-119.062613,19.7,0.028,71.0,Bakersfield-California,12.510583333333335,59.78865558333334,5.978686733333333,1026.1416666666667,0.0,48.791666666666664
2014-11-27,35.356615,-119.062613,53.5,0.042,145.0,Bakersfield-California,13.998083333333334,48.18012445833333,5.2592396416666665,1021.0333333333333,0.0,27.541666666666668
2014-11-28,35.356615,-119.062613,42.6,0.05,118.0,Bakersfield-California,15.1335,42.491188208333334,5.261592433333333,1016.0333333333333,0.0,0.0
2014-11-29,35.356615,-119.062613,27.7,0.036,86.0,Bakersfield-California,14.648083333333332,36.41647979166667,7.5438116625000005,1010.6750000000001,0.0,7.333333333333333
2014-11-30,35.356615,-119.062613,14.0,0.036,60.0,Bakersfield-California,14.168916666666666,44.48478266666667,7.164403175,1009.7791666666667,0.0,75.625
2014-12-01,35.356615,-119.062613,11.8,0.022,56.0,Bakersfield-California,14.629333333333333,63.16242795833333,4.996787404166667,1018.0791666666668,0.0,69.70833333333333
2014-12-02,35.356615,-119.062613,11.8,0.022,56.0,Bakersfield-California,14.629333333333333,63.16242795833333,4.996787404166667,1018.0791666666668,0.0,69.70833333333333
2014-12-03,35.356615,-119.062613,3.4,0.027,19.0,Bakersfield-California,15.127249999999998,65.43228204166667,11.0768726,1011.4958333333334,0.0,68.70833333333333
2014-12-04,35.356615,-119.062613,3.4,0.027,19.0,Bakersfield-California,15.127249999999998,65.43228204166667,11.0768726,1011.4958333333334,0.0,68.70833333333333
2014-12-05,35.356615,-119.062613,3.4,0.027,19.0,Bakersfield-California,15.127249999999998,65.43228204166667,11.0768726,1011.4958333333334,0.0,68.70833333333333
2014-12-06,35.356615,-119.062613,3.4,0.027,19.0,Bakersfield-California,15.127249999999998,65.43228204166667,11.0768726,1011.4958333333334,0.0,68.70833333333333
2014-12-07,35.356615,-119.062613,3.4,0.027,19.0,Bakersfield-California,15.127249999999998,65.43228204166667,11.0768726,1011.4958333333334,0.0,68.70833333333333
2014-12-08,35.356615,-119.062613,3.4,0.027,19.0,Bakersfield-California,15.127249999999998,65.43228204166667,11.0768726,1011.4958333333334,0.0,68.70833333333333
2014-12-09,35.356615,-119.062613,3.4,0.027,19.0,Bakersfield-California,15.127249999999998,65.43228204166667,11.0768726,1011.4958333333334,0.0,68.70833333333333
2014-12-10,35.356615,-119.062613,3.4,0.027,19.0,Bakersfield-California,15.127249999999998,65.43228204166667,11.0768726,1011.4958333333334,0.0,68.70833333333333
2014-12-11,35.356615,-119.062613,3.4,0.027,19.0,Bakersfield-California,15.127249999999998,65.43228204166667,11.0768726,1011.4958333333334,0.0,68.70833333333333
2014-12-12,35.356615,-119.062613,6.4,0.028,36.0,Bakersfield-California,14.898083333333332,67.190307125,13.933140204166667,1007.9250000000001,0.9291666666666667,67.75
2014-12-13,35.356615,-119.062613,13.2,0.034,59.0,Bakersfield-California,9.904333345833335,83.52677904166667,5.402440279166666,1020.0208333333334,0.17083333333333336,75.70833333333333
2014-12-14,35.356615,-119.062613,25.0,0.02,81.0,Bakersfield-California,9.379333333333333,75.63794570833333,4.269143854166667,1020.9541666666668,0.0,83.54166666666667
2014-12-15,35.356615,-119.062613,11.7,0.019,56.0,Bakersfield-California,9.766833308333334,67.03430633333333,8.196532441666667,1016.1083333333332,0.0,82.04166666666667
2014-12-16,35.356615,-119.062613,19.0,0.017,69.0,Bakersfield-California,10.908500000000002,68.21902916666666,7.592278833333334,1014.8708333333334,0.041666666666666664,93.41666666666667
2014-12-17,35.356615,-119.062613,9.2,0.03,51.0,Bakersfield-California,10.491833333333334,78.49317666666667,6.0466662,1016.0375,0.08750000000000001,88.91666666666667
2014-12-18,35.356615,-119.062613,8.0,0.031,44.0,Bakersfield-California,9.662666616666668,75.84912408333334,5.931904516666666,1020.8541666666666,0.008333333333333333,65.375
2014-12-19,35.356615,-119.062613,15.4,0.019,63.0,Bakersfield-California,10.4022499875,72.53437325,4.579867577916667,1022.4875000000001,0.0,66.25
2014-12-20,35.356615,-119.062613,8.9,0.019,49.0,Bakersfield-California,10.956416641666666,73.02566754166666,5.0448290625,1022.1291666666666,0.0,87.5
2014-12-21,35.356615,-119.062613,10.1,0.027,53.0,Bakersfield-California,11.604333333333335,77.12749145833332,3.5764717354166664,1024.7,0.008333333333333333,94.29166666666667
2014-12-22,35.356615,-119.062613,8.3,0.021,46.0,Bakersfield-California,12.668916666666666,84.86356095833334,5.226803520833333,1023.8541666666666,0.32916666666666666,97.66666666666667
2014-12-23,35.356615,-119.062613,17.5,0.018,67.0,Bakersfield-California,11.210583333333332,90.35146045833334,6.5562752458333335,1021.75,0.09166666666666667,74.875
2014-12-24,35.356615,-119.062613,21.5,0.031,74.0,Bakersfield-California,12.01475,78.14215558333333,5.6289329624999995,1018.6041666666666,0.0,38.125
2014-12-25,35.356615,-119.062613,9.6,0.032,52.0,Bakersfield-California,10.248083333333334,70.927201375,8.26159065,1014.2583333333333,0.2041666666666667,47.916666666666664
2014-12-26,35.356615,-119.062613,12.8,0.027,58.0,Bakersfield-California,6.933499975,60.86346270833334,6.186591404166666,1018.85,0.0,17.208333333333332
2014-12-27,35.356615,-119.062613,17.0,0.026,66.0,Bakersfield-California,6.31891666875,62.87652325,4.522952395833333,1025.4041666666667,0.0,15.083333333333334
2014-12-28,35.356615,-119.062613,22.4,0.025,76.0,Bakersfield-California,6.7814166,61.982584374999995,4.194185816666667,1026.5208333333333,0.0,54.958333333333336
2014-12-29,35.356615,-119.062613,26.0,0.029,82.0,Bakersfield-California,6.770999975,61.909556083333335,3.5071400333333336,1023.4541666666668,0.0,10.458333333333334
2014-12-30,35.356615,-119.062613,24.1,0.015,79.0,Bakersfield-California,6.162666616666667,68.52542345833334,5.416476833333333,1018.2958333333332,0.0625,50.666666666666664
2014-12-31,35.356615,-119.062613,24.1,0.015,79.0,Bakersfield-California,6.162666616666667,68.52542345833334,5.416476833333333,1018.2958333333332,0.0625,50.666666666666664
2015-01-01,35.356615,-119.062613,34.5,0.025,98.0,Bakersfield-California,3.781416666666667,50.46066375,4.696358395833333,1020.1374999999999,0.0,12.291666666666666
2015-01-02,35.356615,-119.062613,24.8,0.024,80.0,Bakersfield-California,4.4334999825,53.30061820833333,4.4553003208333335,1021.1625,0.0,0.0
2015-01-03,35.356615,-119.062613,29.7,0.026,89.0,Bakersfield-California,5.931416645416667,50.84621579166667,4.504409466666667,1022.5083333333333,0.0,0.0
2015-01-04,35.356615,-119.062613,39.4,0.025,111.0,Bakersfield-California,6.56474998125,60.136930375,4.178983008333334,1027.0874999999999,0.0,20.833333333333332
2015-01-05,35.356615,-119.062613,53.8,0.025,146.0,Bakersfield-California,8.3376666375,58.964671708333334,5.6045463333333325,1027.9708333333333,0.0,22.208333333333332
2015-01-06,35.356615,-119.062613,67.1,0.019,159.0,Bakersfield-California,10.489749983333335,58.72634045833333,6.2432714166666665,1023.9791666666666,0.0,0.0
2015-01-07,35.356615,-119.062613,84.3,0.03,171.0,Bakersfield-California,12.429333279166668,56.10101566666666,6.267933083333333,1021.7875,0.0,17.583333333333332
2015-01-08,35.356615,-119.062613,87.7,0.042,174.0,Bakersfield-California,13.435583320833333,57.18453670833333,4.6043712625,1018.2916666666666,0.0,61.583333333333336
2015-01-09,35.356615,-119.062613,87.7,0.042,174.0,Bakersfield-California,13.435583320833333,57.18453670833333,4.6043712625,1018.2916666666666,0.0,61.583333333333336
2015-01-10,35.356615,-119.062613,87.7,0.042,174.0,Bakersfield-California,13.435583320833333,57.18453670833333,4.6043712625,1018.2916666666666,0.0,61.583333333333336
2015-01-11,35.356615,-119.062613,87.7,0.042,174.0,Bakersfield-California,13.435583320833333,57.18453670833333,4.6043712625,1018.2916666666666,0.0,61.583333333333336
2015-01-12,35.356615,-119.062613,87.7,0.042,174.0,Bakersfield-California,13.435583320833333,57.18453670833333,4.6043712625,1018.2916666666666,0.0,61.583333333333336
2015-01-13,35.356615,-119.062613,87.7,0.042,174.0,Bakersfield-California,13.435583320833333,57.18453670833333,4.6043712625,1018.2916666666666,0.0,61.583333333333336
2015-01-14,35.356615,-119.062613,87.7,0.042,174.0,Bakersfield-California,13.435583320833333,57.18453670833333,4.6043712625,1018.2916666666666,0.0,61.583333333333336
2015-01-15,35.356615,-119.062613,32.3,0.016,94.0,Bakersfield-California,10.427249966666666,67.5549195,3.5476000874999998,1024.8208333333334,0.0,18.5
2015-01-16,35.356615,-119.062613,38.5,0.017,108.0,Bakersfield-California,10.320999991666667,62.069707625,5.202705212500001,1024.425,0.0,55.291666666666664
2015-01-17,35.356615,-119.062613,34.5,0.015,98.0,Bakersfield-California,12.23975,55.000691625,4.732949025,1023.9666666666667,0.0,3.3333333333333335
2015-01-18,35.356615,-119.062613,53.3,0.015,145.0,Bakersfield-California,13.408499999999998,55.981165250000004,4.728129208333333,1024.2541666666666,0.0,77.04166666666667
2015-01-19,35.356615,-119.062613,21.1,0.012,73.0,Bakersfield-California,12.960583333333334,61.434589249999995,5.336457495833334,1024.3,0.0,46.541666666666664
2015-01-20,35.356615,-119.062613,5.8,0.009,32.0,Bakersfield-California,10.193916629166667,77.754418375,5.7605057833333335,1020.6,0.0,84.25
2015-01-21,35.356615,-119.062613,11.4,0.013,55.0,Bakersfield-California,9.198083283333334,76.72077504166667,6.439458416666667,1019.125,0.0,26.458333333333332
2015-01-22,35.356615,-119.062613,25.1,0.014,81.0,Bakersfield-California,9.412666641666666,69.40034604166667,4.3991939166666665,1022.6750000000001,0.0,46.375
2015-01-23,35.356615,-119.062613,34.7,0.011,99.0,Bakersfield-California,10.356416616666666,61.79886233333334,5.259651866666666,1025.9666666666667,0.0,5.708333333333333
2015-01-24,35.356615,-119.062613,29.1,0.009,88.0,Bakersfield-California,10.7751666625,60.482225,6.088892479166667,1023.3958333333334,0.0,3.9166666666666665
2015-01-25,35.356615,-119.062613,28.6,0.015,87.0,Bakersfield-California,11.610583308333334,55.946961625,5.950797729166666,1020.0208333333334,0.0,0.0
2015-01-26,35.356615,-119.062613,32.2,0.003,94.0,Bakersfield-California,12.727249962500002,53.947432291666665,4.999443125,1016.8958333333334,0.0,69.95833333333333
2015-01-27,35.356615,-119.062613,15.0,0.032,62.0,Bakersfield-California,13.623083333333334,70.36030408333333,5.096760894583333,1019.9166666666666,0.12916666666666668,69.0
2015-01-28,35.356615,-119.062613,24.5,0.021,80.0,Bakersfield-California,13.421,69.19412258333334,5.741272454166666,1023.0291666666667,0.0,76.83333333333333
2015-01-29,35.356615,-119.062613,41.5,0.025,116.0,Bakersfield-California,13.1085,74.235249375,6.044570675,1020.4041666666667,0.0,98.04166666666667
2015-01-30,35.356615,-119.062613,37.0,0.028,105.0,Bakersfield-California,14.396,66.99792870833333,4.162461545833334,1016.0500000000001,0.0,91.95833333333333
2015-01-31,35.356615,-119.062613,38.7,0.034,109.0,Bakersfield-California,12.358499958333333,69.83952508333333,5.238607891666667,1013.1875,0.0,32.208333333333336
2015-02-01,35.356615,-119.062613,25.8,0.032,82.0,Bakersfield-California,12.854333320833334,64.998322375,4.956214195833334,1018.4916666666667,0.0,17.25
2015-02-02,35.356615,-119.062613,29.9,0.032,90.0,Bakersfield-California,14.746,51.8731115,3.929534729166667,1020.225,0.0,85.75
2015-02-03,35.356615,-119.062613,41.0,0.034,115.0,Bakersfield-California,15.266833333333333,47.497777791666664,4.250400444583334,1019.25,0.0,64.0
2015-02-04,35.356615,-119.062613,41.0,0.034,115.0,Bakersfield-California,15.266833333333333,47.497777791666664,4.250400444583334,1019.25,0.0,64.0
2015-02-05,35.356615,-119.062613,11.4,0.021,55.0,Bakersfield-California,17.512666666666664,33.66231766666667,8.027018541666667,1015.7791666666667,0.0,63.75
2015-02-06,35.356615,-119.062613,9.7,0.034,52.0,Bakersfield-California,18.4585,32.75163504166667,7.364343845833333,1014.5458333333332,0.0,67.83333333333333
2015-02-07,35.356615,-119.062613,10.6,0.014,54.0,Bakersfield-California,16.80225,45.945777916666664,5.948293654166666,1017.7666666666668,0.225,62.666666666666664
2015-02-08,35.356615,-119.062613,11.5,0.027,55.0,Bakersfield-California,14.518916666666668,78.87696516666666,6.632350545833333,1018.85,0.016666666666666666,17.625
2015-02-09,35.356615,-119.062613,7.3,0.038,41.0,Bakersfield-California,16.80225,70.38178320833333,6.4423529083333335,1020.3083333333334,0.016666666666666666,32.791666666666664
2015-02-10,35.356615,-119.062613,11.2,0.038,55.0,Bakersfield-California,13.843916666666667,70.621244875,6.877183620833333,1021.2583333333333,0.0,83.875
2015-02-11,35.356615,-119.062613,27.8,0.026,86.0,Bakersfield-California,12.773083320833335,67.41121608333333,6.814744587500001,1019.4416666666666,0.0,20.5
2015-02-12,35.356615,-119.062613,31.1,0.041,92.0,Bakersfield-California,14.63975,61.532119,5.3033845,1021.1416666666668,0.0,57.708333333333336
2015-02-13,35.356615,-119.062613,38.7,0.05,109.0,Bakersfield-California,15.923083333333333,56.47650470833333,4.8146114,1019.7624999999999,0.0,0.2916666666666667
2015-02-14,35.356615,-119.062613,38.9,0.056,109.0,Bakersfield-California,16.585583333333332,53.62897720833333,5.106696975,1018.0708333333333,0.0,18.875
2015-02-15,35.356615,-119.062613,34.9,0.064,99.0,Bakersfield-California,17.173083333333334,53.55671879166667,4.864941011666667,1016.4833333333332,0.0,10.291666666666666
2015-02-16,35.356615,-119.062613,34.2,0.063,98.0,Bakersfield-California,18.496,52.40895041666667,4.1176067875,1014.8916666666668,0.0,30.583333333333332
2015-02-17,35.356615,-119.062613,37.8,0.058,107.0,Bakersfield-California,16.675166666666666,47.24338158333333,5.580249808333334,1016.0333333333333,0.0,0.16666666666666666
2015-02-18,35.356615,-119.062613,29.0,0.043,88.0,Bakersfield-California,16.856416624999998,62.52288645833334,5.518417557083333,1019.5666666666666,0.0,3.125
2015-02-19,35.356615,-119.062613,43.3,0.049,120.0,Bakersfield-California,16.76475,62.822232291666666,5.2932909624999995,1019.1625,0.0,62.375
2015-02-20,35.356615,-119.062613,32.9,0.019,95.0,Bakersfield-California,16.018916666666666,62.59229179166667,4.8347314358333335,1016.8666666666667,0.0,79.54166666666667
2015-02-21,35.356615,-119.062613,39.5,0.034,111.0,Bakersfield-California,14.877249999999998,63.874475458333336,4.186313204166667,1013.8708333333334,0.0,26.458333333333332
2015-02-22,35.356615,-119.062613,21.1,0.036,73.0,Bakersfield-California,13.3085,63.318964375,4.7828251375,1009.9208333333332,0.0,36.625
2015-02-23,35.356615,-119.062613,4.0,0.037,22.0,Bakersfield-California,11.593916666666667,72.16421208333334,6.988457491666666,1012.9875000000001,0.4458333333333333,54.333333333333336
2015-02-24,35.356615,-119.062613,9.2,0.044,51.0,Bakersfield-California,10.948083320833334,61.08699895833333,6.340867704166667,1024.1000000000001,0.0,26.375
2015-02-25,35.356615,-119.062613,15.6,0.054,63.0,Bakersfield-California,11.9772499875,59.347674500000004,4.2639008,1024.4916666666666,0.0,23.333333333333332
2015-02-26,35.356615,-119.062613,20.7,0.053,73.0,Bakersfield-California,12.218916654166668,60.630349833333334,4.747534252916666,1017.4583333333334,0.0,19.25
2015-02-27,35.356615,-119.062613,15.8,0.048,63.0,Bakersfield-California,12.354333333333335,64.8200605,5.686637058333333,1011.6208333333334,0.0,19.708333333333332
2015-02-28,35.356615,-119.062613,0.4,0.04,2.0,Bakersfield-California,12.062666654166668,70.76056150000001,5.187456379166666,1008.6333333333333,0.39999999999999997,61.083333333333336
2015-03-01,35.356615,-119.062613,18.9,0.036,69.0,Bakersfield-California,10.339749975,70.64171875000001,4.04371955,1012.5333333333333,0.05416666666666667,52.333333333333336
2015-03-02,35.356615,-119.062613,2.6,0.039,14.0,Bakersfield-California,9.864749945833333,75.81298408333333,3.994143906666667,1012.6208333333334,0.23750000000000002,47.208333333333336
2015-03-03,35.356615,-119.062613,7.5,0.04,42.0,Bakersfield-California,10.256416641666666,68.66259525,5.8160157916666675,1014.8666666666667,0.0,52.666666666666664
2015-03-04,35.356615,-119.062613,11.6,0.043,56.0,Bakersfield-California,10.593916666666667,62.623225041666664,4.6002934,1017.7666666666668,0.0,22.583333333333332
2015-03-05,35.356615,-119.062613,10.3,0.046,53.0,Bakersfield-California,12.589749945833333,55.189382458333334,4.569868858333334,1023.7291666666666,0.0,39.083333333333336
2015-03-06,35.356615,-119.062613,20.0,0.05,71.0,Bakersfield-California,13.929333279166668,54.294913083333334,5.003359054166666,1024.1041666666667,0.0,0.0
2015-03-07,35.356615,-119.062613,23.5,0.062,78.0,Bakersfield-California,16.1647500125,51.736244625000005,4.7085053875,1019.4166666666666,0.0,2.1666666666666665
2015-03-08,35.356615,-119.062613,21.2,0.064,74.0,Bakersfield-California,16.70225,46.483404166666666,5.448167716666667,1016.6125000000001,0.0,2.3333333333333335
2015-03-09,35.356615,-119.062613,20.3,0.066,72.0,Bakersfield-California,16.63975,49.26838154166666,5.9810821999999995,1015.0875,0.0,0.7916666666666666
2015-03-10,35.356615,-119.062613,14.3,0.051,61.0,Bakersfield-California,17.912666666666667,49.46450066666667,4.895985541666667,1013.15,0.0,38.041666666666664
2015-03-11,35.356615,-119.062613,15.7,0.037,63.0,Bakersfield-California,19.77725,39.06135258333333,5.033876712500001,1015.5791666666668,0.0,98.625
2015-03-12,35.356615,-119.062613,14.5,0.04,61.0,Bakersfield-California,16.496,52.13736925,6.304451429166666,1021.4625,0.0,10.375
2015-03-13,35.356615,-119.062613,14.2,0.052,61.0,Bakersfield-California,18.023083333333336,50.59155825,4.347780995833333,1020.2791666666667,0.0,10.083333333333334
2015-03-14,35.356615,-119.062613,10.7,0.059,54.0,Bakersfield-California,20.846,38.207666958333334,4.449110920833333,1017.9833333333332,0.0,64.91666666666667
2015-03-15,35.356615,-119.062613,7.2,0.059,40.0,Bakersfield-California,22.56058333333333,28.802444416666663,5.6025012499999995,1016.275,0.0,88.83333333333333
2015-03-16,35.356615,-119.062613,5.4,0.051,30.0,Bakersfield-California,21.929333333333332,28.86133425,4.995533758333333,1015.1541666666667,0.0,90.33333333333333
2015-03-17,35.356615,-119.062613,6.7,0.05,37.0,Bakersfield-California,19.043916666666664,44.923226,5.7538039195833335,1015.775,0.0,88.75
2015-03-18,35.356615,-119.062613,10.7,0.046,54.0,Bakersfield-California,17.823083333333333,53.49515183333333,4.542401091666666,1016.0666666666666,0.0,99.41666666666667
2015-03-19,35.356615,-119.062613,11.4,0.057,55.0,Bakersfield-California,18.268916666666666,57.57982583333333,5.2882592875,1015.9250000000001,0.0,43.916666666666664
2015-03-20,35.356615,-119.062613,14.5,0.062,61.0,Bakersfield-California,19.62933333333333,41.322525750000004,5.7667075875,1016.6166666666667,0.0,33.5
2015-03-21,35.356615,-119.062613,7.0,0.058,39.0,Bakersfield-California,20.71475,31.830631125,4.2030356875,1018.6416666666668,0.0,63.166666666666664
2015-03-22,35.356615,-119.062613,7.5,0.049,42.0,Bakersfield-California,19.287666666666667,33.10267929166667,4.9791318250000005,1019.2291666666666,0.0,80.5
2015-03-23,35.356615,-119.062613,2.4,0.044,13.0,Bakersfield-California,17.23975,52.20636891666666,6.345753645833334,1022.0500000000001,0.016666666666666666,44.125
2015-03-24,35.356615,-119.062613,4.2,0.045,23.0,Bakersfield-California,16.498083333333334,45.341320125,6.949853933333333,1023.25,0.0,55.833333333333336
2015-03-25,35.356615,-119.062613,8.2,0.047,46.0,Bakersfield-California,17.418916666666664,47.541025958333336,7.121973462500001,1021.3166666666666,0.0,25.75
2015-03-26,35.356615,-119.062613,11.2,0.056,55.0,Bakersfield-California,20.929333333333336,40.526426416666666,5.878063433333334,1019.5916666666667,0.0,24.125
2015-03-27,35.356615,-119.062613,11.3,0.062,55.0,Bakersfield-California,22.831416625,33.177658020833334,5.0780457624999995,1017.5333333333333,0.0,0.0
2015-03-28,35.356615,-119.062613,7.0,0.048,39.0,Bakersfield-California,23.08975,29.6071045625,5.665816629166667,1017.6291666666666,0.0,0.0
2015-03-29,35.356615,-119.062613,8.6,0.06,48.0,Bakersfield-California,22.354333333333333,37.100978250000004,4.8617633125,1016.9041666666667,0.0,12.041666666666666
2015-03-30,35.356615,-119.062613,12.5,0.061,57.0,Bakersfield-California,22.173083333333334,36.149984583333335,5.5381269658333325,1015.225,0.0,0.0
2015-03-31,35.356615,-119.062613,8.3,0.049,46.0,Bakersfield-California,21.50225,30.226861749999998,6.259163120833333,1015.3916666666668,0.0,48.625
2015-04-01,35.356615,-119.062613,3.3,0.051,18.0,Bakersfield-California,17.873083333333334,30.63398241666667,8.025071425,1017.9083333333333,0.0,9.416666666666666
2015-04-02,35.356615,-119.062613,5.3,0.052,29.0,Bakersfield-California,15.498083333333334,27.584957,8.110691204166667,1017.9625,0.0,7.083333333333333
2015-04-03,35.356615,-119.062613,10.3,0.059,53.0,Bakersfield-California,16.06266666666667,30.808773333333335,5.8620704166666675,1019.9541666666668,0.0,11.958333333333334
2015-04-04,35.356615,-119.062613,11.2,0.06,55.0,Bakersfield-California,19.123083333333334,21.664468541666665,4.787793083333333,1015.7624999999999,0.0,5.208333333333333
2015-04-05,35.356615,-119.062613,6.8,0.053,38.0,Bakersfield-California,17.26475,27.614779916666667,6.4646680624999995,1011.7041666666668,0.0,0.4166666666666667
2015-04-06,35.356615,-119.062613,3.5,0.052,19.0,Bakersfield-California,14.698083333333335,42.574018,6.359864662500001,1013.0541666666667,0.0,35.583333333333336
2015-04-07,35.356615,-119.062613,4.5,0.043,25.0,Bakersfield-California,13.156416654166668,44.24440229166667,6.574908879166667,1013.7708333333334,0.008333333333333333,46.333333333333336
2015-04-08,35.356615,-119.062613,4.3,0.051,24.0,Bakersfield-California,11.754333333333333,62.52178608333333,5.625846904166667,1018.9250000000001,0.049999999999999996,38.541666666666664
2015-04-09,35.356615,-119.062613,12.0,0.049,56.0,Bakersfield-California,13.918916666666668,40.079921875000004,6.085970725,1016.9041666666667,0.0,49.833333333333336
2015-04-10,35.356615,-119.062613,19.2,0.061,70.0,Bakersfield-California,16.46475,41.669017958333335,6.2228529791666665,1014.2166666666667,0.0,54.625
2015-04-11,35.356615,-119.062613,9.0,0.057,50.0,Bakersfield-California,17.729333333333333,35.15877733333333,5.783685125000001,1015.2375000000001,0.0,33.708333333333336
2015-04-12,35.356615,-119.062613,6.6,0.052,37.0,Bakersfield-California,18.698083333333333,35.689593208333335,5.670529116666667,1014.75,0.0,10.5
2015-04-13,35.356615,-119.062613,7.3,0.059,41.0,Bakersfield-California,21.398083333333332,37.30044479166667,6.425082258333333,1014.5124999999999,0.0,0.0
2015-04-14,35.356615,-119.062613,4.8,0.056,27.0,Bakersfield-California,18.76475,41.422898958333334,9.485549504166666,1019.1791666666667,0.0,30.208333333333332
2015-04-15,35.356615,-119.062613,8.5,0.057,47.0,Bakersfield-California,16.104333333333333,16.942816458333333,7.599256545833334,1019.4499999999999,0.0,10.5
2015-04-16,35.356615,-119.062613,8.1,0.063,45.0,Bakersfield-California,18.335583291666666,18.609233870833332,6.196326354166666,1015.2958333333332,0.0,0.0
2015-04-17,35.356615,-119.062613,8.6,0.07,48.0,Bakersfield-California,20.229333333333333,16.259278654166668,6.029410728333333,1016.5166666666668,0.0,0.0
2015-04-18,35.356615,-119.062613,11.2,0.074,55.0,Bakersfield-California,21.329333333333334,18.1056166875,5.869834125000001,1015.1875,0.0,0.0
2015-04-19,35.356615,-119.062613,13.2,0.076,59.0,Bakersfield-California,22.816833333333335,19.793367749999998,6.333631741666667,1011.4333333333334,0.0,0.3333333333333333
2015-04-20,35.356615,-119.062613,8.7,0.067,48.0,Bakersfield-California,24.077250000000003,20.729546541666668,6.479537779166667,1008.2791666666667,0.0,13.875
2015-04-21,35.356615,-119.062613,10.4,0.049,53.0,Bakersfield-California,21.9085,33.49099866666666,6.730328958333334,1008.2916666666666,0.0,39.583333333333336
2015-04-22,35.356615,-119.062613,9.3,0.053,51.0,Bakersfield-California,18.9835,43.127304875,5.0028038666666665,1009.9333333333334,0.004166666666666667,52.75
2015-04-23,35.356615,-119.062613,8.9,0.051,49.0,Bakersfield-California,19.466833333333334,44.848620458333336,4.942246554166666,1009.6708333333332,0.0,56.666666666666664
2015-04-24,35.356615,-119.062613,8.8,0.046,49.0,Bakersfield-California,18.59391666666667,46.801681333333335,4.724361733333334,1011.7125,0.0,69.04166666666667
2015-04-25,35.356615,-119.062613,6.2,0.044,34.0,Bakersfield-California,16.12725,52.377238166666665,5.794244020833333,1014.3874999999999,0.10833333333333334,73.25
2015-04-26,35.356615,-119.062613,5.2,0.053,29.0,Bakersfield-California,15.506416666666667,63.430171916666666,5.1195373208333335,1016.5708333333333,0.14583333333333334,70.58333333333333
2015-04-27,35.356615,-119.062613,8.9,0.061,49.0,Bakersfield-California,18.648083333333336,43.31167933333333,5.441600754166667,1015.6666666666666,0.0,22.416666666666668
2015-04-28,35.356615,-119.062613,10.1,0.07,53.0,Bakersfield-California,24.204333333333334,28.897908291666667,4.982721979166667,1013.2875,0.0,0.0
2015-04-29,35.356615,-119.062613,11.5,0.065,55.0,Bakersfield-California,25.31058333333333,27.725370875,5.0639883825,1012.275,0.0,53.791666666666664
2015-04-30,35.356615,-119.062613,13.9,0.068,60.0,Bakersfield-California,25.412666666666667,28.247568708333333,5.514728045833333,1009.1833333333334,0.0,87.16666666666667
2015-05-01,35.356615,-119.062613,6.2,0.058,34.0,Bakersfield-California,27.089749916666666,22.256482520833334,6.536055829166667,1008.1541666666667,0.0,60.625
2015-05-02,35.356615,-119.062613,6.7,0.057,37.0,Bakersfield-California,25.62725,18.062428183333335,6.818375445833333,1009.0124999999999,0.0,1.75
2015-05-03,35.356615,-119.062613,4.2,0.052,23.0,Bakersfield-California,24.631416666666667,15.477920333333332,7.386772404166667,1008.4833333333332,0.0,0.0
2015-05-04,35.356615,-119.062613,6.0,0.054,33.0,Bakersfield-California,22.596,24.777666208333333,8.2010772625,1009.8583333333332,0.0,2.8333333333333335
2015-05-05,35.356615,-119.062613,7.2,0.052,40.0,Bakersfield-California,21.400166666666667,33.66693441666667,6.200077894583334,1011.3625000000001,0.0,2.6666666666666665
2015-05-06,35.356615,-119.062613,6.3,0.052,35.0,Bakersfield-California,19.866833333333336,38.29959925,5.983979125,1009.6916666666666,0.0,10.791666666666666
2015-05-07,35.356615,-119.062613,5.9,0.049,33.0,Bakersfield-California,18.446,31.887588833333336,7.542677891666667,1007.2708333333334,0.020833333333333332,9.083333333333334
2015-05-08,35.356615,-119.062613,3.8,0.054,21.0,Bakersfield-California,14.220999958333332,47.60590575,6.846829341666666,1010.9125,0.0,83.54166666666667
2015-05-09,35.356615,-119.062613,8.7,0.055,48.0,Bakersfield-California,17.398083333333332,44.72381179166666,4.835112416666667,1016.1916666666666,0.0,66.58333333333333
2015-05-10,35.356615,-119.062613,15.0,0.072,62.0,Bakersfield-California,20.58975,40.945998958333334,5.952212508333333,1014.9833333333332,0.0,0.75
2015-05-11,35.356615,-119.062613,8.8,0.06,49.0,Bakersfield-California,23.737666666666666,23.16730804166667,6.366111058333334,1011.1416666666668,0.0,72.79166666666667
2015-05-12,35.356615,-119.062613,7.9,0.062,44.0,Bakersfield-California,20.985583333333334,28.768029541666667,8.202609383333334,1009.4291666666667,0.0,46.083333333333336
2015-05-13,35.356615,-119.062613,5.2,0.058,29.0,Bakersfield-California,19.512666666666664,25.426374083333332,6.57890365,1011.4791666666666,0.0,31.458333333333332
2015-05-14,35.356615,-119.062613,3.5,0.046,19.0,Bakersfield-California,18.020999958333334,32.76766720833333,6.099027645833334,1010.0041666666666,0.0,66.75
2015-05-15,35.356615,-119.062613,6.5,0.05,36.0,Bakersfield-California,14.654333333333334,60.96983133333333,6.097195800000001,1010.9625,0.025000000000000005,96.125
2015-05-16,35.356615,-119.062613,9.2,0.061,51.0,Bakersfield-California,17.041833333333333,47.81305070833333,5.587092466666667,1013.7083333333334,0.0,36.375
2015-05-17,35.356615,-119.062613,4.5,0.051,25.0,Bakersfield-California,19.12933333333333,39.863204875,5.7604193624999995,1013.9083333333333,0.0,91.70833333333333
2015-05-18,35.356615,-119.062613,3.1,0.053,17.0,Bakersfield-California,19.68975,42.18013441666667,6.969574679166667,1015.0166666666668,0.0,54.458333333333336
2015-05-19,35.356615,-119.062613,5.3,0.056,29.0,Bakersfield-California,19.373083333333334,38.27894108333333,4.893377049166667,1016.4291666666667,0.0,22.375
2015-05-20,35.356615,-119.062613,5.7,0.058,32.0,Bakersfield-California,20.498083333333334,35.286544166666665,6.26715748625,1012.2791666666667,0.0,77.75
2015-05-21,35.356615,-119.062613,5.8,0.045,32.0,Bakersfield-California,19.737666666666666,39.54885329166667,6.172499345833334,1011.6791666666667,0.0,58.583333333333336
2015-05-22,35.356615,-119.062613,8.2,0.039,46.0,Bakersfield-California,17.231416666666664,52.26088570833334,4.5756352125,1014.3041666666667,0.07916666666666668,91.95833333333333
2015-05-23,35.356615,-119.062613,6.7,0.051,37.0,Bakersfield-California,18.548083333333334,49.174207958333334,5.4220944625,1016.5124999999999,0.0,54.208333333333336
2015-05-24,35.356615,-119.062613,7.8,0.056,43.0,Bakersfield-California,20.46475,45.38436191666667,5.382821233333334,1014.1333333333333,0.0,26.625
2015-05-25,35.356615,-119.062613,7.5,0.055,42.0,Bakersfield-California,23.296000000000003,38.38777708333333,5.881433875,1011.25,0.0,4.541666666666667
2015-05-26,35.356615,-119.062613,5.5,0.054,31.0,Bakersfield-California,23.266833333333334,38.43602575,7.8875598875,1011.6125000000001,0.0,26.25
2015-05-27,35.356615,-119.062613,4.9,0.062,27.0,Bakersfield-California,24.210583333333332,36.340881833333334,6.302852004166667,1012.2833333333333,0.0,38.708333333333336
2015-05-28,35.356615,-119.062613,4.9,0.062,27.0,Bakersfield-California,24.210583333333332,36.340881833333334,6.302852004166667,1012.2833333333333,0.0,38.708333333333336
2015-05-29,35.356615,-119.062613,12.4,0.072,57.0,Bakersfield-California,27.102249999999998,24.97345291666667,4.740592475000001,1011.3874999999999,0.0,13.875
2015-05-30,35.356615,-119.062613,11.9,0.083,56.0,Bakersfield-California,29.825166666666664,18.154811125,5.0628171208333335,1009.7416666666667,0.0,62.375
2015-05-31,35.356615,-119.062613,8.2,0.064,46.0,Bakersfield-California,29.75016666666667,20.630615833333334,7.744361279166667,1008.6083333333332,0.0,3.0833333333333335
2015-06-01,35.356615,-119.062613,5.8,0.055,32.0,Bakersfield-California,25.12725,25.661748333333335,8.2422507375,1011.9,0.0,12.958333333333334
2015-06-02,35.356615,-119.062613,4.4,0.051,24.0,Bakersfield-California,24.21475,38.578178604166666,4.858344716666667,1014.1208333333334,0.0,2.125
2015-06-03,35.356615,-119.062613,2.9,0.053,16.0,Bakersfield-California,24.541833333333333,31.86679254166667,5.4185011,1011.375,0.0,3.7916666666666665
2015-06-04,35.356615,-119.062613,5.0,0.048,28.0,Bakersfield-California,23.821,28.717839541666667,6.487305583333334,1008.4125,0.0,36.208333333333336
2015-06-05,35.356615,-119.062613,7.2,0.063,40.0,Bakersfield-California,22.971,29.897085583333332,5.928533695833333,1007.9958333333334,0.0,7.583333333333333
2015-06-06,35.356615,-119.062613,6.0,0.071,33.0,Bakersfield-California,24.746,34.229967708333334,5.4034993375,1008.5041666666666,0.0,15.083333333333334
2015-06-07,35.356615,-119.062613,8.8,0.075,49.0,Bakersfield-California,27.164749916666665,30.75373995833333,6.621646245833333,1009.3583333333332,0.0,10.958333333333334
2015-06-08,35.356615,-119.062613,11.3,0.083,55.0,Bakersfield-California,30.585583333333332,23.914089270833333,6.327492079166667,1007.9833333333332,0.0,1.75
2015-06-09,35.356615,-119.062613,9.4,0.039,52.0,Bakersfield-California,30.396,25.312392041666666,7.6257884291666675,1008.3249999999999,0.029166666666666664,55.208333333333336
2015-06-10,35.356615,-119.062613,8.5,0.061,47.0,Bakersfield-California,25.15641666666667,52.008467833333334,5.056263554166667,1010.6708333333332,0.0,45.708333333333336
2015-06-11,35.356615,-119.062613,8.1,0.063,45.0,Bakersfield-California,26.039749999999998,45.398109833333336,6.289068979166667,1009.8541666666666,0.0,8.083333333333334
2015-06-12,35.356615,-119.062613,11.8,0.068,56.0,Bakersfield-California,28.673083333333334,36.56347833333333,6.574932495833333,1007.4083333333333,0.0,6.083333333333333
2015-06-13,35.356615,-119.062613,12.3,0.084,57.0,Bakersfield-California,31.035583333333335,35.786908000000004,5.390388870833333,1005.0458333333332,0.0,13.333333333333334
2015-06-14,35.356615,-119.062613,7.6,0.067,42.0,Bakersfield-California,31.004333333333335,32.185880958333335,5.692130312500001,1004.4666666666667,0.0,0.041666666666666664
2015-06-15,35.356615,-119.062613,13.6,0.075,59.0,Bakersfield-California,30.98975,22.838378666666667,4.7944371708333335,1006.4625,0.0,11.208333333333334
2015-06-16,35.356615,-119.062613,12.0,0.076,56.0,Bakersfield-California,30.014750000000003,19.2887915,4.3152907,1009.5333333333333,0.0,3.7083333333333335
2015-06-17,35.356615,-119.062613,12.0,0.078,56.0,Bakersfield-California,29.579333333333334,16.953134541666667,4.9975726625000005,1009.9791666666666,0.0,5.833333333333333
2015-06-18,35.356615,-119.062613,12.6,0.08,58.0,Bakersfield-California,30.379333333333335,17.202822191666666,4.592211933333333,1010.3833333333333,0.0,7.708333333333333
2015-06-19,35.356615,-119.062613,6.5,0.063,36.0,Bakersfield-California,29.59183333333333,18.24131225,4.8592612908333335,1011.4875000000001,0.0,8.125
2015-06-20,35.356615,-119.062613,10.4,0.073,53.0,Bakersfield-California,29.06266666666667,18.4981575625,4.834794166666667,1010.0375,0.0,4.541666666666667
2015-06-21,35.356615,-119.062613,7.5,0.064,42.0,Bakersfield-California,30.06266666666667,17.524537583333334,5.3086390833333335,1009.9499999999999,0.0,13.625
2015-06-22,35.356615,-119.062613,8.5,0.065,47.0,Bakersfield-California,28.9085,18.46298564583333,4.1067703445833335,1012.5791666666668,0.0,0.0
2015-06-23,35.356615,-119.062613,13.3,0.073,59.0,Bakersfield-California,27.9335,18.912274229166666,3.6779499199999997,1012.5666666666666,0.0,8.458333333333334
2015-06-24,35.356615,-119.062613,12.5,0.072,57.0,Bakersfield-California,28.871,21.820136708333333,4.962392479166667,1010.225,0.0,0.0
2015-06-25,35.356615,-119.062613,14.2,0.088,61.0,Bakersfield-California,31.570999999999998,20.568821208333333,5.815413740416666,1009.2875,0.0,0.0
2015-06-26,35.356615,-119.062613,14.5,0.082,61.0,Bakersfield-California,33.16891666666667,20.075548645833333,7.4821502791666665,1009.5208333333334,0.0,20.083333333333332
2015-06-27,35.356615,-119.062613,9.1,0.068,51.0,Bakersfield-California,31.912666666666667,22.4455375,6.799263670833334,1010.5833333333334,0.0,76.83333333333333
2015-06-28,35.356615,-119.062613,10.7,0.069,54.0,Bakersfield-California,31.393916666666666,23.447288687500002,5.0112579625,1011.5916666666667,0.0,74.79166666666667
2015-06-29,35.356615,-119.062613,11.8,0.069,56.0,Bakersfield-California,30.796000000000003,29.757824833333334,5.0904652375,1011.4499999999999,0.0,97.66666666666667
2015-06-30,35.356615,-119.062613,16.1,0.088,64.0,Bakersfield-California,32.01891666666666,34.753924958333336,4.196258003333333,1009.6291666666666,0.0,73.41666666666667
2015-07-01,35.356615,-119.062613,10.5,0.064,54.0,Bakersfield-California,32.796,32.841601458333336,5.63020275,1008.9583333333334,0.0,93.375
2015-07-02,35.356615,-119.062613,9.5,0.073,52.0,Bakersfield-California,31.71683333333333,35.18203129166667,6.271495454166666,1010.4125,0.0,69.66666666666667
2015-07-03,35.356615,-119.062613,9.2,0.085,51.0,Bakersfield-California,31.260583333333333,39.30523220833333,5.1275782625,1010.4666666666667,0.0,17.625
2015-07-04,35.356615,-119.062613,11.2,0.068,55.0,Bakersfield-California,32.185583333333334,31.13470995833333,6.260868229166667,1007.3625000000001,0.0,18.583333333333332
2015-07-05,35.356615,-119.062613,6.4,0.06,36.0,Bakersfield-California,30.74808333333333,34.77823816666667,7.872887358333333,1008.4708333333333,0.0,4.458333333333333
2015-07-06,35.356615,-119.062613,11.5,0.06,55.0,Bakersfield-California,29.287666666666667,33.76106254166667,7.791992029166667,1012.2375000000001,0.0,4.75
2015-07-07,35.356615,-119.062613,6.2,0.049,34.0,Bakersfield-California,28.598083333333335,37.13863108333333,5.446646650000001,1012.6458333333334,0.0,0.0
2015-07-08,35.356615,-119.062613,10.3,0.046,53.0,Bakersfield-California,27.768916666666666,36.54459154166667,4.157811175,1008.8291666666668,0.0,0.7916666666666666
2015-07-09,35.356615,-119.062613,6.9,0.042,38.0,Bakersfield-California,24.729333333333333,36.673518125,5.768346645833333,1008.3916666666668,0.0,25.416666666666668
2015-07-10,35.356615,-119.062613,7.6,0.055,42.0,Bakersfield-California,23.866833333333332,43.09037504166667,3.9658057408333334,1010.65,0.0,51.333333333333336
2015-07-11,35.356615,-119.062613,8.2,0.057,46.0,Bakersfield-California,25.8085,41.709955,4.1514457875,1011.4125,0.0,19.708333333333332
2015-07-12,35.356615,-119.062613,8.2,0.061,46.0,Bakersfield-California,27.84183333333333,38.70580233333333,3.4470406033333334,1013.1416666666668,0.0,6.083333333333333
2015-07-13,35.356615,-119.062613,8.1,0.061,45.0,Bakersfield-California,28.581416583333333,32.490932416666666,3.673648224166667,1012.7958333333332,0.0,16.416666666666668
2015-07-14,35.356615,-119.062613,8.9,0.058,49.0,Bakersfield-California,28.585583333333332,30.52366825,3.9589009195833333,1009.9458333333333,0.0,15.458333333333334
2015-07-15,35.356615,-119.062613,8.6,0.063,48.0,Bakersfield-California,28.6585,28.260877875000002,4.3451460475,1008.9291666666667,0.0,0.0
2015-07-16,35.356615,-119.062613,10.1,0.074,53.0,Bakersfield-California,29.004333333333335,24.367700208333332,5.694632245833333,1009.6041666666666,0.0,0.0
2015-07-17,35.356615,-119.062613,12.4,0.074,57.0,Bakersfield-California,30.40641666666667,24.35283414583333,5.353819329166666,1007.4666666666667,0.0,0.0
2015-07-18,35.356615,-119.062613,14.7,0.055,61.0,Bakersfield-California,30.21475,26.70906864583333,5.704603091666667,1007.8458333333333,0.0,9.75
2015-07-19,35.356615,-119.062613,7.5,0.053,42.0,Bakersfield-California,28.756416583333333,45.409750958333326,8.213634379166667,1014.3625000000001,0.016666666666666666,77.5
2015-07-20,35.356615,-119.062613,10.2,0.059,53.0,Bakersfield-California,28.256416666666667,54.77059108333333,5.739268783333333,1015.0458333333332,0.05833333333333333,56.416666666666664
2015-07-21,35.356615,-119.062613,10.4,0.063,53.0,Bakersfield-California,29.62516666666667,43.957548583333335,5.047158703333333,1010.9208333333332,0.0,20.583333333333332
2015-07-22,35.356615,-119.062613,5.8,0.039,32.0,Bakersfield-California,29.264750000000003,42.233628083333336,4.5569322625,1007.7208333333333,0.0,7.833333333333333
2015-07-23,35.356615,-119.062613,6.1,0.05,34.0,Bakersfield-California,27.73558325,38.97543929166667,4.566422616666666,1010.7041666666668,0.0,12.583333333333334
2015-07-24,35.356615,-119.062613,10.6,0.057,54.0,Bakersfield-California,27.998083249999997,30.543954291666665,4.441342429166666,1015.1291666666666,0.0,0.25
2015-07-25,35.356615,-119.062613,9.9,0.054,52.0,Bakersfield-California,27.854333333333333,27.729802833333334,5.825765520833333,1015.5208333333334,0.0,0.0
2015-07-26,35.356615,-119.062613,8.1,0.052,45.0,Bakersfield-California,27.991833333333332,27.91191483333333,4.546945766666666,1011.7375000000001,0.0,0.0
2015-07-27,35.356615,-119.062613,14.6,0.056,61.0,Bakersfield-California,28.18766666666667,28.649214125,4.286395391666667,1010.7041666666668,0.0,0.0
2015-07-28,35.356615,-119.062613,21.2,0.075,74.0,Bakersfield-California,28.227249999999998,23.194943270833335,6.163859283333333,1009.9625,0.0,0.0
2015-07-29,35.356615,-119.062613,19.1,0.087,70.0,Bakersfield-California,31.24808333333333,25.244444562499996,6.596716541666667,1009.1291666666666,0.0,6.416666666666667
2015-07-30,35.356615,-119.062613,16.2,0.062,64.0,Bakersfield-California,33.11475,24.090556375000002,5.832260708333333,1011.3000000000001,0.0,64.58333333333333
2015-07-31,35.356615,-119.062613,18.6,0.073,69.0,Bakersfield-California,32.69808333333334,31.330794583333333,6.2381176583333335,1012.2083333333334,0.0,25.666666666666668
2015-08-01,35.356615,-119.062613,12.1,0.067,57.0,Bakersfield-California,31.725166666666667,36.349255291666665,6.0948504791666664,1011.6125000000001,0.0,27.375
2015-08-02,35.356615,-119.062613,13.7,0.063,60.0,Bakersfield-California,31.554333333333332,28.299144625,5.1299127375,1010.275,0.0,18.208333333333332
2015-08-03,35.356615,-119.062613,9.8,0.066,52.0,Bakersfield-California,30.431416666666667,31.714732249999997,3.548813975,1009.8083333333334,0.0,18.291666666666668
2015-08-04,35.356615,-119.062613,12.7,0.06,58.0,Bakersfield-California,29.0835,34.475747500000004,4.999967783333333,1011.2583333333333,0.0,53.625
2015-08-05,35.356615,-119.062613,12.1,0.06,57.0,Bakersfield-California,27.441833250000002,36.27859291666667,4.524073288333334,1013.4208333333332,0.0,53.75
2015-08-06,35.356615,-119.062613,18.9,0.079,69.0,Bakersfield-California,28.637666666666664,32.720555999999995,4.338159841666667,1010.3625000000001,0.0,95.5
2015-08-07,35.356615,-119.062613,11.5,0.059,55.0,Bakersfield-California,28.879333333333335,27.54580329166667,6.2597088916666666,1008.2791666666667,0.0,15.125
2015-08-08,35.356615,-119.062613,13.0,0.067,58.0,Bakersfield-California,27.462666666666667,26.060848875,5.075800641666667,1009.9958333333334,0.0,0.0
2015-08-09,35.356615,-119.062613,14.9,0.067,62.0,Bakersfield-California,28.68975,31.8519165,5.198066020833333,1010.4,0.0,0.0
2015-08-10,35.356615,-119.062613,9.2,0.053,51.0,Bakersfield-California,29.2835,32.38517158333333,6.737179366666666,1009.8833333333333,0.0,0.0
2015-08-11,35.356615,-119.062613,4.3,0.049,24.0,Bakersfield-California,27.96475,33.739072,6.228025841666667,1009.875,0.0,0.0
2015-08-12,35.356615,-119.062613,8.8,0.057,49.0,Bakersfield-California,28.143916666666666,30.42927591666667,6.822703045833333,1012.6708333333332,0.0,0.041666666666666664
2015-08-13,35.356615,-119.062613,8.4,0.068,47.0,Bakersfield-California,29.485583333333334,25.425807333333335,5.261257095833334,1013.5041666666666,0.0,28.541666666666668
2015-08-14,35.356615,-119.062613,8.0,0.063,44.0,Bakersfield-California,28.71475,33.102288458333334,5.789258170833333,1013.3666666666667,0.0,19.666666666666668
2015-08-15,35.356615,-119.062613,10.7,0.08,54.0,Bakersfield-California,29.43975,31.973756249999997,4.194903916666667,1012.8958333333334,0.0,2.7916666666666665
2015-08-16,35.356615,-119.062613,19.4,0.081,70.0,Bakersfield-California,30.993916666666667,27.714343916666667,4.4095412650000005,1010.525,0.0,24.083333333333332
2015-08-17,35.356615,-119.062613,37.5,0.077,106.0,Bakersfield-California,32.468916666666665,22.421349958333334,5.291329441666666,1008.3249999999999,0.0,8.333333333333334
2015-08-18,35.356615,-119.062613,52.5,0.084,143.0,Bakersfield-California,31.608500000000003,24.745406958333334,4.557170429166667,1008.9,0.0,0.20833333333333334
2015-08-19,35.356615,-119.062613,23.3,0.077,77.0,Bakersfield-California,30.133499999999998,28.775490041666668,4.841192374999999,1009.4416666666666,0.0,30.875
2015-08-20,35.356615,-119.062613,19.0,0.075,69.0,Bakersfield-California,29.06266666666667,31.04516104166667,4.970827416666666,1009.1,0.0,3.5416666666666665
2015-08-21,35.356615,-119.062613,21.0,0.074,73.0,Bakersfield-California,28.5835,32.465985958333334,5.3871602625,1008.2125,0.0,1.6666666666666667
2015-08-22,35.356615,-119.062613,17.9,0.071,67.0,Bakersfield-California,28.200166666666664,36.59686975,5.160409295833333,1009.5,0.0,0.25
2015-08-23,35.356615,-119.062613,13.5,0.065,59.0,Bakersfield-California,29.0835,32.005487375,4.608555365416667,1011.0583333333334,0.0,17.375
2015-08-24,35.356615,-119.062613,17.4,0.071,66.0,Bakersfield-California,29.610583333333334,32.956317291666664,3.8487629250000004,1012.5791666666668,0.0,0.0
2015-08-25,35.356615,-119.062613,16.7,0.06,65.0,Bakersfield-California,29.2835,33.47695366666667,4.670779670833333,1012.3333333333334,0.0,15.708333333333334
2015-08-26,35.356615,-119.062613,9.9,0.061,52.0,Bakersfield-California,30.271,31.95727583333333,4.671880604166667,1012.5875,0.0,23.416666666666668
2015-08-27,35.356615,-119.062613,20.5,0.053,72.0,Bakersfield-California,29.931416666666667,28.351080749999998,4.985818008333333,1013.9833333333332,0.0,8.958333333333334
2015-08-28,35.356615,-119.062613,13.2,0.061,59.0,Bakersfield-California,30.33975,27.02046316666667,4.5678588541666665,1011.5625,0.0,18.833333333333332
2015-08-29,35.356615,-119.062613,8.8,0.045,49.0,Bakersfield-California,30.246,27.229526583333335,4.813440791666666,1010.8874999999999,0.0,7.125
2015-08-30,35.356615,-119.062613,6.7,0.046,37.0,Bakersfield-California,27.398083333333332,39.62405170833333,5.739893954166667,1012.7041666666668,0.0,49.416666666666664
2015-08-31,35.356615,-119.062613,9.4,0.052,52.0,Bakersfield-California,25.612666666666666,38.151809291666666,4.287578358333334,1011.4708333333333,0.0,7.916666666666667
2015-09-01,35.356615,-119.062613,11.9,0.069,56.0,Bakersfield-California,26.125166583333336,30.008615958333333,5.421652620833334,1009.4291666666667,0.0,14.166666666666666
2015-09-02,35.356615,-119.062613,9.7,0.06,52.0,Bakersfield-California,27.41683325,31.999217833333333,7.676504770833334,1010.0208333333334,0.0,29.0
2015-09-03,35.356615,-119.062613,6.5,0.053,36.0,Bakersfield-California,26.102249999999998,37.23250741666667,6.844908716666667,1009.7833333333333,0.0,8.708333333333334
2015-09-04,35.356615,-119.062613,7.5,0.052,42.0,Bakersfield-California,25.193916666666667,37.015593833333334,4.745927945833333,1008.5416666666666,0.0,0.0
2015-09-05,35.356615,-119.062613,8.1,0.054,45.0,Bakersfield-California,23.985583333333334,33.86778008333334,4.519324216666667,1010.775,0.0,4.916666666666667
2015-09-06,35.356615,-119.062613,10.2,0.066,53.0,Bakersfield-California,23.96683333333333,26.730093583333332,5.634570695833333,1012.4250000000001,0.0,0.0
2015-09-07,35.356615,-119.062613,13.3,0.074,59.0,Bakersfield-California,26.483500000000003,20.33182225,5.098813454166667,1011.3625000000001,0.0,0.0
2015-09-08,35.356615,-119.062613,17.3,0.075,66.0,Bakersfield-California,27.879333333333335,23.012709583333333,5.406261408333333,1010.1458333333334,0.0,0.9166666666666666
2015-09-09,35.356615,-119.062613,24.1,0.085,79.0,Bakersfield-California,30.610583333333334,24.999673125,6.7419429125,1008.9666666666667,0.0,16.708333333333332
2015-09-10,35.356615,-119.062613,22.6,0.078,76.0,Bakersfield-California,31.306416666666667,41.166713458333334,5.749020845833333,1008.7875,0.0,16.416666666666668
2015-09-11,35.356615,-119.062613,36.1,0.074,102.0,Bakersfield-California,32.17516666666666,30.552645125,5.025046754166667,1009.725,0.0,8.666666666666666
2015-09-12,35.356615,-119.062613,28.2,0.062,87.0,Bakersfield-California,31.5335,27.477731000000002,5.094503883333333,1010.2708333333334,0.0,23.166666666666668
2015-09-13,35.356615,-119.062613,11.0,0.059,55.0,Bakersfield-California,30.445999999999998,27.26340552083333,5.3059755125,1009.1875,0.0,38.416666666666664
2015-09-14,35.356615,-119.062613,10.7,0.038,54.0,Bakersfield-California,28.675166666666666,31.40513425,5.991351315833334,1006.0041666666666,0.0,36.458333333333336
2015-09-15,35.356615,-119.062613,6.1,0.039,34.0,Bakersfield-California,24.891833333333334,42.696435625,5.6343183041666665,1008.4499999999999,0.008333333333333333,49.666666666666664
2015-09-16,35.356615,-119.062613,4.4,0.047,24.0,Bakersfield-California,22.75016666666667,42.90780220833333,5.9377667249999995,1012.75,0.0,46.208333333333336
2015-09-17,35.356615,-119.062613,6.6,0.053,37.0,Bakersfield-California,20.912666666666667,35.086382375,5.288986808333333,1015.3625000000001,0.0,0.0
2015-09-18,35.356615,-119.062613,10.5,0.071,54.0,Bakersfield-California,21.850166666666667,39.970667166666665,6.554043279166667,1013.0541666666667,0.0,0.16666666666666666
2015-09-19,35.356615,-119.062613,11.5,0.083,55.0,Bakersfield-California,25.360583333333334,34.46678470833333,4.9838329083333335,1009.6833333333334,0.0,0.625
2015-09-20,35.356615,-119.062613,14.8,0.089,62.0,Bakersfield-California,27.831416666666666,24.0511969375,5.126393916666667,1009.1125000000001,0.0,1.5
2015-09-21,35.356615,-119.062613,12.5,0.07,57.0,Bakersfield-California,29.416833333333333,23.294744416666664,5.237753783333333,1007.3166666666666,0.0,19.333333333333332
2015-09-22,35.356615,-119.062613,9.6,0.057,52.0,Bakersfield-California,29.227249999999998,29.28260554166667,4.8605097158333335,1007.6166666666667,0.0,30.375
2015-09-23,35.356615,-119.062613,7.6,0.066,42.0,Bakersfield-California,27.754333333333335,31.777519416666667,4.345337278333333,1011.625,0.0,15.208333333333334
2015-09-24,35.356615,-119.062613,14.4,0.084,61.0,Bakersfield-California,26.012666666666664,31.744482041666668,5.459912454166666,1012.1083333333332,0.0,26.0
2015-09-25,35.356615,-119.062613,18.5,0.096,69.0,Bakersfield-California,29.09183333333333,24.342118499999998,4.063167035416667,1010.1208333333334,0.0,11.416666666666666
2015-09-26,35.356615,-119.062613,10.6,0.058,54.0,Bakersfield-California,29.43975,25.07687291666667,5.306471195833333,1009.6083333333332,0.0,39.416666666666664
2015-09-27,35.356615,-119.062613,7.6,0.053,42.0,Bakersfield-California,28.296000000000003,29.468727375,4.354976329166667,1007.9166666666666,0.0,52.708333333333336
2015-09-28,35.356615,-119.062613,9.8,0.064,52.0,Bakersfield-California,27.508499999999998,31.582210083333333,5.121689204166667,1008.8916666666668,0.0,90.66666666666667
2015-09-29,35.356615,-119.062613,8.5,0.054,47.0,Bakersfield-California,26.379333333333335,27.55390745833333,3.8316287125,1011.275,0.0,23.625
2015-09-30,35.356615,-119.062613,9.0,0.057,50.0,Bakersfield-California,24.5585,32.15066075,4.208336041666667,1012.6791666666667,0.0,44.416666666666664
2015-10-01,35.356615,-119.062613,11.2,0.049,55.0,Bakersfield-California,22.46475,37.25790354166667,4.23579307375,1012.8375,0.0,7.541666666666667
2015-10-02,35.356615,-119.062613,9.7,0.048,52.0,Bakersfield-California,21.173083333333334,46.808695916666665,5.372506470833333,1014.7333333333332,0.0,2.5833333333333335
2015-10-03,35.356615,-119.062613,8.8,0.06,49.0,Bakersfield-California,21.325166666666668,47.53545820833333,4.7488600375,1006.8000000000001,0.0,0.0
2015-10-04,35.356615,-119.062613,7.1,0.046,39.0,Bakersfield-California,19.662666625,49.669575875,7.3147759,999.775,0.004166666666666667,29.208333333333332
2015-10-05,35.356615,-119.062613,5.9,0.052,33.0,Bakersfield-California,18.57725,52.293317083333335,5.15069455,1007.9916666666667,0.0,37.291666666666664
2015-10-06,35.356615,-119.062613,7.3,0.057,41.0,Bakersfield-California,19.78975,51.411476625,4.982369941666667,1015.8249999999999,0.0,13.458333333333334
2015-10-07,35.356615,-119.062613,12.2,0.071,57.0,Bakersfield-California,22.166833333333333,44.09731995833334,4.741381812499999,1017.9958333333334,0.0,17.0
2015-10-08,35.356615,-119.062613,15.3,0.081,63.0,Bakersfield-California,23.910583250000002,42.32278866666667,4.7409948875,1017.7791666666667,0.0,53.458333333333336
2015-10-09,35.356615,-119.062613,18.5,0.09,69.0,Bakersfield-California,25.639750000000003,39.332143458333334,5.7894194375,1015.85,0.0,40.458333333333336
2015-10-10,35.356615,-119.062613,14.4,0.076,61.0,Bakersfield-California,27.300166583333333,36.054826625,4.632635175,1013.6541666666667,0.0,0.125
2015-10-11,35.356615,-119.062613,9.4,0.06,52.0,Bakersfield-California,27.883499999999998,31.729537250000003,4.5558931375,1013.2958333333332,0.0,0.0
2015-10-12,35.356615,-119.062613,12.2,0.076,57.0,Bakersfield-California,26.773083333333332,35.52425875,5.885681525,1012.9416666666666,0.0,0.041666666666666664
2015-10-13,35.356615,-119.062613,12.3,0.072,57.0,Bakersfield-California,28.25225,30.682525333333334,6.223425158333334,1013.8874999999999,0.0,20.291666666666668
2015-10-14,35.356615,-119.062613,10.2,0.053,53.0,Bakersfield-California,27.441833333333335,36.856618625,5.3427388195833325,1014.0500000000001,0.0,62.875
2015-10-15,35.356615,-119.062613,12.8,0.048,58.0,Bakersfield-California,23.956416666666666,60.78414941666667,4.1608094116666665,1012.5708333333333,0.049999999999999996,72.33333333333333
2015-10-16,35.356615,-119.062613,17.1,0.052,66.0,Bakersfield-California,22.508499999999998,76.52142329166666,3.6230881,1012.2416666666667,0.17916666666666667,47.25
2015-10-17,35.356615,-119.062613,12.0,0.05,56.0,Bakersfield-California,23.514750000000003,61.92906249999999,4.787949420833333,1011.6625,0.0,14.625
2015-10-18,35.356615,-119.062613,6.3,0.033,35.0,Bakersfield-California,20.529333333333334,73.58936666666666,6.0726146375,1012.7583333333333,0.029166666666666664,68.875
2015-10-19,35.356615,-119.062613,5.0,0.043,28.0,Bakersfield-California,18.18766666666667,68.69626970833333,5.749863441666666,1015.0333333333333,0.0,52.416666666666664
2015-10-20,35.356615,-119.062613,6.5,0.046,36.0,Bakersfield-California,17.40641666666667,59.027002375,4.883307425,1013.9958333333334,0.0,14.666666666666666
2015-10-21,35.356615,-119.062613,11.6,0.053,56.0,Bakersfield-California,18.748083291666667,60.91500675,3.912249345833333,1013.3625000000001,0.0,4.833333333333333
2015-10-22,35.356615,-119.062613,9.0,0.052,50.0,Bakersfield-California,19.523083333333332,51.055562333333334,4.534508515833333,1012.7666666666668,0.0,0.5416666666666666
2015-10-23,35.356615,-119.062613,13.9,0.058,60.0,Bakersfield-California,19.68975,46.742217333333336,5.0532534125,1013.9916666666667,0.0,24.666666666666668
2015-10-24,35.356615,-119.062613,18.5,0.064,69.0,Bakersfield-California,20.306416666666667,47.26311454166666,4.4580089124999995,1014.6416666666668,0.0,47.791666666666664
2015-10-25,35.356615,-119.062613,20.6,0.061,72.0,Bakersfield-California,21.2835,41.78331620833333,4.1985356375,1013.125,0.0,98.33333333333333
2015-10-26,35.356615,-119.062613,22.7,0.067,76.0,Bakersfield-California,20.243916666666667,38.372769166666664,4.2240781499999995,1014.3041666666667,0.0,8.416666666666666
2015-10-27,35.356615,-119.062613,20.5,0.062,72.0,Bakersfield-California,19.818916666666667,27.406642354166667,4.4735029,1013.8791666666666,0.0,59.833333333333336
2015-10-28,35.356615,-119.062613,18.5,0.055,69.0,Bakersfield-California,20.97308333333333,27.136468291666663,4.7077658541666665,1015.1333333333333,0.0,76.5
2015-10-29,35.356615,-119.062613,6.9,0.041,38.0,Bakersfield-California,17.93766666666667,60.94582825,6.177659583333334,1013.8416666666667,0.05416666666666667,73.0
2015-10-30,35.356615,-119.062613,8.6,0.042,48.0,Bakersfield-California,16.456416666666666,57.17966916666666,5.780366966666667,1014.4083333333333,0.0,0.4166666666666667
2015-10-31,35.356615,-119.062613,11.5,0.053,55.0,Bakersfield-California,18.514750000000003,44.44042733333333,3.9376304958333335,1017.2666666666668,0.0,0.0
2015-11-01,35.356615,-119.062613,10.8,0.058,54.0,Bakersfield-California,20.246,35.93951641666667,4.979308258333334,1017.7166666666667,0.0,0.0
2015-11-02,35.356615,-119.062613,8.5,0.035,47.0,Bakersfield-California,18.32725,43.95035629166667,8.4094442125,1011.0749999999999,0.05416666666666667,8.583333333333334
2015-11-03,35.356615,-119.062613,5.5,0.033,31.0,Bakersfield-California,11.356416666666668,83.121239125,5.064655879166667,1011.1583333333333,0.4291666666666667,47.541666666666664
2015-11-04,35.356615,-119.062613,9.5,0.035,52.0,Bakersfield-California,11.7335,65.35729766666667,5.738188816666667,1014.6625,0.0,33.75
2015-11-05,35.356615,-119.062613,13.6,0.035,59.0,Bakersfield-California,10.6772499875,56.6612515,5.085208,1021.65,0.0,9.666666666666666
2015-11-06,35.356615,-119.062613,27.3,0.032,85.0,Bakersfield-California,12.718916654166668,45.690805875,5.720215395833333,1023.6750000000001,0.0,21.25
2015-11-07,35.356615,-119.062613,30.7,0.041,91.0,Bakersfield-California,13.014749987499998,51.749596375,3.8688799445833335,1021.1,0.0,3.2083333333333335
2015-11-08,35.356615,-119.062613,24.8,0.044,80.0,Bakersfield-California,13.370999974999998,54.27150758333334,5.177443254166667,1015.8416666666667,0.0,8.333333333333334
2015-11-09,35.356615,-119.062613,24.8,0.039,80.0,Bakersfield-California,13.671,60.14041533333333,4.614700215416667,1014.4916666666667,0.025000000000000005,35.916666666666664
2015-11-10,35.356615,-119.062613,5.3,0.038,29.0,Bakersfield-California,10.8709999875,74.015574,4.9776976,1019.3249999999999,0.39166666666666666,48.083333333333336
2015-11-11,35.356615,-119.062613,12.7,0.039,58.0,Bakersfield-California,9.9459999875,70.02776154166666,4.796917016666667,1027.3708333333334,0.020833333333333332,56.5
2015-11-12,35.356615,-119.062613,28.4,0.036,87.0,Bakersfield-California,10.371,69.23472920833333,6.737164566666666,1024.1208333333334,0.0,0.041666666666666664
2015-11-13,35.356615,-119.062613,41.6,0.039,116.0,Bakersfield-California,11.164749962500002,68.632654,6.219424658333334,1019.0,0.0,0.0
2015-11-14,35.356615,-119.062613,55.7,0.044,151.0,Bakersfield-California,12.550166629166666,58.028960500000004,4.685385674166667,1014.8833333333333,0.0,0.0
2015-11-15,35.356615,-119.062613,18.6,0.036,69.0,Bakersfield-California,11.593916666666667,59.47112120833333,6.593933541666666,1011.2083333333334,0.07083333333333335,16.041666666666668
2015-11-16,35.356615,-119.062613,7.0,0.036,39.0,Bakersfield-California,7.800166633333333,76.85375258333333,6.846637575,1017.7958333333332,0.6666666666666666,51.541666666666664
2015-11-17,35.356615,-119.062613,13.4,0.033,59.0,Bakersfield-California,7.5626666375000005,59.26320104166667,5.079239070833333,1025.5958333333333,0.0,27.75
2015-11-18,35.356615,-119.062613,22.6,0.028,76.0,Bakersfield-California,9.5834999625,56.652588458333334,5.0269739583333335,1023.6916666666666,0.0,43.208333333333336
2015-11-19,35.356615,-119.062613,26.6,0.034,84.0,Bakersfield-California,10.72725,64.72967220833333,6.545014125000001,1020.5541666666667,0.0,15.041666666666666
2015-11-20,35.356615,-119.062613,33.0,0.035,96.0,Bakersfield-California,12.768916666666668,65.1668715,5.618128920833333,1018.6041666666666,0.0,14.875
2015-11-21,35.356615,-119.062613,48.7,0.043,134.0,Bakersfield-California,13.141833320833333,70.8370505,4.71295025,1017.5124999999999,0.0,0.0
2015-11-22,35.356615,-119.062613,51.5,0.051,140.0,Bakersfield-California,14.343916666666667,61.718992625,5.509342129166666,1015.8249999999999,0.0,0.5416666666666666
2015-11-23,35.356615,-119.062613,27.1,0.037,85.0,Bakersfield-California,14.960583333333332,48.544073499999996,7.0804863000000005,1012.2875,0.0,35.541666666666664
2015-11-24,35.356615,-119.062613,22.1,0.038,75.0,Bakersfield-California,13.706416654166667,53.93246366666667,5.937787383333333,1012.2333333333332,0.0,9.125
2015-11-25,35.356615,-119.062613,7.2,0.035,40.0,Bakersfield-California,10.252249987499999,70.47731945833333,5.232120295833333,1012.8916666666668,0.22916666666666666,68.83333333333333
2015-11-26,35.356615,-119.062613,13.1,0.034,58.0,Bakersfield-California,7.227249966666666,65.29339529166667,6.0749418125000005,1016.4541666666668,0.0,15.833333333333334
2015-11-27,35.356615,-119.062613,21.0,0.031,73.0,Bakersfield-California,7.437666616666667,64.92257770833334,6.5676407125,1018.3375,0.0,13.041666666666666
2015-11-28,35.356615,-119.062613,21.7,0.031,74.0,Bakersfield-California,7.320999954166667,59.6790015,3.4144556125,1019.475,0.0,35.583333333333336
2015-11-29,35.356615,-119.062613,25.0,0.031,81.0,Bakersfield-California,6.681416637083333,56.1180195,4.286219208333333,1020.7291666666666,0.0,9.75
2015-11-30,35.356615,-119.062613,23.8,0.03,78.0,Bakersfield-California,6.706416655000001,54.93,5.013775670833334,1022.1083333333332,0.0,4.791666666666667
2015-12-01,35.356615,-119.062613,31.4,0.026,93.0,Bakersfield-California,8.7772499875,50.712197374999995,4.729133258333333,1022.4541666666668,0.0,4.083333333333333
2015-12-02,35.356615,-119.062613,44.5,0.03,123.0,Bakersfield-California,8.2980833,58.73200820833333,4.6726616875,1022.5333333333333,0.0,28.416666666666668
2015-12-03,35.356615,-119.062613,38.8,0.026,109.0,Bakersfield-California,11.579333320833333,50.4857905,7.4625438583333334,1017.9,0.0,66.54166666666667
2015-12-04,35.356615,-119.062613,6.9,0.032,38.0,Bakersfield-California,12.306416666666665,69.89857904166666,7.1047754625,1020.1750000000001,0.08333333333333333,86.125
2015-12-05,35.356615,-119.062613,21.3,0.023,74.0,Bakersfield-California,10.0397499875,70.88085583333333,5.208142554166667,1024.2749999999999,0.0,70.41666666666667
2015-12-06,35.356615,-119.062613,25.0,0.027,81.0,Bakersfield-California,11.366833345833333,52.265821249999995,6.739780579166666,1024.6291666666666,0.0,83.29166666666667
2015-12-07,35.356615,-119.062613,23.9,0.031,79.0,Bakersfield-California,11.956416654166667,51.424146916666665,4.3435450583333335,1024.6083333333333,0.0,61.0
2015-12-08,35.356615,-119.062613,27.5,0.029,85.0,Bakersfield-California,11.875166654166668,60.938673791666666,4.8180324458333335,1022.9791666666666,0.0,52.75
2015-12-09,35.356615,-119.062613,35.4,0.025,100.0,Bakersfield-California,11.573083308333333,78.77354841666666,5.519482079166667,1021.0416666666666,0.0,90.875
2015-12-10,35.356615,-119.062613,28.7,0.018,88.0,Bakersfield-California,11.862666616666667,69.03902983333333,5.227866991666667,1015.6458333333334,0.0,76.33333333333333
2015-12-11,35.356615,-119.062613,9.3,0.036,51.0,Bakersfield-California,11.296,78.73501429166667,5.493722707083333,1011.9708333333333,0.6833333333333332,78.16666666666667
2015-12-12,35.356615,-119.062613,13.2,0.032,59.0,Bakersfield-California,7.868916654166667,77.36521829166666,5.868711470833333,1017.7416666666667,0.0,60.708333333333336
2015-12-13,35.356615,-119.062613,13.0,0.032,58.0,Bakersfield-California,8.618916633333333,66.75541283333332,4.233838682083333,1020.4958333333334,0.0,38.791666666666664
2015-12-14,35.356615,-119.062613,7.0,0.033,39.0,Bakersfield-California,6.670999979166666,81.63010508333333,6.733143608333333,1017.2041666666668,0.4666666666666666,71.83333333333333
2015-12-15,35.356615,-119.062613,12.2,0.029,57.0,Bakersfield-California,4.539749954166667,70.99016454166666,6.049084829166667,1019.7791666666667,0.0,22.0
2015-12-16,35.356615,-119.062613,26.1,0.025,83.0,Bakersfield-California,5.270999987083333,62.579037916666664,4.513760983333333,1023.1916666666666,0.0,16.958333333333332
2015-12-17,35.356615,-119.062613,37.0,0.022,105.0,Bakersfield-California,5.860583299999999,64.29948516666667,3.7020880916666665,1024.5083333333334,0.0,5.125
2015-12-18,35.356615,-119.062613,34.3,0.018,98.0,Bakersfield-California,7.073083325,66.32965800000001,5.273256366666667,1020.5416666666666,0.0,0.2916666666666667
2015-12-19,35.356615,-119.062613,28.8,0.016,88.0,Bakersfield-California,7.318916649999999,70.363574125,7.1464986999999995,1014.5166666666668,0.049999999999999996,26.0
2015-12-20,35.356615,-119.062613,12.5,0.027,57.0,Bakersfield-California,7.7168333208333335,88.50152404166666,5.185093125,1021.2083333333334,0.4583333333333333,90.125
2015-12-21,35.356615,-119.062613,10.3,0.026,53.0,Bakersfield-California,7.708499987500001,75.53196345833334,4.1796818875,1023.4791666666666,0.004166666666666667,89.875
2015-12-22,35.356615,-119.062613,6.0,0.028,33.0,Bakersfield-California,11.756416666666667,88.47655433333334,4.7360812,1013.1750000000001,0.8541666666666666,98.875
2015-12-23,35.356615,-119.062613,8.4,0.034,47.0,Bakersfield-California,11.106416666666668,85.91685912499999,9.014820870833335,1011.9250000000001,0.8833333333333333,98.58333333333333
2015-12-24,35.356615,-119.062613,6.2,0.032,34.0,Bakersfield-California,8.168916629166667,68.71677333333334,5.518086341666667,1016.1875,0.0,87.20833333333333
2015-12-25,35.356615,-119.062613,9.5,0.037,52.0,Bakersfield-California,5.923083283333334,80.695842,5.612511033333334,1019.8249999999999,0.5916666666666667,64.20833333333333
2015-12-26,35.356615,-119.062613,14.4,0.03,61.0,Bakersfield-California,5.2251666125,67.99850408333333,6.261236615833333,1026.9208333333333,0.0,39.416666666666664
2015-12-27,35.356615,-119.062613,22.4,0.02,76.0,Bakersfield-California,4.587666648333333,64.7767875,5.108708620833333,1025.8374999999999,0.0,9.833333333333334
2015-12-28,35.356615,-119.062613,25.3,0.019,81.0,Bakersfield-California,4.998083302083333,58.689708125,4.720462170833334,1018.0875,0.0,31.125
2015-12-29,35.356615,-119.062613,20.1,0.025,71.0,Bakersfield-California,4.281416604166666,70.35834858333334,4.891515316666667,1017.8541666666666,0.0,57.375
2015-12-30,35.356615,-119.062613,20.7,0.025,73.0,Bakersfield-California,4.68766665,72.47199970833333,3.5073746375,1023.0958333333333,0.0,31.708333333333332
2015-12-31,35.356615,-119.062613,20.7,0.025,73.0,Bakersfield-California,4.68766665,72.47199970833333,3.5073746375,1023.0958333333333,0.0,31.708333333333332
2016-01-01,35.356615,-119.062613,54.6,0.026,148.0,Bakersfield-California,5.0272499938875,60.552936375,7.265292312500001,1020.4125,0.0,3.4583333333333335
2016-01-02,35.356615,-119.062613,37.6,0.021,106.0,Bakersfield-California,7.73974995,54.25496283333334,7.9125944125,1018.8791666666666,0.0,84.54166666666667
2016-01-03,35.356615,-119.062613,25.8,0.023,82.0,Bakersfield-California,9.258499925,55.00894283333333,9.033435054166667,1013.8333333333334,0.0,84.70833333333333
2016-01-04,35.356615,-119.062613,27.5,0.019,85.0,Bakersfield-California,9.821,61.23403083333333,6.279557958333334,1008.6125000000001,0.0,92.0
2016-01-05,35.356615,-119.062613,12.0,0.021,56.0,Bakersfield-California,10.673083333333333,76.08232104166667,8.250113333333333,1007.6708333333332,0.18333333333333335,80.20833333333333
2016-01-06,35.356615,-119.062613,5.2,0.035,29.0,Bakersfield-California,8.4647499625,87.01828941666668,7.100476175,1011.7375000000001,0.29583333333333334,75.75
2016-01-07,35.356615,-119.062613,3.6,0.038,20.0,Bakersfield-California,7.216833295833333,81.915036625,5.624649979166667,1011.8416666666667,0.10000000000000002,85.20833333333333
2016-01-08,35.356615,-119.062613,14.8,0.028,62.0,Bakersfield-California,7.860583295833333,76.13823620833334,6.148481091666667,1017.8083333333334,0.004166666666666667,78.33333333333333
2016-01-09,35.356615,-119.062613,22.6,0.019,76.0,Bakersfield-California,7.70849995,76.87994208333333,4.223739866666667,1021.2375000000001,0.0,80.125
2016-01-10,35.356615,-119.062613,16.7,0.025,65.0,Bakersfield-California,10.46475,74.94912416666666,3.579172425,1021.5500000000001,0.0,77.58333333333333
2016-01-11,35.356615,-119.062613,19.7,0.024,71.0,Bakersfield-California,8.739749970833333,76.73210020833334,4.353408265,1024.9541666666667,0.0,57.833333333333336
2016-01-12,35.356615,-119.062613,23.2,0.021,77.0,Bakersfield-California,8.606416641666668,67.98864225,5.721770054166666,1024.7708333333333,0.0,40.708333333333336
2016-01-13,35.356615,-119.062613,15.3,0.019,63.0,Bakersfield-California,9.1293332625,64.231186625,6.267414129166667,1021.2208333333333,0.0,80.5
2016-01-14,35.356615,-119.062613,12.6,0.032,58.0,Bakersfield-California,10.333499975,66.87215141666667,4.08681195,1021.4666666666667,0.0,93.625
2016-01-15,35.356615,-119.062613,10.1,0.036,53.0,Bakersfield-California,9.37725,79.62500429166667,3.8270398291666665,1019.1083333333332,0.13333333333333333,79.54166666666667
2016-01-16,35.356615,-119.062613,14.8,0.034,62.0,Bakersfield-California,9.968916616666666,79.03535112499999,4.480061770833333,1021.8375,0.0,87.66666666666667
2016-01-17,35.356615,-119.062613,18.4,0.027,68.0,Bakersfield-California,10.891833295833335,76.93340875,6.240546062500001,1021.6875,0.0,60.5
2016-01-18,35.356615,-119.062613,9.2,0.025,51.0,Bakersfield-California,12.712666666666665,73.25957541666666,4.626068270833334,1020.9041666666667,0.03333333333333333,94.20833333333333
2016-01-19,35.356615,-119.062613,11.4,0.005,55.0,Bakersfield-California,10.458499975,87.548937875,6.7684084833333324,1021.0124999999999,0.17916666666666667,91.5
2016-01-20,35.356615,-119.062613,10.2,0.015,53.0,Bakersfield-California,11.712666679166666,90.83545637499999,4.5596946,1022.65,0.1125,79.75
2016-01-21,35.356615,-119.062613,8.4,0.019,47.0,Bakersfield-California,11.148083320833335,77.41589745833333,5.0835709,1022.5625,0.0,75.20833333333333
2016-01-22,35.356615,-119.062613,11.7,0.022,56.0,Bakersfield-California,12.037666666666667,62.984328500000004,7.8847353,1019.1791666666667,0.0,85.25
2016-01-23,35.356615,-119.062613,10.5,0.031,54.0,Bakersfield-California,13.150166666666665,70.82574741666667,4.604094475,1017.1666666666666,0.049999999999999996,90.66666666666667
2016-01-24,35.356615,-119.062613,7.1,0.035,39.0,Bakersfield-California,9.623083345833335,83.97385191666667,5.402910304166666,1021.1916666666666,0.2625,86.54166666666667
2016-01-25,35.356615,-119.062613,9.8,0.033,52.0,Bakersfield-California,9.550166666666668,75.384229375,5.87912901125,1023.1875,0.0,83.125
2016-01-26,35.356615,-119.062613,18.5,0.029,69.0,Bakersfield-California,9.823083295833333,78.56637495833333,5.788054670833334,1025.2958333333333,0.0,20.208333333333332
2016-01-27,35.356615,-119.062613,26.1,0.019,83.0,Bakersfield-California,9.750166641666667,76.70293025,5.1307386125,1025.8958333333333,0.0,79.91666666666667
2016-01-28,35.356615,-119.062613,29.9,0.027,90.0,Bakersfield-California,10.485583333333333,69.98904245833333,4.9073547458333335,1024.925,0.0,38.791666666666664
2016-01-29,35.356615,-119.062613,30.8,0.034,91.0,Bakersfield-California,11.029333308333333,74.66064808333333,4.398001104166666,1022.5500000000001,0.0,59.208333333333336
2016-01-30,35.356615,-119.062613,12.8,0.025,58.0,Bakersfield-California,11.812666666666667,81.32915479166667,4.414488204166667,1016.8833333333333,0.0375,46.5
2016-01-31,35.356615,-119.062613,6.5,0.03,36.0,Bakersfield-California,9.5085,92.7357665,7.045293979166666,1010.6166666666667,0.8875000000000001,92.16666666666667
2016-02-01,35.356615,-119.062613,6.5,0.03,36.0,Bakersfield-California,9.5085,92.7357665,7.045293979166666,1010.6166666666667,0.8875000000000001,92.16666666666667
2016-02-02,35.356615,-119.062613,11.7,0.029,56.0,Bakersfield-California,4.4543333272500005,63.6568805,4.11035746125,1025.1708333333333,0.0,35.791666666666664
2016-02-03,35.356615,-119.062613,14.4,0.026,61.0,Bakersfield-California,5.539749987666667,72.670568125,3.3851974583333333,1027.1166666666666,0.0,43.0
2016-02-04,35.356615,-119.062613,18.7,0.031,69.0,Bakersfield-California,7.185583331666667,70.72938925,4.737322241666667,1029.4708333333333,0.0,46.666666666666664
2016-02-05,35.356615,-119.062613,33.2,0.027,96.0,Bakersfield-California,8.395999958333332,73.97454658333334,5.182477904166666,1029.0458333333333,0.0,16.416666666666668
2016-02-06,35.356615,-119.062613,47.0,0.031,129.0,Bakersfield-California,9.610583320833333,76.38053970833333,5.262319158333333,1028.3416666666667,0.0,5.666666666666667
2016-02-07,35.356615,-119.062613,38.6,0.035,109.0,Bakersfield-California,11.454333266666666,75.07778358333333,5.925851841666667,1024.8833333333334,0.0,0.041666666666666664
2016-02-08,35.356615,-119.062613,23.3,0.029,77.0,Bakersfield-California,12.65849995,74.15594266666666,6.223998825,1022.8166666666666,0.0,0.0
2016-02-09,35.356615,-119.062613,21.0,0.039,73.0,Bakersfield-California,13.623083308333333,70.566550375,6.000787216666667,1022.3249999999999,0.0,3.6666666666666665
2016-02-10,35.356615,-119.062613,25.8,0.044,82.0,Bakersfield-California,14.110583320833333,69.80193858333332,5.081954095833333,1021.9125,0.0,21.166666666666668
2016-02-11,35.356615,-119.062613,39.0,0.046,110.0,Bakersfield-California,13.843916654166668,71.78665970833333,5.114132616666667,1020.5541666666667,0.0,11.5
2016-02-12,35.356615,-119.062613,36.5,0.046,103.0,Bakersfield-California,13.868916666666665,68.928755375,5.1692898625,1020.6999999999999,0.0,61.166666666666664
2016-02-13,35.356615,-119.062613,40.7,0.051,114.0,Bakersfield-California,14.779333333333334,69.87615116666667,4.574867383333333,1021.7208333333333,0.0,17.791666666666668
2016-02-14,35.356615,-119.062613,34.4,0.045,98.0,Bakersfield-California,13.723083333333333,77.65790541666667,4.735427025,1023.1999999999999,0.008333333333333333,51.916666666666664
2016-02-15,35.356615,-119.062613,21.8,0.044,75.0,Bakersfield-California,13.8460000125,74.702354125,5.0660630583333335,1020.725,0.0,30.75
2016-02-16,35.356615,-119.062613,29.0,0.005,88.0,Bakersfield-California,15.5959999875,74.09140229166667,5.186639083333334,1015.5791666666668,0.0,4.416666666666667
2016-02-17,35.356615,-119.062613,20.1,0.033,71.0,Bakersfield-California,15.156416666666667,66.50709258333333,7.484717016666667,1007.9458333333333,0.0,41.708333333333336
2016-02-18,35.356615,-119.062613,4.4,0.043,24.0,Bakersfield-California,13.38975,71.69594429166666,8.089749254166668,1011.4291666666667,0.19166666666666665,67.91666666666667
2016-02-19,35.356615,-119.062613,6.2,0.039,34.0,Bakersfield-California,10.445999975,66.593748,4.359662145833333,1018.6541666666667,0.0,2.9166666666666665
2016-02-20,35.356615,-119.062613,14.2,0.038,61.0,Bakersfield-California,11.5835,67.576018125,5.2902124375,1021.9333333333334,0.0,13.875
2016-02-21,35.356615,-119.062613,22.7,0.036,76.0,Bakersfield-California,12.235583333333333,76.38235058333333,5.458033104166667,1022.1458333333334,0.008333333333333333,59.166666666666664
2016-02-22,35.356615,-119.062613,21.4,0.039,74.0,Bakersfield-California,12.279333333333334,75.08737537500001,6.338287508333334,1022.4333333333334,0.008333333333333333,58.458333333333336
2016-02-23,35.356615,-119.062613,21.8,0.039,75.0,Bakersfield-California,12.685583308333333,70.13369516666667,4.20884955,1017.8041666666667,0.0,59.625
2016-02-24,35.356615,-119.062613,10.3,0.037,53.0,Bakersfield-California,14.291833320833334,52.63243433333333,7.54888752,1018.5833333333334,0.0,40.583333333333336
2016-02-25,35.356615,-119.062613,16.1,0.047,64.0,Bakersfield-California,14.821,56.159019208333326,5.002291958333333,1019.0083333333333,0.0,2.2083333333333335
2016-02-26,35.356615,-119.062613,19.9,0.044,71.0,Bakersfield-California,15.689749999999998,59.9949205,4.853761749999999,1018.4875000000001,0.0,40.041666666666664
2016-02-27,35.356615,-119.062613,13.9,0.034,60.0,Bakersfield-California,16.67725,61.203067125,5.051467725,1019.7791666666667,0.0,39.166666666666664
2016-02-28,35.356615,-119.062613,13.9,0.035,60.0,Bakersfield-California,15.554333333333332,69.912540875,4.4510066625,1020.1458333333334,0.0,58.916666666666664
2016-02-29,35.356615,-119.062613,12.3,0.041,57.0,Bakersfield-California,14.948083333333335,69.13204816666666,5.9760289875,1020.7333333333332,0.0,46.291666666666664
2016-03-01,35.356615,-119.062613,14.9,0.047,62.0,Bakersfield-California,15.762666666666666,67.02026129166667,4.101463936666667,1019.7875,0.0,54.375
2016-03-02,35.356615,-119.062613,11.7,0.047,56.0,Bakersfield-California,16.793916666666664,59.56567316666667,4.3790386083333335,1018.5166666666668,0.0,61.25
2016-03-03,35.356615,-119.062613,15.6,0.035,63.0,Bakersfield-California,16.464749916666666,54.58343583333333,4.674589145833333,1017.8083333333334,0.0,98.625
2016-03-04,35.356615,-119.062613,14.0,0.047,60.0,Bakersfield-California,15.825166666666668,64.95227716666666,5.4733209333333335,1016.5749999999999,0.0,68.04166666666667
2016-03-05,35.356615,-119.062613,7.9,0.031,44.0,Bakersfield-California,16.368916666666667,70.19347691666667,5.438697883333333,1015.0458333333332,0.03333333333333333,85.83333333333333
2016-03-06,35.356615,-119.062613,3.8,0.046,21.0,Bakersfield-California,14.448083333333335,73.61549691666666,6.273617654166666,1013.1541666666667,0.42083333333333334,66.41666666666667
2016-03-07,35.356615,-119.062613,2.3,0.043,13.0,Bakersfield-California,9.983500000000001,73.7154445,5.417652254166666,1012.3833333333333,0.1708333333333333,61.75
2016-03-08,35.356615,-119.062613,5.1,0.04,28.0,Bakersfield-California,9.6209999625,80.41685283333334,5.284948108333333,1015.7041666666668,0.1416666666666667,87.25
2016-03-09,35.356615,-119.062613,10.7,0.044,54.0,Bakersfield-California,12.168916625,68.186304125,4.4879281575,1019.6416666666668,0.0,60.625
2016-03-10,35.356615,-119.062613,4.8,0.032,27.0,Bakersfield-California,15.300166666666668,66.74938525,5.316331183333333,1017.8958333333334,0.0,58.958333333333336
2016-03-11,35.356615,-119.062613,5.3,0.034,29.0,Bakersfield-California,15.829333333333333,63.71460375,7.920153179166667,1012.0749999999999,0.25416666666666665,82.875
2016-03-12,35.356615,-119.062613,5.0,0.038,28.0,Bakersfield-California,10.0335,81.65650108333334,4.9686102666666665,1020.0416666666666,0.17500000000000002,83.29166666666667
2016-03-13,35.356615,-119.062613,5.3,0.04,29.0,Bakersfield-California,11.633499958333333,72.78607745833334,4.292885922916667,1021.9666666666667,0.0,81.66666666666667
2016-03-14,35.356615,-119.062613,3.7,0.036,21.0,Bakersfield-California,14.4835,74.24313720833334,6.161080879166668,1020.1374999999999,0.2041666666666667,96.20833333333333
2016-03-15,35.356615,-119.062613,8.8,0.042,49.0,Bakersfield-California,13.018916666666668,73.54476566666666,5.955816979166666,1022.5458333333332,0.008333333333333333,98.16666666666667
2016-03-16,35.356615,-119.062613,12.5,0.048,57.0,Bakersfield-California,14.1835,66.518565875,6.078274979166667,1018.8125,0.0,26.916666666666668
2016-03-17,35.356615,-119.062613,18.2,0.053,68.0,Bakersfield-California,17.112666666666666,63.80940591666667,4.039427091666666,1013.9541666666668,0.0,0.0
2016-03-18,35.356615,-119.062613,18.8,0.055,69.0,Bakersfield-California,17.25433333333333,61.273368291666664,5.3135585,1012.8000000000001,0.0,5.833333333333333
2016-03-19,35.356615,-119.062613,14.9,0.052,62.0,Bakersfield-California,17.641833333333334,65.74138241666667,4.240053254166667,1014.7583333333333,0.0,61.416666666666664
2016-03-20,35.356615,-119.062613,6.6,0.039,37.0,Bakersfield-California,17.81475,65.64920670833334,5.420465204166667,1015.7791666666667,0.0,75.16666666666667
2016-03-21,35.356615,-119.062613,6.6,0.039,37.0,Bakersfield-California,17.81475,65.64920670833334,5.420465204166667,1015.7791666666667,0.0,75.16666666666667
2016-03-22,35.356615,-119.062613,5.8,0.039,32.0,Bakersfield-California,13.875166666666667,59.58835895833334,9.760985745833333,1020.0500000000001,0.19166666666666665,55.333333333333336
2016-03-23,35.356615,-119.062613,6.4,0.04,36.0,Bakersfield-California,12.483499975,49.091326875,6.869368216666667,1023.1916666666666,0.0,25.666666666666668
2016-03-24,35.356615,-119.062613,12.5,0.045,57.0,Bakersfield-California,14.71475,52.28085275,5.003603845833333,1023.6083333333332,0.0,7.125
2016-03-25,35.356615,-119.062613,9.4,0.041,52.0,Bakersfield-California,15.116833333333332,58.215638541666664,5.212182345833333,1017.8958333333334,0.0,38.375
2016-03-26,35.356615,-119.062613,7.9,0.042,44.0,Bakersfield-California,16.0585,58.29581808333333,5.509351920833333,1013.2166666666667,0.0,22.208333333333332
2016-03-27,35.356615,-119.062613,6.0,0.046,33.0,Bakersfield-California,18.02725,53.59603870833333,4.543848191666666,1015.4708333333333,0.0,46.291666666666664
2016-03-28,35.356615,-119.062613,4.3,0.044,24.0,Bakersfield-California,16.62933333333333,45.588550958333336,8.776465729166667,1012.4208333333332,0.0,41.25
2016-03-29,35.356615,-119.062613,4.2,0.039,23.0,Bakersfield-California,11.500166666666667,42.199195583333335,6.618475745833333,1012.3249999999999,0.0,43.958333333333336
2016-03-30,35.356615,-119.062613,6.8,0.043,38.0,Bakersfield-California,11.9835,42.25613416666666,5.4625528333333335,1013.6458333333334,0.0,16.5
2016-03-31,35.356615,-119.062613,8.7,0.044,48.0,Bakersfield-California,13.8897500125,45.588930624999996,5.5663594125,1017.6458333333334,0.0,13.666666666666666
2016-04-01,35.356615,-119.062613,12.0,0.049,56.0,Bakersfield-California,15.82725,49.69257470833333,5.704645465833334,1018.9375,0.0,19.583333333333332
2016-04-02,35.356615,-119.062613,15.1,0.049,62.0,Bakersfield-California,18.881416666666667,47.844013,5.44657707375,1019.5291666666667,0.0,1.0416666666666667
2016-04-03,35.356615,-119.062613,10.2,0.045,53.0,Bakersfield-California,20.623083333333334,37.680432958333334,5.5247476041666665,1017.0833333333334,0.0,19.083333333333332
2016-04-04,35.356615,-119.062613,7.0,0.041,39.0,Bakersfield-California,20.925166666666666,38.78917641666667,4.5655295125,1018.7041666666668,0.0,48.666666666666664
2016-04-05,35.356615,-119.062613,11.4,0.046,55.0,Bakersfield-California,19.871,45.53869929166667,6.597563975,1020.4916666666667,0.0,0.0
2016-04-06,35.356615,-119.062613,18.3,0.049,68.0,Bakersfield-California,22.550166666666666,40.88044870833333,4.288474375,1018.1208333333334,0.0,67.5
2016-04-07,35.356615,-119.062613,14.6,0.044,61.0,Bakersfield-California,23.423083333333334,33.483866166666665,5.544502890833333,1013.0916666666667,0.0,99.45833333333333
2016-04-08,35.356615,-119.062613,12.1,0.032,57.0,Bakersfield-California,19.18766666666667,51.728638458333336,5.7103314125,1011.0541666666667,0.075,96.0
2016-04-09,35.356615,-119.062613,3.0,0.03,17.0,Bakersfield-California,16.850166666666667,75.84225579166666,4.9920942375,1012.1541666666667,0.39999999999999997,81.33333333333333
2016-04-10,35.356615,-119.062613,2.1,0.026,12.0,Bakersfield-California,15.91475,72.45095129166667,4.97140715,1011.3333333333334,0.09583333333333333,67.08333333333333
2016-04-11,35.356615,-119.062613,6.8,0.032,38.0,Bakersfield-California,16.262666666666664,68.535629125,4.98888571125,1015.8541666666666,0.004166666666666667,70.25
2016-04-12,35.356615,-119.062613,6.8,0.032,38.0,Bakersfield-California,16.262666666666664,68.535629125,4.98888571125,1015.8541666666666,0.004166666666666667,70.25
2016-04-13,35.356615,-119.062613,10.5,0.032,54.0,Bakersfield-California,17.26475,68.10369949999999,5.448792170833333,1020.1,0.0,58.541666666666664
2016-04-14,35.356615,-119.062613,6.7,0.044,37.0,Bakersfield-California,16.856416666666664,56.184687499999995,7.285163762500001,1017.5083333333333,0.0,28.041666666666668
2016-04-15,35.356615,-119.062613,5.3,0.041,29.0,Bakersfield-California,14.135583333333335,51.384815833333334,8.0122282875,1016.6916666666666,0.004166666666666667,66.0
2016-04-16,35.356615,-119.062613,5.8,0.043,32.0,Bakersfield-California,15.85225,49.586720500000006,5.670303183333334,1017.5500000000001,0.0,2.8333333333333335
2016-04-17,35.356615,-119.062613,7.0,0.045,39.0,Bakersfield-California,20.00433333333333,40.6204654375,5.755414925,1016.35,0.0,0.0
2016-04-18,35.356615,-119.062613,7.0,0.049,39.0,Bakersfield-California,22.546000000000003,28.6454685625,5.4444545375,1015.7708333333334,0.0,13.375
2016-04-19,35.356615,-119.062613,8.5,0.064,47.0,Bakersfield-California,23.600166666666667,24.948452812499998,6.118687824999999,1014.1666666666666,0.0,55.708333333333336
2016-04-20,35.356615,-119.062613,7.8,0.065,43.0,Bakersfield-California,24.208499958333334,18.1225116875,5.33398167,1012.0291666666667,0.0,32.541666666666664
2016-04-21,35.356615,-119.062613,4.9,0.061,27.0,Bakersfield-California,22.741833333333332,21.8348660625,5.989340529166667,1011.0958333333333,0.0,93.33333333333333
2016-04-22,35.356615,-119.062613,5.1,0.047,28.0,Bakersfield-California,20.97725,45.076211916666665,9.709237554166666,1011.0875,0.0,19.166666666666668
2016-04-23,35.356615,-119.062613,4.3,0.056,24.0,Bakersfield-California,16.22725,51.28229558333334,8.565817975,1019.0791666666668,0.012500000000000002,70.29166666666667
2016-04-24,35.356615,-119.062613,6.5,0.05,36.0,Bakersfield-California,16.74183325,42.085582583333334,5.675343949999999,1016.8791666666666,0.0,37.375
2016-04-25,35.356615,-119.062613,5.7,0.051,32.0,Bakersfield-California,15.100166625,49.332589250000005,7.665175933333334,1013.6958333333333,0.15416666666666667,76.66666666666667
2016-04-26,35.356615,-119.062613,6.3,0.053,35.0,Bakersfield-California,13.237666666666668,41.925322375,6.400773908333334,1016.5625,0.0,31.916666666666668
2016-04-27,35.356615,-119.062613,6.3,0.056,35.0,Bakersfield-California,16.456416666666666,37.738263875,5.384332874999999,1013.9583333333334,0.0,30.75
2016-04-28,35.356615,-119.062613,7.7,0.048,43.0,Bakersfield-California,14.33975,64.55016870833333,7.241043508333333,1011.3333333333334,0.37083333333333335,89.91666666666667
2016-04-29,35.356615,-119.062613,7.5,0.056,42.0,Bakersfield-California,15.908499999999998,56.69616258333334,4.205472704166667,1014.35,0.0,22.833333333333332
2016-04-30,35.356615,-119.062613,7.9,0.055,44.0,Bakersfield-California,17.25225,51.31081583333333,4.9819608833333335,1010.4166666666666,0.0,55.75
2016-05-01,35.356615,-119.062613,5.5,0.054,31.0,Bakersfield-California,19.046,49.11866066666667,5.1621313125,1009.5500000000001,0.0,13.166666666666666
2016-05-02,35.356615,-119.062613,5.0,0.059,28.0,Bakersfield-California,22.4585,31.25341029166667,5.595613683333333,1013.1875,0.0,46.458333333333336
2016-05-03,35.356615,-119.062613,5.8,0.064,32.0,Bakersfield-California,23.956416666666666,30.54504975,4.155113266666667,1012.8791666666666,0.0,39.625
2016-05-04,35.356615,-119.062613,7.9,0.058,44.0,Bakersfield-California,23.84391666666667,34.62329316666666,8.333412679166667,1009.0916666666667,0.0,79.375
2016-05-05,35.356615,-119.062613,4.6,0.045,26.0,Bakersfield-California,18.7335,50.59849495833333,9.250489783333334,1009.8125,0.0,34.416666666666664
2016-05-06,35.356615,-119.062613,4.6,0.041,26.0,Bakersfield-California,14.779333333333334,72.50657658333334,4.9263267583333334,1010.8833333333333,0.33749999999999997,85.25
2016-05-07,35.356615,-119.062613,4.1,0.048,23.0,Bakersfield-California,16.166833333333333,64.21448295833333,4.099300829166666,1012.4041666666667,0.0,75.33333333333333
2016-05-08,35.356615,-119.062613,5.7,0.049,32.0,Bakersfield-California,17.350166666666667,57.064461625,4.970076091666667,1013.5166666666668,0.0,71.875
2016-05-09,35.356615,-119.062613,8.0,0.056,44.0,Bakersfield-California,18.437666625000002,61.517453749999994,4.817335320833333,1013.1541666666667,0.0,46.125
2016-05-10,35.356615,-119.062613,9.5,0.06,52.0,Bakersfield-California,21.0085,57.52377191666667,4.488153645833333,1012.1208333333334,0.0,21.416666666666668
2016-05-11,35.356615,-119.062613,14.2,0.073,61.0,Bakersfield-California,22.87725,53.366225750000005,6.727115554166667,1012.8291666666668,0.0,30.791666666666668
2016-05-12,35.356615,-119.062613,14.3,0.077,61.0,Bakersfield-California,25.67725,46.21468729166667,7.4636535,1012.7041666666668,0.0,4.041666666666667
2016-05-13,35.356615,-119.062613,7.8,0.071,43.0,Bakersfield-California,27.198083333333333,35.97546475,8.472461066666666,1011.1666666666666,0.0,4.416666666666667
2016-05-14,35.356615,-119.062613,6.0,0.05,33.0,Bakersfield-California,23.798083333333334,39.11467891666667,8.247033137499999,1012.8000000000001,0.0,23.5
2016-05-15,35.356615,-119.062613,3.3,0.045,18.0,Bakersfield-California,21.11475,44.26580545833334,6.46220773625,1012.2916666666666,0.0,57.666666666666664
2016-05-16,35.356615,-119.062613,4.7,0.047,26.0,Bakersfield-California,21.014749958333333,40.737536291666665,5.299000620833334,1012.2958333333332,0.0,7.625
2016-05-17,35.356615,-119.062613,7.1,0.056,39.0,Bakersfield-California,22.93975,40.188733416666665,5.158448533333334,1010.4958333333334,0.0,4.791666666666667
2016-05-18,35.356615,-119.062613,5.2,0.06,29.0,Bakersfield-California,24.37725,34.03052220833333,5.38445004875,1012.1750000000001,0.0,4.791666666666667
2016-05-19,35.356615,-119.062613,8.0,0.053,44.0,Bakersfield-California,26.400166583333334,29.048994708333336,6.525685441666667,1009.3375,0.0,0.5416666666666666
2016-05-20,35.356615,-119.062613,3.7,0.044,21.0,Bakersfield-California,20.179333333333336,29.509908999999997,9.544576375,1007.5749999999999,0.0,34.75
2016-05-21,35.356615,-119.062613,3.2,0.041,18.0,Bakersfield-California,16.768916666666666,37.802899125,7.717082720833333,1013.5333333333333,0.0,24.791666666666668
2016-05-22,35.356615,-119.062613,3.9,0.047,22.0,Bakersfield-California,17.387666666666668,39.87684395833333,5.766419754166667,1016.7958333333332,0.0,38.083333333333336
2016-05-23,35.356615,-119.062613,4.3,0.047,24.0,Bakersfield-California,18.606416666666664,39.60763579166667,5.714265008333334,1013.1416666666668,0.0,17.125
2016-05-24,35.356615,-119.062613,2.9,0.039,16.0,Bakersfield-California,19.34808333333333,39.861382041666666,4.6873828325,1011.9208333333332,0.0,33.375
2016-05-25,35.356615,-119.062613,3.8,0.042,21.0,Bakersfield-California,19.01475,42.1435525,5.625488695833333,1016.2791666666667,0.0,78.08333333333333
2016-05-26,35.356615,-119.062613,4.6,0.047,26.0,Bakersfield-California,20.304333333333332,42.71161383333333,3.937861575,1017.2291666666666,0.0,30.25
2016-05-27,35.356615,-119.062613,9.3,0.061,51.0,Bakersfield-California,22.44599995833333,40.06096254166667,5.759323491666667,1012.3666666666667,0.0,1.625
2016-05-28,35.356615,-119.062613,10.1,0.065,53.0,Bakersfield-California,25.400166583333334,33.50735191666667,4.691974428333333,1007.9916666666667,0.0,43.5
2016-05-29,35.356615,-119.062613,9.0,0.066,50.0,Bakersfield-California,26.448083333333333,30.511741166666667,5.785132395833333,1010.3874999999999,0.0,43.5
2016-05-30,35.356615,-119.062613,10.6,0.066,54.0,Bakersfield-California,26.660583333333335,28.427729791666668,3.89100446125,1011.9833333333332,0.0,11.291666666666666
2016-05-31,35.356615,-119.062613,12.0,0.073,56.0,Bakersfield-California,27.7835,26.856236874999997,5.2662535,1009.4,0.0,7.041666666666667
2016-06-01,35.356615,-119.062613,10.6,0.067,54.0,Bakersfield-California,29.587666666666667,25.228812354166667,4.493431795833334,1007.9541666666668,0.0,16.208333333333332
2016-06-02,35.356615,-119.062613,8.7,0.064,48.0,Bakersfield-California,30.602249999999998,21.72021079166667,4.449928308333333,1010.6833333333334,0.0,53.916666666666664
2016-06-03,35.356615,-119.062613,11.7,0.072,56.0,Bakersfield-California,29.925166666666666,19.50403715,5.699308341666666,1012.6875,0.0,23.541666666666668
2016-06-04,35.356615,-119.062613,8.9,0.073,49.0,Bakersfield-California,31.146,17.9222754125,6.0859160625,1010.3249999999999,0.0,25.416666666666668
2016-06-05,35.356615,-119.062613,7.0,0.079,39.0,Bakersfield-California,31.573083333333333,17.184702275,5.364618958333334,1008.75,0.0,12.416666666666666
2016-06-06,35.356615,-119.062613,10.7,0.063,54.0,Bakersfield-California,30.475166666666667,22.643012083333332,4.08916235,1006.1374999999999,0.0,12.416666666666666
2016-06-07,35.356615,-119.062613,10.7,0.065,54.0,Bakersfield-California,30.40641666666667,24.022542166666668,3.893666920833333,1007.3833333333333,0.0,32.833333333333336
2016-06-08,35.356615,-119.062613,9.5,0.063,52.0,Bakersfield-California,29.68766666666667,31.801400541666666,5.166689441666667,1009.1125000000001,0.0,54.625
2016-06-09,35.356615,-119.062613,8.9,0.066,49.0,Bakersfield-California,28.485583333333334,29.26785679166667,5.201950232500001,1009.3291666666668,0.0,64.91666666666667
2016-06-10,35.356615,-119.062613,7.8,0.058,43.0,Bakersfield-California,27.18766666666667,30.250604499999998,5.777336125000001,1010.2333333333332,0.0,83.29166666666667
2016-06-11,35.356615,-119.062613,7.0,0.061,39.0,Bakersfield-California,26.573083333333333,28.12870116666667,7.220328762499999,1010.1291666666666,0.0,48.75
2016-06-12,35.356615,-119.062613,5.8,0.053,32.0,Bakersfield-California,25.087666666666667,41.41112925,7.4535896125,1012.4083333333333,0.0,13.0
2016-06-13,35.356615,-119.062613,7.5,0.058,42.0,Bakersfield-California,25.021,41.144143,4.481278570833333,1015.6083333333332,0.0,11.125
2016-06-14,35.356615,-119.062613,6.4,0.062,36.0,Bakersfield-California,24.74808333333333,31.669048708333335,5.867452583333333,1013.5124999999999,0.0,0.0
2016-06-15,35.356615,-119.062613,4.7,0.05,26.0,Bakersfield-California,22.646,29.026869,7.000503908333333,1011.8125,0.0,0.0
2016-06-16,35.356615,-119.062613,4.3,0.045,24.0,Bakersfield-California,20.693916666666667,33.32697554166666,6.096929612499999,1016.5041666666666,0.0,0.0
2016-06-17,35.356615,-119.062613,6.8,0.054,38.0,Bakersfield-California,22.835583333333332,30.807401666666664,4.362598774166667,1016.1875,0.0,0.0
2016-06-18,35.356615,-119.062613,5.7,0.057,32.0,Bakersfield-California,25.25016666666667,36.64989358333333,4.7187640958333334,1016.7333333333332,0.0,51.666666666666664
2016-06-19,35.356615,-119.062613,9.6,0.068,52.0,Bakersfield-California,26.668916666666664,32.99384258333333,5.488191162500001,1015.9625,0.0,15.041666666666666
2016-06-20,35.356615,-119.062613,11.9,0.079,56.0,Bakersfield-California,29.514750000000003,30.00813666666667,5.927410575,1013.525,0.0,4.0
2016-06-21,35.356615,-119.062613,9.2,0.068,51.0,Bakersfield-California,30.710583333333332,28.323487916666668,4.8909848625,1013.6333333333333,0.0,6.416666666666667
2016-06-22,35.356615,-119.062613,8.2,0.067,46.0,Bakersfield-California,31.018916666666666,22.666556020833337,4.524337633333333,1011.0500000000001,0.0,1.7916666666666667
2016-06-23,35.356615,-119.062613,9.8,0.074,52.0,Bakersfield-California,29.860583333333334,19.156812875,5.1001388875,1012.6583333333333,0.0,0.0
2016-06-24,35.356615,-119.062613,5.9,0.062,33.0,Bakersfield-California,28.858500000000003,20.742204270833334,5.016691561666667,1014.0458333333332,0.0,0.0
2016-06-25,35.356615,-119.062613,9.4,0.071,52.0,Bakersfield-California,27.514750000000003,26.762507583333335,4.9534525333333335,1012.3041666666667,0.0,0.0
2016-06-26,35.356615,-119.062613,10.7,0.074,54.0,Bakersfield-California,29.24808333333333,28.92097425,4.0241490083333336,1011.2041666666668,0.0,0.16666666666666666
2016-06-27,35.356615,-119.062613,11.4,0.068,55.0,Bakersfield-California,31.460583333333332,24.36819416666667,4.7061367291666665,1011.5208333333334,0.0,4.833333333333333
2016-06-28,35.356615,-119.062613,14.0,0.075,60.0,Bakersfield-California,32.83766666666667,22.0275079375,6.066223669999999,1011.2166666666667,0.0,9.541666666666666
2016-06-29,35.356615,-119.062613,13.3,0.074,59.0,Bakersfield-California,32.82308333333334,22.716889750000004,5.595222441666667,1009.9208333333332,0.0,2.9583333333333335
2016-06-30,35.356615,-119.062613,12.3,0.081,57.0,Bakersfield-California,32.69391658333333,23.894832625000003,6.559131620833334,1008.0708333333333,0.0,0.9583333333333334
2016-07-01,35.356615,-119.062613,12.5,0.082,57.0,Bakersfield-California,32.646,22.1718594375,6.114301391666667,1006.8125,0.0,0.4166666666666667
2016-07-02,35.356615,-119.062613,7.9,0.078,44.0,Bakersfield-California,31.331416666666666,29.271675000000002,6.899896141666667,1008.8208333333333,0.0,4.958333333333333
2016-07-03,35.356615,-119.062613,8.3,0.07,46.0,Bakersfield-California,30.829333333333334,28.377698374999998,6.70128065,1011.4333333333334,0.0,0.7083333333333334
2016-07-04,35.356615,-119.062613,13.2,0.069,59.0,Bakersfield-California,30.318916666666667,28.749754375,7.925855795833333,1011.8791666666666,0.0,0.0
2016-07-05,35.356615,-119.062613,7.6,0.065,42.0,Bakersfield-California,29.618916666666667,29.356888166666668,4.478165433333333,1011.5583333333334,0.0,0.0
2016-07-06,35.356615,-119.062613,8.3,0.065,46.0,Bakersfield-California,28.837666666666667,28.38902554166667,4.526663979166666,1011.1083333333332,0.0,0.625
2016-07-07,35.356615,-119.062613,9.8,0.061,52.0,Bakersfield-California,28.46891666666667,28.831749458333334,4.124786929166667,1011.3125,0.0,0.0
2016-07-08,35.356615,-119.062613,8.2,0.062,46.0,Bakersfield-California,28.766833333333334,29.601889333333332,4.451617075000001,1011.6458333333334,0.0,10.75
2016-07-09,35.356615,-119.062613,5.4,0.039,30.0,Bakersfield-California,28.496,33.10234191666667,4.269329816666667,1013.8249999999999,0.0,38.208333333333336
2016-07-10,35.356615,-119.062613,4.5,0.051,25.0,Bakersfield-California,27.0835,36.072371125,4.791671616666666,1014.0791666666668,0.0,0.0
2016-07-11,35.356615,-119.062613,6.3,0.056,35.0,Bakersfield-California,25.543916666666664,26.137113,5.130408208333333,1012.2333333333332,0.0,0.0
2016-07-12,35.356615,-119.062613,6.5,0.062,36.0,Bakersfield-California,26.506416666666667,26.706032708333336,4.1830348875,1010.725,0.0,0.0
2016-07-13,35.356615,-119.062613,10.2,0.065,53.0,Bakersfield-California,28.21475,23.384906520833336,4.313833929166667,1011.7416666666667,0.0,0.0
2016-07-14,35.356615,-119.062613,10.7,0.074,54.0,Bakersfield-California,30.012666666666664,23.454042916666666,4.2746054437500005,1012.0124999999999,0.0,0.0
2016-07-15,35.356615,-119.062613,11.6,0.085,56.0,Bakersfield-California,32.16683333333334,23.175162291666666,3.906417620833333,1010.0500000000001,0.0,0.0
2016-07-16,35.356615,-119.062613,5.7,0.071,32.0,Bakersfield-California,31.48975,24.540329749999998,6.1032064708333325,1008.2791666666667,0.0,0.0
2016-07-17,35.356615,-119.062613,6.2,0.07,34.0,Bakersfield-California,30.198083333333333,21.75031454166667,6.213832354166667,1008.8333333333334,0.0,0.0
2016-07-18,35.356615,-119.062613,6.8,0.063,38.0,Bakersfield-California,28.78141666666667,22.06733489583333,7.786440329166666,1012.4958333333334,0.0,0.0
2016-07-19,35.356615,-119.062613,8.5,0.067,47.0,Bakersfield-California,29.137666666666664,25.546059375,4.375751233333333,1013.9958333333334,0.0,0.0
2016-07-20,35.356615,-119.062613,8.3,0.069,46.0,Bakersfield-California,29.418916666666664,26.060105375000003,4.4998134625,1013.5500000000001,0.0,0.0
2016-07-21,35.356615,-119.062613,11.9,0.075,56.0,Bakersfield-California,30.173083333333334,25.484070208333335,3.7913751325000002,1013.2083333333334,0.0,0.08333333333333333
2016-07-22,35.356615,-119.062613,7.7,0.062,43.0,Bakersfield-California,30.15433333333333,25.178364666666667,4.745892620833334,1015.1166666666667,0.0,14.958333333333334
2016-07-23,35.356615,-119.062613,10.1,0.073,53.0,Bakersfield-California,29.200166666666664,25.713160833333333,4.949606658333333,1012.5375,0.0,11.25
2016-07-24,35.356615,-119.062613,9.4,0.075,52.0,Bakersfield-California,30.61475,24.99452175,4.732487728333333,1008.6999999999999,0.0,0.0
2016-07-25,35.356615,-119.062613,13.7,0.076,60.0,Bakersfield-California,32.41058333333333,22.261972208333333,4.1032839658333335,1009.7916666666666,0.0,0.0
2016-07-26,35.356615,-119.062613,16.3,0.082,64.0,Bakersfield-California,33.000166666666665,22.651263083333333,4.843239245,1009.5041666666666,0.0,2.25
2016-07-27,35.356615,-119.062613,19.1,0.077,70.0,Bakersfield-California,33.341833333333334,23.559550541666667,4.8170152625,1008.8291666666668,0.0,9.083333333333334
2016-07-28,35.356615,-119.062613,23.9,0.074,79.0,Bakersfield-California,33.96266666666667,22.69214679166667,4.206870579166666,1008.9625,0.0,1.1666666666666667
2016-07-29,35.356615,-119.062613,19.0,0.078,69.0,Bakersfield-California,34.01683333333333,24.8533834375,5.000361154166667,1007.3416666666667,0.0,0.7083333333333334
2016-07-30,35.356615,-119.062613,15.1,0.072,62.0,Bakersfield-California,34.63558333333334,23.135057375,5.060091941666666,1005.5791666666668,0.0,0.9583333333333334
2016-07-31,35.356615,-119.062613,7.9,0.055,44.0,Bakersfield-California,33.571,31.153059416666665,5.286885907083334,1007.3458333333333,0.0,0.375
2016-08-01,35.356615,-119.062613,10.9,0.061,54.0,Bakersfield-California,32.48141666666667,31.204359333333333,4.414338829166667,1009.4166666666666,0.0,0.08333333333333333
2016-08-02,35.356615,-119.062613,17.3,0.073,66.0,Bakersfield-California,32.098083333333335,30.19412733333333,4.335153133333333,1011.4083333333333,0.0,0.0
2016-08-03,35.356615,-119.062613,17.3,0.076,66.0,Bakersfield-California,31.787666666666667,28.440325666666666,3.6925570291666667,1011.2291666666666,0.0,0.2916666666666667
2016-08-04,35.356615,-119.062613,17.8,0.082,67.0,Bakersfield-California,31.18766666666667,25.680636979166668,4.389540299166667,1009.3166666666666,0.0,2.6666666666666665
2016-08-05,35.356615,-119.062613,14.5,0.076,61.0,Bakersfield-California,29.68766666666667,27.815307416666666,6.385112933333333,1008.2333333333332,0.0,0.0
2016-08-06,35.356615,-119.062613,16.7,0.075,65.0,Bakersfield-California,28.996,30.911384666666667,4.965597715416666,1008.1666666666666,0.0,0.0
2016-08-07,35.356615,-119.062613,11.3,0.065,55.0,Bakersfield-California,28.675166666666666,30.030462375,4.1077309416666665,1007.8874999999999,0.0,0.0
2016-08-08,35.356615,-119.062613,13.0,0.065,58.0,Bakersfield-California,27.741833333333332,28.030143041666665,3.79364979875,1007.5333333333333,0.0,0.0
2016-08-09,35.356615,-119.062613,14.1,0.068,60.0,Bakersfield-California,28.50225,24.258818666666667,4.851183554166666,1006.85,0.0,0.0
2016-08-10,35.356615,-119.062613,10.6,0.068,54.0,Bakersfield-California,28.08975,27.551914,6.633468391666667,1008.2875,0.0,0.0
2016-08-11,35.356615,-119.062613,12.2,0.079,57.0,Bakersfield-California,28.606416666666664,23.623432041666664,8.0623546875,1010.9791666666666,0.0,0.0
2016-08-12,35.356615,-119.062613,14.1,0.08,60.0,Bakersfield-California,30.514750000000003,25.37756945833333,6.8638559625,1012.5208333333334,0.0,0.0
2016-08-13,35.356615,-119.062613,16.8,0.084,65.0,Bakersfield-California,31.012666666666664,26.991636458333332,3.8580859208333336,1011.6625,0.0,0.0
2016-08-14,35.356615,-119.062613,13.3,0.078,59.0,Bakersfield-California,31.579333333333334,27.00597970833333,4.904795595833334,1009.5041666666666,0.0,0.0
2016-08-15,35.356615,-119.062613,9.0,0.068,50.0,Bakersfield-California,32.248083333333334,24.534814833333332,5.8022053541666665,1009.1,0.0,0.0
2016-08-16,35.356615,-119.062613,12.6,0.073,58.0,Bakersfield-California,31.423083333333334,23.988414000000002,6.101922995833333,1008.9583333333334,0.0,0.0
2016-08-17,35.356615,-119.062613,18.3,0.079,68.0,Bakersfield-California,31.198083333333333,22.358720416666667,4.100345704166666,1007.8583333333332,0.0,0.0
2016-08-18,35.356615,-119.062613,14.7,0.081,61.0,Bakersfield-California,31.28141666666667,23.222785454166665,5.022692420833334,1006.9083333333333,0.0,0.0
2016-08-19,35.356615,-119.062613,18.5,0.074,69.0,Bakersfield-California,30.566833333333335,24.826044066666668,7.4156981,1007.9708333333333,0.0,0.041666666666666664
2016-08-20,35.356615,-119.062613,21.8,0.08,75.0,Bakersfield-California,31.148083333333332,23.764899541666665,5.731358004166666,1009.8166666666666,0.0,12.833333333333334
2016-08-21,35.356615,-119.062613,17.2,0.077,66.0,Bakersfield-California,30.323083333333333,28.371104416666668,6.011314895833333,1009.3791666666666,0.0,13.291666666666666
2016-08-22,35.356615,-119.062613,12.4,0.05,57.0,Bakersfield-California,29.956416666666666,32.065451208333336,3.6709442083333332,1009.85,0.0,26.916666666666668
2016-08-23,35.356615,-119.062613,13.4,0.065,59.0,Bakersfield-California,29.225166666666667,36.22937541666666,4.06490975,1013.1333333333333,0.0,7.625
2016-08-24,35.356615,-119.062613,13.2,0.068,59.0,Bakersfield-California,28.700166666666664,29.294752541666668,5.0861821208333335,1014.9625,0.0,0.0
2016-08-25,35.356615,-119.062613,15.0,0.075,62.0,Bakersfield-California,28.521,28.694822416666668,4.444678704583334,1011.0666666666666,0.0,0.3333333333333333
2016-08-26,35.356615,-119.062613,11.1,0.068,55.0,Bakersfield-California,28.791833333333333,30.117004374999997,5.469232766666667,1009.35,0.0,0.08333333333333333
2016-08-27,35.356615,-119.062613,11.0,0.07,55.0,Bakersfield-California,27.181416666666667,38.91872145833333,5.592938679166667,1011.6541666666667,0.0,0.0
2016-08-28,35.356615,-119.062613,14.6,0.073,61.0,Bakersfield-California,27.604333333333333,38.85170383333333,4.7949861625,1013.9125,0.0,0.0
2016-08-29,35.356615,-119.062613,19.7,0.082,71.0,Bakersfield-California,28.683499916666666,34.779164333333334,4.8850135375,1014.2125,0.0,0.0
2016-08-30,35.356615,-119.062613,14.8,0.075,62.0,Bakersfield-California,28.62516666666667,33.73205154166667,5.214397545833333,1012.0208333333334,0.0,6.5
2016-08-31,35.356615,-119.062613,11.0,0.059,55.0,Bakersfield-California,28.608500000000003,34.01705725,6.5086243375,1009.5625,0.0,0.8333333333333334
2016-09-01,35.356615,-119.062613,10.0,0.06,53.0,Bakersfield-California,28.3335,32.338713500000004,5.7938011375,1010.4875000000001,0.0,0.0
2016-09-02,35.356615,-119.062613,9.8,0.065,52.0,Bakersfield-California,27.679333333333332,35.001192958333334,5.589381404166667,1009.7708333333334,0.0,0.0
2016-09-03,35.356615,-119.062613,10.5,0.056,54.0,Bakersfield-California,27.698083333333333,32.156652375,4.0248380487499995,1007.8041666666667,0.0,0.8333333333333334
2016-09-04,35.356615,-119.062613,9.2,0.045,51.0,Bakersfield-California,23.471,32.92057129166667,6.370235195833334,1008.0625,0.0,0.0
2016-09-05,35.356615,-119.062613,10.7,0.051,54.0,Bakersfield-California,22.081416666666666,34.099828583333334,4.530270865833333,1008.2875,0.0,19.333333333333332
2016-09-06,35.356615,-119.062613,13.8,0.068,60.0,Bakersfield-California,23.366833333333332,39.30130454166667,4.841702078333333,1009.0166666666668,0.0,0.0
2016-09-07,35.356615,-119.062613,15.8,0.083,63.0,Bakersfield-California,26.3335,30.82448725,5.351728395833334,1009.8791666666666,0.0,0.0
2016-09-08,35.356615,-119.062613,18.2,0.073,68.0,Bakersfield-California,28.481416666666664,26.360976458333337,4.866063733333333,1013.75,0.0,0.0
2016-09-09,35.356615,-119.062613,19.2,0.071,70.0,Bakersfield-California,28.050166666666666,29.718300708333334,5.54586355,1013.1666666666666,0.0,0.0
2016-09-10,35.356615,-119.062613,17.7,0.081,67.0,Bakersfield-California,29.11266666666667,28.765871291666667,5.484534433333334,1013.3916666666668,0.0,0.9166666666666666
2016-09-11,35.356615,-119.062613,11.3,0.063,55.0,Bakersfield-California,29.150166666666667,30.51129345833333,4.344297420833333,1014.15,0.0,0.4583333333333333
2016-09-12,35.356615,-119.062613,11.8,0.05,56.0,Bakersfield-California,27.1835,35.717645166666664,5.293045090833334,1010.1541666666667,0.0,0.08333333333333333
2016-09-13,35.356615,-119.062613,7.0,0.042,39.0,Bakersfield-California,21.050166666666666,43.356258833333335,9.254655275,1010.375,0.0,17.583333333333332
2016-09-14,35.356615,-119.062613,10.0,0.05,53.0,Bakersfield-California,19.8085,38.79008808333334,4.706677745833333,1016.0083333333333,0.0,0.08333333333333333
2016-09-15,35.356615,-119.062613,14.2,0.067,61.0,Bakersfield-California,21.200166666666668,37.004001625,6.265625754166667,1015.5041666666666,0.0,0.0
2016-09-16,35.356615,-119.062613,15.6,0.071,63.0,Bakersfield-California,23.379333333333335,35.27979308333333,6.311038624999999,1012.7166666666667,0.0,0.0
2016-09-17,35.356615,-119.062613,15.5,0.079,63.0,Bakersfield-California,25.179333333333332,32.27660210416666,5.448180829166667,1012.9166666666666,0.0,0.0
2016-09-18,35.356615,-119.062613,14.0,0.079,60.0,Bakersfield-California,26.65433333333333,27.4532473125,5.742394608333334,1012.6833333333334,0.0,0.0
2016-09-19,35.356615,-119.062613,25.7,0.077,82.0,Bakersfield-California,28.666833333333333,21.436650625,5.6203355749999995,1011.6875,0.0,6.125
2016-09-20,35.356615,-119.062613,43.3,0.064,120.0,Bakersfield-California,28.848083333333335,33.47830725,7.059207391666667,1012.9166666666666,0.0,20.208333333333332
2016-09-21,35.356615,-119.062613,13.1,0.052,58.0,Bakersfield-California,27.108500000000003,39.045803541666665,4.32483065,1010.5291666666667,0.0,6.5
2016-09-22,35.356615,-119.062613,6.5,0.04,36.0,Bakersfield-California,22.012666666666664,27.730753708333335,6.913521070833333,1012.8208333333333,0.0,8.083333333333334
2016-09-23,35.356615,-119.062613,11.1,0.049,55.0,Bakersfield-California,18.298083333333334,33.526171,6.413146333333334,1017.6,0.0,6.5
2016-09-24,35.356615,-119.062613,10.2,0.064,53.0,Bakersfield-California,20.248083333333334,35.578853333333335,6.0961111125,1018.2333333333332,0.0,0.4583333333333333
2016-09-25,35.356615,-119.062613,11.9,0.063,56.0,Bakersfield-California,24.608500000000003,26.227178270833335,4.639239,1016.4083333333333,0.0,0.0
2016-09-26,35.356615,-119.062613,11.8,0.059,56.0,Bakersfield-California,26.523083333333332,23.947838833333332,5.6445748,1014.4041666666667,0.0,0.0
2016-09-27,35.356615,-119.062613,14.6,0.078,61.0,Bakersfield-California,26.885583333333333,21.4659795,5.521558012500001,1011.7916666666666,0.0,1.7916666666666667
2016-09-28,35.356615,-119.062613,18.9,0.064,69.0,Bakersfield-California,27.18975,26.53151379166667,7.393826733333333,1009.9791666666666,0.0,29.083333333333332
2016-09-29,35.356615,-119.062613,12.7,0.062,58.0,Bakersfield-California,27.1585,37.153101,6.286822766666667,1013.4666666666667,0.0,12.208333333333334
2016-09-30,35.356615,-119.062613,12.1,0.064,57.0,Bakersfield-California,26.860583333333334,30.883802083333336,4.382813374166667,1015.3291666666668,0.0,1.3333333333333333
2016-10-01,35.356615,-119.062613,13.5,0.051,59.0,Bakersfield-California,22.40225,34.65283145833333,6.5314285125,1015.8125,0.0,0.16666666666666666
2016-10-02,35.356615,-119.062613,8.9,0.047,49.0,Bakersfield-California,19.862666666666666,36.343117666666664,5.71726165,1015.2666666666668,0.0,0.125
2016-10-03,35.356615,-119.062613,5.2,0.042,29.0,Bakersfield-California,17.03975,44.38670829166667,6.355234670833333,1017.3083333333334,0.0,36.333333333333336
2016-10-04,35.356615,-119.062613,9.8,0.048,52.0,Bakersfield-California,17.346,36.31141791666666,5.497362179166667,1015.0791666666668,0.0,12.583333333333334
2016-10-05,35.356615,-119.062613,8.6,0.048,48.0,Bakersfield-California,17.075166666666664,48.164517625,4.945192929166667,1015.3125,0.0,17.291666666666668
2016-10-06,35.356615,-119.062613,10.0,0.055,53.0,Bakersfield-California,16.950166666666668,47.15071279166667,7.0529486666666665,1016.0875,0.0,0.4583333333333333
2016-10-07,35.356615,-119.062613,12.7,0.065,58.0,Bakersfield-California,20.31266666666667,33.17529675,5.477519258333333,1014.4916666666667,0.0,78.54166666666667
2016-10-08,35.356615,-119.062613,17.1,0.071,66.0,Bakersfield-California,22.354333333333333,25.41659258333333,4.5258374875,1012.3125,0.0,80.625
2016-10-09,35.356615,-119.062613,11.6,0.074,56.0,Bakersfield-California,23.1585,23.472011833333337,5.741025425,1012.3708333333334,0.0,7.083333333333333
2016-10-10,35.356615,-119.062613,9.5,0.054,52.0,Bakersfield-California,24.81266666666667,23.824515666666667,5.516516908333333,1012.5541666666667,0.0,52.416666666666664
2016-10-11,35.356615,-119.062613,9.6,0.054,52.0,Bakersfield-California,22.664749999999998,37.48506545833333,8.118867429166666,1013.4666666666667,0.0,34.75
2016-10-12,35.356615,-119.062613,13.5,0.058,59.0,Bakersfield-California,21.296,41.04647420833333,4.688436082083333,1015.5749999999999,0.0,3.625
2016-10-13,35.356615,-119.062613,16.0,0.064,64.0,Bakersfield-California,19.71891666666667,48.301037666666666,4.6967524,1016.3166666666666,0.0,23.208333333333332
2016-10-14,35.356615,-119.062613,12.1,0.054,57.0,Bakersfield-California,20.577249958333333,43.559642458333336,3.823847328333333,1014.2458333333334,0.0,25.791666666666668
2016-10-15,35.356615,-119.062613,2.8,0.033,16.0,Bakersfield-California,21.429333333333332,50.34313329166667,3.5187583250000003,1013.9791666666666,0.0,33.208333333333336
2016-10-16,35.356615,-119.062613,4.0,0.042,22.0,Bakersfield-California,21.46891666666667,63.83548583333334,5.765433766666667,1013.3041666666667,0.0,63.75
2016-10-17,35.356615,-119.062613,4.4,0.042,24.0,Bakersfield-California,19.398083333333336,63.3463405,6.741739025,1013.9041666666667,0.23750000000000002,84.41666666666667
2016-10-18,35.356615,-119.062613,7.2,0.045,40.0,Bakersfield-California,16.185583333333334,61.67363579166667,6.126260679166666,1018.1041666666666,0.004166666666666667,81.125
2016-10-19,35.356615,-119.062613,11.3,0.049,55.0,Bakersfield-California,15.95225,58.499435500000004,7.2404216625,1020.0333333333333,0.0,26.166666666666668
2016-10-20,35.356615,-119.062613,15.1,0.058,62.0,Bakersfield-California,18.84391666666667,42.55800475,6.700600854166667,1018.7666666666668,0.0,0.20833333333333334
2016-10-21,35.356615,-119.062613,23.1,0.075,77.0,Bakersfield-California,20.60225,36.19966975,4.8226260625,1014.1291666666666,0.0,0.08333333333333333
2016-10-22,35.356615,-119.062613,25.0,0.08,81.0,Bakersfield-California,20.623083333333334,36.63739783333333,5.102605104166667,1010.6416666666668,0.0,41.333333333333336
2016-10-23,35.356615,-119.062613,16.3,0.037,64.0,Bakersfield-California,21.287666666666667,33.91919908333333,6.642506983333334,1011.0916666666667,0.0,92.66666666666667
2016-10-24,35.356615,-119.062613,16.3,0.037,64.0,Bakersfield-California,21.287666666666667,33.91919908333333,6.642506983333334,1011.0916666666667,0.0,92.66666666666667
2016-10-25,35.356615,-119.062613,8.9,0.045,49.0,Bakersfield-California,19.41475,53.57536329166667,5.7516406700000005,1017.4,0.0,3.5416666666666665
2016-10-26,35.356615,-119.062613,8.9,0.045,49.0,Bakersfield-California,19.41475,53.57536329166667,5.7516406700000005,1017.4,0.0,3.5416666666666665
2016-10-27,35.356615,-119.062613,11.8,0.051,56.0,Bakersfield-California,21.006416666666667,42.86653029166666,4.678034633333334,1014.1374999999999,0.0,90.91666666666667
2016-10-28,35.356615,-119.062613,4.9,0.029,27.0,Bakersfield-California,19.862666666666666,64.38300266666667,7.511515849999999,1012.0208333333334,0.11666666666666665,75.20833333333333
2016-10-29,35.356615,-119.062613,16.7,0.033,65.0,Bakersfield-California,19.16058333333333,71.25677595833334,4.421352075000001,1014.225,0.0,69.08333333333333
2016-10-30,35.356615,-119.062613,14.8,0.027,62.0,Bakersfield-California,19.768916666666666,68.36647941666666,6.298639395833334,1012.4583333333334,0.07916666666666666,85.41666666666667
2016-10-31,35.356615,-119.062613,14.8,0.027,62.0,Bakersfield-California,19.768916666666666,68.36647941666666,6.298639395833334,1012.4583333333334,0.07916666666666666,85.41666666666667
2016-11-01,35.356615,-119.062613,12.4,0.038,57.0,Bakersfield-California,14.473083333333335,69.17840224999999,4.5900161625,1017.2041666666668,0.0,65.25
2016-11-02,35.356615,-119.062613,16.5,0.043,65.0,Bakersfield-California,14.910583333333333,63.803961208333334,6.282910458333333,1020.3249999999999,0.0,12.875
2016-11-03,35.356615,-119.062613,28.5,0.047,87.0,Bakersfield-California,15.612666666666668,62.00530683333333,5.7605501375,1020.6875,0.0,0.25
2016-11-04,35.356615,-119.062613,37.5,0.057,106.0,Bakersfield-California,17.3335,52.444176125000006,5.6818672291666665,1019.0875,0.0,30.708333333333332
2016-11-05,35.356615,-119.062613,43.1,0.064,120.0,Bakersfield-California,18.871,46.7194335,4.06263435,1018.3125,0.0,1.1666666666666667
2016-11-06,35.356615,-119.062613,33.8,0.045,97.0,Bakersfield-California,18.18766666666667,45.26332579166667,4.4558908875,1017.4416666666666,0.0,36.375
2016-11-07,35.356615,-119.062613,36.0,0.052,102.0,Bakersfield-California,16.96475,57.26797258333334,4.557277533333333,1019.85,0.0,82.54166666666667
2016-11-08,35.356615,-119.062613,46.3,0.06,128.0,Bakersfield-California,18.50016666666667,56.289366083333334,6.006569249999999,1019.4583333333334,0.0,17.875
2016-11-09,35.356615,-119.062613,55.7,0.057,151.0,Bakersfield-California,19.579333333333334,52.99849404166667,5.1513723375,1018.3000000000001,0.0,8.958333333333334
2016-11-10,35.356615,-119.062613,54.2,0.061,147.0,Bakersfield-California,19.866833333333332,49.784671083333336,4.17561317375,1016.775,0.0,0.25
2016-11-11,35.356615,-119.062613,16.8,0.053,65.0,Bakersfield-California,20.454333333333334,38.74632295833333,5.6682313083333336,1017.1958333333333,0.0,4.25
2016-11-12,35.356615,-119.062613,25.5,0.052,82.0,Bakersfield-California,20.537666666666667,31.006018333333333,4.6936216375,1017.9166666666666,0.0,90.70833333333333
2016-11-13,35.356615,-119.062613,23.2,0.05,77.0,Bakersfield-California,18.60225,39.73473233333333,3.563003983333333,1019.8041666666667,0.0,9.583333333333334
2016-11-14,35.356615,-119.062613,28.3,0.056,87.0,Bakersfield-California,18.37933333333333,44.525916625,4.396468558333333,1020.5124999999999,0.0,0.0
2016-11-15,35.356615,-119.062613,39.6,0.055,111.0,Bakersfield-California,17.471,45.06518345833334,5.017717475,1018.1833333333334,0.0,5.083333333333333
2016-11-16,35.356615,-119.062613,16.7,0.036,65.0,Bakersfield-California,15.493916624999999,55.205914416666666,5.20046125,1015.8874999999999,0.09999999999999999,50.708333333333336
2016-11-17,35.356615,-119.062613,12.1,0.037,57.0,Bakersfield-California,10.743916666666665,50.34858075,6.476610695833333,1017.875,0.0,18.833333333333332
2016-11-18,35.356615,-119.062613,10.3,0.032,53.0,Bakersfield-California,12.052249949999998,39.961764625,7.6723922125,1017.9,0.0,2.2916666666666665
2016-11-19,35.356615,-119.062613,13.7,0.042,60.0,Bakersfield-California,14.404333333333334,20.51091775,9.7558834375,1015.6541666666667,0.0,11.875
2016-11-20,35.356615,-119.062613,13.8,0.041,60.0,Bakersfield-California,14.350166666666667,32.640358541666664,6.344746395833333,1013.3416666666667,0.0,19.958333333333332
2016-11-21,35.356615,-119.062613,9.7,0.03,52.0,Bakersfield-California,13.78975,75.339772125,6.4421741875,1014.2375000000001,0.4375,81.25
2016-11-22,35.356615,-119.062613,23.0,0.031,77.0,Bakersfield-California,11.116833358333333,77.33887629166666,5.362844108333333,1020.9166666666666,0.008333333333333333,46.625
2016-11-23,35.356615,-119.062613,31.1,0.027,92.0,Bakersfield-California,12.193916666666667,69.409886625,5.351989404166666,1022.6583333333333,0.0,48.375
2016-11-24,35.356615,-119.062613,24.0,0.034,79.0,Bakersfield-California,10.956416654166667,66.5253605,5.658134283333333,1025.6125,0.0,36.583333333333336
2016-11-25,35.356615,-119.062613,43.4,0.028,120.0,Bakersfield-California,10.4189166375,60.31285925,6.494154158333333,1019.6125000000001,0.0,1.4583333333333333
2016-11-26,35.356615,-119.062613,22.2,0.037,75.0,Bakersfield-California,10.558499975,49.91858466666667,9.191372640833334,1013.525,0.03333333333333333,38.5
2016-11-27,35.356615,-119.062613,9.9,0.036,52.0,Bakersfield-California,9.2022499875,85.07239004166667,6.953651195833333,1016.1416666666668,0.4583333333333333,71.83333333333333
2016-11-28,35.356615,-119.062613,11.1,0.031,55.0,Bakersfield-California,8.6584999625,72.85469220833333,4.1756122200000005,1018.0416666666666,0.024999999999999998,67.58333333333333
2016-11-29,35.356615,-119.062613,13.5,0.027,59.0,Bakersfield-California,9.406416629166667,83.45741883333334,4.8446144958333335,1017.4708333333333,0.2625,86.91666666666667
2016-11-30,35.356615,-119.062613,23.1,0.026,77.0,Bakersfield-California,8.887666641666668,75.69676625,4.179975940833333,1019.7708333333334,0.008333333333333333,38.958333333333336
2016-12-01,35.356615,-119.062613,34.1,0.016,98.0,Bakersfield-California,9.566833333333333,74.19648133333334,4.613845215416666,1017.9791666666666,0.012500000000000002,79.70833333333333
2016-12-02,35.356615,-119.062613,22.5,0.019,76.0,Bakersfield-California,8.2272499625,77.702620125,6.731575108333334,1019.8083333333334,0.025000000000000005,61.708333333333336
2016-12-03,35.356615,-119.062613,31.1,0.027,92.0,Bakersfield-California,8.3272499625,66.76389479166666,5.51228885,1023.0833333333334,0.0,6.416666666666667
2016-12-04,35.356615,-119.062613,38.9,0.03,109.0,Bakersfield-California,8.679333316666666,59.14228820833333,5.777902650000001,1021.4041666666667,0.0,10.208333333333334
2016-12-05,35.356615,-119.062613,31.3,0.034,92.0,Bakersfield-California,10.487666641666666,59.80034070833333,4.415208108333333,1018.4416666666666,0.0,45.125
2016-12-06,35.356615,-119.062613,33.6,0.018,97.0,Bakersfield-California,9.060583320833333,75.36174225,3.7712650958333334,1017.0416666666666,0.0,63.083333333333336
2016-12-07,35.356615,-119.062613,36.6,0.027,104.0,Bakersfield-California,8.591833308333333,72.908467375,3.960030204166667,1019.9875000000001,0.0,93.625
2016-12-08,35.356615,-119.062613,19.8,0.024,71.0,Bakersfield-California,9.387666629166667,72.78594112500001,4.63821175,1022.1833333333334,0.0,84.66666666666667
2016-12-09,35.356615,-119.062613,6.1,0.026,34.0,Bakersfield-California,13.716833333333334,84.70293408333333,4.378315091666667,1023.9250000000001,0.19583333333333333,89.29166666666667
2016-12-10,35.356615,-119.062613,6.1,0.026,34.0,Bakersfield-California,13.716833333333334,84.70293408333333,4.378315091666667,1023.9250000000001,0.19583333333333333,89.29166666666667
2016-12-11,35.356615,-119.062613,6.1,0.026,34.0,Bakersfield-California,13.716833333333334,84.70293408333333,4.378315091666667,1023.9250000000001,0.19583333333333333,89.29166666666667
2016-12-12,35.356615,-119.062613,15.0,0.014,62.0,Bakersfield-California,13.191833333333333,86.64490966666666,3.717420827916667,1019.7583333333333,0.15416666666666667,99.375
2016-12-13,35.356615,-119.062613,19.9,0.022,71.0,Bakersfield-California,12.662666666666667,65.89414195833334,3.6019461458333333,1019.5791666666668,0.0,89.875
2016-12-14,35.356615,-119.062613,11.2,0.024,55.0,Bakersfield-California,12.61475,69.85000220833334,4.388084641666667,1018.1291666666666,0.0,64.83333333333333
2016-12-15,35.356615,-119.062613,15.8,0.015,63.0,Bakersfield-California,13.410583333333333,69.04750558333333,4.8428420404166665,1015.25,0.020833333333333332,99.95833333333333
2016-12-16,35.356615,-119.062613,3.2,0.033,18.0,Bakersfield-California,12.868916666666665,79.90514275,9.662735708333335,1009.3625000000001,0.2708333333333333,85.375
2016-12-17,35.356615,-119.062613,11.4,0.029,55.0,Bakersfield-California,6.687666633333333,69.198571625,5.444440595833334,1020.4583333333334,0.12083333333333333,59.0
2016-12-18,35.356615,-119.062613,22.5,0.022,76.0,Bakersfield-California,5.23141664,64.55794095833333,6.446056354166667,1025.5708333333334,0.0,6.458333333333333
2016-12-19,35.356615,-119.062613,30.7,0.021,91.0,Bakersfield-California,4.991833320833334,70.508842875,6.401992150000001,1028.2250000000001,0.0,0.0
2016-12-20,35.356615,-119.062613,47.6,0.015,131.0,Bakersfield-California,5.635583320833334,71.13982075,5.877506041666667,1026.4333333333334,0.0,0.0
2016-12-21,35.356615,-119.062613,66.4,0.008,159.0,Bakersfield-California,8.200166654166667,70.04851770833334,5.474131845833334,1020.25,0.0,65.375
2016-12-22,35.356615,-119.062613,63.6,0.018,157.0,Bakersfield-California,10.510583333333333,74.45548945833333,5.087795179166666,1015.8375,0.049999999999999996,76.75
2016-12-23,35.356615,-119.062613,32.9,0.026,95.0,Bakersfield-California,9.962666654166666,73.69824025,5.232152041666667,1015.1875,0.016666666666666666,63.5
2016-12-24,35.356615,-119.062613,9.5,0.035,52.0,Bakersfield-California,8.266833325,85.71355199999999,8.011449420833333,1010.1416666666668,0.7833333333333333,68.45833333333333
2016-12-25,35.356615,-119.062613,16.7,0.031,65.0,Bakersfield-California,5.11474994,75.94342654166667,5.316677775,1017.3000000000001,0.225,64.45833333333333
2016-12-26,35.356615,-119.062613,14.2,0.025,61.0,Bakersfield-California,6.168916608333333,62.52000370833334,5.550962191666667,1021.6625,0.0,59.375
2016-12-27,35.356615,-119.062613,17.9,0.02,67.0,Bakersfield-California,6.056416641666666,67.82321504166667,6.2293894,1026.2375,0.0,25.5
2016-12-28,35.356615,-119.062613,32.8,0.023,95.0,Bakersfield-California,7.0751666124999995,71.407463375,5.759497579166666,1025.2833333333333,0.0,17.041666666666668
2016-12-29,35.356615,-119.062613,49.8,0.022,136.0,Bakersfield-California,8.000166616666666,73.16275204166666,6.133446825,1022.3000000000001,0.0,2.9166666666666665
2016-12-30,35.356615,-119.062613,46.8,0.007,129.0,Bakersfield-California,9.773083320833333,79.97135245833333,7.478486383333333,1018.6999999999999,0.16666666666666666,68.45833333333333
2016-12-31,35.356615,-119.062613,46.8,0.007,129.0,Bakersfield-California,9.773083320833333,79.97135245833333,7.478486383333333,1018.6999999999999,0.16666666666666666,68.45833333333333
2017-01-01,35.356615,-119.062613,8.1,0.034,45.0,Bakersfield-California,6.364999908333334,87.46182441666667,5.656875262500001,1015.4041666666667,0.5041666666666667,68.16666666666667
2017-01-02,35.356615,-119.062613,10.5,0.027,54.0,Bakersfield-California,8.579583275,74.26911783333334,4.955904429166666,1016.5416666666666,0.0,86.75
2017-01-03,35.356615,-119.062613,16.1,0.021,64.0,Bakersfield-California,9.500416266666667,67.42592225,4.411132583333333,1020.3208333333333,0.0,99.125
2017-01-04,35.356615,-119.062613,13.0,0.008,58.0,Bakersfield-California,11.621249749999999,70.96354366666667,5.7897875958333325,1017.6958333333333,0.07083333333333333,81.33333333333333
2017-01-05,35.356615,-119.062613,7.5,0.023,42.0,Bakersfield-California,13.073333,92.54797145833334,7.107744687499999,1014.65,0.5083333333333334,99.0
2017-01-06,35.356615,-119.062613,13.9,0.024,60.0,Bakersfield-California,8.689999816666667,79.80674,8.201304225,1018.6374999999999,0.004166666666666667,57.5
2017-01-07,35.356615,-119.062613,7.3,0.016,41.0,Bakersfield-California,10.6566664,75.59267279166666,9.531325016666667,1018.6,0.5208333333333334,93.08333333333333
2017-01-08,35.356615,-119.062613,2.1,0.029,12.0,Bakersfield-California,16.225416416666665,70.33740170833333,13.17307135,1018.3958333333334,0.3458333333333334,96.83333333333333
2017-01-09,35.356615,-119.062613,3.3,0.034,18.0,Bakersfield-California,15.77541675,68.03384458333333,10.025187145833334,1017.9,0.25833333333333336,88.45833333333333
2017-01-10,35.356615,-119.062613,5.5,0.032,31.0,Bakersfield-California,12.998332958333334,70.64779708333333,4.67136424875,1019.5208333333334,0.0,97.29166666666667
2017-01-11,35.356615,-119.062613,4.8,0.04,27.0,Bakersfield-California,13.17541625,75.61746229166667,6.5658640916666675,1014.0916666666667,0.08750000000000001,56.458333333333336
2017-01-12,35.356615,-119.062613,5.8,0.026,32.0,Bakersfield-California,11.517082875,82.097984,5.862824170833334,1012.6999999999999,0.22916666666666666,93.58333333333333
2017-01-13,35.356615,-119.062613,8.0,0.022,44.0,Bakersfield-California,8.252499808333333,90.39072333333333,6.545886425,1017.7041666666668,0.24166666666666667,87.91666666666667
2017-01-14,35.356615,-119.062613,17.0,0.024,66.0,Bakersfield-California,7.38999985,84.055677125,4.9879453875,1022.8541666666666,0.0,68.25
2017-01-15,35.356615,-119.062613,14.7,0.023,61.0,Bakersfield-California,5.077499983333333,90.27802033333334,6.298454483333334,1020.725,0.0,58.125
2017-01-16,35.356615,-119.062613,16.7,0.023,65.0,Bakersfield-California,6.846249983333333,81.91285845833333,5.692096895833333,1021.1833333333334,0.004166666666666667,73.70833333333333
2017-01-17,35.356615,-119.062613,25.5,0.013,82.0,Bakersfield-California,6.679583224999999,83.56503754166667,5.141943729166667,1020.5416666666666,0.0,33.541666666666664
2017-01-18,35.356615,-119.062613,19.1,0.01,70.0,Bakersfield-California,8.8399999,79.17488995833334,5.26597399875,1019.7125,0.008333333333333333,88.0
2017-01-19,35.356615,-119.062613,9.0,0.03,50.0,Bakersfield-California,10.652499749999999,82.081139625,7.100820532499999,1013.7541666666666,0.2875,72.875
2017-01-20,35.356615,-119.062613,5.6,0.031,31.0,Bakersfield-California,9.939999608333332,80.59888375,8.456028629166667,1005.2166666666667,0.28750000000000003,76.83333333333333
2017-01-21,35.356615,-119.062613,7.6,0.038,42.0,Bakersfield-California,8.006666483333333,80.666822375,6.934188158333334,1006.0958333333333,0.0625,50.208333333333336
2017-01-22,35.356615,-119.062613,2.5,0.037,14.0,Bakersfield-California,11.004583041666665,69.43579279166667,14.07955185,1012.7583333333333,0.22083333333333333,85.375
2017-01-23,35.356615,-119.062613,4.6,0.037,26.0,Bakersfield-California,8.83374985,83.83071708333334,7.5159888624999995,1009.8208333333333,0.5958333333333333,70.04166666666667
2017-01-24,35.356615,-119.062613,9.2,0.037,51.0,Bakersfield-California,6.458749933333333,82.80489883333333,5.769488516666667,1015.0291666666667,0.05833333333333333,58.708333333333336
2017-01-25,35.356615,-119.062613,13.3,0.035,59.0,Bakersfield-California,5.894166616666666,78.74253216666666,5.594577741666666,1024.5041666666666,0.0,28.5
2017-01-26,35.356615,-119.062613,18.7,0.031,69.0,Bakersfield-California,5.4170833499999995,79.425730125,5.155564204166667,1029.1499999999999,0.0,14.458333333333334
2017-01-27,35.356615,-119.062613,24.4,0.034,80.0,Bakersfield-California,6.467083204166666,78.18816945833333,5.244256204166667,1032.5208333333333,0.0,6.833333333333333
2017-01-28,35.356615,-119.062613,34.2,0.034,98.0,Bakersfield-California,7.098333191541666,73.952551875,6.050611654166667,1034.9624999999999,0.0,1.0416666666666667
2017-01-29,35.356615,-119.062613,43.5,0.033,121.0,Bakersfield-California,7.2733333,77.45097458333333,6.681931966666667,1031.5458333333333,0.0,15.666666666666666
2017-01-30,35.356615,-119.062613,40.2,0.032,113.0,Bakersfield-California,8.017083141666667,79.80197179166667,5.4441303375,1025.5958333333333,0.0,35.958333333333336
2017-01-31,35.356615,-119.062613,47.6,0.031,131.0,Bakersfield-California,9.300416525000001,83.59328079166666,4.338231791666667,1021.0749999999999,0.0,65.91666666666667
2017-02-01,35.356615,-119.062613,26.2,0.026,83.0,Bakersfield-California,12.312916625,68.58722533333334,4.7664303875,1016.8166666666666,0.0,47.208333333333336
2017-02-02,35.356615,-119.062613,18.7,0.031,69.0,Bakersfield-California,12.358749708333333,77.51477933333334,6.755848458333333,1017.0,0.049999999999999996,91.33333333333333
2017-02-03,35.356615,-119.062613,11.0,0.033,55.0,Bakersfield-California,15.673333208333332,71.95410275,5.7629048958333335,1016.3166666666666,0.020833333333333332,66.83333333333333
2017-02-04,35.356615,-119.062613,7.2,0.041,40.0,Bakersfield-California,13.481666541666668,78.75812458333333,6.704938766666667,1019.0625,0.008333333333333333,43.375
2017-02-05,35.356615,-119.062613,17.2,0.019,66.0,Bakersfield-California,11.808749666666666,77.16398054166667,4.6931893958333335,1017.0333333333333,0.0,69.20833333333333
2017-02-06,35.356615,-119.062613,3.9,0.026,22.0,Bakersfield-California,13.489999625000001,78.124695375,8.624193383333333,1013.525,0.3875,97.54166666666667
2017-02-07,35.356615,-119.062613,5.3,0.019,29.0,Bakersfield-California,15.1254165,71.266845125,7.652062591666667,1016.3874999999999,0.075,94.54166666666667
2017-02-08,35.356615,-119.062613,7.2,0.019,40.0,Bakersfield-California,17.210833333333333,87.14733162499999,4.85377585,1019.9041666666667,0.0625,88.375
2017-02-09,35.356615,-119.062613,5.7,0.016,32.0,Bakersfield-California,17.121250041666666,80.62225729166667,5.103426020833333,1017.1125000000001,0.0,95.5
2017-02-10,35.356615,-119.062613,6.3,0.03,35.0,Bakersfield-California,15.956666583333332,87.167648875,8.853099245833333,1016.3541666666666,0.35000000000000003,98.70833333333333
2017-02-11,35.356615,-119.062613,6.3,0.03,35.0,Bakersfield-California,13.123332958333334,82.86762404166667,11.684155395833335,1018.3874999999999,0.26666666666666666,75.33333333333333
2017-02-12,35.356615,-119.062613,11.0,0.039,55.0,Bakersfield-California,10.762916375000001,78.69681425,7.176550312500001,1022.3833333333333,0.0,25.208333333333332
2017-02-13,35.356615,-119.062613,13.3,0.034,59.0,Bakersfield-California,10.760833341666666,82.48774466666667,5.4946025291666665,1020.8833333333333,0.0,48.041666666666664
2017-02-14,35.356615,-119.062613,26.8,0.035,84.0,Bakersfield-California,12.210832958333334,80.92594304166667,6.217863783333333,1019.4499999999999,0.0,52.958333333333336
2017-02-15,35.356615,-119.062613,27.4,0.035,85.0,Bakersfield-California,13.40458325,77.12227758333333,6.068644025,1019.5124999999999,0.0,51.291666666666664
2017-02-16,35.356615,-119.062613,11.2,0.022,55.0,Bakersfield-California,13.25249975,74.21164808333333,7.437709341666667,1016.1041666666666,0.14583333333333334,78.29166666666667
2017-02-17,35.356615,-119.062613,2.5,0.037,14.0,Bakersfield-California,12.802499666666668,75.80398866666667,19.015546625,1004.9375,1.0,99.75
2017-02-18,35.356615,-119.062613,2.0,0.041,11.0,Bakersfield-California,11.673332916666666,75.55750304166666,10.882376670833333,997.5791666666668,0.7374999999999999,67.125
2017-02-19,35.356615,-119.062613,4.0,0.038,22.0,Bakersfield-California,12.337916291666666,75.36515470833334,8.332955995833332,1009.5958333333333,0.029166666666666664,76.75
2017-02-20,35.356615,-119.062613,4.7,0.03,26.0,Bakersfield-California,14.992083,77.76907075,6.782171225,1017.35,0.5458333333333333,73.5
2017-02-21,35.356615,-119.062613,5.4,0.034,30.0,Bakersfield-California,15.662916583333333,70.91914183333334,8.839230125,1022.5083333333333,0.05416666666666667,81.33333333333333
2017-02-22,35.356615,-119.062613,3.4,0.041,19.0,Bakersfield-California,12.698333,71.35018875,12.589273733333334,1022.2624999999999,0.020833333333333332,69.54166666666667
2017-02-23,35.356615,-119.062613,5.9,0.04,33.0,Bakersfield-California,8.100416566666667,57.793000541666665,12.370727458333334,1021.4041666666667,0.0,24.416666666666668
2017-02-24,35.356615,-119.062613,9.3,0.041,51.0,Bakersfield-California,5.6441665,64.34830233333334,6.314276008333334,1023.3458333333333,0.0,6.458333333333333
2017-02-25,35.356615,-119.062613,17.3,0.033,66.0,Bakersfield-California,6.4920832666666675,64.685637875,5.9084142250000005,1021.7583333333333,0.0,33.875
2017-02-26,35.356615,-119.062613,16.0,0.041,64.0,Bakersfield-California,7.737916599999999,71.37160325,5.818903195833333,1016.0583333333334,0.03333333333333333,54.458333333333336
2017-02-27,35.356615,-119.062613,6.5,0.035,36.0,Bakersfield-California,9.927499458333333,69.90601420833333,6.211951969583333,1013.1166666666667,0.041666666666666664,90.75
2017-02-28,35.356615,-119.062613,6.5,0.043,36.0,Bakersfield-California,7.850416583333334,74.6148795,6.361916416666666,1017.6374999999999,0.004166666666666667,29.75
2017-03-01,35.356615,-119.062613,13.0,0.04,58.0,Bakersfield-California,8.412916566666667,69.195948625,5.862667604166667,1027.1375,0.0,1.25
2017-03-02,35.356615,-119.062613,24.3,0.042,79.0,Bakersfield-California,10.48166655,73.89686520833332,5.651685395833333,1026.8291666666667,0.0,31.166666666666668
2017-03-03,35.356615,-119.062613,27.7,0.05,86.0,Bakersfield-California,12.108749966666666,69.941581625,5.584834558333333,1020.8874999999999,0.0,37.541666666666664
2017-03-04,35.356615,-119.062613,19.6,0.048,71.0,Bakersfield-California,13.789999799999999,66.716769125,5.732080683333333,1014.4625,0.0,73.29166666666667
2017-03-05,35.356615,-119.062613,4.8,0.043,27.0,Bakersfield-California,11.948333258333333,59.858008000000005,11.043024508333334,1013.6333333333333,0.07916666666666668,71.5
2017-03-06,35.356615,-119.062613,7.6,0.044,42.0,Bakersfield-California,7.517083183333334,66.49454641666667,7.7453528291666665,1022.8625000000001,0.008333333333333333,10.958333333333334
2017-03-07,35.356615,-119.062613,10.8,0.045,54.0,Bakersfield-California,9.171249933333334,58.73203270833333,5.4402781749999995,1026.0333333333333,0.0,14.916666666666666
2017-03-08,35.356615,-119.062613,18.0,0.047,68.0,Bakersfield-California,10.742083183333333,70.3779875,6.260698016666667,1025.2,0.0,57.458333333333336
2017-03-09,35.356615,-119.062613,22.7,0.056,76.0,Bakersfield-California,12.960833216666666,71.13271654166667,5.831084411666667,1022.3458333333333,0.0,23.375
2017-03-10,35.356615,-119.062613,29.3,0.056,89.0,Bakersfield-California,15.264999833333334,73.06600375000001,4.43208509875,1020.7083333333334,0.0,84.375
2017-03-11,35.356615,-119.062613,30.5,0.056,91.0,Bakersfield-California,15.281666375,76.96131029166666,5.490873920833334,1019.1958333333333,0.0,48.833333333333336
2017-03-12,35.356615,-119.062613,25.3,0.05,81.0,Bakersfield-California,16.829583291666665,75.12377716666667,5.459642491666667,1019.8458333333333,0.0,26.583333333333332
2017-03-13,35.356615,-119.062613,19.1,0.055,70.0,Bakersfield-California,17.12958325,75.44993475,5.494969970833334,1018.975,0.0,34.625
2017-03-14,35.356615,-119.062613,24.4,0.064,80.0,Bakersfield-California,20.36916666666667,64.72297,5.8066873291666665,1016.7041666666668,0.0,4.166666666666667
2017-03-15,35.356615,-119.062613,10.9,0.048,54.0,Bakersfield-California,21.97124995833333,47.345590458333334,6.252920395,1017.0333333333333,0.0,62.791666666666664
2017-03-16,35.356615,-119.062613,8.2,0.043,46.0,Bakersfield-California,20.754583291666666,48.04887887500001,9.0776025,1019.5166666666668,0.0,22.166666666666668
2017-03-17,35.356615,-119.062613,15.4,0.054,63.0,Bakersfield-California,19.07125,65.356577875,5.896559015833333,1017.8666666666667,0.0,74.375
2017-03-18,35.356615,-119.062613,12.1,0.054,57.0,Bakersfield-California,20.525416583333335,56.547158208333336,5.6305211208333334,1015.4458333333333,0.0,80.91666666666667
2017-03-19,35.356615,-119.062613,12.5,0.052,57.0,Bakersfield-California,20.571250041666666,46.20911725,9.131776358333333,1016.0833333333334,0.0,82.58333333333333
2017-03-20,35.356615,-119.062613,8.1,0.045,45.0,Bakersfield-California,19.835833416666667,48.879480916666665,9.728698583333333,1015.2166666666667,0.0,77.58333333333333
2017-03-21,35.356615,-119.062613,8.1,0.045,45.0,Bakersfield-California,19.835833416666667,48.879480916666665,9.728698583333333,1015.2166666666667,0.0,77.58333333333333
2017-03-22,35.356615,-119.062613,3.0,0.042,17.0,Bakersfield-California,16.989999916666665,56.47488395833333,11.608534929166666,1016.0166666666668,0.10833333333333332,87.29166666666667
2017-03-23,35.356615,-119.062613,5.5,0.045,31.0,Bakersfield-California,12.677499708333334,67.148744125,11.261454620833334,1020.0958333333333,0.03333333333333333,56.791666666666664
2017-03-24,35.356615,-119.062613,7.7,0.047,43.0,Bakersfield-California,13.756666633333333,54.08677758333334,6.398669099999999,1023.5124999999999,0.0,26.791666666666668
2017-03-25,35.356615,-119.062613,6.8,0.045,38.0,Bakersfield-California,15.069166583333335,59.751975125,8.105277916666667,1020.3333333333334,0.0625,84.79166666666667
2017-03-26,35.356615,-119.062613,8.4,0.045,47.0,Bakersfield-California,15.004583291666668,61.78364066666666,7.911329741666667,1018.6125000000001,0.0,47.75
2017-03-27,35.356615,-119.062613,4.4,0.044,24.0,Bakersfield-California,15.687916375,53.09816916666667,13.111054320833333,1018.4625,0.02916666666666667,40.125
2017-03-28,35.356615,-119.062613,6.0,0.043,33.0,Bakersfield-California,14.629583291666668,51.174784125,9.880296450000001,1020.9250000000001,0.0,19.416666666666668
2017-03-29,35.356615,-119.062613,11.0,0.055,55.0,Bakersfield-California,15.617083125,52.72700533333333,6.3082729875000005,1020.6708333333332,0.0,12.916666666666666
2017-03-30,35.356615,-119.062613,12.5,0.049,57.0,Bakersfield-California,17.783749958333335,48.803437,12.004927225000001,1016.1750000000001,0.012500000000000002,30.791666666666668
2017-03-31,35.356615,-119.062613,7.8,0.046,43.0,Bakersfield-California,14.460833166666667,30.19811620833333,13.1699211875,1012.5541666666667,0.0,0.125
2017-04-01,35.356615,-119.062613,9.3,0.055,51.0,Bakersfield-California,16.283749916666668,32.27183841666667,7.647601145833334,1014.5291666666667,0.0,4.625
2017-04-02,35.356615,-119.062613,7.8,0.055,43.0,Bakersfield-California,20.064999958333335,33.01632075,6.095386025,1014.7624999999999,0.0,23.458333333333332
2017-04-03,35.356615,-119.062613,8.5,0.054,47.0,Bakersfield-California,20.925416791666667,39.94035316666667,10.397613308333334,1011.9,0.0,5.375
2017-04-04,35.356615,-119.062613,8.5,0.062,47.0,Bakersfield-California,19.504583291666666,28.008190291666665,7.234200833333333,1014.1333333333333,0.0,6.0
2017-04-05,35.356615,-119.062613,12.0,0.072,56.0,Bakersfield-California,21.656666625,32.539927375,7.015649954166666,1015.6791666666667,0.0,82.16666666666667
2017-04-06,35.356615,-119.062613,12.8,0.056,58.0,Bakersfield-California,23.208750041666665,24.75235054166667,9.519261679166666,1012.8874999999999,0.0,85.25
2017-04-07,35.356615,-119.062613,8.4,0.046,47.0,Bakersfield-California,20.47750029166667,33.88740020833333,10.942788466666668,1012.5916666666667,0.008333333333333333,91.125
2017-04-08,35.356615,-119.062613,3.7,0.048,21.0,Bakersfield-California,16.14625,65.28209033333333,12.383520629166668,1014.9458333333333,0.19999999999999998,60.291666666666664
2017-04-09,35.356615,-119.062613,5.2,0.053,29.0,Bakersfield-California,11.696249933333334,53.74749225,9.412567212499999,1021.1166666666667,0.0,40.25
2017-04-10,35.356615,-119.062613,5.2,0.053,29.0,Bakersfield-California,11.696249933333334,53.74749225,9.412567212499999,1021.1166666666667,0.0,40.25
2017-04-11,35.356615,-119.062613,5.2,0.053,29.0,Bakersfield-California,11.696249933333334,53.74749225,9.412567212499999,1021.1166666666667,0.0,40.25
2017-04-12,35.356615,-119.062613,5.2,0.053,29.0,Bakersfield-California,11.696249933333334,53.74749225,9.412567212499999,1021.1166666666667,0.0,40.25
2017-04-13,35.356615,-119.062613,2.2,0.049,12.0,Bakersfield-California,17.819166625,54.16055966666667,11.927156803333332,1015.0124999999999,0.0375,45.458333333333336
2017-04-14,35.356615,-119.062613,4.9,0.053,27.0,Bakersfield-California,14.681666458333332,42.21594375,13.688333258333332,1019.0708333333333,0.0,14.708333333333334
2017-04-15,35.356615,-119.062613,9.3,0.059,51.0,Bakersfield-California,14.569166541666666,44.426410583333336,6.1817133250000005,1018.0666666666666,0.0,9.208333333333334
2017-04-16,35.356615,-119.062613,9.7,0.062,52.0,Bakersfield-California,19.931666708333335,36.432407625,6.86875232,1013.625,0.004166666666666667,71.16666666666667
2017-04-17,35.356615,-119.062613,3.8,0.04,21.0,Bakersfield-California,19.38583325,38.394814625,8.857176570833333,1016.4333333333334,0.0,95.45833333333333
2017-04-18,35.356615,-119.062613,3.8,0.04,21.0,Bakersfield-California,19.38583325,38.394814625,8.857176570833333,1016.4333333333334,0.0,95.45833333333333
2017-04-19,35.356615,-119.062613,7.3,0.056,41.0,Bakersfield-California,17.49416654166667,66.44837112500001,8.702514258333332,1020.9499999999999,0.004166666666666667,42.916666666666664
2017-04-20,35.356615,-119.062613,8.1,0.058,45.0,Bakersfield-California,17.71708333333333,47.562304000000005,9.758822129166667,1022.0708333333333,0.0,6.0
2017-04-21,35.356615,-119.062613,9.6,0.066,52.0,Bakersfield-California,18.152499875,41.444415791666664,7.827273783333333,1019.8458333333333,0.0,36.666666666666664
2017-04-22,35.356615,-119.062613,12.4,0.068,57.0,Bakersfield-California,20.431666708333335,45.02874845833333,6.670177916666667,1014.2166666666667,0.0,38.833333333333336
2017-04-23,35.356615,-119.062613,3.2,0.057,18.0,Bakersfield-California,21.079583458333335,40.2269245,11.040936324999999,1012.5625,0.0,44.5
2017-04-24,35.356615,-119.062613,3.5,0.053,19.0,Bakersfield-California,18.994166625000002,37.843423375,13.205283720833334,1013.9958333333334,0.0,70.125
2017-04-25,35.356615,-119.062613,5.1,0.059,28.0,Bakersfield-California,17.614999833333332,51.452101875000004,15.195429104166665,1015.0541666666667,0.0,84.29166666666667
2017-04-26,35.356615,-119.062613,6.7,0.049,37.0,Bakersfield-California,18.631666624999998,44.94414320833334,9.380413775,1016.0291666666667,0.0,57.25
2017-04-27,35.356615,-119.062613,5.4,0.054,30.0,Bakersfield-California,20.044166791666665,58.70008479166666,14.59940125,1013.3083333333334,0.03333333333333333,74.29166666666667
2017-04-28,35.356615,-119.062613,8.5,0.062,47.0,Bakersfield-California,19.300416583333334,33.709831,12.759077604166668,1012.7416666666667,0.0,14.75
2017-04-29,35.356615,-119.062613,9.9,0.061,52.0,Bakersfield-California,20.158750166666668,19.79680055416667,8.513063927916667,1015.4541666666668,0.0,7.0
2017-04-30,35.356615,-119.062613,8.6,0.074,48.0,Bakersfield-California,21.696249958333336,25.180470145833336,7.247031815833334,1018.1,0.0,0.0
2017-05-01,35.356615,-119.062613,11.0,0.063,55.0,Bakersfield-California,23.925416875,30.362888416666667,7.312033162500001,1015.1625,0.0,0.0
2017-05-02,35.356615,-119.062613,10.3,0.064,53.0,Bakersfield-California,26.002500041666668,29.945506249999998,7.243242187499999,1012.125,0.0,0.041666666666666664
2017-05-03,35.356615,-119.062613,10.9,0.07,54.0,Bakersfield-California,28.104583083333335,31.23134195833333,7.445240245833333,1011.5,0.0,41.333333333333336
2017-05-04,35.356615,-119.062613,12.0,0.074,56.0,Bakersfield-California,30.933749541666668,27.405210999999998,7.843928240833333,1010.5708333333333,0.0,8.375
2017-05-05,35.356615,-119.062613,7.3,0.057,41.0,Bakersfield-California,27.28166675,29.285374416666667,11.047792816666666,1009.3125,0.0,83.08333333333333
2017-05-06,35.356615,-119.062613,6.3,0.046,35.0,Bakersfield-California,21.690000041666664,33.06637416666667,14.934707958333334,1006.975,0.0,63.5
2017-05-07,35.356615,-119.062613,3.7,0.051,21.0,Bakersfield-California,14.479583166666666,49.17470329166667,9.623839595833333,1007.6416666666668,0.08750000000000001,70.625
2017-05-08,35.356615,-119.062613,8.3,0.059,46.0,Bakersfield-California,18.069166624999998,41.45811316666667,5.1054582208333334,1012.0708333333333,0.0,19.166666666666668
2017-05-09,35.356615,-119.062613,13.5,0.073,59.0,Bakersfield-California,22.3295835,42.04695616666667,5.433678929166667,1009.3458333333333,0.0,21.958333333333332
2017-05-10,35.356615,-119.062613,9.3,0.055,51.0,Bakersfield-California,23.310833416666668,47.731363375,7.954888454166667,1011.775,0.0,22.666666666666668
2017-05-11,35.356615,-119.062613,10.4,0.065,53.0,Bakersfield-California,21.702500208333333,51.65523758333333,8.705306529166666,1017.4041666666667,0.0,10.875
2017-05-12,35.356615,-119.062613,5.7,0.044,32.0,Bakersfield-California,20.53166675,48.245202125,13.402539666666668,1016.5666666666666,0.0,39.416666666666664
2017-05-13,35.356615,-119.062613,7.1,0.056,39.0,Bakersfield-California,16.129583291666666,39.18805325,10.959056404166667,1015.9916666666667,0.0,14.875
2017-05-14,35.356615,-119.062613,4.9,0.053,27.0,Bakersfield-California,17.427499708333333,28.848572333333333,8.530795133333333,1011.5291666666667,0.0,12.458333333333334
2017-05-15,35.356615,-119.062613,5.3,0.048,29.0,Bakersfield-California,18.148333375,32.821828833333335,9.944815045833334,1010.0583333333334,0.012499999999999999,43.25
2017-05-16,35.356615,-119.062613,7.0,0.055,39.0,Bakersfield-California,18.30666654166667,39.540601625,9.010191615416668,1013.7708333333334,0.0,35.916666666666664
2017-05-17,35.356615,-119.062613,4.9,0.043,27.0,Bakersfield-California,18.55666675,47.32623904166667,13.579247979166666,1014.6916666666666,0.0,72.25
2017-05-18,35.356615,-119.062613,6.8,0.057,38.0,Bakersfield-California,19.979583291666668,30.823774062500004,7.428269995833333,1013.1541666666667,0.0,0.041666666666666664
2017-05-19,35.356615,-119.062613,8.1,0.059,45.0,Bakersfield-California,23.423333125,22.370244575,6.8282232333333335,1012.4083333333333,0.0,0.0
2017-05-20,35.356615,-119.062613,8.1,0.059,45.0,Bakersfield-California,23.423333125,22.370244575,6.8282232333333335,1012.4083333333333,0.0,0.0
2017-05-21,35.356615,-119.062613,8.1,0.059,45.0,Bakersfield-California,23.423333125,22.370244575,6.8282232333333335,1012.4083333333333,0.0,0.0
2017-05-22,35.356615,-119.062613,8.1,0.059,45.0,Bakersfield-California,23.423333125,22.370244575,6.8282232333333335,1012.4083333333333,0.0,0.0
2017-05-23,35.356615,-119.062613,10.8,0.084,54.0,Bakersfield-California,30.88166625,20.922621666666668,8.652111758333334,1010.65,0.0,9.541666666666666
2017-05-24,35.356615,-119.062613,8.5,0.078,47.0,Bakersfield-California,30.60875,16.349580733333333,10.759886029166667,1007.6833333333334,0.0,24.25
2017-05-25,35.356615,-119.062613,4.9,0.047,27.0,Bakersfield-California,24.80666654166667,26.466897683333332,12.274052920833334,1005.2666666666668,0.0,7.333333333333333
2017-05-26,35.356615,-119.062613,5.9,0.048,33.0,Bakersfield-California,20.242083458333333,48.20169383333334,10.912716695833334,1010.6125000000001,0.0,10.875
2017-05-27,35.356615,-119.062613,10.5,0.064,54.0,Bakersfield-California,21.129583333333333,41.645724208333334,8.288622225,1015.0708333333333,0.0,0.3333333333333333
2017-05-28,35.356615,-119.062613,16.1,0.073,64.0,Bakersfield-California,24.85041695833333,41.21001258333333,8.6199132625,1014.9083333333333,0.0,0.041666666666666664
2017-05-29,35.356615,-119.062613,14.1,0.071,60.0,Bakersfield-California,27.835833166666664,35.1880265,9.806036475,1011.3125,0.0,48.416666666666664
2017-05-30,35.356615,-119.062613,8.2,0.065,46.0,Bakersfield-California,28.47541658333333,31.687961708333333,10.708727754166667,1009.6625,0.0,64.79166666666667
2017-05-31,35.356615,-119.062613,6.6,0.05,37.0,Bakersfield-California,24.381666666666664,32.682839666666666,11.352609845833333,1010.85,0.1708333333333333,85.25
2017-06-01,35.356615,-119.062613,9.2,0.056,51.0,Bakersfield-California,22.425416791666667,44.67040554166667,6.893657291666667,1011.5791666666668,0.0,20.125
2017-06-02,35.356615,-119.062613,10.8,0.069,54.0,Bakersfield-California,25.825416875000002,41.46259295833333,7.019186808333333,1011.0625,0.0,9.166666666666666
2017-06-03,35.356615,-119.062613,16.0,0.081,64.0,Bakersfield-California,29.264999791666668,34.19843945833333,8.2708052375,1009.1916666666666,0.0,28.958333333333332
2017-06-04,35.356615,-119.062613,8.0,0.075,44.0,Bakersfield-California,30.639999666666668,25.838145916666665,9.342495791666666,1008.8708333333334,0.0,0.08333333333333333
2017-06-05,35.356615,-119.062613,7.8,0.07,43.0,Bakersfield-California,29.227499750000003,18.0093924375,9.753895591666668,1009.4958333333334,0.0,0.0
2017-06-06,35.356615,-119.062613,11.0,0.08,55.0,Bakersfield-California,28.84208291666667,17.76446125,7.9679686625,1009.5666666666666,0.0,0.0
2017-06-07,35.356615,-119.062613,10.7,0.075,54.0,Bakersfield-California,29.104582833333335,20.073017875,8.835826508333334,1009.275,0.0,9.75
2017-06-08,35.356615,-119.062613,4.8,0.06,27.0,Bakersfield-California,26.685833208333335,26.409823958333334,10.350312316666667,1012.025,0.0,76.25
2017-06-09,35.356615,-119.062613,4.0,0.041,22.0,Bakersfield-California,25.675416708333334,38.382306041666666,10.823192970833333,1012.0,0.0,17.0
2017-06-10,35.356615,-119.062613,5.5,0.05,31.0,Bakersfield-California,22.679583625000003,38.95414983333333,13.6585679375,1011.0708333333333,0.0,32.375
2017-06-11,35.356615,-119.062613,4.5,0.041,25.0,Bakersfield-California,21.023333375,33.52965866666667,13.026523166666665,1010.8166666666666,0.0,18.791666666666668
2017-06-12,35.356615,-119.062613,4.9,0.046,27.0,Bakersfield-California,18.62333333333333,34.824327875,12.2242946,1016.2083333333334,0.0,5.25
2017-06-13,35.356615,-119.062613,9.6,0.057,52.0,Bakersfield-California,20.975416624999998,32.42550045833333,7.9695726250000005,1016.3000000000001,0.0,0.0
2017-06-14,35.356615,-119.062613,11.5,0.074,55.0,Bakersfield-California,24.542083416666667,28.7012545,6.761065524999999,1012.5916666666667,0.0,0.0
2017-06-15,35.356615,-119.062613,13.5,0.069,59.0,Bakersfield-California,27.733749708333335,28.66560447916667,7.8499510374999995,1012.2125,0.0,0.0
2017-06-16,35.356615,-119.062613,13.5,0.062,59.0,Bakersfield-California,29.035833,25.31228833333333,7.555939891666667,1012.4958333333334,0.0,0.0
2017-06-17,35.356615,-119.062613,11.8,0.065,56.0,Bakersfield-California,31.289999583333337,30.462422708333335,8.549392733333333,1009.8625000000001,0.0,0.0
2017-06-18,35.356615,-119.062613,13.7,0.076,60.0,Bakersfield-California,33.53166629166667,29.636917333333333,7.472631340833334,1007.0541666666667,0.0,0.9583333333333334
2017-06-19,35.356615,-119.062613,15.6,0.074,63.0,Bakersfield-California,36.250416375,24.59681025,7.4792443875,1005.7125,0.0,4.875
2017-06-20,35.356615,-119.062613,13.9,0.072,60.0,Bakersfield-California,36.97124945833333,21.06580925,8.714345012499999,1006.8625000000001,0.0,5.5
2017-06-21,35.356615,-119.062613,12.7,0.077,58.0,Bakersfield-California,36.60874908333333,20.132992354166667,8.838637241666666,1005.1916666666666,0.0,0.625
2017-06-22,35.356615,-119.062613,15.3,0.083,63.0,Bakersfield-California,35.9899995,20.672579604166668,7.981985058333334,1003.3416666666667,0.0,0.041666666666666664
2017-06-23,35.356615,-119.062613,11.9,0.086,56.0,Bakersfield-California,35.1983325,25.02141064583333,8.194687916666668,1006.7666666666668,0.0,2.2083333333333335
2017-06-24,35.356615,-119.062613,12.8,0.076,58.0,Bakersfield-California,34.94624941666667,27.026895416666665,9.21776215,1009.1625,0.0,35.5
2017-06-25,35.356615,-119.062613,11.7,0.075,56.0,Bakersfield-California,34.181666166666666,29.348273666666667,8.68698085,1009.9416666666666,0.0,6.291666666666667
2017-06-26,35.356615,-119.062613,13.5,0.058,59.0,Bakersfield-California,32.88166625,17.605095254166667,9.873902854166667,1011.9916666666667,0.0,0.875
2017-06-27,35.356615,-119.062613,9.8,0.074,52.0,Bakersfield-California,31.062916416666667,19.4409044375,10.857921966666666,1010.8249999999999,0.0,0.0
2017-06-28,35.356615,-119.062613,7.8,0.061,43.0,Bakersfield-California,29.973332666666664,26.15002195833333,11.288236445833334,1009.4791666666666,0.0,0.0
2017-06-29,35.356615,-119.062613,8.8,0.059,49.0,Bakersfield-California,29.902499958333333,24.637718208333336,9.487445708333334,1010.0500000000001,0.0,0.0
2017-06-30,35.356615,-119.062613,11.6,0.073,56.0,Bakersfield-California,30.00874945833333,23.024693875,9.422023045833333,1010.6,0.0,0.0
2017-07-01,35.356615,-119.062613,12.3,0.073,57.0,Bakersfield-California,30.983749791666668,27.591740333333334,8.474636754166667,1008.4,0.0,0.0
2017-07-02,35.356615,-119.062613,9.8,0.077,52.0,Bakersfield-California,30.41291645833333,25.348715854166667,9.467712295833334,1009.0791666666668,0.0,0.0
2017-07-03,35.356615,-119.062613,10.8,0.081,54.0,Bakersfield-California,31.125416416666667,27.211434916666665,8.165482779166666,1012.2541666666666,0.0,0.0
2017-07-04,35.356615,-119.062613,19.2,0.078,70.0,Bakersfield-California,32.43791645833333,22.181616125,8.057544733333334,1012.15,0.0,0.25
2017-07-05,35.356615,-119.062613,14.0,0.078,60.0,Bakersfield-California,33.264999458333335,18.930268291666668,8.997851470833334,1011.975,0.0,15.458333333333334
2017-07-06,35.356615,-119.062613,10.7,0.071,54.0,Bakersfield-California,33.385832875,22.806492416666668,8.5959862625,1013.7708333333334,0.0,4.916666666666667
2017-07-07,35.356615,-119.062613,12.3,0.069,57.0,Bakersfield-California,34.01291629166666,22.02225975,8.454006395833334,1012.8666666666667,0.0,6.0
2017-07-08,35.356615,-119.062613,13.9,0.075,60.0,Bakersfield-California,34.83166608333334,23.80426208333333,7.3116300249999995,1009.9333333333334,0.0,28.5
2017-07-09,35.356615,-119.062613,9.3,0.07,51.0,Bakersfield-California,35.414999625,16.67536529166667,8.375209154166667,1009.6208333333334,0.0,40.208333333333336
2017-07-10,35.356615,-119.062613,28.0,0.087,86.0,Bakersfield-California,34.60666641666666,29.381942624999997,8.545361040833333,1009.3208333333333,0.0,68.625
2017-07-11,35.356615,-119.062613,13.5,0.067,59.0,Bakersfield-California,34.29208275,29.028990250000003,7.881329866666667,1008.875,0.0,16.875
2017-07-12,35.356615,-119.062613,8.7,0.061,48.0,Bakersfield-California,33.508749458333334,22.36832695833333,9.192016233333334,1010.1125000000001,0.0,11.25
2017-07-13,35.356615,-119.062613,9.8,0.073,52.0,Bakersfield-California,33.085832583333335,18.83361635416667,8.297699808333332,1011.4875000000001,0.0,7.25
2017-07-14,35.356615,-119.062613,12.3,0.077,57.0,Bakersfield-California,33.46083291666667,18.303342937500002,9.5237753625,1012.7041666666668,0.0,12.25
2017-07-15,35.356615,-119.062613,13.5,0.078,59.0,Bakersfield-California,33.277499666666664,18.366999833333335,9.619959483333334,1012.8625000000001,0.0,0.9583333333333334
2017-07-16,35.356615,-119.062613,12.5,0.068,57.0,Bakersfield-California,33.981665625,18.683250416666667,9.037802258333334,1010.7416666666667,0.0,26.541666666666668
2017-07-17,35.356615,-119.062613,15.2,0.083,62.0,Bakersfield-California,34.70666575,19.75646430833333,9.2776363625,1008.0416666666666,0.0,0.8333333333333334
2017-07-18,35.356615,-119.062613,14.4,0.066,61.0,Bakersfield-California,34.10666620833333,16.820932708333334,11.36897435,1009.9791666666666,0.0,1.9583333333333333
2017-07-19,35.356615,-119.062613,14.2,0.078,61.0,Bakersfield-California,32.698333125,16.47905225,9.381501182500001,1011.9499999999999,0.0,12.875
2017-07-20,35.356615,-119.062613,12.9,0.069,58.0,Bakersfield-California,31.608749666666668,19.416843958333335,10.307815591666666,1012.5833333333334,0.0,4.833333333333333
2017-07-21,35.356615,-119.062613,9.2,0.056,51.0,Bakersfield-California,30.635832708333336,21.196614666666665,9.257160129166666,1012.3666666666667,0.0,0.0
2017-07-22,35.356615,-119.062613,12.5,0.082,57.0,Bakersfield-California,31.110833,21.234212916666667,7.6883385083333335,1010.5458333333332,0.0,0.0
2017-07-23,35.356615,-119.062613,13.5,0.086,59.0,Bakersfield-California,33.371249041666665,20.226449625,7.408220783333333,1007.8333333333334,0.0,0.75
2017-07-24,35.356615,-119.062613,7.4,0.072,41.0,Bakersfield-California,33.60666633333333,17.669326166666668,9.870509316666666,1007.225,0.0,14.5
2017-07-25,35.356615,-119.062613,8.0,0.074,44.0,Bakersfield-California,31.204583,27.443087333333334,10.873376125,1009.8958333333334,0.0,15.208333333333334
2017-07-26,35.356615,-119.062613,6.9,0.075,38.0,Bakersfield-California,31.404582666666666,31.09377016666667,10.850442875,1012.4583333333334,0.0,8.458333333333334
2017-07-27,35.356615,-119.062613,9.0,0.068,50.0,Bakersfield-California,32.75041616666667,27.405332416666667,9.650073945833332,1011.7916666666666,0.0,0.75
2017-07-28,35.356615,-119.062613,9.5,0.072,52.0,Bakersfield-California,33.58791608333333,22.498139520833334,9.205436933333333,1009.7541666666666,0.0,0.3333333333333333
2017-07-29,35.356615,-119.062613,8.8,0.072,49.0,Bakersfield-California,33.977499125,19.665839583333334,8.329683025,1010.4208333333332,0.0,0.08333333333333333
2017-07-30,35.356615,-119.062613,8.7,0.067,48.0,Bakersfield-California,33.477499791666666,19.961905041666665,9.028808783333334,1012.8125,0.0,0.125
2017-07-31,35.356615,-119.062613,10.1,0.075,53.0,Bakersfield-California,33.24624979166666,18.280117104166667,9.319091170833333,1013.3458333333333,0.0,0.125
2017-08-01,35.356615,-119.062613,11.7,0.08,56.0,Bakersfield-California,34.07958295833333,19.79545595833333,7.611776620833333,1010.5749999999999,0.0,26.75
2017-08-02,35.356615,-119.062613,15.5,0.069,63.0,Bakersfield-California,36.01083245833333,20.446966875,6.921841845833334,1009.35,0.0,61.833333333333336
2017-08-03,35.356615,-119.062613,15.6,0.068,63.0,Bakersfield-California,34.579582875,26.256920750000003,5.571040450000001,1011.3625000000001,0.004166666666666667,98.58333333333333
2017-08-04,35.356615,-119.062613,12.4,0.074,57.0,Bakersfield-California,32.727499458333334,28.367447875,7.138215504166666,1011.6208333333334,0.0,30.708333333333332
2017-08-05,35.356615,-119.062613,10.9,0.068,54.0,Bakersfield-California,33.121249375,29.139184916666665,9.557105995833334,1010.225,0.0,6.125
2017-08-06,35.356615,-119.062613,10.4,0.062,53.0,Bakersfield-California,32.862916625000004,29.607798541666668,10.2488273375,1009.5166666666668,0.0,5.458333333333333
2017-08-07,35.356615,-119.062613,8.5,0.062,47.0,Bakersfield-California,31.410833125,24.00496525,9.175948475,1010.1999999999999,0.0,0.9583333333333334
2017-08-08,35.356615,-119.062613,14.0,0.068,60.0,Bakersfield-California,31.460832458333332,26.933140499999997,9.47042258625,1010.9375,0.0,0.0
2017-08-09,35.356615,-119.062613,12.8,0.068,58.0,Bakersfield-California,31.66499979166667,26.642699500000003,10.108429479166666,1010.0916666666667,0.0,0.0
2017-08-10,35.356615,-119.062613,15.3,0.069,63.0,Bakersfield-California,31.794166375,32.05729516666667,10.383602704166668,1010.4458333333333,0.0,0.0
2017-08-11,35.356615,-119.062613,16.6,0.073,65.0,Bakersfield-California,31.694166499999998,29.43659275,9.335350983333333,1010.2583333333333,0.0,0.0
2017-08-12,35.356615,-119.062613,15.5,0.071,63.0,Bakersfield-California,31.850415958333333,24.340867625,8.8194520625,1009.4083333333333,0.0,0.0
2017-08-13,35.356615,-119.062613,10.6,0.061,54.0,Bakersfield-California,31.827499500000002,24.262667750000002,8.462427691666667,1009.6750000000001,0.0,0.0
2017-08-14,35.356615,-119.062613,4.8,0.039,27.0,Bakersfield-California,30.587916375000002,24.323457791666666,10.164966958333332,1008.6541666666667,0.0,1.125
2017-08-15,35.356615,-119.062613,8.5,0.045,47.0,Bakersfield-California,27.11916666666667,38.13637966666666,10.410028933333333,1008.5458333333332,0.0,22.625
2017-08-16,35.356615,-119.062613,12.3,0.061,57.0,Bakersfield-California,26.090000250000003,39.900753,8.396329291666666,1011.0583333333334,0.0,0.0
2017-08-17,35.356615,-119.062613,16.6,0.077,65.0,Bakersfield-California,28.589999833333334,36.57270616666667,8.433225766666666,1012.4083333333333,0.0,0.4583333333333333
2017-08-18,35.356615,-119.062613,17.2,0.082,66.0,Bakersfield-California,30.954583,34.145400875,8.667401454166667,1012.1541666666667,0.0,3.3333333333333335
2017-08-19,35.356615,-119.062613,16.1,0.08,64.0,Bakersfield-California,32.244166125,31.711403333333333,8.6275896375,1010.0666666666666,0.0,4.625
2017-08-20,35.356615,-119.062613,14.1,0.068,60.0,Bakersfield-California,31.067083125,32.648110708333334,9.276007575,1008.6875,0.0,13.833333333333334
2017-08-21,35.356615,-119.062613,14.0,0.071,60.0,Bakersfield-California,29.656666333333334,38.40332729166666,10.791106995833333,1010.8125,0.0,5.125
2017-08-22,35.356615,-119.062613,17.4,0.077,66.0,Bakersfield-California,29.894166333333335,39.3017355,9.93380035,1013.2583333333333,0.0,1.9583333333333333
2017-08-23,35.356615,-119.062613,15.1,0.072,62.0,Bakersfield-California,30.439999875,34.273805625,9.326319404166666,1011.5583333333334,0.0,6.625
2017-08-24,35.356615,-119.062613,16.9,0.074,66.0,Bakersfield-California,30.43166666666667,34.91753625,8.8842652875,1009.2333333333332,0.0,4.041666666666667
2017-08-25,35.356615,-119.062613,15.8,0.084,63.0,Bakersfield-California,31.26708325,29.851977958333332,8.283293879166667,1007.3874999999999,0.0,1.8333333333333333
2017-08-26,35.356615,-119.062613,16.3,0.085,64.0,Bakersfield-California,33.248333,25.231273458333334,8.552085591666666,1009.3083333333334,0.0,3.4166666666666665
2017-08-27,35.356615,-119.062613,15.5,0.082,63.0,Bakersfield-California,34.96291591666667,24.172763708333335,7.2110512125,1011.1041666666666,0.0,2.25
2017-08-28,35.356615,-119.062613,16.8,0.089,65.0,Bakersfield-California,34.681666291666666,22.201632875,8.289618516666666,1008.8041666666667,0.0,2.7083333333333335
2017-08-29,35.356615,-119.062613,17.1,0.092,66.0,Bakersfield-California,36.24833233333333,22.055304625,8.531637175,1007.3249999999999,0.004166666666666667,16.291666666666668
2017-08-30,35.356615,-119.062613,12.7,0.078,58.0,Bakersfield-California,35.331665916666665,23.799628041666665,9.182058004166667,1007.7375000000001,0.008333333333333333,29.125
2017-08-31,35.356615,-119.062613,14.9,0.083,62.0,Bakersfield-California,34.0274995,25.630685,8.2446592,1007.4458333333333,0.0,9.083333333333334
2017-09-01,35.356615,-119.062613,23.0,0.094,77.0,Bakersfield-California,34.839999,25.774000166666667,5.9954267,1007.7708333333334,0.0,18.333333333333332
2017-09-02,35.356615,-119.062613,32.7,0.104,95.0,Bakersfield-California,35.06291575,27.987644250000002,7.472817320833333,1007.8708333333334,0.016666666666666666,7.791666666666667
2017-09-03,35.356615,-119.062613,19.0,0.064,69.0,Bakersfield-California,36.158749375,23.643868541666667,6.690943645833333,1009.5166666666668,0.06666666666666667,24.416666666666668
2017-09-04,35.356615,-119.062613,13.7,0.07,60.0,Bakersfield-California,32.804582833333335,41.70124233333333,5.173546860416667,1009.3208333333333,0.0,55.708333333333336
2017-09-05,35.356615,-119.062613,12.9,0.064,58.0,Bakersfield-California,30.377499708333332,51.47328833333333,10.193435150000001,1011.2208333333333,0.012499999999999999,10.208333333333334
2017-09-06,35.356615,-119.062613,13.0,0.067,58.0,Bakersfield-California,30.867082916666664,38.46558841666667,8.1921049875,1012.4791666666666,0.0,2.4166666666666665
2017-09-07,35.356615,-119.062613,15.5,0.063,63.0,Bakersfield-California,29.556666458333336,33.4219445,9.259350354166667,1011.9541666666668,0.0,1.7916666666666667
2017-09-08,35.356615,-119.062613,15.4,0.069,63.0,Bakersfield-California,28.17958329166667,43.079941041666665,10.758866291666665,1009.7375000000001,0.0,2.3333333333333335
2017-09-09,35.356615,-119.062613,14.6,0.076,61.0,Bakersfield-California,28.017083166666666,40.545211375,8.418549745833333,1011.35,0.0,9.333333333333334
2017-09-10,35.356615,-119.062613,13.6,0.071,59.0,Bakersfield-California,29.412916499999998,34.73720908333333,7.403251970833334,1012.475,0.0,36.583333333333336
2017-09-11,35.356615,-119.062613,14.8,0.073,62.0,Bakersfield-California,30.933749916666667,32.843390291666665,6.933210320833333,1010.4041666666667,0.0,63.958333333333336
2017-09-12,35.356615,-119.062613,10.0,0.068,53.0,Bakersfield-California,29.2941665,46.812178875,10.735186395833333,1010.2624999999999,0.0,14.875
2017-09-13,35.356615,-119.062613,6.5,0.052,36.0,Bakersfield-California,27.49625,37.404133333333334,11.067220729166666,1008.9625,0.0,5.041666666666667
2017-09-14,35.356615,-119.062613,6.1,0.044,34.0,Bakersfield-California,25.181666833333335,45.75531379166667,8.218004891666666,1009.6750000000001,0.008333333333333333,21.166666666666668
2017-09-15,35.356615,-119.062613,6.1,0.05,34.0,Bakersfield-California,24.523333583333336,42.94728108333334,10.183898033333334,1010.8541666666666,0.0,4.75
2017-09-16,35.356615,-119.062613,10.4,0.068,53.0,Bakersfield-California,23.921250208333333,32.77992575,7.425115745833334,1011.0583333333334,0.0,1.9166666666666667
2017-09-17,35.356615,-119.062613,16.7,0.067,65.0,Bakersfield-California,25.510833375,38.90781479166667,8.218208895833333,1011.0166666666668,0.0,5.5
2017-09-18,35.356615,-119.062613,15.0,0.068,62.0,Bakersfield-California,25.410833541666666,31.56083166666667,8.489488133333333,1011.6,0.0,0.0
2017-09-19,35.356615,-119.062613,6.5,0.052,36.0,Bakersfield-California,24.18375025,42.888303375,12.893597875,1012.2333333333332,0.0,24.916666666666668
2017-09-20,35.356615,-119.062613,9.0,0.055,50.0,Bakersfield-California,21.746250083333333,34.36521829166667,8.160075670833333,1012.3666666666667,0.0,0.0
2017-09-21,35.356615,-119.062613,4.5,0.045,25.0,Bakersfield-California,20.904583625,52.089063458333335,11.059474595833334,1009.7958333333332,0.09166666666666667,43.916666666666664
2017-09-22,35.356615,-119.062613,5.9,0.049,33.0,Bakersfield-California,18.104583333333334,38.249316,8.6027083375,1011.2541666666666,0.0,3.5
2017-09-23,35.356615,-119.062613,7.4,0.05,41.0,Bakersfield-California,18.492083333333333,33.740995375000004,7.834858416666666,1010.8416666666667,0.0,0.0
2017-09-24,35.356615,-119.062613,6.2,0.058,34.0,Bakersfield-California,20.275416708333335,26.80327852083333,5.751985215833334,1012.0708333333333,0.0,0.0
2017-09-25,35.356615,-119.062613,8.0,0.061,44.0,Bakersfield-California,21.542083375,24.913783874999996,7.0006252374999995,1012.2624999999999,0.0,23.25
2017-09-26,35.356615,-119.062613,9.1,0.068,51.0,Bakersfield-California,23.325416541666666,24.840021166666663,4.764754920833333,1009.6125000000001,0.0,11.333333333333334
2017-09-27,35.356615,-119.062613,8.8,0.067,49.0,Bakersfield-California,24.542083125,23.773567,6.3876637999999994,1010.0208333333334,0.0,0.0
2017-09-28,35.356615,-119.062613,11.0,0.077,55.0,Bakersfield-California,25.877499875,21.775713,6.136079278333334,1012.3166666666666,0.0,5.458333333333333
2017-09-29,35.356615,-119.062613,11.8,0.077,56.0,Bakersfield-California,25.194166749999997,24.852999791666665,7.717650979166667,1012.5375,0.0,23.5
2017-09-30,35.356615,-119.062613,8.5,0.055,47.0,Bakersfield-California,24.233750083333334,33.90587745833333,8.984034420833334,1011.6333333333333,0.0,22.583333333333332
2017-10-01,35.356615,-119.062613,8.0,0.053,44.0,Bakersfield-California,22.769166791666667,42.217156249999995,9.1029246,1010.9041666666667,0.0,10.708333333333334
2017-10-02,35.356615,-119.062613,9.4,0.046,52.0,Bakersfield-California,21.021250041666665,21.347823458333334,8.5991698825,1008.2708333333334,0.0,0.9583333333333334
2017-10-03,35.356615,-119.062613,10.3,0.05,53.0,Bakersfield-California,19.41500016666667,27.421189791666666,9.621304429166667,1007.5583333333334,0.0,0.08333333333333333
2017-10-04,35.356615,-119.062613,10.5,0.059,54.0,Bakersfield-California,18.050416666666667,35.134732166666666,6.711449504166667,1015.7458333333334,0.0,4.5
2017-10-05,35.356615,-119.062613,12.5,0.066,57.0,Bakersfield-California,19.5504165,30.311497708333334,5.743144999999999,1015.4541666666668,0.0,0.0
2017-10-06,35.356615,-119.062613,14.4,0.075,61.0,Bakersfield-California,20.094166541666667,28.515300291666666,6.477871928333333,1015.1750000000001,0.0,0.0
2017-10-07,35.356615,-119.062613,19.2,0.081,70.0,Bakersfield-California,21.398333166666664,30.143287875,5.33171475,1012.8458333333333,0.0,2.0833333333333335
2017-10-08,35.356615,-119.062613,17.0,0.08,66.0,Bakersfield-California,23.031666916666666,26.285520375,6.77077155,1007.2083333333334,0.0,2.4166666666666665
2017-10-09,35.356615,-119.062613,14.5,0.045,61.0,Bakersfield-California,21.77125008333333,31.514551733333334,11.434112279166667,1009.6875,0.0,0.0
2017-10-10,35.356615,-119.062613,8.2,0.054,46.0,Bakersfield-California,22.823333416666667,10.046264825,11.3253965125,1012.8833333333333,0.0,9.916666666666666
2017-10-11,35.356615,-119.062613,24.9,0.067,80.0,Bakersfield-California,20.912916624999998,27.18747458333333,7.509611125,1010.85,0.0,17.916666666666668
2017-10-12,35.356615,-119.062613,21.9,0.045,75.0,Bakersfield-California,18.34208333333333,31.165758083333333,9.021225616666667,1014.9833333333332,0.0,0.0
2017-10-13,35.356615,-119.062613,22.3,0.062,76.0,Bakersfield-California,16.804583291666667,29.589152458333334,5.1361217625,1017.4499999999999,0.0,37.708333333333336
2017-10-14,35.356615,-119.062613,28.3,0.069,87.0,Bakersfield-California,17.433749958333333,31.328077208333337,6.27591315,1017.8333333333334,0.0,0.0
2017-10-15,35.356615,-119.062613,28.0,0.07,86.0,Bakersfield-California,19.294166625,31.815706179166668,7.192559129166667,1018.5500000000001,0.0,0.0
2017-10-16,35.356615,-119.062613,30.0,0.077,90.0,Bakersfield-California,20.446249875,31.335082895833335,6.0534348125,1019.3708333333334,0.0,32.208333333333336
2017-10-17,35.356615,-119.062613,30.4,0.078,91.0,Bakersfield-California,22.467083416666668,29.229640979166664,4.5171384945833335,1017.5,0.0,37.125
2017-10-18,35.356615,-119.062613,30.9,0.077,92.0,Bakersfield-California,22.362916833333333,34.69937170833334,6.6926242375,1015.8208333333333,0.0,54.5
2017-10-19,35.356615,-119.062613,28.0,0.081,86.0,Bakersfield-California,20.608750083333334,33.18616775,6.702169158333334,1013.3583333333332,0.0,22.375
2017-10-20,35.356615,-119.062613,4.8,0.048,27.0,Bakersfield-California,19.042083416666667,50.45175699999999,11.715436983333333,1013.9375,0.020833333333333332,42.458333333333336
2017-10-21,35.356615,-119.062613,10.3,0.05,53.0,Bakersfield-California,14.944166541666666,49.33961420833333,7.883489925,1020.5833333333334,0.0,14.666666666666666
2017-10-22,35.356615,-119.062613,17.3,0.058,66.0,Bakersfield-California,15.219166708333333,52.18952754166667,5.626783170833334,1025.0916666666667,0.0,0.0
2017-10-23,35.356615,-119.062613,24.2,0.072,79.0,Bakersfield-California,16.74624975,55.570770333333336,5.9545231124999995,1023.7708333333334,0.0,0.0
2017-10-24,35.356615,-119.062613,29.2,0.077,88.0,Bakersfield-California,21.667083416666667,43.206792291666666,4.887415620833333,1020.6208333333334,0.0,0.0
2017-10-25,35.356615,-119.062613,26.0,0.077,82.0,Bakersfield-California,22.439999666666665,41.86437829166667,6.381175170833334,1015.7208333333333,0.0,0.0
2017-10-26,35.356615,-119.062613,21.7,0.075,74.0,Bakersfield-California,23.07958325,37.884536250000004,5.185045095833334,1011.3666666666667,0.0,0.0
2017-10-27,35.356615,-119.062613,16.3,0.07,64.0,Bakersfield-California,23.025416916666668,39.221168541666664,5.7544256166666665,1013.3249999999999,0.0,1.5833333333333333
2017-10-28,35.356615,-119.062613,15.7,0.076,63.0,Bakersfield-California,22.104583416666667,45.70587354166667,5.194777370833333,1012.6166666666667,0.0,0.0
2017-10-29,35.356615,-119.062613,19.5,0.073,70.0,Bakersfield-California,21.302499916666665,49.099040583333334,4.682138261666666,1010.3625000000001,0.0,11.791666666666666
2017-10-30,35.356615,-119.062613,16.2,0.066,64.0,Bakersfield-California,20.52541666666667,55.30960691666667,6.915498833333333,1009.1458333333334,0.0,58.458333333333336
2017-10-31,35.356615,-119.062613,8.9,0.04,49.0,Bakersfield-California,16.996250083333333,58.82145179166667,8.011097475,1011.0416666666666,0.0,7.125
2017-11-01,35.356615,-119.062613,16.8,0.053,65.0,Bakersfield-California,15.727499916666666,61.94888316666667,5.066020691666666,1013.2166666666667,0.0,0.16666666666666666
2017-11-02,35.356615,-119.062613,16.5,0.038,65.0,Bakersfield-California,16.504583333333333,58.51518495833333,6.037269508333334,1014.5791666666668,0.0,36.375
2017-11-03,35.356615,-119.062613,7.1,0.047,39.0,Bakersfield-California,17.729583458333334,50.40722941666667,5.683505479166667,1017.4833333333332,0.0,83.08333333333333
2017-11-04,35.356615,-119.062613,7.5,0.045,42.0,Bakersfield-California,17.279583291666665,45.03199141666667,5.325138686666667,1016.375,0.0,69.5
2017-11-05,35.356615,-119.062613,6.0,0.036,33.0,Bakersfield-California,16.185833125,57.36852820833334,6.879294595833334,1017.5541666666667,0.008333333333333333,70.5
2017-11-06,35.356615,-119.062613,8.7,0.042,48.0,Bakersfield-California,13.671249875,51.393681541666666,5.928569475,1019.0708333333333,0.0,85.625
2017-11-07,35.356615,-119.062613,18.6,0.044,69.0,Bakersfield-California,13.8816665,45.549093875000004,4.400129150000001,1019.5958333333333,0.0,25.625
2017-11-08,35.356615,-119.062613,13.0,0.043,58.0,Bakersfield-California,15.971249875,47.40904441666667,7.103083537500001,1016.9833333333332,0.0,23.625
2017-11-09,35.356615,-119.062613,5.6,0.038,31.0,Bakersfield-California,18.060833458333335,59.468516083333334,7.755783120833333,1016.0541666666667,0.0,29.333333333333332
2017-11-10,35.356615,-119.062613,6.1,0.042,34.0,Bakersfield-California,17.527499916666667,63.32552466666667,8.269480954166667,1016.6791666666667,0.0,60.5
2017-11-11,35.356615,-119.062613,12.5,0.04,57.0,Bakersfield-California,14.839999791666665,61.17920633333333,5.9756077,1017.4958333333334,0.0,35.375
2017-11-12,35.356615,-119.062613,17.1,0.034,66.0,Bakersfield-California,14.075416291666668,71.49531229166666,3.9400497416666664,1018.3958333333334,0.0,90.0
2017-11-13,35.356615,-119.062613,18.5,0.044,69.0,Bakersfield-California,13.971249841666667,65.19425729166666,4.267805558333333,1021.2083333333334,0.0,79.54166666666667
2017-11-14,35.356615,-119.062613,26.9,0.047,84.0,Bakersfield-California,15.650416625,47.249036375,4.873771807083333,1021.6625,0.0,28.291666666666668
2017-11-15,35.356615,-119.062613,30.8,0.051,91.0,Bakersfield-California,15.546249875,57.523396041666665,4.847195504166667,1018.0,0.0,33.625
2017-11-16,35.356615,-119.062613,10.0,0.024,53.0,Bakersfield-California,19.758750125,36.450763708333334,5.95605995,1013.4416666666666,0.0,63.708333333333336
2017-11-17,35.356615,-119.062613,5.0,0.036,28.0,Bakersfield-California,18.09625,68.05191025,9.746922470833333,1016.1875,0.2708333333333333,99.08333333333333
2017-11-18,35.356615,-119.062613,21.5,0.029,74.0,Bakersfield-California,13.748333083333334,62.799425291666665,5.904434304166667,1021.7708333333334,0.0,31.958333333333332
2017-11-19,35.356615,-119.062613,30.9,0.039,92.0,Bakersfield-California,11.594166475,72.93402816666666,5.1481088625,1020.3041666666667,0.0,36.208333333333336
2017-11-20,35.356615,-119.062613,35.3,0.043,100.0,Bakersfield-California,13.427499716666667,55.606828541666665,4.491942025,1018.9208333333332,0.0,51.666666666666664
2017-11-21,35.356615,-119.062613,26.6,0.037,84.0,Bakersfield-California,15.608749833333334,46.29312041666666,5.495052275,1020.3874999999999,0.0,78.29166666666667
2017-11-22,35.356615,-119.062613,35.3,0.055,100.0,Bakersfield-California,16.779583125,49.348560291666665,4.6352546375,1020.0791666666668,0.0,13.458333333333334
2017-11-23,35.356615,-119.062613,62.6,0.064,156.0,Bakersfield-California,17.34625,60.725276083333334,4.982725729166667,1019.0583333333334,0.0,39.166666666666664
2017-11-24,35.356615,-119.062613,40.7,0.052,114.0,Bakersfield-California,16.889999875,65.817695375,6.298817833333334,1017.5375,0.0,30.166666666666668
2017-11-25,35.356615,-119.062613,42.3,0.047,118.0,Bakersfield-California,16.504583,71.68152233333333,5.292702066666666,1015.7416666666667,0.0,32.416666666666664
2017-11-26,35.356615,-119.062613,28.3,0.045,87.0,Bakersfield-California,19.412916625,51.60799058333333,4.293076720833334,1015.8041666666667,0.0,49.416666666666664
2017-11-27,35.356615,-119.062613,2.7,0.045,15.0,Bakersfield-California,17.406666583333333,57.84135441666667,15.009317266666665,1015.7708333333334,0.07916666666666668,71.625
2017-11-28,35.356615,-119.062613,18.6,0.036,69.0,Bakersfield-California,10.223333141666666,62.825172625,6.4748458824999995,1019.775,0.0,16.166666666666668
2017-11-29,35.356615,-119.062613,28.2,0.037,87.0,Bakersfield-California,10.225416508333334,67.69522766666667,5.516650291666667,1019.8958333333334,0.0,70.04166666666667
2017-11-30,35.356615,-119.062613,33.8,0.036,97.0,Bakersfield-California,9.396249933333333,74.2589055,5.635778566666667,1020.4250000000001,0.0,4.041666666666667
2017-12-01,35.356615,-119.062613,32.6,0.039,95.0,Bakersfield-California,10.38999985,70.99347795833333,4.768121333333333,1019.0,0.0,2.875
2017-12-02,35.356615,-119.062613,45.7,0.044,126.0,Bakersfield-California,11.579583158333334,61.03392254166667,3.9333324991666667,1017.0708333333333,0.0,60.666666666666664
2017-12-03,35.356615,-119.062613,33.9,0.032,97.0,Bakersfield-California,11.467083083333334,63.79199570833333,7.597494154166667,1017.6750000000001,0.0,72.70833333333333
2017-12-04,35.356615,-119.062613,12.2,0.031,57.0,Bakersfield-California,8.854583266666667,57.711948875,7.228788033333333,1019.8791666666666,0.0,5.375
2017-12-05,35.356615,-119.062613,20.7,0.03,73.0,Bakersfield-California,8.5920831375,60.056109375,7.04793085,1022.4499999999999,0.0,0.0
2017-12-06,35.356615,-119.062613,24.7,0.034,80.0,Bakersfield-California,9.056666575,42.23537970833333,5.6193515791666675,1024.5583333333332,0.0,0.0
2017-12-07,35.356615,-119.062613,29.6,0.032,89.0,Bakersfield-California,9.552499899999999,39.45493508333333,6.938373629166667,1027.7541666666666,0.0,4.416666666666667
2017-12-08,35.356615,-119.062613,40.8,0.036,114.0,Bakersfield-California,10.783749833333333,37.25309045833333,4.428582291666667,1029.975,0.0,5.0
2017-12-09,35.356615,-119.062613,48.8,0.039,134.0,Bakersfield-California,10.744166766666666,36.57654725,5.0773517791666665,1027.0416666666667,0.0,89.58333333333333
2017-12-10,35.356615,-119.062613,76.5,0.045,166.0,Bakersfield-California,10.92124985,44.63931458333334,6.726585895833334,1025.3291666666667,0.0,86.25
2017-12-11,35.356615,-119.062613,71.8,0.046,162.0,Bakersfield-California,9.9879166375,46.74048416666667,7.8494232875,1024.9916666666666,0.0,78.29166666666667
2017-12-12,35.356615,-119.062613,57.6,0.05,152.0,Bakersfield-California,9.864999883333333,45.529389625,3.6925893366666664,1026.2124999999999,0.0,17.708333333333332
2017-12-13,35.356615,-119.062613,60.6,0.047,155.0,Bakersfield-California,9.57541655,43.337281499999996,3.9269526791666665,1021.4541666666668,0.0,0.0
2017-12-14,35.356615,-119.062613,61.6,0.046,155.0,Bakersfield-California,8.923333229166667,55.05643320833334,6.7927163041666665,1018.7916666666666,0.0,16.5
2017-12-15,35.356615,-119.062613,70.3,0.046,161.0,Bakersfield-California,11.683749874999998,42.048941750000004,5.070049053333333,1020.8541666666666,0.0,7.5
2017-12-16,35.356615,-119.062613,44.7,0.033,124.0,Bakersfield-California,12.379583083333335,39.664833208333334,7.25168703625,1012.7624999999999,0.0,49.375
2017-12-17,35.356615,-119.062613,15.4,0.034,63.0,Bakersfield-California,8.5337498875,61.135920125000005,6.1760432158333325,1014.4208333333332,0.0,10.708333333333334
2017-12-18,35.356615,-119.062613,26.5,0.023,83.0,Bakersfield-California,9.073333258333333,43.965399166666664,5.0520524875,1020.7916666666666,0.0,18.833333333333332
2017-12-19,35.356615,-119.062613,24.5,0.032,80.0,Bakersfield-California,11.904583125,25.255765375,3.9254762333333333,1021.7791666666667,0.0,4.5
2017-12-20,35.356615,-119.062613,14.4,0.028,61.0,Bakersfield-California,10.656666333333334,44.61051683333333,7.045228616666667,1020.4875000000001,0.04583333333333334,55.833333333333336
2017-12-21,35.356615,-119.062613,16.9,0.032,66.0,Bakersfield-California,5.348333212333333,73.443918625,6.5515182124999995,1022.9916666666667,0.0,10.291666666666666
2017-12-22,35.356615,-119.062613,22.6,0.024,76.0,Bakersfield-California,5.248333233166666,59.81751345833333,5.12206993625,1026.2333333333333,0.0,32.0
2017-12-23,35.356615,-119.062613,37.3,0.023,105.0,Bakersfield-California,7.571249770833333,50.46743016666667,4.1846770541666665,1025.3208333333334,0.0,97.41666666666667
2017-12-24,35.356615,-119.062613,66.3,0.037,159.0,Bakersfield-California,7.6004166333333325,48.467402166666666,5.71334225,1022.7541666666666,0.0,81.0
2017-12-25,35.356615,-119.062613,71.0,0.036,162.0,Bakersfield-California,7.7191663,48.78207683333333,6.0314238625,1022.0666666666666,0.0,65.625
2017-12-26,35.356615,-119.062613,75.7,0.051,165.0,Bakersfield-California,8.487916533333333,48.734561791666664,5.418759641666667,1021.9833333333332,0.0,70.16666666666667
2017-12-27,35.356615,-119.062613,64.4,0.044,157.0,Bakersfield-California,8.139999933333334,62.337289958333336,5.422742808333333,1024.2250000000001,0.0,7.458333333333333
2017-12-28,35.356615,-119.062613,62.0,0.042,156.0,Bakersfield-California,8.435833216666667,68.684504125,5.980501579166667,1024.2291666666667,0.0,37.416666666666664
2017-12-29,35.356615,-119.062613,70.2,0.05,161.0,Bakersfield-California,9.458749916666667,66.34503829166667,5.083902245833333,1022.2875,0.0,25.958333333333332
2017-12-30,35.356615,-119.062613,82.9,0.053,170.0,Bakersfield-California,10.562916595833334,58.41547595833333,5.634400195833333,1019.9250000000001,0.0,60.75
2017-12-31,35.356615,-119.062613,82.9,0.053,170.0,Bakersfield-California,10.562916595833334,58.41547595833333,5.634400195833333,1019.9250000000001,0.0,60.75
2018-01-01,35.356615,-119.062613,93.1,0.045,177.0,Bakersfield-California,10.610833133333333,52.03077458333333,6.395092329166666,1021.1083333333332,0.0,49.375
2018-01-02,35.356615,-119.062613,90.3,0.033,175.0,Bakersfield-California,11.421249983333333,52.56481975,5.96218335,1021.9541666666668,0.0,83.66666666666667
2018-01-03,35.356615,-119.062613,90.2,0.02,175.0,Bakersfield-California,12.394166516666667,52.739296375,5.9348935208333335,1018.9375,0.016666666666666666,57.625
2018-01-04,35.356615,-119.062613,75.1,0.025,165.0,Bakersfield-California,13.448333125,53.01851741666667,6.850333429166667,1018.7375000000001,0.029166666666666664,65.25
2018-01-05,35.356615,-119.062613,33.4,0.039,96.0,Bakersfield-California,15.869166291666666,61.885644000000006,3.828483595833333,1021.2041666666668,0.012500000000000002,64.70833333333333
2018-01-06,35.356615,-119.062613,20.3,0.019,72.0,Bakersfield-California,17.017083208333332,62.696742,5.977600750000001,1021.0791666666668,0.0,96.66666666666667
2018-01-07,35.356615,-119.062613,21.0,0.026,73.0,Bakersfield-California,14.617083083333334,78.51951995833333,6.021838849999999,1020.4291666666667,0.0,81.04166666666667
2018-01-08,35.356615,-119.062613,23.8,0.031,78.0,Bakersfield-California,15.47749975,72.49794354166666,5.471573625,1014.2958333333332,0.25,97.54166666666667
2018-01-09,35.356615,-119.062613,3.2,0.04,18.0,Bakersfield-California,15.867083333333333,66.77810791666667,19.571416458333335,1004.2083333333334,0.5916666666666667,74.375
2018-01-10,35.356615,-119.062613,9.7,0.026,52.0,Bakersfield-California,12.052499416666668,74.07419670833333,8.311260804166666,1015.3375,0.0,81.79166666666667
2018-01-11,35.356615,-119.062613,21.1,0.034,73.0,Bakersfield-California,11.623333041666667,74.23518795833333,5.428015216666666,1024.5249999999999,0.0,60.5
2018-01-12,35.356615,-119.062613,22.7,0.031,76.0,Bakersfield-California,10.667083224999999,81.31969570833333,5.942761870833333,1026.375,0.0,9.583333333333334
2018-01-13,35.356615,-119.062613,27.1,0.02,85.0,Bakersfield-California,11.300416416666666,79.48884779166667,7.290046383333333,1024.7083333333333,0.0,78.45833333333333
2018-01-14,35.356615,-119.062613,27.8,0.016,86.0,Bakersfield-California,12.681666433333334,72.63341875,5.451982066666666,1021.6833333333334,0.0,81.95833333333333
2018-01-15,35.356615,-119.062613,38.1,0.012,107.0,Bakersfield-California,13.456666499999999,64.82860120833332,5.3210860875,1019.8041666666667,0.0,65.625
2018-01-16,35.356615,-119.062613,34.7,0.015,99.0,Bakersfield-California,13.7191665,66.35420354166666,6.360559154166666,1021.1125000000001,0.0,97.95833333333333
2018-01-17,35.356615,-119.062613,27.1,0.013,85.0,Bakersfield-California,12.639999750000001,74.32472962499999,5.5626661625,1023.4458333333333,0.0,83.29166666666667
2018-01-18,35.356615,-119.062613,32.0,0.013,94.0,Bakersfield-California,13.673333166666666,69.787462,6.513945804166667,1020.2125,0.0,83.875
2018-01-19,35.356615,-119.062613,9.5,0.036,52.0,Bakersfield-California,12.756666125,78.264789625,8.7255843875,1017.5124999999999,0.09999999999999999,91.33333333333333
2018-01-20,35.356615,-119.062613,15.3,0.03,63.0,Bakersfield-California,8.202499758333333,70.88606945833334,7.0982198625,1018.8708333333334,0.012500000000000002,65.375
2018-01-21,35.356615,-119.062613,17.6,0.036,67.0,Bakersfield-California,7.129583316666667,69.05392520833333,5.1960291708333335,1025.8208333333334,0.0,35.291666666666664
2018-01-22,35.356615,-119.062613,17.3,0.037,66.0,Bakersfield-California,8.931666649999999,60.147707875,4.383083354166667,1027.8958333333333,0.0,35.416666666666664
2018-01-23,35.356615,-119.062613,21.1,0.03,73.0,Bakersfield-California,9.879583375000001,62.867207625,5.916812383333333,1024.8666666666666,0.0,12.416666666666666
2018-01-24,35.356615,-119.062613,32.1,0.028,94.0,Bakersfield-California,10.660833316666666,60.5679845,4.180541920833334,1021.0333333333333,0.0,22.541666666666668
2018-01-25,35.356615,-119.062613,12.4,0.041,57.0,Bakersfield-California,10.908749758333334,60.24909720833333,8.7345104625,1018.1374999999999,0.2333333333333333,63.333333333333336
2018-01-26,35.356615,-119.062613,22.8,0.044,77.0,Bakersfield-California,7.581666554166667,70.170199,5.598972758333333,1024.6000000000001,0.0,14.75
2018-01-27,35.356615,-119.062613,23.9,0.039,79.0,Bakersfield-California,8.248333266666666,66.035149375,5.301368133333333,1028.3708333333334,0.0,54.333333333333336
2018-01-28,35.356615,-119.062613,29.3,0.043,89.0,Bakersfield-California,9.3441666,58.58629929166667,4.439211991666666,1028.0291666666667,0.0,23.625
2018-01-29,35.356615,-119.062613,44.4,0.031,123.0,Bakersfield-California,11.739999891666665,59.069340708333335,7.5447693875,1024.5458333333333,0.0,71.0
2018-01-30,35.356615,-119.062613,47.2,0.037,130.0,Bakersfield-California,14.050416591666668,52.26292804166667,5.231103520833334,1020.5749999999999,0.0,81.875
2018-01-31,35.356615,-119.062613,51.0,0.047,139.0,Bakersfield-California,12.856666458333335,62.11745691666667,5.856559154166667,1018.2125,0.0,5.583333333333333
2018-02-01,35.356615,-119.062613,47.6,0.048,131.0,Bakersfield-California,12.433749800000001,62.28002170833333,5.622046708333333,1018.1958333333333,0.0,71.04166666666667
2018-02-02,35.356615,-119.062613,52.2,0.049,142.0,Bakersfield-California,13.856666716666666,58.11703895833333,6.278973075,1020.4333333333334,0.0,75.625
2018-02-03,35.356615,-119.062613,54.2,0.056,147.0,Bakersfield-California,15.137916541666668,54.843658624999996,5.581642875,1020.4666666666667,0.0,30.416666666666668
2018-02-04,35.356615,-119.062613,57.3,0.062,152.0,Bakersfield-California,16.102499958333333,52.10722641666666,4.168088383333333,1018.875,0.0,24.25
2018-02-05,35.356615,-119.062613,54.3,0.06,147.0,Bakersfield-California,15.631666883333333,53.073049625,5.997970370833333,1016.9416666666666,0.0,24.833333333333332
2018-02-06,35.356615,-119.062613,43.9,0.054,122.0,Bakersfield-California,15.504583291666668,54.87983495833333,5.898224654166667,1015.975,0.0,0.0
2018-02-07,35.356615,-119.062613,24.6,0.048,80.0,Bakersfield-California,16.46291655,52.98931975,5.391818629166667,1021.2333333333332,0.0,0.5
2018-02-08,35.356615,-119.062613,27.2,0.059,85.0,Bakersfield-California,16.40666655,44.600573458333336,5.7059374375,1022.5791666666668,0.0,0.0
2018-02-09,35.356615,-119.062613,27.5,0.061,85.0,Bakersfield-California,16.415000083333332,45.04333195833333,3.9386821041666664,1018.1666666666666,0.0,3.1666666666666665
2018-02-10,35.356615,-119.062613,23.5,0.053,78.0,Bakersfield-California,17.469166666666666,40.28148158333334,6.492303729166667,1013.1708333333332,0.0,30.5
2018-02-11,35.356615,-119.062613,6.5,0.043,36.0,Bakersfield-California,15.202500016666667,45.44795577083334,5.571347612499999,1012.7083333333334,0.0,19.416666666666668
2018-02-12,35.356615,-119.062613,6.3,0.042,35.0,Bakersfield-California,13.32333305,48.04785433333333,9.6576075125,1009.9333333333334,0.012500000000000002,34.916666666666664
2018-02-13,35.356615,-119.062613,6.3,0.042,35.0,Bakersfield-California,13.32333305,48.04785433333333,9.6576075125,1009.9333333333334,0.012500000000000002,34.916666666666664
2018-02-14,35.356615,-119.062613,19.0,0.046,69.0,Bakersfield-California,12.704583083333333,35.494828166666665,6.944202233333333,1020.5124999999999,0.0,72.41666666666667
2018-02-15,35.356615,-119.062613,14.2,0.043,61.0,Bakersfield-California,11.056666533333333,39.44456433333333,8.7171152625,1021.2333333333332,0.0,4.791666666666667
2018-02-16,35.356615,-119.062613,16.7,0.05,65.0,Bakersfield-California,10.940000008333334,45.214694625,6.380032241666666,1023.8874999999999,0.0,0.0
2018-02-17,35.356615,-119.062613,20.5,0.057,72.0,Bakersfield-California,12.739999833333334,34.44080529166667,5.328769679166666,1020.7958333333332,0.0,0.0
2018-02-18,35.356615,-119.062613,14.0,0.052,60.0,Bakersfield-California,14.758749916666666,29.196069291666664,7.699551504166666,1014.4958333333334,0.0,0.20833333333333334
2018-02-19,35.356615,-119.062613,4.8,0.045,27.0,Bakersfield-California,10.487916433333334,42.36054975,15.314243916666667,1013.2125,0.0,28.583333333333332
2018-02-20,35.356615,-119.062613,7.4,0.043,41.0,Bakersfield-California,5.8962499,39.270112125000004,7.7783390416666665,1020.6416666666668,0.0,0.3333333333333333
2018-02-21,35.356615,-119.062613,10.9,0.045,54.0,Bakersfield-California,7.2108332666666675,29.878222500000003,5.648667995833333,1021.8666666666667,0.0,8.333333333333334
2018-02-22,35.356615,-119.062613,8.8,0.046,49.0,Bakersfield-California,8.823333316666666,30.083834083333333,7.746559041666667,1022.225,0.0,13.75
2018-02-23,35.356615,-119.062613,5.8,0.043,32.0,Bakersfield-California,7.854583216666666,57.23641824999999,12.031984104166668,1023.8541666666666,0.0375,45.541666666666664
2018-02-24,35.356615,-119.062613,10.0,0.048,53.0,Bakersfield-California,6.6149999,45.78459470833334,5.902800744583334,1028.7749999999999,0.0,0.041666666666666664
2018-02-25,35.356615,-119.062613,11.4,0.049,55.0,Bakersfield-California,8.342083254166667,32.55883458333333,6.956109620833334,1025.6000000000001,0.0,22.708333333333332
2018-02-26,35.356615,-119.062613,10.3,0.044,53.0,Bakersfield-California,10.5379166,43.15028945833333,6.704617816666667,1018.9916666666667,0.0,13.708333333333334
2018-02-27,35.356615,-119.062613,6.0,0.039,33.0,Bakersfield-California,7.92124985,76.41184758333334,8.245753808333333,1013.6,0.44166666666666665,62.0
2018-02-28,35.356615,-119.062613,13.0,0.044,58.0,Bakersfield-California,7.72124995,62.85371870833333,5.657020145833333,1021.3416666666667,0.0,26.041666666666668
2018-03-01,35.356615,-119.062613,5.4,0.043,30.0,Bakersfield-California,11.198333258333333,49.039085041666674,7.7142684375,1020.1458333333334,0.012499999999999999,63.0
2018-03-02,35.356615,-119.062613,2.3,0.044,13.0,Bakersfield-California,12.967083,63.83385270833333,11.821951149999999,1015.5833333333334,0.2708333333333333,71.66666666666667
2018-03-03,35.356615,-119.062613,3.3,0.046,18.0,Bakersfield-California,10.925416499999999,74.36871891666667,9.8710209125,1016.15,0.225,73.16666666666667
2018-03-04,35.356615,-119.062613,6.1,0.046,34.0,Bakersfield-California,7.492083183333333,72.19292275,7.035815558333334,1022.2833333333333,0.0625,40.083333333333336
2018-03-05,35.356615,-119.062613,11.5,0.044,55.0,Bakersfield-California,8.537916495833333,57.71568025,7.1280459333333335,1025.1791666666666,0.0,38.166666666666664
2018-03-06,35.356615,-119.062613,19.2,0.049,70.0,Bakersfield-California,11.677500016666668,50.00413904166667,6.624672654166666,1020.3125,0.0,75.625
2018-03-07,35.356615,-119.062613,19.2,0.049,70.0,Bakersfield-California,11.677500016666668,50.00413904166667,6.624672654166666,1020.3125,0.0,75.625
2018-03-08,35.356615,-119.062613,13.2,0.055,59.0,Bakersfield-California,16.356666583333332,31.557727083333333,4.0986107625,1017.875,0.0,67.41666666666667
2018-03-09,35.356615,-119.062613,7.2,0.05,40.0,Bakersfield-California,17.48791675,44.11688279166666,6.719930754166666,1015.8375,0.0,54.666666666666664
2018-03-10,35.356615,-119.062613,5.1,0.04,28.0,Bakersfield-California,18.790000041666666,41.74586016666667,6.941078320833333,1013.225,0.0,98.375
2018-03-11,35.356615,-119.062613,12.8,0.035,58.0,Bakersfield-California,14.677499958333334,83.99608545833333,6.218669333333334,1016.5,0.25833333333333336,91.20833333333333
2018-03-12,35.356615,-119.062613,12.4,0.049,57.0,Bakersfield-California,16.425416458333334,71.328600375,3.7411582825000003,1018.3333333333334,0.0,53.416666666666664
2018-03-13,35.356615,-119.062613,4.8,0.036,27.0,Bakersfield-California,19.414999916666666,64.38300820833334,8.407297670833334,1015.1083333333332,0.05416666666666667,78.83333333333333
2018-03-14,35.356615,-119.062613,1.0,0.044,6.0,Bakersfield-California,16.221249833333335,62.10874095833333,9.736592270833333,1014.6166666666667,0.08750000000000001,72.41666666666667
2018-03-15,35.356615,-119.062613,2.1,0.051,12.0,Bakersfield-California,11.62541625,72.26080283333333,10.266484566666668,1016.1333333333333,0.5875,64.875
2018-03-16,35.356615,-119.062613,3.1,0.044,17.0,Bakersfield-California,11.673333133333335,51.804208249999995,7.0661655625,1015.5958333333333,0.008333333333333333,41.583333333333336
2018-03-17,35.356615,-119.062613,3.4,0.046,19.0,Bakersfield-California,10.883749799999999,66.29988191666666,8.939849470833334,1015.3625000000001,0.10416666666666667,60.041666666666664
2018-03-18,35.356615,-119.062613,4.4,0.046,24.0,Bakersfield-California,9.571249691666667,73.32865112500001,5.988803229166667,1019.9499999999999,0.12916666666666668,62.0
2018-03-19,35.356615,-119.062613,10.2,0.041,53.0,Bakersfield-California,12.114999883333333,56.226233666666666,6.355110454166667,1020.4125,0.0,49.5
2018-03-20,35.356615,-119.062613,10.4,0.045,53.0,Bakersfield-California,14.835833125,55.093066416666666,6.221388762499999,1016.3583333333332,0.004166666666666667,92.875
2018-03-21,35.356615,-119.062613,10.5,0.012,54.0,Bakersfield-California,14.277500000000002,84.898903375,8.554297683333333,1014.3208333333333,1.2166666666666666,99.95833333333333
2018-03-22,35.356615,-119.062613,2.7,0.037,15.0,Bakersfield-California,16.967083291666665,79.73039720833333,8.649571458333334,1012.3916666666668,0.4166666666666667,91.83333333333333
2018-03-23,35.356615,-119.062613,5.5,0.047,31.0,Bakersfield-California,13.404583041666667,71.88379866666666,11.284200458333332,1019.4625,0.3125,72.41666666666667
2018-03-24,35.356615,-119.062613,5.3,0.053,29.0,Bakersfield-California,11.721249925,59.706595791666665,7.558133366666667,1018.4958333333334,0.0,48.5
2018-03-25,35.356615,-119.062613,2.8,0.05,16.0,Bakersfield-California,11.737916291666666,52.92982258333333,13.503088645833332,1018.625,0.012500000000000002,68.0
2018-03-26,35.356615,-119.062613,4.5,0.048,25.0,Bakersfield-California,10.69624975,46.192910125,8.194390404166667,1019.8249999999999,0.0,30.041666666666668
2018-03-27,35.356615,-119.062613,9.6,0.056,52.0,Bakersfield-California,12.277499908333333,52.427998333333335,7.1804899125,1022.0708333333333,0.0,5.291666666666667
2018-03-28,35.356615,-119.062613,9.8,0.061,52.0,Bakersfield-California,15.521249875,45.261675875,5.417023595833334,1020.6125000000001,0.0,14.833333333333334
2018-03-29,35.356615,-119.062613,11.7,0.07,56.0,Bakersfield-California,18.104583375,46.308625,5.592748170833333,1017.9250000000001,0.0,5.875
2018-03-30,35.356615,-119.062613,14.6,0.073,61.0,Bakersfield-California,20.58375,46.94418733333333,5.227319327916667,1017.2208333333333,0.0,16.0
2018-03-31,35.356615,-119.062613,14.7,0.068,61.0,Bakersfield-California,21.637916625,48.061793625,6.078030883333334,1015.7333333333332,0.0,99.20833333333333
2018-04-01,35.356615,-119.062613,10.6,0.066,54.0,Bakersfield-California,21.7920835,38.409099875,7.9312300625,1012.7208333333333,0.0,92.875
2018-04-02,35.356615,-119.062613,7.7,0.052,43.0,Bakersfield-California,20.946249916666666,38.80422529166667,9.7241035625,1009.7708333333334,0.0,36.166666666666664
2018-04-03,35.356615,-119.062613,9.4,0.059,52.0,Bakersfield-California,20.181666583333335,47.88489495833333,7.189711925,1012.2375000000001,0.0,35.625
2018-04-04,35.356615,-119.062613,9.3,0.065,51.0,Bakersfield-California,21.300416583333334,35.2909850625,7.889252054166666,1015.0375,0.0,38.708333333333336
2018-04-05,35.356615,-119.062613,8.6,0.065,48.0,Bakersfield-California,21.575416833333332,27.123719124999997,9.339195554166666,1016.1291666666666,0.0,71.79166666666667
2018-04-06,35.356615,-119.062613,6.8,0.047,38.0,Bakersfield-California,20.260833375,30.191212875,8.586889266666667,1015.625,0.0,84.41666666666667
2018-04-07,35.356615,-119.062613,5.1,0.034,28.0,Bakersfield-California,19.45250025,58.72759570833333,7.770670204166667,1014.3291666666668,0.22916666666666666,95.125
2018-04-08,35.356615,-119.062613,7.1,0.054,39.0,Bakersfield-California,16.43583333333333,64.25007291666667,8.648430750000001,1018.3166666666666,0.004166666666666667,16.833333333333332
2018-04-09,35.356615,-119.062613,13.9,0.061,60.0,Bakersfield-California,17.189999916666668,55.38300266666667,6.495268836249999,1018.2875,0.0,16.041666666666668
2018-04-10,35.356615,-119.062613,14.2,0.067,61.0,Bakersfield-California,22.64625,44.876213791666665,6.699070316666667,1015.0749999999999,0.0,62.166666666666664
2018-04-11,35.356615,-119.062613,7.6,0.048,42.0,Bakersfield-California,22.212916583333335,35.832803125,10.927740733333332,1014.8583333333332,0.0,34.041666666666664
2018-04-12,35.356615,-119.062613,3.2,0.054,18.0,Bakersfield-California,15.908749958333333,43.79353741666666,17.846460416666666,1017.9958333333334,0.1625,52.666666666666664
2018-04-13,35.356615,-119.062613,5.5,0.052,31.0,Bakersfield-California,13.785833291666668,36.79351916666666,8.366396908333334,1026.0,0.0,0.0
2018-04-14,35.356615,-119.062613,10.0,0.066,53.0,Bakersfield-California,17.16083325,35.34028845833333,5.287186195833333,1024.9875,0.0,0.08333333333333333
2018-04-15,35.356615,-119.062613,10.3,0.063,53.0,Bakersfield-California,21.33375,24.268921104166665,7.527967083333333,1015.65,0.0,64.04166666666667
2018-04-16,35.356615,-119.062613,3.2,0.047,18.0,Bakersfield-California,17.319166499999998,37.123897041666666,15.630830379166667,1013.8208333333333,0.004166666666666667,63.333333333333336
2018-04-17,35.356615,-119.062613,4.8,0.054,27.0,Bakersfield-California,11.96708325,48.791490625,9.5839839375,1022.2583333333333,0.016666666666666666,31.0
2018-04-18,35.356615,-119.062613,7.7,0.055,43.0,Bakersfield-California,14.587916766666666,39.007258666666665,7.776531420833333,1019.0583333333334,0.0,43.416666666666664
2018-04-19,35.356615,-119.062613,4.4,0.051,24.0,Bakersfield-California,15.283749708333334,35.23403854166667,11.9610902875,1015.6374999999999,0.0,47.083333333333336
2018-04-20,35.356615,-119.062613,7.4,0.055,41.0,Bakersfield-California,16.4566665,35.992368416666665,8.349732725,1019.3666666666667,0.0,8.625
2018-04-21,35.356615,-119.062613,9.5,0.065,52.0,Bakersfield-California,20.456666666666667,30.55407179166667,6.8669187124999995,1018.5291666666667,0.0,15.583333333333334
2018-04-22,35.356615,-119.062613,10.7,0.064,54.0,Bakersfield-California,23.819166833333338,29.68494170833333,6.573602870833334,1014.25,0.0,51.625
2018-04-23,35.356615,-119.062613,8.3,0.063,46.0,Bakersfield-California,25.94833325,24.53224354166667,7.840281991666667,1012.3041666666667,0.0,0.0
2018-04-24,35.356615,-119.062613,11.1,0.069,55.0,Bakersfield-California,25.883750000000003,13.633488770833333,7.130441441666666,1012.7375000000001,0.0,63.958333333333336
2018-04-25,35.356615,-119.062613,12.6,0.074,58.0,Bakersfield-California,25.614999875,23.029819083333333,7.542788541666667,1013.6958333333333,0.0,8.541666666666666
2018-04-26,35.356615,-119.062613,10.0,0.073,53.0,Bakersfield-California,24.5733335,24.08207354166667,8.355011891666667,1013.3625000000001,0.0,0.625
2018-04-27,35.356615,-119.062613,10.1,0.056,53.0,Bakersfield-California,21.212916625000002,30.383026458333333,11.238552233333332,1014.8375,0.0,0.4166666666666667
2018-04-28,35.356615,-119.062613,5.9,0.054,33.0,Bakersfield-California,19.110833375000002,35.434312416666664,11.054032541666666,1016.0333333333333,0.0,0.0
2018-04-29,35.356615,-119.062613,3.9,0.048,22.0,Bakersfield-California,18.148333291666667,37.207098916666666,12.984163970833334,1015.4125,0.0,31.791666666666668
2018-04-30,35.356615,-119.062613,4.8,0.049,27.0,Bakersfield-California,17.433749916666667,41.575244833333336,11.213387204166667,1015.2875,0.0,50.0
2018-05-01,35.356615,-119.062613,7.1,0.049,39.0,Bakersfield-California,17.319166625,38.83861570833333,9.4179312625,1010.4375,0.0,44.625
2018-05-02,35.356615,-119.062613,5.5,0.051,31.0,Bakersfield-California,17.527499833333334,47.473063958333334,5.363031216666666,1012.1791666666667,0.0,59.291666666666664
2018-05-03,35.356615,-119.062613,11.1,0.061,55.0,Bakersfield-California,20.440000083333334,37.44258191666667,8.658837970833334,1018.7791666666667,0.0,3.25
2018-05-04,35.356615,-119.062613,12.6,0.066,58.0,Bakersfield-California,23.583749916666665,34.58614133333334,8.764436508333333,1020.3583333333332,0.0,27.5
2018-05-05,35.356615,-119.062613,12.0,0.071,56.0,Bakersfield-California,25.829583083333333,26.17993925,7.305017020833333,1015.8083333333334,0.0,77.95833333333333
2018-05-06,35.356615,-119.062613,8.2,0.056,46.0,Bakersfield-California,25.083750249999998,26.15076625,9.705591479166667,1013.8916666666668,0.0,98.125
2018-05-07,35.356615,-119.062613,8.3,0.06,46.0,Bakersfield-California,24.17750020833333,26.57835808333333,8.667064525,1016.4208333333332,0.0,35.083333333333336
2018-05-08,35.356615,-119.062613,12.0,0.069,56.0,Bakersfield-California,25.277500083333333,25.24727625,7.1838070499999995,1015.2166666666667,0.0,37.416666666666664
2018-05-09,35.356615,-119.062613,7.7,0.054,43.0,Bakersfield-California,25.93583325,28.827804166666667,8.684554883333334,1014.4875000000001,0.0,14.041666666666666
2018-05-10,35.356615,-119.062613,7.7,0.06,43.0,Bakersfield-California,25.015000208333333,30.210084833333337,11.480758825,1011.7458333333334,0.0,4.291666666666667
2018-05-11,35.356615,-119.062613,7.5,0.06,42.0,Bakersfield-California,24.435833458333335,28.339573833333333,11.0679399125,1007.725,0.0,72.70833333333333
2018-05-12,35.356615,-119.062613,5.1,0.051,28.0,Bakersfield-California,22.325416875000002,33.235176958333334,10.961822395833332,1008.0749999999999,0.0,4.291666666666667
2018-05-13,35.356615,-119.062613,5.3,0.051,29.0,Bakersfield-California,21.356666750000002,40.82899141666667,8.698171570833333,1012.5375,0.0,8.125
2018-05-14,35.356615,-119.062613,7.3,0.055,41.0,Bakersfield-California,21.546250083333334,38.8222865,9.7524260875,1012.7458333333334,0.0,6.125
2018-05-15,35.356615,-119.062613,7.3,0.055,41.0,Bakersfield-California,21.546250083333334,38.8222865,9.7524260875,1012.7458333333334,0.0,6.125
2018-05-16,35.356615,-119.062613,7.3,0.055,41.0,Bakersfield-California,21.546250083333334,38.8222865,9.7524260875,1012.7458333333334,0.0,6.125
2018-05-17,35.356615,-119.062613,5.4,0.052,30.0,Bakersfield-California,20.504583458333332,36.90716404166667,11.094180870833334,1014.625,0.0,0.0
2018-05-18,35.356615,-119.062613,6.8,0.055,38.0,Bakersfield-California,21.862916708333334,37.657130583333334,9.851508325,1012.6041666666666,0.0,11.333333333333334
2018-05-19,35.356615,-119.062613,6.6,0.053,37.0,Bakersfield-California,24.329583416666665,39.82611741666667,10.102974158333334,1010.9916666666667,0.0,29.791666666666668
2018-05-20,35.356615,-119.062613,7.4,0.054,41.0,Bakersfield-California,23.777500041666666,32.47225291666667,12.149666083333335,1010.6166666666667,0.0,47.291666666666664
2018-05-21,35.356615,-119.062613,6.4,0.047,36.0,Bakersfield-California,21.942083583333332,32.865145,12.304190820833334,1009.3458333333333,0.0,54.041666666666664
2018-05-22,35.356615,-119.062613,9.0,0.056,50.0,Bakersfield-California,22.537916749999997,38.233034249999996,7.3133318874999995,1009.2458333333334,0.0,8.958333333333334
2018-05-23,35.356615,-119.062613,7.4,0.057,41.0,Bakersfield-California,24.440000166666668,37.95481683333333,9.793684683333334,1009.8708333333334,0.0,15.666666666666666
2018-05-24,35.356615,-119.062613,5.7,0.051,32.0,Bakersfield-California,23.64416675,37.72142875,10.636491366666666,1013.0416666666666,0.0,2.5833333333333335
2018-05-25,35.356615,-119.062613,2.4,0.043,13.0,Bakersfield-California,18.72958325,52.86596175,12.046375979166667,1017.0958333333333,0.05000000000000001,68.16666666666667
2018-05-26,35.356615,-119.062613,4.9,0.045,27.0,Bakersfield-California,19.175416833333333,44.52130466666667,13.643798854166667,1016.5416666666666,0.0,76.125
2018-05-27,35.356615,-119.062613,8.2,0.053,46.0,Bakersfield-California,21.45041691666667,43.48015533333333,7.818962373750001,1013.8375,0.0,24.916666666666668
2018-05-28,35.356615,-119.062613,10.1,0.067,53.0,Bakersfield-California,25.544166708333336,32.782391499999996,8.185626533333334,1012.0291666666667,0.0,0.0
2018-05-29,35.356615,-119.062613,10.0,0.08,53.0,Bakersfield-California,28.864999791666666,28.15394025,7.199716266666666,1008.1374999999999,0.0,49.958333333333336
2018-05-30,35.356615,-119.062613,7.5,0.046,42.0,Bakersfield-California,29.037916624999998,28.230487333333333,10.123944400000001,1004.9458333333333,0.0,33.375
2018-05-31,35.356615,-119.062613,6.9,0.055,38.0,Bakersfield-California,22.577500166666667,28.714704125,11.091455383333333,1009.6208333333334,0.0,17.333333333333332
2018-06-01,35.356615,-119.062613,9.1,0.062,51.0,Bakersfield-California,21.29833341666667,30.775091583333335,9.812983241666666,1014.5166666666668,0.0,0.0
2018-06-02,35.356615,-119.062613,13.0,0.078,58.0,Bakersfield-California,25.96291641666667,22.322297083333336,6.063219015416667,1014.1708333333332,0.0,0.0
2018-06-03,35.356615,-119.062613,10.8,0.075,54.0,Bakersfield-California,31.194166291666665,17.552450812500002,7.367681116666667,1010.6041666666666,0.0,0.0
2018-06-04,35.356615,-119.062613,8.8,0.062,49.0,Bakersfield-California,31.88166670833333,15.797953395833334,10.615161970833332,1008.4708333333333,0.0,5.083333333333333
2018-06-05,35.356615,-119.062613,6.8,0.07,38.0,Bakersfield-California,30.010833083333335,14.575949399999999,11.132393125,1008.1833333333334,0.0,22.041666666666668
2018-06-06,35.356615,-119.062613,7.2,0.063,40.0,Bakersfield-California,26.533750125,20.766047083333333,9.927257283333333,1008.5791666666668,0.0,0.7083333333333334
2018-06-07,35.356615,-119.062613,7.6,0.058,42.0,Bakersfield-California,24.51291679166667,31.377713125,11.122908054166667,1011.2458333333334,0.0,0.0
2018-06-08,35.356615,-119.062613,9.8,0.067,52.0,Bakersfield-California,25.85249991666667,26.600294166666668,8.712137266666668,1013.8708333333334,0.0,0.0
2018-06-09,35.356615,-119.062613,6.5,0.047,36.0,Bakersfield-California,26.602500125000002,22.818332416666667,11.388660804166667,1013.475,0.0,1.5
2018-06-10,35.356615,-119.062613,5.1,0.053,28.0,Bakersfield-California,23.331666791666667,27.539720625,13.34213245,1014.4541666666668,0.0,44.125
2018-06-11,35.356615,-119.062613,7.6,0.061,42.0,Bakersfield-California,23.21708325,18.90929554166667,5.935181233333334,1012.3708333333334,0.0,3.5416666666666665
2018-06-12,35.356615,-119.062613,12.7,0.082,58.0,Bakersfield-California,27.69416645833333,21.352290791666665,6.514940670833333,1008.5583333333334,0.0,0.375
2018-06-13,35.356615,-119.062613,12.0,0.082,56.0,Bakersfield-California,31.677499625,20.093685833333335,6.592764,1006.6166666666667,0.0,0.0
2018-06-14,35.356615,-119.062613,7.5,0.069,42.0,Bakersfield-California,32.63374995833333,18.417797,9.225055008333333,1005.4083333333333,0.0,0.0
2018-06-15,35.356615,-119.062613,6.4,0.057,36.0,Bakersfield-California,30.602499624999997,17.17580275,11.783425370833333,1004.6958333333333,0.0,21.125
2018-06-16,35.356615,-119.062613,8.0,0.051,44.0,Bakersfield-California,26.879583125,25.771396020833333,12.714432500000001,1003.9875000000001,0.0,0.9583333333333334
2018-06-17,35.356615,-119.062613,4.8,0.041,27.0,Bakersfield-California,21.908750083333334,45.26536983333333,13.386563083333334,1008.6999999999999,0.0,18.458333333333332
2018-06-18,35.356615,-119.062613,7.7,0.059,43.0,Bakersfield-California,22.596250208333334,35.535454375,9.010544241666667,1013.9916666666667,0.0,0.0
2018-06-19,35.356615,-119.062613,11.9,0.07,56.0,Bakersfield-California,26.321250125000002,31.243972041666666,6.360010904166667,1013.5458333333332,0.0,2.9166666666666665
2018-06-20,35.356615,-119.062613,13.0,0.076,58.0,Bakersfield-California,29.281666375,29.311624249999998,7.668393841666667,1011.8041666666667,0.0,0.0
2018-06-21,35.356615,-119.062613,7.9,0.072,44.0,Bakersfield-California,29.946249875000003,21.116339999999997,8.773447908333333,1011.6875,0.0,0.0
2018-06-22,35.356615,-119.062613,10.1,0.076,53.0,Bakersfield-California,30.262916333333333,16.890445333333332,8.124746995833332,1010.9041666666667,0.0,0.0
2018-06-23,35.356615,-119.062613,10.1,0.069,53.0,Bakersfield-California,31.72124975,16.426879625,8.801190154166667,1006.35,0.0,0.0
2018-06-24,35.356615,-119.062613,8.7,0.076,48.0,Bakersfield-California,32.0879165,23.09080660416667,8.787266879166667,1006.1,0.0,0.0
2018-06-25,35.356615,-119.062613,10.1,0.072,53.0,Bakersfield-California,30.473333,33.07019416666667,10.340143533333334,1010.2083333333334,0.0,0.0
2018-06-26,35.356615,-119.062613,13.2,0.071,59.0,Bakersfield-California,31.033749666666665,30.11569047916667,8.362495025,1010.625,0.0,0.0
2018-06-27,35.356615,-119.062613,5.4,0.072,30.0,Bakersfield-California,31.837916375000002,16.00569959583333,8.906655083333334,1009.9875000000001,0.0,0.0
2018-06-28,35.356615,-119.062613,6.0,0.062,33.0,Bakersfield-California,29.296249791666668,18.613317708333334,10.262085895833334,1009.9416666666666,0.0,0.125
2018-06-29,35.356615,-119.062613,9.2,0.055,51.0,Bakersfield-California,28.700416583333332,25.959030583333334,12.325885583333333,1009.6458333333334,0.0,0.0
2018-06-30,35.356615,-119.062613,10.8,0.073,54.0,Bakersfield-California,29.65041641666667,27.119984625,7.1192438,1009.2208333333333,0.0,0.0
2018-07-01,35.356615,-119.062613,10.8,0.073,54.0,Bakersfield-California,32.262916,27.981474875,8.150764087499999,1010.1374999999999,0.0,0.5416666666666666
2018-07-02,35.356615,-119.062613,11.2,0.072,55.0,Bakersfield-California,31.833749583333333,29.59759766666667,10.001117970833333,1010.5500000000001,0.0,0.7916666666666666
2018-07-03,35.356615,-119.062613,12.5,0.066,57.0,Bakersfield-California,31.43583316666667,27.567099916666667,9.772804254166667,1008.0583333333334,0.0,0.0
2018-07-04,35.356615,-119.062613,11.5,0.061,55.0,Bakersfield-California,28.104582875000002,36.42007145833333,13.434527354166667,1010.4583333333334,0.0,0.0
2018-07-05,35.356615,-119.062613,12.7,0.07,58.0,Bakersfield-California,28.519166625,33.751688625,9.572939258333333,1015.3083333333334,0.0,26.375
2018-07-06,35.356615,-119.062613,13.1,0.067,58.0,Bakersfield-California,31.412916166666665,19.266198291666665,8.64136465,1016.8291666666668,0.0,33.666666666666664
2018-07-07,35.356615,-119.062613,11.3,0.059,55.0,Bakersfield-California,33.142082708333334,18.347544875,8.194048816666667,1013.3833333333333,0.0,3.2083333333333335
2018-07-08,35.356615,-119.062613,7.2,0.06,40.0,Bakersfield-California,34.46083275,17.192090750000002,9.338224775,1011.1666666666666,0.0,1.9166666666666667
2018-07-09,35.356615,-119.062613,7.1,0.06,39.0,Bakersfield-California,33.410832750000004,9.534289829166665,9.731829745833332,1013.0666666666666,0.0,42.0
2018-07-10,35.356615,-119.062613,7.4,0.057,41.0,Bakersfield-California,32.86708275,12.317793245833334,8.864730808333332,1013.0749999999999,0.0,63.833333333333336
2018-07-11,35.356615,-119.062613,9.2,0.077,51.0,Bakersfield-California,33.64208279166667,17.99846725,8.431496754166666,1009.5625,0.0,23.291666666666668
2018-07-12,35.356615,-119.062613,8.2,0.072,46.0,Bakersfield-California,34.135832791666665,22.09253354166667,9.609857058333333,1009.2708333333334,0.0,35.75
2018-07-13,35.356615,-119.062613,9.1,0.071,51.0,Bakersfield-California,33.98791641666667,25.954756291666666,9.645743966666666,1012.4583333333334,0.0,6.416666666666667
2018-07-14,35.356615,-119.062613,11.0,0.067,55.0,Bakersfield-California,34.2983325,25.642825562499997,10.387935395833333,1012.6791666666667,0.0,0.5
2018-07-15,35.356615,-119.062613,9.6,0.058,52.0,Bakersfield-California,34.833749583333336,25.093822499999998,9.671967441666666,1010.8625000000001,0.0,0.375
2018-07-16,35.356615,-119.062613,9.3,0.064,51.0,Bakersfield-California,34.50041591666667,22.876812041666668,10.616793283333333,1010.8041666666667,0.0,29.458333333333332
2018-07-17,35.356615,-119.062613,11.9,0.069,56.0,Bakersfield-California,34.43583279166666,22.769686958333335,10.642034725,1011.275,0.0,38.416666666666664
2018-07-18,35.356615,-119.062613,12.1,0.066,57.0,Bakersfield-California,35.24208229166667,19.531365708333333,8.690356383333333,1011.1875,0.0,64.125
2018-07-19,35.356615,-119.062613,10.4,0.079,53.0,Bakersfield-California,35.350416208333336,19.071016708333335,7.15416625,1010.2833333333333,0.0,49.0
2018-07-20,35.356615,-119.062613,8.5,0.07,47.0,Bakersfield-California,34.819166208333336,30.502481,8.761037229166666,1009.1708333333332,0.0,8.833333333333334
2018-07-21,35.356615,-119.062613,7.3,0.057,41.0,Bakersfield-California,33.40249945833333,31.999284041666666,10.973154433333333,1010.9333333333334,0.0,23.958333333333332
2018-07-22,35.356615,-119.062613,7.4,0.063,41.0,Bakersfield-California,33.16291629166667,29.902386458333336,10.203554304166667,1013.5416666666666,0.0,40.5
2018-07-23,35.356615,-119.062613,10.4,0.062,53.0,Bakersfield-California,33.450415916666664,30.082856500000002,9.265428958333333,1014.1416666666668,0.0,25.041666666666668
2018-07-24,35.356615,-119.062613,14.4,0.067,61.0,Bakersfield-California,34.58166583333333,29.75053275,8.260993633333333,1012.9499999999999,0.0,11.208333333333334
2018-07-25,35.356615,-119.062613,10.2,0.059,53.0,Bakersfield-California,35.11916595833333,21.531620875,9.0562708625,1013.4541666666668,0.0,36.583333333333336
2018-07-26,35.356615,-119.062613,12.2,0.07,57.0,Bakersfield-California,34.26500004166667,19.8894095,7.656741508333333,1012.3208333333333,0.0,4.958333333333333
2018-07-27,35.356615,-119.062613,15.2,0.068,62.0,Bakersfield-California,35.25041575,20.439804312499998,9.280156229166666,1010.0708333333333,0.0,0.0
2018-07-28,35.356615,-119.062613,20.3,0.072,72.0,Bakersfield-California,34.558749541666664,20.024550916666666,9.052817883333333,1009.8291666666668,0.0,2.9166666666666665
2018-07-29,35.356615,-119.062613,26.2,0.087,83.0,Bakersfield-California,34.38791575,18.873691575,8.994156779166667,1010.8874999999999,0.0,12.916666666666666
2018-07-30,35.356615,-119.062613,30.5,0.08,91.0,Bakersfield-California,34.41708270833333,19.881278041666665,8.772833279166667,1011.2791666666667,0.0,33.083333333333336
2018-07-31,35.356615,-119.062613,33.0,0.098,96.0,Bakersfield-California,34.356665916666664,18.973298708333335,8.163090275,1010.5875,0.0,7.708333333333333
2018-08-01,35.356615,-119.062613,30.3,0.093,90.0,Bakersfield-California,35.48999895833334,19.673420208333333,9.312253458333332,1010.3083333333334,0.0,27.666666666666668
2018-08-02,35.356615,-119.062613,12.0,0.066,56.0,Bakersfield-California,34.98166620833333,18.740784083333335,9.973296583333333,1009.9499999999999,0.0,38.208333333333336
2018-08-03,35.356615,-119.062613,11.4,0.072,55.0,Bakersfield-California,33.658749625,17.685244575,8.9888274625,1010.2125,0.0,0.2916666666666667
2018-08-04,35.356615,-119.062613,37.6,0.086,106.0,Bakersfield-California,32.319166583333335,16.625874125,8.806712675,1010.0958333333333,0.0,0.0
2018-08-05,35.356615,-119.062613,16.7,0.05,65.0,Bakersfield-California,31.810832875,17.0133841125,8.6848539625,1010.0458333333332,0.0,0.0
2018-08-06,35.356615,-119.062613,35.5,0.075,101.0,Bakersfield-California,30.189999875,19.966251791666668,8.299705804166667,1011.9625,0.0,0.0
2018-08-07,35.356615,-119.062613,44.3,0.082,123.0,Bakersfield-California,30.754583041666667,21.2904434375,7.4529554791666675,1010.4833333333332,0.0,4.875
2018-08-08,35.356615,-119.062613,52.3,0.097,142.0,Bakersfield-California,31.860833083333333,20.081187,7.199200425,1009.5958333333333,0.0,2.25
2018-08-09,35.356615,-119.062613,40.2,0.095,113.0,Bakersfield-California,33.217082749999996,16.538752416666668,8.113292720833334,1010.5791666666668,0.0,0.0
2018-08-10,35.356615,-119.062613,33.3,0.089,96.0,Bakersfield-California,34.658748833333334,16.652742874999998,8.984704216666666,1011.3291666666668,0.0,1.625
2018-08-11,35.356615,-119.062613,11.0,0.063,55.0,Bakersfield-California,33.40874983333333,26.3287810625,7.879867375,1012.35,0.0,13.125
2018-08-12,35.356615,-119.062613,9.0,0.064,50.0,Bakersfield-California,33.139999583333335,18.678995958333335,8.131991429166666,1010.975,0.0,0.08333333333333333
2018-08-13,35.356615,-119.062613,8.3,0.06,46.0,Bakersfield-California,32.75874983333333,19.952953875000002,8.061348733333334,1010.9208333333332,0.0,0.5833333333333334
2018-08-14,35.356615,-119.062613,11.8,0.067,56.0,Bakersfield-California,31.679582916666664,20.442273416666666,9.5728096125,1009.5083333333333,0.0,6.5
2018-08-15,35.356615,-119.062613,14.5,0.072,61.0,Bakersfield-California,31.229583166666668,24.37378095833333,9.6726999,1009.5708333333333,0.0,8.666666666666666
2018-08-16,35.356615,-119.062613,17.2,0.078,66.0,Bakersfield-California,31.944166083333332,24.714872624999998,8.801702125,1011.9416666666666,0.0,0.5416666666666666
2018-08-17,35.356615,-119.062613,16.9,0.072,66.0,Bakersfield-California,32.85666629166666,24.286012166666666,8.441746,1014.1750000000001,0.0,0.0
2018-08-18,35.356615,-119.062613,13.7,0.063,60.0,Bakersfield-California,33.70874929166667,25.930927541666666,9.010135008333334,1014.1750000000001,0.0,0.0
2018-08-19,35.356615,-119.062613,13.6,0.071,59.0,Bakersfield-California,33.517082583333334,18.834323308333335,8.611652025,1011.9958333333334,0.0,6.833333333333333
2018-08-20,35.356615,-119.062613,13.9,0.07,60.0,Bakersfield-California,33.78791629166667,13.604298229166666,9.5966635875,1008.6833333333334,0.0,21.416666666666668
2018-08-21,35.356615,-119.062613,18.7,0.071,69.0,Bakersfield-California,31.319166291666665,20.8039095,9.603582783333334,1010.225,0.0,47.75
2018-08-22,35.356615,-119.062613,16.8,0.074,65.0,Bakersfield-California,29.223333166666666,26.712498791666665,8.753118204166666,1012.8083333333334,0.0,3.5416666666666665
2018-08-23,35.356615,-119.062613,20.5,0.079,72.0,Bakersfield-California,28.71708329166667,27.420403250000003,8.386657395833334,1013.7125,0.0,4.666666666666667
2018-08-24,35.356615,-119.062613,32.2,0.076,94.0,Bakersfield-California,28.04833325,27.588359916666665,10.3228628125,1012.3333333333334,0.0,55.083333333333336
2018-08-25,35.356615,-119.062613,28.5,0.082,87.0,Bakersfield-California,28.17958320833333,27.59476533333333,7.7591066375,1011.0541666666667,0.0,45.291666666666664
2018-08-26,35.356615,-119.062613,27.5,0.08,85.0,Bakersfield-California,29.137916458333333,25.458982416666668,8.62608435,1011.9916666666667,0.0,6.083333333333333
2018-08-27,35.356615,-119.062613,10.2,0.059,53.0,Bakersfield-California,27.81083291666667,23.097509208333335,9.304054941666667,1011.1583333333333,0.0,0.08333333333333333
2018-08-28,35.356615,-119.062613,12.7,0.06,58.0,Bakersfield-California,26.41499991666667,37.70305020833333,9.087827925000001,1010.8791666666666,0.0,8.625
2018-08-29,35.356615,-119.062613,9.6,0.06,52.0,Bakersfield-California,26.898333124999997,36.720021208333335,9.1185101,1012.4499999999999,0.0,49.458333333333336
2018-08-30,35.356615,-119.062613,12.9,0.06,58.0,Bakersfield-California,25.896250041666665,32.741503458333334,9.242797370833333,1014.0041666666666,0.0,67.75
2018-08-31,35.356615,-119.062613,15.7,0.06,63.0,Bakersfield-California,25.57541679166667,36.94792075,10.030431349999999,1013.775,0.0,31.125
2018-09-01,35.356615,-119.062613,14.1,0.067,60.0,Bakersfield-California,26.340000166666666,32.61522875,7.0778117125,1009.9958333333334,0.0,9.208333333333334
2018-09-02,35.356615,-119.062613,14.7,0.074,61.0,Bakersfield-California,28.29416666666667,32.729302624999995,5.9768262875,1007.5791666666668,0.0,0.0
2018-09-03,35.356615,-119.062613,17.3,0.076,66.0,Bakersfield-California,29.9691665,33.46735616666667,8.781280741666667,1008.2125,0.0,0.3333333333333333
2018-09-04,35.356615,-119.062613,23.5,0.077,78.0,Bakersfield-California,30.7712495,31.896014875000002,8.866935704166666,1008.2458333333334,0.0,2.2916666666666665
2018-09-05,35.356615,-119.062613,18.3,0.077,68.0,Bakersfield-California,31.364999416666667,28.517848375,9.397877941666666,1009.525,0.0,3.0
2018-09-06,35.356615,-119.062613,13.0,0.069,58.0,Bakersfield-California,30.250416166666668,32.29725033333333,9.309919175,1013.2916666666666,0.0,0.20833333333333334
2018-09-07,35.356615,-119.062613,15.8,0.073,63.0,Bakersfield-California,30.433749666666667,26.990049875,7.814183179166666,1013.7125,0.0,0.0
2018-09-08,35.356615,-119.062613,13.3,0.068,59.0,Bakersfield-California,30.610832833333333,24.753917208333334,6.8822975416666665,1011.8458333333333,0.0,0.0
2018-09-09,35.356615,-119.062613,6.2,0.056,34.0,Bakersfield-California,29.721249625,21.384119583333334,8.171945904166668,1009.4208333333332,0.0,0.0
2018-09-10,35.356615,-119.062613,10.5,0.07,54.0,Bakersfield-California,29.387916375,20.73863508333333,8.123781265416666,1009.1958333333333,0.0,0.0
2018-09-11,35.356615,-119.062613,13.1,0.077,58.0,Bakersfield-California,28.44625016666667,19.62714625,8.348686183333333,1008.6750000000001,0.0,0.0
2018-09-12,35.356615,-119.062613,8.2,0.058,46.0,Bakersfield-California,27.656666625,19.608458125000002,9.843414775000001,1009.0166666666668,0.0,0.0
2018-09-13,35.356615,-119.062613,8.8,0.054,49.0,Bakersfield-California,24.725416624999998,26.0784323125,8.585842516666666,1011.4708333333333,0.0,0.0
2018-09-14,35.356615,-119.062613,10.2,0.06,53.0,Bakersfield-California,23.554583458333337,27.215773083333332,7.372746941666667,1011.5666666666666,0.0,0.16666666666666666
2018-09-15,35.356615,-119.062613,9.7,0.064,52.0,Bakersfield-California,24.692083333333333,25.651155708333334,7.3810642500000005,1009.4291666666667,0.0,2.375
2018-09-16,35.356615,-119.062613,7.1,0.051,39.0,Bakersfield-California,23.698333416666667,28.61339116666667,8.689254258333333,1011.9250000000001,0.0,0.0
2018-09-17,35.356615,-119.062613,8.2,0.064,46.0,Bakersfield-California,23.146249958333332,28.601710875,6.564177279166667,1012.1541666666667,0.0,0.0
2018-09-18,35.356615,-119.062613,9.0,0.064,50.0,Bakersfield-California,23.767083624999998,30.722422041666665,8.056113408333333,1011.1583333333333,0.0,0.0
2018-09-19,35.356615,-119.062613,11.5,0.061,55.0,Bakersfield-California,23.4170835,30.268617958333333,7.784148016666666,1009.6791666666667,0.0,0.0
2018-09-20,35.356615,-119.062613,12.6,0.077,58.0,Bakersfield-California,24.869166583333335,25.384253375,6.4929036416666674,1009.1041666666666,0.0,0.0
2018-09-21,35.356615,-119.062613,13.3,0.078,59.0,Bakersfield-California,26.53791658333333,25.63096775,6.089694166666667,1011.4833333333332,0.0,0.0
2018-09-22,35.356615,-119.062613,12.5,0.079,57.0,Bakersfield-California,27.639999666666668,21.930149187499996,8.796333741666666,1012.1916666666666,0.0,0.25
2018-09-23,35.356615,-119.062613,10.5,0.066,54.0,Bakersfield-California,28.564999708333332,20.061704708333334,7.7324241625,1009.9625,0.0,0.25
2018-09-24,35.356615,-119.062613,10.4,0.058,53.0,Bakersfield-California,27.408749999999998,24.22739820833333,8.235084054166666,1008.8083333333334,0.0,34.5
2018-09-25,35.356615,-119.062613,10.4,0.072,53.0,Bakersfield-California,25.856666666666666,23.039768958333337,7.966308808333333,1010.275,0.0,0.0
2018-09-26,35.356615,-119.062613,13.9,0.086,60.0,Bakersfield-California,27.66291670833333,22.901840708333335,6.2438811916666666,1012.6791666666667,0.0,13.458333333333334
2018-09-27,35.356615,-119.062613,18.6,0.085,69.0,Bakersfield-California,29.479583041666668,20.364976625,5.234102079166667,1011.4541666666668,0.0,25.791666666666668
2018-09-28,35.356615,-119.062613,13.5,0.086,59.0,Bakersfield-California,28.696250000000003,25.11375683333333,8.2596136625,1008.3208333333333,0.0,77.125
2018-09-29,35.356615,-119.062613,9.7,0.054,52.0,Bakersfield-California,24.875417,38.31821933333333,14.062876000000001,1009.2333333333332,0.0,18.0
2018-09-30,35.356615,-119.062613,7.1,0.05,39.0,Bakersfield-California,21.7295835,43.587029124999994,8.453058641666667,1011.2041666666668,0.0,1.0833333333333333
2018-10-01,35.356615,-119.062613,12.6,0.063,58.0,Bakersfield-California,24.19208325,34.737733999999996,5.9504226625,1009.8458333333333,0.0,17.083333333333332
2018-10-02,35.356615,-119.062613,9.2,0.059,51.0,Bakersfield-California,26.596250125,26.737442166666668,8.697761058333333,1007.3958333333334,0.004166666666666667,23.916666666666668
2018-10-03,35.356615,-119.062613,6.1,0.033,34.0,Bakersfield-California,23.60250016666667,49.88517254166667,8.987873479166668,1010.4083333333333,0.2416666666666667,54.0
2018-10-04,35.356615,-119.062613,3.6,0.038,20.0,Bakersfield-California,19.817083416666666,76.89440891666666,5.573723229166667,1013.6374999999999,0.32083333333333336,45.875
2018-10-05,35.356615,-119.062613,6.5,0.044,36.0,Bakersfield-California,20.800416833333333,57.56136779166667,8.556030008333332,1015.4458333333333,0.004166666666666667,24.75
2018-10-06,35.356615,-119.062613,7.3,0.045,41.0,Bakersfield-California,20.406666791666666,55.238625000000006,8.834301265833334,1012.0833333333334,0.0,43.75
2018-10-07,35.356615,-119.062613,6.4,0.045,36.0,Bakersfield-California,20.762916833333332,45.232390458333334,7.448018399166667,1008.6,0.0,8.041666666666666
2018-10-08,35.356615,-119.062613,6.2,0.052,34.0,Bakersfield-California,20.065000083333334,42.89295179166667,6.109467629166667,1008.9458333333333,0.0,1.6666666666666667
2018-10-09,35.356615,-119.062613,7.2,0.057,40.0,Bakersfield-California,21.633750083333336,29.84846954166667,5.8486356908333335,1008.2125,0.0,0.0
2018-10-10,35.356615,-119.062613,8.5,0.049,47.0,Bakersfield-California,20.900416791666668,42.177650541666665,8.168008425,1007.5958333333333,0.0,25.291666666666668
2018-10-11,35.356615,-119.062613,9.2,0.043,51.0,Bakersfield-California,19.527500083333333,55.571262958333335,9.5529309125,1009.0083333333333,0.0,36.208333333333336
2018-10-12,35.356615,-119.062613,11.9,0.055,56.0,Bakersfield-California,19.079583458333335,52.29797116666666,5.52166018625,1010.3916666666668,0.0,5.416666666666667
2018-10-13,35.356615,-119.062613,9.8,0.056,52.0,Bakersfield-California,22.046250083333334,40.07382520833333,5.608174594583333,1009.1958333333333,0.0,16.0
2018-10-14,35.356615,-119.062613,9.3,0.06,51.0,Bakersfield-California,21.817083458333332,30.734493708333332,6.401633916666667,1010.6791666666667,0.0,0.0
2018-10-15,35.356615,-119.062613,8.3,0.049,46.0,Bakersfield-California,21.64208345833333,22.785645970833333,8.031175191666668,1016.4208333333332,0.0,1.375
2018-10-16,35.356615,-119.062613,10.6,0.055,54.0,Bakersfield-California,19.344166583333333,20.646769916666667,6.0379979875,1018.2458333333334,0.0,0.0
2018-10-17,35.356615,-119.062613,9.3,0.05,51.0,Bakersfield-California,20.029583374999998,21.026957416666665,5.363751691666667,1017.3166666666666,0.0,0.0
2018-10-18,35.356615,-119.062613,9.3,0.059,51.0,Bakersfield-California,21.008750041666666,17.559126916666667,7.118129428333333,1017.5916666666667,0.0,0.0
2018-10-19,35.356615,-119.062613,15.2,0.062,62.0,Bakersfield-California,20.34208333333333,19.960369395833332,6.708908379166666,1018.1875,0.0,0.0
2018-10-20,35.356615,-119.062613,14.7,0.065,61.0,Bakersfield-California,20.771249916666665,23.55337552083333,5.296482849999999,1015.8625000000001,0.0,0.0
2018-10-21,35.356615,-119.062613,14.0,0.069,60.0,Bakersfield-California,21.742083458333337,23.039480708333333,6.156359558333333,1012.9208333333332,0.0,0.7083333333333334
2018-10-22,35.356615,-119.062613,14.7,0.064,61.0,Bakersfield-California,21.117083375,30.190975750000003,5.772283158333334,1011.9208333333332,0.0,0.3333333333333333
2018-10-23,35.356615,-119.062613,15.8,0.063,63.0,Bakersfield-California,19.875416583333333,37.118040083333334,7.042104045833334,1013.0916666666667,0.0,5.375
2018-10-24,35.356615,-119.062613,16.6,0.059,65.0,Bakersfield-California,19.081666791666667,43.85086625,6.3013507875,1014.9833333333332,0.0,34.458333333333336
2018-10-25,35.356615,-119.062613,19.0,0.064,69.0,Bakersfield-California,18.48583329166667,45.153982541666664,5.847232516666666,1017.3541666666666,0.0,0.4166666666666667
2018-10-26,35.356615,-119.062613,21.0,0.073,73.0,Bakersfield-California,19.9025,43.276599125,4.323354352916667,1017.975,0.0,4.458333333333333
2018-10-27,35.356615,-119.062613,23.3,0.076,77.0,Bakersfield-California,21.39208345833333,39.87132775,4.302592291666667,1016.2375000000001,0.0,29.5
2018-10-28,35.356615,-119.062613,23.0,0.07,77.0,Bakersfield-California,21.187916666666666,36.02003833333333,5.806540537499999,1016.3333333333334,0.0,14.583333333333334
2018-10-29,35.356615,-119.062613,7.2,0.04,40.0,Bakersfield-California,18.56916670833333,56.01631166666667,8.148818041666667,1018.2125,0.0,47.416666666666664
2018-10-30,35.356615,-119.062613,5.4,0.037,30.0,Bakersfield-California,15.829583375,45.57192525,7.131894108333333,1017.4458333333333,0.0,18.291666666666668
2018-10-31,35.356615,-119.062613,8.8,0.043,49.0,Bakersfield-California,15.546249758333333,43.768959125,6.6459297125,1018.1333333333333,0.0,22.791666666666668
2018-11-01,35.356615,-119.062613,12.8,0.044,58.0,Bakersfield-California,16.333749925,36.367069125,5.231524120833333,1019.5416666666666,0.0,60.0
2018-11-02,35.356615,-119.062613,14.7,0.054,61.0,Bakersfield-California,18.358749916666667,29.177272625,5.349219649999999,1020.0791666666668,0.0,43.958333333333336
2018-11-03,35.356615,-119.062613,16.3,0.058,64.0,Bakersfield-California,19.496250083333333,26.599919291666666,5.083072670833333,1017.9208333333332,0.0,40.75
2018-11-04,35.356615,-119.062613,16.2,0.054,64.0,Bakersfield-California,19.3025,39.42307670833333,4.61309039875,1016.125,0.0,80.16666666666667
2018-11-05,35.356615,-119.062613,16.1,0.057,64.0,Bakersfield-California,18.15041675,39.657296458333334,6.600541199999999,1012.8416666666667,0.0,29.583333333333332
2018-11-06,35.356615,-119.062613,12.0,0.045,56.0,Bakersfield-California,16.996250125,40.27442833333333,4.5849542875,1013.3000000000001,0.0,2.125
2018-11-07,35.356615,-119.062613,10.2,0.047,53.0,Bakersfield-California,17.262916583333332,27.408270541666667,5.046625320833333,1015.6708333333332,0.0,1.2083333333333333
2018-11-08,35.356615,-119.062613,10.2,0.047,53.0,Bakersfield-California,17.262916583333332,27.408270541666667,5.046625320833333,1015.6708333333332,0.0,1.2083333333333333
2018-11-09,35.356615,-119.062613,10.2,0.047,53.0,Bakersfield-California,17.262916583333332,27.408270541666667,5.046625320833333,1015.6708333333332,0.0,1.2083333333333333
2018-11-10,35.356615,-119.062613,27.6,0.043,85.0,Bakersfield-California,14.037916633333333,28.484723791666667,5.16771684875,1017.3583333333332,0.0,0.0
2018-11-11,35.356615,-119.062613,40.3,0.049,113.0,Bakersfield-California,11.744166679166668,27.303419833333333,7.4682330875,1016.7875,0.0,0.0
2018-11-12,35.356615,-119.062613,37.4,0.043,106.0,Bakersfield-California,13.881666383333332,21.293858775,5.5379906991666665,1023.6125000000001,0.0,0.0
2018-11-13,35.356615,-119.062613,19.5,0.033,70.0,Bakersfield-California,14.225416416666667,14.457743804166666,6.9957154875,1027.825,0.0,45.541666666666664
2018-11-14,35.356615,-119.062613,40.0,0.041,112.0,Bakersfield-California,13.7254166,20.4502265,7.42234555,1026.9875,0.0,44.083333333333336
2018-11-15,35.356615,-119.062613,45.0,0.048,124.0,Bakersfield-California,13.014999933333334,26.34657291666667,6.153158008333333,1021.975,0.0,25.625
2018-11-16,35.356615,-119.062613,52.1,0.047,142.0,Bakersfield-California,14.17749975,21.258495666666665,4.111751379166667,1017.125,0.0,78.16666666666667
2018-11-17,35.356615,-119.062613,48.9,0.046,134.0,Bakersfield-California,16.37124975,18.179899770833334,2.9986198658333336,1015.5541666666667,0.0,33.625
2018-11-18,35.356615,-119.062613,63.7,0.056,157.0,Bakersfield-California,14.587916541666667,24.95272770833333,6.842953275,1017.2708333333334,0.0,71.79166666666667
2018-11-19,35.356615,-119.062613,89.8,0.041,175.0,Bakersfield-California,14.292083258333333,27.260835208333333,6.1627358,1016.9625,0.0,78.25
2018-11-20,35.356615,-119.062613,77.3,0.046,166.0,Bakersfield-California,13.954583249999999,31.795507,5.119142383333333,1015.8249999999999,0.0,47.333333333333336
2018-11-21,35.356615,-119.062613,40.1,0.041,112.0,Bakersfield-California,14.948333374999999,22.742543375,4.523169845,1016.7624999999999,0.0,17.958333333333332
2018-11-22,35.356615,-119.062613,13.8,0.036,60.0,Bakersfield-California,15.437916541666667,67.16431895833334,6.879981558333333,1019.0791666666668,0.43333333333333335,48.666666666666664
2018-11-23,35.356615,-119.062613,10.7,0.028,54.0,Bakersfield-California,13.489999791666667,64.76979483333334,4.691206954166667,1022.85,0.0,48.625
2018-11-24,35.356615,-119.062613,14.4,0.025,61.0,Bakersfield-California,14.850416291666667,71.616225375,4.956169340416667,1017.6333333333333,0.004166666666666667,93.0
2018-11-25,35.356615,-119.062613,23.0,0.021,77.0,Bakersfield-California,14.383749708333333,84.59619004166667,4.85558235,1016.9375,0.0,69.91666666666667
2018-11-26,35.356615,-119.062613,31.8,0.019,93.0,Bakersfield-California,13.500416333333334,74.84553879166667,5.388473332083334,1020.975,0.0,34.291666666666664
2018-11-27,35.356615,-119.062613,34.2,0.026,98.0,Bakersfield-California,14.404583125,60.31530766666666,5.678477702916666,1019.3666666666667,0.0,74.20833333333333
2018-11-28,35.356615,-119.062613,26.2,0.017,83.0,Bakersfield-California,14.400416708333333,58.79362425,6.520612041666666,1014.3041666666667,0.125,67.875
2018-11-29,35.356615,-119.062613,3.7,0.035,21.0,Bakersfield-California,14.82749975,73.07032124999999,9.336531616666667,1007.5166666666668,0.23750000000000002,87.75
2018-11-30,35.356615,-119.062613,6.5,0.028,36.0,Bakersfield-California,12.350416166666667,80.426803875,9.357031754166666,1011.2875,0.3666666666666667,72.95833333333333
2018-12-01,35.356615,-119.062613,7.8,0.034,43.0,Bakersfield-California,10.419166516666666,70.23703345833333,6.686626775000001,1017.8083333333334,0.0,30.833333333333332
2018-12-02,35.356615,-119.062613,10.1,0.03,53.0,Bakersfield-California,8.671249816666666,84.603927,7.327266883333333,1017.6416666666668,0.0625,62.416666666666664
2018-12-03,35.356615,-119.062613,14.3,0.026,61.0,Bakersfield-California,8.41916645,69.79088116666667,4.6139983283333335,1021.9250000000001,0.0,39.958333333333336
2018-12-04,35.356615,-119.062613,7.2,0.034,40.0,Bakersfield-California,11.617083108333333,44.144229458333335,11.6754391125,1017.8291666666668,0.0,90.54166666666667
2018-12-05,35.356615,-119.062613,4.1,0.026,23.0,Bakersfield-California,14.702499833333334,30.674756458333334,15.8343108125,1012.2166666666667,0.05416666666666667,75.83333333333333
2018-12-06,35.356615,-119.062613,7.0,0.024,39.0,Bakersfield-California,10.287916291666667,81.76076920833333,7.9743449958333334,1012.3833333333333,1.0208333333333333,87.875
2018-12-07,35.356615,-119.062613,26.8,0.013,84.0,Bakersfield-California,9.858749775,88.10016025,6.2484351333333334,1018.5333333333333,0.004166666666666667,65.0
2018-12-08,35.356615,-119.062613,24.3,0.018,79.0,Bakersfield-California,9.625416308333334,86.304036375,4.5308891070833335,1025.4416666666666,0.0,46.208333333333336
2018-12-09,35.356615,-119.062613,29.2,0.021,88.0,Bakersfield-California,8.998333216666667,87.1464085,5.503133129166667,1026.5833333333333,0.0,90.5
2018-12-10,35.356615,-119.062613,32.6,0.014,95.0,Bakersfield-California,9.246249891666666,87.1323675,5.761314520833333,1023.3708333333334,0.008333333333333333,98.66666666666667
2018-12-11,35.356615,-119.062613,17.7,0.015,67.0,Bakersfield-California,7.139999833333333,86.90289266666667,4.554322804166667,1022.4499999999999,0.0,73.125
2018-12-12,35.356615,-119.062613,23.2,0.02,77.0,Bakersfield-California,7.135833183333333,79.70622179166666,4.811993158333333,1023.5124999999999,0.0,27.75
2018-12-13,35.356615,-119.062613,39.0,0.017,110.0,Bakersfield-California,8.014999891666667,73.98088133333333,5.383864791666666,1025.5666666666666,0.0,26.166666666666668
2018-12-14,35.356615,-119.062613,25.5,0.019,82.0,Bakersfield-California,14.081666499999999,34.70143875,10.236711041666666,1020.6416666666668,0.0,82.5
2018-12-15,35.356615,-119.062613,26.7,0.025,84.0,Bakersfield-California,10.800416591666668,52.291690625,8.149460566666667,1019.7125,0.0,16.5
2018-12-16,35.356615,-119.062613,30.3,0.03,90.0,Bakersfield-California,13.062916341666666,42.843167333333334,5.1430803958333335,1019.2958333333332,0.0,20.25
2018-12-17,35.356615,-119.062613,12.7,0.024,58.0,Bakersfield-California,13.529583041666667,64.18601741666667,6.560198615833333,1020.3416666666667,0.12083333333333333,90.95833333333333
2018-12-18,35.356615,-119.062613,9.6,0.028,52.0,Bakersfield-California,11.4358328,80.75943991666666,6.146788979166668,1025.5666666666666,0.008333333333333333,86.79166666666667
2018-12-19,35.356615,-119.062613,18.5,0.027,69.0,Bakersfield-California,10.612916458333332,78.77217991666667,4.564879686666667,1025.8291666666667,0.0,52.458333333333336
2018-12-20,35.356615,-119.062613,29.5,0.016,89.0,Bakersfield-California,9.656666758333333,75.262750375,4.3361062666666665,1021.5041666666666,0.0,48.083333333333336
2018-12-21,35.356615,-119.062613,43.0,0.017,119.0,Bakersfield-California,11.277499749999999,69.65549912499999,6.307761995833332,1018.5791666666668,0.0,73.375
2018-12-22,35.356615,-119.062613,49.4,0.024,135.0,Bakersfield-California,9.739999716666667,78.817967125,6.300580158333333,1019.4333333333334,0.0,49.041666666666664
2018-12-23,35.356615,-119.062613,46.6,0.021,128.0,Bakersfield-California,8.87541635,85.63772641666667,5.80802335,1023.0583333333334,0.0,82.16666666666667
2018-12-24,35.356615,-119.062613,38.0,0.023,107.0,Bakersfield-California,8.789999816666667,82.22755458333333,4.811384249166667,1022.6625,0.0,37.208333333333336
2018-12-25,35.356615,-119.062613,8.0,0.03,44.0,Bakersfield-California,10.673332916666666,78.72883775,8.076978445833333,1012.9499999999999,0.22916666666666666,56.125
2018-12-26,35.356615,-119.062613,10.1,0.022,53.0,Bakersfield-California,9.637916291666667,65.98926758333333,5.8760532825,1018.0,0.004166666666666667,64.875
2018-12-27,35.356615,-119.062613,15.1,0.014,62.0,Bakersfield-California,7.533749808333333,70.76690599999999,7.9780684625000005,1019.1208333333334,0.0,34.125
2018-12-28,35.356615,-119.062613,18.8,0.022,69.0,Bakersfield-California,6.389999908333333,62.66025954166667,7.16286855,1020.1916666666666,0.0,9.5
2018-12-29,35.356615,-119.062613,17.8,0.025,67.0,Bakersfield-California,5.869166624999999,62.32192262499999,4.836326929166667,1026.9875,0.0,0.7916666666666666
2018-12-30,35.356615,-119.062613,28.1,0.028,86.0,Bakersfield-California,6.339999825,54.950169458333335,5.2472468125,1024.0416666666667,0.0,5.75
2018-12-31,35.356615,-119.062613,28.1,0.028,86.0,Bakersfield-California,6.339999825,54.950169458333335,5.2472468125,1024.0416666666667,0.0,5.75
2019-01-01,35.356615,-119.062613,37.8,0.024,107.0,Bakersfield-California,4.906666416458333,80.24370316666666,5.720886975,1020.1625,0.0,16.5
2019-01-02,35.356615,-119.062613,26.3,0.025,83.0,Bakersfield-California,4.9275000625,64.39817875,5.418008937500001,1024.2708333333333,0.0,12.25
2019-01-03,35.356615,-119.062613,36.3,0.021,103.0,Bakersfield-California,6.242083233333333,48.21855925,5.0584880666666665,1024.1708333333333,0.0,0.5833333333333334
2019-01-04,35.356615,-119.062613,38.3,0.024,108.0,Bakersfield-California,8.317083175,46.71984908333334,4.1204518000000006,1018.4541666666668,0.0,12.208333333333334
2019-01-05,35.356615,-119.062613,18.5,0.03,69.0,Bakersfield-California,9.435833149999999,44.30885958333334,5.570990819583334,1011.8166666666666,0.0,73.0
2019-01-06,35.356615,-119.062613,10.6,0.033,54.0,Bakersfield-California,9.333749933333333,75.72012116666666,6.291832816666666,1015.6833333333334,0.25,49.625
2019-01-07,35.356615,-119.062613,3.9,0.031,22.0,Bakersfield-California,14.233749791666668,56.87895025,8.952171866666665,1019.3874999999999,0.0,51.791666666666664
2019-01-08,35.356615,-119.062613,6.0,0.031,33.0,Bakersfield-California,14.954583125,61.5358915,9.4462165375,1019.3083333333334,0.0,89.29166666666667
2019-01-09,35.356615,-119.062613,10.2,0.019,53.0,Bakersfield-California,14.210833000000001,53.494603833333336,10.279046575,1018.0083333333333,0.12083333333333335,74.66666666666667
2019-01-10,35.356615,-119.062613,12.9,0.016,58.0,Bakersfield-California,11.275416466666668,87.102091875,5.1900458625,1021.2916666666666,0.25416666666666665,54.541666666666664
2019-01-11,35.356615,-119.062613,11.8,0.03,56.0,Bakersfield-California,10.835833333333333,80.90320475,6.578063029166667,1017.6916666666666,0.0,74.45833333333333
2019-01-12,35.356615,-119.062613,3.0,0.034,17.0,Bakersfield-California,14.481666375000001,52.71486291666667,13.5485404875,1013.9041666666667,0.12916666666666668,88.91666666666667
2019-01-13,35.356615,-119.062613,6.1,0.036,34.0,Bakersfield-California,11.075416625,61.36638129166667,8.012408641666667,1017.0625,0.0,35.541666666666664
2019-01-14,35.356615,-119.062613,5.5,0.03,31.0,Bakersfield-California,11.896249666666668,54.01511925,16.577912645833333,1014.3833333333333,0.0625,86.08333333333333
2019-01-15,35.356615,-119.062613,3.7,0.034,21.0,Bakersfield-California,11.377499708333334,62.762909375,15.908223937499999,1013.5875,0.008333333333333333,73.83333333333333
2019-01-16,35.356615,-119.062613,3.7,0.029,21.0,Bakersfield-California,13.198332958333333,65.00118825,11.375139054166667,1016.1625,0.05000000000000001,75.20833333333333
2019-01-17,35.356615,-119.062613,6.2,0.018,34.0,Bakersfield-California,15.537916458333333,80.903593125,9.160775858333333,1016.9666666666667,0.6124999999999999,98.0
2019-01-18,35.356615,-119.062613,9.3,0.018,51.0,Bakersfield-California,12.083749458333335,86.86766675,4.8055803374999995,1024.5666666666666,0.06666666666666667,62.5
2019-01-19,35.356615,-119.062613,14.5,0.028,61.0,Bakersfield-California,11.998332958333334,81.56805920833334,5.218660779166667,1027.9208333333333,0.0,56.583333333333336
2019-01-20,35.356615,-119.062613,17.5,0.031,67.0,Bakersfield-California,12.637916466666667,73.14150483333333,5.103854441666667,1021.5958333333333,0.0,97.45833333333333
2019-01-21,35.356615,-119.062613,3.9,0.036,22.0,Bakersfield-California,11.671249675,70.12022391666666,12.601361475,1019.5375,0.04583333333333334,46.208333333333336
2019-01-22,35.356615,-119.062613,9.6,0.03,52.0,Bakersfield-California,9.112916516666667,63.98594391666666,7.1938544625,1026.1208333333334,0.0,48.0
2019-01-23,35.356615,-119.062613,16.4,0.026,65.0,Bakersfield-California,7.046249899999999,74.864267375,4.998023004166666,1030.0874999999999,0.0,35.791666666666664
2019-01-24,35.356615,-119.062613,31.0,0.025,92.0,Bakersfield-California,8.32958325,65.73638058333333,6.4693795375,1025.2083333333333,0.0,30.708333333333332
2019-01-25,35.356615,-119.062613,38.5,0.026,108.0,Bakersfield-California,9.450416558333332,67.72212758333333,5.862044699166667,1023.6208333333334,0.0,1.5416666666666667
2019-01-26,35.356615,-119.062613,52.3,0.036,142.0,Bakersfield-California,10.481666558333332,68.60970741666667,5.0833232125,1024.8500000000001,0.0,71.5
2019-01-27,35.356615,-119.062613,53.0,0.039,144.0,Bakersfield-California,12.079583391666667,63.064547000000005,5.8732338625,1023.5375,0.0,71.875
2019-01-28,35.356615,-119.062613,53.1,0.03,144.0,Bakersfield-California,11.635833275000001,63.565010916666665,5.9136441333333325,1018.0,0.0,74.79166666666667
2019-01-29,35.356615,-119.062613,57.6,0.037,152.0,Bakersfield-California,14.331666333333333,53.711244,4.831861558333333,1015.1166666666667,0.0,84.70833333333333
2019-01-30,35.356615,-119.062613,38.4,0.035,108.0,Bakersfield-California,13.302499833333334,64.14811166666667,5.220391258333334,1014.1666666666666,0.0,64.16666666666667
2019-01-31,35.356615,-119.062613,11.6,0.022,56.0,Bakersfield-California,13.808749749999999,65.79854466666667,7.781893504166667,1011.4958333333334,0.27499999999999997,65.375
2019-02-01,35.356615,-119.062613,10.9,0.037,54.0,Bakersfield-California,11.362916633333333,81.35592758333333,6.376447266666666,1013.775,0.0,53.666666666666664
2019-02-02,35.356615,-119.062613,1.5,0.036,8.0,Bakersfield-California,14.817082833333332,67.02624320833333,22.430658537499998,1006.3375,0.8333333333333334,84.66666666666667
2019-02-03,35.356615,-119.062613,1.7,0.034,9.0,Bakersfield-California,12.656666291666667,64.95036900000001,7.489821179166667,1007.6999999999999,0.03333333333333333,66.16666666666667
2019-02-04,35.356615,-119.062613,1.6,0.037,9.0,Bakersfield-California,12.300416333333333,70.59468129166667,9.527557179166667,1007.7541666666666,0.09583333333333333,58.416666666666664
2019-02-05,35.356615,-119.062613,3.0,0.039,17.0,Bakersfield-California,9.206666458333332,67.07033183333333,10.313229195833333,1010.3666666666667,0.10416666666666667,70.16666666666667
2019-02-06,35.356615,-119.062613,7.3,0.034,41.0,Bakersfield-California,5.3837498457083335,65.581802625,8.0853225,1019.5583333333334,0.0,23.166666666666668
2019-02-07,35.356615,-119.062613,9.6,0.03,52.0,Bakersfield-California,5.469166624583333,59.557724125,6.9703084749999995,1025.0916666666667,0.0,19.041666666666668
2019-02-08,35.356615,-119.062613,15.4,0.037,63.0,Bakersfield-California,7.135833091666666,60.06544933333333,4.4325769625,1021.7083333333334,0.0,4.958333333333333
2019-02-09,35.356615,-119.062613,4.8,0.039,27.0,Bakersfield-California,9.839999675,60.31430720833333,8.340049854166667,1015.3291666666668,0.125,51.541666666666664
2019-02-10,35.356615,-119.062613,5.6,0.036,31.0,Bakersfield-California,8.096249883333334,67.571105125,9.7415158,1015.7416666666667,0.10833333333333334,48.083333333333336
2019-02-11,35.356615,-119.062613,7.2,0.04,40.0,Bakersfield-California,4.819166620833333,80.37699820833333,4.2181700375,1022.7166666666667,0.004166666666666667,34.708333333333336
2019-02-12,35.356615,-119.062613,10.5,0.027,54.0,Bakersfield-California,6.927500082916667,57.46009708333333,4.967852683333334,1020.4666666666667,0.0,47.708333333333336
2019-02-13,35.356615,-119.062613,23.5,0.04,78.0,Bakersfield-California,13.844166333333334,31.166560645833332,13.745013123749999,1010.5333333333333,0.0625,99.04166666666667
2019-02-14,35.356615,-119.062613,5.8,0.04,32.0,Bakersfield-California,16.550416708333334,59.418226374999996,20.457343375,1005.0625,0.09999999999999999,95.83333333333333
2019-02-15,35.356615,-119.062613,5.6,0.033,31.0,Bakersfield-California,10.775416341666668,68.31925224999999,7.854011479166666,1015.1666666666666,0.016666666666666666,80.79166666666667
2019-02-16,35.356615,-119.062613,2.8,0.039,16.0,Bakersfield-California,8.30041655,77.42414504166666,9.313315966666666,1020.6833333333334,0.11249999999999999,54.833333333333336
2019-02-17,35.356615,-119.062613,3.0,0.037,17.0,Bakersfield-California,7.150416525,80.52776208333334,8.0435224375,1019.5333333333333,0.2791666666666667,57.416666666666664
2019-02-18,35.356615,-119.062613,7.1,0.034,39.0,Bakersfield-California,5.4816665875,78.08269154166668,7.3236888250000005,1019.8291666666668,0.041666666666666664,33.75
2019-02-19,35.356615,-119.062613,8.0,0.038,44.0,Bakersfield-California,5.812916495833334,66.77094187499999,5.3462824625,1022.9416666666666,0.0,17.791666666666668
2019-02-20,35.356615,-119.062613,6.0,0.035,33.0,Bakersfield-California,6.367083162499999,57.76084445833334,6.291041783333333,1017.8249999999999,0.0,49.75
2019-02-21,35.356615,-119.062613,5.1,0.032,28.0,Bakersfield-California,6.325416491666666,82.11824141666666,6.7164634875,1006.6291666666666,0.25833333333333336,81.20833333333333
2019-02-22,35.356615,-119.062613,2.5,0.032,14.0,Bakersfield-California,5.585833350000001,68.82260616666666,6.647557133333334,1014.125,0.05416666666666667,22.083333333333332
2019-02-23,35.356615,-119.062613,8.5,0.038,47.0,Bakersfield-California,6.817083145708334,60.21621520833333,5.9480486,1024.8625,0.0,14.458333333333334
2019-02-24,35.356615,-119.062613,11.6,0.043,56.0,Bakersfield-California,9.421249900000001,50.234367999999996,3.7827205529166665,1024.6875,0.0,46.291666666666664
2019-02-25,35.356615,-119.062613,8.8,0.039,49.0,Bakersfield-California,12.660833175,45.520909875,5.0460270666666664,1018.0166666666668,0.0,57.375
2019-02-26,35.356615,-119.062613,7.5,0.035,42.0,Bakersfield-California,14.169166458333335,52.55669520833334,5.853912691666667,1016.8333333333334,0.0,74.70833333333333
2019-02-27,35.356615,-119.062613,10.8,0.027,54.0,Bakersfield-California,14.554583291666667,57.448079291666666,7.9568720625000005,1017.0166666666668,0.09166666666666667,75.375
2019-02-28,35.356615,-119.062613,11.3,0.032,55.0,Bakersfield-California,15.544166458333335,72.88255270833334,4.912046520833333,1018.8833333333333,0.32083333333333336,81.875
2019-03-01,35.356615,-119.062613,13.1,0.028,58.0,Bakersfield-California,14.2191665,67.206020375,6.4490658325,1018.5291666666667,0.0,98.125
2019-03-02,35.356615,-119.062613,3.5,0.035,19.0,Bakersfield-California,14.60041625,79.62330845833333,7.556314654166667,1013.5333333333333,0.5166666666666667,76.58333333333333
2019-03-03,35.356615,-119.062613,3.2,0.033,18.0,Bakersfield-California,14.585833000000001,74.667062625,8.169578683333333,1016.1916666666666,0.024999999999999998,42.75
2019-03-04,35.356615,-119.062613,5.4,0.028,30.0,Bakersfield-California,12.794166374999998,74.17796016666667,6.966476683333333,1018.6875,0.016666666666666666,73.08333333333333
2019-03-05,35.356615,-119.062613,7.3,0.034,41.0,Bakersfield-California,12.835832958333334,71.402533125,7.3463091,1015.7541666666666,0.10833333333333334,90.33333333333333
2019-03-06,35.356615,-119.062613,7.3,0.034,41.0,Bakersfield-California,12.835832958333334,71.402533125,7.3463091,1015.7541666666666,0.10833333333333334,90.33333333333333
2019-03-07,35.356615,-119.062613,1.6,0.04,9.0,Bakersfield-California,14.089999791666665,62.15164375,7.566496145833334,1015.3166666666666,0.0,77.625
2019-03-08,35.356615,-119.062613,2.9,0.04,16.0,Bakersfield-California,10.569166466666667,64.44254420833333,11.117609333333334,1016.7208333333333,0.09166666666666667,58.416666666666664
2019-03-09,35.356615,-119.062613,4.4,0.043,24.0,Bakersfield-California,9.187916516666666,53.904085208333335,6.817958245833334,1017.4583333333334,0.0,29.083333333333332
2019-03-10,35.356615,-119.062613,3.6,0.044,20.0,Bakersfield-California,11.554583008333333,58.88383620833333,7.7734690791666665,1014.1041666666666,0.03333333333333333,88.5
2019-03-11,35.356615,-119.062613,9.4,0.035,52.0,Bakersfield-California,10.198333091666667,64.53590691666666,6.217091774166666,1015.8249999999999,0.0,47.708333333333336
2019-03-12,35.356615,-119.062613,6.4,0.043,36.0,Bakersfield-California,12.954583125,57.05681216666667,6.467344125,1012.3625000000001,0.0,42.041666666666664
2019-03-13,35.356615,-119.062613,3.6,0.043,20.0,Bakersfield-California,12.208749724999999,47.68422295833333,11.735622249999999,1016.1916666666666,0.020833333333333332,19.416666666666668
2019-03-14,35.356615,-119.062613,5.4,0.044,30.0,Bakersfield-California,10.989999933333332,42.88911141666667,6.583353045833333,1023.0208333333334,0.0,0.0
2019-03-15,35.356615,-119.062613,11.8,0.048,56.0,Bakersfield-California,12.644166516666667,53.11367791666667,4.894913025,1023.025,0.0,7.708333333333333
2019-03-16,35.356615,-119.062613,12.6,0.055,58.0,Bakersfield-California,14.171249958333334,45.360576875,5.516298666666667,1020.5458333333332,0.0,0.3333333333333333
2019-03-17,35.356615,-119.062613,9.6,0.054,52.0,Bakersfield-California,15.646249875,50.75464214583334,5.449276466666667,1018.6833333333334,0.0,0.0
2019-03-18,35.356615,-119.062613,10.1,0.053,53.0,Bakersfield-California,19.073333208333334,36.61867220833333,6.535502041666667,1015.1750000000001,0.0,20.708333333333332
2019-03-19,35.356615,-119.062613,10.7,0.047,54.0,Bakersfield-California,20.565000041666668,34.53045077083333,8.431971469583333,1012.1374999999999,0.0,77.25
2019-03-20,35.356615,-119.062613,6.1,0.044,34.0,Bakersfield-California,16.804583416666667,46.5696075,11.903431979166667,1013.9583333333334,0.0375,63.75
2019-03-21,35.356615,-119.062613,4.9,0.042,27.0,Bakersfield-California,13.067083208333335,59.570039875,6.234232670833333,1018.2208333333333,0.05833333333333333,61.625
2019-03-22,35.356615,-119.062613,7.9,0.049,44.0,Bakersfield-California,13.869166416666665,56.173760875,6.915255733333333,1020.9958333333334,0.0,59.541666666666664
2019-03-23,35.356615,-119.062613,8.1,0.037,45.0,Bakersfield-California,14.379583125000002,54.935159666666664,7.298763229166667,1020.8708333333334,0.0,79.04166666666667
2019-03-24,35.356615,-119.062613,10.6,0.05,54.0,Bakersfield-California,13.408749858333332,61.69228141666667,6.781601900000001,1022.4416666666666,0.0,15.708333333333334
2019-03-25,35.356615,-119.062613,12.0,0.057,56.0,Bakersfield-California,16.608749883333335,49.316364916666664,6.300859612500001,1019.4916666666667,0.0,15.5
2019-03-26,35.356615,-119.062613,10.2,0.053,53.0,Bakersfield-California,18.114999791666666,38.63825120833334,8.412455219583334,1016.6541666666667,0.0,72.70833333333333
2019-03-27,35.356615,-119.062613,7.9,0.038,44.0,Bakersfield-California,18.281666541666667,48.038430625,7.46042735,1015.1374999999999,0.004166666666666667,84.04166666666667
2019-03-28,35.356615,-119.062613,2.5,0.044,14.0,Bakersfield-California,16.031666541666667,60.32686479166667,11.680831645833335,1020.9708333333333,0.12916666666666668,73.95833333333333
2019-03-29,35.356615,-119.062613,5.9,0.046,33.0,Bakersfield-California,15.0629165,41.73227479166667,9.859262625,1024.4583333333333,0.0,8.875
2019-03-30,35.356615,-119.062613,7.2,0.048,40.0,Bakersfield-California,14.639999750000001,48.51520608333333,7.025298241666667,1022.9208333333332,0.0,16.75
2019-03-31,35.356615,-119.062613,8.6,0.052,48.0,Bakersfield-California,16.921249875,45.47746241666667,7.220138904166667,1020.0749999999999,0.0,20.416666666666668
2019-04-01,35.356615,-119.062613,10.5,0.057,54.0,Bakersfield-California,19.837916791666668,38.957700458333335,7.091282366666667,1015.8125,0.0,94.16666666666667
2019-04-02,35.356615,-119.062613,4.7,0.042,26.0,Bakersfield-California,20.783750333333334,36.841113791666665,11.745451508333334,1011.1583333333333,0.0,47.375
2019-04-03,35.356615,-119.062613,3.7,0.04,21.0,Bakersfield-California,17.510833208333334,55.88028020833334,8.6401707375,1014.9250000000001,0.012500000000000002,75.0
2019-04-04,35.356615,-119.062613,3.1,0.035,17.0,Bakersfield-California,17.094166625,51.03647370833334,9.0752494875,1016.1875,0.008333333333333333,86.04166666666667
2019-04-05,35.356615,-119.062613,3.0,0.037,17.0,Bakersfield-California,16.610833125,53.63590083333333,8.302834562500001,1015.7583333333333,0.012500000000000002,83.45833333333333
2019-04-06,35.356615,-119.062613,6.0,0.048,33.0,Bakersfield-California,16.546250125,59.01329066666667,7.328678208333334,1018.2458333333334,0.004166666666666667,39.666666666666664
2019-04-07,35.356615,-119.062613,6.5,0.046,36.0,Bakersfield-California,19.58166675,37.157552625,7.849170699999999,1022.1333333333333,0.0,67.33333333333333
2019-04-08,35.356615,-119.062613,8.0,0.044,44.0,Bakersfield-California,22.1545835,43.93766166666666,7.538912595833334,1021.5208333333334,0.0,94.20833333333333
2019-04-09,35.356615,-119.062613,6.3,0.048,35.0,Bakersfield-California,20.954583458333335,46.25091254166667,17.576657229166667,1019.0,0.016666666666666666,71.79166666666667
2019-04-10,35.356615,-119.062613,3.4,0.049,19.0,Bakersfield-California,16.3004165,31.267090375,15.862960658333334,1021.3874999999999,0.0,0.3333333333333333
2019-04-11,35.356615,-119.062613,6.9,0.044,38.0,Bakersfield-California,16.556666625000002,30.739894000000003,9.782107366666667,1020.0041666666666,0.0,35.208333333333336
2019-04-12,35.356615,-119.062613,4.7,0.045,26.0,Bakersfield-California,16.43583320833333,41.341209,11.0146622875,1012.5041666666666,0.0,42.166666666666664
2019-04-13,35.356615,-119.062613,7.2,0.056,40.0,Bakersfield-California,18.052499916666665,36.281106270833334,6.633994491666667,1013.6666666666666,0.0,16.75
2019-04-14,35.356615,-119.062613,6.6,0.056,37.0,Bakersfield-California,21.775416833333335,27.730884583333335,7.070783362499999,1013.125,0.0,55.0
2019-04-15,35.356615,-119.062613,4.8,0.05,27.0,Bakersfield-California,20.796250083333334,33.50610508333333,8.861537608333334,1009.5666666666666,0.0,49.583333333333336
2019-04-16,35.356615,-119.062613,4.4,0.042,24.0,Bakersfield-California,17.514999874999997,51.28612533333333,12.6048628625,1012.7666666666668,0.15416666666666667,80.875
2019-04-17,35.356615,-119.062613,7.0,0.054,39.0,Bakersfield-California,17.125416666666666,51.44764275,6.669377445833334,1020.1833333333334,0.0,6.125
2019-04-18,35.356615,-119.062613,15.2,0.064,62.0,Bakersfield-California,20.875416541666667,41.64268420833333,6.084900370833334,1019.6416666666668,0.0,44.5
2019-04-19,35.356615,-119.062613,13.6,0.069,59.0,Bakersfield-California,25.764999875,29.48930625,7.307741391666667,1013.3874999999999,0.0,46.416666666666664
2019-04-20,35.356615,-119.062613,4.7,0.045,26.0,Bakersfield-California,23.483750083333334,28.397670041666668,12.607470708333333,1009.9375,0.0,56.5
2019-04-21,35.356615,-119.062613,5.9,0.047,33.0,Bakersfield-California,17.802499916666665,43.552688458333336,13.5821795125,1015.5333333333333,0.0,20.875
2019-04-22,35.356615,-119.062613,6.9,0.051,38.0,Bakersfield-California,20.306666791666668,37.66224470833333,6.598955516666667,1016.4375,0.0,10.458333333333334
2019-04-23,35.356615,-119.062613,8.6,0.059,48.0,Bakersfield-California,23.300416625,29.991595458333336,7.614766633333333,1014.7333333333332,0.0,10.75
2019-04-24,35.356615,-119.062613,11.4,0.064,55.0,Bakersfield-California,26.529583208333335,22.435611124999998,6.2002139666666665,1012.6541666666667,0.0,1.0
2019-04-25,35.356615,-119.062613,11.4,0.06,55.0,Bakersfield-California,28.277499791666667,27.200459166666665,7.5879486541666665,1011.2875,0.0,19.833333333333332
2019-04-26,35.356615,-119.062613,7.1,0.051,39.0,Bakersfield-California,28.61708329166667,29.86963425,8.821703937499999,1011.3375,0.0,9.875
2019-04-27,35.356615,-119.062613,7.7,0.058,43.0,Bakersfield-California,27.062916208333334,29.079054708333334,9.400298125,1011.0375,0.0,33.625
2019-04-28,35.356615,-119.062613,5.6,0.056,31.0,Bakersfield-California,25.265000125,25.509822020833337,8.784044633333332,1008.7375000000001,0.0,16.166666666666668
2019-04-29,35.356615,-119.062613,5.4,0.042,30.0,Bakersfield-California,22.33375020833333,44.69392308333334,7.924372629166666,1006.5416666666666,0.10833333333333334,85.79166666666667
2019-04-30,35.356615,-119.062613,6.8,0.045,38.0,Bakersfield-California,19.177499875,49.19317454166667,9.890596754166667,1010.6,0.0,11.791666666666666
2019-05-01,35.356615,-119.062613,10.1,0.054,53.0,Bakersfield-California,18.937916541666667,45.81402354166667,8.198834720833334,1014.275,0.0,29.666666666666668
2019-05-02,35.356615,-119.062613,10.1,0.054,53.0,Bakersfield-California,18.937916541666667,45.81402354166667,8.198834720833334,1014.275,0.0,29.666666666666668
2019-05-03,35.356615,-119.062613,10.0,0.064,53.0,Bakersfield-California,22.350416791666664,20.012783333333335,7.553762954166667,1013.0500000000001,0.0,24.291666666666668
2019-05-04,35.356615,-119.062613,8.7,0.063,48.0,Bakersfield-California,24.11500008333333,19.067210479166665,8.767208008333332,1010.4333333333334,0.0,2.6666666666666665
2019-05-05,35.356615,-119.062613,5.4,0.05,30.0,Bakersfield-California,22.606666750000002,18.4898585625,10.713891083333332,1007.8666666666667,0.0,3.8333333333333335
2019-05-06,35.356615,-119.062613,3.7,0.043,21.0,Bakersfield-California,19.415000041666666,42.937415125,10.537887054166667,1010.1041666666666,0.0,60.916666666666664
2019-05-07,35.356615,-119.062613,5.1,0.049,28.0,Bakersfield-California,19.652499916666667,47.88126358333333,8.4469103,1014.3041666666667,0.0,29.5
2019-05-08,35.356615,-119.062613,9.2,0.054,51.0,Bakersfield-California,21.452500083333334,45.21633,8.014139716666667,1014.1208333333334,0.0,18.916666666666668
2019-05-09,35.356615,-119.062613,8.9,0.052,49.0,Bakersfield-California,22.994166916666668,44.271335625,9.431825875,1007.5916666666667,0.0,18.541666666666668
2019-05-10,35.356615,-119.062613,8.7,0.044,48.0,Bakersfield-California,19.217083374999998,67.46856654166668,9.7296412125,1007.0708333333333,0.6083333333333333,81.66666666666667
2019-05-11,35.356615,-119.062613,13.0,0.061,58.0,Bakersfield-California,20.100416708333334,60.360783999999995,4.606185154166666,1012.4541666666668,0.008333333333333333,18.041666666666668
2019-05-12,35.356615,-119.062613,12.8,0.068,58.0,Bakersfield-California,24.456666791666667,45.19263683333333,5.149787708333333,1011.8249999999999,0.0,2.5416666666666665
2019-05-13,35.356615,-119.062613,7.6,0.054,42.0,Bakersfield-California,25.408750125,34.335078583333335,8.650432604166667,1012.7791666666667,0.0,25.666666666666668
2019-05-14,35.356615,-119.062613,8.2,0.059,46.0,Bakersfield-California,24.61083345833333,28.870864625,8.102757804166666,1013.6125000000001,0.0,33.666666666666664
2019-05-15,35.356615,-119.062613,6.3,0.04,35.0,Bakersfield-California,24.012916958333335,31.850897333333332,10.827193808333334,1010.8958333333334,0.012499999999999999,91.0
2019-05-16,35.356615,-119.062613,5.7,0.045,32.0,Bakersfield-California,18.32125004166667,57.84932516666667,12.048314770833334,1009.9291666666667,0.32083333333333336,89.29166666666667
2019-05-17,35.356615,-119.062613,6.5,0.047,36.0,Bakersfield-California,16.254583333333333,48.843855999999995,16.015104041666667,1016.9541666666668,0.016666666666666666,61.208333333333336
2019-05-18,35.356615,-119.062613,9.0,0.046,50.0,Bakersfield-California,17.527500041666666,43.711378375,5.818749874999999,1015.1541666666667,0.0,49.958333333333336
2019-05-19,35.356615,-119.062613,2.6,0.043,14.0,Bakersfield-California,15.269166583333332,70.875233625,10.8916526875,1010.7375000000001,0.5875,80.375
2019-05-20,35.356615,-119.062613,3.5,0.049,19.0,Bakersfield-California,13.096249541666666,72.66386095833333,9.459021266666666,1012.9125,0.13749999999999998,65.625
2019-05-21,35.356615,-119.062613,3.5,0.043,19.0,Bakersfield-California,15.771249958333334,51.567198875,11.6012087875,1013.1333333333333,0.012500000000000002,53.583333333333336
2019-05-22,35.356615,-119.062613,4.5,0.038,25.0,Bakersfield-California,14.694166583333333,59.91029895833333,11.481756945833332,1009.1458333333334,0.11666666666666665,65.375
2019-05-23,35.356615,-119.062613,4.5,0.038,25.0,Bakersfield-California,14.694166583333333,59.91029895833333,11.481756945833332,1009.1458333333334,0.11666666666666665,65.375
2019-05-24,35.356615,-119.062613,4.5,0.038,25.0,Bakersfield-California,14.694166583333333,59.91029895833333,11.481756945833332,1009.1458333333334,0.11666666666666665,65.375
2019-05-25,35.356615,-119.062613,8.6,0.05,48.0,Bakersfield-California,21.727500000000003,48.429313541666666,6.466115487500001,1009.8125,0.020833333333333332,23.5
2019-05-26,35.356615,-119.062613,4.5,0.043,25.0,Bakersfield-California,17.3129165,47.53760066666666,11.944059666666666,1009.5749999999999,0.075,64.16666666666667
2019-05-27,35.356615,-119.062613,3.7,0.046,21.0,Bakersfield-California,13.794166291666668,66.84912312499999,10.0445251375,1016.0291666666667,0.10416666666666667,63.25
2019-05-28,35.356615,-119.062613,7.6,0.045,42.0,Bakersfield-California,17.206666541666667,49.531411999999996,6.480189358333334,1015.6333333333333,0.0,47.625
2019-05-29,35.356615,-119.062613,11.9,0.058,56.0,Bakersfield-California,20.49208325,49.790260208333336,5.5181245875,1011.775,0.0,38.5
2019-05-30,35.356615,-119.062613,10.5,0.066,54.0,Bakersfield-California,25.442083458333332,38.39039354166667,6.297707875,1009.3458333333333,0.0,8.583333333333334
2019-05-31,35.356615,-119.062613,9.0,0.063,50.0,Bakersfield-California,25.5733335,36.423666250000004,8.369279191666667,1009.5458333333332,0.0,31.125
2019-06-01,35.356615,-119.062613,10.4,0.07,53.0,Bakersfield-California,26.467083458333335,36.2861725,8.6561491125,1007.6999999999999,0.0,27.291666666666668
2019-06-02,35.356615,-119.062613,8.2,0.066,46.0,Bakersfield-California,26.179583124999997,36.842959791666665,7.812150608333333,1007.8208333333333,0.0,22.958333333333332
2019-06-03,35.356615,-119.062613,10.1,0.068,53.0,Bakersfield-California,25.898333500000003,43.017349125,6.535615970833334,1009.8458333333333,0.004166666666666667,14.75
2019-06-04,35.356615,-119.062613,15.0,0.085,62.0,Bakersfield-California,29.500415958333335,36.036476125,7.660728391666667,1010.0291666666667,0.0,5.083333333333333
2019-06-05,35.356615,-119.062613,14.5,0.081,61.0,Bakersfield-California,31.8962495,35.05803329166667,6.4246421,1009.3333333333334,0.0,7.375
2019-06-06,35.356615,-119.062613,7.6,0.059,42.0,Bakersfield-California,31.623332875,26.211227833333336,11.490072345833333,1008.6875,0.0,30.916666666666668
2019-06-07,35.356615,-119.062613,6.3,0.063,35.0,Bakersfield-California,26.87750025,20.061510125,13.222671979166668,1011.1,0.0,3.5833333333333335
2019-06-08,35.356615,-119.062613,7.2,0.066,40.0,Bakersfield-California,23.690000041666668,17.437298708333334,8.8297982375,1012.7875,0.0,0.0
2019-06-09,35.356615,-119.062613,12.4,0.075,57.0,Bakersfield-California,27.979583208333334,22.370524583333335,7.690074225,1013.3833333333333,0.0,8.166666666666666
2019-06-10,35.356615,-119.062613,11.0,0.076,55.0,Bakersfield-California,32.085832875,16.653499754166667,8.532548479166666,1013.5791666666668,0.0,86.25
2019-06-11,35.356615,-119.062613,12.3,0.078,57.0,Bakersfield-California,33.97333283333333,15.273143491666666,9.512710595833333,1013.6750000000001,0.0,71.29166666666667
2019-06-12,35.356615,-119.062613,10.8,0.071,54.0,Bakersfield-California,35.008749375,17.0381694375,7.900536241666667,1010.8249999999999,0.0,41.125
2019-06-13,35.356615,-119.062613,9.0,0.07,50.0,Bakersfield-California,31.804582999999997,22.691379520833333,10.604722016666667,1009.0500000000001,0.0,15.583333333333334
2019-06-14,35.356615,-119.062613,7.6,0.062,42.0,Bakersfield-California,30.277499833333334,26.094948458333334,11.605643333333333,1009.6541666666667,0.0,3.4583333333333335
2019-06-15,35.356615,-119.062613,9.1,0.068,51.0,Bakersfield-California,28.727499750000003,31.664366458333333,9.648685466666667,1010.2166666666667,0.0,0.0
2019-06-16,35.356615,-119.062613,7.7,0.067,43.0,Bakersfield-California,28.604583208333334,28.848087625,11.597894491666667,1008.875,0.0,24.708333333333332
2019-06-17,35.356615,-119.062613,9.6,0.08,52.0,Bakersfield-California,28.867083166666664,29.513283,9.6665108125,1007.2583333333333,0.0,10.583333333333334
2019-06-18,35.356615,-119.062613,12.0,0.081,56.0,Bakersfield-California,30.864999833333332,31.794115708333333,8.894398825,1009.0916666666667,0.0,19.458333333333332
2019-06-19,35.356615,-119.062613,11.5,0.08,55.0,Bakersfield-California,32.265,32.818713375,9.995559820833334,1009.7708333333334,0.0,1.6666666666666667
2019-06-20,35.356615,-119.062613,6.9,0.061,38.0,Bakersfield-California,31.123333000000002,30.55402104166667,10.787704091666667,1008.6625,0.0,0.16666666666666666
2019-06-21,35.356615,-119.062613,5.8,0.06,32.0,Bakersfield-California,25.6670835,38.890810375,10.374756525,1008.8916666666668,0.0,0.875
2019-06-22,35.356615,-119.062613,7.6,0.067,42.0,Bakersfield-California,26.44416658333333,33.471681625,8.580076070833334,1010.8166666666666,0.0,0.0
2019-06-23,35.356615,-119.062613,8.3,0.071,46.0,Bakersfield-California,29.050416124999998,24.49219675,8.087198283333333,1011.9875000000001,0.0,3.625
2019-06-24,35.356615,-119.062613,8.8,0.072,49.0,Bakersfield-California,30.771249458333333,19.95250175,8.898308824999999,1009.6,0.0,24.333333333333332
2019-06-25,35.356615,-119.062613,10.3,0.063,53.0,Bakersfield-California,30.244166625000002,19.525121270833335,10.025044970833333,1007.1791666666667,0.0,37.125
2019-06-26,35.356615,-119.062613,9.8,0.053,52.0,Bakersfield-California,27.833749625,27.59103210416667,10.185685983333334,1010.2291666666666,0.0,4.791666666666667
2019-06-27,35.356615,-119.062613,7.0,0.052,39.0,Bakersfield-California,25.69416670833333,29.289928541666665,10.807020808333334,1014.3916666666668,0.0,14.708333333333334
2019-06-28,35.356615,-119.062613,7.2,0.058,40.0,Bakersfield-California,25.535833416666666,28.735806874999998,9.0964108375,1014.3541666666666,0.0,2.6666666666666665
2019-06-29,35.356615,-119.062613,7.0,0.062,39.0,Bakersfield-California,26.806666708333335,22.29393639583333,8.956245925,1014.2458333333334,0.0,3.5
2019-06-30,35.356615,-119.062613,7.9,0.064,44.0,Bakersfield-California,29.00041675,21.054566354166667,8.728857125,1013.65,0.0,39.375
2019-07-01,35.356615,-119.062613,7.1,0.061,39.0,Bakersfield-California,28.864999875,19.235426999999998,10.9380660375,1013.7791666666667,0.0,0.0
2019-07-02,35.356615,-119.062613,6.6,0.058,37.0,Bakersfield-California,28.696249833333336,19.103353333333335,10.223698508333333,1012.1125000000001,0.0,14.083333333333334
2019-07-03,35.356615,-119.062613,9.8,0.059,52.0,Bakersfield-California,28.123333416666668,20.839829666666667,11.098004733333333,1010.0541666666667,0.0,25.166666666666668
2019-07-04,35.356615,-119.062613,37.7,0.06,106.0,Bakersfield-California,28.07333325,24.993554270833332,11.204099804166667,1010.1083333333332,0.0,0.0
2019-07-05,35.356615,-119.062613,21.4,0.068,74.0,Bakersfield-California,28.9379165,23.438714791666666,8.948675033333332,1012.1125000000001,0.0,12.458333333333334
2019-07-06,35.356615,-119.062613,10.4,0.063,53.0,Bakersfield-California,30.510833041666668,20.814461291666667,8.591840366666666,1012.5749999999999,0.0,0.0
2019-07-07,35.356615,-119.062613,13.1,0.053,58.0,Bakersfield-California,30.542083,20.54476658333333,9.110080916666666,1010.3541666666666,0.0,39.916666666666664
2019-07-08,35.356615,-119.062613,8.3,0.053,46.0,Bakersfield-California,27.721250041666668,27.10817295833333,9.683616091666666,1011.3625000000001,0.0,22.291666666666668
2019-07-09,35.356615,-119.062613,7.7,0.054,43.0,Bakersfield-California,27.792083291666668,28.60281975,10.201734083333333,1013.4375,0.0,22.25
2019-07-10,35.356615,-119.062613,10.5,0.057,54.0,Bakersfield-California,28.812916541666667,27.739636020833334,9.728603770833333,1014.9250000000001,0.0,0.0
2019-07-11,35.356615,-119.062613,10.9,0.056,54.0,Bakersfield-California,30.373332791666666,28.018913375,8.7977570875,1014.3208333333333,0.0,0.0
2019-07-12,35.356615,-119.062613,9.8,0.06,52.0,Bakersfield-California,31.514999875,26.123193291666666,8.874018845833334,1011.1125000000001,0.0,0.0
2019-07-13,35.356615,-119.062613,14.2,0.067,61.0,Bakersfield-California,32.45874941666667,22.80275933333333,7.5705567375,1008.525,0.0,0.041666666666666664
2019-07-14,35.356615,-119.062613,9.9,0.052,52.0,Bakersfield-California,33.858749458333335,21.24295066666667,8.839853166666666,1010.4625,0.0,0.125
2019-07-15,35.356615,-119.062613,7.7,0.053,43.0,Bakersfield-California,33.08583275,17.613206958333333,10.542064366666667,1012.375,0.0,0.0
2019-07-16,35.356615,-119.062613,6.2,0.042,34.0,Bakersfield-California,31.579582958333333,22.759946875,10.4283687,1009.9250000000001,0.0,0.0
2019-07-17,35.356615,-119.062613,6.7,0.05,37.0,Bakersfield-California,31.612916458333334,24.453535666666667,10.494081083333333,1009.2125,0.0,17.708333333333332
2019-07-18,35.356615,-119.062613,9.0,0.056,50.0,Bakersfield-California,30.808749666666667,20.258125833333334,9.562014308333334,1010.2708333333334,0.0,10.541666666666666
2019-07-19,35.356615,-119.062613,5.2,0.051,29.0,Bakersfield-California,29.667083041666668,29.494204,9.506204229166666,1009.5166666666668,0.0,16.041666666666668
2019-07-20,35.356615,-119.062613,8.4,0.058,47.0,Bakersfield-California,28.30041625,30.130364208333333,10.567702720833333,1010.1208333333334,0.0,3.2916666666666665
2019-07-21,35.356615,-119.062613,9.7,0.059,52.0,Bakersfield-California,30.2629165,28.320159416666666,7.846425408333334,1009.9708333333333,0.0,4.666666666666667
2019-07-22,35.356615,-119.062613,11.0,0.069,55.0,Bakersfield-California,32.548333,26.733081541666667,7.6026767125,1010.7375000000001,0.0,18.791666666666668
2019-07-23,35.356615,-119.062613,10.1,0.068,53.0,Bakersfield-California,33.777499541666664,19.338171833333334,8.420042233333334,1012.4166666666666,0.0,64.70833333333333
2019-07-24,35.356615,-119.062613,13.8,0.07,60.0,Bakersfield-California,34.10041579166667,22.801153833333334,8.205676233333334,1012.775,0.0,14.583333333333334
2019-07-25,35.356615,-119.062613,15.8,0.088,63.0,Bakersfield-California,35.05458279166667,18.8981611875,7.581565954166667,1010.975,0.0,61.75
2019-07-26,35.356615,-119.062613,11.1,0.066,55.0,Bakersfield-California,34.08791625,21.77637795833333,5.606256608333333,1012.2541666666666,0.0,25.75
2019-07-27,35.356615,-119.062613,10.3,0.067,53.0,Bakersfield-California,34.22333279166667,16.180129645833333,9.370446070833333,1013.2624999999999,0.0,0.0
2019-07-28,35.356615,-119.062613,9.5,0.066,52.0,Bakersfield-California,35.01916608333334,18.112436145833332,8.474637212500001,1011.1999999999999,0.0,15.416666666666666
2019-07-29,35.356615,-119.062613,9.6,0.067,52.0,Bakersfield-California,33.135833,15.235154845833334,8.865033895833333,1009.7624999999999,0.0,30.0
2019-07-30,35.356615,-119.062613,9.4,0.06,52.0,Bakersfield-California,32.212916166666666,19.846291791666665,10.046618470833334,1009.9541666666668,0.0,5.75
2019-07-31,35.356615,-119.062613,9.9,0.069,52.0,Bakersfield-California,31.417083,18.157743166666666,8.665723920833333,1010.6750000000001,0.0,1.8333333333333333
2019-08-01,35.356615,-119.062613,9.5,0.065,52.0,Bakersfield-California,30.454583208333332,17.244271270833334,9.259383645833333,1012.4416666666666,0.0,0.041666666666666664
2019-08-02,35.356615,-119.062613,9.3,0.054,51.0,Bakersfield-California,30.152499583333334,24.459417608333336,9.8906089375,1013.5708333333333,0.0,0.0
2019-08-03,35.356615,-119.062613,11.9,0.067,56.0,Bakersfield-California,30.523333499999996,24.47365075,8.311997316666668,1012.0375,0.0,61.416666666666664
2019-08-04,35.356615,-119.062613,12.5,0.072,57.0,Bakersfield-California,32.062916208333334,17.507338791666665,8.538745112500001,1010.9541666666668,0.0,35.333333333333336
2019-08-05,35.356615,-119.062613,8.6,0.059,48.0,Bakersfield-California,33.08166620833333,21.386313166666667,9.21626115,1011.1,0.0,52.25
2019-08-06,35.356615,-119.062613,11.6,0.074,56.0,Bakersfield-California,32.94416591666667,22.549866041666665,7.871834454166667,1010.0749999999999,0.0,17.958333333333332
2019-08-07,35.356615,-119.062613,10.7,0.074,54.0,Bakersfield-California,33.20874945833334,19.92465508333333,9.25360615,1009.5083333333333,0.0,15.708333333333334
2019-08-08,35.356615,-119.062613,11.1,0.066,55.0,Bakersfield-California,30.879582958333334,20.96405354166667,10.622397516666666,1010.4041666666667,0.0,1.6666666666666667
2019-08-09,35.356615,-119.062613,9.2,0.059,51.0,Bakersfield-California,28.60249970833333,25.354435729166667,10.331376783333333,1011.1374999999999,0.0,3.7916666666666665
2019-08-10,35.356615,-119.062613,7.4,0.049,41.0,Bakersfield-California,27.827499875,29.993100791666667,9.242965870833332,1011.6999999999999,0.0,0.0
2019-08-11,35.356615,-119.062613,5.6,0.041,31.0,Bakersfield-California,27.36083345833333,36.26875495833333,10.847068879166665,1013.5291666666667,0.0,0.0
2019-08-12,35.356615,-119.062613,9.9,0.061,52.0,Bakersfield-California,28.169166625,27.2172314375,6.949101495833333,1013.5583333333334,0.0,0.0
2019-08-13,35.356615,-119.062613,12.3,0.07,57.0,Bakersfield-California,30.273332999999997,22.647371208333336,7.856259995833334,1012.1833333333334,0.0,0.0
2019-08-14,35.356615,-119.062613,13.8,0.079,60.0,Bakersfield-California,31.944166541666664,20.134211895833335,7.3759526499999994,1012.1916666666666,0.0,0.0
2019-08-15,35.356615,-119.062613,14.5,0.077,61.0,Bakersfield-California,33.05458266666667,20.232138708333334,8.186585475,1011.6041666666666,0.0,0.0
2019-08-16,35.356615,-119.062613,11.5,0.072,55.0,Bakersfield-California,34.12749945833333,17.099017874999998,7.230774541666666,1008.9125,0.0,0.0
2019-08-17,35.356615,-119.062613,6.7,0.052,37.0,Bakersfield-California,32.729583041666665,19.85614772916667,8.851655541666666,1007.0083333333333,0.0,4.916666666666667
2019-08-18,35.356615,-119.062613,5.8,0.05,32.0,Bakersfield-California,29.331666,31.864375874999997,9.930591675,1008.0291666666667,0.0,19.0
2019-08-19,35.356615,-119.062613,7.2,0.055,40.0,Bakersfield-California,27.925416541666667,32.843455166666665,9.736792895833334,1011.0083333333333,0.0,27.791666666666668
2019-08-20,35.356615,-119.062613,9.9,0.063,52.0,Bakersfield-California,28.504583208333333,30.738173500000002,9.132383079166667,1012.1166666666667,0.0,0.0
2019-08-21,35.356615,-119.062613,9.4,0.056,52.0,Bakersfield-California,28.492083375000004,32.73109279166667,8.7898520625,1011.8458333333333,0.0,0.0
2019-08-22,35.356615,-119.062613,10.7,0.057,54.0,Bakersfield-California,29.40041608333333,26.814020624999998,6.589444675,1007.9708333333333,0.0,27.416666666666668
2019-08-23,35.356615,-119.062613,11.1,0.072,55.0,Bakersfield-California,31.51916608333333,32.56968095833333,7.109261404166666,1005.6708333333332,0.0,5.583333333333333
2019-08-24,35.356615,-119.062613,9.4,0.058,52.0,Bakersfield-California,31.49833329166667,32.231339375,9.14405475,1008.9833333333332,0.0,41.0
2019-08-25,35.356615,-119.062613,9.5,0.062,52.0,Bakersfield-California,32.708749375000004,30.701777375000002,8.723859845833333,1012.0041666666666,0.0,8.166666666666666
2019-08-26,35.356615,-119.062613,10.3,0.057,53.0,Bakersfield-California,33.002499291666666,25.808497041666666,9.183623345833334,1010.3583333333332,0.0,40.333333333333336
2019-08-27,35.356615,-119.062613,11.6,0.071,56.0,Bakersfield-California,33.187916125,24.225780916666665,7.519232079166667,1007.6166666666667,0.0,5.708333333333333
2019-08-28,35.356615,-119.062613,8.6,0.068,48.0,Bakersfield-California,33.15666604166667,20.726803583333332,8.2317055375,1008.7041666666668,0.0,0.041666666666666664
2019-08-29,35.356615,-119.062613,7.9,0.062,44.0,Bakersfield-California,31.102499750000003,27.113809958333334,9.959740975,1012.3874999999999,0.0,0.0
2019-08-30,35.356615,-119.062613,11.0,0.057,55.0,Bakersfield-California,30.044166583333336,34.484848,9.066383429166667,1013.4541666666668,0.0,0.0
2019-08-31,35.356615,-119.062613,13.3,0.07,59.0,Bakersfield-California,29.833749958333332,32.61032316666667,7.253418450000001,1011.8916666666668,0.0,0.0
2019-09-01,35.356615,-119.062613,12.3,0.067,57.0,Bakersfield-California,31.5316665,21.366240875,6.148431479166667,1010.6625,0.0,0.9583333333333334
2019-09-02,35.356615,-119.062613,10.2,0.066,53.0,Bakersfield-California,33.537915958333336,19.8450559375,7.073841270833333,1010.6708333333332,0.0,26.541666666666668
2019-09-03,35.356615,-119.062613,9.2,0.06,51.0,Bakersfield-California,32.652499541666664,23.571959208333336,8.8662893375,1011.5833333333334,0.0,4.916666666666667
2019-09-04,35.356615,-119.062613,10.5,0.071,54.0,Bakersfield-California,32.40041625,22.262053249999997,7.277116033333333,1009.8291666666668,0.0,9.666666666666666
2019-09-05,35.356615,-119.062613,13.3,0.071,59.0,Bakersfield-California,33.17333275,23.157514833333334,8.413562333333333,1010.2624999999999,0.0,28.208333333333332
2019-09-06,35.356615,-119.062613,9.0,0.065,50.0,Bakersfield-California,32.581665916666665,24.155097625,7.794892320833333,1013.9250000000001,0.0,15.583333333333334
2019-09-07,35.356615,-119.062613,11.9,0.058,56.0,Bakersfield-California,31.210832791666665,23.601431,9.584766679166668,1013.6125000000001,0.0,0.0
2019-09-08,35.356615,-119.062613,3.8,0.04,21.0,Bakersfield-California,24.835833500000003,36.701734916666666,11.551701983333333,1013.4125,0.0,0.0
2019-09-09,35.356615,-119.062613,9.0,0.047,50.0,Bakersfield-California,23.99208354166667,39.557372791666666,7.898619654166667,1012.2583333333333,0.0,0.0
2019-09-10,35.356615,-119.062613,6.3,0.046,35.0,Bakersfield-California,24.175416833333333,38.235336958333335,10.495974008333333,1010.5166666666668,0.0,0.0
2019-09-11,35.356615,-119.062613,8.2,0.053,46.0,Bakersfield-California,23.179583625000003,36.255662791666666,7.5131242333333335,1013.85,0.0,0.0
2019-09-12,35.356615,-119.062613,12.5,0.069,57.0,Bakersfield-California,24.964999916666667,33.25074275,6.265520890833333,1015.25,0.0,0.0
2019-09-13,35.356615,-119.062613,14.1,0.075,60.0,Bakersfield-California,28.844166833333333,22.321094854166663,6.27825864875,1014.1041666666666,0.0,3.9583333333333335
2019-09-14,35.356615,-119.062613,14.5,0.077,61.0,Bakersfield-California,30.246249833333334,17.873720895833333,6.237817530416667,1012.3541666666666,0.0,34.833333333333336
2019-09-15,35.356615,-119.062613,10.9,0.066,54.0,Bakersfield-California,30.72749945833333,15.417764020833333,5.745470554166666,1009.4125,0.0,69.45833333333333
2019-09-16,35.356615,-119.062613,6.9,0.045,38.0,Bakersfield-California,26.108749916666667,24.924462000000002,11.302842079166666,1010.6541666666667,0.0,54.375
2019-09-17,35.356615,-119.062613,6.5,0.044,36.0,Bakersfield-California,22.862916833333333,42.947637750000005,10.399442804166666,1014.6166666666667,0.0,6.583333333333333
2019-09-18,35.356615,-119.062613,8.4,0.055,47.0,Bakersfield-California,22.225416916666664,33.023781541666665,6.5697875041666665,1013.3291666666668,0.0,0.0
2019-09-19,35.356615,-119.062613,5.5,0.039,31.0,Bakersfield-California,22.806666833333335,45.64910458333333,11.704639854166667,1011.7083333333334,0.0,32.125
2019-09-20,35.356615,-119.062613,5.5,0.039,31.0,Bakersfield-California,22.806666833333335,45.64910458333333,11.704639854166667,1011.7083333333334,0.0,32.125
2019-09-21,35.356615,-119.062613,9.0,0.06,50.0,Bakersfield-California,22.923333416666665,32.00016854166667,6.276123158333333,1012.6583333333333,0.0,0.0
2019-09-22,35.356615,-119.062613,10.0,0.064,53.0,Bakersfield-California,24.66291645833333,26.474858770833332,6.785908357499999,1011.8333333333334,0.0,35.833333333333336
2019-09-23,35.356615,-119.062613,10.0,0.047,53.0,Bakersfield-California,26.467083583333334,26.02688325,7.297155141666667,1011.1833333333334,0.0,0.0
2019-09-24,35.356615,-119.062613,10.0,0.055,53.0,Bakersfield-California,25.754583291666666,34.37659333333333,7.78391345,1013.7083333333334,0.0,0.2916666666666667
2019-09-25,35.356615,-119.062613,11.9,0.066,56.0,Bakersfield-California,27.581666541666667,26.479273958333334,6.6413486125,1008.9583333333334,0.0,1.5416666666666667
2019-09-26,35.356615,-119.062613,12.9,0.064,58.0,Bakersfield-California,29.37333325,25.390474375,9.723819266666666,1008.1333333333333,0.0,51.916666666666664
2019-09-27,35.356615,-119.062613,9.4,0.051,52.0,Bakersfield-California,25.537916666666664,50.22157066666667,8.944971691666666,1011.1333333333333,0.0,0.3333333333333333
2019-09-28,35.356615,-119.062613,6.3,0.039,35.0,Bakersfield-California,23.15875025,48.22428579166667,8.672144795833333,1006.8125,0.0,13.833333333333334
2019-09-29,35.356615,-119.062613,6.3,0.037,35.0,Bakersfield-California,17.715000041666666,38.828781,10.421490991666667,1010.1916666666666,0.0,0.375
2019-09-30,35.356615,-119.062613,7.3,0.037,41.0,Bakersfield-California,16.764999875,37.307295833333335,8.738315041666667,1012.8791666666666,0.0,0.041666666666666664
2019-10-01,35.356615,-119.062613,7.0,0.039,39.0,Bakersfield-California,16.02125,37.02417258333333,7.539082166666667,1013.3083333333334,0.0,0.0
2019-10-02,35.356615,-119.062613,9.2,0.049,51.0,Bakersfield-California,16.858750041666667,33.21788254166667,6.333424154166667,1015.0375,0.0,0.0
2019-10-03,35.356615,-119.062613,12.3,0.056,57.0,Bakersfield-California,19.179583333333333,27.6303625,5.86601182,1013.9791666666666,0.0,0.0
2019-10-04,35.356615,-119.062613,10.0,0.041,53.0,Bakersfield-California,19.1566665,34.72635654166667,8.410285725,1016.0791666666668,0.0,0.0
2019-10-05,35.356615,-119.062613,10.3,0.055,53.0,Bakersfield-California,17.758750125,35.87029029166667,5.502294191666667,1018.7083333333334,0.0,0.0
2019-10-06,35.356615,-119.062613,12.8,0.064,58.0,Bakersfield-California,21.181666708333335,29.1689195,5.149368675,1016.2791666666667,0.0,6.166666666666667
2019-10-07,35.356615,-119.062613,14.3,0.067,61.0,Bakersfield-California,23.325416458333333,23.424122,6.073259566666667,1014.2624999999999,0.0,0.041666666666666664
2019-10-08,35.356615,-119.062613,13.8,0.069,60.0,Bakersfield-California,24.683750125,19.407260416666666,6.3498401499999995,1010.9250000000001,0.0,3.2083333333333335
2019-10-09,35.356615,-119.062613,15.4,0.051,63.0,Bakersfield-California,23.962916833333335,22.47400433333333,8.247685866666666,1008.6916666666666,0.0,0.0
2019-10-10,35.356615,-119.062613,8.2,0.039,46.0,Bakersfield-California,19.50666658333333,24.02670249166667,8.177077970833333,1012.1958333333333,0.0,5.708333333333333
2019-10-11,35.356615,-119.062613,10.9,0.047,54.0,Bakersfield-California,19.464999708333334,12.382344287499999,7.514906183333333,1015.1458333333334,0.0,48.708333333333336
2019-10-12,35.356615,-119.062613,12.6,0.052,58.0,Bakersfield-California,18.179583333333333,12.369628666666665,6.153813883333334,1013.1,0.0,4.583333333333333
2019-10-13,35.356615,-119.062613,9.6,0.057,52.0,Bakersfield-California,19.650416625000002,14.718916291666666,5.977606679166667,1010.2125,0.0,11.458333333333334
2019-10-14,35.356615,-119.062613,12.8,0.059,58.0,Bakersfield-California,19.75875,18.1549365,7.487370841666667,1011.5375,0.0,0.0
2019-10-15,35.356615,-119.062613,16.7,0.065,65.0,Bakersfield-California,19.837916625000002,24.914335291666664,6.401026837500001,1015.9166666666666,0.0,0.0
2019-10-16,35.356615,-119.062613,19.8,0.059,71.0,Bakersfield-California,20.54625,25.823965333333334,6.051776291666666,1014.5666666666666,0.0,65.33333333333333
2019-10-17,35.356615,-119.062613,12.1,0.038,57.0,Bakersfield-California,20.090000083333333,35.8423205,9.730599437499999,1010.75,0.0,41.333333333333336
2019-10-18,35.356615,-119.062613,9.6,0.039,52.0,Bakersfield-California,16.767083208333332,43.244131625,8.375099279166667,1015.1916666666666,0.0,10.416666666666666
2019-10-19,35.356615,-119.062613,10.5,0.043,54.0,Bakersfield-California,15.898333208333334,48.247778333333336,6.476319104166667,1016.9875000000001,0.0,8.291666666666666
2019-10-20,35.356615,-119.062613,8.8,0.038,49.0,Bakersfield-California,17.606666625,52.066333791666665,6.8006672625,1016.9499999999999,0.004166666666666667,40.375
2019-10-21,35.356615,-119.062613,11.9,0.051,56.0,Bakersfield-California,17.656666625,53.49810208333333,5.983200212500001,1019.0208333333334,0.0,1.75
2019-10-22,35.356615,-119.062613,17.5,0.06,67.0,Bakersfield-California,18.88375004166667,49.764774125,4.860814203333333,1020.6916666666666,0.0,0.0
2019-10-23,35.356615,-119.062613,18.3,0.064,68.0,Bakersfield-California,20.802499833333332,40.710739124999996,5.703867795833333,1015.9041666666667,0.0,0.0
2019-10-24,35.356615,-119.062613,16.9,0.056,66.0,Bakersfield-California,21.912916499999998,33.279167979166665,5.2293055,1014.5749999999999,0.0,11.541666666666666
2019-10-25,35.356615,-119.062613,16.0,0.055,64.0,Bakersfield-California,22.48375,19.210223216666666,6.911913191666667,1017.8291666666668,0.0,14.916666666666666
2019-10-26,35.356615,-119.062613,13.9,0.061,60.0,Bakersfield-California,21.944166874999997,25.2650745,5.417302137499999,1012.7458333333334,0.0,8.083333333333334
2019-10-27,35.356615,-119.062613,18.9,0.036,69.0,Bakersfield-California,19.660833541666666,29.067739791666668,8.5796189375,1006.1958333333333,0.0,6.833333333333333
2019-10-28,35.356615,-119.062613,19.5,0.038,70.0,Bakersfield-California,15.08374975,26.540433708333335,6.915210057083333,1015.0958333333333,0.0,0.08333333333333333
2019-10-29,35.356615,-119.062613,15.3,0.044,63.0,Bakersfield-California,14.237916466666666,24.886230208333334,6.8603423375000006,1014.0416666666666,0.0,0.0
2019-10-30,35.356615,-119.062613,29.5,0.039,89.0,Bakersfield-California,14.902499958333332,17.914281179166668,12.252508595833334,1017.8208333333333,0.0,0.0
2019-10-31,35.356615,-119.062613,11.1,0.039,55.0,Bakersfield-California,13.7275,8.2128707,9.869927466666667,1022.7791666666667,0.0,0.0
2019-11-01,35.356615,-119.062613,20.0,0.043,71.0,Bakersfield-California,12.442083166666668,20.978245904166666,5.9873598,1021.1708333333332,0.0,0.0
2019-11-02,35.356615,-119.062613,29.0,0.054,88.0,Bakersfield-California,14.285833216666667,25.162997875,6.201329949999999,1019.875,0.0,0.125
2019-11-03,35.356615,-119.062613,32.0,0.058,94.0,Bakersfield-California,15.931666666666667,22.8274879375,5.590726083333333,1016.6999999999999,0.0,3.4583333333333335
2019-11-04,35.356615,-119.062613,23.7,0.058,78.0,Bakersfield-California,17.596250041666668,22.1027845,4.04037107,1014.8125,0.0,0.0
2019-11-05,35.356615,-119.062613,27.1,0.055,85.0,Bakersfield-California,17.994166583333335,22.177908229166665,4.19299907,1016.0666666666666,0.0,0.0
2019-11-06,35.356615,-119.062613,24.2,0.048,79.0,Bakersfield-California,17.833749875,27.165092291666667,5.620964616666666,1015.5625,0.0,0.5416666666666666
2019-11-07,35.356615,-119.062613,30.9,0.057,92.0,Bakersfield-California,18.260833208333334,28.78652447916667,5.884988670833334,1016.65,0.0,23.666666666666668
2019-11-08,35.356615,-119.062613,44.2,0.064,122.0,Bakersfield-California,17.715000041666666,33.26875429166667,6.4908536625,1020.3041666666667,0.0,0.0
2019-11-09,35.356615,-119.062613,43.4,0.067,120.0,Bakersfield-California,17.035833208333333,39.23332595833333,4.8209464875,1019.8708333333334,0.0,0.0
2019-11-10,35.356615,-119.062613,31.4,0.061,93.0,Bakersfield-California,17.31083333333333,42.67340895833333,4.8467386125,1017.4916666666667,0.0,2.3333333333333335
2019-11-11,35.356615,-119.062613,25.5,0.058,82.0,Bakersfield-California,16.710833208333334,44.803643,5.0808832875,1016.4416666666666,0.0,7.208333333333333
2019-11-12,35.356615,-119.062613,33.5,0.058,96.0,Bakersfield-California,18.479583375,39.988612708333335,3.9480338291666666,1017.6291666666666,0.0,17.916666666666668
2019-11-13,35.356615,-119.062613,36.2,0.051,103.0,Bakersfield-California,18.575416833333332,36.867458291666665,4.803548425,1015.5291666666667,0.0,85.70833333333333
2019-11-14,35.356615,-119.062613,13.3,0.041,59.0,Bakersfield-California,17.84208333333333,41.39241308333333,7.321016054166667,1015.4708333333333,0.0,92.79166666666667
2019-11-15,35.356615,-119.062613,18.5,0.032,69.0,Bakersfield-California,14.906666583333333,69.31587991666667,6.460549195833334,1020.2958333333332,0.0,69.875
2019-11-16,35.356615,-119.062613,27.2,0.045,85.0,Bakersfield-California,13.398333175,75.58002841666666,5.175515820833334,1020.3833333333333,0.0,17.25
2019-11-17,35.356615,-119.062613,31.9,0.051,93.0,Bakersfield-California,14.554583216666666,67.731704375,4.513651,1019.0208333333334,0.0,0.375
2019-11-18,35.356615,-119.062613,33.5,0.057,96.0,Bakersfield-California,15.756666625,57.16362995833333,4.359003404166667,1015.4166666666666,0.0,0.0
2019-11-19,35.356615,-119.062613,28.0,0.05,86.0,Bakersfield-California,17.979583208333334,41.70232370833333,6.771670007083333,1007.7125,0.0,26.625
2019-11-20,35.356615,-119.062613,4.7,0.023,26.0,Bakersfield-California,13.544166541666668,66.43479345833333,8.7356972875,1000.7541666666666,0.2041666666666667,63.5
2019-11-21,35.356615,-119.062613,11.1,0.028,55.0,Bakersfield-California,12.039999916666666,76.25355120833333,6.0538987375,1008.0083333333333,0.09583333333333334,58.0
2019-11-22,35.356615,-119.062613,17.4,0.03,66.0,Bakersfield-California,12.914999875,63.526099458333334,5.2215337,1018.3666666666667,0.0,3.25
2019-11-23,35.356615,-119.062613,32.8,0.036,95.0,Bakersfield-California,12.13791655,66.42261295833333,5.839442454166666,1022.0541666666667,0.0,0.375
2019-11-24,35.356615,-119.062613,34.1,0.042,98.0,Bakersfield-California,11.802499916666667,66.83659175,5.026228779166667,1021.5166666666668,0.0,0.0
2019-11-25,35.356615,-119.062613,33.5,0.035,96.0,Bakersfield-California,11.817083133333334,63.35192791666666,8.420522154166667,1016.6083333333332,0.0,0.0
2019-11-26,35.356615,-119.062613,14.5,0.032,61.0,Bakersfield-California,9.560833125,31.759540791666666,7.743251283333334,1015.4708333333333,0.0,9.875
2019-11-27,35.356615,-119.062613,6.7,0.033,37.0,Bakersfield-California,10.475416041666668,48.931747666666666,9.190477108333333,1004.4666666666667,0.4166666666666667,68.58333333333333
2019-11-28,35.356615,-119.062613,5.6,0.029,31.0,Bakersfield-California,7.471249733333333,71.98263333333334,5.92245655625,1002.3000000000001,0.20833333333333334,64.91666666666667
2019-11-29,35.356615,-119.062613,6.0,0.032,33.0,Bakersfield-California,6.856666566666667,83.96828070833332,4.884244545833334,1006.975,0.1708333333333333,54.875
2019-11-30,35.356615,-119.062613,6.0,0.032,33.0,Bakersfield-California,6.7087498708333335,69.66583429166667,6.5741226375,1018.6,0.016666666666666666,70.08333333333333
2019-12-01,35.356615,-119.062613,3.5,0.031,19.0,Bakersfield-California,10.644166458333332,65.53483095833333,15.415020812500002,1018.025,0.26666666666666666,99.0
2019-12-02,35.356615,-119.062613,9.8,0.03,52.0,Bakersfield-California,12.44208305,51.79553408333334,6.10312185,1017.9375,0.0,77.20833333333333
2019-12-03,35.356615,-119.062613,27.3,0.008,85.0,Bakersfield-California,11.419166391666666,69.390464875,5.60122387375,1019.4166666666666,0.0,74.16666666666667
2019-12-04,35.356615,-119.062613,7.6,0.02,42.0,Bakersfield-California,13.6254165,70.60292566666666,12.344168058333333,1012.7916666666666,0.20833333333333334,82.41666666666667
2019-12-05,35.356615,-119.062613,9.4,0.024,52.0,Bakersfield-California,12.910833041666665,77.99974141666667,4.845387103333334,1016.5500000000001,0.004166666666666667,58.875
2019-12-06,35.356615,-119.062613,6.5,0.026,36.0,Bakersfield-California,13.994166416666665,65.33302116666667,7.784913054166666,1018.2833333333333,0.0,68.54166666666667
2019-12-07,35.356615,-119.062613,6.1,0.016,34.0,Bakersfield-California,15.844166666666666,66.42985016666667,9.059101833333333,1017.9291666666667,0.012500000000000002,60.5
2019-12-08,35.356615,-119.062613,7.6,0.029,42.0,Bakersfield-California,14.450416375000001,81.66362054166667,6.34213045,1016.7875,0.2791666666666667,83.83333333333333
2019-12-09,35.356615,-119.062613,10.3,0.025,53.0,Bakersfield-California,11.26916625,92.17278933333334,6.135744025,1019.8874999999999,0.0625,76.08333333333333
2019-12-10,35.356615,-119.062613,15.2,0.02,62.0,Bakersfield-California,10.067083049999999,88.20835654166666,4.230636027916667,1023.7041666666668,0.0,89.75
2019-12-11,35.356615,-119.062613,18.2,0.013,68.0,Bakersfield-California,9.962916425,86.26242395833333,3.980403236666667,1024.4416666666666,0.0,73.875
2019-12-12,35.356615,-119.062613,15.1,0.019,62.0,Bakersfield-California,12.152499874999998,75.49024008333333,5.0772663,1024.8083333333334,0.0,81.66666666666667
2019-12-13,35.356615,-119.062613,18.1,0.027,68.0,Bakersfield-California,12.769166416666666,75.61166812500001,5.5588615625,1023.775,0.0,4.75
2019-12-14,35.356615,-119.062613,18.9,0.027,69.0,Bakersfield-California,13.048333041666666,83.87561075,8.199790533333333,1017.5833333333334,0.020833333333333332,69.75
2019-12-15,35.356615,-119.062613,5.4,0.034,30.0,Bakersfield-California,10.079583041666666,69.10176095833333,11.126894354166666,1019.0083333333333,0.0,51.541666666666664
2019-12-16,35.356615,-119.062613,12.2,0.024,57.0,Bakersfield-California,7.989999958333333,70.68515579166667,5.282164529166667,1025.8208333333334,0.0,31.416666666666668
2019-12-17,35.356615,-119.062613,5.4,0.031,30.0,Bakersfield-California,9.879583041666667,43.63905764583333,13.454226929166666,1025.3083333333334,0.0,84.125
2019-12-18,35.356615,-119.062613,7.6,0.019,42.0,Bakersfield-California,10.489999716666667,24.6202464375,10.719651541666666,1019.1583333333333,0.0,73.625
2019-12-19,35.356615,-119.062613,13.9,0.027,60.0,Bakersfield-California,8.856666491666667,55.07157141666667,5.0369938125,1021.0916666666667,0.0,17.583333333333332
2019-12-20,35.356615,-119.062613,18.8,0.018,69.0,Bakersfield-California,9.350416679166665,65.9553735,5.044132295833333,1024.3958333333333,0.0,55.833333333333336
2019-12-21,35.356615,-119.062613,8.8,0.037,49.0,Bakersfield-California,13.779583208333333,34.45783458333333,9.3594409125,1019.4666666666667,0.0,98.95833333333333
2019-12-22,35.356615,-119.062613,8.0,0.04,44.0,Bakersfield-California,18.642083666666668,18.873656333333333,22.987189775,1010.6916666666666,0.008333333333333333,76.66666666666667
2019-12-23,35.356615,-119.062613,6.7,0.018,37.0,Bakersfield-California,11.810832833333334,75.59937595833334,5.7529438,1010.9625,0.32916666666666666,92.375
2019-12-24,35.356615,-119.062613,9.1,0.027,51.0,Bakersfield-California,9.619166425,86.36584991666666,5.917897887500001,1012.6208333333334,0.10833333333333334,64.33333333333333
2019-12-25,35.356615,-119.062613,10.3,0.032,53.0,Bakersfield-California,9.025416475,76.75192720833333,5.286423395833333,1013.3666666666667,0.0,78.41666666666667
2019-12-26,35.356615,-119.062613,7.8,0.023,43.0,Bakersfield-California,8.585833233333334,80.86314449999999,12.966186995833333,1009.7875,1.0083333333333333,99.91666666666667
2019-12-27,35.356615,-119.062613,3.9,0.026,22.0,Bakersfield-California,7.35458325,84.333100375,4.598570149166666,1016.5375,0.012500000000000002,71.875
2019-12-28,35.356615,-119.062613,15.3,0.025,63.0,Bakersfield-California,6.237916441666666,77.175602375,5.051331145833333,1020.3958333333334,0.0,24.208333333333332
2019-12-29,35.356615,-119.062613,16.6,0.018,65.0,Bakersfield-California,6.612916541666666,77.00239258333333,4.5705665,1021.5666666666666,0.0,35.875
2019-12-30,35.356615,-119.062613,15.7,0.024,63.0,Bakersfield-California,8.789999891666666,71.16272500000001,6.474223466666667,1017.6875,0.004166666666666667,70.54166666666667
2019-12-31,35.356615,-119.062613,15.7,0.024,63.0,Bakersfield-California,8.789999891666666,71.16272500000001,6.474223466666667,1017.6875,0.004166666666666667,70.54166666666667
2020-01-01,35.356615,-119.062613,35.2,0.029,100.0,Bakersfield-California,8.462916475,79.16133358333333,6.1538456749999995,1020.8541666666666,0.0,39.458333333333336
2020-01-02,35.356615,-119.062613,30.2,0.019,90.0,Bakersfield-California,9.373333141666667,77.226975125,7.4374844583333335,1019.0791666666668,0.0,50.666666666666664
2020-01-03,35.356615,-119.062613,28.0,0.022,86.0,Bakersfield-California,9.225416608333333,82.01404845833333,5.355327004166667,1022.8874999999999,0.0,90.75
2020-01-04,35.356615,-119.062613,23.4,0.03,78.0,Bakersfield-California,11.175416666666665,69.33572983333333,4.672205779166666,1026.2625,0.0,57.25
2020-01-05,35.356615,-119.062613,18.8,0.02,69.0,Bakersfield-California,9.048333133333333,84.801488625,8.298329945833332,1030.6499999999999,0.02916666666666667,92.66666666666667
2020-01-06,35.356615,-119.062613,16.0,0.019,64.0,Bakersfield-California,7.556666558333333,82.11114075,6.113890895833333,1032.4375,0.0,20.041666666666668
2020-01-07,35.356615,-119.062613,22.3,0.011,76.0,Bakersfield-California,6.8337499374999995,79.35268745833334,5.236238237499999,1025.6958333333334,0.0,62.083333333333336
2020-01-08,35.356615,-119.062613,12.2,0.02,57.0,Bakersfield-California,7.337916575,78.28665170833334,7.1838049208333326,1020.0333333333333,0.0,49.333333333333336
2020-01-09,35.356615,-119.062613,11.8,0.024,56.0,Bakersfield-California,7.246249991666667,86.25107254166666,5.069887666666667,1018.2708333333334,0.0625,69.20833333333333
2020-01-10,35.356615,-119.062613,14.0,0.024,60.0,Bakersfield-California,8.4504165,81.00554879166667,5.8376264708333325,1024.1166666666666,0.0,75.95833333333333
2020-01-11,35.356615,-119.062613,19.9,0.027,71.0,Bakersfield-California,7.1566665333333335,76.99712729166667,6.385836216666667,1024.9166666666667,0.0,25.958333333333332
2020-01-12,35.356615,-119.062613,15.2,0.029,62.0,Bakersfield-California,7.6337498749999995,79.32417854166667,6.303605945833333,1022.5666666666666,0.0,40.5
2020-01-13,35.356615,-119.062613,9.0,0.027,50.0,Bakersfield-California,6.375416483333333,76.72623629166667,5.3547363458333335,1022.2958333333332,0.0,1.7916666666666667
2020-01-14,35.356615,-119.062613,14.8,0.028,62.0,Bakersfield-California,6.935833187499999,73.86262733333334,6.029927395833333,1022.5833333333334,0.0,7.5
2020-01-15,35.356615,-119.062613,19.9,0.026,71.0,Bakersfield-California,6.6941666625,80.59041379166666,4.743263914583333,1020.4708333333333,0.0,29.666666666666668
2020-01-16,35.356615,-119.062613,20.1,0.031,71.0,Bakersfield-California,9.129583358333333,62.80352779166666,6.072492515416666,1014.5458333333332,0.0,36.958333333333336
2020-01-17,35.356615,-119.062613,6.7,0.027,37.0,Bakersfield-California,8.319166483333333,79.67383870833334,6.833031245,1022.1208333333334,0.425,81.95833333333333
2020-01-18,35.356615,-119.062613,20.4,0.022,72.0,Bakersfield-California,5.589999941666666,77.25483629166666,5.936316670833333,1026.7916666666667,0.0,57.083333333333336
2020-01-19,35.356615,-119.062613,25.9,0.018,82.0,Bakersfield-California,6.689999924791667,71.35123870833333,5.8209913875,1023.4916666666667,0.0,54.291666666666664
2020-01-20,35.356615,-119.062613,26.0,0.01,82.0,Bakersfield-California,9.5649998,62.022291708333334,7.561570695833333,1017.6041666666666,0.0,97.375
2020-01-21,35.356615,-119.062613,19.3,0.031,70.0,Bakersfield-California,11.229583,72.09510141666667,5.160843416666666,1019.4499999999999,0.024999999999999998,68.75
2020-01-22,35.356615,-119.062613,12.4,0.031,57.0,Bakersfield-California,12.033749716666668,65.45423229166667,3.9715609583333333,1022.8791666666666,0.0,53.625
2020-01-23,35.356615,-119.062613,20.6,0.019,72.0,Bakersfield-California,10.619166558333333,80.29069825,5.881888170833334,1023.6875,0.0,60.291666666666664
2020-01-24,35.356615,-119.062613,24.2,0.012,79.0,Bakersfield-California,10.614999833333334,81.09094725,5.871452625,1020.8166666666666,0.0,51.791666666666664
2020-01-25,35.356615,-119.062613,21.1,0.028,73.0,Bakersfield-California,11.746249858333334,78.542250875,6.511488870833333,1020.9250000000001,0.0,64.54166666666667
2020-01-26,35.356615,-119.062613,24.2,0.022,79.0,Bakersfield-California,12.281666333333334,78.51339016666667,7.1313154416666675,1021.0041666666666,0.012499999999999999,57.25
2020-01-27,35.356615,-119.062613,10.7,0.03,54.0,Bakersfield-California,11.592083208333333,80.20384079166666,7.4197997375,1026.3791666666668,0.0,35.458333333333336
2020-01-28,35.356615,-119.062613,13.5,0.022,59.0,Bakersfield-California,10.173333266666667,73.45594991666667,8.326561108333333,1027.5375000000001,0.0,12.708333333333334
2020-01-29,35.356615,-119.062613,16.5,0.018,65.0,Bakersfield-California,10.904582875000001,71.62710654166666,6.8027530625,1023.8083333333334,0.012500000000000002,57.083333333333336
2020-01-30,35.356615,-119.062613,12.4,0.027,57.0,Bakersfield-California,9.869166508333333,70.61582025,4.471047283333333,1023.2916666666666,0.0,52.583333333333336
2020-01-31,35.356615,-119.062613,21.3,0.03,74.0,Bakersfield-California,10.812916674999999,72.62412929166668,6.750705079166667,1025.7041666666667,0.0,45.208333333333336
2020-02-01,35.356615,-119.062613,31.9,0.033,93.0,Bakersfield-California,11.969166583333333,68.00914791666666,5.364035566666666,1026.3875,0.0,29.666666666666668
2020-02-02,35.356615,-119.062613,28.4,0.036,87.0,Bakersfield-California,12.04833335,74.65257229166666,6.5931646325,1018.6666666666666,0.0,19.125
2020-02-03,35.356615,-119.062613,6.3,0.032,35.0,Bakersfield-California,8.498333141666667,51.68263129166667,12.988191804166666,1017.1999999999999,0.0,13.583333333333334
2020-02-04,35.356615,-119.062613,9.2,0.029,51.0,Bakersfield-California,6.004583183208333,37.15730408333334,6.272497025,1021.4541666666668,0.0,5.166666666666667
2020-02-05,35.356615,-119.062613,14.1,0.031,60.0,Bakersfield-California,6.085833133333334,35.310115458333335,4.735720045833333,1024.7291666666667,0.0,37.75
2020-02-06,35.356615,-119.062613,18.0,0.034,68.0,Bakersfield-California,7.8920832125,37.391467041666665,4.8824747791666665,1022.5583333333334,0.0,17.041666666666668
2020-02-07,35.356615,-119.062613,20.7,0.038,73.0,Bakersfield-California,10.733749975,45.630198416666666,4.849359466666667,1020.3874999999999,0.0,0.0
2020-02-08,35.356615,-119.062613,23.0,0.04,77.0,Bakersfield-California,12.604583108333332,48.101890125000004,4.856278045,1018.2125,0.0,2.9583333333333335
2020-02-09,35.356615,-119.062613,11.4,0.032,55.0,Bakersfield-California,11.012916716666666,61.586007625,9.0073234375,1012.4958333333334,0.0,20.0
2020-02-10,35.356615,-119.062613,12.0,0.03,56.0,Bakersfield-California,9.562916433333333,48.63690183333333,7.3995708916666665,1014.6833333333334,0.0,4.875
2020-02-11,35.356615,-119.062613,11.3,0.035,55.0,Bakersfield-California,12.485833333333334,33.54476445833333,5.019053670833333,1017.1583333333333,0.0,2.1666666666666665
2020-02-12,35.356615,-119.062613,11.1,0.04,55.0,Bakersfield-California,13.123333125,31.58083175,5.777647920833334,1017.6083333333332,0.0,3.4583333333333335
2020-02-13,35.356615,-119.062613,13.2,0.04,59.0,Bakersfield-California,14.144166416666666,36.9256345,5.942720079166667,1017.2208333333333,0.0,6.25
2020-02-14,35.356615,-119.062613,24.5,0.042,80.0,Bakersfield-California,13.825416425,47.77896825,6.974655345833334,1017.3874999999999,0.0,18.833333333333332
2020-02-15,35.356615,-119.062613,24.1,0.045,79.0,Bakersfield-California,12.904583308333335,56.042656,6.38564164875,1021.0749999999999,0.0,16.583333333333332
2020-02-16,35.356615,-119.062613,20.0,0.045,71.0,Bakersfield-California,13.762916541666668,54.128673291666665,6.500491045833333,1021.7125,0.0,31.666666666666668
2020-02-17,35.356615,-119.062613,13.6,0.037,59.0,Bakersfield-California,13.733749966666666,51.11203841666667,6.5935768333333336,1018.3958333333334,0.0,47.333333333333336
2020-02-18,35.356615,-119.062613,13.9,0.039,60.0,Bakersfield-California,13.98583325,56.270333416666666,5.4207107458333335,1016.5333333333333,0.0,45.916666666666664
2020-02-19,35.356615,-119.062613,17.0,0.042,66.0,Bakersfield-California,13.992083375,46.2671145,6.841428149166667,1017.4708333333333,0.0,20.5
2020-02-20,35.356615,-119.062613,17.5,0.042,67.0,Bakersfield-California,14.829583383333334,33.466217729166665,5.802678720833334,1018.975,0.0,0.0
2020-02-21,35.356615,-119.062613,23.4,0.04,78.0,Bakersfield-California,15.254583291666668,30.113089583333334,6.589922945833333,1017.5833333333334,0.004166666666666667,29.916666666666668
2020-02-22,35.356615,-119.062613,13.7,0.036,60.0,Bakersfield-California,15.235833208333332,51.45142033333334,7.446101479166667,1014.975,0.0375,62.583333333333336
2020-02-23,35.356615,-119.062613,10.6,0.036,54.0,Bakersfield-California,12.589999749999999,79.73297420833333,6.116878270833333,1022.1708333333332,0.05416666666666667,36.791666666666664
2020-02-24,35.356615,-119.062613,17.9,0.037,67.0,Bakersfield-California,13.63374975,65.92147104166666,6.451263620833333,1026.4,0.0,30.541666666666668
2020-02-25,35.356615,-119.062613,14.6,0.04,61.0,Bakersfield-California,14.808749708333332,55.068228874999996,6.260071458333333,1024.3374999999999,0.0,0.20833333333333334
2020-02-26,35.356615,-119.062613,11.6,0.04,56.0,Bakersfield-California,16.571249916666666,37.28079325,6.245323020833333,1025.4083333333333,0.0,0.16666666666666666
2020-02-27,35.356615,-119.062613,13.2,0.041,59.0,Bakersfield-California,17.664999916666666,29.29602254166667,6.291590708333334,1023.3125,0.0,46.541666666666664
2020-02-28,35.356615,-119.062613,17.7,0.044,67.0,Bakersfield-California,18.66708325,25.38870760416667,4.2922251112500005,1020.35,0.0,94.375
2020-02-29,35.356615,-119.062613,10.3,0.047,53.0,Bakersfield-California,18.929583458333333,23.649785708333336,6.853416308333333,1016.1458333333334,0.0,63.875
2020-03-01,35.356615,-119.062613,7.5,0.04,42.0,Bakersfield-California,14.587916625,42.73754895833333,10.861455029166668,1014.1083333333332,0.0,36.875
2020-03-02,35.356615,-119.062613,9.1,0.036,51.0,Bakersfield-California,11.92749955,50.00788966666667,8.517964666666666,1014.4,0.0,27.25
2020-03-03,35.356615,-119.062613,9.0,0.044,50.0,Bakersfield-California,13.367083083333334,41.235085354166664,6.434945916666667,1016.5458333333332,0.0,0.0
2020-03-04,35.356615,-119.062613,14.2,0.047,61.0,Bakersfield-California,16.000416458333333,34.43518891666667,5.261262816666666,1016.9166666666666,0.0,23.0
2020-03-05,35.356615,-119.062613,12.5,0.05,57.0,Bakersfield-California,19.61291675,33.369922833333334,5.6651008166666665,1018.2875,0.0,64.91666666666667
2020-03-06,35.356615,-119.062613,14.0,0.047,60.0,Bakersfield-California,20.142083375000002,40.51089833333334,9.396403916666666,1015.2541666666666,0.0,73.875
2020-03-07,35.356615,-119.062613,3.6,0.034,20.0,Bakersfield-California,16.121250083333333,53.329154208333335,13.762296420833332,1013.1166666666667,0.0,87.58333333333333
2020-03-08,35.356615,-119.062613,1.3,0.034,7.0,Bakersfield-California,14.339999749999999,52.01217195833333,7.7269809249999994,1014.9833333333332,0.012500000000000002,70.29166666666667
2020-03-09,35.356615,-119.062613,5.3,0.034,29.0,Bakersfield-California,14.685833208333333,42.5904365,6.318331274999999,1017.5458333333332,0.0,97.66666666666667
2020-03-10,35.356615,-119.062613,8.5,0.027,47.0,Bakersfield-California,16.348333333333333,45.275737375,9.267056137500001,1015.8375,0.08333333333333333,73.79166666666667
2020-03-11,35.356615,-119.062613,12.9,0.033,58.0,Bakersfield-California,14.046249833333334,81.93775079166666,7.59426195,1017.0625,0.24166666666666667,57.125
2020-03-12,35.356615,-119.062613,16.5,0.035,65.0,Bakersfield-California,14.80458325,76.389216875,5.102385841666666,1012.9541666666668,0.004166666666666667,39.5
2020-03-13,35.356615,-119.062613,5.1,0.039,28.0,Bakersfield-California,16.069166541666664,67.647366625,8.421028533333333,1008.0041666666666,0.13333333333333333,82.875
2020-03-14,35.356615,-119.062613,4.7,0.036,26.0,Bakersfield-California,15.198333083333333,64.293775375,9.947262254166667,1014.4666666666667,0.016666666666666666,46.583333333333336
2020-03-15,35.356615,-119.062613,3.5,0.036,19.0,Bakersfield-California,14.352499791666666,54.666703541666664,7.492208916666667,1017.2958333333332,0.008333333333333333,60.833333333333336
2020-03-16,35.356615,-119.062613,3.6,0.033,20.0,Bakersfield-California,13.394166208333333,56.31773208333333,13.36378525,1014.4666666666667,0.2875,67.58333333333333
2020-03-17,35.356615,-119.062613,5.0,0.037,28.0,Bakersfield-California,7.796249941666667,80.97851066666666,5.1702399041666665,1014.9625,0.19583333333333333,48.791666666666664
2020-03-18,35.356615,-119.062613,3.3,0.039,18.0,Bakersfield-California,9.679583225,57.16661404166666,6.270240870833334,1013.0041666666666,0.008333333333333333,20.708333333333332
2020-03-19,35.356615,-119.062613,5.9,0.033,33.0,Bakersfield-California,10.810833083333334,60.922285208333335,7.107423145833334,1014.1083333333332,0.008333333333333333,56.541666666666664
2020-03-20,35.356615,-119.062613,3.0,0.037,17.0,Bakersfield-California,12.160833083333332,65.662648375,4.759721416666667,1021.3666666666667,0.041666666666666664,53.958333333333336
2020-03-21,35.356615,-119.062613,6.8,0.039,38.0,Bakersfield-California,14.364999916666667,60.45197316666667,4.57895535,1020.2666666666668,0.04583333333333334,72.16666666666667
2020-03-22,35.356615,-119.062613,5.8,0.038,32.0,Bakersfield-California,14.712916416666667,59.14011625,4.997524104166667,1018.725,0.012500000000000002,47.041666666666664
2020-03-23,35.356615,-119.062613,1.0,0.039,6.0,Bakersfield-California,14.704583208333334,68.91959525,6.767494912499999,1017.3583333333332,0.3125,69.29166666666667
2020-03-24,35.356615,-119.062613,3.6,0.034,20.0,Bakersfield-California,13.981666625,62.36428604166667,8.636328108333332,1020.8208333333333,0.004166666666666667,87.875
2020-03-25,35.356615,-119.062613,1.0,0.036,6.0,Bakersfield-California,13.010832833333334,58.109461083333336,9.370395595833333,1018.6,0.06666666666666667,83.875
2020-03-26,35.356615,-119.062613,1.0,0.038,6.0,Bakersfield-California,9.917083141666668,57.007572333333336,8.441897741666667,1017.0541666666667,0.016666666666666666,38.083333333333336
2020-03-27,35.356615,-119.062613,5.0,0.038,28.0,Bakersfield-California,10.306666466666668,53.873076499999996,8.1250312375,1018.9791666666666,0.0,35.875
2020-03-28,35.356615,-119.062613,8.3,0.039,46.0,Bakersfield-California,10.979583175,51.339368916666665,6.199331995833333,1022.3249999999999,0.0,45.916666666666664
2020-03-29,35.356615,-119.062613,5.7,0.04,32.0,Bakersfield-California,13.46916625,55.560730791666664,8.493955233333333,1020.0458333333332,0.02916666666666667,76.66666666666667
2020-03-30,35.356615,-119.062613,6.5,0.041,36.0,Bakersfield-California,14.083749833333334,57.750909791666665,6.943872508333333,1022.775,0.004166666666666667,11.666666666666666
2020-03-31,35.356615,-119.062613,9.2,0.039,51.0,Bakersfield-California,15.531666666666666,52.87089391666667,7.4295213166666665,1022.2083333333334,0.0,32.041666666666664
2020-04-01,35.356615,-119.062613,5.6,0.036,31.0,Bakersfield-California,17.573333333333334,53.57012483333333,9.266553058333333,1014.025,0.0,28.416666666666668
2020-04-02,35.356615,-119.062613,5.9,0.042,33.0,Bakersfield-California,15.521249916666667,35.314239125,10.500646483333334,1014.7416666666667,0.0,2.0416666666666665
2020-04-03,35.356615,-119.062613,7.9,0.042,44.0,Bakersfield-California,14.498333166666667,27.484618333333334,8.217476208333332,1016.6083333333332,0.0,5.708333333333333
2020-04-04,35.356615,-119.062613,3.2,0.043,18.0,Bakersfield-California,15.662916583333333,29.837243291666667,8.100532666666666,1012.4625,0.0,0.5833333333333334
2020-04-05,35.356615,-119.062613,2.7,0.031,15.0,Bakersfield-California,16.76708325,49.006831291666664,9.765350866666667,1009.0666666666666,0.012500000000000002,51.25
2020-04-06,35.356615,-119.062613,1.0,0.034,6.0,Bakersfield-California,13.612916541666666,69.02301641666666,8.861320845833333,1008.9875000000001,0.5125000000000001,89.91666666666667
2020-04-07,35.356615,-119.062613,3.0,0.034,17.0,Bakersfield-California,12.956666458333332,59.841313125,7.28684675,1016.65,0.012500000000000002,63.708333333333336
2020-04-08,35.356615,-119.062613,4.1,0.028,23.0,Bakersfield-California,10.427499583333333,87.0273115,6.306791162500001,1015.6041666666666,0.9791666666666666,95.45833333333333
2020-04-09,35.356615,-119.062613,2.8,0.03,16.0,Bakersfield-California,10.133749625,85.45102104166666,7.630884979166667,1018.1708333333332,0.5083333333333334,99.75
2020-04-10,35.356615,-119.062613,4.8,0.037,27.0,Bakersfield-California,11.842083083333334,78.82368995833333,5.231017445833333,1017.725,0.1125,74.41666666666667
2020-04-11,35.356615,-119.062613,10.2,0.041,53.0,Bakersfield-California,14.221249791666667,61.4260325,5.866375649999999,1015.9541666666668,0.0,33.75
2020-04-12,35.356615,-119.062613,6.4,0.035,36.0,Bakersfield-California,16.642083375000002,65.46957625,7.495638408333334,1014.7083333333334,0.0,25.375
2020-04-13,35.356615,-119.062613,7.0,0.039,39.0,Bakersfield-California,16.848333208333333,65.49490720833333,6.481872182083333,1017.5291666666667,0.008333333333333333,46.541666666666664
2020-04-14,35.356615,-119.062613,10.0,0.048,53.0,Bakersfield-California,17.542083291666668,61.11789708333333,5.914630895833334,1020.8416666666667,0.0,6.916666666666667
2020-04-15,35.356615,-119.062613,10.9,0.052,54.0,Bakersfield-California,18.215000083333333,47.598688458333335,6.313481437499999,1019.2125,0.0,0.0
2020-04-16,35.356615,-119.062613,9.0,0.05,50.0,Bakersfield-California,21.225416666666664,37.24825466666667,6.29215035,1011.7791666666667,0.0,12.5
2020-04-17,35.356615,-119.062613,5.2,0.032,29.0,Bakersfield-California,19.050416541666667,51.720700125,8.411347374166667,1011.4291666666667,0.09166666666666667,75.79166666666667
2020-04-18,35.356615,-119.062613,7.6,0.03,42.0,Bakersfield-California,16.665,58.422779541666664,8.057173825,1015.7833333333333,0.029166666666666664,79.875
2020-04-19,35.356615,-119.062613,9.5,0.038,52.0,Bakersfield-California,16.902499916666667,59.689445125,7.720769116666666,1017.0083333333333,0.0,48.666666666666664
2020-04-20,35.356615,-119.062613,6.7,0.038,37.0,Bakersfield-California,17.375416708333333,53.844130166666666,9.518403454166666,1016.7208333333333,0.041666666666666664,36.125
2020-04-21,35.356615,-119.062613,8.5,0.043,47.0,Bakersfield-California,17.533750083333334,56.118385499999995,12.203228625000001,1020.2458333333334,0.07916666666666668,58.166666666666664
2020-04-22,35.356615,-119.062613,13.5,0.046,59.0,Bakersfield-California,19.758750083333336,49.19283804166667,7.8507281791666665,1022.4541666666668,0.0,11.708333333333334
2020-04-23,35.356615,-119.062613,10.3,0.044,53.0,Bakersfield-California,22.650416875,42.899103833333335,10.4755261375,1020.6374999999999,0.0,14.791666666666666
2020-04-24,35.356615,-119.062613,9.7,0.05,52.0,Bakersfield-California,23.3545835,40.626551666666664,7.036490265416667,1017.2916666666666,0.0,9.25
2020-04-25,35.356615,-119.062613,11.7,0.055,56.0,Bakersfield-California,25.675416708333334,37.576579875,6.763996504166666,1015.3666666666667,0.0,21.458333333333332
2020-04-26,35.356615,-119.062613,10.7,0.047,54.0,Bakersfield-California,25.975416666666664,36.11070516666667,8.850818312500001,1014.0541666666667,0.0,79.70833333333333
2020-04-27,35.356615,-119.062613,6.3,0.047,35.0,Bakersfield-California,24.475416916666664,29.531215604166665,10.310206708333334,1015.725,0.0,9.166666666666666
2020-04-28,35.356615,-119.062613,10.3,0.054,53.0,Bakersfield-California,24.52333333333333,32.36627504166667,6.999280120833333,1016.5375,0.0,0.7916666666666666
2020-04-29,35.356615,-119.062613,13.7,0.06,60.0,Bakersfield-California,26.894166791666667,38.05423875,6.215172933333334,1013.6458333333334,0.0,42.125
2020-04-30,35.356615,-119.062613,5.9,0.047,33.0,Bakersfield-California,26.852499958333336,31.876042333333334,12.355123812499999,1014.6541666666667,0.0,39.0
2020-05-01,35.356615,-119.062613,6.3,0.056,35.0,Bakersfield-California,23.456666833333333,21.143729083333334,11.443366104166666,1015.7875,0.0,9.916666666666666
2020-05-02,35.356615,-119.062613,7.9,0.037,44.0,Bakersfield-California,22.562916791666666,24.600224125,9.335474433333333,1016.3083333333334,0.0,0.0
2020-05-03,35.356615,-119.062613,5.8,0.037,32.0,Bakersfield-California,22.310833541666668,36.798513625,10.058288754166666,1018.0124999999999,0.0,7.958333333333333
2020-05-04,35.356615,-119.062613,7.4,0.051,41.0,Bakersfield-California,21.700416875000002,30.870340041666665,9.435607879166666,1018.7416666666667,0.0,3.6666666666666665
2020-05-05,35.356615,-119.062613,10.5,0.061,54.0,Bakersfield-California,22.406666583333333,27.61827658333333,7.571177891666667,1017.3333333333334,0.0,2.0
2020-05-06,35.356615,-119.062613,10.5,0.061,54.0,Bakersfield-California,22.406666583333333,27.61827658333333,7.571177891666667,1017.3333333333334,0.0,2.0
2020-05-07,35.356615,-119.062613,10.9,0.061,54.0,Bakersfield-California,23.719166541666667,27.28076891666667,6.898766282083333,1014.3958333333334,0.0,82.875
2020-05-08,35.356615,-119.062613,14.8,0.072,62.0,Bakersfield-California,27.879583375,20.926696375,6.302486329166666,1010.4375,0.0,25.833333333333332
2020-05-09,35.356615,-119.062613,13.2,0.071,59.0,Bakersfield-California,29.767083333333336,21.110171083333334,7.702924429166667,1009.5416666666666,0.0,51.0
2020-05-10,35.356615,-119.062613,6.6,0.057,37.0,Bakersfield-California,28.560833125000002,19.573373166666666,10.003982645833334,1010.0416666666666,0.0,25.833333333333332
2020-05-11,35.356615,-119.062613,4.3,0.049,24.0,Bakersfield-California,24.348333416666666,23.269624750000002,10.930578141666667,1012.3458333333333,0.0,18.625
2020-05-12,35.356615,-119.062613,3.5,0.037,19.0,Bakersfield-California,21.619166791666668,28.134302416666667,10.041217183333334,1013.775,0.0,36.125
2020-05-13,35.356615,-119.062613,4.5,0.043,25.0,Bakersfield-California,19.58375020833333,39.568364458333335,12.306747804166667,1015.6666666666666,0.0,19.875
2020-05-14,35.356615,-119.062613,3.4,0.043,19.0,Bakersfield-California,20.70250025,39.02904095833333,12.439980812500002,1016.9458333333333,0.0,14.166666666666666
2020-05-15,35.356615,-119.062613,4.6,0.039,26.0,Bakersfield-California,21.39000025,40.097669708333335,11.485799816666665,1016.4833333333332,0.0,23.791666666666668
2020-05-16,35.356615,-119.062613,8.3,0.05,46.0,Bakersfield-California,22.229583625,36.35559416666667,6.932845341666667,1013.4625,0.0,55.416666666666664
2020-05-17,35.356615,-119.062613,3.0,0.03,17.0,Bakersfield-California,24.329583375,28.697063854166668,7.714454404166666,1010.1291666666666,0.0,54.041666666666664
2020-05-18,35.356615,-119.062613,1.8,0.038,10.0,Bakersfield-California,21.848333625,56.314323,13.061864333333332,1011.4,0.125,55.833333333333336
2020-05-19,35.356615,-119.062613,2.1,0.039,12.0,Bakersfield-California,17.567083416666666,47.02242591666666,9.854502425,1014.975,0.03333333333333333,55.291666666666664
2020-05-20,35.356615,-119.062613,2.1,0.039,12.0,Bakersfield-California,17.567083416666666,47.02242591666666,9.854502425,1014.975,0.03333333333333333,55.291666666666664
2020-05-21,35.356615,-119.062613,9.0,0.051,50.0,Bakersfield-California,21.15666675,38.846448125,6.661187132083334,1015.9416666666666,0.0,11.708333333333334
2020-05-22,35.356615,-119.062613,8.8,0.048,49.0,Bakersfield-California,23.95250025,34.16714220833333,8.977694425000001,1010.7916666666666,0.0,1.0833333333333333
2020-05-23,35.356615,-119.062613,6.0,0.05,33.0,Bakersfield-California,23.094166708333333,22.333380291666668,9.845213315416666,1011.3708333333334,0.0,0.0
2020-05-24,35.356615,-119.062613,8.2,0.057,46.0,Bakersfield-California,24.073333291666668,20.841218416666667,6.9229736375,1012.9083333333333,0.0,7.125
2020-05-25,35.356615,-119.062613,9.3,0.059,51.0,Bakersfield-California,27.712916500000002,21.292416083333332,7.1004227375,1011.2416666666667,0.0,0.0
2020-05-26,35.356615,-119.062613,11.9,0.06,56.0,Bakersfield-California,31.627499708333335,19.184739895833335,7.055983345833333,1009.8249999999999,0.0,0.0
2020-05-27,35.356615,-119.062613,12.1,0.055,57.0,Bakersfield-California,33.508749375,20.289768625,7.531738141666666,1009.4083333333333,0.0,0.0
2020-05-28,35.356615,-119.062613,9.0,0.048,50.0,Bakersfield-California,33.78583279166667,23.5427833625,8.593666725,1009.1916666666666,0.0,0.041666666666666664
2020-05-29,35.356615,-119.062613,9.8,0.045,52.0,Bakersfield-California,31.65458325,28.83609229166667,10.410177566666666,1008.8249999999999,0.0,25.166666666666668
2020-05-30,35.356615,-119.062613,4.6,0.032,26.0,Bakersfield-California,23.965000125,43.054402958333334,13.8921520875,1012.0749999999999,0.0,32.666666666666664
2020-05-31,35.356615,-119.062613,4.8,0.036,27.0,Bakersfield-California,22.00458370833333,46.5688735,9.568078604166667,1013.3083333333334,0.0,51.375
2020-06-01,35.356615,-119.062613,11.1,0.049,55.0,Bakersfield-California,24.571250083333336,33.360391541666665,6.7201221208333335,1013.0,0.0,92.54166666666667
2020-06-02,35.356615,-119.062613,13.6,0.058,59.0,Bakersfield-California,26.317083458333332,31.161379874999998,7.5154068249999995,1013.0,0.0,87.875
2020-06-03,35.356615,-119.062613,17.3,0.068,66.0,Bakersfield-California,29.714999833333334,27.584171875,6.151804270833334,1012.7208333333333,0.0,58.958333333333336
2020-06-04,35.356615,-119.062613,13.1,0.058,58.0,Bakersfield-California,32.82749929166666,17.489271041666665,9.024357591666666,1007.2958333333332,0.0,2.5833333333333335
2020-06-05,35.356615,-119.062613,8.7,0.034,48.0,Bakersfield-California,29.223332833333334,32.712095125,9.8801974625,1004.7916666666666,0.0,34.833333333333336
2020-06-06,35.356615,-119.062613,6.1,0.04,34.0,Bakersfield-California,22.133750208333336,42.30514670833333,11.641570504166666,1010.4375,0.004166666666666667,24.25
2020-06-07,35.356615,-119.062613,5.1,0.04,28.0,Bakersfield-California,20.604583625,31.703474,16.89819783333333,1014.9958333333334,0.0,0.3333333333333333
2020-06-08,35.356615,-119.062613,5.0,0.042,28.0,Bakersfield-California,20.104583291666668,22.151118375,11.514434820833332,1018.0833333333334,0.0,17.041666666666668
2020-06-09,35.356615,-119.062613,7.8,0.052,43.0,Bakersfield-California,23.887916583333332,17.283145879166668,7.441617670833334,1019.3416666666667,0.0,0.0
2020-06-10,35.356615,-119.062613,10.5,0.059,54.0,Bakersfield-California,27.450416291666667,15.523611625,7.050564408333333,1015.4499999999999,0.0,0.0
2020-06-11,35.356615,-119.062613,11.7,0.055,56.0,Bakersfield-California,30.114999666666666,16.230236633333334,7.698374287500001,1012.6916666666666,0.0,5.166666666666667
2020-06-12,35.356615,-119.062613,10.5,0.038,54.0,Bakersfield-California,29.892083041666666,17.69877775,11.971462958333333,1013.1125000000001,0.0,30.208333333333332
2020-06-13,35.356615,-119.062613,5.1,0.041,28.0,Bakersfield-California,22.51500025,34.670570875,14.419277166666667,1016.0916666666667,0.0,9.666666666666666
2020-06-14,35.356615,-119.062613,6.3,0.041,35.0,Bakersfield-California,22.244166833333335,29.927312125,9.374501383333333,1014.3291666666668,0.0,0.0
2020-06-15,35.356615,-119.062613,8.5,0.045,47.0,Bakersfield-California,25.692083333333333,28.403715208333335,7.0614151125,1013.3125,0.0,12.041666666666666
2020-06-16,35.356615,-119.062613,5.3,0.047,29.0,Bakersfield-California,26.664999875000003,25.7942195,12.112266087499998,1012.2624999999999,0.0,27.208333333333332
2020-06-17,35.356615,-119.062613,8.0,0.051,44.0,Bakersfield-California,25.296250083333334,26.906192208333334,9.968474795833334,1012.2624999999999,0.0,0.0
2020-06-18,35.356615,-119.062613,11.5,0.063,55.0,Bakersfield-California,26.796249875,16.564089208333332,7.122587833333333,1011.2541666666666,0.0,0.0
2020-06-19,35.356615,-119.062613,12.0,0.064,56.0,Bakersfield-California,28.75249979166667,23.997761458333333,8.142869629166666,1009.5916666666667,0.0,16.125
2020-06-20,35.356615,-119.062613,10.4,0.06,53.0,Bakersfield-California,30.285832833333334,24.465478625,9.932746454166667,1010.8041666666667,0.0,0.0
2020-06-21,35.356615,-119.062613,10.0,0.051,53.0,Bakersfield-California,30.76291654166667,23.03344325,10.526175254166667,1011.3291666666668,0.0,0.0
2020-06-22,35.356615,-119.062613,10.3,0.052,53.0,Bakersfield-California,31.335832999999997,26.541797958333333,8.343534525,1010.7208333333333,0.0,0.0
2020-06-23,35.356615,-119.062613,11.5,0.061,55.0,Bakersfield-California,32.402499666666664,25.184033125,7.901892308333333,1009.8208333333333,0.0,19.25
2020-06-24,35.356615,-119.062613,9.0,0.054,50.0,Bakersfield-California,33.06499958333333,26.490480791666666,8.859300625000001,1007.3125,0.0,80.95833333333333
2020-06-25,35.356615,-119.062613,8.9,0.051,49.0,Bakersfield-California,33.29624966666667,27.258347416666666,7.691164033333333,1005.1458333333334,0.0,16.0
2020-06-26,35.356615,-119.062613,9.8,0.061,52.0,Bakersfield-California,32.23583283333333,26.841258166666666,9.05839505,1007.6958333333333,0.0,2.75
2020-06-27,35.356615,-119.062613,12.8,0.062,58.0,Bakersfield-California,34.18583266666666,28.173415708333334,9.502500545833334,1007.8083333333334,0.0,2.7916666666666665
2020-06-28,35.356615,-119.062613,5.2,0.044,29.0,Bakersfield-California,31.47749966666667,24.839607125,12.793648558333333,1005.1791666666667,0.0,46.375
2020-06-29,35.356615,-119.062613,10.3,0.045,53.0,Bakersfield-California,24.056666791666668,28.426850875,9.057978525000001,1007.5375,0.0,0.5833333333333334
2020-06-30,35.356615,-119.062613,12.8,0.055,58.0,Bakersfield-California,26.62125,23.378327833333334,6.963099737499999,1011.3333333333334,0.0,3.3333333333333335
2020-07-01,35.356615,-119.062613,9.8,0.054,52.0,Bakersfield-California,29.269166458333334,21.97959708333333,8.132659445833333,1007.8916666666668,0.0,0.0
2020-07-02,35.356615,-119.062613,7.0,0.05,39.0,Bakersfield-California,28.056666500000002,26.803507354166666,10.5364281,1008.5500000000001,0.0,0.0
2020-07-03,35.356615,-119.062613,13.6,0.059,59.0,Bakersfield-California,27.987916583333334,27.5079900625,10.022199070833333,1012.2624999999999,0.0,0.0
2020-07-04,35.356615,-119.062613,129.7,0.059,205.0,Bakersfield-California,29.85874941666667,18.335618916666665,9.001085208333334,1014.1458333333334,0.0,0.0
2020-07-05,35.356615,-119.062613,26.5,0.049,83.0,Bakersfield-California,30.4899995,15.193640625,9.063528145833333,1012.7708333333334,0.0,0.0
2020-07-06,35.356615,-119.062613,13.9,0.064,60.0,Bakersfield-California,30.75874933333333,14.068457837499999,9.333727854166666,1010.4625,0.0,0.0
2020-07-07,35.356615,-119.062613,12.2,0.055,57.0,Bakersfield-California,29.5108335,14.802850495833333,9.436862629166667,1010.9541666666668,0.0,0.0
2020-07-08,35.356615,-119.062613,14.0,0.062,60.0,Bakersfield-California,29.283749916666665,15.718361,8.567631329166668,1009.5916666666667,0.0,0.0
2020-07-09,35.356615,-119.062613,16.1,0.062,64.0,Bakersfield-California,30.437916416666667,19.039387729166666,8.241128462499999,1008.9166666666666,0.0,0.0
2020-07-10,35.356615,-119.062613,15.6,0.059,63.0,Bakersfield-California,32.12124975,16.852976666666667,8.431054170833333,1011.6166666666667,0.0,26.333333333333332
2020-07-11,35.356615,-119.062613,16.0,0.065,64.0,Bakersfield-California,33.800416375000005,14.896769333333333,7.973080895833333,1012.7458333333334,0.0,0.0
2020-07-12,35.356615,-119.062613,11.5,0.06,55.0,Bakersfield-California,35.631666333333335,13.93386425,8.313158679166667,1010.9458333333333,0.0,0.0
2020-07-13,35.356615,-119.062613,10.7,0.052,54.0,Bakersfield-California,35.48166616666666,12.484229233333332,9.936443704166667,1007.7041666666668,0.0,0.0
2020-07-14,35.356615,-119.062613,7.6,0.049,42.0,Bakersfield-California,30.792083083333335,23.344320970833333,10.7560558375,1009.5875,0.0,0.041666666666666664
2020-07-15,35.356615,-119.062613,10.0,0.061,53.0,Bakersfield-California,29.625416375,25.685110249999997,8.770782320833334,1010.0375,0.0,0.08333333333333333
2020-07-16,35.356615,-119.062613,13.0,0.066,58.0,Bakersfield-California,30.533749875,28.398316124999997,8.4270503375,1009.1166666666667,0.0,0.0
2020-07-17,35.356615,-119.062613,10.3,0.062,53.0,Bakersfield-California,31.408749375,28.33750425,9.1102691875,1010.4125,0.0,0.0
2020-07-18,35.356615,-119.062613,11.1,0.064,55.0,Bakersfield-California,31.700416291666667,27.006389249999998,9.254523945833332,1011.5583333333334,0.0,0.0
2020-07-19,35.356615,-119.062613,9.6,0.059,52.0,Bakersfield-California,32.519166500000004,23.450979750000002,9.673735016666667,1011.2041666666668,0.0,0.16666666666666666
2020-07-20,35.356615,-119.062613,11.0,0.056,55.0,Bakersfield-California,31.437916583333333,23.59700225,10.578446445833334,1011.7375000000001,0.0,0.041666666666666664
2020-07-21,35.356615,-119.062613,12.9,0.054,58.0,Bakersfield-California,31.346249791666665,24.820172875,9.40609725,1009.2375000000001,0.0,23.166666666666668
2020-07-22,35.356615,-119.062613,9.1,0.054,51.0,Bakersfield-California,30.63791625,23.541599833333333,9.862126058333333,1007.3541666666666,0.0,13.833333333333334
2020-07-23,35.356615,-119.062613,7.8,0.051,43.0,Bakersfield-California,28.173333083333333,30.507373583333333,9.733818808333334,1008.9708333333333,0.0,0.125
2020-07-24,35.356615,-119.062613,10.3,0.06,53.0,Bakersfield-California,29.32333325,29.892505041666666,8.4550017875,1009.4916666666667,0.0,0.0
2020-07-25,35.356615,-119.062613,11.6,0.049,56.0,Bakersfield-California,30.43166595833333,28.318709458333334,8.341759695833334,1009.9041666666667,0.0,0.0
2020-07-26,35.356615,-119.062613,9.2,0.053,51.0,Bakersfield-California,31.579583208333332,25.6139306875,8.5250980625,1010.0083333333333,0.0,0.0
2020-07-27,35.356615,-119.062613,10.1,0.056,53.0,Bakersfield-California,32.239999250000004,23.634244666666664,9.201181945833333,1010.0,0.0,0.0
2020-07-28,35.356615,-119.062613,13.0,0.056,58.0,Bakersfield-California,32.414999625,23.102985208333333,9.122294250000001,1009.1750000000001,0.0,0.0
2020-07-29,35.356615,-119.062613,15.2,0.055,62.0,Bakersfield-California,32.93374958333333,22.109571875,8.612233095833334,1008.9083333333333,0.0,0.0
2020-07-30,35.356615,-119.062613,13.2,0.061,59.0,Bakersfield-California,33.01916620833334,22.374137895833332,8.3688526125,1010.8541666666666,0.0,0.0
2020-07-31,35.356615,-119.062613,12.9,0.06,58.0,Bakersfield-California,32.99416595833333,20.5831089375,8.921511770833334,1011.6333333333333,0.0,0.0
2020-08-01,35.356615,-119.062613,11.8,0.054,56.0,Bakersfield-California,32.531666,17.755398104166666,9.096536733333334,1012.4958333333334,0.0,7.208333333333333
2020-08-02,35.356615,-119.062613,11.1,0.051,55.0,Bakersfield-California,31.752499583333332,14.3003336125,8.427103854166667,1012.9499999999999,0.0,1.0833333333333333
2020-08-03,35.356615,-119.062613,10.6,0.054,54.0,Bakersfield-California,31.760833458333334,15.301922141666667,9.271808020833333,1013.1333333333333,0.0,20.791666666666668
2020-08-04,35.356615,-119.062613,11.4,0.051,55.0,Bakersfield-California,31.817083166666666,19.630053845833334,9.521149625,1011.7708333333334,0.0,1.7083333333333333
2020-08-05,35.356615,-119.062613,7.9,0.046,44.0,Bakersfield-California,30.30458295833333,25.181326729166667,10.081340270833334,1010.6791666666667,0.0,0.0
2020-08-06,35.356615,-119.062613,8.5,0.043,47.0,Bakersfield-California,27.15874975,31.86039458333333,9.710760704166667,1010.3458333333333,0.0,0.0
2020-08-07,35.356615,-119.062613,10.6,0.053,54.0,Bakersfield-California,27.683749958333333,33.605789979166666,7.679295995833333,1010.8583333333332,0.0,0.0
2020-08-08,35.356615,-119.062613,8.9,0.057,49.0,Bakersfield-California,29.47749991666667,26.887125333333334,7.661493008333333,1011.6333333333333,0.0,0.0
2020-08-09,35.356615,-119.062613,11.2,0.058,55.0,Bakersfield-California,31.319166541666664,26.149926708333336,7.800174945833334,1011.0500000000001,0.0,0.0
2020-08-10,35.356615,-119.062613,9.9,0.056,52.0,Bakersfield-California,32.33374975,23.873671291666668,7.392240154166667,1009.8291666666668,0.0,0.0
2020-08-11,35.356615,-119.062613,8.0,0.051,44.0,Bakersfield-California,32.019166375,22.363660375,8.096017583333333,1009.7958333333332,0.0,0.4166666666666667
2020-08-12,35.356615,-119.062613,12.0,0.06,56.0,Bakersfield-California,32.212916166666666,22.300280125,8.489871070833333,1010.125,0.0,0.0
2020-08-13,35.356615,-119.062613,14.0,0.057,60.0,Bakersfield-California,32.82958279166667,16.329439354166666,9.050063466666666,1010.6708333333332,0.0,55.041666666666664
2020-08-14,35.356615,-119.062613,15.4,0.064,63.0,Bakersfield-California,33.387916,27.51960729166667,7.315976183333333,1011.0541666666667,0.0,26.666666666666668
2020-08-15,35.356615,-119.062613,18.2,0.059,68.0,Bakersfield-California,35.86499941666667,21.947398229166666,6.834605450000001,1009.625,0.0,24.708333333333332
2020-08-16,35.356615,-119.062613,16.5,0.06,65.0,Bakersfield-California,36.95249916666666,20.23660747916667,6.127055833333333,1009.3833333333333,0.0,39.791666666666664
2020-08-17,35.356615,-119.062613,15.1,0.062,62.0,Bakersfield-California,36.831666125,22.633496875000002,9.1615047875,1010.3791666666666,0.0,22.083333333333332
2020-08-18,35.356615,-119.062613,31.5,0.063,93.0,Bakersfield-California,36.123332375,24.559749749999998,7.088855658333333,1011.5583333333334,0.0,39.541666666666664
2020-08-19,35.356615,-119.062613,51.3,0.085,140.0,Bakersfield-California,36.80874933333333,21.68165258333333,8.719650945833333,1010.0291666666667,0.0,11.583333333333334
2020-08-20,35.356615,-119.062613,83.0,0.067,170.0,Bakersfield-California,34.78374975,14.356557458333334,8.517648929166667,1008.7458333333334,0.0,1.8333333333333333
2020-08-21,35.356615,-119.062613,130.2,0.098,206.0,Bakersfield-California,33.108749833333334,16.920207333333334,8.370953395833334,1007.65,0.0,5.458333333333333
2020-08-22,35.356615,-119.062613,159.7,0.094,235.0,Bakersfield-California,33.181666041666666,18.2143533125,7.473548345833334,1008.6541666666667,0.0,43.25
2020-08-23,35.356615,-119.062613,82.5,0.062,170.0,Bakersfield-California,32.81708291666667,27.387026895833333,7.974705670833333,1009.0333333333333,0.0,17.916666666666668
2020-08-24,35.356615,-119.062613,44.2,0.081,122.0,Bakersfield-California,33.01916641666667,35.47102225,7.782520558333334,1008.5375,0.0,9.416666666666666
2020-08-25,35.356615,-119.062613,24.1,0.065,79.0,Bakersfield-California,32.392082916666666,37.86732725,9.685072183333334,1007.9583333333334,0.0,0.4166666666666667
2020-08-26,35.356615,-119.062613,24.1,0.064,79.0,Bakersfield-California,31.210832791666665,39.31174279166667,9.393813020833333,1007.5041666666666,0.0,0.0
2020-08-27,35.356615,-119.062613,30.6,0.065,91.0,Bakersfield-California,31.542083166666668,28.771795208333334,8.876372408333333,1006.4499999999999,0.0,0.0
2020-08-28,35.356615,-119.062613,18.8,0.068,69.0,Bakersfield-California,30.75041625,23.211811416666666,8.954791508333335,1006.4250000000001,0.0,0.0
2020-08-29,35.356615,-119.062613,18.3,0.071,68.0,Bakersfield-California,30.860833166666666,18.281469333333334,7.953820758333333,1007.7375000000001,0.0,0.0
2020-08-30,35.356615,-119.062613,26.7,0.065,84.0,Bakersfield-California,30.57958275,23.6887248125,8.202263029166668,1008.2166666666667,0.0,0.0
2020-08-31,35.356615,-119.062613,34.1,0.075,98.0,Bakersfield-California,30.10458291666667,24.824882020833332,7.843582745833333,1007.3916666666668,0.0,0.0
2020-09-01,35.356615,-119.062613,39.8,0.074,112.0,Bakersfield-California,30.264999625,27.212153416666666,8.373234866666666,1009.0333333333333,0.0,0.0
2020-09-02,35.356615,-119.062613,35.0,0.075,99.0,Bakersfield-California,29.87125,31.821757583333333,8.540513504166666,1012.9,0.0,0.0
2020-09-03,35.356615,-119.062613,34.7,0.071,99.0,Bakersfield-California,29.927499458333333,31.836987250000004,8.576071529166667,1013.5916666666667,0.0,0.0
2020-09-04,35.356615,-119.062613,35.2,0.071,100.0,Bakersfield-California,30.235833166666666,30.2172485,6.9268659291666665,1012.4541666666668,0.0,0.0
2020-09-05,35.356615,-119.062613,38.3,0.083,108.0,Bakersfield-California,32.589999625,25.007541916666668,6.152817020833333,1012.7291666666666,0.0,2.7083333333333335
2020-09-06,35.356615,-119.062613,38.6,0.08,109.0,Bakersfield-California,34.735833041666666,22.03239029166667,6.9726744,1012.3958333333334,0.0,0.7083333333333334
2020-09-07,35.356615,-119.062613,45.8,0.065,126.0,Bakersfield-California,36.150415583333334,19.003235333333333,6.841624029166667,1008.9708333333333,0.0,0.20833333333333334
2020-09-08,35.356615,-119.062613,66.5,0.057,159.0,Bakersfield-California,33.61708266666667,19.627444937499998,6.5111901,1002.525,0.0,0.0
2020-09-09,35.356615,-119.062613,33.3,0.047,96.0,Bakersfield-California,32.08166658333334,11.379570770833332,11.874276854166666,1006.1041666666666,0.0,0.7083333333333334
2020-09-10,35.356615,-119.062613,24.2,0.027,79.0,Bakersfield-California,29.000416375,16.961746145833335,6.954011758333333,1012.4625,0.0,0.0
2020-09-11,35.356615,-119.062613,39.1,0.033,110.0,Bakersfield-California,27.148333249999997,18.619657795833334,7.1634902125,1014.8291666666668,0.0,0.0
2020-09-12,35.356615,-119.062613,34.4,0.075,98.0,Bakersfield-California,26.250416583333333,20.154233125,5.5903983833333335,1012.8583333333332,0.0,0.0
2020-09-13,35.356615,-119.062613,51.4,0.08,140.0,Bakersfield-California,27.63583325,17.940396308333334,6.933586315833334,1010.8666666666667,0.0,0.0
2020-09-14,35.356615,-119.062613,73.4,0.072,164.0,Bakersfield-California,28.960833249999997,18.847032895833333,8.878644641666666,1011.8416666666667,0.0,0.0
2020-09-15,35.356615,-119.062613,86.0,0.078,172.0,Bakersfield-California,29.562916375,24.0480495,8.112493520833334,1014.5166666666668,0.0,0.0
2020-09-16,35.356615,-119.062613,77.9,0.076,167.0,Bakersfield-California,28.648333291666663,23.109615833333333,6.969442295833333,1014.5333333333333,0.0,0.0
2020-09-17,35.356615,-119.062613,64.4,0.079,157.0,Bakersfield-California,28.302499958333332,22.460174895833333,6.7383965,1012.7166666666667,0.0,22.375
2020-09-18,35.356615,-119.062613,33.9,0.054,97.0,Bakersfield-California,29.24,27.139551291666667,8.788424170833332,1012.5749999999999,0.0,69.45833333333333
2020-09-19,35.356615,-119.062613,14.9,0.049,62.0,Bakersfield-California,26.179583333333337,37.87373029166667,9.160205724999999,1012.6958333333333,0.0,1.6666666666666667
2020-09-20,35.356615,-119.062613,19.6,0.065,71.0,Bakersfield-California,25.489999916666665,35.774381041666665,5.825404854166667,1011.4083333333333,0.0,0.0
2020-09-21,35.356615,-119.062613,19.6,0.065,71.0,Bakersfield-California,25.489999916666665,35.774381041666665,5.825404854166667,1011.4083333333333,0.0,0.0
2020-09-22,35.356615,-119.062613,34.2,0.069,98.0,Bakersfield-California,27.50458325,23.357808083333335,7.339625345833333,1012.9791666666666,0.0,0.0
2020-09-23,35.356615,-119.062613,12.8,0.048,58.0,Bakersfield-California,27.037916666666664,25.09828052083333,8.458869850000001,1015.8541666666666,0.0,0.0
2020-09-24,35.356615,-119.062613,9.7,0.044,52.0,Bakersfield-California,25.554583291666663,28.374298791666664,7.023088029166666,1015.0333333333333,0.0,0.0
2020-09-25,35.356615,-119.062613,8.8,0.043,49.0,Bakersfield-California,25.269166666666667,38.846586625,6.978193270833334,1013.4499999999999,0.0,0.0
2020-09-26,35.356615,-119.062613,14.2,0.051,61.0,Bakersfield-California,24.698333541666667,35.875409375,7.925468850000001,1014.5208333333334,0.0,0.0
2020-09-27,35.356615,-119.062613,19.8,0.059,71.0,Bakersfield-California,25.608750083333334,37.81115179166667,7.55387265,1011.6833333333334,0.0,47.458333333333336
2020-09-28,35.356615,-119.062613,24.9,0.065,80.0,Bakersfield-California,28.5441665,31.009906,5.3156055874999995,1011.3375,0.0,4.0
2020-09-29,35.356615,-119.062613,23.6,0.067,78.0,Bakersfield-California,30.227499374999997,17.171879975,6.9790698875,1013.1333333333333,0.0,0.0
2020-09-30,35.356615,-119.062613,26.7,0.068,84.0,Bakersfield-California,29.64833320833333,19.140286945833335,6.892444762499999,1015.0333333333333,0.0,0.0
2020-10-01,35.356615,-119.062613,37.6,0.076,106.0,Bakersfield-California,28.762916291666667,26.702436291666668,6.105634820833333,1014.5916666666667,0.0,0.0
2020-10-02,35.356615,-119.062613,57.1,0.074,152.0,Bakersfield-California,29.642082875,21.772488770833334,5.141385020833334,1013.5375,0.0,0.0
2020-10-03,35.356615,-119.062613,79.2,0.075,168.0,Bakersfield-California,28.59208304166667,24.357929791666667,5.926785945833333,1011.7958333333332,0.0,0.0
2020-10-04,35.356615,-119.062613,82.2,0.071,170.0,Bakersfield-California,27.696249875000003,25.993123416666666,5.88708545,1012.5791666666668,0.0,0.0
2020-10-05,35.356615,-119.062613,65.0,0.071,158.0,Bakersfield-California,27.954583125,22.655309875,5.722034616666666,1014.4166666666666,0.0,59.666666666666664
2020-10-06,35.356615,-119.062613,44.5,0.057,123.0,Bakersfield-California,26.329583125,21.281808375,5.769056079166667,1014.4541666666668,0.0,49.041666666666664
2020-10-07,35.356615,-119.062613,37.1,0.062,105.0,Bakersfield-California,25.181666458333336,26.477007999999998,5.379600329166667,1011.8625000000001,0.0,0.041666666666666664
2020-10-08,35.356615,-119.062613,25.8,0.057,82.0,Bakersfield-California,24.779583541666668,24.861930125,7.8491118166666665,1011.125,0.0,36.291666666666664
2020-10-09,35.356615,-119.062613,21.0,0.045,73.0,Bakersfield-California,22.304583500000003,43.84879458333333,8.242932141666666,1012.8874999999999,0.0,17.125
2020-10-10,35.356615,-119.062613,21.3,0.047,74.0,Bakersfield-California,21.406666833333333,44.955729958333336,6.9698105,1013.2041666666668,0.0,37.583333333333336
2020-10-11,35.356615,-119.062613,9.8,0.034,52.0,Bakersfield-California,21.594166833333333,53.48059516666667,6.8595733375,1015.5166666666668,0.0,38.708333333333336
2020-10-12,35.356615,-119.062613,14.7,0.052,61.0,Bakersfield-California,21.871250125,54.975859125,5.012239341666667,1018.2458333333334,0.0,2.4166666666666665
2020-10-13,35.356615,-119.062613,20.8,0.06,73.0,Bakersfield-California,23.515000125,37.956767541666665,5.056698545833333,1017.0375,0.0,0.08333333333333333
2020-10-14,35.356615,-119.062613,27.1,0.066,85.0,Bakersfield-California,23.837916833333335,31.326080916666665,4.648895508333333,1017.1208333333334,0.0,0.0
2020-10-15,35.356615,-119.062613,26.5,0.065,83.0,Bakersfield-California,24.91500004166667,31.330970833333335,4.676497753333334,1015.4916666666667,0.0,0.0
2020-10-16,35.356615,-119.062613,23.6,0.066,78.0,Bakersfield-California,25.78999970833333,28.414285250000002,5.0726469,1014.1083333333332,0.0,3.6666666666666665
2020-10-17,35.356615,-119.062613,22.2,0.07,75.0,Bakersfield-California,25.942083125,26.465081958333332,5.3015485,1013.0458333333332,0.0,1.7916666666666667
2020-10-18,35.356615,-119.062613,22.1,0.063,75.0,Bakersfield-California,26.098333125,25.64362854166667,6.331463654166666,1013.775,0.0,0.9583333333333334
2020-10-19,35.356615,-119.062613,25.2,0.064,81.0,Bakersfield-California,25.537916666666664,26.322929104166665,6.3751595666666665,1014.0749999999999,0.0,0.75
2020-10-20,35.356615,-119.062613,22.3,0.062,76.0,Bakersfield-California,24.396249958333332,31.754299916666668,4.9513454333333335,1011.9125,0.0,0.0
2020-10-21,35.356615,-119.062613,21.0,0.06,73.0,Bakersfield-California,22.740000166666665,35.17160079166667,4.783602645833334,1009.5708333333333,0.0,0.0
2020-10-22,35.356615,-119.062613,20.1,0.056,71.0,Bakersfield-California,23.02750029166667,31.50975095833333,4.820575116666666,1008.4916666666667,0.0,0.0
2020-10-23,35.356615,-119.062613,13.5,0.043,59.0,Bakersfield-California,20.71916675,42.52514170833334,6.905089470833333,1011.7875,0.0,26.0
2020-10-24,35.356615,-119.062613,11.4,0.045,55.0,Bakersfield-California,19.885833333333334,32.39901033333333,5.205634579166667,1014.1625,0.0,57.083333333333336
2020-10-25,35.356615,-119.062613,11.6,0.034,56.0,Bakersfield-California,17.512916708333332,60.68061945833333,7.996611270833334,1012.2708333333334,0.004166666666666667,36.875
2020-10-26,35.356615,-119.062613,15.4,0.035,63.0,Bakersfield-California,17.256666666666668,49.13484735833333,7.085842670833333,1015.7916666666666,0.0,38.583333333333336
2020-10-27,35.356615,-119.062613,23.9,0.04,79.0,Bakersfield-California,15.481666466666667,42.62448033333333,5.517198870833333,1019.6,0.0,17.708333333333332
2020-10-28,35.356615,-119.062613,18.2,0.043,68.0,Bakersfield-California,17.312916541666667,24.537431041666665,4.32103700625,1018.6750000000001,0.0,0.0
2020-10-29,35.356615,-119.062613,24.4,0.052,80.0,Bakersfield-California,18.304583375,24.133054229166664,4.5485112375000005,1017.5541666666667,0.0,0.0
2020-10-30,35.356615,-119.062613,26.9,0.056,84.0,Bakersfield-California,18.477500083333332,24.69904133333333,5.189350195833334,1016.6750000000001,0.0,0.0
2020-10-31,35.356615,-119.062613,28.4,0.057,87.0,Bakersfield-California,18.637916791666665,30.110286625,5.095852308333334,1017.65,0.0,0.0
2020-11-01,35.356615,-119.062613,35.4,0.057,100.0,Bakersfield-California,19.831666708333334,28.217724333333333,5.501231491666666,1019.5208333333334,0.0,55.291666666666664
2020-11-02,35.356615,-119.062613,34.0,0.06,97.0,Bakersfield-California,19.908749958333335,28.541863541666668,5.140826594583333,1019.0375,0.0,29.291666666666668
2020-11-03,35.356615,-119.062613,34.3,0.056,98.0,Bakersfield-California,19.392083375000002,29.83433020833333,6.0824434,1016.7083333333334,0.0,21.0
2020-11-04,35.356615,-119.062613,37.4,0.057,106.0,Bakersfield-California,18.631666541666668,32.0843395,5.8439050791666665,1019.9375,0.0,4.666666666666667
2020-11-05,35.356615,-119.062613,37.5,0.045,106.0,Bakersfield-California,17.46291666666667,39.49336295833333,4.966079095,1021.0875,0.0,25.083333333333332
2020-11-06,35.356615,-119.062613,28.5,0.039,87.0,Bakersfield-California,18.542083416666667,36.18987154166667,7.711966558333334,1008.6291666666666,0.0,58.125
2020-11-07,35.356615,-119.062613,6.9,0.027,38.0,Bakersfield-California,11.781666333333334,65.707007125,8.797017920833333,1005.5500000000001,0.24583333333333332,73.04166666666667
2020-11-08,35.356615,-119.062613,7.4,0.032,41.0,Bakersfield-California,9.842083141666667,71.424020625,12.6006094375,1009.0458333333332,0.03333333333333333,30.25
2020-11-09,35.356615,-119.062613,7.9,0.031,44.0,Bakersfield-California,7.529583124999999,73.68312275,7.513957195833334,1017.1958333333333,0.08333333333333333,12.708333333333334
2020-11-10,35.356615,-119.062613,16.5,0.029,65.0,Bakersfield-California,7.506666541666667,59.706728749999996,4.704743579166666,1024.1333333333334,0.0,22.166666666666668
2020-11-11,35.356615,-119.062613,27.7,0.03,86.0,Bakersfield-California,9.812916733333333,52.00820458333333,4.742738425,1020.0041666666666,0.0,36.333333333333336
2020-11-12,35.356615,-119.062613,37.5,0.031,106.0,Bakersfield-California,9.989999841666666,51.57207708333333,5.148751454166667,1018.2416666666667,0.0,23.208333333333332
2020-11-13,35.356615,-119.062613,34.8,0.041,99.0,Bakersfield-California,12.017083208333332,46.569051583333334,4.67156134875,1019.4916666666667,0.0,0.125
2020-11-14,35.356615,-119.062613,31.5,0.033,93.0,Bakersfield-California,12.639999833333333,51.3735705,7.055585408333333,1021.9250000000001,0.0,10.0
2020-11-15,35.356615,-119.062613,26.4,0.027,83.0,Bakersfield-California,11.773333424999999,73.57218516666667,6.0762242875000005,1024.5541666666666,0.0,5.833333333333333
2020-11-16,35.356615,-119.062613,37.5,0.034,106.0,Bakersfield-California,13.092083166666667,64.98890329166666,6.249704266666666,1020.6833333333334,0.0,0.625
2020-11-17,35.356615,-119.062613,25.1,0.032,81.0,Bakersfield-California,20.050416791666667,30.536401125,4.972568041666666,1013.5625,0.0,38.833333333333336
2020-11-18,35.356615,-119.062613,12.2,0.02,57.0,Bakersfield-California,15.221249791666667,42.12274816666667,8.120778083333333,1016.0500000000001,0.0,62.458333333333336
2020-11-19,35.356615,-119.062613,11.8,0.025,56.0,Bakersfield-California,13.25249975,72.52468616666667,6.386349841666667,1022.2833333333333,0.0,37.208333333333336
2020-11-20,35.356615,-119.062613,18.2,0.022,68.0,Bakersfield-California,10.371249791666667,80.4888485,5.635681991666666,1023.6333333333333,0.0,84.04166666666667
2020-11-21,35.356615,-119.062613,29.8,0.029,90.0,Bakersfield-California,10.498333191666667,75.04798779166667,3.5889982249999997,1022.8249999999999,0.0,84.54166666666667
2020-11-22,35.356615,-119.062613,46.7,0.033,129.0,Bakersfield-California,10.504583275,69.41811175,5.005118208333333,1018.4666666666667,0.0,12.708333333333334
2020-11-23,35.356615,-119.062613,40.0,0.031,112.0,Bakersfield-California,10.72124975,64.899657375,6.635448733333334,1015.4375,0.0,22.75
2020-11-24,35.356615,-119.062613,37.5,0.033,106.0,Bakersfield-California,10.544166474999999,66.41846041666666,6.099815015416667,1018.3125,0.0,0.16666666666666666
2020-11-25,35.356615,-119.062613,24.0,0.033,79.0,Bakersfield-California,10.896249716666667,64.41004095833334,6.117296799999999,1020.1374999999999,0.0,4.333333333333333
2020-11-26,35.356615,-119.062613,17.3,0.027,66.0,Bakersfield-California,9.902499675,60.73726158333333,7.5678375749999995,1021.4208333333332,0.0,9.5
2020-11-27,35.356615,-119.062613,22.5,0.029,76.0,Bakersfield-California,9.181666475,59.741547249999996,6.221477445833333,1023.3291666666668,0.0,0.0
2020-11-28,35.356615,-119.062613,31.0,0.027,92.0,Bakersfield-California,9.517083283333333,44.05203591666666,4.68510321875,1024.0208333333333,0.0,0.0
2020-11-29,35.356615,-119.062613,34.3,0.033,98.0,Bakersfield-California,10.314999749583334,41.739193416666666,5.156334386666667,1022.4125,0.0,0.0
2020-11-30,35.356615,-119.062613,43.2,0.033,120.0,Bakersfield-California,10.185833166666667,44.835492916666674,4.647893829166667,1023.6583333333333,0.0,39.125
2020-12-01,35.356615,-119.062613,35.4,0.036,100.0,Bakersfield-California,10.519166583333334,44.9883795,4.237577902916667,1023.4916666666667,0.0,0.0
2020-12-02,35.356615,-119.062613,42.6,0.035,118.0,Bakersfield-California,10.108749957999999,51.362856083333334,5.849024929166667,1020.0,0.0,14.541666666666666
2020-12-03,35.356615,-119.062613,13.3,0.036,59.0,Bakersfield-California,16.144166625,19.041642075000002,13.124578241666667,1022.0916666666667,0.0,7.791666666666667
2020-12-04,35.356615,-119.062613,24.3,0.029,79.0,Bakersfield-California,10.550416508333333,27.8615729375,6.497026395833334,1025.0791666666667,0.0,14.0
2020-12-05,35.356615,-119.062613,28.3,0.031,87.0,Bakersfield-California,11.12124995,30.74368366666667,5.236605054166667,1023.6416666666668,0.0,33.875
2020-12-06,35.356615,-119.062613,36.0,0.033,102.0,Bakersfield-California,10.981666608333333,28.52296075,6.441207120833333,1024.8500000000001,0.0,56.5
2020-12-07,35.356615,-119.062613,42.3,0.029,118.0,Bakersfield-California,8.692083216666667,48.43014041666667,6.479755445833334,1021.1166666666667,0.0,20.375
2020-12-08,35.356615,-119.062613,29.8,0.019,90.0,Bakersfield-California,9.460833341666666,54.77482629166667,5.595181908333333,1022.5458333333332,0.0,32.791666666666664
2020-12-09,35.356615,-119.062613,29.4,0.021,89.0,Bakersfield-California,10.912916591666667,40.1093466875,6.2912922125,1019.6666666666666,0.0,51.125
2020-12-10,35.356615,-119.062613,39.6,0.031,111.0,Bakersfield-California,10.254583233333333,40.812988833333335,6.698153907083333,1016.0875,0.0,40.708333333333336
2020-12-11,35.356615,-119.062613,36.4,0.026,103.0,Bakersfield-California,10.639999708333333,43.485273666666664,5.722561245833333,1019.9958333333334,0.0,9.041666666666666
2020-12-12,35.356615,-119.062613,26.5,0.022,83.0,Bakersfield-California,9.600416508333334,64.82463504166667,5.4510304875,1020.2916666666666,0.016666666666666666,62.125
2020-12-13,35.356615,-119.062613,13.0,0.022,58.0,Bakersfield-California,10.900416558333333,76.38184304166667,5.156565533333334,1023.3833333333333,0.004166666666666667,65.58333333333333
2020-12-14,35.356615,-119.062613,7.5,0.025,42.0,Bakersfield-California,10.646249516666666,73.69253450000001,10.340071241666665,1022.7125,0.04583333333333334,60.958333333333336
2020-12-15,35.356615,-119.062613,16.0,0.023,64.0,Bakersfield-California,7.9420832,73.69410129166667,5.974858916666666,1025.9958333333334,0.0,24.666666666666668
2020-12-16,35.356615,-119.062613,26.8,0.017,84.0,Bakersfield-California,7.1670832625,73.88322758333334,5.856424425,1025.7041666666667,0.0,12.416666666666666
2020-12-17,35.356615,-119.062613,26.1,0.024,83.0,Bakersfield-California,9.737916383333333,66.895954125,8.8536309375,1018.0124999999999,0.049999999999999996,72.625
2020-12-18,35.356615,-119.062613,23.0,0.024,77.0,Bakersfield-California,8.348333166666666,83.91384466666666,6.758461866666667,1022.5500000000001,0.0,50.625
2020-12-19,35.356615,-119.062613,29.3,0.023,89.0,Bakersfield-California,7.456666533333333,84.19095,4.027509141666667,1028.3708333333334,0.0,37.083333333333336
2020-12-20,35.356615,-119.062613,39.0,0.021,110.0,Bakersfield-California,6.408749904166666,79.43732879166667,5.060325315416667,1027.7583333333334,0.0,22.375
2020-12-21,35.356615,-119.062613,48.5,0.022,133.0,Bakersfield-California,7.939999933333333,67.11286079166666,5.4249705875,1020.775,0.0,0.375
2020-12-22,35.356615,-119.062613,34.1,0.019,98.0,Bakersfield-California,7.731666574999999,70.47755804166667,7.253000450000001,1019.0833333333334,0.0,21.0
2020-12-23,35.356615,-119.062613,19.0,0.02,69.0,Bakersfield-California,7.0962498499999995,75.12223620833333,6.689576275,1023.2791666666667,0.0,67.08333333333333
2020-12-24,35.356615,-119.062613,22.3,0.014,76.0,Bakersfield-California,10.727499924999998,34.67890552083333,10.907355016666665,1024.9541666666667,0.0,98.79166666666667
2020-12-25,35.356615,-119.062613,34.5,0.022,98.0,Bakersfield-California,11.552499841666666,39.31819879166667,7.025761945833334,1022.0875,0.0,40.791666666666664
2020-12-26,35.356615,-119.062613,16.0,0.025,64.0,Bakersfield-California,12.250416416666667,57.28972325,5.9078668125,1021.5958333333333,0.041666666666666664,44.875
2020-12-27,35.356615,-119.062613,13.0,0.023,58.0,Bakersfield-California,10.556666516666667,78.76093887500001,5.089697904166667,1017.8249999999999,0.025000000000000005,76.95833333333333
2020-12-28,35.356615,-119.062613,3.5,0.025,19.0,Bakersfield-California,10.50874975,72.349383125,7.4605822625,1008.8958333333334,0.2916666666666667,76.83333333333333
2020-12-29,35.356615,-119.062613,16.2,0.024,64.0,Bakersfield-California,8.227499691666667,82.80885404166666,5.431464658333333,1019.1750000000001,0.03333333333333333,67.54166666666667
2020-12-30,35.356615,-119.062613,19.4,0.022,70.0,Bakersfield-California,7.01499995,78.86331379166667,5.662378304166666,1027.2791666666667,0.0,33.625
2020-12-31,35.356615,-119.062613,19.4,0.022,70.0,Bakersfield-California,7.01499995,78.86331379166667,5.662378304166666,1027.2791666666667,0.0,33.625
2021-01-01,35.356615,-119.062613,31.5,0.024,93.0,Bakersfield-California,7.214999850000001,74.29341112499999,4.720700104166666,1021.4458333333333,0.0,32.0
2021-01-02,35.356615,-119.062613,20.6,0.024,72.0,Bakersfield-California,8.760833266666667,67.95607104166668,4.766316152083333,1023.9375,0.0,65.33333333333333
2021-01-03,35.356615,-119.062613,32.6,0.025,95.0,Bakersfield-California,10.575416341666667,62.183658625,6.585807841666667,1023.9041666666667,0.0,78.375
2021-01-04,35.356615,-119.062613,20.3,0.026,72.0,Bakersfield-California,10.971249825,64.35420754166667,4.943397733333334,1022.3916666666668,0.0,61.208333333333336
2021-01-05,35.356615,-119.062613,14.9,0.021,62.0,Bakersfield-California,11.967082958333334,78.80312495833333,7.756878341666667,1023.35,0.012500000000000002,74.29166666666667
2021-01-06,35.356615,-119.062613,23.2,0.021,77.0,Bakersfield-California,8.602499766666666,85.62864479166666,5.4147212375,1023.4208333333332,0.0,93.5
2021-01-07,35.356615,-119.062613,31.5,0.021,93.0,Bakersfield-California,8.0462499,81.00157941666667,5.683950479166666,1023.9583333333334,0.0,72.58333333333333
2021-01-08,35.356615,-119.062613,40.7,0.023,114.0,Bakersfield-California,7.929583308333334,77.298540125,5.605404087499999,1023.4458333333333,0.0,33.916666666666664
2021-01-09,35.356615,-119.062613,35.1,0.018,99.0,Bakersfield-California,8.198333108333333,73.83327016666667,6.272663229166667,1024.7,0.0,20.916666666666668
2021-01-10,35.356615,-119.062613,32.1,0.022,94.0,Bakersfield-California,7.469166575,81.66895579166666,5.68516151875,1024.8333333333333,0.0,31.875
2021-01-11,35.356615,-119.062613,28.3,0.02,87.0,Bakersfield-California,8.598333216666667,71.764661625,6.580493045833333,1024.8291666666667,0.0,32.541666666666664
2021-01-12,35.356615,-119.062613,49.0,0.013,134.0,Bakersfield-California,9.279583116666666,63.402211625,4.559695995833334,1024.7875000000001,0.0,79.875
2021-01-13,35.356615,-119.062613,43.9,0.024,122.0,Bakersfield-California,9.239999845833333,62.26128941666667,5.597766149999999,1027.7791666666667,0.0,70.04166666666667
2021-01-14,35.356615,-119.062613,49.8,0.03,136.0,Bakersfield-California,10.752499883333334,53.486830499999996,6.526267704166667,1026.9708333333333,0.0,2.5833333333333335
2021-01-15,35.356615,-119.062613,53.8,0.034,146.0,Bakersfield-California,10.935833283333332,63.874114999999996,5.7860473416666665,1026.0041666666666,0.0,18.083333333333332
2021-01-16,35.356615,-119.062613,52.4,0.031,143.0,Bakersfield-California,11.710833091666666,67.99564625000001,7.1022686791666665,1022.4875000000001,0.0,26.166666666666668
2021-01-17,35.356615,-119.062613,45.7,0.035,126.0,Bakersfield-California,13.3670833,53.305770125,4.7469031529166665,1019.5749999999999,0.0,8.25
2021-01-18,35.356615,-119.062613,38.6,0.034,109.0,Bakersfield-California,12.921249833333334,58.19280795833333,6.419441508333333,1014.2375000000001,0.0,1.2916666666666667
2021-01-19,35.356615,-119.062613,14.3,0.033,61.0,Bakersfield-California,12.733749875,43.4519804375,8.054866675,1009.0,0.0,35.083333333333336
2021-01-20,35.356615,-119.062613,13.3,0.026,59.0,Bakersfield-California,11.754583308333332,32.668563541666664,6.6297508375000005,1017.2125,0.0,7.375
2021-01-21,35.356615,-119.062613,14.9,0.027,62.0,Bakersfield-California,12.306666508333334,36.729905458333334,5.285998874166666,1018.3000000000001,0.0,2.375
2021-01-22,35.356615,-119.062613,10.9,0.024,54.0,Bakersfield-California,12.110832966666665,39.725738416666665,7.962843354166666,1014.0083333333333,0.0625,42.875
2021-01-23,35.356615,-119.062613,8.5,0.024,47.0,Bakersfield-California,8.710833225,79.48001420833333,6.293661254166667,1012.9416666666666,0.02916666666666667,59.916666666666664
2021-01-24,35.356615,-119.062613,11.4,0.027,55.0,Bakersfield-California,8.181666425,69.77499304166666,4.2292342750000005,1014.4166666666666,0.008333333333333333,43.708333333333336
2021-01-25,35.356615,-119.062613,5.7,0.027,32.0,Bakersfield-California,7.948333341666667,67.73214841666667,10.4449058125,1009.8916666666668,0.125,65.0
2021-01-26,35.356615,-119.062613,7.5,0.028,42.0,Bakersfield-California,5.315000045833333,76.808178875,5.084861208333334,1013.9708333333333,0.008333333333333333,35.708333333333336
2021-01-27,35.356615,-119.062613,14.5,0.032,61.0,Bakersfield-California,9.754583175,52.508532958333326,19.971418558333333,1015.4541666666668,0.025000000000000005,81.375
2021-01-28,35.356615,-119.062613,5.8,0.031,32.0,Bakersfield-California,14.112916125,41.274464083333335,26.51980275,1011.4416666666666,0.008333333333333333,52.958333333333336
2021-01-29,35.356615,-119.062613,8.0,0.031,44.0,Bakersfield-California,9.692083174999999,82.377039375,6.581245525,1011.3833333333333,0.6875,69.33333333333333
2021-01-30,35.356615,-119.062613,14.0,0.032,60.0,Bakersfield-California,8.267083108333333,77.93191558333334,4.628127629166666,1020.4708333333333,0.0,11.583333333333334
2021-01-31,35.356615,-119.062613,19.8,0.026,71.0,Bakersfield-California,9.610833300000001,71.06579475,4.24741162,1022.4375,0.0,59.416666666666664
2021-02-01,35.356615,-119.062613,13.2,0.028,59.0,Bakersfield-California,14.446249916666666,57.4587095,4.387817425000001,1018.2208333333333,0.0,85.625
2021-02-02,35.356615,-119.062613,8.0,0.034,44.0,Bakersfield-California,13.95874975,61.80340208333333,7.287683449999999,1018.2875,0.0,36.541666666666664
2021-02-03,35.356615,-119.062613,11.4,0.024,55.0,Bakersfield-California,12.617083000000001,76.78135816666666,10.362098779166667,1021.1791666666667,0.0,55.333333333333336
2021-02-04,35.356615,-119.062613,16.7,0.027,65.0,Bakersfield-California,8.408749816666667,69.04887733333334,7.021453495833334,1022.8833333333333,0.0,14.0
2021-02-05,35.356615,-119.062613,23.7,0.029,78.0,Bakersfield-California,8.131666433333335,75.79718154166666,4.499230304166667,1023.7791666666667,0.0,10.958333333333334
2021-02-06,35.356615,-119.062613,39.0,0.035,110.0,Bakersfield-California,9.47958325,71.35115866666666,5.771876654166667,1019.8791666666666,0.0,0.5
2021-02-07,35.356615,-119.062613,31.6,0.038,93.0,Bakersfield-California,11.121249916666665,66.17756145833333,4.57691657375,1016.6583333333333,0.0,13.0
2021-02-08,35.356615,-119.062613,29.0,0.04,88.0,Bakersfield-California,11.754583183333333,66.84310675,5.656286729166666,1014.3708333333334,0.0,49.166666666666664
2021-02-09,35.356615,-119.062613,31.8,0.036,93.0,Bakersfield-California,12.464999708333332,62.275151791666666,6.150501562500001,1015.1666666666666,0.0,95.0
2021-02-10,35.356615,-119.062613,28.7,0.032,88.0,Bakersfield-California,12.654583083333334,70.27679991666666,6.081243529166667,1017.3874999999999,0.004166666666666667,52.416666666666664
2021-02-11,35.356615,-119.062613,18.8,0.032,69.0,Bakersfield-California,13.339999841666668,69.26510829166666,4.866351908333333,1018.5416666666666,0.0,51.375
2021-02-12,35.356615,-119.062613,10.8,0.029,54.0,Bakersfield-California,13.154583083333334,67.57404016666668,10.578749633333333,1015.7208333333333,0.21666666666666667,56.041666666666664
2021-02-13,35.356615,-119.062613,9.6,0.027,52.0,Bakersfield-California,10.862916433333334,65.20140583333334,8.226963645833333,1016.7166666666667,0.016666666666666666,76.58333333333333
2021-02-14,35.356615,-119.062613,8.5,0.032,47.0,Bakersfield-California,10.304583066666666,72.79671895833333,8.132996320833334,1016.8958333333334,0.012500000000000002,48.5
2021-02-15,35.356615,-119.062613,10.8,0.028,54.0,Bakersfield-California,10.829583133333335,55.29257783333333,5.0570528625,1019.6333333333333,0.0,71.375
2021-02-16,35.356615,-119.062613,11.5,0.03,55.0,Bakersfield-California,12.185833125,69.86359475,9.8485401,1018.5333333333333,0.0,75.04166666666667
2021-02-17,35.356615,-119.062613,10.8,0.031,54.0,Bakersfield-California,10.348333191666667,60.696865833333334,7.581015945833333,1020.0458333333332,0.0,18.041666666666668
2021-02-18,35.356615,-119.062613,7.8,0.035,43.0,Bakersfield-California,11.125416549999999,43.63155227083333,4.673231114583333,1025.1375,0.0,1.0
2021-02-19,35.356615,-119.062613,10.5,0.037,54.0,Bakersfield-California,12.404583141666668,45.18622320833333,5.1937524625,1026.6666666666667,0.0,6.75
2021-02-20,35.356615,-119.062613,9.4,0.033,52.0,Bakersfield-California,13.177499708333334,48.751806125,12.685567925,1024.0666666666666,0.016666666666666666,28.875
2021-02-21,35.356615,-119.062613,8.4,0.033,47.0,Bakersfield-California,9.902499808333333,55.78531795833334,6.719507283333333,1029.2166666666667,0.0,2.9583333333333335
2021-02-22,35.356615,-119.062613,15.0,0.032,62.0,Bakersfield-California,11.464999925,57.69110225,6.895361854166667,1026.9958333333334,0.0,0.0
2021-02-23,35.356615,-119.062613,17.3,0.038,66.0,Bakersfield-California,14.12749975,45.133634875000006,6.2703184541666666,1020.3249999999999,0.0,16.791666666666668
2021-02-24,35.356615,-119.062613,14.9,0.037,62.0,Bakersfield-California,14.144166583333332,45.19291904166667,6.3774293625,1018.9083333333333,0.0,14.208333333333334
2021-02-25,35.356615,-119.062613,8.2,0.035,46.0,Bakersfield-California,12.975416683333334,30.381674354166666,7.085782662500001,1021.9541666666668,0.0,0.375
2021-02-26,35.356615,-119.062613,14.3,0.04,61.0,Bakersfield-California,12.308749833333332,32.384448,5.582042882083333,1020.8541666666666,0.0,0.7083333333333334
2021-02-27,35.356615,-119.062613,14.4,0.032,61.0,Bakersfield-California,11.962916458333332,45.31106675,9.0391343875,1017.5625,0.0,2.7083333333333335
2021-02-28,35.356615,-119.062613,6.3,0.035,35.0,Bakersfield-California,12.406666541666667,30.734136125000003,6.965006354166667,1020.5541666666667,0.0,26.0
2021-03-01,35.356615,-119.062613,4.3,0.035,24.0,Bakersfield-California,15.242083333333333,14.409118254166666,10.197104125000001,1021.4916666666667,0.0,0.041666666666666664
2021-03-02,35.356615,-119.062613,6.3,0.037,35.0,Bakersfield-California,16.219166291666667,13.323639204166668,9.037582058333333,1014.7125,0.0,40.791666666666664
2021-03-03,35.356615,-119.062613,11.0,0.034,55.0,Bakersfield-California,14.279583333333333,23.173467937500003,6.903492207083333,1007.9208333333332,0.0,42.916666666666664
2021-03-04,35.356615,-119.062613,11.0,0.034,55.0,Bakersfield-California,14.279583333333333,23.173467937500003,6.903492207083333,1007.9208333333332,0.0,42.916666666666664
2021-03-05,35.356615,-119.062613,14.2,0.042,61.0,Bakersfield-California,15.302499891666665,36.878337583333334,4.884243870833333,1022.0583333333334,0.0,17.875
2021-03-06,35.356615,-119.062613,8.7,0.034,48.0,Bakersfield-California,15.49833325,48.29248125,9.425342345833334,1017.625,0.008333333333333333,36.0
2021-03-07,35.356615,-119.062613,6.9,0.03,38.0,Bakersfield-California,12.269166225,50.987947375000005,7.602897158333334,1018.4625,0.0,68.58333333333333
2021-03-08,35.356615,-119.062613,9.7,0.035,52.0,Bakersfield-California,12.675416583333332,47.027785916666666,7.0978968875,1019.4541666666668,0.0,36.708333333333336
2021-03-09,35.356615,-119.062613,5.1,0.035,28.0,Bakersfield-California,11.981666466666667,43.268905749999995,9.527699954166666,1021.3625000000001,0.0,35.5
2021-03-10,35.356615,-119.062613,4.5,0.031,25.0,Bakersfield-California,11.379583041666665,56.52397825,9.04821405,1016.8416666666667,0.17916666666666667,63.875
2021-03-11,35.356615,-119.062613,4.5,0.031,25.0,Bakersfield-California,11.379583041666665,56.52397825,9.04821405,1016.8416666666667,0.17916666666666667,63.875
2021-03-12,35.356615,-119.062613,8.6,0.037,48.0,Bakersfield-California,8.917083266666667,62.03844229166666,5.102052858333333,1020.3291666666668,0.004166666666666667,80.125
2021-03-13,35.356615,-119.062613,10.3,0.039,53.0,Bakersfield-California,12.073333166666666,48.81524270833333,6.6017731375,1023.0749999999999,0.0,21.0
2021-03-14,35.356615,-119.062613,9.5,0.037,52.0,Bakersfield-California,12.294166566666666,59.77127783333333,8.4225986,1023.775,0.0,37.208333333333336
2021-03-15,35.356615,-119.062613,2.7,0.033,15.0,Bakersfield-California,11.375416416666667,60.907932458333335,11.262300933333334,1017.4125,0.0625,80.5
2021-03-16,35.356615,-119.062613,6.6,0.035,37.0,Bakersfield-California,7.510833291666667,67.87293475,5.411446404166667,1017.5916666666667,0.041666666666666664,25.458333333333332
2021-03-17,35.356615,-119.062613,12.6,0.036,58.0,Bakersfield-California,11.35666655,53.316219499999995,5.0153596375000005,1019.0208333333334,0.0,34.541666666666664
2021-03-18,35.356615,-119.062613,11.8,0.045,56.0,Bakersfield-California,15.60458325,45.145470958333334,5.371229858333333,1018.4833333333332,0.0,48.541666666666664
2021-03-19,35.356615,-119.062613,3.7,0.034,21.0,Bakersfield-California,17.689999833333335,56.49091620833334,8.995533495833334,1020.0166666666668,0.0,46.5
2021-03-20,35.356615,-119.062613,6.0,0.04,33.0,Bakersfield-California,14.687916375,67.491293125,14.573383041666666,1022.0208333333334,0.17500000000000002,53.125
2021-03-21,35.356615,-119.062613,7.0,0.037,39.0,Bakersfield-California,11.648333216666666,44.54997825,9.184762195833335,1022.9958333333334,0.0,4.625
2021-03-22,35.356615,-119.062613,10.8,0.043,54.0,Bakersfield-California,13.258749841666665,44.794092166666665,7.364295879166666,1021.625,0.0,3.25
2021-03-23,35.356615,-119.062613,8.6,0.034,48.0,Bakersfield-California,13.917083083333333,50.12217437500001,10.534498116666667,1015.2125,0.0,47.291666666666664
2021-03-24,35.356615,-119.062613,5.7,0.043,32.0,Bakersfield-California,13.723333191666667,38.3397610625,7.2206165166666665,1015.9875000000001,0.0,16.625
2021-03-25,35.356615,-119.062613,6.5,0.035,36.0,Bakersfield-California,14.637916583333334,29.554495875,8.5436378875,1010.1166666666667,0.0,70.33333333333333
2021-03-26,35.356615,-119.062613,6.6,0.04,37.0,Bakersfield-California,13.35249975,54.352858166666664,7.599976866666666,1012.6,0.004166666666666667,45.666666666666664
2021-03-27,35.356615,-119.062613,11.5,0.044,55.0,Bakersfield-California,16.208749791666666,37.92677183333333,6.101747058333333,1022.1083333333332,0.0,0.16666666666666666
2021-03-28,35.356615,-119.062613,10.3,0.048,53.0,Bakersfield-California,18.267083333333336,29.466830708333333,5.816994654166667,1023.5375,0.0,0.0
2021-03-29,35.356615,-119.062613,12.2,0.047,57.0,Bakersfield-California,19.91916675,29.904521958333333,7.219464620833333,1016.7333333333332,0.0,0.0
2021-03-30,35.356615,-119.062613,7.5,0.044,42.0,Bakersfield-California,19.071249833333333,34.51933666666667,7.8271436083333334,1013.3249999999999,0.0,0.0
2021-03-31,35.356615,-119.062613,10.3,0.046,53.0,Bakersfield-California,20.294166708333332,26.72679465,8.7226849775,1018.0166666666668,0.0,0.0
2021-04-01,35.356615,-119.062613,9.8,0.052,52.0,Bakersfield-California,21.946250000000003,9.344423775000001,8.907355383333334,1015.1,0.0,18.25
2021-04-02,35.356615,-119.062613,12.8,0.055,58.0,Bakersfield-California,23.235833375,18.114064658333334,6.6855683500000005,1012.6125000000001,0.0,4.25
2021-04-03,35.356615,-119.062613,11.9,0.051,56.0,Bakersfield-California,22.090000083333333,21.386679416666666,8.747336916666667,1016.4833333333332,0.0,17.916666666666668
2021-04-04,35.356615,-119.062613,11.0,0.041,55.0,Bakersfield-California,19.785833375,35.502818,8.707783995833333,1019.3291666666668,0.0,22.375
2021-04-05,35.356615,-119.062613,10.3,0.041,53.0,Bakersfield-California,19.210833416666667,38.80138466666667,10.15506485,1015.8958333333334,0.0,47.291666666666664
2021-04-06,35.356615,-119.062613,9.1,0.042,51.0,Bakersfield-California,18.627499875,39.40801558333333,9.1191433375,1014.6541666666667,0.0,57.875
2021-04-07,35.356615,-119.062613,9.3,0.047,51.0,Bakersfield-California,20.51916675,33.639067000000004,6.903427327916667,1017.3958333333334,0.0,18.291666666666668
2021-04-08,35.356615,-119.062613,7.4,0.044,41.0,Bakersfield-California,19.942083416666666,29.710059041666668,11.276205333333335,1018.3416666666667,0.0,47.666666666666664
2021-04-09,35.356615,-119.062613,12.0,0.046,56.0,Bakersfield-California,19.07125,25.423827,7.336111625,1017.5916666666667,0.0,35.875
2021-04-10,35.356615,-119.062613,9.8,0.046,52.0,Bakersfield-California,19.023333291666667,31.896219958333333,9.956947825,1015.9499999999999,0.0,40.333333333333336
2021-04-11,35.356615,-119.062613,11.6,0.047,56.0,Bakersfield-California,19.279583249999998,28.202668708333334,6.2422456,1011.6833333333334,0.0,55.25
2021-04-12,35.356615,-119.062613,9.8,0.048,52.0,Bakersfield-California,20.577500083333334,30.914970541666666,7.733938537499999,1008.3708333333334,0.0,36.208333333333336
2021-04-13,35.356615,-119.062613,10.7,0.043,54.0,Bakersfield-California,21.481666583333332,31.950410291666667,10.070197004166667,1008.0375,0.0,7.291666666666667
2021-04-14,35.356615,-119.062613,9.7,0.042,52.0,Bakersfield-California,16.406666666666666,41.615740583333334,9.4344584375,1011.6833333333334,0.0,5.166666666666667
2021-04-15,35.356615,-119.062613,11.2,0.045,55.0,Bakersfield-California,17.054583291666667,38.52513233333333,8.9833105875,1015.0541666666667,0.0,7.5
2021-04-16,35.356615,-119.062613,9.6,0.047,52.0,Bakersfield-California,18.235833333333332,28.155676791666664,8.979415654166667,1014.2208333333333,0.0,2.75
2021-04-17,35.356615,-119.062613,12.2,0.047,57.0,Bakersfield-California,20.15666675,28.142438791666667,8.032956091666668,1014.0500000000001,0.0,1.1666666666666667
2021-04-18,35.356615,-119.062613,9.1,0.047,51.0,Bakersfield-California,22.11708341666667,27.275077125,7.762837775,1016.5958333333333,0.0,2.1666666666666665
2021-04-19,35.356615,-119.062613,8.4,0.05,47.0,Bakersfield-California,22.900416708333335,16.478672920833333,8.7721247875,1016.525,0.0,2.0416666666666665
2021-04-20,35.356615,-119.062613,10.8,0.048,54.0,Bakersfield-California,23.994166625000002,21.0717714375,9.182204129166665,1011.6,0.0,14.125
2021-04-21,35.356615,-119.062613,7.5,0.039,42.0,Bakersfield-California,19.158749958333335,39.72590470833333,10.194301695833333,1009.3041666666667,0.0,10.666666666666666
2021-04-22,35.356615,-119.062613,9.6,0.042,52.0,Bakersfield-California,19.70458329166667,43.149312625,9.276100099999999,1010.6,0.0,4.958333333333333
2021-04-23,35.356615,-119.062613,8.7,0.04,48.0,Bakersfield-California,20.371249958333333,37.744581125,10.603992691666667,1012.5875,0.0,1.9166666666666667
2021-04-24,35.356615,-119.062613,6.1,0.039,34.0,Bakersfield-California,19.623333249999998,40.780276666666666,9.357515220833333,1014.2333333333332,0.0,15.208333333333334
2021-04-25,35.356615,-119.062613,3.1,0.036,17.0,Bakersfield-California,17.354583333333334,38.92070145833333,11.170370458333332,1012.3041666666667,0.004166666666666667,64.66666666666667
2021-04-26,35.356615,-119.062613,4.5,0.035,25.0,Bakersfield-California,14.404583083333334,56.53224345833333,10.387395491666666,1011.7791666666667,0.075,79.25
2021-04-27,35.356615,-119.062613,5.4,0.041,30.0,Bakersfield-California,15.579583041666666,39.67098570833333,10.0762803625,1012.7833333333333,0.0,22.375
2021-04-28,35.356615,-119.062613,6.9,0.049,38.0,Bakersfield-California,18.437916583333333,34.198134625,7.420697104166667,1019.0124999999999,0.0,0.6666666666666666
2021-04-29,35.356615,-119.062613,11.8,0.058,56.0,Bakersfield-California,22.431666583333335,22.908383208333333,7.006151233333334,1020.5541666666667,0.0,20.083333333333332
2021-04-30,35.356615,-119.062613,16.4,0.062,65.0,Bakersfield-California,25.748333083333335,22.079809375,8.604728708333333,1018.3125,0.0,35.208333333333336
2021-05-01,35.356615,-119.062613,7.0,0.048,39.0,Bakersfield-California,25.962916833333335,20.908123145833333,12.144963595833334,1013.5458333333332,0.0,85.33333333333333
2021-05-02,35.356615,-119.062613,7.2,0.038,40.0,Bakersfield-California,22.323333333333334,29.140215958333332,12.929430270833334,1011.1,0.0,0.4583333333333333
2021-05-03,35.356615,-119.062613,8.3,0.044,46.0,Bakersfield-California,23.175417,29.614370375000004,8.718364379166667,1010.2166666666667,0.0,0.16666666666666666
2021-05-04,35.356615,-119.062613,10.5,0.052,54.0,Bakersfield-California,25.512916708333332,18.947662083333334,6.706694354166667,1011.9041666666667,0.0,32.875
2021-05-05,35.356615,-119.062613,12.7,0.052,58.0,Bakersfield-California,27.439999874999998,20.5683970625,7.876026458333333,1010.8708333333334,0.0,0.0
2021-05-06,35.356615,-119.062613,9.9,0.052,52.0,Bakersfield-California,28.498333041666665,20.591342791666666,10.947179437499999,1012.0749999999999,0.0,20.0
2021-05-07,35.356615,-119.062613,6.5,0.044,36.0,Bakersfield-California,24.867083583333336,28.904693958333336,12.498825887499999,1013.8375,0.0,0.875
2021-05-08,35.356615,-119.062613,7.2,0.048,40.0,Bakersfield-California,22.92125025,24.804666666666666,9.261719537500001,1013.7458333333334,0.0,0.0
2021-05-09,35.356615,-119.062613,7.1,0.04,39.0,Bakersfield-California,23.86916675,19.781019354166666,8.19891455,1012.0541666666667,0.0,6.333333333333333
2021-05-10,35.356615,-119.062613,9.0,0.046,50.0,Bakersfield-California,25.198333166666668,21.160572770833333,9.765072250000001,1008.8125,0.0,0.6666666666666666
2021-05-11,35.356615,-119.062613,9.7,0.055,52.0,Bakersfield-California,26.5754165,26.48569175,8.379607720833333,1009.9375,0.0,0.0
2021-05-12,35.356615,-119.062613,9.9,0.059,52.0,Bakersfield-California,28.077499666666668,20.638089795833334,8.666400683333334,1011.1833333333334,0.0,0.3333333333333333
2021-05-13,35.356615,-119.062613,9.6,0.058,52.0,Bakersfield-California,28.431666458333336,22.709928504166665,9.58632985,1012.9166666666666,0.0,9.25
2021-05-14,35.356615,-119.062613,6.8,0.052,38.0,Bakersfield-California,27.825416375,19.808928062499998,9.659993508333333,1011.125,0.0,5.833333333333333
2021-05-15,35.356615,-119.062613,3.4,0.036,19.0,Bakersfield-California,24.33791654166667,29.058862708333333,9.915405,1009.4166666666666,0.0,7.083333333333333
2021-05-16,35.356615,-119.062613,4.0,0.038,22.0,Bakersfield-California,20.42750008333333,42.75447233333333,9.383223933333333,1011.0208333333334,0.0,9.208333333333334
2021-05-17,35.356615,-119.062613,6.1,0.045,34.0,Bakersfield-California,22.473333541666666,41.0900145,9.122912066666666,1013.6916666666666,0.0,6.083333333333333
2021-05-18,35.356615,-119.062613,7.6,0.042,42.0,Bakersfield-California,24.067083458333332,33.54712504166667,11.353923570833333,1015.1666666666666,0.0,1.0833333333333333
2021-05-19,35.356615,-119.062613,6.2,0.054,34.0,Bakersfield-California,24.11083358333333,20.498809375,10.302878054166667,1012.2125,0.0,1.9166666666666667
2021-05-20,35.356615,-119.062613,5.7,0.045,32.0,Bakersfield-California,20.49000008333333,20.853211583333334,15.7443215,1011.9583333333334,0.0,0.0
2021-05-21,35.356615,-119.062613,4.6,0.039,26.0,Bakersfield-California,17.625416583333333,22.215067833333332,14.403091254166666,1013.1333333333333,0.0,11.75
2021-05-22,35.356615,-119.062613,5.3,0.041,29.0,Bakersfield-California,17.564999875,32.33634158333333,7.868391429166667,1015.7791666666667,0.0625,21.416666666666668
2021-05-23,35.356615,-119.062613,4.2,0.043,23.0,Bakersfield-California,20.433749958333333,26.346523416666667,8.900207754166667,1017.8291666666668,0.0,2.25
2021-05-24,35.356615,-119.062613,8.7,0.05,48.0,Bakersfield-California,22.752500041666668,27.377959166666667,8.911318633333334,1017.2416666666667,0.0,0.0
2021-05-25,35.356615,-119.062613,5.2,0.036,29.0,Bakersfield-California,25.129583666666665,25.884360708333332,9.342879170833333,1015.1374999999999,0.0,39.625
2021-05-26,35.356615,-119.062613,4.6,0.048,26.0,Bakersfield-California,25.660833208333333,23.886636187500002,10.227425704166667,1013.7833333333333,0.0,44.375
2021-05-27,35.356615,-119.062613,7.0,0.053,39.0,Bakersfield-California,26.06083320833333,22.8109619375,10.260459391666666,1015.0083333333333,0.0,7.416666666666667
2021-05-28,35.356615,-119.062613,7.3,0.047,41.0,Bakersfield-California,25.535833458333332,22.88070970833333,9.95833955,1014.3708333333334,0.0,9.166666666666666
2021-05-29,35.356615,-119.062613,4.5,0.042,25.0,Bakersfield-California,26.058750166666666,28.355047041666666,10.979641012499998,1010.625,0.0,32.333333333333336
2021-05-30,35.356615,-119.062613,9.0,0.048,50.0,Bakersfield-California,26.058750041666666,32.45429679166667,8.982315904166667,1009.9499999999999,0.0,0.25
2021-05-31,35.356615,-119.062613,12.5,0.063,57.0,Bakersfield-California,29.842083375,26.42336225,5.907066808333333,1009.6333333333333,0.0,2.5
2021-06-01,35.356615,-119.062613,13.7,0.063,60.0,Bakersfield-California,33.08791633333333,21.702276333333334,9.112303380833334,1010.25,0.0,14.291666666666666
2021-06-02,35.356615,-119.062613,9.2,0.053,51.0,Bakersfield-California,33.53166645833333,19.954456375,9.731425329166667,1008.9083333333333,0.0,12.416666666666666
2021-06-03,35.356615,-119.062613,9.4,0.06,52.0,Bakersfield-California,32.84833270833334,17.925524125,8.9389875125,1007.1999999999999,0.0,0.041666666666666664
2021-06-04,35.356615,-119.062613,9.1,0.055,51.0,Bakersfield-California,32.450416375,21.2490025,9.0629343375,1008.5625,0.0,0.041666666666666664
2021-06-05,35.356615,-119.062613,6.2,0.055,34.0,Bakersfield-California,31.748332791666666,20.487433041666666,9.147786841666667,1009.6458333333334,0.0,0.5
2021-06-06,35.356615,-119.062613,7.9,0.05,44.0,Bakersfield-California,29.742082916666664,18.441213666666666,9.7704893,1007.15,0.0,0.0
2021-06-07,35.356615,-119.062613,5.6,0.043,31.0,Bakersfield-California,25.402500208333333,28.437997375,8.162535595833333,1008.2375000000001,0.0,46.25
2021-06-08,35.356615,-119.062613,3.3,0.042,18.0,Bakersfield-California,21.919166833333335,32.68395566666667,10.115796825,1012.8541666666666,0.0,0.041666666666666664
2021-06-09,35.356615,-119.062613,4.7,0.043,26.0,Bakersfield-California,20.92125,29.868610875,9.919682354166666,1016.8208333333333,0.0,1.2916666666666667
2021-06-10,35.356615,-119.062613,4.3,0.043,24.0,Bakersfield-California,19.581666666666667,30.868541375000003,11.727139716666665,1020.6875,0.0,0.375
2021-06-11,35.356615,-119.062613,7.2,0.051,40.0,Bakersfield-California,20.565000083333334,23.738152041666666,7.344949375,1017.0625,0.0,0.0
2021-06-12,35.356615,-119.062613,6.2,0.045,34.0,Bakersfield-California,24.100416624999998,20.7683573125,8.0617707875,1013.4958333333334,0.0,0.0
2021-06-13,35.356615,-119.062613,6.5,0.043,36.0,Bakersfield-California,28.110833375,32.387997291666665,7.053147137500001,1010.4583333333334,0.0,1.7916666666666667
2021-06-14,35.356615,-119.062613,5.5,0.043,31.0,Bakersfield-California,28.544166541666666,32.839542791666666,9.8024756875,1012.8249999999999,0.0,19.083333333333332
2021-06-15,35.356615,-119.062613,6.9,0.05,38.0,Bakersfield-California,27.650416708333335,31.702146374999998,9.978586770833333,1014.5458333333332,0.0,12.291666666666666
2021-06-16,35.356615,-119.062613,11.1,0.065,55.0,Bakersfield-California,28.40666675,21.6406431875,5.796018291666666,1013.2375000000001,0.0,85.16666666666667
2021-06-17,35.356615,-119.062613,16.7,0.079,65.0,Bakersfield-California,31.852499500000004,16.139053045833332,6.4397829,1008.3833333333333,0.0,57.5
2021-06-18,35.356615,-119.062613,15.7,0.077,63.0,Bakersfield-California,35.49624920833333,12.4621026625,5.813650849999999,1005.0541666666667,0.0,28.708333333333332
2021-06-19,35.356615,-119.062613,11.5,0.072,55.0,Bakersfield-California,36.369166166666666,17.114588583333333,9.879454579166667,1003.9583333333334,0.0,3.4583333333333335
2021-06-20,35.356615,-119.062613,7.7,0.059,43.0,Bakersfield-California,35.86499916666667,14.636718054166666,10.241865308333333,1005.4,0.0,2.5416666666666665
2021-06-21,35.356615,-119.062613,7.4,0.049,41.0,Bakersfield-California,33.735832916666666,16.836663991666665,12.654597666666668,1008.7958333333332,0.0,0.0
2021-06-22,35.356615,-119.062613,7.3,0.046,41.0,Bakersfield-California,29.502499958333335,28.184284458333334,13.841808758333334,1010.1083333333332,0.0,0.0
2021-06-23,35.356615,-119.062613,5.0,0.045,28.0,Bakersfield-California,28.6066665,32.67167533333333,12.384920012499999,1009.8041666666667,0.0,1.0833333333333333
2021-06-24,35.356615,-119.062613,4.9,0.048,27.0,Bakersfield-California,27.360833333333332,36.862643874999996,11.68482016125,1012.3666666666667,0.0,0.2916666666666667
2021-06-25,35.356615,-119.062613,10.4,0.053,53.0,Bakersfield-California,28.264999666666668,31.41871958333333,9.517158241666666,1012.5583333333334,0.0,0.0
2021-06-26,35.356615,-119.062613,10.0,0.056,53.0,Bakersfield-California,30.504583,26.376534458333335,8.149689395833333,1010.4916666666667,0.0,0.0
2021-06-27,35.356615,-119.062613,11.1,0.069,55.0,Bakersfield-California,34.09624958333333,25.598657,6.972969983333333,1006.4625,0.0,1.4166666666666667
2021-06-28,35.356615,-119.062613,9.3,0.061,51.0,Bakersfield-California,34.92333254166667,23.29309054166667,10.071002804166667,1004.1583333333333,0.0,10.75
2021-06-29,35.356615,-119.062613,9.7,0.073,52.0,Bakersfield-California,33.473332750000004,21.909126687500002,9.009056275,1005.3333333333334,0.0,56.375
2021-06-30,35.356615,-119.062613,9.5,0.058,52.0,Bakersfield-California,34.152499041666665,24.886483708333333,10.0184539375,1006.5291666666667,0.0,30.708333333333332
2021-07-01,35.356615,-119.062613,7.9,0.055,44.0,Bakersfield-California,31.989999333333333,29.842632020833335,10.581926845833333,1009.0833333333334,0.0,0.5
2021-07-02,35.356615,-119.062613,8.0,0.057,44.0,Bakersfield-California,32.598332750000004,26.642448645833337,8.625450554166667,1008.9291666666667,0.0,0.0
2021-07-03,35.356615,-119.062613,7.3,0.058,41.0,Bakersfield-California,32.700416041666664,21.5096564375,9.5028638,1009.5708333333333,0.0,6.833333333333333
2021-07-04,35.356615,-119.062613,7.9,0.052,44.0,Bakersfield-California,32.01291620833333,19.048113229166667,9.569335479166666,1010.8083333333334,0.0,0.25
2021-07-05,35.356615,-119.062613,13.5,0.055,59.0,Bakersfield-California,31.05666641666667,21.55551241666667,9.381454070833334,1011.3416666666667,0.0,0.0
2021-07-06,35.356615,-119.062613,6.8,0.058,38.0,Bakersfield-California,31.531666208333334,23.09616183333333,10.276031541666667,1011.6208333333334,0.0,0.0
2021-07-07,35.356615,-119.062613,9.9,0.055,52.0,Bakersfield-California,31.921249875,20.806796958333333,9.739012258333334,1010.0166666666668,0.0,0.0
2021-07-08,35.356615,-119.062613,11.3,0.062,55.0,Bakersfield-California,33.6774995,18.159054875,7.7884842625,1007.225,0.0,6.958333333333333
2021-07-09,35.356615,-119.062613,13.3,0.068,59.0,Bakersfield-California,36.602498833333335,17.806653458333333,8.448150054166666,1008.4499999999999,0.0,7.625
2021-07-10,35.356615,-119.062613,7.8,0.055,43.0,Bakersfield-California,37.42958225,17.609354083333333,9.173677041666666,1010.0124999999999,0.0,10.666666666666666
2021-07-11,35.356615,-119.062613,9.3,0.061,51.0,Bakersfield-California,38.19833245833333,16.632145833333333,9.178993462500001,1008.4333333333334,0.0,5.0
2021-07-12,35.356615,-119.062613,9.9,0.067,52.0,Bakersfield-California,37.64416570833333,12.774486320833333,10.179205508333334,1007.4250000000001,0.0,1.5416666666666667
2021-07-13,35.356615,-119.062613,9.9,0.065,52.0,Bakersfield-California,36.47958275,15.148822279166666,8.9600828125,1007.5875,0.0,22.333333333333332
2021-07-14,35.356615,-119.062613,5.8,0.06,32.0,Bakersfield-California,33.683749291666665,19.242605416666667,11.787262491666667,1009.4125,0.0,19.291666666666668
2021-07-15,35.356615,-119.062613,8.0,0.064,44.0,Bakersfield-California,31.910832875,27.38274770833333,12.248976333333333,1011.2708333333334,0.0,1.3333333333333333
2021-07-16,35.356615,-119.062613,7.3,0.063,41.0,Bakersfield-California,31.531666458333333,22.024283458333333,8.972029783333333,1010.5,0.0,1.75
2021-07-17,35.356615,-119.062613,9.1,0.061,51.0,Bakersfield-California,31.96291654166667,17.016982416666668,8.267737441666666,1010.0708333333333,0.0,3.7916666666666665
2021-07-18,35.356615,-119.062613,9.3,0.058,51.0,Bakersfield-California,33.44833308333333,15.324031479166665,7.672172395833333,1011.5041666666666,0.0,58.083333333333336
2021-07-19,35.356615,-119.062613,5.8,0.057,32.0,Bakersfield-California,34.45874975,16.687840354166667,7.7310255,1012.9958333333334,0.0,27.5
2021-07-20,35.356615,-119.062613,7.9,0.055,44.0,Bakersfield-California,34.235832916666666,19.811802979166668,9.553559954166667,1012.6999999999999,0.0,0.9583333333333334
2021-07-21,35.356615,-119.062613,7.6,0.054,42.0,Bakersfield-California,33.37333304166666,18.017255979166666,10.766860987500001,1010.3041666666667,0.0,0.0
2021-07-22,35.356615,-119.062613,10.3,0.067,53.0,Bakersfield-California,33.396249708333336,15.144300104166666,8.7882435375,1009.7291666666666,0.0,33.791666666666664
2021-07-23,35.356615,-119.062613,10.0,0.064,53.0,Bakersfield-California,33.294166249999996,15.5634715,8.562030670833334,1012.2083333333334,0.0,43.625
2021-07-24,35.356615,-119.062613,7.7,0.063,43.0,Bakersfield-California,32.904582958333336,14.677462270833333,8.073576645833333,1012.1958333333333,0.0,59.5
2021-07-25,35.356615,-119.062613,7.5,0.057,42.0,Bakersfield-California,33.08374945833334,17.97575541666667,7.8762035416666665,1010.4291666666667,0.0,61.5
2021-07-26,35.356615,-119.062613,7.9,0.045,44.0,Bakersfield-California,32.221249375,22.29478908333333,7.469698729166667,1009.6166666666667,0.0,61.083333333333336
2021-07-27,35.356615,-119.062613,11.3,0.075,55.0,Bakersfield-California,30.281666458333333,35.00054945833333,8.360127570833333,1012.1541666666667,0.0,23.291666666666668
2021-07-28,35.356615,-119.062613,9.1,0.065,51.0,Bakersfield-California,33.167083,28.192340625,8.8964307375,1012.8666666666667,0.0,8.75
2021-07-29,35.356615,-119.062613,12.0,0.066,56.0,Bakersfield-California,33.960832958333334,24.044253708333333,9.2414493875,1011.275,0.0,8.083333333333334
2021-07-30,35.356615,-119.062613,12.7,0.06,58.0,Bakersfield-California,34.93583279166666,23.54051325,8.406382933333333,1009.1541666666667,0.0,51.208333333333336
2021-07-31,35.356615,-119.062613,8.7,0.054,48.0,Bakersfield-California,35.160832666666664,23.040304791666667,9.621463316666667,1011.8583333333332,0.0,63.75
2021-08-01,35.356615,-119.062613,4.0,0.052,22.0,Bakersfield-California,33.625416125,15.3939680625,9.110390958333333,1013.6916666666666,0.0,9.916666666666666
2021-08-02,35.356615,-119.062613,6.4,0.056,36.0,Bakersfield-California,31.910832791666667,18.455121791666667,10.657391075,1014.8666666666667,0.0,0.0
2021-08-03,35.356615,-119.062613,14.9,0.068,62.0,Bakersfield-California,32.387916125,17.9104793125,8.651489683333333,1013.3083333333334,0.0,0.0
2021-08-04,35.356615,-119.062613,13.4,0.072,59.0,Bakersfield-California,33.629583333333336,17.15491941666667,8.6291237375,1010.2916666666666,0.0,0.0
2021-08-05,35.356615,-119.062613,10.3,0.058,53.0,Bakersfield-California,33.206666166666665,16.380235000000003,10.915408545833335,1010.9041666666667,0.0,0.0
2021-08-06,35.356615,-119.062613,18.0,0.053,68.0,Bakersfield-California,30.573332875000002,19.723821329166665,9.224357370833333,1011.6583333333333,0.0,0.0
2021-08-07,35.356615,-119.062613,42.5,0.068,118.0,Bakersfield-California,31.683749541666668,13.5112366375,5.905973345833334,1010.0375,0.0,0.0
2021-08-08,35.356615,-119.062613,43.0,0.068,119.0,Bakersfield-California,32.352499333333334,20.5887453125,8.931804754166667,1008.525,0.0,0.0
2021-08-09,35.356615,-119.062613,15.1,0.059,62.0,Bakersfield-California,31.956666333333335,22.150224041666664,8.634807499999999,1009.0208333333334,0.0,0.0
2021-08-10,35.356615,-119.062613,11.3,0.063,55.0,Bakersfield-California,32.88999975,18.843057916666666,8.504823033333333,1009.8583333333332,0.0,0.16666666666666666
2021-08-11,35.356615,-119.062613,10.8,0.058,54.0,Bakersfield-California,34.2649995,17.327980874999998,8.995414283333334,1010.8874999999999,0.0,16.291666666666668
2021-08-12,35.356615,-119.062613,10.8,0.052,54.0,Bakersfield-California,34.844166125,18.557512229166665,7.835200479166667,1011.3125,0.0,33.25
2021-08-13,35.356615,-119.062613,10.7,0.049,54.0,Bakersfield-California,34.275416125,21.848761791666664,9.343277379166667,1012.5875,0.0,0.0
2021-08-14,35.356615,-119.062613,23.0,0.051,77.0,Bakersfield-California,33.842083,22.453925791666666,9.030211154166667,1014.5541666666667,0.0,3.4166666666666665
2021-08-15,35.356615,-119.062613,21.7,0.06,74.0,Bakersfield-California,34.460832625,22.937931833333334,8.651652775,1012.4250000000001,0.0,8.0
2021-08-16,35.356615,-119.062613,24.8,0.058,80.0,Bakersfield-California,35.59624920833333,21.96770825,7.767021308333334,1007.1416666666668,0.0,4.333333333333333
2021-08-17,35.356615,-119.062613,10.8,0.041,54.0,Bakersfield-California,34.52749945833333,22.6099809375,8.491869941666666,1005.6,0.0,1.0416666666666667
2021-08-18,35.356615,-119.062613,8.9,0.042,49.0,Bakersfield-California,28.602500083333336,30.234225041666665,12.730266729166667,1006.7125,0.0,0.041666666666666664
2021-08-19,35.356615,-119.062613,38.6,0.054,109.0,Bakersfield-California,26.087916791666668,41.01256804166667,8.823397833333333,1010.2875,0.0,0.0
2021-08-20,35.356615,-119.062613,49.7,0.065,136.0,Bakersfield-California,26.946250000000003,34.87063083333333,6.9589120541666665,1008.7833333333333,0.0,0.0
2021-08-21,35.356615,-119.062613,26.1,0.057,83.0,Bakersfield-California,28.071249958333336,34.22661458333334,8.780194229166666,1006.1,0.0,0.0
2021-08-22,35.356615,-119.062613,15.5,0.054,63.0,Bakersfield-California,26.3566665,40.259322250000004,8.500156116666666,1007.225,0.0,0.0
2021-08-23,35.356615,-119.062613,15.8,0.062,63.0,Bakersfield-California,27.55875,36.23002566666667,7.772819616666666,1007.7791666666667,0.0,0.0
2021-08-24,35.356615,-119.062613,18.2,0.067,68.0,Bakersfield-California,27.95875008333333,36.68117183333333,9.081237604166667,1009.6416666666668,0.0,0.0
2021-08-25,35.356615,-119.062613,19.1,0.071,70.0,Bakersfield-California,28.47541633333333,33.114602999999995,8.712524495833334,1011.85,0.0,0.0
2021-08-26,35.356615,-119.062613,20.0,0.069,71.0,Bakersfield-California,28.915000000000003,21.902315625,7.8666951375,1012.0625,0.0,0.0
2021-08-27,35.356615,-119.062613,19.5,0.069,70.0,Bakersfield-California,29.754583291666666,18.866989333333333,6.014381275000001,1008.0083333333333,0.0,0.0
2021-08-28,35.356615,-119.062613,30.1,0.08,90.0,Bakersfield-California,31.519165791666666,18.255292041666667,6.052765620833334,1005.0958333333333,0.0,0.0
2021-08-29,35.356615,-119.062613,32.3,0.079,94.0,Bakersfield-California,32.63791645833333,19.348001749999998,8.16867375,1006.0458333333332,0.0,0.0
2021-08-30,35.356615,-119.062613,31.7,0.07,93.0,Bakersfield-California,33.371249625,18.76739177083333,8.226857866666666,1005.2291666666666,0.0,1.0833333333333333
2021-08-31,35.356615,-119.062613,17.4,0.057,66.0,Bakersfield-California,33.1962495,20.059758249999998,8.170621675,1003.2791666666667,0.0,23.708333333333332
2021-09-01,35.356615,-119.062613,7.7,0.053,43.0,Bakersfield-California,28.719166416666667,26.982302875000002,8.707701070833332,1005.5666666666666,0.0,1.75
2021-09-02,35.356615,-119.062613,9.9,0.056,52.0,Bakersfield-California,26.279583041666665,26.59784575,8.543419875,1010.0708333333333,0.0,0.0
2021-09-03,35.356615,-119.062613,14.7,0.06,61.0,Bakersfield-California,26.158749999999998,24.701396020833332,8.034765329166666,1011.5749999999999,0.0,0.0
2021-09-04,35.356615,-119.062613,17.5,0.064,67.0,Bakersfield-California,27.80041625,18.370546729166666,7.229291891666667,1011.4541666666668,0.0,0.0
2021-09-05,35.356615,-119.062613,16.7,0.066,65.0,Bakersfield-California,29.28999979166667,17.079246458333333,6.884506625,1011.5958333333333,0.0,15.208333333333334
2021-09-06,35.356615,-119.062613,19.7,0.072,71.0,Bakersfield-California,31.806666208333336,15.780864833333332,5.5371309125,1011.5458333333332,0.0,81.0
2021-09-07,35.356615,-119.062613,21.0,0.074,73.0,Bakersfield-California,32.82749929166666,16.393567833333332,6.9823017,1010.9250000000001,0.0,0.4583333333333333
2021-09-08,35.356615,-119.062613,17.5,0.069,67.0,Bakersfield-California,32.72124975,22.017877666666667,7.481164616666667,1009.8083333333334,0.0,2.0
2021-09-09,35.356615,-119.062613,14.5,0.068,61.0,Bakersfield-California,33.883749375,19.010585250000002,6.952734808333333,1007.8833333333333,0.0,25.208333333333332
2021-09-10,35.356615,-119.062613,10.3,0.053,53.0,Bakersfield-California,33.36499920833334,30.83914075,10.241464837499999,1009.3625000000001,0.0,19.416666666666668
2021-09-11,35.356615,-119.062613,7.3,0.052,41.0,Bakersfield-California,30.952499875,28.341876125,8.8841223125,1012.9375,0.0,2.375
2021-09-12,35.356615,-119.062613,9.9,0.055,52.0,Bakersfield-California,29.423332958333333,27.360281375,8.505784075,1011.9833333333332,0.0,0.0
2021-09-13,35.356615,-119.062613,9.2,0.058,51.0,Bakersfield-California,29.517083166666666,23.58447191666667,7.715086637500001,1010.3666666666667,0.0,0.0
2021-09-14,35.356615,-119.062613,14.4,0.061,61.0,Bakersfield-California,30.11916654166667,19.844401729166666,6.906363925,1009.2875,0.0,0.0
2021-09-15,35.356615,-119.062613,16.8,0.059,65.0,Bakersfield-California,29.698333083333335,21.003351458333334,8.691299008333333,1009.6541666666667,0.0,0.0
2021-09-16,35.356615,-119.062613,11.9,0.057,56.0,Bakersfield-California,28.131666375,26.321101125,8.079324775,1008.0875,0.0,0.0
2021-09-17,35.356615,-119.062613,11.0,0.058,55.0,Bakersfield-California,26.356666458333333,29.960967333333333,8.880816283333333,1010.1583333333333,0.0,0.0
2021-09-18,35.356615,-119.062613,9.7,0.05,52.0,Bakersfield-California,25.212916500000002,35.08767695833333,9.8959889875,1014.25,0.0,0.0
2021-09-19,35.356615,-119.062613,6.1,0.031,34.0,Bakersfield-California,23.865000124999998,41.515218874999995,9.895750383333334,1015.5333333333333,0.0,0.9166666666666666
2021-09-20,35.356615,-119.062613,11.0,0.046,55.0,Bakersfield-California,23.133750000000003,32.964116499999996,8.258865254166667,1013.8625000000001,0.0,1.375
2021-09-21,35.356615,-119.062613,32.6,0.055,95.0,Bakersfield-California,26.775416625000002,29.525923958333333,6.1642030000000005,1015.4583333333334,0.0,0.0
2021-09-22,35.356615,-119.062613,36.1,0.066,102.0,Bakersfield-California,30.39833295833333,17.720785020833333,6.978781829166667,1016.6916666666666,0.0,0.16666666666666666
2021-09-23,35.356615,-119.062613,15.3,0.033,63.0,Bakersfield-California,29.404582833333333,27.712228916666664,9.432363829166666,1012.1416666666668,0.0,14.416666666666666
2021-09-24,35.356615,-119.062613,24.7,0.019,80.0,Bakersfield-California,28.025416583333335,27.042531041666667,5.649419583333334,1010.8874999999999,0.0,24.583333333333332
2021-09-25,35.356615,-119.062613,27.8,0.042,86.0,Bakersfield-California,28.13166645833333,27.424809791666664,7.525424679166666,1012.0500000000001,0.0,0.5833333333333334
2021-09-26,35.356615,-119.062613,18.4,0.045,68.0,Bakersfield-California,26.808749958333333,30.185995083333335,8.348931983333333,1012.8583333333332,0.0,1.9583333333333333
2021-09-27,35.356615,-119.062613,11.4,0.038,55.0,Bakersfield-California,25.150416833333335,36.801028875,9.022326658333332,1014.2833333333333,0.0,2.7916666666666665
2021-09-28,35.356615,-119.062613,3.8,0.039,21.0,Bakersfield-California,22.66291695833333,45.39392345833334,11.875472508333333,1014.0124999999999,0.0,44.5
2021-09-29,35.356615,-119.062613,7.9,0.039,44.0,Bakersfield-California,20.081666833333333,29.711796916666668,7.138532125,1014.0,0.0,31.416666666666668
2021-09-30,35.356615,-119.062613,19.2,0.052,70.0,Bakersfield-California,20.937916458333333,30.837296416666664,5.967049895833333,1014.9041666666667,0.0,0.2916666666666667
2021-10-01,35.356615,-119.062613,9.5,0.066,52.0,Bakersfield-California,23.93166654166667,20.57829045,5.420483604166667,1014.0541666666667,0.0,0.0
2021-10-02,35.356615,-119.062613,43.0,0.065,119.0,Bakersfield-California,25.175416541666667,16.1897103375,6.567294104166667,1014.2458333333334,0.0,0.0
2021-10-03,35.356615,-119.062613,42.7,0.064,119.0,Bakersfield-California,25.152499958333333,16.188864629166666,7.498826395833333,1013.725,0.0,0.0
2021-10-04,35.356615,-119.062613,70.5,0.054,162.0,Bakersfield-California,26.254583291666666,17.583571895833334,6.719536208333333,1011.8791666666666,0.0,58.708333333333336
2021-10-05,35.356615,-119.062613,22.3,0.043,76.0,Bakersfield-California,25.373333541666668,20.425366479166666,5.4929549125,1011.9499999999999,0.0,52.291666666666664
2021-10-06,35.356615,-119.062613,13.1,0.046,58.0,Bakersfield-California,23.444166791666664,34.242291916666666,7.947578541666666,1013.3958333333334,0.0,39.916666666666664
2021-10-07,35.356615,-119.062613,6.2,0.04,34.0,Bakersfield-California,22.631666749999997,36.112549125,6.985222608333333,1013.2333333333332,0.0,58.375
2021-10-08,35.356615,-119.062613,5.8,0.029,32.0,Bakersfield-California,18.642083291666665,60.77788950000001,9.8121841125,1015.9041666666667,0.3833333333333333,84.66666666666667
2021-10-09,35.356615,-119.062613,9.3,0.037,51.0,Bakersfield-California,15.594166541666667,52.205070875,7.200458154166667,1020.25,0.0,2.4166666666666665
2021-10-10,35.356615,-119.062613,13.1,0.049,58.0,Bakersfield-California,16.914999875,46.89327820833333,5.617198025,1019.5,0.0,0.0
2021-10-11,35.356615,-119.062613,26.7,0.033,84.0,Bakersfield-California,17.04833325,38.75510175,13.008784995833333,1011.7916666666666,0.0,4.083333333333333
2021-10-12,35.356615,-119.062613,5.0,0.033,28.0,Bakersfield-California,15.421249875,21.59276595833333,16.800802291666667,1011.85,0.0,3.1666666666666665
2021-10-13,35.356615,-119.062613,5.0,0.033,28.0,Bakersfield-California,15.421249875,21.59276595833333,16.800802291666667,1011.85,0.0,3.1666666666666665
2021-10-14,35.356615,-119.062613,11.4,0.041,55.0,Bakersfield-California,15.494166541666667,27.990900416666666,5.962903462500001,1016.625,0.0,0.75
2021-10-15,35.356615,-119.062613,13.8,0.045,60.0,Bakersfield-California,17.217083249999998,32.89120825,5.398206783333333,1019.5333333333333,0.0,0.0
2021-10-16,35.356615,-119.062613,16.2,0.046,64.0,Bakersfield-California,19.162916624999998,27.126870141666668,5.377437054166666,1017.1708333333332,0.0,0.0
2021-10-17,35.356615,-119.062613,9.0,0.048,50.0,Bakersfield-California,20.410833375,19.931379020833333,7.341885319583334,1012.6791666666667,0.0,16.375
2021-10-18,35.356615,-119.062613,4.2,0.034,23.0,Bakersfield-California,17.052499791666666,52.013929,14.845146833333333,1013.5916666666667,0.075,32.833333333333336
2021-10-19,35.356615,-119.062613,8.8,0.037,49.0,Bakersfield-California,13.646249891666665,48.093566458333335,6.683186995833334,1016.4625,0.0,3.4583333333333335
2021-10-20,35.356615,-119.062613,11.3,0.045,55.0,Bakersfield-California,16.717083125,41.214353208333335,4.545990220833334,1017.3958333333334,0.0,38.25
2021-10-21,35.356615,-119.062613,11.7,0.049,56.0,Bakersfield-California,19.675416708333334,31.92969725,5.425187616666666,1018.7208333333333,0.0,69.08333333333333
2021-10-22,35.356615,-119.062613,8.4,0.029,47.0,Bakersfield-California,19.800416625,44.71511733333333,7.044176883333333,1015.7916666666666,0.0,72.33333333333333
2021-10-23,35.356615,-119.062613,6.6,0.034,37.0,Bakersfield-California,18.042083333333334,63.23321683333333,10.280331554166667,1013.5833333333334,0.0375,84.875
2021-10-24,35.356615,-119.062613,5.0,0.034,28.0,Bakersfield-California,17.852499916666666,48.436928625,6.335266554166666,1011.6583333333333,0.0,99.91666666666667
2021-10-25,35.356615,-119.062613,9.8,0.027,52.0,Bakersfield-California,18.0275,65.60042508333333,9.333928641666667,1008.5916666666667,0.7125,96.375
2021-10-26,35.356615,-119.062613,8.5,0.03,47.0,Bakersfield-California,12.219166416666667,84.15939329166666,6.229536770833334,1019.4791666666666,0.008333333333333333,39.375
2021-10-27,35.356615,-119.062613,15.6,0.033,63.0,Bakersfield-California,13.754583166666665,65.54261041666668,5.4333852625,1025.1166666666666,0.0,0.20833333333333334
2021-10-28,35.356615,-119.062613,47.3,0.04,130.0,Bakersfield-California,14.864999708333334,70.06098275000001,5.841876445833333,1022.0916666666667,0.0,0.0
2021-10-29,35.356615,-119.062613,66.4,0.052,159.0,Bakersfield-California,17.635833125,68.58260779166666,4.741560224166666,1015.5916666666667,0.0,6.5
2021-10-30,35.356615,-119.062613,60.1,0.056,154.0,Bakersfield-California,19.3733335,67.41327933333334,4.727239504166667,1012.5208333333334,0.0,32.791666666666664
2021-10-31,35.356615,-119.062613,25.3,0.025,81.0,Bakersfield-California,18.13375,69.82672320833333,7.584475950000001,1014.3666666666667,0.0,69.0
2021-11-01,35.356615,-119.062613,17.2,0.026,66.0,Bakersfield-California,16.648333333333333,75.15730454166668,5.397513504166667,1017.1708333333332,0.004166666666666667,86.91666666666667
2021-11-02,35.356615,-119.062613,11.9,0.032,56.0,Bakersfield-California,17.439999833333335,71.05083216666667,5.0226604041666665,1021.2666666666668,0.0,52.125
2021-11-03,35.356615,-119.062613,23.1,0.026,77.0,Bakersfield-California,17.121249916666667,75.03886595833333,5.5343028541666675,1020.8458333333333,0.0,25.75
2021-11-04,35.356615,-119.062613,32.8,0.039,95.0,Bakersfield-California,17.22333325,75.92792675,4.5922005708333336,1018.9291666666667,0.0,0.5416666666666666
2021-11-05,35.356615,-119.062613,12.3,0.034,57.0,Bakersfield-California,16.510833208333334,77.45971733333333,7.298561475,1018.1041666666666,0.0,32.625
2021-11-06,35.356615,-119.062613,18.5,0.034,69.0,Bakersfield-California,15.121249791666665,75.49904662499999,5.2434790583333335,1017.9166666666666,0.0,17.375
2021-11-07,35.356615,-119.062613,10.2,0.019,53.0,Bakersfield-California,13.837916499999999,72.659276625,5.964370570833334,1019.6916666666666,0.0,22.791666666666668
2021-11-08,35.356615,-119.062613,13.3,0.029,59.0,Bakersfield-California,12.04416655,65.27346483333334,3.744241174166667,1019.3541666666666,0.0,56.25
2021-11-09,35.356615,-119.062613,12.2,0.028,57.0,Bakersfield-California,15.389999750000001,58.91268075,5.995614715416667,1020.5666666666666,0.008333333333333333,92.08333333333333
2021-11-10,35.356615,-119.062613,14.4,0.03,61.0,Bakersfield-California,15.681666583333334,74.74994099999999,5.7044003041666675,1024.2083333333333,0.0,84.79166666666667
2021-11-11,35.356615,-119.062613,22.7,0.021,76.0,Bakersfield-California,12.917083,82.63931929166667,5.706141541666667,1024.9375,0.0,34.041666666666664
2021-11-12,35.356615,-119.062613,38.5,0.031,108.0,Bakersfield-California,14.294166458333335,76.49969750000001,3.997868754166667,1023.4666666666667,0.0,32.75
2021-11-13,35.356615,-119.062613,34.2,0.035,98.0,Bakersfield-California,14.329583166666666,77.71711404166666,4.807509690833333,1022.0708333333333,0.0,22.291666666666668
2021-11-14,35.356615,-119.062613,36.4,0.023,103.0,Bakersfield-California,14.948333125,76.38477254166666,6.727203829166666,1021.275,0.0,21.041666666666668
2021-11-15,35.356615,-119.062613,30.0,0.009,90.0,Bakersfield-California,15.439999833333333,71.30417016666667,4.363153291666666,1019.6083333333332,0.0,30.333333333333332
2021-11-16,35.356615,-119.062613,31.8,0.018,93.0,Bakersfield-California,15.521249791666667,72.340058,6.275490533333333,1018.1958333333333,0.0,65.91666666666667
2021-11-17,35.356615,-119.062613,36.5,0.025,103.0,Bakersfield-California,13.258749833333333,78.40287908333333,7.151855895833333,1017.0749999999999,0.0,74.54166666666667
2021-11-18,35.356615,-119.062613,47.1,0.026,130.0,Bakersfield-California,12.760833125,76.91291054166666,4.869118370833333,1018.6125000000001,0.0,79.75
2021-11-19,35.356615,-119.062613,59.5,0.025,154.0,Bakersfield-California,14.146249958333334,71.246796,5.2738718208333335,1019.4583333333334,0.0,97.58333333333333
2021-11-20,35.356615,-119.062613,57.9,0.025,153.0,Bakersfield-California,13.412916333333333,74.60706716666667,4.055517335416667,1020.65,0.0,66.04166666666667
2021-11-21,35.356615,-119.062613,35.0,0.015,99.0,Bakersfield-California,12.5524998,78.84653229166666,5.040820595833334,1022.6125000000001,0.0,33.25
2021-11-22,35.356615,-119.062613,36.0,0.014,102.0,Bakersfield-California,11.960833283333335,67.56538716666667,7.191295158333333,1021.975,0.0,20.958333333333332
2021-11-23,35.356615,-119.062613,26.1,0.03,83.0,Bakersfield-California,12.527499791666665,59.651901458333334,5.659245915416666,1017.1,0.0,22.0
2021-11-24,35.356615,-119.062613,21.1,0.03,73.0,Bakersfield-California,11.658749591666668,66.23521691666666,7.152565741666667,1019.4,0.0,38.583333333333336
2021-11-25,35.356615,-119.062613,25.0,0.032,81.0,Bakersfield-California,10.146249966666668,68.41398341666667,6.873682308333333,1026.5291666666667,0.0,10.5
2021-11-26,35.356615,-119.062613,31.7,0.031,93.0,Bakersfield-California,10.456666491666667,55.29137045833334,6.76054405,1025.2375,0.0,52.5
2021-11-27,35.356615,-119.062613,37.3,0.039,105.0,Bakersfield-California,10.092083258333334,61.176064249999996,5.07075338625,1021.0041666666666,0.0,14.583333333333334
2021-11-28,35.356615,-119.062613,51.1,0.039,139.0,Bakersfield-California,12.706666541666666,48.554676416666666,5.0209438625,1022.375,0.0,0.0
2021-11-29,35.356615,-119.062613,44.0,0.04,122.0,Bakersfield-California,13.235833208333332,48.68651641666667,3.8184512,1021.725,0.0,0.0
2021-11-30,35.356615,-119.062613,47.5,0.04,131.0,Bakersfield-California,12.902499975,55.663524583333334,4.966729820833334,1020.0208333333334,0.0,0.0
2021-12-01,35.356615,-119.062613,49.3,0.044,135.0,Bakersfield-California,13.556666341666665,55.658038874999995,6.620900883333333,1019.6541666666667,0.0,0.0
2021-12-02,35.356615,-119.062613,51.8,0.041,141.0,Bakersfield-California,14.458749875,54.39289341666666,4.655500316666667,1018.9666666666667,0.0,33.75
2021-12-03,35.356615,-119.062613,55.9,0.036,151.0,Bakersfield-California,13.2233331,55.95570216666667,6.226363345833334,1018.5291666666667,0.0,4.791666666666667
2021-12-04,35.356615,-119.062613,57.5,0.012,152.0,Bakersfield-California,11.21708315,77.26003804166668,6.7891559374999995,1020.4708333333333,0.0,27.333333333333332
2021-12-05,35.356615,-119.062613,29.8,0.017,90.0,Bakersfield-California,8.5399998,89.27381441666667,5.648696295833333,1024.6333333333334,0.0,51.875
2021-12-06,35.356615,-119.062613,52.6,0.017,143.0,Bakersfield-California,7.98791645,82.18930491666667,4.616835620833333,1021.9833333333332,0.0,81.41666666666667
2021-12-07,35.356615,-119.062613,44.0,0.017,122.0,Bakersfield-California,9.658749775,77.64348975,5.1708228875,1016.3249999999999,0.0625,97.375
2021-12-08,35.356615,-119.062613,45.9,0.019,127.0,Bakersfield-California,9.750416549999999,79.99359941666667,5.463219645833334,1017.5375,0.0,35.25
2021-12-09,35.356615,-119.062613,28.8,0.023,88.0,Bakersfield-California,10.721249666666665,78.51953504166667,6.805774875,1014.2833333333333,0.17500000000000002,63.75
2021-12-10,35.356615,-119.062613,13.6,0.02,59.0,Bakersfield-California,9.389999483333334,80.767635,4.584892445833334,1019.75,0.008333333333333333,79.25
2021-12-11,35.356615,-119.062613,19.8,0.022,71.0,Bakersfield-California,7.254583133333333,79.01606866666667,4.4857182416666666,1023.9958333333334,0.0,40.583333333333336
2021-12-12,35.356615,-119.062613,21.3,0.027,74.0,Bakersfield-California,8.694166341666667,60.06148708333333,4.0174817,1018.4,0.0,6.208333333333333
2021-12-13,35.356615,-119.062613,13.0,0.03,58.0,Bakersfield-California,8.889999766666667,53.01303908333333,6.235891416666667,1014.8666666666667,0.0,68.16666666666667
2021-12-14,35.356615,-119.062613,6.0,0.03,33.0,Bakersfield-California,11.639999758333333,73.179205625,18.938644791666665,1010.3208333333333,1.0791666666666666,92.54166666666667
2021-12-15,35.356615,-119.062613,8.7,0.025,48.0,Bakersfield-California,5.254583383333333,84.997719,5.4094728041666675,1022.3000000000001,0.1875,67.25
2021-12-16,35.356615,-119.062613,5.2,0.021,29.0,Bakersfield-California,7.064999812500001,66.19954045833333,6.80051805,1021.6333333333333,0.004166666666666667,56.166666666666664
2021-12-17,35.356615,-119.062613,9.3,0.017,51.0,Bakersfield-California,8.054583066666668,92.868660375,9.4951913625,1022.5541666666667,0.008333333333333333,92.45833333333333
2021-12-18,35.356615,-119.062613,22.7,0.016,76.0,Bakersfield-California,6.8920833833333335,84.500449,6.560363454166667,1025.5833333333333,0.0,67.83333333333333
2021-12-19,35.356615,-119.062613,31.4,0.012,93.0,Bakersfield-California,5.9879166125,82.763769375,5.7248665125,1020.5749999999999,0.0,40.5
2021-12-20,35.356615,-119.062613,18.1,0.006,68.0,Bakersfield-California,6.029583233333334,85.02222991666666,6.4491424833333335,1020.5375,0.0,53.458333333333336
2021-12-21,35.356615,-119.062613,26.0,0.009,82.0,Bakersfield-California,6.985833316666667,77.95828266666666,6.015311616666668,1020.7125,0.0,98.20833333333333
2021-12-22,35.356615,-119.062613,17.9,0.004,67.0,Bakersfield-California,8.158749825,73.94910008333333,4.2395452375,1019.7875,0.0375,94.91666666666667
2021-12-23,35.356615,-119.062613,14.5,0.008,61.0,Bakersfield-California,11.881666125,87.09599483333334,7.0649607083333335,1013.1916666666666,1.2333333333333332,99.375
2021-12-24,35.356615,-119.062613,34.3,0.031,98.0,Bakersfield-California,12.264999583333333,84.25938383333333,7.8062021625,1008.2583333333333,0.9666666666666667,60.833333333333336
2021-12-25,35.356615,-119.062613,7.9,0.03,44.0,Bakersfield-California,10.9774995,81.65976220833333,6.5543444125,1014.8833333333333,0.029166666666666664,80.375
2021-12-26,35.356615,-119.062613,5.6,0.032,31.0,Bakersfield-California,8.348333091666666,79.52991120833333,7.354049170833334,1015.7583333333333,0.3458333333333334,41.583333333333336
2021-12-27,35.356615,-119.062613,4.1,0.021,23.0,Bakersfield-California,6.562916575,69.234619875,6.755294391666666,1017.2083333333334,0.26666666666666666,53.708333333333336
2021-12-28,35.356615,-119.062613,4.5,0.028,25.0,Bakersfield-California,6.596249891666666,87.08555941666667,8.570687491666666,1013.0708333333333,0.1375,74.25
2021-12-29,35.356615,-119.062613,6.4,0.014,36.0,Bakersfield-California,7.987916458333333,72.59315470833333,8.203795320833335,1010.0708333333333,0.19583333333333333,67.375
2021-12-30,35.356615,-119.062613,11.8,0.018,56.0,Bakersfield-California,8.96499985,87.44483745833332,5.8800470083333325,1010.8125,0.30833333333333335,83.91666666666667
2021-12-31,35.356615,-119.062613,11.8,0.018,56.0,Bakersfield-California,8.96499985,87.44483745833332,5.8800470083333325,1010.8125,0.30833333333333335,83.91666666666667
2022-01-01,35.356615,-119.062613,17.7,0.027,67.0,Bakersfield-California,6.717083333333334,80.66085808333334,5.7031434700000005,1018.2583333333333,0.008333333333333333,71.70833333333333
2022-01-02,35.356615,-119.062613,17.6,0.023,67.0,Bakersfield-California,5.548333216666666,82.12215183333333,4.455732852916667,1025.9291666666666,0.0,27.166666666666668
2022-01-03,35.356615,-119.062613,11.4,0.022,55.0,Bakersfield-California,6.521249879166667,68.01103937500001,5.1814907875000005,1023.4250000000001,0.0,11.833333333333334
2022-01-04,35.356615,-119.062613,12.1,0.025,57.0,Bakersfield-California,8.10249985,70.13034,4.669163275,1026.0166666666667,0.0,78.375
2022-01-05,35.356615,-119.062613,46.1,0.026,127.0,Bakersfield-California,8.239999933333333,84.31314400000001,4.618566779166667,1025.8500000000001,0.0,34.958333333333336
2022-01-06,35.356615,-119.062613,17.4,0.024,66.0,Bakersfield-California,7.729583141666667,89.89643145833332,4.882936283333334,1021.0375,0.0,58.458333333333336
2022-01-07,35.356615,-119.062613,33.1,0.008,96.0,Bakersfield-California,7.7983332333333335,89.00959833333333,4.534863708333334,1015.2875,0.0,67.41666666666667
2022-01-08,35.356615,-119.062613,27.7,0.021,86.0,Bakersfield-California,9.419166474999999,86.77741341666666,4.0096222375,1017.8375,0.0,89.04166666666667
2022-01-09,35.356615,-119.062613,21.0,0.016,73.0,Bakersfield-California,8.94416665,82.549342,6.263200120833333,1023.8375,0.0,28.625
2022-01-10,35.356615,-119.062613,23.5,0.01,78.0,Bakersfield-California,8.481666558333332,79.67003774999999,5.6070075875,1028.9541666666667,0.0,88.875
2022-01-11,35.356615,-119.062613,34.6,0.02,99.0,Bakersfield-California,7.585833258333333,79.65784533333333,6.382960375,1029.0208333333333,0.0,33.791666666666664
2022-01-12,35.356615,-119.062613,38.5,0.02,108.0,Bakersfield-California,8.392083170833333,73.959426,6.682104308333333,1026.2166666666667,0.0,41.041666666666664
2022-01-13,35.356615,-119.062613,48.5,0.015,133.0,Bakersfield-California,10.960833141666667,68.48451770833334,6.1359193,1023.9833333333332,0.0,100.0
2022-01-14,35.356615,-119.062613,43.5,0.019,121.0,Bakersfield-California,9.360833254166666,74.57898245833333,7.067714245833333,1022.4916666666667,0.0,82.04166666666667
2022-01-15,35.356615,-119.062613,42.7,0.007,119.0,Bakersfield-California,9.635833141666668,77.37543354166667,7.0495360583333335,1022.7333333333332,0.0,100.0
2022-01-16,35.356615,-119.062613,36.2,0.024,103.0,Bakersfield-California,10.164999891666666,75.281311875,6.189559670833333,1021.1708333333332,0.020833333333333332,72.79166666666667
2022-01-17,35.356615,-119.062613,36.1,0.024,102.0,Bakersfield-California,11.489999808333332,65.739555,4.804072270833333,1017.9499999999999,0.0,83.79166666666667
2022-01-18,35.356615,-119.062613,28.7,0.027,88.0,Bakersfield-California,12.660832999999998,75.85016770833333,3.9815900083333333,1018.5291666666667,0.008333333333333333,53.458333333333336
2022-01-19,35.356615,-119.062613,33.8,0.027,97.0,Bakersfield-California,10.842083099999998,81.91772445833334,4.9265418875,1021.9666666666667,0.0,34.833333333333336
2022-01-20,35.356615,-119.062613,48.0,0.026,132.0,Bakersfield-California,10.294166466666667,82.171575875,3.6784385791666665,1025.7541666666666,0.0,27.916666666666668
2022-01-21,35.356615,-119.062613,52.5,0.021,143.0,Bakersfield-California,10.214999941666667,80.09971491666667,5.679434504166667,1022.2833333333333,0.0,6.791666666666667
2022-01-22,35.356615,-119.062613,29.2,0.026,88.0,Bakersfield-California,10.154583183333333,73.740131625,7.023541795833334,1019.5541666666667,0.0,19.166666666666668
2022-01-23,35.356615,-119.062613,27.1,0.027,85.0,Bakersfield-California,9.971249858333334,59.0413735,5.1443063625,1023.2541666666666,0.0,2.0833333333333335
2022-01-24,35.356615,-119.062613,27.1,0.027,85.0,Bakersfield-California,9.971249858333334,59.0413735,5.1443063625,1023.2541666666666,0.0,2.0833333333333335
2022-01-25,35.356615,-119.062613,27.1,0.027,85.0,Bakersfield-California,9.971249858333334,59.0413735,5.1443063625,1023.2541666666666,0.0,2.0833333333333335
2022-01-26,35.356615,-119.062613,27.1,0.027,85.0,Bakersfield-California,9.971249858333334,59.0413735,5.1443063625,1023.2541666666666,0.0,2.0833333333333335
2022-01-27,35.356615,-119.062613,23.7,0.027,78.0,Bakersfield-California,9.46083325,43.65854183333334,6.076794190416667,1022.1583333333333,0.0,0.0
2022-01-28,35.356615,-119.062613,23.7,0.027,78.0,Bakersfield-California,9.46083325,43.65854183333334,6.076794190416667,1022.1583333333333,0.0,0.0
2022-01-29,35.356615,-119.062613,28.2,0.017,87.0,Bakersfield-California,9.919166458333333,33.52332754166667,7.716969283333333,1023.1291666666666,0.0,72.33333333333333
2022-01-30,35.356615,-119.062613,28.2,0.017,87.0,Bakersfield-California,9.919166458333333,33.52332754166667,7.716969283333333,1023.1291666666666,0.0,72.33333333333333
2022-01-31,35.356615,-119.062613,26.2,0.027,83.0,Bakersfield-California,9.1879165625,50.06804929166666,6.604633866666667,1022.2083333333334,0.0,83.375
2022-02-01,35.356615,-119.062613,24.2,0.017,79.0,Bakersfield-California,9.571249808333333,61.383780333333334,6.137204495833333,1016.3041666666667,0.0,63.875
2022-02-02,35.356615,-119.062613,10.9,0.028,54.0,Bakersfield-California,8.306666541666667,57.15195595833333,5.8719811875,1017.6458333333334,0.0,20.25
2022-02-03,35.356615,-119.062613,17.0,0.03,66.0,Bakersfield-California,8.267083183333334,52.487832499999996,5.368750595833333,1023.0458333333332,0.0,11.791666666666666
2022-02-04,35.356615,-119.062613,16.0,0.029,64.0,Bakersfield-California,10.485833266666667,37.02148429166667,5.342352358333334,1027.575,0.0,7.541666666666667
2022-02-05,35.356615,-119.062613,18.5,0.031,69.0,Bakersfield-California,10.383749883333333,40.28158854166667,5.8285533916666665,1027.2250000000001,0.0,20.791666666666668
2022-02-06,35.356615,-119.062613,24.0,0.035,79.0,Bakersfield-California,10.144166508333333,44.716419374999994,5.7311730416666675,1024.5541666666666,0.0,6.041666666666667
2022-02-07,35.356615,-119.062613,33.4,0.029,96.0,Bakersfield-California,12.727499891666668,39.6521939375,4.9051618125,1025.5249999999999,0.0,0.0
2022-02-08,35.356615,-119.062613,33.0,0.037,96.0,Bakersfield-California,12.45250005,47.607064083333334,6.602709754166667,1024.9916666666666,0.0,0.4166666666666667
2022-02-09,35.356615,-119.062613,36.8,0.04,104.0,Bakersfield-California,13.669166683333332,47.930402375,5.141770245833333,1022.9375,0.0,1.9583333333333333
2022-02-10,35.356615,-119.062613,40.0,0.044,112.0,Bakersfield-California,14.587916499999999,45.26577845833333,5.899685436666666,1020.7624999999999,0.0,3.625
2022-02-11,35.356615,-119.062613,35.8,0.044,102.0,Bakersfield-California,16.233749833333334,41.985160375,5.733773329166667,1018.9499999999999,0.0,0.0
2022-02-12,35.356615,-119.062613,17.4,0.038,66.0,Bakersfield-California,16.802500008333332,45.15103133333333,5.734300945833333,1018.8541666666666,0.0,0.041666666666666664
2022-02-13,35.356615,-119.062613,11.8,0.035,56.0,Bakersfield-California,16.93583320833333,30.514070958333335,6.110463908333333,1022.0875,0.0,2.2083333333333335
2022-02-14,35.356615,-119.062613,12.7,0.039,58.0,Bakersfield-California,16.737916583333334,33.627543625,5.753924954166667,1019.7416666666667,0.0,42.041666666666664
2022-02-15,35.356615,-119.062613,4.0,0.028,22.0,Bakersfield-California,14.287916416666667,49.29980904166666,13.251823833333333,1012.6208333333334,0.025000000000000005,67.83333333333333
2022-02-16,35.356615,-119.062613,4.1,0.03,23.0,Bakersfield-California,9.539999841666667,52.461604375,6.313792225,1014.9250000000001,0.0,18.5
2022-02-17,35.356615,-119.062613,12.4,0.034,57.0,Bakersfield-California,10.860833325,43.22604283333334,5.68194485,1021.9833333333332,0.0,0.0
2022-02-18,35.356615,-119.062613,20.9,0.035,73.0,Bakersfield-California,13.06916655,34.367275291666665,6.330093408333333,1025.1166666666666,0.0,9.75
2022-02-19,35.356615,-119.062613,25.5,0.036,82.0,Bakersfield-California,13.171249933333334,40.08303945833333,6.1578143375,1020.9541666666668,0.0,26.125
2022-02-20,35.356615,-119.062613,22.2,0.042,75.0,Bakersfield-California,15.269166458333332,35.78505575,5.865386841666667,1015.6541666666667,0.0,46.083333333333336
2022-02-21,35.356615,-119.062613,8.2,0.031,46.0,Bakersfield-California,13.150416466666668,46.622542625,10.604271741666667,1012.5416666666666,0.0,57.916666666666664
2022-02-22,35.356615,-119.062613,3.6,0.027,20.0,Bakersfield-California,8.758749883333333,53.970409458333336,8.770188175,1015.0416666666666,0.03333333333333333,42.083333333333336
2022-02-23,35.356615,-119.062613,6.0,0.028,33.0,Bakersfield-California,5.475416516666667,77.6302305,6.958451475,1015.8708333333334,0.09999999999999999,64.66666666666667
2022-02-24,35.356615,-119.062613,7.9,0.032,44.0,Bakersfield-California,4.917083299416666,64.56783720833333,5.348435429166667,1024.8458333333333,0.0,2.5
2022-02-25,35.356615,-119.062613,11.5,0.032,55.0,Bakersfield-California,7.2879165625,43.82027575,5.221772441666666,1024.8833333333334,0.0,3.9583333333333335
2022-02-26,35.356615,-119.062613,17.2,0.031,66.0,Bakersfield-California,8.394166516666667,52.89646199999999,5.833142516666666,1026.0208333333333,0.0,21.25
2022-02-27,35.356615,-119.062613,15.5,0.035,63.0,Bakersfield-California,10.373333191666667,47.699016875000005,6.538537370833333,1028.1166666666666,0.0,65.625
2022-02-28,35.356615,-119.062613,15.3,0.039,63.0,Bakersfield-California,12.460833133333333,42.17799825,6.075399575,1025.8208333333334,0.0,24.666666666666668
2022-03-01,35.356615,-119.062613,16.7,0.042,65.0,Bakersfield-California,13.594166591666665,42.32276195833334,5.520795104166666,1022.3375,0.0,0.8333333333333334
2022-03-02,35.356615,-119.062613,17.4,0.044,66.0,Bakersfield-California,15.164999958333333,40.0554665,5.250647908333334,1018.9583333333334,0.0,61.166666666666664
2022-03-03,35.356615,-119.062613,13.1,0.033,58.0,Bakersfield-California,16.45458325,38.225381166666665,6.587725375000001,1012.5541666666667,0.0,88.83333333333333
2022-03-04,35.356615,-119.062613,4.0,0.025,22.0,Bakersfield-California,14.719166583333333,60.550051458333336,7.760452099999999,1011.6791666666667,0.225,94.875
2022-03-05,35.356615,-119.062613,4.1,0.031,23.0,Bakersfield-California,9.864999925,65.32050658333334,9.160392095833334,1017.9833333333332,0.041666666666666664,47.125
2022-03-06,35.356615,-119.062613,9.1,0.031,51.0,Bakersfield-California,8.49416645,65.72505691666667,5.321736804166666,1023.1291666666666,0.008333333333333333,35.458333333333336
2022-03-07,35.356615,-119.062613,9.0,0.031,50.0,Bakersfield-California,9.750416441666667,56.82099279166667,5.740387837499999,1025.5333333333333,0.0,0.7916666666666666
2022-03-08,35.356615,-119.062613,8.5,0.035,47.0,Bakersfield-California,12.233749791666666,51.32659583333333,5.123803236250001,1023.2083333333334,0.0,0.5416666666666666
2022-03-09,35.356615,-119.062613,10.4,0.038,53.0,Bakersfield-California,13.362916691666667,40.815996375,6.962499441666666,1016.475,0.0,0.041666666666666664
2022-03-10,35.356615,-119.062613,8.3,0.031,46.0,Bakersfield-California,13.848333133333334,45.038272250000006,8.229135454166666,1014.1291666666666,0.0,6.458333333333333
2022-03-11,35.356615,-119.062613,6.4,0.038,36.0,Bakersfield-California,13.558750016666666,46.55335577083333,5.91633255,1023.625,0.0,0.08333333333333333
2022-03-12,35.356615,-119.062613,5.2,0.038,29.0,Bakersfield-California,14.833749758333333,32.130525416666664,5.387696141666667,1024.3583333333333,0.0,0.0
2022-03-13,35.356615,-119.062613,4.9,0.031,27.0,Bakersfield-California,15.535833208333335,29.550654708333337,10.488858833333333,1020.5500000000001,0.0,35.166666666666664
2022-03-14,35.356615,-119.062613,7.6,0.037,42.0,Bakersfield-California,15.000416508333332,39.149583041666666,8.738149341666666,1023.2083333333334,0.0,18.083333333333332
2022-03-15,35.356615,-119.062613,10.6,0.039,54.0,Bakersfield-California,16.323333208333334,36.26276858333333,6.654274077916667,1023.2333333333332,0.0,31.958333333333332
2022-03-16,35.356615,-119.062613,6.0,0.031,33.0,Bakersfield-California,16.644166541666667,59.577557625,10.794060233333333,1021.0083333333333,0.004166666666666667,52.833333333333336
2022-03-17,35.356615,-119.062613,8.9,0.037,49.0,Bakersfield-California,16.677499833333332,46.89330116666667,7.053695816666667,1019.8708333333334,0.0,26.75
2022-03-18,35.356615,-119.062613,9.7,0.038,52.0,Bakersfield-California,16.3025,41.236722125,7.141239079166667,1018.9208333333332,0.0,6.5
2022-03-19,35.356615,-119.062613,8.0,0.027,44.0,Bakersfield-California,16.935833249999998,40.39063095833333,7.620477154166667,1014.8333333333334,0.07916666666666666,81.75
2022-03-20,35.356615,-119.062613,4.7,0.03,26.0,Bakersfield-California,13.152499749999999,70.01204229166667,12.372601887499998,1016.8249999999999,0.14583333333333334,73.41666666666667
2022-03-21,35.356615,-119.062613,7.4,0.036,41.0,Bakersfield-California,13.637916416666668,50.349214958333334,6.229060207083333,1021.9625,0.0,48.416666666666664
2022-03-22,35.356615,-119.062613,9.4,0.043,52.0,Bakersfield-California,16.40041655,44.3115545,6.3413809458333334,1020.1125000000001,0.0,6.958333333333333
2022-03-23,35.356615,-119.062613,8.9,0.039,49.0,Bakersfield-California,20.092083416666664,44.60049191666667,5.493727829166667,1019.0375,0.0,0.0
2022-03-24,35.356615,-119.062613,8.8,0.044,49.0,Bakersfield-California,22.587916708333335,37.964583958333336,6.753026441666666,1017.1208333333334,0.0,4.958333333333333
2022-03-25,35.356615,-119.062613,11.7,0.042,56.0,Bakersfield-California,22.417083291666668,40.89521229166667,6.9640190749999995,1014.8583333333332,0.0,61.5
2022-03-26,35.356615,-119.062613,9.2,0.047,51.0,Bakersfield-California,23.100416874999997,39.040567833333334,5.969371454166667,1011.6708333333332,0.0,81.70833333333333
2022-03-27,35.356615,-119.062613,10.9,0.041,54.0,Bakersfield-California,22.544166666666666,25.46241725,9.3962933375,1006.7458333333334,0.0,79.20833333333333
2022-03-28,35.356615,-119.062613,2.7,0.03,15.0,Bakersfield-California,16.823333208333334,50.33249116666667,14.815898211666665,1006.3416666666667,0.25,48.166666666666664
2022-03-29,35.356615,-119.062613,5.1,0.032,28.0,Bakersfield-California,13.235833125,74.1695555,7.413500729166667,1012.275,0.08750000000000001,78.33333333333333
2022-03-30,35.356615,-119.062613,11.0,0.037,55.0,Bakersfield-California,15.283749708333334,66.312344125,5.444406937499999,1018.775,0.0,68.91666666666667
2022-03-31,35.356615,-119.062613,11.2,0.03,55.0,Bakersfield-California,15.44833325,62.65438791666667,7.942374583333333,1014.3416666666667,0.0,85.875
2022-04-01,35.356615,-119.062613,16.8,0.038,65.0,Bakersfield-California,14.735833208333332,68.44560766666667,6.005765233333334,1012.2583333333333,0.0,11.375
2022-04-02,35.356615,-119.062613,19.4,0.045,70.0,Bakersfield-California,18.487916583333334,59.26968179166667,5.6933306,1013.6875,0.0,20.083333333333332
2022-04-03,35.356615,-119.062613,8.4,0.041,47.0,Bakersfield-California,19.914999916666666,43.220392125,7.427846320833333,1013.3833333333333,0.0,94.54166666666667
2022-04-04,35.356615,-119.062613,6.4,0.037,36.0,Bakersfield-California,18.781666666666666,29.75295033333333,8.178968820833333,1014.9041666666667,0.0,26.833333333333332
2022-04-05,35.356615,-119.062613,4.3,0.032,24.0,Bakersfield-California,18.739999958333332,41.61912279166667,9.090037604166666,1018.2875,0.0,12.0
2022-04-06,35.356615,-119.062613,1.0,0.046,6.0,Bakersfield-California,18.812916625,31.522020791666666,8.292927170833332,1018.3833333333333,0.0,5.041666666666667
2022-04-07,35.356615,-119.062613,13.5,0.044,59.0,Bakersfield-California,23.642083,31.422416879166665,5.943822908333334,1018.3125,0.0,0.0
2022-04-08,35.356615,-119.062613,15.1,0.049,62.0,Bakersfield-California,26.002499958333335,23.886026391666665,7.043750069583333,1015.9958333333334,0.0,21.458333333333332
2022-04-09,35.356615,-119.062613,11.0,0.037,55.0,Bakersfield-California,24.85666679166667,24.805264625000003,11.133421624999999,1011.5375,0.0,13.375
2022-04-10,35.356615,-119.062613,5.4,0.037,30.0,Bakersfield-California,19.694166708333334,15.3943335625,10.710231604166665,1012.2416666666667,0.0,36.791666666666664
2022-04-11,35.356615,-119.062613,4.0,0.032,22.0,Bakersfield-California,16.567083291666666,25.394506791666668,12.015144954166667,1011.6166666666667,0.0,61.791666666666664
2022-04-12,35.356615,-119.062613,3.2,0.037,18.0,Bakersfield-California,13.031666541666667,38.53438971666667,17.178546291666667,1016.8874999999999,0.016666666666666666,17.166666666666668
2022-04-13,35.356615,-119.062613,5.8,0.037,32.0,Bakersfield-California,12.244166416666665,27.29592825,9.625425529166668,1022.2041666666668,0.0,0.0
2022-04-14,35.356615,-119.062613,7.0,0.038,39.0,Bakersfield-California,14.212916333333332,31.630527291666667,8.4465880125,1018.8166666666666,0.0,1.875
2022-04-15,35.356615,-119.062613,4.8,0.029,27.0,Bakersfield-California,16.614999875,44.87893195833333,8.6891376375,1015.7624999999999,0.0,7.541666666666667
2022-04-16,35.356615,-119.062613,2.8,0.027,16.0,Bakersfield-California,18.55041675,42.484946375,10.278348316666667,1015.1374999999999,0.004166666666666667,61.125
2022-04-17,35.356615,-119.062613,4.9,0.034,27.0,Bakersfield-California,18.227499875,44.52887983333333,7.5101854125,1020.1916666666666,0.0,4.625
2022-04-18,35.356615,-119.062613,7.2,0.041,40.0,Bakersfield-California,19.617083416666667,31.053759125,7.502526800000001,1017.3125,0.0,76.79166666666667
2022-04-19,35.356615,-119.062613,3.6,0.031,20.0,Bakersfield-California,21.083750166666665,31.377266000000002,12.295925779166666,1014.9083333333333,0.0,73.58333333333333
2022-04-20,35.356615,-119.062613,3.6,0.038,20.0,Bakersfield-California,19.11291675,35.786814666666665,10.7912215125,1014.0083333333333,0.0,33.083333333333336
2022-04-21,35.356615,-119.062613,3.5,0.033,19.0,Bakersfield-California,18.35041675,38.37137241666667,9.26336755,1014.1541666666667,0.0,21.916666666666668
2022-04-22,35.356615,-119.062613,1.6,0.036,9.0,Bakersfield-California,14.596249791666667,64.11540775,11.9657572375,1015.4833333333332,1.0791666666666668,71.25
2022-04-23,35.356615,-119.062613,5.7,0.037,32.0,Bakersfield-California,14.242083083333334,50.991690291666664,7.675906125,1021.0,0.0,35.833333333333336
2022-04-24,35.356615,-119.062613,5.8,0.04,32.0,Bakersfield-California,16.973333083333333,49.046112666666666,6.6295460041666665,1018.8375,0.0,2.125
2022-04-25,35.356615,-119.062613,7.8,0.047,43.0,Bakersfield-California,19.562916625,43.935787833333336,6.0178572458333335,1016.6291666666666,0.0,28.25
2022-04-26,35.356615,-119.062613,11.7,0.048,56.0,Bakersfield-California,21.975416916666664,29.622379354166668,7.391466854166667,1013.025,0.0,53.291666666666664
2022-04-27,35.356615,-119.062613,10.1,0.044,53.0,Bakersfield-California,20.698333583333334,29.83799727083333,9.894139108333333,1012.7958333333332,0.0,47.125
2022-04-28,35.356615,-119.062613,6.4,0.04,36.0,Bakersfield-California,19.037916833333334,24.443793208333332,12.047060191666667,1013.9458333333333,0.0,31.291666666666668
2022-04-29,35.356615,-119.062613,8.2,0.042,46.0,Bakersfield-California,17.619166500000002,33.85785816666667,9.372844958333333,1017.4583333333334,0.0,0.0
2022-04-30,35.356615,-119.062613,8.6,0.045,48.0,Bakersfield-California,19.856666666666666,28.055141625,7.0298137208333324,1015.1541666666667,0.0,0.0
2022-05-01,35.356615,-119.062613,3.8,0.039,21.0,Bakersfield-California,21.390000041666667,33.081159666666665,12.093232545833333,1010.6958333333333,0.0,0.5833333333333334
2022-05-02,35.356615,-119.062613,5.5,0.042,31.0,Bakersfield-California,21.433750125,25.408437833333334,8.276690016666667,1012.6333333333333,0.0,20.625
2022-05-03,35.356615,-119.062613,4.8,0.04,27.0,Bakersfield-California,21.002500083333334,30.646157708333334,10.775231912499999,1013.0375,0.0,21.0
2022-05-04,35.356615,-119.062613,8.8,0.046,49.0,Bakersfield-California,22.5275,23.431658179166664,6.9196529875,1013.0458333333332,0.0,1.875
2022-05-05,35.356615,-119.062613,10.5,0.048,54.0,Bakersfield-California,26.38374979166667,17.261314145833335,8.832104804166667,1012.4458333333333,0.0,25.875
2022-05-06,35.356615,-119.062613,3.2,0.027,18.0,Bakersfield-California,25.03166675,25.94742020833333,11.649149337499999,1015.1625,0.0,68.91666666666667
2022-05-07,35.356615,-119.062613,5.4,0.033,30.0,Bakersfield-California,23.569166874999997,41.87845883333333,13.652192791666666,1013.9208333333332,0.0,31.583333333333332
2022-05-08,35.356615,-119.062613,4.1,0.037,23.0,Bakersfield-California,19.406666625,28.8666760625,14.008736466666667,1012.1958333333333,0.0,7.208333333333333
2022-05-09,35.356615,-119.062613,3.1,0.036,17.0,Bakersfield-California,15.129583125000002,32.44384429166667,15.217162479166667,1015.1916666666666,0.0,6.208333333333333
2022-05-10,35.356615,-119.062613,2.0,0.035,11.0,Bakersfield-California,14.42958325,29.922598958333335,10.9171810375,1018.1125000000001,0.0,3.2916666666666665
2022-05-11,35.356615,-119.062613,4.0,0.036,22.0,Bakersfield-California,14.758750041666666,28.75062875,12.734773229166668,1020.6750000000001,0.0,0.0
2022-05-12,35.356615,-119.062613,5.5,0.038,31.0,Bakersfield-California,17.248333249999998,25.5314968125,9.529310425,1023.2375000000001,0.0,13.75
2022-05-13,35.356615,-119.062613,5.8,0.038,32.0,Bakersfield-California,19.712916625000002,23.918369833333333,8.9788852,1021.2083333333334,0.0,0.041666666666666664
2022-05-14,35.356615,-119.062613,7.9,0.035,44.0,Bakersfield-California,22.806666500000002,29.0631575,6.321077266666666,1016.9916666666667,0.0,1.4583333333333333
2022-05-15,35.356615,-119.062613,9.0,0.043,50.0,Bakersfield-California,26.698333375,28.975248041666664,7.2228129125,1012.3833333333333,0.0,48.541666666666664
2022-05-16,35.356615,-119.062613,3.7,0.04,21.0,Bakersfield-California,26.40874995833333,24.15100475,10.780725958333333,1013.1875,0.0,12.833333333333334
2022-05-17,35.356615,-119.062613,6.5,0.044,36.0,Bakersfield-California,24.283750041666668,26.477513708333333,10.665567362500001,1013.5291666666667,0.0,3.875
2022-05-18,35.356615,-119.062613,16.3,0.044,64.0,Bakersfield-California,25.44833325,23.313421458333334,7.326122879166667,1014.4666666666667,0.0,1.8333333333333333
2022-05-19,35.356615,-119.062613,10.6,0.044,54.0,Bakersfield-California,27.219166791666666,23.10404779166667,9.662894283333333,1011.6750000000001,0.0,7.75
2022-05-20,35.356615,-119.062613,17.2,0.042,66.0,Bakersfield-California,26.542083375,21.96635375,13.242193729166667,1005.6083333333332,0.0,25.125
2022-05-21,35.356615,-119.062613,7.5,0.047,42.0,Bakersfield-California,22.82958345833333,19.145670095833335,7.9936496375,1009.5666666666666,0.0,2.5
2022-05-22,35.356615,-119.062613,7.7,0.047,43.0,Bakersfield-California,24.25666670833333,19.25372225,8.338576483333332,1013.525,0.0,3.0833333333333335
2022-05-23,35.356615,-119.062613,9.6,0.043,52.0,Bakersfield-California,26.248333375,17.482818041666665,8.706945408333334,1012.1416666666668,0.0,15.541666666666666
2022-05-24,35.356615,-119.062613,10.7,0.046,54.0,Bakersfield-California,27.704583375,18.063917541666665,7.923459495833334,1008.6666666666666,0.0,18.625
2022-05-25,35.356615,-119.062613,14.4,0.058,61.0,Bakersfield-California,31.521249666666666,15.162574233333332,7.813640070833333,1007.35,0.0,28.875
2022-05-26,35.356615,-119.062613,19.7,0.049,71.0,Bakersfield-California,31.625416583333333,21.117859666666668,10.565841733333334,1007.5916666666667,0.0,5.875
2022-05-27,35.356615,-119.062613,10.1,0.041,53.0,Bakersfield-California,25.844166708333333,36.35999883333333,10.881724854166668,1012.4208333333332,0.0,70.16666666666667
2022-05-28,35.356615,-119.062613,7.4,0.033,41.0,Bakersfield-California,24.83375020833333,33.696718624999995,13.542106145833335,1012.0333333333333,0.0,77.625
2022-05-29,35.356615,-119.062613,4.8,0.037,27.0,Bakersfield-California,22.235833541666665,39.31080479166667,16.2925533125,1010.7875,0.0,28.875
2022-05-30,35.356615,-119.062613,9.0,0.036,50.0,Bakersfield-California,22.3233335,20.4595421875,11.743821775,1010.6291666666666,0.0,0.0
2022-05-31,35.356615,-119.062613,9.5,0.042,52.0,Bakersfield-California,23.175416916666666,19.681055375,9.958611758333333,1010.0208333333334,0.0,0.0
2022-06-01,35.356615,-119.062613,11.7,0.05,56.0,Bakersfield-California,25.45666675,17.0675981875,7.558038683333334,1010.9916666666667,0.0,0.0
2022-06-02,35.356615,-119.062613,11.5,0.041,55.0,Bakersfield-California,28.283749874999998,14.837330670833333,9.701086291666668,1008.5916666666667,0.0,40.166666666666664
2022-06-03,35.356615,-119.062613,7.6,0.028,42.0,Bakersfield-California,28.217082916666666,22.867432875000002,11.087487854166667,1008.1416666666668,0.0,55.958333333333336
2022-06-04,35.356615,-119.062613,7.6,0.028,42.0,Bakersfield-California,28.217082916666666,22.867432875000002,11.087487854166667,1008.1416666666668,0.0,55.958333333333336
2022-06-05,35.356615,-119.062613,7.6,0.028,42.0,Bakersfield-California,28.217082916666666,22.867432875000002,11.087487854166667,1008.1416666666668,0.0,55.958333333333336
2022-06-06,35.356615,-119.062613,6.2,0.038,34.0,Bakersfield-California,27.517083583333335,42.480078,12.908234437499999,1011.3541666666666,0.0,11.916666666666666
2022-06-07,35.356615,-119.062613,8.9,0.055,49.0,Bakersfield-California,27.269166708333334,23.811856000000002,8.879812354166667,1010.3916666666668,0.0,11.791666666666666
2022-06-08,35.356615,-119.062613,6.0,0.051,33.0,Bakersfield-California,28.264999958333334,19.173356350000002,9.104372279166666,1010.6541666666667,0.0,4.375
2022-06-09,35.356615,-119.062613,6.7,0.042,37.0,Bakersfield-California,29.512916333333333,25.523389791666663,8.242007404166666,1009.1666666666666,0.0,31.041666666666668
2022-06-10,35.356615,-119.062613,10.5,0.052,54.0,Bakersfield-California,31.467082875,26.68003275,7.320698829166666,1010.275,0.0,9.458333333333334
2022-06-11,35.356615,-119.062613,6.7,0.039,37.0,Bakersfield-California,33.64624954166667,22.518903395833334,10.227341595833334,1010.6916666666666,0.0,0.5
2022-06-12,35.356615,-119.062613,6.6,0.038,37.0,Bakersfield-California,32.771249875,22.219813791666667,10.4335172375,1008.275,0.0,0.0
2022-06-13,35.356615,-119.062613,4.5,0.047,25.0,Bakersfield-California,27.148333458333337,38.795630875,17.6185176875,1009.9791666666666,0.0,35.416666666666664
2022-06-14,35.356615,-119.062613,9.4,0.052,52.0,Bakersfield-California,24.985833416666665,13.869642354166666,9.432489295833333,1012.8291666666668,0.0,0.0
2022-06-15,35.356615,-119.062613,11.7,0.059,56.0,Bakersfield-California,27.229583208333334,13.023017579166668,7.334583962499999,1010.3125,0.0,0.0
2022-06-16,35.356615,-119.062613,10.7,0.061,54.0,Bakersfield-California,29.439999708333332,14.208760916666668,8.879453700000001,1008.1625,0.0,0.0
2022-06-17,35.356615,-119.062613,7.8,0.04,43.0,Bakersfield-California,24.623333375,23.467060583333335,12.9620300125,1008.2541666666666,0.0,45.208333333333336
2022-06-18,35.356615,-119.062613,3.2,0.04,18.0,Bakersfield-California,20.10250016666667,32.533842916666664,9.396657941666666,1012.1875,0.0,0.75
2022-06-19,35.356615,-119.062613,4.2,0.044,23.0,Bakersfield-California,22.39625008333333,26.270507833333337,10.4426058375,1015.0625,0.0,0.0
2022-06-20,35.356615,-119.062613,9.5,0.049,52.0,Bakersfield-California,24.973333125,20.6559513125,7.0964825708333334,1014.5916666666667,0.0,0.0
2022-06-21,35.356615,-119.062613,11.3,0.06,55.0,Bakersfield-California,28.952499833333334,18.601942020833334,7.2637071,1010.3249999999999,0.0,1.4583333333333333
2022-06-22,35.356615,-119.062613,11.3,0.038,55.0,Bakersfield-California,31.444166166666665,25.793957358333333,11.3148732625,1010.2083333333334,0.004166666666666667,31.0
2022-06-23,35.356615,-119.062613,13.9,0.05,60.0,Bakersfield-California,30.452499666666668,27.614941625,9.961505279166667,1010.4666666666667,0.0,3.2916666666666665
2022-06-24,35.356615,-119.062613,12.1,0.058,57.0,Bakersfield-California,32.53583295833334,18.221435708333335,7.899312616666666,1008.9041666666667,0.0,0.041666666666666664
2022-06-25,35.356615,-119.062613,9.5,0.055,52.0,Bakersfield-California,33.64833291666667,18.0968100625,8.215257654166667,1009.1999999999999,0.0,0.0
2022-06-26,35.356615,-119.062613,9.2,0.053,51.0,Bakersfield-California,33.602499625,14.446905645833333,10.493409966666666,1011.6750000000001,0.0,0.0
2022-06-27,35.356615,-119.062613,10.5,0.055,54.0,Bakersfield-California,34.246249875,13.840170904166667,9.620611008333332,1013.3791666666666,0.0,0.041666666666666664
2022-06-28,35.356615,-119.062613,10.5,0.055,54.0,Bakersfield-California,34.246249875,13.840170904166667,9.620611008333332,1013.3791666666666,0.0,0.041666666666666664
2022-06-29,35.356615,-119.062613,7.9,0.051,44.0,Bakersfield-California,33.806665875,10.895511416666666,9.112227779166666,1012.3916666666668,0.0,0.25
2022-06-30,35.356615,-119.062613,7.0,0.051,39.0,Bakersfield-California,32.675416625000004,11.406773549999999,10.2917520375,1012.7291666666666,0.0,0.125
2022-07-01,35.356615,-119.062613,10.2,0.05,53.0,Bakersfield-California,30.135833166666668,16.048682670833333,8.888947208333333,1012.4291666666667,0.0,0.0
2022-07-02,35.356615,-119.062613,7.6,0.044,42.0,Bakersfield-California,29.829583,16.712807325,9.547925791666666,1010.8291666666668,0.0,1.0
2022-07-03,35.356615,-119.062613,7.5,0.041,42.0,Bakersfield-California,26.904583541666668,24.9964495625,12.449527429166666,1011.4625,0.0,0.0
2022-07-04,35.356615,-119.062613,43.7,0.035,121.0,Bakersfield-California,25.49416675,27.658492958333337,11.0686429625,1012.3708333333334,0.0,0.0
2022-07-05,35.356615,-119.062613,17.1,0.037,66.0,Bakersfield-California,26.910833333333333,37.42636983333333,8.917090370833334,1012.2333333333332,0.0,0.0
2022-07-06,35.356615,-119.062613,5.6,0.041,31.0,Bakersfield-California,27.59416675,41.4405985,9.047906479166667,1011.6625,0.0,4.041666666666667
2022-07-07,35.356615,-119.062613,7.8,0.045,43.0,Bakersfield-California,27.906666708333333,35.649785125,8.9984129875,1012.6083333333332,0.0,0.041666666666666664
2022-07-08,35.356615,-119.062613,8.8,0.055,49.0,Bakersfield-California,29.975416541666664,30.38707375,7.5403470708333336,1013.2916666666666,0.0,51.375
2022-07-09,35.356615,-119.062613,5.6,0.047,31.0,Bakersfield-California,30.642083208333332,26.132961895833333,9.716780154166667,1015.65,0.0,36.416666666666664
2022-07-10,35.356615,-119.062613,7.8,0.047,43.0,Bakersfield-California,30.89833295833333,24.382398645833334,9.800236845833334,1015.9583333333334,0.0,0.5416666666666666
2022-07-11,35.356615,-119.062613,12.3,0.061,57.0,Bakersfield-California,32.106666,18.98231420833333,7.801898983333333,1011.1125000000001,0.0,0.0
2022-07-12,35.356615,-119.062613,11.1,0.06,55.0,Bakersfield-California,33.31499970833333,19.397548625,9.106867583333333,1008.3041666666667,0.0,0.0
2022-07-13,35.356615,-119.062613,10.7,0.06,54.0,Bakersfield-California,31.127499541666666,25.146152791666665,10.3930637125,1009.9583333333334,0.0,0.0
2022-07-14,35.356615,-119.062613,12.3,0.064,57.0,Bakersfield-California,32.300416125,20.852223291666665,8.8671086,1010.5416666666666,0.0,8.416666666666666
2022-07-15,35.356615,-119.062613,8.6,0.061,48.0,Bakersfield-California,33.825416041666664,19.4797585625,9.084744325,1010.7416666666667,0.0,8.166666666666666
2022-07-16,35.356615,-119.062613,12.5,0.063,57.0,Bakersfield-California,35.0649995,17.1699375625,8.967139516666666,1010.0333333333333,0.0,0.2916666666666667
2022-07-17,35.356615,-119.062613,13.3,0.062,59.0,Bakersfield-California,36.421249249999995,15.985986312500001,8.309239725,1007.2291666666666,0.0,2.875
2022-07-18,35.356615,-119.062613,6.3,0.049,35.0,Bakersfield-California,36.19416641666667,14.8785659375,9.378159641666667,1009.0708333333333,0.0,16.25
2022-07-19,35.356615,-119.062613,7.1,0.055,39.0,Bakersfield-California,34.585832625,12.858456354166668,10.0303797,1012.1208333333334,0.0,8.375
2022-07-20,35.356615,-119.062613,9.4,0.055,52.0,Bakersfield-California,34.66083270833334,13.861576629166668,9.346438320833334,1012.9041666666667,0.0,1.2916666666666667
2022-07-21,35.356615,-119.062613,9.0,0.055,50.0,Bakersfield-California,34.662916333333335,13.566567904166668,10.547825845833334,1012.475,0.0,57.291666666666664
2022-07-22,35.356615,-119.062613,9.7,0.053,52.0,Bakersfield-California,33.679582958333334,11.604499454166666,10.423290208333333,1010.5458333333332,0.0,44.791666666666664
2022-07-23,35.356615,-119.062613,9.3,0.062,51.0,Bakersfield-California,32.825416249999996,11.162523491666667,9.487146083333334,1009.1750000000001,0.0,26.375
2022-07-24,35.356615,-119.062613,9.7,0.063,52.0,Bakersfield-California,32.82333295833333,11.773241120833333,10.024276991666666,1008.2916666666666,0.0,0.0
2022-07-25,35.356615,-119.062613,8.9,0.06,49.0,Bakersfield-California,32.3524995,15.186900604166667,10.4084230875,1008.5416666666666,0.0,0.0
2022-07-26,35.356615,-119.062613,8.2,0.062,46.0,Bakersfield-California,32.41083291666667,18.661323916666667,9.579967504166666,1009.4166666666666,0.0,0.875
2022-07-27,35.356615,-119.062613,9.6,0.055,52.0,Bakersfield-California,32.102499333333334,19.5592215,10.158172720833333,1011.3041666666667,0.0,0.041666666666666664
2022-07-28,35.356615,-119.062613,9.5,0.055,52.0,Bakersfield-California,33.29208233333333,19.31872733333333,8.724467291666667,1010.0041666666666,0.0,10.041666666666666
2022-07-29,35.356615,-119.062613,10.7,0.057,54.0,Bakersfield-California,34.237916125,17.019523833333334,7.672717645833333,1008.4250000000001,0.0,19.791666666666668
2022-07-30,35.356615,-119.062613,8.1,0.055,45.0,Bakersfield-California,34.300415791666666,22.245879666666667,8.75718615,1008.8583333333332,0.0,14.416666666666666
2022-07-31,35.356615,-119.062613,8.7,0.047,48.0,Bakersfield-California,34.25874954166667,21.596504916666664,10.535660091666667,1011.1374999999999,0.0,55.291666666666664
2022-08-01,35.356615,-119.062613,11.5,0.056,55.0,Bakersfield-California,33.485833125,27.038641958333333,9.916822179166667,1013.0708333333333,0.0,64.75
2022-08-02,35.356615,-119.062613,10.0,0.054,53.0,Bakersfield-California,34.135832625,26.519485083333333,10.550298025,1012.6791666666667,0.0,37.791666666666664
2022-08-03,35.356615,-119.062613,9.0,0.052,50.0,Bakersfield-California,33.93374925,25.995099416666665,10.0238577,1011.1666666666666,0.0,18.375
2022-08-04,35.356615,-119.062613,12.8,0.045,58.0,Bakersfield-California,35.229582416666666,24.318795374999997,7.590720162499999,1008.5833333333334,0.0,43.625
2022-08-05,35.356615,-119.062613,10.4,0.048,53.0,Bakersfield-California,33.400416,24.81317466666667,9.791175854166667,1010.2833333333333,0.0,91.33333333333333
2022-08-06,35.356615,-119.062613,7.7,0.057,43.0,Bakersfield-California,30.571249875000003,37.88364320833333,9.4998226875,1012.1625,0.0,27.416666666666668
2022-08-07,35.356615,-119.062613,8.0,0.055,44.0,Bakersfield-California,31.035833166666666,28.496994708333332,10.981420958333333,1011.9041666666667,0.0,0.0
2022-08-08,35.356615,-119.062613,8.6,0.054,48.0,Bakersfield-California,31.806666208333336,25.233511333333336,10.043846108333334,1012.0625,0.0,13.5
2022-08-09,35.356615,-119.062613,9.5,0.054,52.0,Bakersfield-California,31.4691665,25.086004916666667,9.169518533333333,1011.3458333333333,0.0,50.666666666666664
2022-08-10,35.356615,-119.062613,8.3,0.052,46.0,Bakersfield-California,30.567082958333334,23.703950208333335,8.93320665,1013.6999999999999,0.0,2.5416666666666665
2022-08-11,35.356615,-119.062613,12.5,0.057,57.0,Bakersfield-California,30.98791620833333,22.864994166666666,8.364022475,1014.4041666666667,0.0,56.791666666666664
2022-08-12,35.356615,-119.062613,11.0,0.053,55.0,Bakersfield-California,30.979583208333334,21.091301333333334,9.1438778625,1013.1166666666667,0.0,8.75
2022-08-13,35.356615,-119.062613,7.8,0.056,43.0,Bakersfield-California,30.906666416666667,20.088589083333332,8.7154929375,1013.0500000000001,0.0,16.458333333333332
2022-08-14,35.356615,-119.062613,9.3,0.06,51.0,Bakersfield-California,31.171249833333334,15.471217475000001,8.299186766666667,1012.1333333333333,0.0,0.0
2022-08-15,35.356615,-119.062613,12.0,0.066,56.0,Bakersfield-California,31.575416208333333,15.0711138125,8.299384866666667,1009.2708333333334,0.0,0.0
2022-08-16,35.356615,-119.062613,16.8,0.072,65.0,Bakersfield-California,32.73583295833333,15.842511904166665,7.400007291666667,1007.2041666666668,0.0,3.25
2022-08-17,35.356615,-119.062613,17.7,0.07,67.0,Bakersfield-California,34.9545825,15.075788208333334,8.7059945125,1007.9,0.0,16.041666666666668
2022-08-18,35.356615,-119.062613,13.4,0.07,59.0,Bakersfield-California,34.07124941666667,16.069123708333333,9.173507133333333,1009.8333333333334,0.0,2.375
2022-08-19,35.356615,-119.062613,18.0,0.061,68.0,Bakersfield-California,33.77541633333333,18.7176983125,9.643864683333334,1008.4708333333333,0.0,0.0
2022-08-20,35.356615,-119.062613,14.5,0.064,61.0,Bakersfield-California,33.90874933333333,14.726116124999999,7.141948466666666,1005.9916666666667,0.0,0.0
2022-08-21,35.356615,-119.062613,6.9,0.054,38.0,Bakersfield-California,33.87541616666667,21.6904125625,9.896549120833333,1009.8625000000001,0.0,0.0
2022-08-22,35.356615,-119.062613,8.8,0.055,49.0,Bakersfield-California,31.221249791666665,27.433699416666666,10.034838504166666,1013.2791666666667,0.0,0.0
2022-08-23,35.356615,-119.062613,18.0,0.055,68.0,Bakersfield-California,31.473333208333333,24.706693791666666,7.479122879166667,1009.5916666666667,0.0,0.041666666666666664
2022-08-24,35.356615,-119.062613,11.6,0.064,56.0,Bakersfield-California,33.88791616666666,21.833550250000002,5.344740029166666,1006.4,0.0,0.08333333333333333
2022-08-25,35.356615,-119.062613,7.4,0.058,41.0,Bakersfield-California,33.727499625,20.60631425,9.799999604166667,1009.6041666666666,0.0,0.5416666666666666
2022-08-26,35.356615,-119.062613,7.8,0.059,43.0,Bakersfield-California,32.637916041666664,22.200985375000002,8.841403104166668,1011.2875,0.0,0.16666666666666666
2022-08-27,35.356615,-119.062613,11.5,0.053,55.0,Bakersfield-California,32.648332625,17.9327690625,8.6659163875,1008.0958333333333,0.0,0.16666666666666666
2022-08-28,35.356615,-119.062613,5.5,0.047,31.0,Bakersfield-California,30.969166583333333,23.129693125,10.1735982125,1006.7041666666668,0.0,0.08333333333333333
2022-08-29,35.356615,-119.062613,9.2,0.054,51.0,Bakersfield-California,29.96083320833333,24.498715041666667,9.1873842875,1008.4708333333333,0.0,0.3333333333333333
2022-08-30,35.356615,-119.062613,17.5,0.061,67.0,Bakersfield-California,31.21916625,24.155229416666668,9.644490025,1011.2125,0.0,0.7083333333333334
2022-08-31,35.356615,-119.062613,15.4,0.065,63.0,Bakersfield-California,32.123333,19.944030041666668,8.649920816666667,1011.725,0.0,1.0416666666666667
2022-09-01,35.356615,-119.062613,15.3,0.068,63.0,Bakersfield-California,32.82958275,21.573505208333334,7.275958995833332,1009.4833333333332,0.0,10.125
2022-09-02,35.356615,-119.062613,15.8,0.069,63.0,Bakersfield-California,34.429582583333335,17.880587958333333,6.472492095,1007.1958333333333,0.0,0.2916666666666667
2022-09-03,35.356615,-119.062613,10.2,0.052,53.0,Bakersfield-California,34.24208266666667,14.773233508333334,8.5029519125,1009.4125,0.0,0.4166666666666667
2022-09-04,35.356615,-119.062613,19.1,0.059,70.0,Bakersfield-California,33.70666620833334,13.6491974375,7.239576862500001,1010.2791666666667,0.0,4.458333333333333
2022-09-05,35.356615,-119.062613,19.5,0.068,70.0,Bakersfield-California,35.102499333333334,15.869744124999999,7.788893419583334,1007.2291666666666,0.0,7.416666666666667
2022-09-06,35.356615,-119.062613,21.0,0.068,73.0,Bakersfield-California,37.148332583333335,15.264358916666666,7.000325878333332,1006.2333333333332,0.0,3.75
2022-09-07,35.356615,-119.062613,19.5,0.064,70.0,Bakersfield-California,37.842082833333336,16.138098429166668,8.3223722075,1009.625,0.0,3.0833333333333335
2022-09-08,35.356615,-119.062613,15.2,0.061,62.0,Bakersfield-California,36.37124945833333,15.574181479166667,8.861919195833332,1008.1541666666667,0.0,3.7916666666666665
2022-09-09,35.356615,-119.062613,22.7,0.056,76.0,Bakersfield-California,35.01291608333333,19.325065291666665,9.2048637125,1000.4958333333334,0.0,35.583333333333336
2022-09-10,35.356615,-119.062613,14.4,0.034,61.0,Bakersfield-California,32.760833125,34.294874916666664,12.523222354166668,1004.9416666666666,0.004166666666666667,84.25
2022-09-11,35.356615,-119.062613,12.5,0.056,57.0,Bakersfield-California,29.456666416666668,52.65373795833333,5.482063358333334,1013.0625,0.004166666666666667,52.333333333333336
2022-09-12,35.356615,-119.062613,9.3,0.064,51.0,Bakersfield-California,30.189999791666665,41.637686625,7.341993241666667,1012.5875,0.004166666666666667,21.583333333333332
2022-09-13,35.356615,-119.062613,19.1,0.046,70.0,Bakersfield-California,29.56708325,32.11098358333333,7.9392076375,1009.4625,0.0,13.708333333333334
2022-09-14,35.356615,-119.062613,7.0,0.047,39.0,Bakersfield-California,25.1233335,32.3351485,9.306171133333335,1010.6625,0.0,0.4583333333333333
2022-09-15,35.356615,-119.062613,11.5,0.05,55.0,Bakersfield-California,23.537916874999997,40.125354791666666,8.690124325,1013.3916666666668,0.0,0.0
2022-09-16,35.356615,-119.062613,11.7,0.052,56.0,Bakersfield-California,23.27333366666667,40.89399841666667,8.212382325,1013.6291666666666,0.0,7.416666666666667
2022-09-17,35.356615,-119.062613,10.8,0.055,54.0,Bakersfield-California,24.500416833333333,36.184590166666666,6.074960766666667,1009.0333333333333,0.0,0.0
2022-09-18,35.356615,-119.062613,3.2,0.042,18.0,Bakersfield-California,23.046250208333333,36.398938083333334,10.559751458333333,1006.1791666666667,0.0,0.0
2022-09-19,35.356615,-119.062613,4.9,0.038,27.0,Bakersfield-California,23.846250208333334,42.41583020833333,10.3893517375,1008.0208333333334,0.0,11.791666666666666
2022-09-20,35.356615,-119.062613,3.3,0.037,18.0,Bakersfield-California,22.371250208333333,58.47293879166667,9.470007741666667,1011.2291666666666,0.004166666666666667,30.5
2022-09-21,35.356615,-119.062613,4.2,0.041,23.0,Bakersfield-California,22.796250375,43.284921458333336,9.545208666666667,1012.6,0.0,26.833333333333332
2022-09-22,35.356615,-119.062613,8.1,0.053,45.0,Bakersfield-California,22.327500083333334,43.86244208333333,8.439387054166668,1015.1708333333332,0.0,0.0
2022-09-23,35.356615,-119.062613,12.6,0.066,58.0,Bakersfield-California,23.540000125000002,37.421450625,6.537482274166667,1013.8125,0.0,0.0
2022-09-24,35.356615,-119.062613,11.9,0.071,56.0,Bakersfield-California,27.048333291666665,31.15385516666667,5.585181325,1013.9791666666666,0.0,0.16666666666666666
2022-09-25,35.356615,-119.062613,12.7,0.068,58.0,Bakersfield-California,28.908749958333335,29.81999983333333,7.8438162625,1014.3541666666666,0.0,1.0
2022-09-26,35.356615,-119.062613,12.4,0.076,57.0,Bakersfield-California,29.667083083333335,32.20493691666667,7.363971745833333,1012.1958333333333,0.0,2.7916666666666665
2022-09-27,35.356615,-119.062613,16.7,0.067,65.0,Bakersfield-California,30.00249975,30.771341208333336,8.003588691666666,1011.5208333333334,0.0,9.166666666666666
2022-09-28,35.356615,-119.062613,17.9,0.066,67.0,Bakersfield-California,28.594166833333333,28.097864958333332,8.0057504875,1013.0291666666667,0.0,0.08333333333333333
2022-09-29,35.356615,-119.062613,8.1,0.046,45.0,Bakersfield-California,26.917083333333334,27.433130000000002,7.303418475,1014.5708333333333,0.0,14.625
2022-09-30,35.356615,-119.062613,15.8,0.061,63.0,Bakersfield-California,25.94416691666667,36.39394158333334,7.016265700000001,1010.7291666666666,0.0,0.0
2022-10-01,35.356615,-119.062613,10.2,0.064,53.0,Bakersfield-California,26.129583458333332,33.53731295833333,7.925894616666667,1007.7375000000001,0.0,0.0
2022-10-02,35.356615,-119.062613,10.8,0.049,54.0,Bakersfield-California,24.865000041666665,45.02798654166667,8.97649795,1010.7916666666666,0.0,0.08333333333333333
2022-10-03,35.356615,-119.062613,12.7,0.055,58.0,Bakersfield-California,23.762916875000002,46.10724775,6.862601504166666,1014.2333333333332,0.0,0.0
2022-10-04,35.356615,-119.062613,16.4,0.066,65.0,Bakersfield-California,24.385833333333334,43.051495375,6.345226279166667,1014.2041666666668,0.0,0.0
2022-10-05,35.356615,-119.062613,22.0,0.073,75.0,Bakersfield-California,25.227500083333336,35.272879124999996,6.422054670833333,1013.85,0.0,0.0
2022-10-06,35.356615,-119.062613,19.5,0.07,70.0,Bakersfield-California,27.542083083333335,29.871751333333336,5.408093470833333,1014.6916666666666,0.0,0.0
2022-10-07,35.356615,-119.062613,13.1,0.067,58.0,Bakersfield-California,27.398332999999997,25.270177958333335,6.970895511249999,1015.6875,0.0,0.0
2022-10-08,35.356615,-119.062613,14.5,0.068,61.0,Bakersfield-California,27.589999666666667,26.420455833333335,6.1755383083333335,1015.6458333333334,0.0,0.0
2022-10-09,35.356615,-119.062613,12.0,0.066,56.0,Bakersfield-California,27.750416541666667,25.339985708333334,5.809928845833333,1014.6333333333333,0.0,0.041666666666666664
2022-10-10,35.356615,-119.062613,16.5,0.059,65.0,Bakersfield-California,26.22124975,30.833676791666665,7.343365429166667,1013.3375,0.0,12.833333333333334
2022-10-11,35.356615,-119.062613,8.9,0.058,49.0,Bakersfield-California,26.885833333333334,27.564310666666668,5.629430500000001,1012.2666666666668,0.0,34.583333333333336
2022-10-12,35.356615,-119.062613,10.7,0.058,54.0,Bakersfield-California,25.294166708333336,31.261266375,7.723871620833333,1015.125,0.0,4.208333333333333
2022-10-13,35.356615,-119.062613,12.5,0.058,57.0,Bakersfield-California,24.708750166666665,35.75657783333333,6.540714404166667,1015.4625,0.0,19.625
2022-10-14,35.356615,-119.062613,22.2,0.069,75.0,Bakersfield-California,24.029583416666668,36.01823720833333,6.421829595833334,1010.3291666666668,0.0,2.2916666666666665
2022-10-15,35.356615,-119.062613,19.2,0.061,70.0,Bakersfield-California,24.287916791666664,38.89584954166667,6.923002066666666,1008.3625000000001,0.0,1.9583333333333333
2022-10-16,35.356615,-119.062613,10.5,0.043,54.0,Bakersfield-California,21.679583458333337,53.60382575,8.125223462500001,1013.3416666666667,0.0,0.041666666666666664
2022-10-17,35.356615,-119.062613,12.9,0.047,58.0,Bakersfield-California,20.044166791666665,55.11828391666666,7.105266408333333,1016.9916666666667,0.0,7.666666666666667
2022-10-18,35.356615,-119.062613,17.5,0.06,67.0,Bakersfield-California,21.646249958333332,49.881353,5.479473866666666,1016.3791666666666,0.0,46.333333333333336
2022-10-19,35.356615,-119.062613,19.8,0.065,71.0,Bakersfield-California,22.78791658333333,44.72560425,5.8619746625,1017.1083333333332,0.0,32.708333333333336
2022-10-20,35.356615,-119.062613,13.4,0.062,59.0,Bakersfield-California,24.742083249999997,32.413079125,5.411083383333334,1014.3375,0.0,67.33333333333333
2022-10-21,35.356615,-119.062613,12.4,0.055,57.0,Bakersfield-California,25.098333291666666,27.332927041666668,5.744838645833333,1010.4291666666667,0.0,0.0
2022-10-22,35.356615,-119.062613,8.3,0.031,46.0,Bakersfield-California,21.84625025,33.583315166666665,10.990125004166666,1007.3625000000001,0.0,28.208333333333332
2022-10-23,35.356615,-119.062613,8.7,0.034,48.0,Bakersfield-California,17.098333291666666,46.696466541666666,11.828130633333332,1009.7333333333332,0.0,10.25
2022-10-24,35.356615,-119.062613,7.3,0.038,41.0,Bakersfield-California,15.689999958333333,32.94675233333333,6.008999916666667,1019.2375000000001,0.0,0.0
2022-10-25,35.356615,-119.062613,7.7,0.041,43.0,Bakersfield-California,17.323333166666668,23.378619999999998,5.102638175,1020.6333333333333,0.0,4.875
2022-10-26,35.356615,-119.062613,11.9,0.039,56.0,Bakersfield-California,16.30249975,31.706068083333335,7.875873133333333,1016.4041666666667,0.0,5.25
2022-10-27,35.356615,-119.062613,9.5,0.043,52.0,Bakersfield-California,15.342083125,41.727924,6.3253985875000005,1016.4333333333334,0.0,0.9583333333333334
2022-10-28,35.356615,-119.062613,37.3,0.041,105.0,Bakersfield-California,16.70458341666667,33.31431625,5.676469287500001,1018.75,0.0,17.791666666666668
2022-10-29,35.356615,-119.062613,13.3,0.045,59.0,Bakersfield-California,16.706666549999998,33.14638829166667,7.15765525,1021.4499999999999,0.0,16.25
2022-10-30,35.356615,-119.062613,15.2,0.05,62.0,Bakersfield-California,16.214999916666667,41.05233225,4.919044254166667,1019.9041666666667,0.0,17.958333333333332
2022-10-31,35.356615,-119.062613,18.1,0.037,68.0,Bakersfield-California,16.3629165,39.366792374999996,4.656030275,1014.8625000000001,0.0,57.958333333333336
2022-11-01,35.356615,-119.062613,10.9,0.035,54.0,Bakersfield-California,17.096250083333334,35.488751625,7.837800004166667,1010.2041666666668,0.0,58.625
2022-11-02,35.356615,-119.062613,2.3,0.033,13.0,Bakersfield-California,14.289999875,63.808605416666666,12.786073708333333,1016.8874999999999,0.07916666666666666,88.125
2022-11-03,35.356615,-119.062613,4.2,0.028,23.0,Bakersfield-California,10.158749866666666,69.77931604166666,8.944088391666666,1019.6750000000001,0.2041666666666667,55.666666666666664
2022-11-04,35.356615,-119.062613,4.2,0.028,23.0,Bakersfield-California,10.158749866666666,69.77931604166666,8.944088391666666,1019.6750000000001,0.2041666666666667,55.666666666666664
2022-11-05,35.356615,-119.062613,4.2,0.028,23.0,Bakersfield-California,10.158749866666666,69.77931604166666,8.944088391666666,1019.6750000000001,0.2041666666666667,55.666666666666664
2022-11-06,35.356615,-119.062613,9.9,0.029,52.0,Bakersfield-California,13.623333,61.22712991666666,5.624929854166666,1014.6333333333333,0.0,28.125
2022-11-07,35.356615,-119.062613,2.7,0.024,15.0,Bakersfield-California,15.881666458333333,71.14778058333333,8.534580425,1011.5875,0.14166666666666666,89.83333333333333
2022-11-08,35.356615,-119.062613,3.7,0.028,21.0,Bakersfield-California,12.369166499999999,84.20009925000001,7.924196808333334,1009.3916666666668,0.5166666666666667,77.25
2022-11-09,35.356615,-119.062613,3.6,0.03,20.0,Bakersfield-California,9.864999716666667,77.44381891666667,6.419733795833333,1014.4791666666666,0.15,62.041666666666664
2022-11-10,35.356615,-119.062613,18.0,0.024,68.0,Bakersfield-California,8.762916383333334,72.665015,5.510406804166667,1023.775,0.0,10.083333333333334
2022-11-11,35.356615,-119.062613,29.9,0.023,90.0,Bakersfield-California,8.771249816666666,72.53499129166666,5.0894333000000005,1021.7666666666668,0.0,52.208333333333336
2022-11-12,35.356615,-119.062613,34.3,0.028,98.0,Bakersfield-California,9.585833150000001,69.643692375,4.526797916666667,1019.1041666666666,0.0,12.458333333333334
2022-11-13,35.356615,-119.062613,18.2,0.029,68.0,Bakersfield-California,9.789999883333333,68.61937725,7.4989669375000005,1019.2291666666666,0.0,40.125
2022-11-14,35.356615,-119.062613,24.0,0.025,79.0,Bakersfield-California,8.760833291666666,72.899730875,5.310756887499999,1021.1374999999999,0.0,10.125
2022-11-15,35.356615,-119.062613,25.6,0.023,82.0,Bakersfield-California,10.056666333333334,63.943862833333334,6.317312795833334,1021.0625,0.0,0.375
2022-11-16,35.356615,-119.062613,26.7,0.03,84.0,Bakersfield-California,10.921249875,57.05642029166666,5.587675016666666,1026.4041666666667,0.0,0.0
2022-11-17,35.356615,-119.062613,32.3,0.028,94.0,Bakersfield-California,10.8191665,52.885182375,5.098018825,1025.6375,0.0,1.875
2022-11-18,35.356615,-119.062613,43.1,0.027,120.0,Bakersfield-California,9.267083095833334,64.25039291666667,6.345144604166666,1019.6750000000001,0.0,25.125
2022-11-19,35.356615,-119.062613,33.2,0.03,96.0,Bakersfield-California,9.744166633333334,58.718708375,5.3748708625,1019.875,0.0,0.0
2022-11-20,35.356615,-119.062613,31.9,0.032,93.0,Bakersfield-California,9.52541665,52.520073583333335,6.297631775,1023.6708333333332,0.0,0.08333333333333333
2022-11-21,35.356615,-119.062613,40.7,0.028,114.0,Bakersfield-California,8.646249925000001,53.717224666666674,5.456084883333333,1023.0041666666666,0.0,33.583333333333336
2022-11-22,35.356615,-119.062613,42.1,0.037,117.0,Bakersfield-California,9.062916633333332,56.2955375,4.649882125,1021.6625,0.0,41.708333333333336
2022-11-23,35.356615,-119.062613,39.9,0.038,112.0,Bakersfield-California,9.789999841666667,55.42867533333333,5.609321333333334,1021.3166666666666,0.0,45.291666666666664
2022-11-24,35.356615,-119.062613,30.1,0.035,90.0,Bakersfield-California,11.387916566666666,49.99285708333333,5.7141599875,1022.0208333333334,0.0,18.125
2022-11-25,35.356615,-119.062613,36.4,0.031,103.0,Bakersfield-California,12.806666541666667,25.17157416666667,7.922308741666666,1025.0458333333333,0.0,32.458333333333336
2022-11-26,35.356615,-119.062613,36.4,0.031,103.0,Bakersfield-California,12.806666541666667,25.17157416666667,7.922308741666666,1025.0458333333333,0.0,32.458333333333336
2022-11-27,35.356615,-119.062613,36.4,0.031,103.0,Bakersfield-California,12.806666541666667,25.17157416666667,7.922308741666666,1025.0458333333333,0.0,32.458333333333336
2022-11-28,35.356615,-119.062613,36.8,0.039,104.0,Bakersfield-California,11.479583216666667,51.46777020833333,6.413917741666666,1015.1916666666666,0.0,64.54166666666667
2022-11-29,35.356615,-119.062613,7.1,0.028,39.0,Bakersfield-California,10.106666508333333,61.78335391666667,7.348758725,1014.9958333333334,0.0,23.708333333333332
2022-11-30,35.356615,-119.062613,22.2,0.025,75.0,Bakersfield-California,8.550416491666667,64.32171358333333,5.117139754166667,1016.4499999999999,0.0,0.0
2022-12-01,35.356615,-119.062613,15.4,0.025,63.0,Bakersfield-California,10.931666541666667,51.50808066666667,5.851791779166667,1014.4499999999999,0.0,60.958333333333336
2022-12-02,35.356615,-119.062613,3.9,0.023,22.0,Bakersfield-California,11.364999666666668,71.16015808333333,9.279461083333333,1017.9791666666666,0.15,90.83333333333333
2022-12-03,35.356615,-119.062613,24.6,0.013,80.0,Bakersfield-California,11.298333,82.33091891666668,5.70450085,1018.6333333333333,0.3541666666666667,95.125
2022-12-04,35.356615,-119.062613,6.0,0.023,33.0,Bakersfield-California,13.387916208333332,87.225107625,5.668050053333334,1017.0875,0.5708333333333333,83.58333333333333
2022-12-05,35.356615,-119.062613,6.1,0.025,34.0,Bakersfield-California,11.114999708333334,83.90986854166667,5.39711895,1018.0541666666667,0.0,67.875
2022-12-06,35.356615,-119.062613,8.4,0.027,47.0,Bakersfield-California,10.387916558333332,65.629095125,4.650588058333333,1016.9458333333333,0.0,34.916666666666664
2022-12-07,35.356615,-119.062613,8.3,0.027,46.0,Bakersfield-California,8.987916608333334,80.47101679166667,5.891520750000001,1020.85,0.008333333333333333,40.208333333333336
2022-12-08,35.356615,-119.062613,13.7,0.022,60.0,Bakersfield-California,8.069166525,74.37985116666667,4.747549291666666,1025.8541666666667,0.0,21.208333333333332
2022-12-09,35.356615,-119.062613,15.8,0.026,63.0,Bakersfield-California,8.444166433333333,71.73928541666668,4.745428061666667,1023.5166666666668,0.0,27.333333333333332
2022-12-10,35.356615,-119.062613,4.8,0.028,27.0,Bakersfield-California,10.471249858333334,62.449908875,7.827154504166667,1017.9041666666667,0.0,68.83333333333333
2022-12-11,35.356615,-119.062613,3.2,0.032,18.0,Bakersfield-California,13.348333166666668,68.50593941666666,13.891302224999999,1010.6125000000001,0.4791666666666667,77.95833333333333
2022-12-12,35.356615,-119.062613,6.1,0.023,34.0,Bakersfield-California,7.0295831,73.55082070833333,8.758180766666667,1011.7958333333332,0.008333333333333333,40.666666666666664
2022-12-13,35.356615,-119.062613,9.8,0.025,52.0,Bakersfield-California,6.312916649999999,79.52695725,5.594555261666667,1018.0208333333334,0.0,29.333333333333332
2022-12-14,35.356615,-119.062613,13.7,0.024,60.0,Bakersfield-California,5.327499933333333,82.03126691666667,5.2497245875,1023.0333333333333,0.0,28.041666666666668
2022-12-15,35.356615,-119.062613,25.2,0.012,81.0,Bakersfield-California,5.425416666666667,85.20263104166666,4.886931149166666,1023.0,0.0,89.91666666666667
2022-12-16,35.356615,-119.062613,52.9,0.015,144.0,Bakersfield-California,6.129583325,83.20828004166667,5.82500775,1022.1208333333334,0.0,80.625
2022-12-17,35.356615,-119.062613,43.8,0.011,121.0,Bakersfield-California,5.48166665,82.942891375,4.891205575,1020.6083333333332,0.0,60.666666666666664
2022-12-18,35.356615,-119.062613,52.2,0.016,142.0,Bakersfield-California,4.277499937291666,84.251925625,4.727901816666667,1017.6708333333332,0.0,66.95833333333333
2022-12-19,35.356615,-119.062613,41.6,0.013,116.0,Bakersfield-California,4.010833249583333,86.586664375,4.908304741666666,1023.1125000000001,0.0,62.625
2022-12-20,35.356615,-119.062613,43.7,0.009,121.0,Bakersfield-California,5.069166516666667,79.34255891666668,5.421821883333333,1027.0083333333334,0.0,61.875
2022-12-21,35.356615,-119.062613,40.5,0.009,113.0,Bakersfield-California,5.2629165706666665,79.48253662500001,6.392120858333333,1026.2833333333333,0.0,5.666666666666667
2022-12-22,35.356615,-119.062613,31.1,0.004,92.0,Bakersfield-California,5.3170832625,80.10728270833333,5.7626978125,1022.725,0.0,90.45833333333333
2022-12-23,35.356615,-119.062613,22.0,0.006,75.0,Bakersfield-California,6.0191665,82.08673295833333,5.290504970833333,1022.9166666666666,0.0,47.916666666666664
2022-12-24,35.356615,-119.062613,27.5,0.005,85.0,Bakersfield-California,5.954583333333333,87.78059616666667,6.942790270833334,1027.9041666666667,0.0,38.541666666666664
2022-12-25,35.356615,-119.062613,44.0,0.008,122.0,Bakersfield-California,6.808749933333334,84.21166720833334,5.054808979166666,1027.6958333333334,0.0,85.45833333333333
2022-12-26,35.356615,-119.062613,40.9,0.007,114.0,Bakersfield-California,7.931666616666667,81.16112716666667,5.632986879166666,1022.3083333333334,0.0,83.95833333333333
2022-12-27,35.356615,-119.062613,26.3,0.013,83.0,Bakersfield-California,9.935833066666666,79.00308991666667,6.730575766666667,1016.875,0.5208333333333334,99.625
2022-12-28,35.356615,-119.062613,7.4,0.025,41.0,Bakersfield-California,9.9420828,89.05122195833333,7.8619488625,1014.5500000000001,0.5708333333333334,79.16666666666667
2022-12-29,35.356615,-119.062613,12.2,0.017,57.0,Bakersfield-California,8.762916325,84.61205233333332,5.9185200625,1015.0416666666666,0.14166666666666666,97.5
2022-12-30,35.356615,-119.062613,8.7,0.016,48.0,Bakersfield-California,11.748333041666667,87.35706491666667,4.565066716666666,1017.4791666666666,0.04583333333333334,99.16666666666667
2022-12-31,35.356615,-119.062613,8.7,0.016,48.0,Bakersfield-California,11.748333041666667,87.35706491666667,4.565066716666666,1017.4791666666666,0.04583333333333334,99.16666666666667
2023-01-01,35.356615,-119.062613,6.1,0.028,34.0,Bakersfield-California,11.58374975,84.01642112500001,11.2267276375,1007.7833333333333,1.2625,89.5
2023-01-02,35.356615,-119.062613,13.0,0.015,58.0,Bakersfield-California,8.500416475,76.15927491666666,5.0214465666666666,1013.5,0.0,68.20833333333333
2023-01-03,35.356615,-119.062613,11.0,0.02,55.0,Bakersfield-California,9.329583066666666,79.81516779166667,7.295361933333333,1014.8125,0.09583333333333333,66.95833333333333
2023-01-04,35.356615,-119.062613,6.8,0.034,38.0,Bakersfield-California,12.227499758333332,75.82178120833333,11.0177365625,1015.2458333333334,0.008333333333333333,98.58333333333333
2023-01-05,35.356615,-119.062613,3.1,0.033,17.0,Bakersfield-California,15.308749874999998,65.65261208333332,17.458012200000002,1012.5375,0.31666666666666665,82.54166666666667
2023-01-06,35.356615,-119.062613,9.0,0.03,50.0,Bakersfield-California,9.369166341666666,82.56612187500001,5.66781542,1023.7624999999999,0.008333333333333333,8.541666666666666
2023-01-07,35.356615,-119.062613,12.5,0.022,57.0,Bakersfield-California,9.49833325,78.51011829166667,4.7022444125,1021.6041666666666,0.0,92.625
2023-01-08,35.356615,-119.062613,4.6,0.028,26.0,Bakersfield-California,13.731666375000001,52.089022625000005,7.93227975,1018.2208333333333,0.09999999999999999,85.54166666666667
2023-01-09,35.356615,-119.062613,3.9,0.02,22.0,Bakersfield-California,15.094166375,66.43405304166667,14.518616808333334,1014.6791666666667,0.3541666666666667,98.41666666666667
2023-01-10,35.356615,-119.062613,3.4,0.033,19.0,Bakersfield-California,13.614999541666668,82.4788145,9.417490079166667,1012.0083333333333,1.3499999999999999,85.41666666666667
2023-01-11,35.356615,-119.062613,8.3,0.025,46.0,Bakersfield-California,10.227499666666667,73.04801725,6.240889912499999,1021.2375000000001,0.016666666666666666,89.83333333333333
2023-01-12,35.356615,-119.062613,5.6,0.027,31.0,Bakersfield-California,11.292083133333334,71.966137125,8.807286133333333,1022.65,0.0,84.29166666666667
2023-01-13,35.356615,-119.062613,4.5,0.024,25.0,Bakersfield-California,14.325416375000001,46.421686916666665,10.2923881125,1018.8625000000001,0.0,99.95833333333333
2023-01-14,35.356615,-119.062613,8.1,0.019,45.0,Bakersfield-California,11.777499583333332,78.53435216666666,8.445209208333333,1014.3041666666667,0.4375,91.45833333333333
2023-01-15,35.356615,-119.062613,3.9,0.028,22.0,Bakersfield-California,10.84208305,85.33182554166667,6.527687675,1009.0,0.05833333333333334,99.25
2023-01-16,35.356615,-119.062613,1.0,0.03,6.0,Bakersfield-California,11.560832958333334,68.521611125,14.631082583333333,1004.3083333333334,0.29583333333333334,72.54166666666667
2023-01-17,35.356615,-119.062613,6.9,0.024,38.0,Bakersfield-California,6.956666566666667,88.556384625,4.600397079166666,1013.2375000000001,0.26666666666666666,76.79166666666667
2023-01-18,35.356615,-119.062613,10.8,0.021,54.0,Bakersfield-California,6.617083266666666,79.01973037500001,4.848276452916667,1020.7708333333334,0.004166666666666667,25.875
2023-01-19,35.356615,-119.062613,8.4,0.022,47.0,Bakersfield-California,6.36916655,82.893049375,5.455039508333333,1021.6791666666667,0.0,56.041666666666664
2023-01-20,35.356615,-119.062613,10.5,0.025,54.0,Bakersfield-California,6.117083220833333,80.75355541666667,7.278598629166667,1023.7458333333334,0.0,35.25
2023-01-21,35.356615,-119.062613,17.6,0.025,67.0,Bakersfield-California,4.606666641666666,87.83421833333334,5.178717525000001,1028.8541666666667,0.0,34.666666666666664
2023-01-22,35.356615,-119.062613,19.8,0.023,71.0,Bakersfield-California,5.4441666,84.59417458333333,6.0439451958333335,1024.4958333333334,0.0,46.958333333333336
2023-01-23,35.356615,-119.062613,12.5,0.026,57.0,Bakersfield-California,6.102500008333333,73.37426645833334,6.686184858333333,1019.1208333333334,0.0,50.083333333333336
2023-01-24,35.356615,-119.062613,18.6,0.02,69.0,Bakersfield-California,5.944166587375,76.356239625,5.446319495833333,1026.0166666666667,0.0,0.041666666666666664
2023-01-25,35.356615,-119.062613,30.0,0.023,90.0,Bakersfield-California,6.573333212083333,78.93345416666666,5.909762179166666,1028.1458333333333,0.0,21.0
2023-01-26,35.356615,-119.062613,30.0,0.026,90.0,Bakersfield-California,8.471249933333333,74.67328333333333,5.045528632083333,1028.8916666666667,0.0,9.416666666666666
2023-01-27,35.356615,-119.062613,28.4,0.031,87.0,Bakersfield-California,7.989999720833333,78.38645220833332,5.7511948166666675,1026.35,0.0,14.083333333333334
2023-01-28,35.356615,-119.062613,28.8,0.029,88.0,Bakersfield-California,7.998333266666666,71.93851908333333,5.801297662500001,1016.65,0.0,2.2916666666666665
2023-01-29,35.356615,-119.062613,14.0,0.029,60.0,Bakersfield-California,8.481666525,71.97019141666667,7.9501979625,1012.85,0.008333333333333333,27.833333333333332
2023-01-30,35.356615,-119.062613,4.9,0.016,27.0,Bakersfield-California,7.179583233333333,85.16411429166666,7.825203470833333,1013.8249999999999,0.12083333333333333,61.375
2023-01-31,35.356615,-119.062613,4.9,0.016,27.0,Bakersfield-California,7.179583233333333,85.16411429166666,7.825203470833333,1013.8249999999999,0.12083333333333333,61.375
2023-02-01,35.356615,-119.062613,19.0,0.022,69.0,Bakersfield-California,6.767083262499999,70.648174375,5.0867644125,1022.8083333333334,0.0,0.5
2023-02-02,35.356615,-119.062613,16.9,0.013,66.0,Bakersfield-California,9.585833266666667,62.05098949999999,4.9126734291666665,1024.3875,0.0,46.375
2023-02-03,35.356615,-119.062613,17.5,0.023,67.0,Bakersfield-California,10.954583341666668,66.65621045833333,5.263585475,1024.325,0.0,93.5
2023-02-04,35.356615,-119.062613,13.5,0.03,59.0,Bakersfield-California,11.371249991666666,56.718418250000006,4.260085769583333,1022.4250000000001,0.0,57.75
2023-02-05,35.356615,-119.062613,3.9,0.03,22.0,Bakersfield-California,13.046249883333333,67.19363274999999,8.557680415416668,1021.5458333333332,0.14583333333333334,58.125
2023-02-06,35.356615,-119.062613,6.1,0.027,34.0,Bakersfield-California,8.754583083333333,83.74713375,8.812767716666666,1027.0791666666667,0.1625,73.66666666666667
2023-02-07,35.356615,-119.062613,9.6,0.025,52.0,Bakersfield-California,7.050416558333333,78.863418875,4.657497833333333,1027.9791666666667,0.0,23.25
2023-02-08,35.356615,-119.062613,19.0,0.028,69.0,Bakersfield-California,8.285833225,82.21495879166666,5.612501986666667,1027.575,0.0,60.958333333333336
2023-02-09,35.356615,-119.062613,28.5,0.029,87.0,Bakersfield-California,9.506666508333334,76.32723366666666,6.074357920833333,1026.1583333333333,0.0,18.583333333333332
2023-02-10,35.356615,-119.062613,16.5,0.03,65.0,Bakersfield-California,12.498333216666666,65.27637925,6.705749025,1022.6583333333333,0.0,31.375
2023-02-11,35.356615,-119.062613,5.2,0.03,29.0,Bakersfield-California,11.887916375000001,60.703086291666665,8.392034029166666,1015.9499999999999,0.016666666666666666,83.625
2023-02-12,35.356615,-119.062613,9.2,0.03,51.0,Bakersfield-California,8.100416491666666,74.74344454166668,4.5809047666666665,1014.275,0.14166666666666666,64.70833333333333
2023-02-13,35.356615,-119.062613,7.4,0.032,41.0,Bakersfield-California,9.444166574999999,68.012947375,6.021661016666666,1012.6374999999999,0.0,31.0
2023-02-14,35.356615,-119.062613,5.6,0.032,31.0,Bakersfield-California,10.642083224999999,61.56594991666666,11.566999675,1013.6125000000001,0.0,47.208333333333336
2023-02-15,35.356615,-119.062613,4.8,0.028,27.0,Bakersfield-California,6.862916658333333,50.898019874999996,9.863452391666668,1019.3833333333333,0.03333333333333333,18.875
2023-02-16,35.356615,-119.062613,6.4,0.026,36.0,Bakersfield-California,6.873333078833333,49.22904583333334,4.618145029166667,1025.6041666666667,0.0,45.833333333333336
2023-02-17,35.356615,-119.062613,7.1,0.03,39.0,Bakersfield-California,9.319166516666668,37.757266791666666,6.789721395833333,1020.5333333333333,0.0,100.0
2023-02-18,35.356615,-119.062613,14.9,0.034,62.0,Bakersfield-California,8.7129167,48.44803375,7.226808025,1018.2833333333333,0.0,64.16666666666667
2023-02-19,35.356615,-119.062613,16.3,0.035,64.0,Bakersfield-California,9.802499908333333,50.47553929166667,6.631517187499999,1018.3000000000001,0.0,2.125
2023-02-20,35.356615,-119.062613,16.8,0.037,65.0,Bakersfield-California,11.585833216666666,46.03293391666667,5.970052329166666,1019.9958333333333,0.0,15.916666666666666
2023-02-21,35.356615,-119.062613,16.7,0.035,65.0,Bakersfield-California,13.275416458333334,43.986071333333335,6.215579575,1012.9125,0.0,52.333333333333336
2023-02-22,35.356615,-119.062613,3.6,0.03,20.0,Bakersfield-California,9.450416516666666,44.18654345833334,19.353119916666667,1006.8625000000001,0.016666666666666666,38.125
2023-02-23,35.356615,-119.062613,5.1,0.029,28.0,Bakersfield-California,5.7399999374999995,66.88994175,7.114343754166666,1012.6416666666668,0.10416666666666667,64.91666666666667
2023-02-24,35.356615,-119.062613,1.0,0.028,6.0,Bakersfield-California,8.012916558333332,67.20542241666666,19.221252966666665,1011.0124999999999,0.375,89.20833333333333
2023-02-25,35.356615,-119.062613,1.5,0.028,8.0,Bakersfield-California,5.260833320833333,91.42668575,11.3449663875,1010.2958333333332,2.1625,97.79166666666667
2023-02-26,35.356615,-119.062613,4.1,0.03,23.0,Bakersfield-California,6.044166641666667,82.18407658333334,5.985902311666667,1017.6541666666667,0.17916666666666667,78.16666666666667
2023-02-27,35.356615,-119.062613,2.3,0.029,13.0,Bakersfield-California,8.969166525,71.82676333333333,6.385361262499999,1018.2125,0.0375,76.66666666666667
2023-02-28,35.356615,-119.062613,2.3,0.03,13.0,Bakersfield-California,9.081666491666667,75.53971254166667,7.96932255,1017.1958333333333,0.2041666666666667,69.70833333333333
2023-03-01,35.356615,-119.062613,2.1,0.03,12.0,Bakersfield-California,7.639999766666667,78.389708875,11.9234544875,1009.8583333333332,0.5916666666666667,88.95833333333333
2023-03-02,35.356615,-119.062613,6.0,0.031,33.0,Bakersfield-California,6.408750016666667,61.667249875,6.195512895833333,1018.725,0.0,37.5
2023-03-03,35.356615,-119.062613,7.9,0.034,44.0,Bakersfield-California,7.775416466666666,67.18988745833333,4.427986758333334,1018.8791666666666,0.0,3.2916666666666665
2023-03-04,35.356615,-119.062613,9.0,0.032,50.0,Bakersfield-California,8.235833191666666,73.13483033333334,7.693138533333333,1013.8916666666668,0.0,68.75
2023-03-05,35.356615,-119.062613,4.7,0.031,26.0,Bakersfield-California,10.0379164,64.31824904166668,8.023832366666667,1016.0749999999999,0.03333333333333333,74.66666666666667
2023-03-06,35.356615,-119.062613,1.9,0.035,11.0,Bakersfield-California,9.044166516666666,69.06665804166666,8.152295041666667,1020.275,0.0,74.125
2023-03-07,35.356615,-119.062613,4.7,0.031,26.0,Bakersfield-California,8.294166516666666,65.389229,5.9902683083333335,1021.8000000000001,0.0,49.125
2023-03-08,35.356615,-119.062613,8.9,0.03,49.0,Bakersfield-California,8.625416541666667,62.22325279166666,6.407445533333333,1021.0875,0.0,60.5
2023-03-09,35.356615,-119.062613,7.3,0.03,41.0,Bakersfield-California,9.879583216666667,60.86706216666667,4.56840983625,1019.8916666666668,0.0,85.91666666666667
2023-03-10,35.356615,-119.062613,5.1,0.015,28.0,Bakersfield-California,14.829583041666666,76.14954795833333,10.821427174999998,1013.125,0.8208333333333333,99.79166666666667
2023-03-11,35.356615,-119.062613,3.7,0.026,21.0,Bakersfield-California,14.923332958333333,89.520726125,6.313341491666667,1014.2083333333334,0.29583333333333334,99.83333333333333
2023-03-12,35.356615,-119.062613,3.9,0.031,22.0,Bakersfield-California,14.954583041666666,78.657535125,5.267776445833333,1018.5833333333334,0.041666666666666664,59.916666666666664
2023-03-13,35.356615,-119.062613,4.0,0.034,22.0,Bakersfield-California,14.858749875,77.963019875,4.461036152916667,1019.3791666666666,0.020833333333333332,76.08333333333333
2023-03-14,35.356615,-119.062613,4.1,0.019,23.0,Bakersfield-California,16.125416708333333,73.42901829166667,8.082602066666666,1013.85,0.10000000000000002,97.54166666666667
2023-03-15,35.356615,-119.062613,2.3,0.029,13.0,Bakersfield-California,14.850416625,77.233598375,12.067750541666667,1011.8791666666666,0.6291666666666667,99.45833333333333
2023-03-16,35.356615,-119.062613,8.7,0.031,48.0,Bakersfield-California,11.32124975,80.87621679166666,6.191603933333333,1016.7333333333332,0.0,54.166666666666664
2023-03-17,35.356615,-119.062613,13.0,0.03,58.0,Bakersfield-California,11.950416566666668,79.78836066666666,5.54085465,1017.3249999999999,0.0,31.25
2023-03-18,35.356615,-119.062613,7.7,0.04,43.0,Bakersfield-California,13.583749975000002,71.46103841666667,7.490902366666667,1017.3708333333334,0.0,58.041666666666664
2023-03-19,35.356615,-119.062613,4.3,0.036,24.0,Bakersfield-California,16.00666645833333,50.41800516666667,12.621570029166667,1012.7208333333333,0.16666666666666666,94.16666666666667
2023-03-20,35.356615,-119.062613,2.0,0.031,11.0,Bakersfield-California,13.810833,82.09754075,6.173924745833333,1012.4083333333333,0.09166666666666667,92.70833333333333
2023-03-21,35.356615,-119.062613,2.2,0.038,12.0,Bakersfield-California,13.460833083333334,66.27667554166666,13.860081523749999,1004.0333333333333,0.3333333333333333,93.66666666666667
2023-03-22,35.356615,-119.062613,3.0,0.036,17.0,Bakersfield-California,10.323333041666666,77.1757925,7.160029066666667,1009.4541666666668,0.2625,75.79166666666667
2023-03-23,35.356615,-119.062613,3.5,0.028,19.0,Bakersfield-California,10.450416341666665,80.03179554166667,6.8412782737499995,1020.9708333333333,0.09166666666666667,64.83333333333333
2023-03-24,35.356615,-119.062613,3.9,0.037,22.0,Bakersfield-California,9.483749758333333,74.17291995833334,11.732692116666668,1026.7749999999999,0.029166666666666664,73.91666666666667
2023-03-25,35.356615,-119.062613,6.0,0.033,33.0,Bakersfield-California,8.004583066666667,60.14833491666667,10.259615291666668,1025.6041666666667,0.0,28.166666666666668
2023-03-26,35.356615,-119.062613,8.7,0.037,48.0,Bakersfield-California,7.923333275,60.07916208333333,9.9333547375,1022.9958333333334,0.0,19.0
2023-03-27,35.356615,-119.062613,6.4,0.038,36.0,Bakersfield-California,9.089999975,57.93578145833334,7.2095220125,1023.5749999999999,0.0,29.375
2023-03-28,35.356615,-119.062613,5.9,0.042,33.0,Bakersfield-California,13.139999975,41.61492908333333,6.572569083333334,1018.1333333333333,0.0,67.33333333333333
2023-03-29,35.356615,-119.062613,2.7,0.036,15.0,Bakersfield-California,12.983749666666666,65.25059329166668,10.570419945833335,1012.3833333333333,0.5541666666666667,75.875
2023-03-30,35.356615,-119.062613,2.2,0.035,12.0,Bakersfield-California,9.829583041666668,72.50135929166667,6.741154895833333,1012.3041666666667,0.11666666666666665,61.166666666666664
2023-03-31,35.356615,-119.062613,6.6,0.036,37.0,Bakersfield-California,10.1399998,66.69192458333333,5.777804929166667,1021.1458333333334,0.0,25.125
2023-04-01,35.356615,-119.062613,7.7,0.036,43.0,Bakersfield-California,11.481666533333334,66.98075133333333,5.652715170833333,1022.7291666666666,0.0,19.25
2023-04-02,35.356615,-119.062613,6.4,0.035,36.0,Bakersfield-California,12.989999849999998,64.43110679166666,6.048510691666666,1019.8958333333334,0.0,7.375
2023-04-03,35.356615,-119.062613,2.4,0.036,13.0,Bakersfield-California,12.325416375000001,52.74243516666667,19.903626208333332,1015.9333333333334,0.012500000000000002,57.958333333333336
2023-04-04,35.356615,-119.062613,2.8,0.035,16.0,Bakersfield-California,8.63374985,45.076383625,12.310032666666666,1020.7166666666667,0.0,5.25
2023-04-05,35.356615,-119.062613,6.5,0.037,36.0,Bakersfield-California,9.506666483333333,49.56170208333333,7.232573325,1022.2416666666667,0.0,33.541666666666664
2023-04-06,35.356615,-119.062613,7.3,0.041,41.0,Bakersfield-California,12.352499975,54.73753895833334,6.95907921125,1020.3416666666667,0.0,35.166666666666664
2023-04-07,35.356615,-119.062613,7.1,0.039,39.0,Bakersfield-California,16.585833208333334,48.311237375,5.8894665,1016.4166666666666,0.0,71.25
2023-04-08,35.356615,-119.062613,4.9,0.032,27.0,Bakersfield-California,16.910833291666666,58.54920116666667,8.868812258333334,1017.5166666666668,0.0,95.04166666666667
2023-04-09,35.356615,-119.062613,8.9,0.036,49.0,Bakersfield-California,17.364999916666665,58.80087983333333,7.526413145833334,1019.8000000000001,0.0,21.541666666666668
2023-04-10,35.356615,-119.062613,14.2,0.048,61.0,Bakersfield-California,21.412916749999997,59.12724695833333,5.2996698125,1017.2583333333333,0.0,0.3333333333333333
2023-04-11,35.356615,-119.062613,5.3,0.031,29.0,Bakersfield-California,21.92541675,45.04357783333333,10.764023195833333,1015.8458333333333,0.0,35.791666666666664
2023-04-12,35.356615,-119.062613,6.9,0.041,38.0,Bakersfield-California,18.514999958333334,50.750660374999995,10.868648720833333,1012.8708333333334,0.0,76.66666666666667
2023-04-13,35.356615,-119.062613,4.3,0.041,24.0,Bakersfield-California,15.289999958333333,47.696551875000004,10.8280368125,1009.625,0.0,38.291666666666664
2023-04-14,35.356615,-119.062613,7.3,0.047,41.0,Bakersfield-California,14.850416666666668,33.58745270833334,6.283576603333334,1011.8166666666666,0.0,5.541666666666667
2023-04-15,35.356615,-119.062613,9.8,0.045,52.0,Bakersfield-California,16.819166708333334,42.8695425,7.40461595,1016.9791666666666,0.0,0.125
2023-04-16,35.356615,-119.062613,9.1,0.042,51.0,Bakersfield-California,19.242083166666667,45.41497437499999,8.788432558333334,1017.8541666666666,0.0,32.291666666666664
2023-04-17,35.356615,-119.062613,5.6,0.037,31.0,Bakersfield-California,18.49416666666667,46.62136475,10.226629708333334,1015.3375,0.0,9.75
2023-04-18,35.356615,-119.062613,5.3,0.038,29.0,Bakersfield-California,16.033749958333335,41.19687591666666,13.232061449999998,1015.0958333333333,0.0,59.583333333333336
2023-04-19,35.356615,-119.062613,6.0,0.039,33.0,Bakersfield-California,13.267083091666668,32.402005124999995,10.724148291666667,1019.5291666666667,0.0,22.666666666666668
2023-04-20,35.356615,-119.062613,9.1,0.042,51.0,Bakersfield-California,14.900416208333333,34.45386020833333,7.068273745,1023.6208333333334,0.0,27.708333333333332
2023-04-21,35.356615,-119.062613,11.4,0.045,55.0,Bakersfield-California,17.92333325,32.15069870833333,7.254258775,1023.7291666666666,0.0,3.0
2023-04-22,35.356615,-119.062613,10.5,0.04,54.0,Bakersfield-California,21.43375,38.09076545833333,6.793235603333334,1016.0833333333334,0.0,29.291666666666668
2023-04-23,35.356615,-119.062613,6.7,0.034,37.0,Bakersfield-California,22.808750375000002,43.67206354166667,9.357073558333333,1010.1791666666667,0.0,25.666666666666668
2023-04-24,35.356615,-119.062613,5.3,0.04,29.0,Bakersfield-California,22.60250004166667,44.68392658333334,9.986209995833333,1011.725,0.0,16.708333333333332
2023-04-25,35.356615,-119.062613,10.8,0.049,54.0,Bakersfield-California,21.987916833333333,34.14720929166666,8.314925683333334,1011.9291666666667,0.0,11.333333333333334
2023-04-26,35.356615,-119.062613,12.3,0.051,57.0,Bakersfield-California,24.140000125,28.804128458333334,6.3848077041666675,1012.8000000000001,0.0,0.375
2023-04-27,35.356615,-119.062613,14.2,0.053,61.0,Bakersfield-California,25.610833041666666,28.608399625,7.660443904166667,1012.1374999999999,0.0,1.25
2023-04-28,35.356615,-119.062613,16.3,0.055,64.0,Bakersfield-California,27.417083333333334,28.169752729166664,7.982455254166666,1011.1166666666667,0.0,1.9583333333333333
2023-04-29,35.356615,-119.062613,14.0,0.051,60.0,Bakersfield-California,28.456666666666667,29.732175625,9.501647083333333,1012.7916666666666,0.0,40.291666666666664
2023-04-30,35.356615,-119.062613,9.1,0.043,51.0,Bakersfield-California,27.521249958333332,30.573554666666666,10.330748379166666,1010.3125,0.0,49.708333333333336
2023-05-01,35.356615,-119.062613,5.9,0.036,33.0,Bakersfield-California,20.612916583333334,33.25474595833334,13.246295666666667,1008.4499999999999,0.0,18.666666666666668
2023-05-02,35.356615,-119.062613,2.6,0.033,14.0,Bakersfield-California,15.733749916666667,41.803602625,10.018565933333333,1009.5875,0.0,55.958333333333336
2023-05-03,35.356615,-119.062613,3.4,0.036,19.0,Bakersfield-California,15.752499833333333,44.14640408333333,9.14795545,1010.3874999999999,0.012500000000000002,60.25
2023-05-04,35.356615,-119.062613,2.7,0.036,15.0,Bakersfield-California,15.139999666666666,53.68316070833333,8.625493483333333,1009.7416666666667,0.4875,73.75
2023-05-05,35.356615,-119.062613,2.8,0.034,16.0,Bakersfield-California,16.335833208333334,49.82656729166666,8.810554923749999,1015.3249999999999,0.0,77.0
2023-05-06,35.356615,-119.062613,3.4,0.034,19.0,Bakersfield-California,17.439999916666668,39.38592129166667,9.375580629166667,1017.4583333333334,0.0,76.54166666666667
2023-05-07,35.356615,-119.062613,3.9,0.035,22.0,Bakersfield-California,17.827499875,43.703842458333334,10.269664554166667,1018.1374999999999,0.0,55.208333333333336
2023-05-08,35.356615,-119.062613,4.6,0.037,26.0,Bakersfield-California,19.0816665,40.491180625,10.574564366666666,1016.8375,0.0,0.08333333333333333
2023-05-09,35.356615,-119.062613,4.8,0.037,27.0,Bakersfield-California,19.256666541666664,40.26536041666667,9.823893779166667,1014.6875,0.0,37.708333333333336
2023-05-10,35.356615,-119.062613,4.8,0.04,27.0,Bakersfield-California,18.408750041666668,42.50567779166666,9.814237645833334,1015.0208333333334,0.0,41.125
2023-05-11,35.356615,-119.062613,6.6,0.041,37.0,Bakersfield-California,19.12958325,39.45126,9.249289575,1015.9,0.0,0.0
2023-05-12,35.356615,-119.062613,11.5,0.047,55.0,Bakersfield-California,21.60250004166667,39.837697541666664,7.5151131875,1014.5791666666668,0.0,3.9166666666666665
2023-05-13,35.356615,-119.062613,17.3,0.056,66.0,Bakersfield-California,25.758749833333336,37.594914124999995,6.774531254166667,1011.8958333333334,0.0,1.0833333333333333
2023-05-14,35.356615,-119.062613,12.5,0.051,57.0,Bakersfield-California,29.514999791666668,27.672039416666667,6.519254858333333,1007.8333333333334,0.0,4.875
2023-05-15,35.356615,-119.062613,11.3,0.05,55.0,Bakersfield-California,28.969166583333333,26.391035666666667,10.615782825,1013.0458333333332,0.0,41.0
2023-05-16,35.356615,-119.062613,12.7,0.05,58.0,Bakersfield-California,29.11083325,29.648121458333335,9.3845539375,1013.7208333333333,0.0,37.583333333333336
2023-05-17,35.356615,-119.062613,12.7,0.053,58.0,Bakersfield-California,30.044166458333333,24.394355666666666,9.222640400000001,1011.0333333333333,0.0,23.291666666666668
2023-05-18,35.356615,-119.062613,11.0,0.051,55.0,Bakersfield-California,29.964999875,22.460190833333332,10.9750869875,1009.0791666666668,0.0,0.125
2023-05-19,35.356615,-119.062613,9.7,0.047,52.0,Bakersfield-California,28.983750041666667,23.922552270833332,10.147166929166668,1011.9250000000001,0.0,17.333333333333332
2023-05-20,35.356615,-119.062613,7.3,0.042,41.0,Bakersfield-California,27.99833325,29.010597416666666,10.076323370833334,1014.7458333333334,0.0,18.75
2023-05-21,35.356615,-119.062613,7.8,0.046,43.0,Bakersfield-California,28.19624958333333,29.903281583333335,8.875250325,1013.9833333333332,0.0,18.625
2023-05-22,35.356615,-119.062613,8.0,0.05,44.0,Bakersfield-California,29.579583291666665,27.1226635,8.800916095833333,1010.2791666666667,0.0,23.041666666666668
2023-05-23,35.356615,-119.062613,4.9,0.039,27.0,Bakersfield-California,28.489999875,26.055322375,11.535243,1008.1625,0.0,29.083333333333332
2023-05-24,35.356615,-119.062613,4.6,0.037,26.0,Bakersfield-California,22.279583208333335,38.9011085,11.857171579166668,1010.1291666666666,0.0,27.75
2023-05-25,35.356615,-119.062613,6.0,0.039,33.0,Bakersfield-California,20.696250083333336,40.055499250000004,8.857168612499999,1009.4458333333333,0.0,5.75
2023-05-26,35.356615,-119.062613,8.3,0.04,46.0,Bakersfield-California,21.214999958333333,42.041312041666664,9.777194129166666,1010.6416666666668,0.0,3.2916666666666665
2023-05-27,35.356615,-119.062613,9.0,0.043,50.0,Bakersfield-California,22.96083354166667,43.974950416666665,8.614587458333334,1012.1083333333332,0.0,0.8333333333333334
2023-05-28,35.356615,-119.062613,9.3,0.043,51.0,Bakersfield-California,25.215000125,36.636463875,8.9188433625,1010.3208333333333,0.0,0.0
2023-05-29,35.356615,-119.062613,3.5,0.031,19.0,Bakersfield-California,23.47125025,37.972614375,9.833414858333333,1010.6708333333332,0.0,33.083333333333336
2023-05-30,35.356615,-119.062613,6.2,0.033,34.0,Bakersfield-California,21.179583333333333,46.406288208333336,11.273954058333333,1012.4083333333333,0.0,51.666666666666664
2023-05-31,35.356615,-119.062613,5.7,0.039,32.0,Bakersfield-California,22.017083624999998,45.383224000000006,9.812285595833332,1011.0791666666668,0.0,48.333333333333336
2023-06-01,35.356615,-119.062613,9.6,0.043,52.0,Bakersfield-California,23.646250166666665,37.604998333333334,8.576065283333334,1009.1125000000001,0.0,0.125
2023-06-02,35.356615,-119.062613,11.5,0.05,55.0,Bakersfield-California,23.069166666666664,34.400781625,8.873478958333333,1011.9541666666668,0.0,0.0
2023-06-03,35.356615,-119.062613,14.1,0.056,60.0,Bakersfield-California,25.244166500000002,29.30323604166667,8.090468816666666,1011.4541666666668,0.0,0.0
2023-06-04,35.356615,-119.062613,14.0,0.057,60.0,Bakersfield-California,28.2004165,25.011852125,8.422508470833334,1008.4499999999999,0.0,1.2083333333333333
2023-06-05,35.356615,-119.062613,9.1,0.036,51.0,Bakersfield-California,27.619166500000002,30.9649028125,9.394998995833333,1005.9125,0.012499999999999999,44.291666666666664
2023-06-06,35.356615,-119.062613,6.2,0.04,34.0,Bakersfield-California,21.74208354166667,55.789627333333335,7.8989064125,1008.5833333333334,0.024999999999999998,88.45833333333333
2023-06-07,35.356615,-119.062613,4.6,0.038,26.0,Bakersfield-California,19.725416791666667,66.21614445833333,7.9572239,1011.975,0.34583333333333327,73.75
2023-06-08,35.356615,-119.062613,9.9,0.045,52.0,Bakersfield-California,22.38166683333333,51.58640966666667,9.4311884625,1014.15,0.0,29.916666666666668
2023-06-09,35.356615,-119.062613,8.4,0.054,47.0,Bakersfield-California,23.99000008333333,47.52656833333333,9.937365733333333,1013.8666666666667,0.0,42.125
2023-06-10,35.356615,-119.062613,5.5,0.048,31.0,Bakersfield-California,24.633750208333336,43.79427175,10.580973587499999,1010.85,0.0,95.41666666666667
2023-06-11,35.356615,-119.062613,5.1,0.044,28.0,Bakersfield-California,24.29833345833333,44.3026345,9.364741104166667,1008.3666666666667,0.03333333333333333,89.33333333333333
2023-06-12,35.356615,-119.062613,3.5,0.042,19.0,Bakersfield-California,23.008750208333336,47.096940125,8.967771420833333,1012.5,0.008333333333333333,42.625
2023-06-13,35.356615,-119.062613,6.9,0.049,38.0,Bakersfield-California,24.283750125,42.327089,8.398099283333332,1013.9458333333333,0.0,21.625
2023-06-14,35.356615,-119.062613,6.6,0.045,37.0,Bakersfield-California,26.152500083333333,42.346957625,9.529699004166668,1011.1958333333333,0.0,37.416666666666664
2023-06-15,35.356615,-119.062613,6.6,0.043,37.0,Bakersfield-California,27.404583416666668,39.20203183333333,9.346990995833332,1008.4625,0.0,36.208333333333336
2023-06-16,35.356615,-119.062613,7.8,0.052,43.0,Bakersfield-California,27.40041654166667,41.06138408333333,9.784456566666668,1010.1666666666666,0.0,33.791666666666664
2023-06-17,35.356615,-119.062613,11.7,0.056,56.0,Bakersfield-California,29.53999966666667,35.150079041666665,9.1631530875,1012.0,0.0,4.666666666666667
2023-06-18,35.356615,-119.062613,6.2,0.035,34.0,Bakersfield-California,29.99416616666667,24.630913791666668,10.5385412,1008.9125,0.0,0.375
2023-06-19,35.356615,-119.062613,5.9,0.047,33.0,Bakersfield-California,25.74208341666667,29.187774291666667,14.374504541666667,1010.1541666666667,0.0,14.333333333333334
2023-06-20,35.356615,-119.062613,3.7,0.041,21.0,Bakersfield-California,21.929583500000003,26.396341000000003,11.307510904166667,1015.4958333333334,0.0,1.625
2023-06-21,35.356615,-119.062613,6.7,0.047,37.0,Bakersfield-California,22.471250083333334,20.691205395833332,9.0107046125,1015.1208333333334,0.0,0.0
2023-06-22,35.356615,-119.062613,8.1,0.041,45.0,Bakersfield-California,24.187916833333333,21.92135933333333,9.190660883333333,1011.15,0.0,2.0833333333333335
2023-06-23,35.356615,-119.062613,7.4,0.038,41.0,Bakersfield-California,20.419166791666665,41.05166991666667,10.285112045833333,1014.4708333333333,0.0,2.0
2023-06-24,35.356615,-119.062613,10.5,0.046,54.0,Bakersfield-California,23.373333583333334,36.7812965,7.982146195833334,1014.7458333333334,0.0,25.458333333333332
2023-06-25,35.356615,-119.062613,8.2,0.045,46.0,Bakersfield-California,24.652500166666666,36.198214791666665,9.562892829166666,1014.8666666666667,0.0,0.0
2023-06-26,35.356615,-119.062613,6.2,0.046,34.0,Bakersfield-California,25.056666791666668,32.290075,10.859948150000001,1013.5083333333333,0.0,2.9583333333333335
2023-06-27,35.356615,-119.062613,8.6,0.051,48.0,Bakersfield-California,25.954583416666665,29.397540250000002,9.945477483333333,1010.1666666666666,0.0,3.9583333333333335
2023-06-28,35.356615,-119.062613,8.6,0.051,48.0,Bakersfield-California,25.954583416666665,29.397540250000002,9.945477483333333,1010.1666666666666,0.0,3.9583333333333335
2023-06-29,35.356615,-119.062613,11.8,0.054,56.0,Bakersfield-California,28.537916624999998,31.680156625,8.838544354166666,1010.2041666666668,0.0,0.0
2023-06-30,35.356615,-119.062613,16.4,0.065,65.0,Bakersfield-California,32.094166,24.612069625,6.5941733625,1010.1041666666666,0.0,0.0
2023-07-01,35.356615,-119.062613,17.4,0.064,66.0,Bakersfield-California,34.802499583333336,21.648603729166666,8.5089079875,1009.1041666666666,0.0,0.125
2023-07-02,35.356615,-119.062613,13.8,0.063,60.0,Bakersfield-California,35.992082458333336,17.386603395833333,9.283715658333334,1008.2916666666666,0.0,3.375
2023-07-03,35.356615,-119.062613,11.9,0.061,56.0,Bakersfield-California,35.41916629166666,19.418937,9.522783975000001,1008.2166666666667,0.0,21.833333333333332
2023-07-04,35.356615,-119.062613,14.3,0.059,61.0,Bakersfield-California,32.177499375000004,13.639239366666667,9.04040689875,1009.0083333333333,0.0,3.4166666666666665
2023-07-05,35.356615,-119.062613,12.4,0.055,57.0,Bakersfield-California,30.58166620833333,17.456151520833334,10.056587949999999,1009.8625000000001,0.0,0.0
2023-07-06,35.356615,-119.062613,7.5,0.055,42.0,Bakersfield-California,29.704582833333333,18.824349729166666,9.559714575,1009.625,0.0,0.0
2023-07-07,35.356615,-119.062613,8.4,0.052,47.0,Bakersfield-California,28.75041625,24.087565708333333,9.949160216666668,1008.4250000000001,0.0,0.0
2023-07-08,35.356615,-119.062613,9.3,0.054,51.0,Bakersfield-California,28.554583166666664,24.460363375,10.247259954166667,1008.5458333333332,0.0,0.0
2023-07-09,35.356615,-119.062613,7.1,0.049,39.0,Bakersfield-California,27.617083041666664,24.699671624999997,10.017004495833334,1009.8791666666666,0.0,0.0
2023-07-10,35.356615,-119.062613,6.8,0.052,38.0,Bakersfield-California,27.135833416666667,26.252286875,9.516515670833334,1011.9541666666668,0.0,0.0
2023-07-11,35.356615,-119.062613,13.2,0.064,59.0,Bakersfield-California,29.587916500000002,19.807689375,6.425292045833333,1012.0875,0.0,0.0
2023-07-12,35.356615,-119.062613,10.6,0.063,54.0,Bakersfield-California,31.43583291666667,15.417554208333334,7.515256578333333,1012.2583333333333,0.0,0.0
2023-07-13,35.356615,-119.062613,10.4,0.056,53.0,Bakersfield-California,31.24416629166667,15.987946749999999,8.7694453375,1012.3416666666667,0.0,0.0
2023-07-14,35.356615,-119.062613,11.9,0.052,56.0,Bakersfield-California,31.354583,17.148154020833335,8.457360008333334,1011.2125,0.0,0.0
2023-07-15,35.356615,-119.062613,14.3,0.064,61.0,Bakersfield-California,33.19416616666667,20.29097525,6.830586358333334,1009.4375,0.0,0.0
2023-07-16,35.356615,-119.062613,17.1,0.07,66.0,Bakersfield-California,36.810833083333335,18.7481030625,7.234769670833334,1007.7624999999999,0.0,54.041666666666664
2023-07-17,35.356615,-119.062613,10.2,0.059,53.0,Bakersfield-California,37.13374970833333,15.840665541666667,8.718385658333334,1008.1583333333333,0.0,40.541666666666664
2023-07-18,35.356615,-119.062613,9.2,0.052,51.0,Bakersfield-California,36.17541608333333,15.609130791666667,9.098113045833333,1009.7125,0.0,0.9583333333333334
2023-07-19,35.356615,-119.062613,11.5,0.057,55.0,Bakersfield-California,35.15458241666666,18.244801875,9.637654879166666,1011.4916666666667,0.0,0.7916666666666666
2023-07-20,35.356615,-119.062613,15.9,0.067,64.0,Bakersfield-California,34.669165541666665,14.307017208333333,9.013372283333334,1012.2875,0.0,0.0
2023-07-21,35.356615,-119.062613,16.3,0.067,64.0,Bakersfield-California,34.46291645833333,15.253349854166666,8.200640895833333,1011.0166666666668,0.0,4.458333333333333
2023-07-22,35.356615,-119.062613,16.6,0.071,65.0,Bakersfield-California,35.87958245833333,14.459259241666667,6.84308695,1008.2666666666668,0.0,39.875
2023-07-23,35.356615,-119.062613,14.5,0.067,61.0,Bakersfield-California,36.82749895833333,14.5882795625,7.47185325,1007.4250000000001,0.0,47.916666666666664
2023-07-24,35.356615,-119.062613,11.6,0.054,56.0,Bakersfield-California,35.152499875,16.825875375,9.172814695833333,1011.6958333333333,0.0,43.208333333333336
2023-07-25,35.356615,-119.062613,9.7,0.053,52.0,Bakersfield-California,33.29833320833333,15.238115666666667,8.368743216666667,1013.5708333333333,0.0,22.791666666666668
2023-07-26,35.356615,-119.062613,13.3,0.061,59.0,Bakersfield-California,33.96499958333333,12.654837833333334,7.0059368125,1012.0583333333334,0.0,16.0
2023-07-27,35.356615,-119.062613,9.5,0.055,52.0,Bakersfield-California,34.137916374999996,14.54287375,8.853667616666668,1011.125,0.0,3.5833333333333335
2023-07-28,35.356615,-119.062613,18.7,0.062,69.0,Bakersfield-California,32.944166125,16.37991025,8.750731808333333,1011.8333333333334,0.0,2.0416666666666665
2023-07-29,35.356615,-119.062613,11.4,0.056,55.0,Bakersfield-California,32.45458266666667,14.918210666666667,8.036781858333333,1013.0708333333333,0.0,18.375
2023-07-30,35.356615,-119.062613,9.0,0.049,50.0,Bakersfield-California,33.03374945833333,14.983255791666666,8.640784495833334,1012.6125000000001,0.0,39.083333333333336
2023-07-31,35.356615,-119.062613,6.6,0.054,37.0,Bakersfield-California,33.36291620833334,13.591745670833333,7.472511554166666,1011.9416666666666,0.0,57.916666666666664
2023-08-01,35.356615,-119.062613,9.1,0.058,51.0,Bakersfield-California,33.10666666666666,13.859685691666668,8.028342741666666,1011.9833333333332,0.0,42.333333333333336
2023-08-02,35.356615,-119.062613,6.9,0.055,38.0,Bakersfield-California,30.281666125,16.275397166666668,9.616972174999999,1013.1999999999999,0.0,8.916666666666666
2023-08-03,35.356615,-119.062613,9.2,0.051,51.0,Bakersfield-California,28.129582958333334,26.323443041666668,10.273063174999999,1014.3791666666666,0.0,0.0
2023-08-04,35.356615,-119.062613,11.8,0.05,56.0,Bakersfield-California,27.40458329166667,28.340947145833336,9.2417281,1014.1625,0.0,0.0
2023-08-05,35.356615,-119.062613,14.8,0.057,62.0,Bakersfield-California,29.587916208333336,25.47093866666667,6.759463204166667,1012.3625000000001,0.0,0.0
2023-08-06,35.356615,-119.062613,12.0,0.05,56.0,Bakersfield-California,31.208749666666666,19.81730925,7.504401341666667,1012.5500000000001,0.0,0.0
2023-08-07,35.356615,-119.062613,13.1,0.057,58.0,Bakersfield-California,32.97958295833333,18.205323370833334,6.412445625,1012.0916666666667,0.0,0.0
2023-08-08,35.356615,-119.062613,9.9,0.053,52.0,Bakersfield-California,32.542082916666665,22.237108104166666,9.162451529166667,1011.7708333333334,0.0,0.0
2023-08-09,35.356615,-119.062613,7.1,0.054,39.0,Bakersfield-California,30.373332958333336,24.100765479166668,10.000324475000001,1011.0916666666667,0.0,9.625
2023-08-10,35.356615,-119.062613,8.2,0.041,46.0,Bakersfield-California,29.902499625,31.65626966666667,9.5801353375,1010.6291666666666,0.0,57.875
2023-08-11,35.356615,-119.062613,10.3,0.052,53.0,Bakersfield-California,27.585833291666663,48.89484516666667,7.082370841666666,1012.7125,0.0,9.416666666666666
2023-08-12,35.356615,-119.062613,9.8,0.053,52.0,Bakersfield-California,29.996249833333334,30.159959375,7.981694316666666,1012.9583333333334,0.0,7.375
2023-08-13,35.356615,-119.062613,14.1,0.05,60.0,Bakersfield-California,31.610832916666666,28.215214666666668,8.573871712499999,1011.975,0.0,11.041666666666666
2023-08-14,35.356615,-119.062613,9.5,0.059,52.0,Bakersfield-California,33.59416604166667,24.700369416666664,7.0224072416666665,1010.1416666666668,0.0,20.583333333333332
2023-08-15,35.356615,-119.062613,9.9,0.062,52.0,Bakersfield-California,35.110832916666666,19.103297625,8.700348254166666,1010.9458333333333,0.0,7.958333333333333
2023-08-16,35.356615,-119.062613,14.8,0.057,62.0,Bakersfield-California,35.317082541666664,18.255170833333334,8.257006633333333,1010.8458333333333,0.0,31.333333333333332
2023-08-17,35.356615,-119.062613,8.3,0.062,46.0,Bakersfield-California,35.26708254166667,19.2524129,7.779547483333334,1007.9250000000001,0.0,1.9583333333333333
2023-08-18,35.356615,-119.062613,6.5,0.053,36.0,Bakersfield-California,33.33374941666667,19.800604329166667,11.280559833333333,1007.025,0.0,2.875
2023-08-19,35.356615,-119.062613,9.0,0.049,50.0,Bakersfield-California,31.977499500000004,21.523942833333333,9.999922883333333,1006.4499999999999,0.0,22.916666666666668
2023-08-20,35.356615,-119.062613,8.3,0.03,46.0,Bakersfield-California,25.1295835,69.13132025,7.560429141666667,1006.8041666666667,0.9708333333333333,100.0
2023-08-21,35.356615,-119.062613,3.4,0.044,19.0,Bakersfield-California,23.583750124999998,76.12743733333333,7.4162855125,1008.6958333333333,1.2249999999999999,44.5
2023-08-22,35.356615,-119.062613,11.5,0.062,55.0,Bakersfield-California,23.767083416666665,69.85459595833333,5.916365145833333,1014.3958333333334,0.0,16.0
2023-08-23,35.356615,-119.062613,15.5,0.075,63.0,Bakersfield-California,25.365000291666664,69.31915687499999,5.466285091666666,1012.3541666666666,0.0,1.4166666666666667
2023-08-24,35.356615,-119.062613,13.7,0.078,60.0,Bakersfield-California,27.137916708333336,64.53924229166667,5.127763341666667,1010.1333333333333,0.0,7.583333333333333
2023-08-25,35.356615,-119.062613,7.0,0.065,39.0,Bakersfield-California,26.47958325,48.002715583333334,6.901282829166667,1012.0208333333334,0.0,0.4166666666666667
2023-08-26,35.356615,-119.062613,11.3,0.067,55.0,Bakersfield-California,26.198333125,51.06005866666666,5.6342147625,1012.4125,0.0,0.0
2023-08-27,35.356615,-119.062613,11.8,0.07,56.0,Bakersfield-California,26.144166625,44.56666495833333,4.735097290833333,1013.4791666666666,0.0,0.0
2023-08-28,35.356615,-119.062613,13.4,0.071,59.0,Bakersfield-California,26.596249958333335,42.731502416666665,5.024497583333333,1012.8708333333334,0.0,0.0
2023-08-29,35.356615,-119.062613,13.4,0.071,59.0,Bakersfield-California,26.596249958333335,42.731502416666665,5.024497583333333,1012.8708333333334,0.0,0.0
2023-08-30,35.356615,-119.062613,18.2,0.078,68.0,Bakersfield-California,27.242083375000004,32.20294404166666,5.5948128624999995,1010.6083333333332,0.0,0.0
2023-08-31,35.356615,-119.062613,14.0,0.079,60.0,Bakersfield-California,27.973332958333334,36.437350333333335,4.506673041666667,1006.9666666666667,0.0,0.0
2023-09-01,35.356615,-119.062613,19.0,0.062,69.0,Bakersfield-California,28.233749916666667,25.14953158333333,11.190588374999999,1006.5916666666667,0.0,8.708333333333334
2023-09-02,35.356615,-119.062613,7.9,0.047,44.0,Bakersfield-California,25.494166791666668,50.81118045833333,10.489816508333332,1011.4041666666667,0.24583333333333332,30.125
2023-09-03,35.356615,-119.062613,9.1,0.038,51.0,Bakersfield-California,25.083750166666665,52.835781708333336,12.8752608125,1014.5208333333334,0.004166666666666667,63.208333333333336
2023-09-04,35.356615,-119.062613,7.9,0.045,44.0,Bakersfield-California,23.175416791666667,50.887309875,9.009964266666666,1014.1458333333334,0.0,6.291666666666667
2023-09-05,35.356615,-119.062613,10.6,0.061,54.0,Bakersfield-California,25.427500166666665,37.93563570833333,5.225596108333334,1010.5958333333333,0.0,0.0
2023-09-06,35.356615,-119.062613,11.6,0.061,56.0,Bakersfield-California,27.379583125,36.000863583333334,6.779560445833333,1010.7416666666667,0.0,0.0
2023-09-07,35.356615,-119.062613,9.8,0.062,52.0,Bakersfield-California,27.317083416666666,34.24184775,8.305198808333333,1011.7958333333332,0.0,0.0
2023-09-08,35.356615,-119.062613,11.8,0.064,56.0,Bakersfield-California,28.423333208333332,30.205148708333336,7.707774470833333,1013.3208333333333,0.0,2.0833333333333335
2023-09-09,35.356615,-119.062613,8.7,0.062,48.0,Bakersfield-California,31.071249958333336,22.312826,8.647354858333333,1014.6083333333332,0.0,13.916666666666666
2023-09-10,35.356615,-119.062613,7.6,0.056,42.0,Bakersfield-California,30.22541658333333,29.877905375,8.068274075,1013.8958333333334,0.0,77.58333333333333
2023-09-11,35.356615,-119.062613,12.7,0.057,58.0,Bakersfield-California,29.18166654166667,28.640839041666666,7.374390741666667,1012.6291666666666,0.0,41.208333333333336
2023-09-12,35.356615,-119.062613,10.3,0.064,53.0,Bakersfield-California,27.41291658333333,27.659374208333332,6.795066683333334,1011.7583333333333,0.0,23.625
2023-09-13,35.356615,-119.062613,8.4,0.061,47.0,Bakersfield-California,27.829583333333332,26.182105458333336,8.041149495833332,1010.9166666666666,0.0,0.0
2023-09-14,35.356615,-119.062613,14.4,0.069,61.0,Bakersfield-California,27.63166645833333,31.708191833333334,7.4276824375,1010.65,0.0,0.0
2023-09-15,35.356615,-119.062613,15.0,0.071,62.0,Bakersfield-California,28.560833041666665,35.782791958333334,8.148446120833333,1010.9083333333333,0.0,1.2083333333333333
2023-09-16,35.356615,-119.062613,12.3,0.059,57.0,Bakersfield-California,28.6525,38.36529125,9.005008808333335,1011.0458333333332,0.0,2.125
2023-09-17,35.356615,-119.062613,10.3,0.048,53.0,Bakersfield-California,26.3879165,44.470820124999996,9.082146083333333,1012.3541666666666,0.0,4.708333333333333
2023-09-18,35.356615,-119.062613,5.9,0.047,33.0,Bakersfield-California,24.562916791666666,45.7372425,8.5453369375,1013.3874999999999,0.0,0.8333333333333334
2023-09-19,35.356615,-119.062613,9.7,0.052,52.0,Bakersfield-California,23.923333624999998,46.711768166666666,7.232817937499999,1012.7291666666666,0.0,1.4166666666666667
2023-09-20,35.356615,-119.062613,12.7,0.056,58.0,Bakersfield-California,24.640000125,44.56308791666667,6.786564758333333,1009.5791666666668,0.0,0.4583333333333333
2023-09-21,35.356615,-119.062613,19.4,0.048,70.0,Bakersfield-California,23.587916916666668,47.90881795833334,9.4013971125,1009.1333333333333,0.0,0.8333333333333334
2023-09-22,35.356615,-119.062613,23.9,0.055,79.0,Bakersfield-California,22.175416916666666,43.19302666666667,6.568996495833333,1012.9416666666666,0.0,34.708333333333336
2023-09-23,35.356615,-119.062613,22.2,0.06,75.0,Bakersfield-California,24.1545835,35.796215833333335,6.507068504166667,1013.7791666666667,0.0,38.166666666666664
2023-09-24,35.356615,-119.062613,19.8,0.06,71.0,Bakersfield-California,23.973333333333333,32.70642575,6.253823195833333,1014.1458333333334,0.0,0.0
2023-09-25,35.356615,-119.062613,13.8,0.054,60.0,Bakersfield-California,23.987916833333333,31.18717666666667,7.662091819583334,1015.1083333333332,0.0,15.041666666666666
2023-09-26,35.356615,-119.062613,8.9,0.047,49.0,Bakersfield-California,22.531666708333333,40.507534625,6.723511695833333,1017.6999999999999,0.0,1.75
2023-09-27,35.356615,-119.062613,10.7,0.046,54.0,Bakersfield-California,22.708750166666665,43.186496125,6.3723130375,1015.9333333333334,0.0,0.0
2023-09-28,35.356615,-119.062613,10.6,0.049,54.0,Bakersfield-California,22.815000166666668,40.29935641666667,7.062632920833334,1012.1291666666666,0.0,0.0
2023-09-29,35.356615,-119.062613,9.3,0.054,51.0,Bakersfield-California,22.967083541666668,34.351357125,6.089107941666666,1009.4666666666667,0.0,0.0
2023-09-30,35.356615,-119.062613,2.3,0.033,13.0,Bakersfield-California,21.777500166666666,49.70761033333333,8.467635308333334,1007.9875000000001,0.05000000000000001,73.375
2023-10-01,35.356615,-119.062613,4.4,0.036,24.0,Bakersfield-California,18.3525,47.402173125,7.515282891666668,1009.8083333333334,0.0,21.875
2023-10-02,35.356615,-119.062613,9.8,0.042,52.0,Bakersfield-California,19.733750291666666,46.84065220833333,6.544679858333333,1014.1,0.0,26.166666666666668
2023-10-03,35.356615,-119.062613,10.7,0.05,54.0,Bakersfield-California,20.81916675,45.608487833333335,5.584808779166667,1015.5333333333333,0.0,15.833333333333334
2023-10-04,35.356615,-119.062613,11.8,0.053,56.0,Bakersfield-California,22.950416583333332,38.312165125,5.784167341666667,1013.4708333333333,0.0,0.0
2023-10-05,35.356615,-119.062613,11.0,0.056,55.0,Bakersfield-California,24.852499958333336,32.285407125,6.116071595833334,1014.6791666666667,0.0,0.0
2023-10-06,35.356615,-119.062613,12.7,0.064,58.0,Bakersfield-California,25.34416675,30.308239520833336,5.6424705575,1014.3000000000001,0.0,0.0
2023-10-07,35.356615,-119.062613,14.8,0.063,62.0,Bakersfield-California,26.279582916666666,30.421440979166665,5.605546216666667,1011.525,0.0,0.08333333333333333
2023-10-08,35.356615,-119.062613,8.9,0.061,49.0,Bakersfield-California,27.802499833333332,24.017742416666668,7.348199044583333,1010.0291666666667,0.0,13.875
2023-10-09,35.356615,-119.062613,12.5,0.053,57.0,Bakersfield-California,27.775416791666668,23.153515833333334,9.441035475,1008.6291666666666,0.0,18.791666666666668
2023-10-10,35.356615,-119.062613,7.4,0.036,41.0,Bakersfield-California,22.39000025,42.88721679166667,9.645867625,1008.725,0.0,27.416666666666668
2023-10-11,35.356615,-119.062613,10.4,0.042,53.0,Bakersfield-California,20.679583458333333,46.60103070833333,13.466582041666667,1007.9499999999999,0.0,17.958333333333332
2023-10-12,35.356615,-119.062613,11.1,0.045,55.0,Bakersfield-California,18.014999791666664,39.963333999999996,7.083314440833333,1009.5166666666668,0.0,2.1666666666666665
2023-10-13,35.356615,-119.062613,10.8,0.046,54.0,Bakersfield-California,19.50875,38.80031225,4.3791400875,1010.7875,0.0,61.875
2023-10-14,35.356615,-119.062613,7.1,0.05,39.0,Bakersfield-California,21.862916875,24.07259541666667,5.728272445833333,1014.7333333333332,0.0,8.833333333333334
2023-10-15,35.356615,-119.062613,13.8,0.058,60.0,Bakersfield-California,21.887916875000002,31.303651708333334,5.884721079166667,1017.7375000000001,0.0,0.0
2023-10-16,35.356615,-119.062613,16.6,0.059,65.0,Bakersfield-California,22.967083583333334,32.64415795833333,4.167254854166667,1016.8000000000001,0.0,0.125
2023-10-17,35.356615,-119.062613,13.8,0.048,60.0,Bakersfield-California,21.742083583333336,41.634244625,6.684131099999999,1015.5375,0.0,25.625
2023-10-18,35.356615,-119.062613,15.4,0.061,63.0,Bakersfield-California,21.606666583333332,49.01602004166667,5.8784539,1013.5666666666666,0.0,0.0
2023-10-19,35.356615,-119.062613,19.6,0.069,71.0,Bakersfield-California,23.800416791666667,40.249039687499994,6.4439916833333335,1013.6916666666666,0.0,0.0
2023-10-20,35.356615,-119.062613,17.7,0.064,67.0,Bakersfield-California,25.96083329166667,31.594683083333333,4.2779040324999995,1012.2624999999999,0.0,9.208333333333334
2023-10-21,35.356615,-119.062613,13.0,0.052,58.0,Bakersfield-California,24.702500041666667,33.186102749999996,8.3316156875,1010.2833333333333,0.0,6.458333333333333
2023-10-22,35.356615,-119.062613,5.1,0.038,28.0,Bakersfield-California,21.198333541666667,49.178005875,8.773457720833333,1010.1041666666666,0.0,2.375
2023-10-23,35.356615,-119.062613,4.0,0.024,22.0,Bakersfield-California,19.66916675,61.460557458333334,10.6142123875,1008.6041666666666,0.008333333333333333,71.58333333333333
2023-10-24,35.356615,-119.062613,7.9,0.041,44.0,Bakersfield-California,18.317083166666666,66.48279554166668,5.0916526375,1010.5458333333332,0.0,26.208333333333332
2023-10-25,35.356615,-119.062613,9.5,0.045,52.0,Bakersfield-California,20.056666625000002,55.38586183333334,6.063909932083334,1011.85,0.0,7.625
2023-10-26,35.356615,-119.062613,6.4,0.04,36.0,Bakersfield-California,18.3025,50.140401708333336,8.97088855,1016.4041666666667,0.0,18.833333333333332
2023-10-27,35.356615,-119.062613,11.3,0.041,55.0,Bakersfield-California,15.108749750000001,53.573674625,5.324192625,1017.9291666666667,0.0,16.583333333333332
2023-10-28,35.356615,-119.062613,13.3,0.046,59.0,Bakersfield-California,14.325416541666668,39.81932575,8.0997842125,1018.2583333333333,0.0,0.041666666666666664
2023-10-29,35.356615,-119.062613,17.3,0.046,66.0,Bakersfield-California,14.689999925,33.73663947916666,5.152162029166667,1019.625,0.0,0.0
2023-10-30,35.356615,-119.062613,12.6,0.045,58.0,Bakersfield-California,14.658749841666667,29.205732045833333,4.982664333333333,1021.0208333333334,0.0,6.75
2023-10-31,35.356615,-119.062613,16.2,0.042,64.0,Bakersfield-California,15.337916583333334,26.134149766666667,6.2096004124999995,1019.8583333333332,0.0,13.208333333333334
2023-11-01,35.356615,-119.062613,19.6,0.051,71.0,Bakersfield-California,16.281666708333333,26.423688916666666,5.790849695833334,1018.7791666666667,0.0,21.208333333333332
2023-11-02,35.356615,-119.062613,20.0,0.054,71.0,Bakersfield-California,16.696250058333334,30.4495291875,4.930475882083333,1018.6333333333333,0.0,10.791666666666666
2023-11-03,35.356615,-119.062613,23.4,0.057,78.0,Bakersfield-California,17.029583166666665,26.16110960416667,4.806757082083333,1019.1833333333334,0.0,28.916666666666668
2023-11-04,35.356615,-119.062613,25.0,0.056,81.0,Bakersfield-California,18.360833208333332,28.919464833333333,4.3804891,1018.2041666666668,0.0,40.5
2023-11-05,35.356615,-119.062613,26.6,0.056,84.0,Bakersfield-California,19.812916791666666,28.648884791666664,4.9122402875,1015.8333333333334,0.0,37.666666666666664
2023-11-06,35.356615,-119.062613,16.7,0.032,65.0,Bakersfield-California,19.740000041666665,34.70071004166667,5.960416975,1013.3375,0.0,19.625
2023-11-07,35.356615,-119.062613,6.3,0.035,35.0,Bakersfield-California,17.577499791666668,58.002106708333336,11.132279520833334,1015.6875,0.008333333333333333,39.291666666666664
2023-11-08,35.356615,-119.062613,9.5,0.034,52.0,Bakersfield-California,14.317083125000002,50.75020020833333,7.071045725,1021.2666666666668,0.0,4.041666666666667
2023-11-09,35.356615,-119.062613,12.5,0.037,57.0,Bakersfield-California,13.00874975,56.07449170833333,4.397267291666666,1022.4416666666666,0.0,2.3333333333333335
2023-11-10,35.356615,-119.062613,18.3,0.039,68.0,Bakersfield-California,12.85249985,53.22526545833333,4.2762930575,1020.2041666666668,0.0,67.875
2023-11-11,35.356615,-119.062613,25.3,0.046,81.0,Bakersfield-California,12.460833225,56.27707625,4.817563077916667,1020.65,0.0,1.8333333333333333
2023-11-12,35.356615,-119.062613,22.6,0.043,76.0,Bakersfield-California,13.677499883333333,54.22858895833334,3.397113275,1018.2333333333332,0.0,13.208333333333334
2023-11-13,35.356615,-119.062613,13.4,0.042,59.0,Bakersfield-California,15.760833208333333,33.308200125,4.115223145833333,1014.3041666666667,0.0,88.45833333333333
2023-11-14,35.356615,-119.062613,12.6,0.037,58.0,Bakersfield-California,15.110833258333335,41.40322966666667,5.895962725,1014.4666666666667,0.0,30.0
2023-11-15,35.356615,-119.062613,24.9,0.039,80.0,Bakersfield-California,15.3691665,41.24537004166667,9.7204354875,1011.4166666666666,0.275,83.29166666666667
2023-11-16,35.356615,-119.062613,5.4,0.038,30.0,Bakersfield-California,17.583750166666665,59.040746750000004,7.750965070833334,1012.9916666666667,0.0,29.875
2023-11-17,35.356615,-119.062613,5.9,0.038,33.0,Bakersfield-California,16.75666670833333,66.31913270833333,7.706899158333333,1014.4,0.0,11.791666666666666
2023-11-18,35.356615,-119.062613,0.9,0.036,5.0,Bakersfield-California,18.098333291666666,55.32976691666667,8.263537195833333,1013.3791666666666,0.012500000000000002,58.625
2023-11-19,35.356615,-119.062613,4.6,0.038,26.0,Bakersfield-California,14.53999975,78.28852604166667,10.989689883333334,1021.7666666666668,0.16666666666666666,30.541666666666668
2023-11-20,35.356615,-119.062613,7.0,0.03,39.0,Bakersfield-California,11.317083124999998,57.30370779166666,6.207578070833333,1023.6791666666667,0.0,9.833333333333334
2023-11-21,35.356615,-119.062613,11.5,0.033,55.0,Bakersfield-California,12.546249916666667,50.08705716666666,6.947053054166666,1025.6458333333333,0.0,12.0
2023-11-22,35.356615,-119.062613,19.6,0.032,71.0,Bakersfield-California,12.904583174999999,50.7857325,5.252423882083334,1024.55,0.0,67.0
2023-11-23,35.356615,-119.062613,30.0,0.039,90.0,Bakersfield-California,14.173333041666666,49.50121145833333,4.919861475,1014.5083333333333,0.0,65.04166666666667
2023-11-24,35.356615,-119.062613,14.9,0.031,62.0,Bakersfield-California,12.104583133333334,50.387752,6.7873323958333325,1012.2541666666666,0.0,0.375
2023-11-25,35.356615,-119.062613,14.1,0.031,60.0,Bakersfield-California,9.546249841666667,58.45569333333333,6.051057433333334,1017.5583333333334,0.0,0.08333333333333333
2023-11-26,35.356615,-119.062613,17.1,0.03,66.0,Bakersfield-California,9.72333325,51.221861458333336,4.688618,1020.0625,0.0,71.54166666666667
2023-11-27,35.356615,-119.062613,15.4,0.027,63.0,Bakersfield-California,9.912916441666667,45.95958754166667,6.6302611958333335,1019.7041666666668,0.0,71.58333333333333
2023-11-28,35.356615,-119.062613,17.1,0.029,66.0,Bakersfield-California,10.119166524999999,42.721471,4.649905023750001,1020.9125,0.0,37.333333333333336
2023-11-29,35.356615,-119.062613,8.4,0.035,47.0,Bakersfield-California,11.877499791666667,36.234361916666664,5.763054395833334,1016.9458333333333,0.0,22.875
2023-11-30,35.356615,-119.062613,17.8,0.031,67.0,Bakersfield-California,12.425416375,58.164421833333336,7.052454904166667,1014.9250000000001,0.0,60.583333333333336
2023-12-01,35.356615,-119.062613,12.7,0.036,58.0,Bakersfield-California,11.342083174999999,63.231505,9.476346566666667,1018.2291666666666,0.041666666666666664,46.458333333333336
2023-12-02,35.356615,-119.062613,18.5,0.037,69.0,Bakersfield-California,10.121249675,61.593822958333334,4.644826786666667,1023.8333333333334,0.0,22.041666666666668
2023-12-03,35.356615,-119.062613,20.3,0.033,72.0,Bakersfield-California,11.414999633333332,58.010152874999996,4.1216076416666665,1025.5708333333334,0.0,79.33333333333333
2023-12-04,35.356615,-119.062613,15.4,0.036,63.0,Bakersfield-California,10.858749725000001,70.74143683333334,6.207740133333334,1024.5041666666666,0.0,95.875
2023-12-05,35.356615,-119.062613,26.8,0.038,84.0,Bakersfield-California,11.114999925,69.947078125,4.975081425,1023.3041666666667,0.0,25.833333333333332
2023-12-06,35.356615,-119.062613,24.6,0.039,80.0,Bakersfield-California,13.064999941666668,59.24012704166666,5.450867912500001,1018.8249999999999,0.0,16.875
2023-12-07,35.356615,-119.062613,5.2,0.036,29.0,Bakersfield-California,14.60249975,66.55010175,11.640736979166666,1020.8458333333333,0.008333333333333333,53.791666666666664
2023-12-08,35.356615,-119.062613,12.0,0.03,56.0,Bakersfield-California,9.948333016666666,63.56179904166667,6.9044119875000005,1022.5916666666667,0.0,31.75
2023-12-09,35.356615,-119.062613,19.6,0.028,71.0,Bakersfield-California,8.208749908333333,72.591363125,5.736746920833333,1025.6208333333334,0.0,37.916666666666664
2023-12-10,35.356615,-119.062613,27.5,0.028,85.0,Bakersfield-California,8.594166558333333,62.216920875,5.8726474875,1026.7124999999999,0.0,44.041666666666664
2023-12-11,35.356615,-119.062613,31.4,0.034,93.0,Bakersfield-California,9.875416516666666,53.784259416666664,4.502945370833333,1020.3125,0.0,80.41666666666667
2023-12-12,35.356615,-119.062613,29.5,0.041,89.0,Bakersfield-California,9.302499916666667,52.59374416666666,5.0976359208333335,1015.5833333333334,0.0,17.416666666666668
2023-12-13,35.356615,-119.062613,30.1,0.033,90.0,Bakersfield-California,9.4545830875,59.35449104166667,4.665346591666666,1017.1916666666667,0.0,0.0
2023-12-14,35.356615,-119.062613,40.9,0.034,114.0,Bakersfield-California,9.852499791666666,58.5938935,4.386060054166666,1020.8958333333334,0.0,42.041666666666664
2023-12-15,35.356615,-119.062613,36.8,0.032,104.0,Bakersfield-California,11.47958325,49.789763083333334,4.640097404166666,1021.9958333333334,0.0,99.79166666666667
2023-12-16,35.356615,-119.062613,51.2,0.037,140.0,Bakersfield-California,10.714999933333333,52.231018541666664,6.438788415833333,1019.7166666666667,0.0,54.125
2023-12-17,35.356615,-119.062613,63.7,0.026,157.0,Bakersfield-California,12.2566665,39.94340283333333,5.847084487499999,1018.3083333333334,0.0,94.875
2023-12-18,35.356615,-119.062613,36.5,0.028,103.0,Bakersfield-California,14.548333083333333,37.87936370833334,6.436746525,1014.65,0.15833333333333333,92.95833333333333
2023-12-19,35.356615,-119.062613,20.6,0.01,72.0,Bakersfield-California,14.887916458333335,75.87949770833333,6.271567845833334,1011.2291666666666,0.21666666666666667,91.83333333333333
2023-12-20,35.356615,-119.062613,13.5,0.025,59.0,Bakersfield-California,14.960833166666667,76.96738666666667,7.803415824999999,1008.8291666666668,0.0,71.16666666666667
2023-12-21,35.356615,-119.062613,6.1,0.015,34.0,Bakersfield-California,13.32124975,89.82822475,6.4459901375,1013.2166666666667,0.5625,98.95833333333333
2023-12-22,35.356615,-119.062613,16.5,0.016,65.0,Bakersfield-California,12.300416208333333,92.618462625,3.9562814,1015.3000000000001,0.19583333333333333,100.0
2023-12-23,35.356615,-119.062613,22.5,0.015,76.0,Bakersfield-California,11.13374975,88.05214941666667,5.31823195,1016.4541666666668,0.0,25.583333333333332
2023-12-24,35.356615,-119.062613,20.6,0.022,72.0,Bakersfield-California,9.675416316666666,89.55347166666667,4.623381641666667,1021.6,0.0,54.166666666666664
2023-12-25,35.356615,-119.062613,25.0,0.03,81.0,Bakersfield-California,8.750416658333334,89.89147066666668,4.673460225,1024.0,0.0,60.458333333333336
2023-12-26,35.356615,-119.062613,34.7,0.024,99.0,Bakersfield-California,9.292083100000001,87.06344720833334,4.525996508333333,1022.2041666666668,0.0,97.875
2023-12-27,35.356615,-119.062613,37.2,0.021,105.0,Bakersfield-California,12.467082958333334,72.38375795833333,5.1585910083333335,1019.8375,0.0,97.375
2023-12-28,35.356615,-119.062613,37.2,0.021,105.0,Bakersfield-California,12.467082958333334,72.38375795833333,5.1585910083333335,1019.8375,0.0,97.375
2023-12-29,35.356615,-119.062613,11.9,0.032,56.0,Bakersfield-California,13.000416425,60.914892916666666,5.012466695833333,1018.5958333333333,0.0,80.5
2023-12-30,35.356615,-119.062613,8.5,0.033,47.0,Bakersfield-California,11.429582875,75.128951375,5.715483566666666,1017.3916666666668,0.6291666666666667,80.875
2023-12-31,35.356615,-119.062613,8.5,0.033,47.0,Bakersfield-California,11.429582875,75.128951375,5.715483566666666,1017.3916666666668,0.6291666666666667,80.875
2024-01-01,35.356615,-119.062613,28.7,0.025,88.0,Bakersfield-California,8.750416466666666,89.63665633333333,4.061540569166667,1020.4041666666667,0.0,69.625
2024-01-02,35.356615,-119.062613,15.2,0.01,62.0,Bakersfield-California,7.9712498,89.15250395833334,3.6559383708333333,1023.7708333333334,0.0,56.333333333333336
2024-01-03,35.356615,-119.062613,4.2,0.035,23.0,Bakersfield-California,9.679583025,84.21283420833333,6.7277923,1020.4416666666666,0.11666666666666665,42.375
2024-01-04,35.356615,-119.062613,6.1,0.029,34.0,Bakersfield-California,8.031666541666667,87.41298183333333,6.833096866666666,1024.3666666666666,0.11666666666666665,73.70833333333333
2024-01-05,35.356615,-119.062613,11.9,0.026,56.0,Bakersfield-California,7.392083283333332,78.22872583333333,5.077782594583334,1025.6791666666666,0.0,47.416666666666664
2024-01-06,35.356615,-119.062613,17.4,0.02,66.0,Bakersfield-California,6.548333325000001,82.03501741666666,3.858062004166667,1023.6416666666668,0.0,55.166666666666664
2024-01-07,35.356615,-119.062613,9.0,0.031,50.0,Bakersfield-California,7.635833133333333,78.87574491666666,10.187892533333333,1017.3166666666666,0.08333333333333333,80.0
2024-01-08,35.356615,-119.062613,8.4,0.029,47.0,Bakersfield-California,4.985833274458333,68.67342058333334,5.4080850375,1024.1000000000001,0.0,4.416666666666667
2024-01-09,35.356615,-119.062613,11.0,0.024,55.0,Bakersfield-California,5.562916683166667,68.96759483333334,5.357235158333332,1028.1333333333334,0.0,26.041666666666668
2024-01-10,35.356615,-119.062613,10.5,0.024,54.0,Bakersfield-California,8.585833108333334,61.56303754166667,7.788249870833333,1020.975,0.0,72.95833333333333
2024-01-11,35.356615,-119.062613,4.7,0.034,26.0,Bakersfield-California,8.652499866666666,66.20888133333334,10.078302920833332,1017.6041666666666,0.03333333333333333,55.083333333333336
2024-01-12,35.356615,-119.062613,9.1,0.028,51.0,Bakersfield-California,5.512916604166667,63.571793791666664,5.253337466666667,1024.4708333333333,0.0,28.333333333333332
2024-01-13,35.356615,-119.062613,14.8,0.026,62.0,Bakersfield-California,6.498333279166666,61.05491820833333,6.196760879166667,1022.9583333333334,0.0,49.833333333333336
2024-01-14,35.356615,-119.062613,14.9,0.033,62.0,Bakersfield-California,7.746249866666666,64.4357905,5.338382508333333,1019.775,0.0,55.25
2024-01-15,35.356615,-119.062613,18.1,0.023,68.0,Bakersfield-California,8.9441666,79.83112025,6.177226275,1020.0749999999999,0.0,77.58333333333333
2024-01-16,35.356615,-119.062613,21.5,0.009,74.0,Bakersfield-California,8.033749858333334,87.14444916666667,4.8402817166666665,1020.3041666666667,0.0,82.29166666666667
2024-01-17,35.356615,-119.062613,17.9,0.021,67.0,Bakersfield-California,11.808749758333333,74.50714141666667,5.0942636625,1017.5500000000001,0.03333333333333333,91.16666666666667
2024-01-18,35.356615,-119.062613,12.6,0.022,58.0,Bakersfield-California,10.710832966666667,81.58457745833333,6.097129841666667,1019.3208333333333,0.0,95.66666666666667
2024-01-19,35.356615,-119.062613,23.2,0.016,77.0,Bakersfield-California,11.821249791666666,80.07722929166667,6.42256655,1016.4125,0.0,100.0
2024-01-20,35.356615,-119.062613,19.5,0.014,70.0,Bakersfield-California,13.423333166666666,77.229663875,7.0830794458333335,1011.4875000000001,0.14166666666666666,95.04166666666667
2024-01-21,35.356615,-119.062613,8.5,0.037,47.0,Bakersfield-California,13.710833041666667,82.59569583333334,4.551321645,1010.9791666666666,0.31666666666666665,77.54166666666667
2024-01-22,35.356615,-119.062613,1.2,0.021,7.0,Bakersfield-California,12.685832958333334,80.90831766666666,6.836676995833333,1008.1541666666667,0.7875,96.41666666666667
2024-01-23,35.356615,-119.062613,5.0,0.028,28.0,Bakersfield-California,11.789999666666667,92.43699141666667,7.474330304166667,1013.1583333333333,0.14166666666666666,81.95833333333333
2024-01-24,35.356615,-119.062613,10.5,0.017,54.0,Bakersfield-California,11.085833008333333,88.73650687499999,5.054619433333333,1019.7458333333334,0.05833333333333334,86.91666666666667
2024-01-25,35.356615,-119.062613,3.8,0.027,21.0,Bakersfield-California,13.050416416666666,80.57231325,5.806123825,1020.5291666666667,0.049999999999999996,69.5
2024-01-26,35.356615,-119.062613,8.1,0.029,45.0,Bakersfield-California,10.442083058333333,83.22905920833334,4.8386846624999995,1024.875,0.0,60.875
2024-01-27,35.356615,-119.062613,17.2,0.033,66.0,Bakersfield-California,11.010833125,81.69894183333334,6.4046795125,1026.1458333333333,0.0,93.29166666666667
2024-01-28,35.356615,-119.062613,23.2,0.035,77.0,Bakersfield-California,12.296249666666666,78.92659816666666,5.958592033333333,1023.2583333333333,0.0,65.29166666666667
2024-01-29,35.356615,-119.062613,29.8,0.03,90.0,Bakersfield-California,13.842083125,76.61721866666666,5.831923545833334,1020.6083333333332,0.0,41.083333333333336
2024-01-30,35.356615,-119.062613,16.0,0.033,64.0,Bakersfield-California,13.967083258333334,76.66598029166667,6.115888366666667,1018.0958333333333,0.0,22.666666666666668
2024-01-31,35.356615,-119.062613,10.3,0.046,53.0,Bakersfield-California,14.6566665,69.360012875,6.55139798625,1012.75,0.0,76.125
2024-02-01,35.356615,-119.062613,1.2,0.035,7.0,Bakersfield-California,14.794166583333334,61.16498679166667,18.164711566666668,1006.475,0.44166666666666665,87.33333333333333
2024-02-02,35.356615,-119.062613,3.3,0.037,18.0,Bakersfield-California,9.975416558333334,83.46711241666667,6.387712933333333,1010.7291666666666,0.49166666666666664,29.166666666666668
2024-02-03,35.356615,-119.062613,1.6,0.039,9.0,Bakersfield-California,9.27333305,81.80318391666667,6.038717166666667,1016.5,0.0,60.75
2024-02-04,35.356615,-119.062613,2.5,0.039,14.0,Bakersfield-California,12.156666333333334,66.95910541666667,17.421423733333334,1010.6041666666666,0.28750000000000003,94.95833333333333
2024-02-05,35.356615,-119.062613,1.1,0.032,6.0,Bakersfield-California,13.102499708333333,76.9020565,12.846259820833334,1008.5625,0.3958333333333333,61.75
2024-02-06,35.356615,-119.062613,1.0,0.036,6.0,Bakersfield-California,11.317082999999998,85.99522095833333,6.162543004166667,1006.375,0.4375,99.45833333333333
2024-02-07,35.356615,-119.062613,2.4,0.034,13.0,Bakersfield-California,9.952499874999999,84.44330716666667,6.694533929166667,1009.1125000000001,0.3541666666666667,78.75
2024-02-08,35.356615,-119.062613,1.9,0.036,11.0,Bakersfield-California,7.779583124999999,78.89687229166667,7.7998134750000006,1014.1541666666667,0.3541666666666667,57.958333333333336
2024-02-09,35.356615,-119.062613,11.0,0.03,55.0,Bakersfield-California,6.658749875000001,77.14958966666667,5.672675595833333,1019.4916666666667,0.0,31.916666666666668
2024-02-10,35.356615,-119.062613,4.4,0.034,24.0,Bakersfield-California,7.579583183333334,71.21646745833333,6.7646819375,1019.7083333333334,0.0,22.833333333333332
2024-02-11,35.356615,-119.062613,7.0,0.036,39.0,Bakersfield-California,6.860833270833333,78.04807,5.3908493625,1022.9125,0.0,0.7083333333333334
2024-02-12,35.356615,-119.062613,13.8,0.035,60.0,Bakersfield-California,8.344166475,76.977526,5.4552474958333335,1022.2208333333333,0.0,14.458333333333334
2024-02-13,35.356615,-119.062613,13.4,0.035,59.0,Bakersfield-California,9.683749841666666,76.63269375,4.529489778333333,1017.65,0.0,42.25
2024-02-14,35.356615,-119.062613,10.8,0.037,54.0,Bakersfield-California,10.733749808333334,73.60550679166667,4.96987243625,1018.4791666666666,0.0,54.916666666666664
2024-02-15,35.356615,-119.062613,3.9,0.031,22.0,Bakersfield-California,12.598333091666666,70.62762766666667,4.599864758333333,1021.7166666666667,0.11666666666666665,75.33333333333333
2024-02-16,35.356615,-119.062613,6.9,0.031,38.0,Bakersfield-California,10.914999808333334,79.477987125,4.677166644583333,1021.5625,0.0,80.0
2024-02-17,35.356615,-119.062613,8.5,0.03,47.0,Bakersfield-California,11.869166550000001,79.18146129166666,6.157483058333334,1017.8416666666667,0.0,87.95833333333333
2024-02-18,35.356615,-119.062613,2.1,0.038,12.0,Bakersfield-California,13.373333125,77.16743675,7.454880320833333,1016.5875,0.23750000000000002,37.791666666666664
2024-02-19,35.356615,-119.062613,2.0,0.032,11.0,Bakersfield-California,15.427499916666667,77.42226566666666,9.389788070833333,1013.2291666666666,0.7333333333333333,78.20833333333333
2024-02-20,35.356615,-119.062613,4.6,0.035,26.0,Bakersfield-California,13.235833083333333,82.522298875,4.9979562416666665,1017.9833333333332,0.15,70.54166666666667
2024-02-21,35.356615,-119.062613,1.5,0.036,8.0,Bakersfield-California,12.979583,82.24167779166667,5.9475770825000005,1019.1333333333333,0.33749999999999997,66.5
2024-02-22,35.356615,-119.062613,11.0,0.035,55.0,Bakersfield-California,11.285832966666666,80.074180375,5.983759,1023.6041666666666,0.0,27.833333333333332
2024-02-23,35.356615,-119.062613,14.1,0.033,60.0,Bakersfield-California,11.225416508333334,81.11757812500001,5.209728083333333,1022.025,0.0,80.08333333333333
2024-02-24,35.356615,-119.062613,16.6,0.036,65.0,Bakersfield-California,11.523333308333333,80.0891565,5.928465441666667,1018.1,0.0,69.58333333333333
2024-02-25,35.356615,-119.062613,21.3,0.048,74.0,Bakersfield-California,12.658749808333333,76.15750995833334,4.367174783333334,1017.0375,0.0,15.291666666666666
2024-02-26,35.356615,-119.062613,7.2,0.04,40.0,Bakersfield-California,14.012916416666668,70.26604704166667,4.920925725,1016.1166666666667,0.0,50.125
2024-02-27,35.356615,-119.062613,4.4,0.03,24.0,Bakersfield-California,14.146249708333334,76.079861375,8.589083741666666,1015.3041666666667,0.03333333333333333,72.08333333333333
2024-02-28,35.356615,-119.062613,12.4,0.037,57.0,Bakersfield-California,11.900416425000001,79.58295458333333,5.240753458333333,1018.0958333333333,0.0,32.041666666666664
2024-02-29,35.356615,-119.062613,6.2,0.038,34.0,Bakersfield-California,13.806666583333334,76.12087845833334,5.374884125,1017.1083333333332,0.0,18.25
2024-03-01,35.356615,-119.062613,3.9,0.035,22.0,Bakersfield-California,14.071249833333333,65.17560862500001,8.728517120833333,1018.0541666666667,0.008333333333333333,38.958333333333336
2024-03-02,35.356615,-119.062613,-1.1,0.038,0.0,Bakersfield-California,12.842083208333333,82.01462116666666,8.390686875,1013.8041666666667,0.3958333333333333,68.04166666666667
2024-03-03,35.356615,-119.062613,-0.5,0.04,0.0,Bakersfield-California,11.952499791666666,69.94640683333334,9.300772075,1016.3416666666667,0.23333333333333336,65.95833333333333
2024-03-04,35.356615,-119.062613,4.1,0.041,23.0,Bakersfield-California,10.121249758333333,69.92071183333333,9.145325366666667,1019.4791666666666,0.0,28.333333333333332
2024-03-05,35.356615,-119.062613,4.1,0.045,23.0,Bakersfield-California,10.925416458333332,64.40227995833334,4.951871254166666,1019.25,0.0,35.125
2024-03-06,35.356615,-119.062613,6.4,0.033,36.0,Bakersfield-California,11.442083175,70.550826625,4.915947141666666,1013.3458333333333,0.2416666666666667,30.75
2024-03-07,35.356615,-119.062613,5.7,0.03,32.0,Bakersfield-California,11.327499708333333,85.31984495833333,9.075334975,1012.7583333333333,0.37916666666666665,88.0
2024-03-08,35.356615,-119.062613,8.0,0.04,44.0,Bakersfield-California,12.296249725000001,76.37025308333334,5.1807248,1020.0666666666666,0.21666666666666665,30.958333333333332
2024-03-09,35.356615,-119.062613,7.8,0.041,43.0,Bakersfield-California,13.135833258333333,70.587177,4.65329479875,1020.5083333333333,0.0,53.541666666666664
2024-03-10,35.356615,-119.062613,5.5,0.042,31.0,Bakersfield-California,13.421249916666667,71.38374079166667,6.517125428333333,1018.8541666666666,0.0,91.41666666666667
2024-03-11,35.356615,-119.062613,3.8,0.044,21.0,Bakersfield-California,14.048333125,60.653345291666675,5.959127312500001,1017.4125,0.0,54.708333333333336
2024-03-12,35.356615,-119.062613,6.3,0.039,35.0,Bakersfield-California,13.094166333333334,67.65309416666666,7.486801383333333,1020.0,0.0,83.58333333333333
2024-03-13,35.356615,-119.062613,4.2,0.037,23.0,Bakersfield-California,13.144166375,71.39830758333333,8.982407416666666,1020.0166666666668,0.008333333333333333,72.95833333333333
2024-03-14,35.356615,-119.062613,2.9,0.041,16.0,Bakersfield-California,12.375416591666665,59.23882354166667,7.6170143625,1014.8874999999999,0.0,29.083333333333332
2024-03-15,35.356615,-119.062613,4.0,0.038,22.0,Bakersfield-California,12.794166599999999,51.014449541666664,5.830248758333333,1010.1916666666666,0.0,11.041666666666666
2024-03-16,35.356615,-119.062613,2.7,0.046,15.0,Bakersfield-California,14.258749850000001,48.01280404166667,6.797097295833333,1013.7166666666667,0.0,46.375
2024-03-17,35.356615,-119.062613,4.8,0.05,27.0,Bakersfield-California,15.398333333333333,51.904129708333336,6.7090610999999996,1017.4833333333332,0.0,10.125
2024-03-18,35.356615,-119.062613,8.5,0.055,47.0,Bakersfield-California,16.764999791666668,58.29754383333333,4.678681925,1018.0583333333334,0.0,9.5
2024-03-19,35.356615,-119.062613,8.5,0.055,47.0,Bakersfield-California,17.844166583333333,51.94780308333333,5.2937750875,1017.1458333333334,0.004166666666666667,3.2083333333333335
2024-03-20,35.356615,-119.062613,8.6,0.05,48.0,Bakersfield-California,18.229583291666668,53.868927250000006,8.0311050375,1016.2666666666668,0.004166666666666667,2.125
2024-03-21,35.356615,-119.062613,4.7,0.047,26.0,Bakersfield-California,17.506666625,43.821428708333336,8.41471565,1017.7875,0.0,29.0
2024-03-22,35.356615,-119.062613,4.5,0.055,25.0,Bakersfield-California,18.037916624999998,41.856419583333334,5.707511695833333,1017.1625,0.0,49.041666666666664
2024-03-23,35.356615,-119.062613,2.5,0.043,14.0,Bakersfield-California,17.087916625000002,55.29871120833334,12.948206045833333,1012.0749999999999,0.39166666666666666,60.958333333333336
2024-03-24,35.356615,-119.062613,1.0,0.039,6.0,Bakersfield-California,11.152499683333334,71.98074504166667,8.460796895833333,1010.6333333333333,0.19166666666666668,51.958333333333336
2024-03-25,35.356615,-119.062613,1.2,0.039,7.0,Bakersfield-California,11.142083216666668,73.54762966666667,7.760728516666667,1014.4041666666667,0.225,47.416666666666664
2024-03-26,35.356615,-119.062613,4.7,0.045,26.0,Bakersfield-California,12.289999983333333,64.13726891666667,7.966980225,1016.9375,0.0,19.0
2024-03-27,35.356615,-119.062613,3.9,0.052,22.0,Bakersfield-California,14.225416375,56.207864416666666,4.963747515833333,1020.1791666666667,0.0,49.291666666666664
2024-03-28,35.356615,-119.062613,1.1,0.036,6.0,Bakersfield-California,15.431666625,57.66577604166667,8.4740632,1018.2875,0.008333333333333333,64.95833333333333
2024-03-29,35.356615,-119.062613,1.4,0.044,8.0,Bakersfield-California,13.467083208333333,62.700786,7.145707820833334,1012.7083333333334,0.0,83.54166666666667
2024-03-30,35.356615,-119.062613,-0.3,0.043,0.0,Bakersfield-California,13.675416416666666,62.10947266666667,11.373139987500002,1004.6666666666666,0.725,75.375
2024-03-31,35.356615,-119.062613,0.0,0.043,0.0,Bakersfield-California,12.829583133333335,58.59013191666667,10.221780958333333,1006.3208333333333,0.012500000000000002,53.25
2024-04-01,35.356615,-119.062613,2.2,0.047,12.0,Bakersfield-California,13.139999875,72.94383820833333,5.4369501541666665,1012.7541666666666,0.13333333333333333,44.5
2024-04-02,35.356615,-119.062613,7.2,0.051,40.0,Bakersfield-California,15.44,55.922825249999995,5.796436266666667,1022.5041666666666,0.0,0.125
2024-04-03,35.356615,-119.062613,5.6,0.053,31.0,Bakersfield-California,18.33166675,48.67982237499999,4.551791952916667,1021.9250000000001,0.0,0.0
2024-04-04,35.356615,-119.062613,3.9,0.039,22.0,Bakersfield-California,15.306666374999999,57.940807291666665,12.471679137499999,1012.1833333333334,0.075,43.708333333333336
2024-04-05,35.356615,-119.062613,1.9,0.043,11.0,Bakersfield-California,8.750416458333333,64.01149466666666,9.908909258333333,1011.9708333333333,0.4041666666666666,55.875
2024-04-06,35.356615,-119.062613,5.2,0.046,29.0,Bakersfield-California,8.414999916666666,72.39237058333333,5.894225545833333,1022.7791666666667,0.029166666666666664,25.708333333333332
2024-04-07,35.356615,-119.062613,5.6,0.045,31.0,Bakersfield-California,10.737916624999999,56.16539533333333,6.423158779166666,1022.5625,0.0,31.541666666666668
2024-04-08,35.356615,-119.062613,7.8,0.048,43.0,Bakersfield-California,12.742083191666666,45.44032845833333,6.878790570833334,1017.9625,0.0,10.458333333333334
2024-04-09,35.356615,-119.062613,7.2,0.055,40.0,Bakersfield-California,14.385833266666666,53.200604375000005,6.592802545833333,1019.7958333333332,0.0,0.0
2024-04-10,35.356615,-119.062613,11.7,0.062,56.0,Bakersfield-California,18.24208325,41.102057333333335,5.958035732083334,1018.9708333333333,0.0,3.125
2024-04-11,35.356615,-119.062613,16.3,0.069,64.0,Bakersfield-California,21.13166658333333,43.86423233333333,5.347438524166667,1014.3125,0.0,6.25
2024-04-12,35.356615,-119.062613,12.4,0.059,57.0,Bakersfield-California,23.344166666666666,45.8818655,6.085130295833333,1006.4666666666667,0.0,4.291666666666667
2024-04-13,35.356615,-119.062613,5.0,0.055,28.0,Bakersfield-California,17.614999916666665,53.12823279166667,14.396057333333333,1011.1125000000001,0.0,22.083333333333332
2024-04-14,35.356615,-119.062613,1.6,0.046,9.0,Bakersfield-California,8.673333266666667,83.177043875,9.083483329166667,1018.0749999999999,0.9874999999999999,56.125
2024-04-15,35.356615,-119.062613,6.2,0.05,34.0,Bakersfield-California,11.400416591666668,74.36878233333333,5.571992695833334,1020.8666666666667,0.012499999999999999,44.833333333333336
2024-04-16,35.356615,-119.062613,9.2,0.056,51.0,Bakersfield-California,14.304583291666667,61.382125374999994,6.7311834625,1019.9791666666666,0.0,5.916666666666667
2024-04-17,35.356615,-119.062613,13.9,0.06,60.0,Bakersfield-California,18.342083291666665,60.01114820833333,4.826490429166667,1016.9499999999999,0.0,52.583333333333336
2024-04-18,35.356615,-119.062613,13.5,0.054,59.0,Bakersfield-California,21.51708345833333,51.432326249999996,4.2472221,1013.3916666666668,0.0,84.375
2024-04-19,35.356615,-119.062613,10.2,0.058,53.0,Bakersfield-California,22.04833345833333,49.3660055,7.6533094375,1011.8208333333333,0.0,31.0
2024-04-20,35.356615,-119.062613,10.5,0.061,54.0,Bakersfield-California,22.42541675,50.432074,8.282528008333333,1013.9833333333332,0.0,6.625
2024-04-21,35.356615,-119.062613,9.4,0.053,52.0,Bakersfield-California,22.437916708333333,45.58945975,6.711815741666666,1015.6666666666666,0.0,0.041666666666666664
2024-04-22,35.356615,-119.062613,10.8,0.057,54.0,Bakersfield-California,24.606666750000002,46.076062416666666,6.011406382083333,1009.6833333333334,0.0,19.958333333333332
2024-04-23,35.356615,-119.062613,5.6,0.047,31.0,Bakersfield-California,21.317083375,43.9259875,12.051440275,1010.7791666666667,0.0,8.75
2024-04-24,35.356615,-119.062613,6.6,0.044,37.0,Bakersfield-California,18.137916791666665,50.115560249999994,8.9568073625,1015.9083333333333,0.0,17.791666666666668
2024-04-25,35.356615,-119.062613,7.0,0.044,39.0,Bakersfield-California,17.827499958333334,51.370724958333334,10.1553714,1016.3583333333332,0.004166666666666667,56.458333333333336
2024-04-26,35.356615,-119.062613,2.5,0.04,14.0,Bakersfield-California,17.910833333333333,48.22964566666667,14.300374529166668,1014.9375,0.020833333333333332,69.66666666666667
2024-04-27,35.356615,-119.062613,2.7,0.042,15.0,Bakersfield-California,16.464999875,52.74788091666667,9.03588985,1015.625,0.07083333333333335,41.375
2024-04-28,35.356615,-119.062613,6.8,0.045,38.0,Bakersfield-California,18.698333333333334,44.27711295833333,7.859450695833334,1017.2583333333333,0.0,0.3333333333333333
2024-04-29,35.356615,-119.062613,5.8,0.053,32.0,Bakersfield-California,19.71708333333333,42.36610304166667,10.223685470833333,1015.5916666666667,0.0,0.0
2024-04-30,35.356615,-119.062613,7.3,0.055,41.0,Bakersfield-California,19.744166625000002,30.751752916666664,8.930850733333333,1013.7458333333334,0.0,0.0
2024-05-01,35.356615,-119.062613,7.6,0.052,42.0,Bakersfield-California,20.250416875,29.693795166666664,8.594809625,1012.5333333333333,0.0,0.0
2024-05-02,35.356615,-119.062613,9.9,0.052,52.0,Bakersfield-California,20.57125,23.586255604166666,7.655173587499999,1012.8958333333334,0.0,0.0
2024-05-03,35.356615,-119.062613,6.4,0.045,36.0,Bakersfield-California,21.650416625000002,37.41812658333333,8.658556979166667,1010.875,0.0,0.0
2024-05-04,35.356615,-119.062613,6.0,0.038,33.0,Bakersfield-California,21.483750291666666,39.587693375,10.699963662499998,1009.0708333333333,0.0,38.166666666666664
2024-05-05,35.356615,-119.062613,3.5,0.047,19.0,Bakersfield-California,13.729583125,61.91040779166667,15.315955333333333,1013.5875,0.1875,52.416666666666664
2024-05-06,35.356615,-119.062613,5.8,0.051,32.0,Bakersfield-California,14.735833125,37.19848304166667,9.196355712499999,1018.7791666666667,0.0,12.0
2024-05-07,35.356615,-119.062613,6.0,0.055,33.0,Bakersfield-California,17.221249875,43.98777608333333,8.329018445833333,1016.3625000000001,0.0,14.458333333333334
2024-05-08,35.356615,-119.062613,6.5,0.052,36.0,Bakersfield-California,19.327499958333334,36.920366125,7.2593673999999995,1012.5,0.0,3.625
2024-05-09,35.356615,-119.062613,6.6,0.054,37.0,Bakersfield-California,21.550416708333334,31.3271175,6.437929066666666,1010.4583333333334,0.0,0.0
2024-05-10,35.356615,-119.062613,7.6,0.059,42.0,Bakersfield-California,24.304583458333337,25.505929124999998,9.0236333,1012.3666666666667,0.0,1.875
2024-05-11,35.356615,-119.062613,4.8,0.061,27.0,Bakersfield-California,25.067083208333333,26.886942416666667,8.692820641666666,1011.4250000000001,0.0,0.875
2024-05-12,35.356615,-119.062613,5.5,0.064,31.0,Bakersfield-California,26.396249833333332,26.774807770833334,8.033282316666666,1010.9458333333333,0.0,0.041666666666666664
2024-05-13,35.356615,-119.062613,6.8,0.063,38.0,Bakersfield-California,26.829583291666665,27.801738979166668,10.011753516666667,1010.2125,0.0,11.791666666666666
2024-05-14,35.356615,-119.062613,7.6,0.066,42.0,Bakersfield-California,26.489999958333332,28.65113129166667,10.055340545833333,1009.6791666666667,0.0,63.833333333333336
2024-05-15,35.356615,-119.062613,10.1,0.067,53.0,Bakersfield-California,26.694166666666664,31.024147541666665,8.318178895833332,1008.6958333333333,0.0,15.875
2024-05-16,35.356615,-119.062613,9.0,0.062,50.0,Bakersfield-California,27.352499958333336,34.828511375,9.469726575000001,1009.6999999999999,0.0,2.0
2024-05-17,35.356615,-119.062613,7.8,0.058,43.0,Bakersfield-California,27.060833458333335,33.2598935,10.4995326875,1009.7541666666666,0.0,0.5833333333333334
2024-05-18,35.356615,-119.062613,8.8,0.056,49.0,Bakersfield-California,25.24208329166667,35.56534916666667,9.6782680125,1010.1958333333333,0.0,27.833333333333332
2024-05-19,35.356615,-119.062613,7.7,0.055,43.0,Bakersfield-California,24.256666791666664,38.38498391666666,8.474647466666667,1012.7916666666666,0.0,0.375
2024-05-20,35.356615,-119.062613,11.8,0.056,56.0,Bakersfield-California,24.417083583333334,28.1940644375,12.3904553625,1011.2166666666667,0.0,2.375
2024-05-21,35.356615,-119.062613,11.8,0.062,56.0,Bakersfield-California,22.929583625000003,32.52995410416667,8.9158851125,1011.8791666666666,0.0,0.0
2024-05-22,35.356615,-119.062613,9.8,0.066,52.0,Bakersfield-California,25.114999958333332,22.211575749999998,8.8665251625,1011.4791666666666,0.0,0.0
2024-05-23,35.356615,-119.062613,7.2,0.057,40.0,Bakersfield-California,25.252500166666668,29.05758541666667,10.6515421375,1009.6291666666666,0.0,0.0
2024-05-24,35.356615,-119.062613,7.2,0.057,40.0,Bakersfield-California,25.252500166666668,29.05758541666667,10.6515421375,1009.6291666666666,0.0,0.0
2024-05-25,35.356615,-119.062613,21.6,0.045,74.0,Bakersfield-California,19.871250125,36.98383270833333,9.845169016666667,1012.4541666666668,0.0,0.0
2024-05-26,35.356615,-119.062613,24.7,0.051,80.0,Bakersfield-California,21.746250125,39.55350620833333,8.983300429166666,1014.2416666666667,0.0,0.0
2024-05-27,35.356615,-119.062613,32.8,0.06,95.0,Bakersfield-California,24.450416833333335,32.55480308333333,7.448707466666666,1013.7958333333332,0.0,0.0
2024-05-28,35.356615,-119.062613,17.9,0.058,67.0,Bakersfield-California,26.221250125,29.049298270833333,9.2318947,1013.7333333333332,0.0,0.08333333333333333
2024-05-29,35.356615,-119.062613,7.9,0.053,44.0,Bakersfield-California,26.604583416666667,24.48892779166667,10.739892966666666,1014.9208333333332,0.0,0.0
2024-05-30,35.356615,-119.062613,10.1,0.062,53.0,Bakersfield-California,26.398333249999997,23.51054529166667,7.366015666666667,1013.1791666666667,0.0,0.0
2024-05-31,35.356615,-119.062613,12.0,0.074,56.0,Bakersfield-California,28.233749500000002,22.315117833333332,7.942211191666666,1009.3708333333334,0.0,0.0
2024-06-01,35.356615,-119.062613,13.4,0.05,59.0,Bakersfield-California,28.96708291666667,22.53420201666667,9.128767954166667,1008.1291666666666,0.0,0.0
2024-06-02,35.356615,-119.062613,6.8,0.043,38.0,Bakersfield-California,26.573333416666667,27.068268875,12.878114995833334,1010.225,0.0,17.5
2024-06-03,35.356615,-119.062613,7.7,0.036,43.0,Bakersfield-California,26.72541683333333,32.97659370833333,9.147330570833333,1011.1583333333333,0.0,40.75
2024-06-04,35.356615,-119.062613,5.5,0.04,31.0,Bakersfield-California,26.319166791666664,42.149311625,7.954226166666667,1010.8791666666666,0.0,52.375
2024-06-05,35.356615,-119.062613,13.7,0.068,60.0,Bakersfield-California,30.139999791666668,31.107405312500003,6.3611422583333335,1009.4,0.0,0.041666666666666664
2024-06-06,35.356615,-119.062613,16.9,0.076,66.0,Bakersfield-California,34.4712495,24.670612875,7.098872708333334,1007.0208333333334,0.0,5.583333333333333
2024-06-07,35.356615,-119.062613,22.0,0.049,75.0,Bakersfield-California,34.144166041666665,22.893454416666668,8.3354041375,1005.9541666666668,0.0,0.8333333333333334
2024-06-08,35.356615,-119.062613,8.0,0.049,44.0,Bakersfield-California,29.93999983333333,26.570575166666668,9.523750054166667,1007.8625000000001,0.0,13.166666666666666
2024-06-09,35.356615,-119.062613,5.9,0.042,33.0,Bakersfield-California,27.9566665,30.235843,9.519166708333334,1009.7458333333334,0.0,39.791666666666664
2024-06-10,35.356615,-119.062613,10.5,0.058,54.0,Bakersfield-California,28.63791666666667,26.982593249999997,8.870442220833334,1010.4499999999999,0.0,2.875
2024-06-11,35.356615,-119.062613,15.0,0.079,62.0,Bakersfield-California,30.63166670833333,25.838930291666667,7.801748620833333,1009.3666666666667,0.0,0.20833333333333334
2024-06-12,35.356615,-119.062613,17.7,0.072,67.0,Bakersfield-California,32.948333166666664,24.964938875,8.001477066666666,1007.6041666666666,0.0,0.75
2024-06-13,35.356615,-119.062613,9.8,0.061,52.0,Bakersfield-California,30.567083041666667,31.990245375,10.687385879166667,1009.5541666666667,0.0,0.4583333333333333
2024-06-14,35.356615,-119.062613,11.4,0.075,55.0,Bakersfield-California,29.54833325,27.612236125,9.754860516666666,1012.4583333333334,0.0,8.583333333333334
2024-06-15,35.356615,-119.062613,6.7,0.064,37.0,Bakersfield-California,29.302499541666666,14.0835680875,10.2230834375,1011.7833333333333,0.0,1.5833333333333333
2024-06-16,35.356615,-119.062613,7.5,0.059,42.0,Bakersfield-California,27.45666633333333,16.685667258333336,9.414463866666667,1008.7958333333332,0.0,0.0
2024-06-17,35.356615,-119.062613,7.3,0.05,41.0,Bakersfield-California,26.5670835,22.406010958333336,12.7413209125,1007.2541666666666,0.0,0.625
2024-06-18,35.356615,-119.062613,13.4,0.053,59.0,Bakersfield-California,25.52541654166667,14.009223583333332,9.036079683333334,1007.4791666666666,0.0,14.333333333333334
2024-06-19,35.356615,-119.062613,14.1,0.066,60.0,Bakersfield-California,26.621249833333334,12.959925375,8.433768916666667,1007.9,0.0,10.458333333333334
2024-06-20,35.356615,-119.062613,12.6,0.063,58.0,Bakersfield-California,27.662916541666664,18.1066099375,9.633150629166666,1008.0958333333333,0.0,0.0
2024-06-21,35.356615,-119.062613,13.5,0.072,59.0,Bakersfield-California,28.454583166666666,19.901779229166667,8.763581229166666,1006.5833333333334,0.0,0.0
2024-06-22,35.356615,-119.062613,13.6,0.086,59.0,Bakersfield-California,31.962916458333336,17.8674201875,6.304726275,1006.4583333333334,0.0,0.0
2024-06-23,35.356615,-119.062613,10.3,0.07,53.0,Bakersfield-California,34.489999375000004,17.285145637499998,8.486504753333334,1008.2583333333333,0.0,6.416666666666667
2024-06-24,35.356615,-119.062613,12.1,0.051,57.0,Bakersfield-California,35.73999920833334,18.0950203125,10.463129883333332,1009.2208333333333,0.0,7.625
2024-06-25,35.356615,-119.062613,8.0,0.07,44.0,Bakersfield-California,34.67541608333333,24.8847335625,10.293525891666667,1008.9416666666666,0.0,19.625
2024-06-26,35.356615,-119.062613,8.0,0.07,44.0,Bakersfield-California,34.67541608333333,24.8847335625,10.293525891666667,1008.9416666666666,0.0,19.625
2024-06-27,35.356615,-119.062613,8.2,0.052,46.0,Bakersfield-California,31.97541658333333,17.648865166666667,10.788816895833333,1009.9708333333333,0.0,0.0
2024-06-28,35.356615,-119.062613,9.2,0.061,51.0,Bakersfield-California,30.585833166666664,18.066835770833332,7.881461740833333,1006.6541666666667,0.0,0.0
2024-06-29,35.356615,-119.062613,9.6,0.065,52.0,Bakersfield-California,31.23999975,18.122379479166668,8.021115625,1007.4416666666666,0.0,0.0
2024-06-30,35.356615,-119.062613,8.9,0.061,49.0,Bakersfield-California,32.15666641666667,18.858926083333333,9.510351370833334,1010.3666666666667,0.0,0.0
2024-07-01,35.356615,-119.062613,11.7,0.052,56.0,Bakersfield-California,31.871249875,22.6092878125,9.8975977125,1010.1083333333332,0.0,0.0
2024-07-02,35.356615,-119.062613,14.2,0.068,61.0,Bakersfield-California,32.73999966666667,18.415643375,8.246950908333334,1007.4250000000001,0.0,0.0
2024-07-03,35.356615,-119.062613,13.0,0.082,58.0,Bakersfield-California,36.0170825,16.368123291666667,6.097445644583334,1007.0416666666666,0.0,0.0
2024-07-04,35.356615,-119.062613,39.0,0.073,110.0,Bakersfield-California,37.20041616666666,13.196274729166667,8.262494283333334,1010.1708333333332,0.0,0.0
2024-07-05,35.356615,-119.062613,17.2,0.074,66.0,Bakersfield-California,36.925415541666666,14.5870526125,9.5484405625,1010.6166666666667,0.0,0.375
2024-07-06,35.356615,-119.062613,14.5,0.082,61.0,Bakersfield-California,37.50458270833334,12.725068012500001,6.286550969583334,1008.0833333333334,0.0,0.5833333333333334
2024-07-07,35.356615,-119.062613,15.5,0.074,63.0,Bakersfield-California,38.72124916666667,14.892022841666666,8.561807633333332,1007.5583333333334,0.0,0.0
2024-07-08,35.356615,-119.062613,11.9,0.065,56.0,Bakersfield-California,37.7274995,15.213356691666666,9.393299195833334,1006.8333333333334,0.0,0.0
2024-07-09,35.356615,-119.062613,12.9,0.078,58.0,Bakersfield-California,36.75666583333334,11.827982412499999,9.093648145833333,1006.5,0.0,0.0
2024-07-10,35.356615,-119.062613,15.3,0.071,63.0,Bakersfield-California,35.92124933333333,13.9767913625,7.9841963625000005,1007.8791666666666,0.0,0.041666666666666664
2024-07-11,35.356615,-119.062613,17.1,0.085,66.0,Bakersfield-California,37.387915666666665,13.690388274999998,6.461183658333333,1008.2291666666666,0.0,3.0
2024-07-12,35.356615,-119.062613,17.4,0.08,66.0,Bakersfield-California,37.335832708333335,12.8512048125,7.908186775,1007.2916666666666,0.0,39.208333333333336
2024-07-13,35.356615,-119.062613,19.3,0.076,70.0,Bakersfield-California,37.585832833333335,14.929395645833333,7.754908366666666,1007.7416666666667,0.0,48.125
2024-07-14,35.356615,-119.062613,22.3,0.079,76.0,Bakersfield-California,35.62749979166667,20.805448291666668,9.739553995833333,1011.5124999999999,0.0,16.958333333333332
2024-07-15,35.356615,-119.062613,13.4,0.07,59.0,Bakersfield-California,34.65874920833333,18.757730604166667,10.503984749999999,1012.5291666666667,0.0,3.2083333333333335
2024-07-16,35.356615,-119.062613,11.2,0.069,55.0,Bakersfield-California,33.677499708333336,19.29316820833333,9.799571204166666,1011.4416666666666,0.0,0.5
2024-07-17,35.356615,-119.062613,8.5,0.065,47.0,Bakersfield-California,32.34208270833333,22.120797770833335,10.497744683333332,1012.25,0.0,1.0833333333333333
2024-07-18,35.356615,-119.062613,11.0,0.069,55.0,Bakersfield-California,32.639999208333336,17.803341979166667,8.410220541666666,1012.1916666666666,0.0,4.958333333333333
2024-07-19,35.356615,-119.062613,14.5,0.077,61.0,Bakersfield-California,34.49833316666667,15.028043541666667,6.325679419166666,1012.3166666666666,0.0,0.375
2024-07-20,35.356615,-119.062613,14.3,0.073,61.0,Bakersfield-California,35.14624945833334,16.170930820833334,7.091172141666667,1010.4958333333334,0.0,0.0
2024-07-21,35.356615,-119.062613,11.4,0.064,55.0,Bakersfield-California,34.68999958333333,18.879322445833335,9.915325525,1009.2916666666666,0.0,3.4166666666666665
2024-07-22,35.356615,-119.062613,15.2,0.066,62.0,Bakersfield-California,34.9608325,19.408944458333334,7.554559350000001,1007.9458333333333,0.0,4.625
2024-07-23,35.356615,-119.062613,11.5,0.072,55.0,Bakersfield-California,37.30666566666667,13.869802958333333,8.90445895,1007.9958333333334,0.0,3.8333333333333335
2024-07-24,35.356615,-119.062613,9.8,0.06,52.0,Bakersfield-California,37.233749249999995,20.436983291666667,8.7877620875,1011.6999999999999,0.0,20.583333333333332
2024-07-25,35.356615,-119.062613,9.8,0.056,52.0,Bakersfield-California,36.37333291666667,21.895970875,8.901452579166667,1013.8125,0.0,2.9166666666666665
2024-07-26,35.356615,-119.062613,11.2,0.05,55.0,Bakersfield-California,36.198332875,17.689963583333334,9.5449794625,1010.4833333333332,0.0,1.4166666666666667
2024-07-27,35.356615,-119.062613,7.2,0.049,40.0,Bakersfield-California,32.048333041666666,16.89409825,10.199717620833335,1008.65,0.0,0.041666666666666664
2024-07-28,35.356615,-119.062613,11.1,0.059,55.0,Bakersfield-California,29.20249941666667,22.199190125,9.417924570833334,1009.6625,0.0,0.0
2024-07-29,35.356615,-119.062613,10.5,0.065,54.0,Bakersfield-California,29.308749541666668,22.142954145833333,8.578524275,1011.5916666666667,0.0,0.0
2024-07-30,35.356615,-119.062613,13.6,0.061,59.0,Bakersfield-California,29.94416625,23.344589916666667,8.674035287499999,1011.9916666666667,0.0,0.0
2024-07-31,35.356615,-119.062613,20.5,0.059,72.0,Bakersfield-California,30.498333083333335,22.72123297916667,7.624337916666666,1010.9333333333334,0.0,0.0
2024-08-01,35.356615,-119.062613,18.9,0.069,69.0,Bakersfield-California,32.25458295833334,20.446848833333334,7.169551604166667,1011.6708333333332,0.0,15.5
2024-08-02,35.356615,-119.062613,19.8,0.056,71.0,Bakersfield-California,33.381665875,19.162502791666668,6.423974733333334,1014.2958333333332,0.0,53.416666666666664
2024-08-03,35.356615,-119.062613,15.8,0.07,63.0,Bakersfield-California,32.752499625,23.951661333333334,6.8445963375000005,1013.2708333333334,0.0,2.5
2024-08-04,35.356615,-119.062613,15.7,0.065,63.0,Bakersfield-California,34.47124958333333,22.898912770833334,7.912313145833333,1009.65,0.0,6.125
2024-08-05,35.356615,-119.062613,14.7,0.07,61.0,Bakersfield-California,35.04833275,20.116149479166666,8.488846050000001,1009.25,0.0,28.958333333333332
2024-08-06,35.356615,-119.062613,18.5,0.065,69.0,Bakersfield-California,34.94208270833334,18.856590583333332,8.078363145833334,1010.8083333333334,0.0,13.291666666666666
2024-08-07,35.356615,-119.062613,14.6,0.063,61.0,Bakersfield-California,35.8399995,14.634769654166668,8.731740841666666,1010.75,0.0,15.166666666666666
2024-08-08,35.356615,-119.062613,10.0,0.058,53.0,Bakersfield-California,34.850416208333336,15.146892391666666,9.632330008333334,1009.8708333333334,0.0,4.541666666666667
2024-08-09,35.356615,-119.062613,13.3,0.061,59.0,Bakersfield-California,33.77333325,13.904935262499999,8.608597595833333,1009.4833333333332,0.0,0.0
2024-08-10,35.356615,-119.062613,11.7,0.06,56.0,Bakersfield-California,33.41499958333333,15.104469395833334,8.448740579166666,1009.9666666666667,0.0,0.0
2024-08-11,35.356615,-119.062613,9.7,0.054,52.0,Bakersfield-California,33.260832916666665,13.167201120833333,7.916955795833334,1010.5583333333334,0.0,5.0
2024-08-12,35.356615,-119.062613,8.0,0.048,44.0,Bakersfield-California,33.029582958333336,17.015617925,8.272351275,1010.2166666666667,0.0,2.2916666666666665
2024-08-13,35.356615,-119.062613,9.4,0.046,52.0,Bakersfield-California,31.623333083333335,19.85586875,9.23436875,1010.7624999999999,0.0,0.0
2024-08-14,35.356615,-119.062613,10.3,0.047,53.0,Bakersfield-California,30.385833166666668,18.871316125,8.972988620833332,1012.8208333333333,0.0,0.0
2024-08-15,35.356615,-119.062613,9.0,0.04,50.0,Bakersfield-California,29.910832833333334,21.08723535416667,9.448977491666666,1013.6416666666668,0.0,0.0
2024-08-16,35.356615,-119.062613,9.1,0.051,51.0,Bakersfield-California,29.502499625,21.379830270833335,7.039011333333334,1011.2958333333332,0.0,0.0
2024-08-17,35.356615,-119.062613,10.4,0.049,53.0,Bakersfield-California,30.077499875,21.352754375,7.86106965,1009.5916666666667,0.0,0.0
2024-08-18,35.356615,-119.062613,5.7,0.045,32.0,Bakersfield-California,27.971249666666665,36.294014125,9.286922529166667,1012.3375,0.0,0.0
2024-08-19,35.356615,-119.062613,8.8,0.06,49.0,Bakersfield-California,28.46499975,29.969049416666667,7.782475841666667,1013.3708333333334,0.0,0.0
2024-08-20,35.356615,-119.062613,11.2,0.066,55.0,Bakersfield-California,29.13374991666667,23.0743618125,8.054803825,1014.1583333333333,0.0,0.0
2024-08-21,35.356615,-119.062613,10.4,0.045,53.0,Bakersfield-California,28.531666583333333,21.90824285416667,7.5969066875,1013.9166666666666,0.0,0.0
2024-08-22,35.356615,-119.062613,6.8,0.048,38.0,Bakersfield-California,28.65041675,23.364182166666666,7.915688770833333,1011.0500000000001,0.0,0.0
2024-08-23,35.356615,-119.062613,9.8,0.046,52.0,Bakersfield-California,24.819166749999997,37.703763375,9.5388066125,1012.6041666666666,0.0,0.125
2024-08-24,35.356615,-119.062613,9.0,0.046,50.0,Bakersfield-California,23.796250125,33.217600499999996,9.494221045833333,1014.8625000000001,0.0,8.916666666666666
2024-08-25,35.356615,-119.062613,8.3,0.049,46.0,Bakersfield-California,23.86500020833333,34.567198375,7.867197399999999,1017.15,0.0,0.041666666666666664
2024-08-26,35.356615,-119.062613,12.4,0.065,57.0,Bakersfield-California,25.987916666666667,28.268425291666663,6.367495208333334,1017.3375,0.0,0.0
2024-08-27,35.356615,-119.062613,14.1,0.073,60.0,Bakersfield-California,28.2837495,23.103644666666668,6.782138704166667,1014.1416666666668,0.0,0.0
2024-08-28,35.356615,-119.062613,11.5,0.075,55.0,Bakersfield-California,30.27958325,20.286842833333335,7.140745420833333,1011.0375,0.0,0.0
2024-08-29,35.356615,-119.062613,10.9,0.068,54.0,Bakersfield-California,30.269166166666665,21.6126605625,7.6815980625,1011.1916666666666,0.0,0.0
2024-08-30,35.356615,-119.062613,12.1,0.068,57.0,Bakersfield-California,29.773333249999997,23.25507175,7.710830745833333,1013.1291666666666,0.0,0.0
2024-08-31,35.356615,-119.062613,14.4,0.081,61.0,Bakersfield-California,30.910833,21.961209562500002,6.9972532625,1012.9166666666666,0.0,0.0
2024-09-01,35.356615,-119.062613,17.7,0.074,67.0,Bakersfield-California,32.17958275,19.626843125,6.630241537500001,1010.7583333333333,0.0,0.3333333333333333
2024-09-02,35.356615,-119.062613,13.2,0.063,59.0,Bakersfield-California,31.421249166666666,23.706316791666666,8.222683824999999,1010.3541666666666,0.0,0.20833333333333334
2024-09-03,35.356615,-119.062613,12.7,0.066,58.0,Bakersfield-California,30.339999708333334,23.07698004166667,7.393056349999999,1011.1458333333334,0.0,0.25
2024-09-04,35.356615,-119.062613,13.6,0.07,59.0,Bakersfield-California,32.227499458333334,21.70191570833333,7.506338266666667,1011.4833333333332,0.0,0.041666666666666664
2024-09-05,35.356615,-119.062613,15.7,0.068,63.0,Bakersfield-California,32.583749625,18.568688625,7.808690224999999,1013.3166666666666,0.0,0.041666666666666664
2024-09-06,35.356615,-119.062613,17.6,0.061,67.0,Bakersfield-California,32.6254165,18.850158125,7.344759,1012.5166666666668,0.0,6.208333333333333
2024-09-07,35.356615,-119.062613,12.0,0.059,56.0,Bakersfield-California,32.821249458333334,13.664102125,5.639438454166666,1010.3708333333334,0.0,7.833333333333333
2024-09-08,35.356615,-119.062613,9.2,0.059,51.0,Bakersfield-California,31.78791633333333,18.559971875,6.013196077916667,1009.0416666666666,0.0,2.6666666666666665
2024-09-09,35.356615,-119.062613,11.3,0.065,55.0,Bakersfield-California,32.70666641666667,18.258719583333335,6.517243845833334,1009.2958333333332,0.0,0.5
2024-09-10,35.356615,-119.062613,7.7,0.061,43.0,Bakersfield-California,32.231666374999996,19.132324145833334,10.1610078125,1008.0958333333333,0.0,0.3333333333333333
2024-09-11,35.356615,-119.062613,8.5,0.047,47.0,Bakersfield-California,26.992083166666664,19.598862570833333,10.384568216666667,1007.5625,0.0,0.0
2024-09-12,35.356615,-119.062613,5.2,0.039,29.0,Bakersfield-California,24.887916750000002,36.22350875,9.902177191666667,1007.2333333333332,0.0,0.0
2024-09-13,35.356615,-119.062613,8.5,0.062,47.0,Bakersfield-California,24.250416625,34.46071679166666,6.027912025,1007.375,0.0,0.0
2024-09-14,35.356615,-119.062613,9.3,0.07,51.0,Bakersfield-California,26.746249958333333,29.787117249999998,5.525645882083334,1008.2166666666667,0.0,0.0
2024-09-15,35.356615,-119.062613,8.0,0.047,44.0,Bakersfield-California,26.648333458333337,30.320226,8.006729745833333,1007.7875,0.0,0.0
2024-09-16,35.356615,-119.062613,4.0,0.038,22.0,Bakersfield-California,21.987916833333333,36.779541875,11.476981829166666,1008.9875000000001,0.0,23.916666666666668
2024-09-17,35.356615,-119.062613,4.0,0.038,22.0,Bakersfield-California,21.987916833333333,36.779541875,11.476981829166666,1008.9875000000001,0.0,23.916666666666668
2024-09-18,35.356615,-119.062613,7.9,0.055,44.0,Bakersfield-California,22.150416708333335,36.052315166666666,5.915018495833333,1010.8958333333334,0.0,9.083333333333334
2024-09-19,35.356615,-119.062613,4.3,0.049,24.0,Bakersfield-California,22.829583541666665,41.65552308333333,8.133018095833334,1009.3583333333332,0.0,13.916666666666666
2024-09-20,35.356615,-119.062613,5.9,0.059,33.0,Bakersfield-California,23.804583625000003,42.50425941666666,5.598327783333333,1010.1374999999999,0.004166666666666667,35.458333333333336
2024-09-21,35.356615,-119.062613,11.5,0.064,55.0,Bakersfield-California,25.881666416666665,35.714399791666665,5.867082904166666,1010.2458333333334,0.0,0.20833333333333334
2024-09-22,35.356615,-119.062613,12.1,0.072,57.0,Bakersfield-California,27.171249958333334,33.629217625,6.1057493625,1010.8083333333334,0.0,0.0
2024-09-23,35.356615,-119.062613,12.9,0.08,58.0,Bakersfield-California,28.250416166666668,30.418093291666665,6.775419275,1009.9583333333334,0.0,0.0
2024-09-24,35.356615,-119.062613,14.3,0.087,61.0,Bakersfield-California,29.32333325,27.452738583333332,7.100822091666667,1007.5333333333333,0.0,0.0
2024-09-25,35.356615,-119.062613,7.6,0.067,42.0,Bakersfield-California,29.867083249999997,24.34307565,9.6112477625,1006.4,0.0,0.375
2024-09-26,35.356615,-119.062613,9.1,0.059,51.0,Bakersfield-California,26.321249875000003,32.790383375,8.511538145833333,1009.1541666666667,0.0,0.0
2024-09-27,35.356615,-119.062613,14.3,0.076,61.0,Bakersfield-California,25.887916666666666,35.652578041666665,5.9879569083333335,1010.3874999999999,0.0,0.0
2024-09-28,35.356615,-119.062613,13.6,0.076,59.0,Bakersfield-California,26.575416833333332,31.457362020833333,5.880727258333334,1007.9458333333333,0.0,0.0
2024-09-29,35.356615,-119.062613,9.0,0.059,50.0,Bakersfield-California,26.750416708333333,30.73434175,8.328520883333333,1010.3708333333334,0.0,0.0
2024-09-30,35.356615,-119.062613,11.4,0.072,55.0,Bakersfield-California,25.989999791666666,30.379440208333335,6.8995829041666665,1011.2875,0.0,0.0
2024-10-01,35.356615,-119.062613,16.3,0.083,64.0,Bakersfield-California,27.065000083333334,30.165487854166667,6.311361770833333,1012.7875,0.0,0.0
2024-10-02,35.356615,-119.062613,17.5,0.089,67.0,Bakersfield-California,29.631666416666665,24.536883166666666,6.339661645833334,1011.125,0.0,0.0
2024-10-03,35.356615,-119.062613,15.7,0.074,63.0,Bakersfield-California,31.008749541666663,18.521357875,6.4451898312500004,1007.8791666666666,0.0,0.0
2024-10-04,35.356615,-119.062613,14.6,0.064,61.0,Bakersfield-California,31.519166708333334,16.5820235625,6.3941719625,1009.0958333333333,0.0,11.666666666666666
2024-10-05,35.356615,-119.062613,11.0,0.057,55.0,Bakersfield-California,30.635833166666668,16.634694958333334,6.309057437500001,1012.6833333333334,0.0,10.166666666666666
2024-10-06,35.356615,-119.062613,11.5,0.071,55.0,Bakersfield-California,30.939999625,17.760910833333334,5.207419408333333,1013.0916666666667,0.0,7.875
2024-10-07,35.356615,-119.062613,14.1,0.073,60.0,Bakersfield-California,30.598333083333333,18.62058370833333,6.8683386625,1010.8458333333333,0.0,34.958333333333336
2024-10-08,35.356615,-119.062613,11.7,0.055,56.0,Bakersfield-California,29.077499708333335,21.111372145833332,6.8073143470833335,1008.3375,0.0,1.5416666666666667
2024-10-09,35.356615,-119.062613,12.1,0.06,57.0,Bakersfield-California,28.2816665,23.070386499999998,6.613933804166667,1010.6458333333334,0.0,0.0
2024-10-10,35.356615,-119.062613,11.1,0.059,55.0,Bakersfield-California,26.91291658333333,26.535683458333335,6.8262633416666665,1013.4250000000001,0.0,20.375
2024-10-11,35.356615,-119.062613,11.6,0.054,56.0,Bakersfield-California,26.094166833333333,27.021061500000002,6.130437595833333,1014.625,0.0,81.58333333333333
2024-10-12,35.356615,-119.062613,9.1,0.05,51.0,Bakersfield-California,23.81916683333333,28.640230208333335,7.690797149999999,1016.6666666666666,0.0,6.125
2024-10-13,35.356615,-119.062613,6.1,0.032,34.0,Bakersfield-California,21.771250249999998,43.77375741666666,6.775909558333333,1016.9625,0.0,0.0
2024-10-14,35.356615,-119.062613,9.8,0.046,52.0,Bakersfield-California,22.252500125,52.32648329166667,5.28081466125,1016.5124999999999,0.0,0.0
2024-10-15,35.356615,-119.062613,14.4,0.055,61.0,Bakersfield-California,22.533750125,50.21461166666666,5.080240870833333,1016.0666666666666,0.0,0.0
2024-10-16,35.356615,-119.062613,10.8,0.052,54.0,Bakersfield-California,22.723333416666666,49.76584333333333,6.150265375,1013.8041666666667,0.0,25.666666666666668
2024-10-17,35.356615,-119.062613,3.8,0.042,21.0,Bakersfield-California,21.773333500000003,57.58966254166666,8.843450595833334,1010.9208333333332,0.0,11.958333333333334
2024-10-18,35.356615,-119.062613,7.3,0.036,41.0,Bakersfield-California,18.796249958333334,31.826435500000002,10.0783908625,1012.9958333333334,0.0,0.4166666666666667
2024-10-19,35.356615,-119.062613,7.0,0.046,39.0,Bakersfield-California,16.683749916666667,27.402999433333335,6.055653245833334,1018.1999999999999,0.0,15.583333333333334
2024-10-20,35.356615,-119.062613,7.0,0.05,39.0,Bakersfield-California,19.577500083333334,18.894378,5.349935554166667,1018.2125,0.0,0.0
2024-10-21,35.356615,-119.062613,9.6,0.052,52.0,Bakersfield-California,21.112916833333333,16.3437245,6.562277533333333,1017.7208333333333,0.0,17.458333333333332
2024-10-22,35.356615,-119.062613,10.7,0.06,54.0,Bakersfield-California,20.906666791666666,17.607778666666665,5.8471490374999995,1017.725,0.0,0.0
2024-10-23,35.356615,-119.062613,12.1,0.059,57.0,Bakersfield-California,20.104583458333334,27.133304895833334,5.53904365,1018.1833333333334,0.0,0.0
2024-10-24,35.356615,-119.062613,13.6,0.056,59.0,Bakersfield-California,19.754583416666666,31.090743041666666,5.519388070833333,1016.025,0.0,43.416666666666664
2024-10-25,35.356615,-119.062613,16.9,0.067,66.0,Bakersfield-California,19.287916499999998,32.622063375,4.694550166666667,1013.8000000000001,0.0,2.5
2024-10-26,35.356615,-119.062613,15.8,0.067,63.0,Bakersfield-California,20.010833333333334,31.328340833333332,5.10979140125,1017.5500000000001,0.0,73.20833333333333
2024-10-27,35.356615,-119.062613,15.5,0.043,63.0,Bakersfield-California,19.850417,31.39518925,5.1772708666666665,1018.1666666666666,0.0,98.20833333333333
2024-10-28,35.356615,-119.062613,5.6,0.04,31.0,Bakersfield-California,17.406666791666666,47.41686191666667,8.235811845833334,1015.4958333333334,0.008333333333333333,66.375
2024-10-29,35.356615,-119.062613,4.1,0.037,23.0,Bakersfield-California,14.671249625,57.13016183333334,9.044368445833333,1014.5333333333333,0.0375,42.791666666666664
2024-10-30,35.356615,-119.062613,6.4,0.042,36.0,Bakersfield-California,13.5733333,50.387133750000004,5.721468291666667,1018.7708333333334,0.0,25.958333333333332
2024-10-31,35.356615,-119.062613,7.5,0.044,42.0,Bakersfield-California,14.825416375000001,41.40283479166667,5.153315758333334,1018.3874999999999,0.0,2.5833333333333335
2024-11-01,35.356615,-119.062613,7.5,0.039,42.0,Bakersfield-California,13.446249924999998,58.649584041666664,6.2491496,1017.5291666666667,0.0,40.166666666666664
2024-11-02,35.356615,-119.062613,6.5,0.044,36.0,Bakersfield-California,15.217083083333334,52.790996041666666,6.401201545833334,1013.5833333333334,0.0,66.45833333333333
2024-11-03,35.356615,-119.062613,7.2,0.036,40.0,Bakersfield-California,14.119166374999999,58.260083375,9.727090800000001,1014.9708333333333,0.0,34.291666666666664
2024-11-04,35.356615,-119.062613,7.7,0.035,43.0,Bakersfield-California,13.285833125000002,58.399438,6.551000033333334,1019.0500000000001,0.0,0.041666666666666664
2024-11-05,35.356615,-119.062613,10.9,0.042,54.0,Bakersfield-California,13.3275,54.066675583333335,5.001295616666667,1018.8916666666668,0.0,32.958333333333336
2024-11-06,35.356615,-119.062613,11.9,0.036,56.0,Bakersfield-California,14.142083308333333,46.18348347916666,9.558764108333333,1013.9625,0.0,83.83333333333333
2024-11-07,35.356615,-119.062613,10.8,0.036,54.0,Bakersfield-California,13.281666725000001,27.455564166666665,6.534702595833333,1019.65,0.0,13.708333333333334
2024-11-08,35.356615,-119.062613,13.9,0.04,60.0,Bakersfield-California,12.975416675,29.278947687499997,5.2976946875,1021.4291666666667,0.0,0.0
2024-11-09,35.356615,-119.062613,16.4,0.044,65.0,Bakersfield-California,15.017083291666665,28.357699999999998,3.9821800125,1016.9125,0.0,1.1666666666666667
2024-11-10,35.356615,-119.062613,25.8,0.051,82.0,Bakersfield-California,14.446250008333331,36.59473966666666,3.1689338041666666,1015.7041666666668,0.0,43.0
2024-11-11,35.356615,-119.062613,15.1,0.037,62.0,Bakersfield-California,14.760833041666666,41.675664375000004,6.439863229166666,1016.1041666666666,0.0,12.791666666666666
2024-11-12,35.356615,-119.062613,15.1,0.037,62.0,Bakersfield-California,14.760833041666666,41.675664375000004,6.439863229166666,1016.1041666666666,0.0,12.791666666666666
2024-11-13,35.356615,-119.062613,14.7,0.036,61.0,Bakersfield-California,9.925416608333334,76.48449562500001,2.449926802083333,1021.6416666666668,0.0,14.583333333333334
2024-11-14,35.356615,-119.062613,17.6,0.04,67.0,Bakersfield-California,11.339999791666665,68.33713883333333,4.573424929166666,1018.2958333333332,0.0,0.0
2024-11-15,35.356615,-119.062613,5.1,0.031,28.0,Bakersfield-California,11.262916374999998,78.872073875,6.012699770833333,1013.4416666666666,0.44999999999999996,50.875
2024-11-16,35.356615,-119.062613,9.1,0.031,51.0,Bakersfield-California,8.09833325,82.92535991666666,3.3496466125000004,1016.6708333333332,0.020833333333333332,37.875
2024-11-17,35.356615,-119.062613,14.8,0.036,62.0,Bakersfield-California,7.952499891666666,75.43837508333333,2.536108663333333,1018.8166666666666,0.0,4.916666666666667
2024-11-18,35.356615,-119.062613,18.9,0.023,69.0,Bakersfield-California,9.575416466666667,69.93879704166666,5.9154832441666665,1018.5958333333333,0.0,42.666666666666664
2024-11-19,35.356615,-119.062613,15.9,0.03,64.0,Bakersfield-California,8.110833233333333,67.34983475,4.885963480416667,1020.7125,0.0,49.5
2024-11-20,35.356615,-119.062613,18.0,0.03,68.0,Bakersfield-California,9.740000033333333,65.75956608333333,3.0777956929166663,1020.2541666666666,0.0,57.291666666666664
2024-11-21,35.356615,-119.062613,16.3,0.033,64.0,Bakersfield-California,11.021249808333332,60.37166875,2.6036132000000003,1020.5291666666667,0.0,22.791666666666668
2024-11-22,35.356615,-119.062613,13.0,0.037,58.0,Bakersfield-California,13.014999966666666,56.24277025,2.8903024020833334,1017.5833333333334,0.0,7.125
2024-11-23,35.356615,-119.062613,7.7,0.017,43.0,Bakersfield-California,11.72541625,75.476630625,3.93721202625,1014.1083333333332,0.30416666666666664,83.54166666666667
2024-11-24,35.356615,-119.062613,6.6,0.033,37.0,Bakersfield-California,10.794166425,90.51097841666666,3.9360594041666666,1016.5166666666668,0.012499999999999999,55.5
2024-11-25,35.356615,-119.062613,6.5,0.014,36.0,Bakersfield-California,12.487916458333332,75.957628375,4.141903273333333,1019.0541666666667,0.3958333333333333,81.375
2024-11-26,35.356615,-119.062613,4.5,0.029,25.0,Bakersfield-California,13.489999458333335,93.174111,6.906093754166666,1018.6583333333333,1.1791666666666667,99.20833333333333
2024-11-27,35.356615,-119.062613,8.2,0.021,46.0,Bakersfield-California,12.098332958333332,91.34268083333335,5.3629171875,1020.3958333333334,0.06666666666666667,87.91666666666667
2024-11-28,35.356615,-119.062613,14.1,0.02,60.0,Bakersfield-California,9.469166433333333,89.79273295833333,5.485269879166666,1020.4791666666666,0.0,80.70833333333333
2024-11-29,35.356615,-119.062613,20.9,0.019,73.0,Bakersfield-California,9.333749716666667,89.52296854166667,4.328788270833333,1020.5708333333333,0.0,98.70833333333333
2024-11-30,35.356615,-119.062613,31.1,0.012,92.0,Bakersfield-California,9.131666574999999,87.31064379166666,4.190043219583333,1020.8000000000001,0.004166666666666667,85.83333333333333
2024-12-01,35.356615,-119.062613,40.0,0.026,112.0,Bakersfield-California,11.048332924999999,82.75929558333333,3.636803458333333,1020.7708333333334,0.029166666666666664,69.95833333333333
2024-12-02,35.356615,-119.062613,41.8,0.021,117.0,Bakersfield-California,10.087916441666666,81.44862408333334,2.016299081666667,1021.4708333333333,0.0,45.458333333333336
2024-12-03,35.356615,-119.062613,42.3,0.031,118.0,Bakersfield-California,10.075416508333333,81.64106925,2.333410685,1020.725,0.0,74.75
2024-12-04,35.356615,-119.062613,42.8,0.032,119.0,Bakersfield-California,11.079583133333335,79.566001375,2.07279138375,1022.1708333333332,0.0,7.0
2024-12-05,35.356615,-119.062613,50.3,0.038,137.0,Bakersfield-California,10.298333125,87.025924625,2.44843625125,1023.0291666666667,0.0,33.5
2024-12-06,35.356615,-119.062613,51.4,0.033,140.0,Bakersfield-California,10.294166441666667,90.3133945,3.08983939,1022.6791666666667,0.0,39.083333333333336
2024-12-07,35.356615,-119.062613,56.3,0.036,152.0,Bakersfield-California,9.785833183333333,91.26857279166666,3.3034899208333335,1021.8583333333332,0.0,46.583333333333336
2024-12-08,35.356615,-119.062613,50.9,0.026,139.0,Bakersfield-California,9.673333183333332,90.34067,3.4833363395833334,1020.5583333333334,0.0,75.41666666666667
2024-12-09,35.356615,-119.062613,37.1,0.02,105.0,Bakersfield-California,8.71291645,90.1409695,2.9699947375,1021.4,0.0,56.833333333333336
2024-12-10,35.356615,-119.062613,22.2,0.024,75.0,Bakersfield-California,8.319166508333334,86.15558766666668,5.570323883333334,1026.6083333333333,0.0,29.125
2024-12-11,35.356615,-119.062613,30.2,0.018,90.0,Bakersfield-California,7.0837500125,86.28135258333333,4.377457092916667,1025.4666666666667,0.0,94.95833333333333
2024-12-12,35.356615,-119.062613,22.9,0.02,77.0,Bakersfield-California,7.331666533333333,75.20870516666666,4.12967196375,1015.3708333333334,0.22916666666666666,65.875
2024-12-13,35.356615,-119.062613,13.6,0.031,59.0,Bakersfield-California,7.712916458333333,89.5589825,2.331923405,1020.5583333333334,0.0,70.20833333333333
2024-12-14,35.356615,-119.062613,6.3,0.037,35.0,Bakersfield-California,11.927499791666667,67.098020375,7.151882495833334,1020.4125,0.004166666666666667,77.5
2024-12-15,35.356615,-119.062613,12.3,0.031,57.0,Bakersfield-California,8.86708305,81.01858125,5.346683741666666,1024.7208333333333,0.0,17.625
2024-12-16,35.356615,-119.062613,13.1,0.023,58.0,Bakersfield-California,8.321249891666666,85.90059600000001,3.0718399675000003,1023.0083333333333,0.0,71.70833333333333
2024-12-17,35.356615,-119.062613,14.0,0.023,60.0,Bakersfield-California,10.108749591666667,81.44484120833333,5.073496720833334,1023.8583333333332,0.0,66.45833333333333
2024-12-18,35.356615,-119.062613,11.5,0.015,55.0,Bakersfield-California,9.050416483333333,92.77321666666667,5.133793808333333,1026.7625,0.0,75.45833333333333
2024-12-19,35.356615,-119.062613,24.9,0.014,80.0,Bakersfield-California,9.273333175,89.21548520833333,4.631533320833333,1023.1625,0.0,73.625
2024-12-20,35.356615,-119.062613,29.0,0.012,88.0,Bakersfield-California,9.402499891666666,86.23062654166667,3.3750549875,1020.8125,0.0,60.375
2024-12-21,35.356615,-119.062613,29.0,0.012,88.0,Bakersfield-California,9.402499891666666,86.23062654166667,3.3750549875,1020.8125,0.0,60.375
2024-12-22,35.356615,-119.062613,29.0,0.012,88.0,Bakersfield-California,9.402499891666666,86.23062654166667,3.3750549875,1020.8125,0.0,60.375
2024-12-23,35.356615,-119.062613,29.0,0.012,88.0,Bakersfield-California,9.402499891666666,86.23062654166667,3.3750549875,1020.8125,0.0,60.375
2024-12-24,35.356615,-119.062613,29.0,0.012,88.0,Bakersfield-California,9.402499891666666,86.23062654166667,3.3750549875,1020.8125,0.0,60.375
2024-12-25,35.356615,-119.062613,29.0,0.012,88.0,Bakersfield-California,9.402499891666666,86.23062654166667,3.3750549875,1020.8125,0.0,60.375
2024-12-26,35.356615,-119.062613,29.0,0.012,88.0,Bakersfield-California,9.402499891666666,86.23062654166667,3.3750549875,1020.8125,0.0,60.375
2024-12-27,35.356615,-119.062613,29.0,0.012,88.0,Bakersfield-California,9.402499891666666,86.23062654166667,3.3750549875,1020.8125,0.0,60.375
2024-12-28,35.356615,-119.062613,29.0,0.012,88.0,Bakersfield-California,9.402499891666666,86.23062654166667,3.3750549875,1020.8125,0.0,60.375
2024-12-29,35.356615,-119.062613,29.0,0.012,88.0,Bakersfield-California,9.402499891666666,86.23062654166667,3.3750549875,1020.8125,0.0,60.375
2024-12-30,35.356615,-119.062613,29.0,0.012,88.0,Bakersfield-California,9.402499891666666,86.23062654166667,3.3750549875,1020.8125,0.0,60.375
2024-12-31,35.356615,-119.062613,29.0,0.012,88.0,Bakersfield-California,9.402499891666666,86.23062654166667,3.3750549875,1020.8125,0.0,60.375
2025-01-01,35.356615,-119.062613,25.3,0.025,81.0,Bakersfield-California,8.114999841666666,87.63472104166668,3.551940726666667,1022.475,0.0,53.791666666666664
2025-01-02,35.356615,-119.062613,30.9,0.024,92.0,Bakersfield-California,8.200416558333332,87.307919375,3.4488230291666664,1022.5500000000001,0.0,64.125
2025-01-03,35.356615,-119.062613,29.4,0.027,89.0,Bakersfield-California,9.952499866666667,81.93713220833332,2.7567480637500004,1017.6750000000001,0.0,76.29166666666667
2025-01-04,35.356615,-119.062613,7.3,0.036,41.0,Bakersfield-California,10.929582958333334,81.87018858333333,7.744544858333334,1021.8166666666666,0.0,84.25
2025-01-05,35.356615,-119.062613,13.1,0.028,58.0,Bakersfield-California,8.062916508333332,82.52231016666667,3.31503406125,1025.9416666666666,0.0,66.125
2025-01-06,35.356615,-119.062613,17.8,0.028,67.0,Bakersfield-California,8.483749874999999,85.09953620833333,2.9384528970833332,1024.1458333333333,0.0,28.333333333333332
2025-01-07,35.356615,-119.062613,16.4,0.022,65.0,Bakersfield-California,10.000416383333333,83.68636416666666,4.727955654166666,1020.3083333333334,0.6,58.083333333333336
2025-01-08,35.356615,-119.062613,19.9,0.024,71.0,Bakersfield-California,9.727499775,78.26873454166666,5.631295716666666,1022.7333333333332,0.0,54.458333333333336
2025-01-09,35.356615,-119.062613,22.1,0.023,75.0,Bakersfield-California,8.289999870833332,73.30981966666667,3.2553532395833336,1022.8166666666666,0.0,6.875
2025-01-10,35.356615,-119.062613,16.8,0.029,65.0,Bakersfield-California,8.969166566666667,68.38165633333334,3.3572875625,1025.8125,0.0,0.0
2025-01-11,35.356615,-119.062613,25.5,0.03,82.0,Bakersfield-California,9.662916375,61.60209658333333,4.646217637083333,1022.875,0.0,0.0
2025-01-12,35.356615,-119.062613,14.8,0.033,62.0,Bakersfield-California,8.048333266666667,71.84049966666667,3.507545588333333,1021.0416666666666,0.0,0.0
2025-01-13,35.356615,-119.062613,8.2,0.037,46.0,Bakersfield-California,8.669166533333334,52.82942408333333,6.186166854166667,1022.2666666666668,0.0,0.0
2025-01-14,35.356615,-119.062613,14.6,0.028,61.0,Bakersfield-California,7.239999866666667,64.55782320833333,4.96535354125,1027.8541666666667,0.0,0.20833333333333334
2025-01-15,35.356615,-119.062613,15.2,0.03,62.0,Bakersfield-California,8.252499808333333,61.692202208333335,3.062870418333333,1025.4875,0.0,0.0
2025-01-16,35.356615,-119.062613,15.3,0.031,63.0,Bakersfield-California,8.717083254166667,56.28621720833333,3.3918179620833335,1022.8958333333334,0.0,0.0
2025-01-17,35.356615,-119.062613,17.7,0.038,67.0,Bakersfield-California,9.810833108333334,52.99163875,2.2894404991666666,1021.6666666666666,0.0,0.0
2025-01-18,35.356615,-119.062613,25.3,0.038,81.0,Bakersfield-California,8.725416625,61.04003925,3.8693569783333337,1023.75,0.0,3.5833333333333335
2025-01-19,35.356615,-119.062613,33.8,0.044,97.0,Bakersfield-California,8.477499875,66.31101116666666,2.759390702916667,1024.25,0.0,0.0
2025-01-20,35.356615,-119.062613,37.2,0.037,105.0,Bakersfield-California,8.085833208333334,73.21274058333334,4.862912766666667,1022.3125,0.0,0.0
2025-01-21,35.356615,-119.062613,30.0,0.035,90.0,Bakersfield-California,8.133749733333334,53.32060116666667,5.727398229166667,1031.2333333333333,0.0,0.08333333333333333
2025-01-22,35.356615,-119.062613,25.7,0.033,82.0,Bakersfield-California,7.5316666041666664,60.35787670833333,4.432505345,1029.6083333333333,0.0,11.208333333333334
2025-01-23,35.356615,-119.062613,28.2,0.033,87.0,Bakersfield-California,8.633749908333334,65.58110133333334,3.2796895175,1027.4416666666666,0.0,0.0
2025-01-24,35.356615,-119.062613,24.3,0.035,79.0,Bakersfield-California,11.029583225000001,36.93059258333333,4.825492825,1021.4416666666666,0.0,17.041666666666668
2025-01-25,35.356615,-119.062613,13.2,0.037,59.0,Bakersfield-California,10.575416341666667,52.549918749999996,5.432430607083333,1009.3625000000001,0.19166666666666665,88.25
2025-01-26,35.356615,-119.062613,8.9,0.025,49.0,Bakersfield-California,7.539999833333333,80.728294375,6.271360633333334,1013.4916666666667,0.6083333333333333,56.25
2025-01-27,35.356615,-119.062613,5.6,0.032,31.0,Bakersfield-California,4.6004165125,87.21903983333334,4.199744441666667,1020.5708333333333,0.8166666666666668,72.875
2025-01-28,35.356615,-119.062613,10.0,0.035,53.0,Bakersfield-California,6.2358330833333335,76.186066,3.7447205729166666,1020.6416666666668,0.0,3.0416666666666665
2025-01-29,35.356615,-119.062613,11.8,0.038,56.0,Bakersfield-California,8.154583183333333,65.1380355,1.9972415883333332,1019.3708333333334,0.0,0.7916666666666666
2025-01-30,35.356615,-119.062613,11.8,0.038,56.0,Bakersfield-California,8.154583183333333,65.1380355,1.9972415883333332,1019.3708333333334,0.0,0.7916666666666666
2025-01-31,35.356615,-119.062613,19.9,0.04,71.0,Bakersfield-California,8.46083325,68.79310716666667,3.1254684945833335,1024.6000000000001,0.0,61.5
2025-02-01,35.356615,-119.062613,17.0,0.036,66.0,Bakersfield-California,12.075416291666668,60.506881125,2.262701275,1022.8375,0.0,82.375
2025-02-02,35.356615,-119.062613,15.1,0.033,62.0,Bakersfield-California,15.608749875,64.61759191666667,2.3713209575,1018.8833333333333,0.0,12.166666666666666
2025-02-03,35.356615,-119.062613,9.8,0.032,52.0,Bakersfield-California,14.248333275,69.19232466666666,4.679849842916667,1013.8375,0.0,63.291666666666664
2025-02-04,35.356615,-119.062613,2.9,0.033,16.0,Bakersfield-California,13.681666416666667,66.92895408333334,7.7531007875,1011.7791666666667,0.0,45.5
2025-02-05,35.356615,-119.062613,4.6,0.033,26.0,Bakersfield-California,13.87333325,63.150491625,9.994518766666667,1014.7958333333332,0.30416666666666664,70.54166666666667
2025-02-06,35.356615,-119.062613,6.3,0.024,35.0,Bakersfield-California,10.264999975,81.24603841666666,3.135245102083333,1015.0375,0.1125,36.375
2025-02-07,35.356615,-119.062613,2.2,0.038,12.0,Bakersfield-California,14.542083041666666,75.01593979166667,8.134079820833334,1016.3041666666667,0.11666666666666665,73.5
2025-02-08,35.356615,-119.062613,5.8,0.034,32.0,Bakersfield-California,9.781666466666666,76.46086333333334,6.805317245833334,1023.8083333333334,0.0,58.25
2025-02-09,35.356615,-119.062613,11.7,0.032,56.0,Bakersfield-California,7.706666583333333,78.69775683333333,5.287182633333333,1023.4375,0.0,75.75
2025-02-10,35.356615,-119.062613,7.2,0.029,40.0,Bakersfield-California,6.625416620833334,80.280110625,2.7783820958333334,1020.4625,0.0,26.958333333333332
2025-02-11,35.356615,-119.062613,9.2,0.037,51.0,Bakersfield-California,7.548333166666667,65.62482287499999,5.04141024375,1017.5416666666666,0.0,18.291666666666668
2025-02-12,35.356615,-119.062613,6.1,0.037,34.0,Bakersfield-California,9.171249683333334,67.58455875,5.805100341666667,1013.5541666666667,0.2041666666666667,99.95833333333333
2025-02-13,35.356615,-119.062613,4.4,0.034,24.0,Bakersfield-California,13.002499791666667,82.31061283333334,8.202387441666668,1009.4583333333334,0.7125,97.25
2025-02-14,35.356615,-119.062613,3.6,0.035,20.0,Bakersfield-California,11.460833083333334,83.82044958333334,6.5373052750000005,1015.85,0.41250000000000003,47.458333333333336
2025-02-15,35.356615,-119.062613,7.9,0.04,44.0,Bakersfield-California,9.304583133333333,80.67987366666667,4.594701954166667,1025.7749999999999,0.0,61.916666666666664
2025-02-16,35.356615,-119.062613,12.0,0.042,56.0,Bakersfield-California,9.881666416666667,83.00815054166667,3.1631154783333333,1023.6416666666668,0.0,99.29166666666667
2025-02-17,35.356615,-119.062613,9.5,0.037,52.0,Bakersfield-California,11.439999891666666,79.058825125,6.466390704166667,1018.2416666666667,0.0,37.833333333333336
2025-02-18,35.356615,-119.062613,6.2,0.041,34.0,Bakersfield-California,10.517083066666666,79.22571516666666,5.9529932375,1020.2041666666668,0.0,86.83333333333333
2025-02-19,35.356615,-119.062613,10.5,0.042,54.0,Bakersfield-California,11.971249708333332,75.27443541666666,2.911382499583333,1021.7458333333334,0.0,60.458333333333336
2025-02-20,35.356615,-119.062613,9.0,0.036,50.0,Bakersfield-California,12.975416333333333,78.18851958333333,6.599391229166667,1020.7375000000001,0.03333333333333333,79.5
2025-02-21,35.356615,-119.062613,11.0,0.034,55.0,Bakersfield-California,11.504583191666667,81.03021708333334,4.3553452041666665,1020.4875000000001,0.0,32.291666666666664
2025-02-22,35.356615,-119.062613,14.6,0.047,61.0,Bakersfield-California,12.944166516666668,73.82328991666667,4.446268364583333,1022.9333333333334,0.0,43.166666666666664
2025-02-23,35.356615,-119.062613,11.8,0.052,56.0,Bakersfield-California,14.671250008333333,67.47244245833333,2.677700199166667,1024.8791666666666,0.0,23.333333333333332
2025-02-24,35.356615,-119.062613,11.5,0.053,55.0,Bakersfield-California,16.310833249999998,63.14254170833333,3.40322829125,1022.0,0.0,10.125
2025-02-25,35.356615,-119.062613,8.2,0.038,46.0,Bakersfield-California,15.275416541666667,69.52962770833334,7.839562524999999,1021.4583333333334,0.0,27.541666666666668
2025-02-26,35.356615,-119.062613,12.9,0.046,58.0,Bakersfield-California,13.533749883333334,72.895304,5.61703925,1018.8708333333334,0.0,2.5416666666666665
2025-02-27,35.356615,-119.062613,9.1,0.044,51.0,Bakersfield-California,15.502499841666667,64.577451875,5.540413832083334,1018.1291666666666,0.0,42.5
2025-02-28,35.356615,-119.062613,7.6,0.041,42.0,Bakersfield-California,17.396249875,29.411553875,8.078869429166668,1014.0041666666666,0.0,81.33333333333333
2025-03-01,35.356615,-119.062613,8.3,0.051,46.0,Bakersfield-California,17.473333291666666,48.400978458333334,5.56087867875,1012.5875,0.0,58.583333333333336
2025-03-02,35.356615,-119.062613,2.4,0.044,13.0,Bakersfield-California,16.158749875,47.20135454166667,12.908690112499999,1016.3291666666668,0.0375,44.541666666666664
2025-03-03,35.356615,-119.062613,3.7,0.036,21.0,Bakersfield-California,8.614999891666667,81.60521170833333,7.5509089,1020.3625000000001,0.8375,77.41666666666667
2025-03-04,35.356615,-119.062613,5.6,0.042,31.0,Bakersfield-California,10.398333124999999,68.422498,4.047666649583333,1023.3541666666666,0.0,44.208333333333336
2025-03-05,35.356615,-119.062613,8.4,0.029,47.0,Bakersfield-California,10.769166291666666,80.41483241666667,4.127857180833334,1017.3375,0.29583333333333334,86.91666666666667
2025-03-06,35.356615,-119.062613,2.1,0.042,12.0,Bakersfield-California,8.471249808333333,84.70333245833334,5.8608239125,1011.9625,0.2333333333333333,72.625
2025-03-07,35.356615,-119.062613,5.1,0.042,28.0,Bakersfield-California,8.97541655,71.60819333333333,4.3662344125,1016.6541666666667,0.0625,48.041666666666664
2025-03-08,35.356615,-119.062613,5.9,0.048,33.0,Bakersfield-California,9.635833175,66.46766095833333,4.464783783333334,1024.3374999999999,0.0,1.0833333333333333
2025-03-09,35.356615,-119.062613,5.8,0.046,32.0,Bakersfield-California,12.66708305,62.300287958333335,3.371543225,1022.8791666666666,0.0,0.0
2025-03-10,35.356615,-119.062613,5.3,0.047,29.0,Bakersfield-California,13.352499791666666,62.737332,5.7876478533333335,1014.5583333333334,0.0,29.541666666666668
2025-03-11,35.356615,-119.062613,5.3,0.047,29.0,Bakersfield-California,15.050416458333332,47.58744854166667,6.933490166666666,1008.8916666666668,0.004166666666666667,88.29166666666667
2025-03-12,35.356615,-119.062613,3.2,0.044,18.0,Bakersfield-California,14.871249916666665,59.75863433333333,5.744418461666666,1010.6,0.008333333333333333,21.833333333333332
2025-03-13,35.356615,-119.062613,3.1,0.042,17.0,Bakersfield-California,12.127499716666668,69.41085895833334,11.0859983,1010.2875,1.1541666666666666,82.70833333333333
2025-03-14,35.356615,-119.062613,4.4,0.038,24.0,Bakersfield-California,8.0420833,78.83932195833334,7.527589145833333,1014.3708333333334,0.25416666666666665,79.04166666666667
2025-03-15,35.356615,-119.062613,5.4,0.043,30.0,Bakersfield-California,10.156666416666667,80.49282591666666,7.92172055,1018.1583333333333,0.17083333333333336,64.29166666666667
2025-03-16,35.356615,-119.062613,7.2,0.043,40.0,Bakersfield-California,11.462916458333332,69.17447299999999,3.3719889195833335,1020.9499999999999,0.0,46.291666666666664
2025-03-17,35.356615,-119.062613,5.1,0.042,28.0,Bakersfield-California,13.044166375000001,73.31989166666666,4.80245201375,1017.7916666666666,0.0625,91.41666666666667
2025-03-18,35.356615,-119.062613,3.3,0.043,18.0,Bakersfield-California,10.569166516666668,68.19575512499999,9.868397720833334,1024.5083333333334,0.020833333333333332,58.041666666666664
2025-03-19,35.356615,-119.062613,5.0,0.042,28.0,Bakersfield-California,11.331666475,67.32713091666666,4.307352141666667,1027.9916666666666,0.0,10.166666666666666
2025-03-20,35.356615,-119.062613,4.5,0.043,25.0,Bakersfield-California,13.794166591666666,64.84987908333333,7.219910145833333,1023.8541666666666,0.0,55.083333333333336
2025-03-21,35.356615,-119.062613,5.5,0.048,31.0,Bakersfield-California,12.839999716666666,70.94263629166666,5.293074714166667,1021.5458333333332,0.0,49.958333333333336
2025-03-22,35.356615,-119.062613,6.7,0.044,37.0,Bakersfield-California,13.673333166666666,68.00587904166666,6.8997278625,1019.4458333333333,0.0,63.0
2025-03-23,35.356615,-119.062613,8.7,0.048,48.0,Bakersfield-California,14.356666500000001,74.83024945833334,6.5718957,1019.0333333333333,0.0,31.458333333333332
2025-03-24,35.356615,-119.062613,11.7,0.049,56.0,Bakersfield-California,17.637916583333332,70.437585625,4.457418433333333,1019.1416666666668,0.0,1.5833333333333333
2025-03-25,35.356615,-119.062613,11.7,0.056,56.0,Bakersfield-California,20.733750041666667,68.074443,4.419073179166666,1015.0500000000001,0.0,14.208333333333334
2025-03-26,35.356615,-119.062613,7.1,0.043,39.0,Bakersfield-California,22.0483335,59.48473795833333,6.536304791666667,1011.7833333333333,0.0,14.041666666666666
2025-03-27,35.356615,-119.062613,3.3,0.04,18.0,Bakersfield-California,18.785833291666666,56.60380033333333,7.147049512500001,1015.8416666666667,0.0,59.416666666666664
2025-03-28,35.356615,-119.062613,4.8,0.047,27.0,Bakersfield-California,17.010833083333335,50.151688625,11.285186020833335,1016.0208333333334,0.0,92.375
2025-03-29,35.356615,-119.062613,4.8,0.047,27.0,Bakersfield-California,14.731666458333335,48.48473904166667,9.264799612500001,1016.1958333333333,0.0,56.0
2025-03-30,35.356615,-119.062613,2.9,0.042,16.0,Bakersfield-California,15.573333208333333,52.968446,5.961276968333333,1015.2375000000001,0.125,89.95833333333333
2025-03-31,35.356615,-119.062613,3.2,0.047,18.0,Bakersfield-California,17.61083341666667,60.652473791666665,7.436191254166666,1015.6791666666667,0.0,90.20833333333333
2025-04-01,35.356615,-119.062613,2.6,0.044,14.0,Bakersfield-California,13.771249666666668,55.04337604166667,13.062773566666666,1016.7875,0.05833333333333334,64.41666666666667
2025-04-02,35.356615,-119.062613,3.3,0.042,18.0,Bakersfield-California,9.737916458333332,75.705893125,6.0790650416666665,1013.3458333333333,0.23750000000000002,51.666666666666664
2025-04-03,35.356615,-119.062613,5.0,0.043,28.0,Bakersfield-California,14.615,46.811012,4.2136917,1010.9,0.0,4.0
2025-04-04,35.356615,-119.062613,5.0,0.043,28.0,Bakersfield-California,14.615,46.811012,4.2136917,1010.9,0.0,4.0
