date,latitude,longitude,pm2.5,aqi,city,temperature_2m,relative_humidity_2m,wind_speed_10m,pressure_msl,precipitation,cloud_cover
2014-01-01,39.76168,-121.84047,58.6,153.0,Chico-East Avenue,9.307117588235295,45.54012976470588,5.282770317647058,1021.4588235294117,0.0,27.647058823529413
2014-01-02,39.76168,-121.84047,24.7,80.0,Chico-East Avenue,10.000499916666667,54.57878645833333,5.637430029166667,1021.0416666666666,0.0,20.166666666666668
2014-01-03,39.76168,-121.84047,33.5,96.0,Chico-East Avenue,10.473416583333334,53.83608454166667,4.47755481125,1017.4916666666667,0.0,25.0
2014-01-04,39.76168,-121.84047,28.2,87.0,Chico-East Avenue,9.546333291666667,60.943287999999995,7.011020720833333,1015.7333333333332,0.0,0.041666666666666664
2014-01-05,39.76168,-121.84047,24.8,80.0,Chico-East Avenue,11.081749875,22.948702458333333,10.2381883125,1020.0458333333332,0.0,2.25
2014-01-06,39.76168,-121.84047,35.1,99.0,Chico-East Avenue,9.912999749999999,26.876508333333334,6.713955608333333,1023.4416666666666,0.0,73.66666666666667
2014-01-07,39.76168,-121.84047,24.5,80.0,Chico-East Avenue,8.70049975,58.370104749999996,3.8409849625,1021.6833333333334,0.0,50.333333333333336
2014-01-08,39.76168,-121.84047,32.1,94.0,Chico-East Avenue,8.221333083333333,63.56953479166666,4.338997569583333,1020.9541666666668,0.0,57.75
2014-01-09,39.76168,-121.84047,22.9,77.0,Chico-East Avenue,9.16924975,69.22688775,5.581143208333334,1021.7291666666666,0.0,72.45833333333333
2014-01-10,39.76168,-121.84047,23.1,77.0,Chico-East Avenue,9.10675,70.538605375,4.045385708333334,1023.5791666666668,0.0,85.20833333333333
2014-01-11,39.76168,-121.84047,18.3,68.0,Chico-East Avenue,9.340083083333333,74.58704958333333,11.078161658333334,1021.0708333333333,0.08333333333333333,96.875
2014-01-12,39.76168,-121.84047,3.5,19.0,Chico-East Avenue,8.396333125,82.90725758333333,9.457404412499999,1024.9416666666666,0.0,37.25
2014-01-13,39.76168,-121.84047,11.3,55.0,Chico-East Avenue,11.350499791666666,46.734592041666666,10.877493033333332,1029.0208333333333,0.0,0.8333333333333334
2014-01-14,39.76168,-121.84047,17.2,66.0,Chico-East Avenue,13.090083208333333,32.375389125,10.051667983333333,1029.7791666666667,0.0,3.7916666666666665
2014-01-15,39.76168,-121.84047,15.5,63.0,Chico-East Avenue,14.26925,29.907278895833333,8.190293725,1027.0958333333333,0.0,0.0
2014-01-16,39.76168,-121.84047,14.8,62.0,Chico-East Avenue,13.831749791666667,26.819873541666666,8.823797620833334,1023.2666666666668,0.0,0.16666666666666666
2014-01-17,39.76168,-121.84047,22.1,75.0,Chico-East Avenue,13.475499958333332,28.218793708333333,7.521028745833333,1021.3916666666668,0.0,0.0
2014-01-18,39.76168,-121.84047,16.5,65.0,Chico-East Avenue,12.08383325,38.861351500000005,5.540113345833333,1020.3666666666667,0.0,1.5416666666666667
2014-01-19,39.76168,-121.84047,17.5,67.0,Chico-East Avenue,11.167166666666667,45.578276375,5.0302449625,1019.4083333333333,0.0,26.458333333333332
2014-01-20,39.76168,-121.84047,16.0,64.0,Chico-East Avenue,10.848416624999999,42.428288875,5.619683870833334,1020.3708333333334,0.0,2.2083333333333335
2014-01-21,39.76168,-121.84047,14.2,61.0,Chico-East Avenue,10.867166625000001,45.25344783333333,6.5954802125,1023.3916666666668,0.0,29.916666666666668
2014-01-22,39.76168,-121.84047,17.6,67.0,Chico-East Avenue,11.590083333333332,36.81993116666667,6.8623101958333335,1019.5500000000001,0.0,9.75
2014-01-23,39.76168,-121.84047,4.6,26.0,Chico-East Avenue,13.4984165,29.370300041666667,9.124931629166667,1013.4875000000001,0.0,6.041666666666667
2014-01-24,39.76168,-121.84047,15.8,63.0,Chico-East Avenue,14.704666541666667,30.149226875,9.2650717375,1018.2333333333332,0.0,2.375
2014-01-25,39.76168,-121.84047,13.4,59.0,Chico-East Avenue,13.423416583333333,37.534660208333335,8.124194354166667,1023.1875,0.0,4.125
2014-01-26,39.76168,-121.84047,13.0,58.0,Chico-East Avenue,12.560916624999999,37.34389945833333,6.006405729166667,1019.3625000000001,0.0,29.791666666666668
2014-01-27,39.76168,-121.84047,19.7,71.0,Chico-East Avenue,10.821333375,45.820661124999994,4.420606808333333,1018.4791666666666,0.0,67.45833333333333
2014-01-28,39.76168,-121.84047,23.7,78.0,Chico-East Avenue,12.437999750000001,49.828443625,3.9218680750000003,1021.5416666666666,0.0,99.04166666666667
2014-01-29,39.76168,-121.84047,15.9,64.0,Chico-East Avenue,13.485916375,67.01808741666666,9.235786670833333,1019.8833333333333,0.22083333333333333,96.875
2014-01-30,39.76168,-121.84047,15.6,63.0,Chico-East Avenue,11.635916333333332,80.21870729166666,4.9340108916666665,1012.9375,0.28750000000000003,87.375
2014-01-31,39.76168,-121.84047,6.0,33.0,Chico-East Avenue,9.740083041666667,56.976342875,7.483380283333333,1013.4708333333333,0.05000000000000001,40.416666666666664
2014-02-01,39.76168,-121.84047,6.3,35.0,Chico-East Avenue,7.529666375000001,42.224278958333336,7.806805066666667,1018.3583333333332,0.0,0.08333333333333333
2014-02-02,39.76168,-121.84047,9.2,51.0,Chico-East Avenue,8.140083041666667,38.204068541666665,10.144576020833334,1015.8208333333333,0.0,54.625
2014-02-03,39.76168,-121.84047,11.6,56.0,Chico-East Avenue,6.148416583541667,63.57913729166666,3.818679825,1016.0958333333333,0.0,30.375
2014-02-04,39.76168,-121.84047,16.6,65.0,Chico-East Avenue,5.550499793541667,64.95935733333333,4.2766880125,1018.1916666666666,0.0,60.375
2014-02-05,39.76168,-121.84047,16.6,65.0,Chico-East Avenue,5.637999916875,65.23761075,5.1983898208333335,1020.1541666666667,0.0,53.208333333333336
2014-02-06,39.76168,-121.84047,6.6,37.0,Chico-East Avenue,7.292166541666667,75.332664375,6.780365716666666,1017.0041666666666,0.4166666666666667,99.5
2014-02-07,39.76168,-121.84047,4.4,24.0,Chico-East Avenue,7.775499916666667,93.34194566666667,15.417317729166667,1015.2166666666667,0.41250000000000003,99.375
2014-02-08,39.76168,-121.84047,2.0,11.0,Chico-East Avenue,9.262999583333334,93.45631958333333,23.01594929166667,1017.0,2.0416666666666665,100.0
2014-02-09,39.76168,-121.84047,2.0,11.0,Chico-East Avenue,12.462999583333334,97.98714945833332,16.879751041666665,1017.6541666666667,1.616666666666667,99.91666666666667
2014-02-10,39.76168,-121.84047,3.9,22.0,Chico-East Avenue,13.269249625,89.53024708333334,10.197582095833333,1019.9083333333333,0.3458333333333334,80.45833333333333
2014-02-11,39.76168,-121.84047,7.0,39.0,Chico-East Avenue,10.821333208333334,79.15771770833334,3.9946348708333335,1022.5583333333334,0.0,90.08333333333333
2014-02-12,39.76168,-121.84047,7.4,41.0,Chico-East Avenue,12.360916375,68.30500008333333,8.802371429166667,1022.1166666666667,0.0,99.04166666666667
2014-02-13,39.76168,-121.84047,9.4,52.0,Chico-East Avenue,13.446332875000001,69.90993129166667,9.414279995833333,1020.875,0.25833333333333336,97.45833333333333
2014-02-14,39.76168,-121.84047,4.8,27.0,Chico-East Avenue,14.319249708333333,86.55113195833333,10.767264795833334,1018.6875,0.004166666666666667,94.79166666666667
2014-02-15,39.76168,-121.84047,4.3,24.0,Chico-East Avenue,14.133832749999998,79.04212791666667,13.910951375000002,1015.3458333333333,0.0,99.83333333333333
2014-02-16,39.76168,-121.84047,5.5,31.0,Chico-East Avenue,11.985916208333334,84.69109779166666,12.156025179166667,1017.4,0.35833333333333334,51.958333333333336
2014-02-17,39.76168,-121.84047,9.6,52.0,Chico-East Avenue,9.437999833333334,66.41624041666667,4.9425208666666665,1019.7791666666667,0.0,57.708333333333336
2014-02-18,39.76168,-121.84047,9.0,50.0,Chico-East Avenue,9.452583375,70.05566866666668,3.7406003958333334,1020.35,0.0,75.75
2014-02-19,39.76168,-121.84047,4.4,24.0,Chico-East Avenue,11.523416374999998,64.76081229166667,9.8588296875,1018.5833333333334,0.0,26.041666666666668
2014-02-20,39.76168,-121.84047,7.2,40.0,Chico-East Avenue,10.150499916666666,51.570094250000004,9.498245725,1021.5166666666668,0.0,60.458333333333336
2014-02-21,39.76168,-121.84047,10.0,53.0,Chico-East Avenue,11.073416625,62.337660916666664,5.574846541666667,1018.8083333333334,0.0,10.166666666666666
2014-02-22,39.76168,-121.84047,7.8,43.0,Chico-East Avenue,11.698416708333333,62.81629816666666,5.425630033333333,1015.0124999999999,0.0,8.75
2014-02-23,39.76168,-121.84047,5.2,29.0,Chico-East Avenue,11.465083208333333,62.445407125,4.5850065833333336,1014.1166666666667,0.0,1.0
2014-02-24,39.76168,-121.84047,5.8,32.0,Chico-East Avenue,12.404666708333332,63.22471491666667,4.803126454166667,1014.6333333333333,0.0,4.666666666666667
2014-02-25,39.76168,-121.84047,8.9,49.0,Chico-East Avenue,12.652583333333332,64.90291266666667,5.463944874166667,1013.1416666666668,0.0,8.375
2014-02-26,39.76168,-121.84047,8.1,45.0,Chico-East Avenue,13.562999625000002,68.25535458333333,9.5440408125,1012.1666666666666,0.05833333333333334,97.54166666666667
2014-02-27,39.76168,-121.84047,2.5,14.0,Chico-East Avenue,11.823416375,89.2422315,19.748013166666667,1008.2208333333333,0.9916666666666667,86.66666666666667
2014-02-28,39.76168,-121.84047,3.5,19.0,Chico-East Avenue,11.473416166666667,79.05404416666667,9.415589062499999,1001.2833333333333,0.6583333333333333,99.33333333333333
2014-03-01,39.76168,-121.84047,0.8,4.0,Chico-East Avenue,11.208833,81.44699970833334,10.226643975,1002.2541666666666,0.6458333333333334,79.41666666666667
2014-03-02,39.76168,-121.84047,2.6,14.0,Chico-East Avenue,12.100499458333333,77.28874604166667,10.0784315375,1011.6541666666667,0.31666666666666665,95.25
2014-03-03,39.76168,-121.84047,2.5,14.0,Chico-East Avenue,11.435916208333333,92.38943641666667,14.596428625,1019.1958333333333,0.4916666666666667,79.875
2014-03-04,39.76168,-121.84047,1.2,7.0,Chico-East Avenue,12.237999708333334,86.45217754166667,8.158274833333333,1019.2291666666666,0.8291666666666666,98.625
2014-03-05,39.76168,-121.84047,2.3,13.0,Chico-East Avenue,12.631749625,85.374399375,8.117693191666666,1018.0708333333333,0.13749999999999998,96.29166666666667
2014-03-06,39.76168,-121.84047,3.7,21.0,Chico-East Avenue,14.225499791666666,84.90465654166667,14.6431584375,1016.5541666666667,1.1291666666666667,76.91666666666667
2014-03-07,39.76168,-121.84047,5.8,32.0,Chico-East Avenue,11.719249833333334,71.59449675,9.407964704166666,1020.6416666666668,0.0,28.833333333333332
2014-03-08,39.76168,-121.84047,5.3,29.0,Chico-East Avenue,12.675499958333333,60.635291208333335,6.7053761375,1019.9,0.0,43.041666666666664
2014-03-09,39.76168,-121.84047,6.6,37.0,Chico-East Avenue,14.771332916666665,71.29226858333332,4.59088595,1021.3541666666666,0.020833333333333332,99.79166666666667
2014-03-10,39.76168,-121.84047,2.3,13.0,Chico-East Avenue,14.437999833333334,73.780941,7.816010841666667,1019.8041666666667,0.28750000000000003,67.25
2014-03-11,39.76168,-121.84047,2.7,15.0,Chico-East Avenue,12.840083083333333,39.5255535,15.6427814375,1021.8166666666666,0.0,0.0
2014-03-12,39.76168,-121.84047,2.6,14.0,Chico-East Avenue,13.265083208333332,40.21935033333333,12.779917750000001,1021.1333333333333,0.0,5.416666666666667
2014-03-13,39.76168,-121.84047,3.1,17.0,Chico-East Avenue,13.448416666666667,50.197651666666665,8.373214495833333,1016.8791666666666,0.0,0.16666666666666666
2014-03-14,39.76168,-121.84047,4.6,26.0,Chico-East Avenue,13.69633325,62.567453625000006,5.639268270833333,1017.4833333333332,0.0,29.208333333333332
2014-03-15,39.76168,-121.84047,5.5,31.0,Chico-East Avenue,14.765083416666664,60.862791208333334,6.881746958333333,1023.0500000000001,0.0,0.0
2014-03-16,39.76168,-121.84047,9.5,52.0,Chico-East Avenue,15.004666708333334,65.42385295833334,5.888678275,1024.4041666666667,0.0,65.5
2014-03-17,39.76168,-121.84047,2.1,12.0,Chico-East Avenue,15.048416625,55.365854875,11.835906825,1018.75,0.0,35.583333333333336
2014-03-18,39.76168,-121.84047,1.3,7.0,Chico-East Avenue,13.742166375000002,32.37334754166667,16.819316375,1014.6374999999999,0.0,1.0416666666666667
2014-03-19,39.76168,-121.84047,7.7,43.0,Chico-East Avenue,13.15258325,40.50310270833334,6.709674704166666,1015.5791666666668,0.0,43.416666666666664
2014-03-20,39.76168,-121.84047,4.5,25.0,Chico-East Avenue,13.915083416666667,56.847642291666666,5.153072104166667,1016.6208333333334,0.0,71.16666666666667
2014-03-21,39.76168,-121.84047,4.8,27.0,Chico-East Avenue,14.294249916666667,53.65603266666667,4.071586720833333,1012.8583333333332,0.0,33.791666666666664
2014-03-22,39.76168,-121.84047,5.5,31.0,Chico-East Avenue,14.70466675,50.349816583333336,7.738297295833333,1014.4791666666666,0.0,2.8333333333333335
2014-03-23,39.76168,-121.84047,6.8,38.0,Chico-East Avenue,15.069249916666665,46.537172749999996,6.937582158333334,1018.0541666666667,0.0,4.208333333333333
2014-03-24,39.76168,-121.84047,11.0,55.0,Chico-East Avenue,15.192166708333334,49.24626570833333,4.922396204166667,1018.375,0.0,7.083333333333333
2014-03-25,39.76168,-121.84047,8.4,47.0,Chico-East Avenue,15.340083125,50.99626204166666,10.901812533333334,1013.7416666666667,0.1125,72.66666666666667
2014-03-26,39.76168,-121.84047,5.2,29.0,Chico-East Avenue,11.031749666666668,80.49895829166667,13.387188229166666,1009.1125000000001,0.37916666666666665,88.16666666666667
2014-03-27,39.76168,-121.84047,5.0,28.0,Chico-East Avenue,10.665083125,80.064019,13.324809666666667,1013.7833333333333,0.025000000000000005,57.0
2014-03-28,39.76168,-121.84047,4.5,25.0,Chico-East Avenue,13.035916166666667,69.746036375,14.6914881875,1019.35,0.0,99.29166666666667
2014-03-29,39.76168,-121.84047,1.4,8.0,Chico-East Avenue,12.712999666666667,89.42174433333334,17.227101833333332,1016.9791666666666,0.9041666666666667,99.875
2014-03-30,39.76168,-121.84047,5.2,29.0,Chico-East Avenue,10.290083083333334,81.85604145833334,9.193156525000001,1016.6708333333332,0.2333333333333333,67.08333333333333
2014-03-31,39.76168,-121.84047,3.3,18.0,Chico-East Avenue,10.183832791666667,69.46898504166667,14.550806041666666,1014.7708333333334,0.19583333333333333,79.875
2014-04-01,39.76168,-121.84047,2.4,13.0,Chico-East Avenue,7.47133325,90.38856708333333,15.014991666666667,1011.875,0.47500000000000003,89.79166666666667
2014-04-02,39.76168,-121.84047,4.9,27.0,Chico-East Avenue,8.452583166666667,80.27920983333333,5.375204629166666,1014.4791666666666,0.3125,74.91666666666667
2014-04-03,39.76168,-121.84047,4.0,22.0,Chico-East Avenue,10.444249833333332,65.17539016666667,9.143325908333333,1018.0,0.0,66.04166666666667
2014-04-04,39.76168,-121.84047,4.9,27.0,Chico-East Avenue,11.648416166666665,65.33484800000001,7.339996770833333,1015.7875,0.049999999999999996,77.66666666666667
2014-04-05,39.76168,-121.84047,4.8,27.0,Chico-East Avenue,11.3296665,66.72874045833333,6.183784341666667,1017.8041666666667,0.0,13.708333333333334
2014-04-06,39.76168,-121.84047,4.5,25.0,Chico-East Avenue,14.615083333333333,61.20220345833334,7.893522983333334,1021.0083333333333,0.0,17.625
2014-04-07,39.76168,-121.84047,7.1,39.0,Chico-East Avenue,17.100500083333333,57.969303375,7.0220173374999995,1019.525,0.0,9.375
2014-04-08,39.76168,-121.84047,12.2,57.0,Chico-East Avenue,18.054666625,63.78445258333334,5.228647354166667,1018.3125,0.0,73.625
2014-04-09,39.76168,-121.84047,6.2,34.0,Chico-East Avenue,19.644250041666666,55.569264125,6.105968470833333,1015.8083333333334,0.0,88.75
2014-04-10,39.76168,-121.84047,8.7,48.0,Chico-East Avenue,19.292166583333334,54.13574233333333,5.661693241666668,1014.5375,0.0,0.4166666666666667
2014-04-11,39.76168,-121.84047,6.8,38.0,Chico-East Avenue,19.029666541666668,51.596668208333334,5.980667754166667,1011.1750000000001,0.0,71.20833333333333
2014-04-12,39.76168,-121.84047,11.5,55.0,Chico-East Avenue,18.592166708333334,55.71709658333333,7.644171879166667,1009.0916666666667,0.0,38.75
2014-04-13,39.76168,-121.84047,6.2,34.0,Chico-East Avenue,19.583833291666668,51.33302870833333,10.57992362,1012.5875,0.0,1.625
2014-04-14,39.76168,-121.84047,4.6,26.0,Chico-East Avenue,18.523416708333333,30.772742458333337,8.856982033333333,1015.6374999999999,0.0,13.333333333333334
2014-04-15,39.76168,-121.84047,8.1,45.0,Chico-East Avenue,19.646333333333335,44.4672005,6.231309577499999,1014.7208333333333,0.0,56.375
2014-04-16,39.76168,-121.84047,2.3,13.0,Chico-East Avenue,19.45883316666667,42.84184833333333,9.156726083333334,1010.7375000000001,0.0,39.791666666666664
2014-04-17,39.76168,-121.84047,7.7,43.0,Chico-East Avenue,20.235916666666665,45.726461083333334,5.8373318375,1008.1041666666666,0.0,7.708333333333333
2014-04-18,39.76168,-121.84047,3.7,21.0,Chico-East Avenue,20.248416625,44.767647875,11.803486204166667,1009.3874999999999,0.0,42.375
2014-04-19,39.76168,-121.84047,6.8,38.0,Chico-East Avenue,18.837999874999998,44.53929179166667,10.490885008333334,1011.8083333333334,0.0,38.666666666666664
2014-04-20,39.76168,-121.84047,6.8,38.0,Chico-East Avenue,18.837999874999998,44.53929179166667,10.490885008333334,1011.8083333333334,0.0,38.666666666666664
2014-04-21,39.76168,-121.84047,6.8,38.0,Chico-East Avenue,18.837999874999998,44.53929179166667,10.490885008333334,1011.8083333333334,0.0,38.666666666666664
2014-04-22,39.76168,-121.84047,2.5,14.0,Chico-East Avenue,17.192166583333332,37.55390979166666,10.090622033333334,1013.0500000000001,0.12083333333333333,61.375
2014-04-23,39.76168,-121.84047,2.3,13.0,Chico-East Avenue,14.598416625,36.522428624999996,5.5927605,1017.8125,0.0,38.791666666666664
2014-04-24,39.76168,-121.84047,2.7,15.0,Chico-East Avenue,16.537999916666667,45.01741545833334,10.089597366666666,1016.0916666666667,0.0,68.91666666666667
2014-04-25,39.76168,-121.84047,2.0,11.0,Chico-East Avenue,15.098416583333334,58.68790791666667,10.396086104166667,1010.7166666666667,0.26666666666666666,99.70833333333333
2014-04-26,39.76168,-121.84047,2.6,14.0,Chico-East Avenue,10.031749875000001,77.944337625,4.627090957083333,1011.0833333333334,0.11666666666666665,69.75
2014-04-27,39.76168,-121.84047,1.5,8.0,Chico-East Avenue,13.283833083333334,54.349042,14.701561408333333,1016.3874999999999,0.008333333333333333,83.58333333333333
2014-04-28,39.76168,-121.84047,5.6,31.0,Chico-East Avenue,14.72758325,54.087386,7.9984544125,1020.1458333333334,0.0,45.833333333333336
2014-04-29,39.76168,-121.84047,4.3,24.0,Chico-East Avenue,19.2421665,35.311053125,10.971292945833333,1020.9708333333333,0.0,3.625
2014-04-30,39.76168,-121.84047,4.6,26.0,Chico-East Avenue,23.248416708333334,25.176307833333336,7.953540145833333,1018.1083333333332,0.0,33.708333333333336
2014-05-01,39.76168,-121.84047,6.7,37.0,Chico-East Avenue,23.335916625,34.12969852083334,6.495100269583333,1016.5791666666668,0.0,76.5
2014-05-02,39.76168,-121.84047,8.0,44.0,Chico-East Avenue,23.181750166666664,33.330319708333334,8.68288165,1015.9291666666667,0.0,54.5
2014-05-03,39.76168,-121.84047,1.3,7.0,Chico-East Avenue,22.271333499999997,31.690342166666667,15.445122604166668,1012.6791666666667,0.0,24.583333333333332
2014-05-04,39.76168,-121.84047,2.0,11.0,Chico-East Avenue,18.813000083333332,44.932918416666666,13.516072491666668,1013.1374999999999,0.0,63.75
2014-05-05,39.76168,-121.84047,0.8,4.0,Chico-East Avenue,17.704666749999998,53.152235875,9.117564549999999,1013.3291666666668,0.0,67.75
2014-05-06,39.76168,-121.84047,3.7,21.0,Chico-East Avenue,16.375499958333332,47.976595833333334,10.409795583333333,1011.4458333333333,0.19583333333333333,53.875
2014-05-07,39.76168,-121.84047,4.4,24.0,Chico-East Avenue,17.956750041666666,35.33959108333333,6.209900720833333,1010.3375,0.0,7.791666666666667
2014-05-08,39.76168,-121.84047,6.4,36.0,Chico-East Avenue,18.760916708333333,39.526998416666665,14.292334479166668,1013.2166666666667,0.0,85.875
2014-05-09,39.76168,-121.84047,-0.7,0.0,Chico-East Avenue,17.058833166666666,68.250758125,11.406685558333335,1016.5375,0.016666666666666666,72.54166666666667
2014-05-10,39.76168,-121.84047,0.4,2.0,Chico-East Avenue,17.437999958333332,35.700141583333334,13.514098416666668,1017.0625,0.0,19.166666666666668
2014-05-11,39.76168,-121.84047,3.0,17.0,Chico-East Avenue,17.935916541666668,27.313311083333332,13.060282854166667,1018.0749999999999,0.0,5.625
2014-05-12,39.76168,-121.84047,2.5,14.0,Chico-East Avenue,20.867166541666666,28.19079629166667,8.464923775,1017.0500000000001,0.0,46.666666666666664
2014-05-13,39.76168,-121.84047,5.0,28.0,Chico-East Avenue,23.775499916666664,26.650250125,6.1745193625,1017.8249999999999,0.0,51.833333333333336
2014-05-14,39.76168,-121.84047,8.8,49.0,Chico-East Avenue,25.235916875,29.861618791666668,5.7627576991666665,1018.2708333333334,0.0,50.375
2014-05-15,39.76168,-121.84047,6.1,34.0,Chico-East Avenue,26.665083416666665,25.04777879166667,7.9607026,1016.3000000000001,0.0,66.20833333333333
2014-05-16,39.76168,-121.84047,10.2,53.0,Chico-East Avenue,25.860916875,20.0321655,8.581536183333332,1014.5791666666668,0.0,84.5
2014-05-17,39.76168,-121.84047,6.7,37.0,Chico-East Avenue,24.685916916666667,28.510193708333333,10.542954158333334,1011.5749999999999,0.0,49.125
2014-05-18,39.76168,-121.84047,6.4,36.0,Chico-East Avenue,22.335916833333332,36.51930170833334,6.864825804166666,1010.6125000000001,0.0,47.75
2014-05-19,39.76168,-121.84047,3.0,17.0,Chico-East Avenue,20.340083416666666,39.59965020833334,7.5634648166666665,1010.5041666666666,0.008333333333333333,38.125
2014-05-20,39.76168,-121.84047,3.5,19.0,Chico-East Avenue,17.77133325,56.916948958333336,5.221068941666666,1012.2125,0.03333333333333333,79.95833333333333
2014-05-21,39.76168,-121.84047,3.0,17.0,Chico-East Avenue,20.54633325,48.239751000000005,7.703914304166666,1012.0500000000001,0.0,11.958333333333334
2014-05-22,39.76168,-121.84047,20.4,72.0,Chico-East Avenue,24.194250333333333,37.733302916666666,7.677754370833333,1011.0208333333334,0.0,26.166666666666668
2014-05-23,39.76168,-121.84047,7.7,43.0,Chico-East Avenue,25.250500125000002,34.62642679166667,6.967577820833333,1012.2791666666667,0.0,39.291666666666664
2014-05-24,39.76168,-121.84047,6.5,36.0,Chico-East Avenue,27.021333541666667,32.038408,7.209021566666667,1011.0333333333333,0.0,79.125
2014-05-25,39.76168,-121.84047,10.2,53.0,Chico-East Avenue,27.560916916666667,28.082837125,6.290580299166667,1010.7125,0.0,76.20833333333333
2014-05-26,39.76168,-121.84047,1.7,9.0,Chico-East Avenue,27.656750208333335,25.745965208333335,5.383655875,1011.2875,0.0,13.333333333333334
2014-05-27,39.76168,-121.84047,4.7,26.0,Chico-East Avenue,25.815083708333333,28.464873875,8.6141100625,1012.1541666666667,0.0,8.125
2014-05-28,39.76168,-121.84047,0.7,4.0,Chico-East Avenue,22.66091683333333,19.92873404166667,13.874183170833334,1014.1041666666666,0.0,4.791666666666667
2014-05-29,39.76168,-121.84047,1.3,7.0,Chico-East Avenue,23.004666666666665,14.932873083333334,12.221477649999999,1012.6541666666667,0.0,4.5
2014-05-30,39.76168,-121.84047,3.0,17.0,Chico-East Avenue,24.465083458333336,18.201723441666665,9.485514558333334,1010.1750000000001,0.0,28.291666666666668
2014-05-31,39.76168,-121.84047,10.4,53.0,Chico-East Avenue,23.206750041666666,24.161023304166665,7.339657066666667,1011.1958333333333,0.0,0.0
2014-06-01,39.76168,-121.84047,10.9,54.0,Chico-East Avenue,25.604667000000003,21.412799854166668,7.275224091666666,1009.7333333333332,0.0,0.0
2014-06-02,39.76168,-121.84047,16.1,64.0,Chico-East Avenue,26.56300029166667,21.435579416666666,8.758249804166667,1006.9958333333334,0.0,0.0
2014-06-03,39.76168,-121.84047,10.4,53.0,Chico-East Avenue,24.206750125,32.14384795833333,9.666182658333334,1009.75,0.0,0.5833333333333334
2014-06-04,39.76168,-121.84047,9.4,52.0,Chico-East Avenue,26.138000208333334,29.488465479166667,8.221797195833334,1009.0333333333333,0.0,0.08333333333333333
2014-06-05,39.76168,-121.84047,8.7,48.0,Chico-East Avenue,28.1067505,24.944827125,5.3877173916666665,1006.9791666666666,0.0,0.0
2014-06-06,39.76168,-121.84047,8.0,44.0,Chico-East Avenue,29.498417083333333,24.860743520833335,8.388238482083333,1005.9041666666667,0.0,1.0833333333333333
2014-06-07,39.76168,-121.84047,11.7,56.0,Chico-East Avenue,29.992166791666666,24.588189466666666,7.673969954166666,1005.8375,0.0,0.0
2014-06-08,39.76168,-121.84047,5.0,28.0,Chico-East Avenue,31.077583625,18.515831425,9.181568295833333,1006.475,0.0,0.0
2014-06-09,39.76168,-121.84047,9.8,52.0,Chico-East Avenue,30.902583708333335,20.56649248333333,4.790706041666667,1004.9291666666667,0.0,0.08333333333333333
2014-06-10,39.76168,-121.84047,4.1,23.0,Chico-East Avenue,31.573416875000003,18.516648545833334,10.787760570833333,1003.4875000000001,0.0,0.25
2014-06-11,39.76168,-121.84047,9.1,51.0,Chico-East Avenue,28.450500291666668,27.340833675,8.8373868625,1005.525,0.0,0.0
2014-06-12,39.76168,-121.84047,7.8,43.0,Chico-East Avenue,25.073416833333336,36.12643670833334,16.430661041666667,1008.7083333333334,0.0,0.6666666666666666
2014-06-13,39.76168,-121.84047,3.2,18.0,Chico-East Avenue,24.419250208333334,29.176095500000002,10.390788219583333,1011.1708333333332,0.0,0.0
2014-06-14,39.76168,-121.84047,4.9,27.0,Chico-East Avenue,24.58800033333333,20.77671283333333,9.628786970833334,1011.4,0.0,45.041666666666664
2014-06-15,39.76168,-121.84047,5.2,29.0,Chico-East Avenue,24.979666833333336,22.605986666666666,7.1114867749999995,1006.7166666666667,0.0,39.0
2014-06-16,39.76168,-121.84047,7.4,41.0,Chico-East Avenue,23.427583541666667,36.04347308333333,13.827191874999999,1006.4541666666668,0.0,44.125
2014-06-17,39.76168,-121.84047,2.5,14.0,Chico-East Avenue,22.640083416666666,28.473633708333335,11.633415845833333,1010.5333333333333,0.0,19.541666666666668
2014-06-18,39.76168,-121.84047,4.2,23.0,Chico-East Avenue,24.119250041666664,19.465255154166666,8.5633453,1011.6083333333332,0.0,0.0
2014-06-19,39.76168,-121.84047,7.8,43.0,Chico-East Avenue,26.865083499999997,16.9601963625,7.2322971874999995,1011.5833333333334,0.0,4.166666666666667
2014-06-20,39.76168,-121.84047,4.7,26.0,Chico-East Avenue,27.979666958333336,19.2662979875,7.217042612499999,1011.6916666666666,0.0,35.458333333333336
2014-06-21,39.76168,-121.84047,4.4,24.0,Chico-East Avenue,28.45883375,22.7053910625,8.052284511249999,1009.1458333333334,0.0,27.458333333333332
2014-06-22,39.76168,-121.84047,14.5,61.0,Chico-East Avenue,27.550500375,24.903163020833333,8.135895733333333,1009.1958333333333,0.0,26.208333333333332
2014-06-23,39.76168,-121.84047,10.8,54.0,Chico-East Avenue,27.602583624999998,24.606832333333333,7.202377425000001,1009.8458333333333,0.0,21.333333333333332
2014-06-24,39.76168,-121.84047,5.2,29.0,Chico-East Avenue,28.983833666666666,25.800142333333337,6.305191116666666,1010.4708333333333,0.0,17.583333333333332
2014-06-25,39.76168,-121.84047,9.7,52.0,Chico-East Avenue,27.47341695833333,33.81390233333333,11.205020283333333,1010.0083333333333,0.0,31.291666666666668
2014-06-26,39.76168,-121.84047,0.7,4.0,Chico-East Avenue,23.97341695833333,49.506590749999994,12.454336249999999,1010.6291666666666,0.0,69.58333333333333
2014-06-27,39.76168,-121.84047,3.2,18.0,Chico-East Avenue,25.23800025,40.92015020833333,11.083482708333333,1011.3083333333334,0.0,23.166666666666668
2014-06-28,39.76168,-121.84047,5.0,28.0,Chico-East Avenue,26.97341708333333,40.357699625,7.894647183333333,1010.375,0.0,0.20833333333333334
2014-06-29,39.76168,-121.84047,2.6,14.0,Chico-East Avenue,29.123416875,23.255041733333332,7.6028543,1010.3041666666667,0.0,0.0
2014-06-30,39.76168,-121.84047,4.1,23.0,Chico-East Avenue,31.10258358333333,18.574530829166665,6.5023919958333325,1007.6583333333333,0.0,10.791666666666666
2014-07-01,39.76168,-121.84047,9.1,51.0,Chico-East Avenue,32.658833791666666,19.8383026375,8.6900595375,1005.3874999999999,0.0,51.875
2014-07-02,39.76168,-121.84047,5.6,31.0,Chico-East Avenue,29.979666750000003,26.953130541666667,10.932775191666666,1006.9666666666667,0.0,4.416666666666667
2014-07-03,39.76168,-121.84047,10.2,53.0,Chico-East Avenue,29.694250083333333,31.47494641666667,9.025845516666667,1008.7416666666667,0.0,0.0
2014-07-04,39.76168,-121.84047,6.4,36.0,Chico-East Avenue,29.97758370833333,26.59390408333333,10.38939545,1009.9416666666666,0.0,0.08333333333333333
2014-07-05,39.76168,-121.84047,19.7,71.0,Chico-East Avenue,29.454667,21.88769603333333,10.073072645833333,1013.1083333333332,0.0,14.916666666666666
2014-07-06,39.76168,-121.84047,14.5,61.0,Chico-East Avenue,29.973416833333335,17.385536508333335,6.798925570833333,1013.5875,0.0,0.041666666666666664
2014-07-07,39.76168,-121.84047,11.3,55.0,Chico-East Avenue,31.027583625000002,19.344382,6.878286020833333,1009.8916666666668,0.0,39.625
2014-07-08,39.76168,-121.84047,10.2,53.0,Chico-East Avenue,31.417167333333335,21.893505541666666,7.5329919499999995,1008.8125,0.0,66.45833333333333
2014-07-09,39.76168,-121.84047,8.1,45.0,Chico-East Avenue,30.840083458333336,25.860632916666663,8.261262095833333,1009.3958333333334,0.0,9.625
2014-07-10,39.76168,-121.84047,6.3,35.0,Chico-East Avenue,28.746333583333335,30.651039208333334,10.378416375,1009.0541666666667,0.0,1.3333333333333333
2014-07-11,39.76168,-121.84047,3.4,19.0,Chico-East Avenue,27.867166916666665,35.570635208333336,10.4886114625,1010.9583333333334,0.0,24.375
2014-07-12,39.76168,-121.84047,5.5,31.0,Chico-East Avenue,27.765083416666666,37.738830916666664,8.719977291666668,1014.2375000000001,0.0,1.5833333333333333
2014-07-13,39.76168,-121.84047,6.0,33.0,Chico-East Avenue,29.667167125000002,34.93283325,7.1306103541666666,1012.6666666666666,0.0,7.291666666666667
2014-07-14,39.76168,-121.84047,9.8,52.0,Chico-East Avenue,32.706750541666665,28.256788187500003,5.086134670833333,1008.8249999999999,0.0,25.375
2014-07-15,39.76168,-121.84047,8.5,47.0,Chico-East Avenue,31.23175025,28.213779958333333,11.373534554166667,1010.4875000000001,0.0,91.41666666666667
2014-07-16,39.76168,-121.84047,6.6,37.0,Chico-East Avenue,28.748416958333333,38.71135395833333,10.598537075000001,1011.9458333333333,0.0,51.25
2014-07-17,39.76168,-121.84047,7.5,42.0,Chico-East Avenue,27.738000125,41.817587374999995,10.5638268625,1011.5625,0.0,46.833333333333336
2014-07-18,39.76168,-121.84047,5.8,32.0,Chico-East Avenue,26.704666916666667,44.182884124999994,10.959759675,1012.0875,0.0,25.5
2014-07-19,39.76168,-121.84047,4.1,23.0,Chico-East Avenue,28.185917291666666,41.62869929166667,9.440432091666667,1010.9,0.0,16.458333333333332
2014-07-20,39.76168,-121.84047,4.0,22.0,Chico-East Avenue,28.9213335,40.69764429166667,13.9631594125,1010.1166666666667,0.0,68.5
2014-07-21,39.76168,-121.84047,3.2,18.0,Chico-East Avenue,27.171333541666666,44.00127520833333,14.545816820833332,1012.5833333333334,0.029166666666666664,87.08333333333333
2014-07-22,39.76168,-121.84047,4.4,24.0,Chico-East Avenue,26.175500083333333,48.7217435,9.3390440875,1014.5749999999999,0.0,26.583333333333332
2014-07-23,39.76168,-121.84047,1.7,9.0,Chico-East Avenue,24.921333625,45.029132041666664,12.818863041666667,1016.7041666666668,0.0,0.625
2014-07-24,39.76168,-121.84047,2.8,16.0,Chico-East Avenue,26.956750083333333,33.02172733333333,9.357566254166667,1013.9,0.0,0.0
2014-07-25,39.76168,-121.84047,3.8,21.0,Chico-East Avenue,28.62966675,22.161799187499998,3.6142716999999998,1009.1625,0.0,0.0
2014-07-26,39.76168,-121.84047,4.8,27.0,Chico-East Avenue,30.723416874999998,19.958862729166665,6.348397220833333,1010.0124999999999,0.0,0.0
2014-07-27,39.76168,-121.84047,8.9,49.0,Chico-East Avenue,31.217167041666666,20.6533689375,6.3633634125,1011.4166666666666,0.0,36.291666666666664
2014-07-28,39.76168,-121.84047,7.6,42.0,Chico-East Avenue,30.50050025,22.436922041666666,9.2161159625,1012.4958333333334,0.0,67.5
2014-07-29,39.76168,-121.84047,14.2,61.0,Chico-East Avenue,29.027583708333335,31.820209583333334,9.923790266666666,1014.3833333333333,0.0,66.41666666666667
2014-07-30,39.76168,-121.84047,33.1,96.0,Chico-East Avenue,30.917167083333336,26.119589791666666,8.511858470833333,1012.4666666666667,0.0,50.041666666666664
2014-07-31,39.76168,-121.84047,9.1,51.0,Chico-East Avenue,32.079666833333334,26.937233333333335,8.375105229166666,1010.9833333333332,0.0,14.875
2014-08-01,39.76168,-121.84047,7.4,41.0,Chico-East Avenue,32.25258345833333,23.874813020833333,7.461162308333333,1009.0791666666668,0.0,28.875
2014-08-02,39.76168,-121.84047,5.8,32.0,Chico-East Avenue,32.27341716666667,19.614113333333332,8.432805954166666,1008.8375,0.0,26.708333333333332
2014-08-03,39.76168,-121.84047,11.1,55.0,Chico-East Avenue,28.906750666666667,30.455416041666666,10.1005142375,1010.1333333333333,0.0,68.79166666666667
2014-08-04,39.76168,-121.84047,11.4,55.0,Chico-East Avenue,26.138000291666668,41.125468875,8.424035091666667,1011.7541666666666,0.025000000000000005,99.375
2014-08-05,39.76168,-121.84047,11.4,55.0,Chico-East Avenue,23.038000125,73.88549129166667,5.953783129166666,1014.5833333333334,0.33749999999999997,99.95833333333333
2014-08-06,39.76168,-121.84047,22.0,75.0,Chico-East Avenue,23.690083583333333,76.52928279166666,3.5842629958333334,1015.0708333333333,0.0,97.95833333333333
2014-08-07,39.76168,-121.84047,22.0,75.0,Chico-East Avenue,27.710916791666666,59.276145375,5.54802105,1011.5416666666666,0.0,21.875
2014-08-08,39.76168,-121.84047,14.0,60.0,Chico-East Avenue,28.77341675,45.76162158333333,8.303514629166667,1009.6166666666667,0.0,16.166666666666668
2014-08-09,39.76168,-121.84047,15.8,63.0,Chico-East Avenue,28.315083708333333,39.25337829166667,8.3093546125,1009.7208333333333,0.0,14.458333333333334
2014-08-10,39.76168,-121.84047,10.7,54.0,Chico-East Avenue,26.68800016666667,40.12604566666666,8.065895204166667,1011.7458333333334,0.0,6.708333333333333
2014-08-11,39.76168,-121.84047,8.6,48.0,Chico-East Avenue,28.352583541666665,41.07504983333333,6.137617641666666,1011.2416666666667,0.0,34.625
2014-08-12,39.76168,-121.84047,7.7,43.0,Chico-East Avenue,28.369250249999997,32.22418075,11.897035604166668,1010.6999999999999,0.0,17.208333333333332
2014-08-13,39.76168,-121.84047,4.6,26.0,Chico-East Avenue,25.22966691666667,37.898339791666665,14.040121416666667,1011.025,0.0,21.708333333333332
2014-08-14,39.76168,-121.84047,4.0,22.0,Chico-East Avenue,25.858833583333332,43.64866525,6.717932291666667,1011.4958333333334,0.0,0.08333333333333333
2014-08-15,39.76168,-121.84047,2.4,13.0,Chico-East Avenue,27.59216725,34.44912675,7.480122358333333,1011.8666666666667,0.0,4.833333333333333
2014-08-16,39.76168,-121.84047,4.3,24.0,Chico-East Avenue,28.30883375,29.24252266666667,6.323322095833333,1013.0208333333334,0.0,0.0
2014-08-17,39.76168,-121.84047,4.9,27.0,Chico-East Avenue,28.273416875,26.570041208333333,6.735513533333333,1012.8375,0.0,0.4166666666666667
2014-08-18,39.76168,-121.84047,5.4,30.0,Chico-East Avenue,27.573416958333336,27.602593645833334,7.2959109416666665,1009.2416666666667,0.0,0.041666666666666664
2014-08-19,39.76168,-121.84047,10.0,53.0,Chico-East Avenue,26.123416875,35.297325604166666,8.8347565125,1007.1416666666668,0.0,0.20833333333333334
2014-08-20,39.76168,-121.84047,6.4,36.0,Chico-East Avenue,25.998416833333334,42.25072120833333,12.083641162500001,1008.2916666666666,0.0,5.708333333333333
2014-08-21,39.76168,-121.84047,7.9,44.0,Chico-East Avenue,25.929666833333332,43.90246233333334,8.351298641666666,1011.2708333333334,0.0,1.3333333333333333
2014-08-22,39.76168,-121.84047,5.7,32.0,Chico-East Avenue,27.10050025,35.436153833333336,11.522566429166666,1010.2916666666666,0.0,0.125
2014-08-23,39.76168,-121.84047,6.0,33.0,Chico-East Avenue,27.546333708333332,35.470256041666666,7.206014816666666,1010.2583333333333,0.0,0.041666666666666664
2014-08-24,39.76168,-121.84047,4.0,22.0,Chico-East Avenue,27.225500166666667,34.158863375,6.196213345833333,1008.5291666666667,0.0,0.0
2014-08-25,39.76168,-121.84047,6.8,38.0,Chico-East Avenue,26.346333666666666,35.382935249999996,13.676434458333333,1007.6458333333334,0.0,22.291666666666668
2014-08-26,39.76168,-121.84047,8.2,46.0,Chico-East Avenue,25.56091675,44.63814854166666,5.15458635,1011.7624999999999,0.0,0.20833333333333334
2014-08-27,39.76168,-121.84047,7.1,39.0,Chico-East Avenue,27.28175029166667,38.95204054166667,7.437274416666667,1013.7624999999999,0.0,0.0
2014-08-28,39.76168,-121.84047,9.1,51.0,Chico-East Avenue,28.598416999999998,32.85261504166667,7.1975458,1014.2708333333334,0.0,6.916666666666667
2014-08-29,39.76168,-121.84047,10.8,54.0,Chico-East Avenue,28.279667083333333,33.1978675,7.4365889124999995,1010.7041666666668,0.0,62.75
2014-08-30,39.76168,-121.84047,6.0,33.0,Chico-East Avenue,27.74425045833333,35.232358291666664,7.4369796458333335,1009.4499999999999,0.0,26.791666666666668
2014-08-31,39.76168,-121.84047,10.1,53.0,Chico-East Avenue,28.00675025,30.3298443125,7.530230320833333,1009.0666666666666,0.0,9.333333333333334
2014-09-01,39.76168,-121.84047,14.1,60.0,Chico-East Avenue,28.215083625000002,26.149036125,7.052959445833333,1007.975,0.0,0.0
2014-09-02,39.76168,-121.84047,15.1,62.0,Chico-East Avenue,28.471333541666667,25.44727454166667,7.650251379166666,1006.3291666666668,0.0,5.041666666666667
2014-09-03,39.76168,-121.84047,8.7,48.0,Chico-East Avenue,28.15675029166667,30.959623095833333,9.281743266666666,1005.5458333333332,0.0,0.0
2014-09-04,39.76168,-121.84047,4.8,27.0,Chico-East Avenue,26.981750166666668,12.915485704166668,6.343879816666667,1003.7541666666666,0.0,14.625
2014-09-05,39.76168,-121.84047,17.2,66.0,Chico-East Avenue,26.335916791666666,22.66643529166667,6.1479496625,1007.1291666666666,0.0,25.875
2014-09-06,39.76168,-121.84047,9.2,51.0,Chico-East Avenue,26.510916833333336,33.707471625000004,6.341323966666667,1010.1875,0.0,0.0
2014-09-07,39.76168,-121.84047,9.5,52.0,Chico-East Avenue,26.346333458333334,28.725377729166667,6.7941892125,1009.1541666666667,0.0,0.0
2014-09-08,39.76168,-121.84047,10.2,53.0,Chico-East Avenue,25.242166791666666,32.866279,8.089046533333333,1007.8208333333333,0.0,0.0
2014-09-09,39.76168,-121.84047,7.6,42.0,Chico-East Avenue,24.28591675,30.471207708333335,7.442796620833334,1011.6916666666666,0.0,0.0
2014-09-10,39.76168,-121.84047,10.1,53.0,Chico-East Avenue,25.969250125000002,24.677318145833336,4.961428691666667,1011.3666666666667,0.0,0.0
2014-09-11,39.76168,-121.84047,11.0,55.0,Chico-East Avenue,27.483833583333332,24.7260028125,5.597960816666666,1009.85,0.0,16.583333333333332
2014-09-12,39.76168,-121.84047,10.2,53.0,Chico-East Avenue,27.583833708333334,25.485031208333336,5.809461875,1009.0916666666667,0.0,1.4166666666666667
2014-09-13,39.76168,-121.84047,7.1,39.0,Chico-East Avenue,29.179666958333332,24.838688791666666,6.383757679166667,1007.6416666666668,0.0,66.54166666666667
2014-09-14,39.76168,-121.84047,7.2,40.0,Chico-East Avenue,29.01716675,28.753170083333334,6.806834579166666,1006.9875000000001,0.0,2.4583333333333335
2014-09-15,39.76168,-121.84047,9.4,52.0,Chico-East Avenue,28.473417041666664,29.16667625,8.25108655,1008.0958333333333,0.0,9.375
2014-09-16,39.76168,-121.84047,9.2,51.0,Chico-East Avenue,26.435916791666667,32.40146720833334,9.801310920833332,1010.1208333333334,0.0,3.5416666666666665
2014-09-17,39.76168,-121.84047,7.0,39.0,Chico-East Avenue,26.525500374999996,27.738392125,10.989592454166667,1006.9541666666668,0.0,37.5
2014-09-18,39.76168,-121.84047,2.7,15.0,Chico-East Avenue,23.96300020833333,50.942765083333335,12.248813616666666,1007.8874999999999,0.03333333333333333,34.791666666666664
2014-09-19,39.76168,-121.84047,6.7,37.0,Chico-East Avenue,24.32550025,51.376511875,6.1134378125,1009.6791666666667,0.0,1.7083333333333333
2014-09-20,39.76168,-121.84047,13.5,59.0,Chico-East Avenue,25.935916958333333,41.296786708333336,7.6679578416666665,1009.9250000000001,0.0,8.375
2014-09-21,39.76168,-121.84047,9.1,51.0,Chico-East Avenue,25.021333416666664,45.973666208333334,10.907521162499998,1011.1458333333334,0.0,68.5
2014-09-22,39.76168,-121.84047,27.0,84.0,Chico-East Avenue,24.071333499999998,52.113297875,7.508626366666667,1013.5916666666667,0.0,7.166666666666667
2014-09-23,39.76168,-121.84047,27.7,86.0,Chico-East Avenue,25.677583708333334,43.49023225,11.397674054166666,1012.3708333333334,0.0,24.166666666666668
2014-09-24,39.76168,-121.84047,5.2,29.0,Chico-East Avenue,24.535916916666665,47.054625875,14.173709645833334,1011.2833333333333,0.0,4.25
2014-09-25,39.76168,-121.84047,2.6,14.0,Chico-East Avenue,21.142166791666668,68.48544108333333,13.390792041666666,1011.6791666666667,0.7999999999999999,49.0
2014-09-26,39.76168,-121.84047,3.1,17.0,Chico-East Avenue,18.581750166666666,59.146463000000004,9.372343441666667,1014.2624999999999,0.0,36.291666666666664
2014-09-27,39.76168,-121.84047,4.2,23.0,Chico-East Avenue,18.35675,58.044942291666665,5.626051825,1011.4375,0.0,31.5
2014-09-28,39.76168,-121.84047,7.2,40.0,Chico-East Avenue,18.581750166666666,62.991863583333334,5.491331279166666,1010.0541666666667,0.07916666666666668,68.625
2014-09-29,39.76168,-121.84047,7.5,42.0,Chico-East Avenue,17.585916541666666,70.03975466666667,3.952204770833333,1013.9666666666667,0.0,13.458333333333334
2014-09-30,39.76168,-121.84047,5.7,32.0,Chico-East Avenue,20.015083375,60.9174315,6.753822632083334,1012.6999999999999,0.0,31.166666666666668
2014-10-01,39.76168,-121.84047,0.4,2.0,Chico-East Avenue,21.494250124999997,32.3966114375,13.092854687500001,1011.3916666666668,0.0,0.5
2014-10-02,39.76168,-121.84047,4.3,24.0,Chico-East Avenue,21.527583458333336,32.336337916666665,7.539344491666667,1014.3666666666667,0.0,0.0
2014-10-03,39.76168,-121.84047,5.8,32.0,Chico-East Avenue,22.444249875,33.870553208333334,4.7682608916666664,1016.8541666666666,0.0,0.0
2014-10-04,39.76168,-121.84047,4.1,23.0,Chico-East Avenue,23.7963335,37.30498741666667,4.838448925,1015.6708333333332,0.0,0.0
2014-10-05,39.76168,-121.84047,6.4,36.0,Chico-East Avenue,24.900500166666664,34.064579583333334,5.687344091666667,1012.6541666666667,0.0,0.16666666666666666
2014-10-06,39.76168,-121.84047,6.5,36.0,Chico-East Avenue,24.75883358333333,34.187393,5.528064716666667,1011.3416666666667,0.0,0.625
2014-10-07,39.76168,-121.84047,6.1,34.0,Chico-East Avenue,24.450500208333334,35.58715535416667,5.207897708333333,1010.3791666666666,0.0,15.75
2014-10-08,39.76168,-121.84047,5.9,33.0,Chico-East Avenue,24.49008358333333,29.569391874999997,6.053716308333333,1009.9875000000001,0.0,13.625
2014-10-09,39.76168,-121.84047,6.1,34.0,Chico-East Avenue,23.70466675,29.990400875000002,4.710820779166666,1010.6208333333334,0.0,10.833333333333334
2014-10-10,39.76168,-121.84047,9.0,50.0,Chico-East Avenue,21.8109165,36.62212004166667,5.754592541666667,1013.3833333333333,0.0,18.791666666666668
2014-10-11,39.76168,-121.84047,8.8,49.0,Chico-East Avenue,21.965083375000003,37.470061208333334,4.992145025,1014.3208333333333,0.0,55.541666666666664
2014-10-12,39.76168,-121.84047,0.1,1.0,Chico-East Avenue,23.452583541666666,26.621533958333334,11.769967975,1014.4875000000001,0.0,6.625
2014-10-13,39.76168,-121.84047,9.8,52.0,Chico-East Avenue,23.131750125,17.642873041666665,9.355815654166667,1013.0124999999999,0.0,42.833333333333336
2014-10-14,39.76168,-121.84047,8.6,48.0,Chico-East Avenue,22.8025835,29.447392145833334,14.591833604166666,1010.0,0.0,68.83333333333333
2014-10-15,39.76168,-121.84047,4.0,22.0,Chico-East Avenue,17.452583208333333,71.44751729166667,15.276315583333334,1011.6958333333333,0.15,68.08333333333333
2014-10-16,39.76168,-121.84047,4.7,26.0,Chico-East Avenue,17.156750083333332,62.57335229166667,5.0863786499999994,1015.4166666666666,0.0,77.45833333333333
2014-10-17,39.76168,-121.84047,13.4,59.0,Chico-East Avenue,17.425499875,54.949459166666664,8.392746629166666,1013.1083333333332,0.004166666666666667,71.20833333333333
2014-10-18,39.76168,-121.84047,6.1,34.0,Chico-East Avenue,18.183833375,52.22422458333333,7.197671933333333,1014.2041666666668,0.0,17.458333333333332
2014-10-19,39.76168,-121.84047,9.2,51.0,Chico-East Avenue,18.506749875,56.28776370833333,6.707079566666667,1011.2333333333332,0.0,0.0
2014-10-20,39.76168,-121.84047,6.1,34.0,Chico-East Avenue,18.931750083333334,62.894082999999995,12.571340291666667,1010.8416666666667,0.11666666666666665,25.708333333333332
2014-10-21,39.76168,-121.84047,2.5,14.0,Chico-East Avenue,14.423416666666666,71.813394,7.5445025249999995,1016.6,0.020833333333333332,34.083333333333336
2014-10-22,39.76168,-121.84047,4.0,22.0,Chico-East Avenue,15.319249749999999,58.150518874999996,4.1680392,1016.5625,0.0,91.625
2014-10-23,39.76168,-121.84047,5.6,31.0,Chico-East Avenue,18.013000208333334,47.228744791666664,7.350336850000001,1016.15,0.0,99.5
2014-10-24,39.76168,-121.84047,6.9,38.0,Chico-East Avenue,16.09424975,68.95154820833334,6.914992925,1014.4625,0.0,45.25
2014-10-25,39.76168,-121.84047,3.1,17.0,Chico-East Avenue,17.223416458333332,68.300342625,17.391409604166668,1012.3208333333333,0.39999999999999997,56.0
2014-10-26,39.76168,-121.84047,2.7,15.0,Chico-East Avenue,14.254666499999999,75.51854625,10.7870233375,1019.2666666666668,0.012499999999999999,23.125
2014-10-27,39.76168,-121.84047,3.3,18.0,Chico-East Avenue,14.287999791666666,47.32529516666667,8.092887087500001,1016.5708333333333,0.0,54.583333333333336
2014-10-28,39.76168,-121.84047,6.5,36.0,Chico-East Avenue,14.137999791666667,56.008480375,4.705713204166667,1017.4833333333332,0.0,1.4166666666666667
2014-10-29,39.76168,-121.84047,5.0,28.0,Chico-East Avenue,16.471333125,62.01495333333333,4.706121804166666,1018.35,0.0,30.416666666666668
2014-10-30,39.76168,-121.84047,7.5,42.0,Chico-East Avenue,17.815083291666667,67.57673629166666,5.2660432041666665,1013.9958333333334,0.0,63.875
2014-10-31,39.76168,-121.84047,4.0,22.0,Chico-East Avenue,17.15674975,62.54630816666667,12.50486025,1009.8583333333332,0.2833333333333334,94.04166666666667
2014-11-01,39.76168,-121.84047,3.2,18.0,Chico-East Avenue,12.852583166666667,88.98488395833334,6.900884949999999,1008.3916666666668,0.5916666666666667,85.83333333333333
2014-11-02,39.76168,-121.84047,5.7,32.0,Chico-East Avenue,11.390083291666665,68.150268375,6.789140016666667,1017.9083333333333,0.0,5.958333333333333
2014-11-03,39.76168,-121.84047,4.4,24.0,Chico-East Avenue,12.112999916666666,54.285056375,6.482823724999999,1021.6583333333333,0.0,46.833333333333336
2014-11-04,39.76168,-121.84047,10.1,53.0,Chico-East Avenue,12.415083208333334,62.34078245833333,4.653885475,1024.6125,0.0,64.25
2014-11-05,39.76168,-121.84047,10.2,53.0,Chico-East Avenue,15.127583041666666,63.79859675,3.9531707958333335,1022.4041666666667,0.0,38.541666666666664
2014-11-06,39.76168,-121.84047,12.8,58.0,Chico-East Avenue,16.34633308333333,63.349730916666665,6.218956404166668,1020.9958333333334,0.0,66.125
2014-11-07,39.76168,-121.84047,12.1,57.0,Chico-East Avenue,15.435916666666666,62.514612625000005,5.410938929166666,1021.5666666666666,0.0,14.75
2014-11-08,39.76168,-121.84047,9.2,51.0,Chico-East Avenue,16.690083041666664,60.662519541666676,5.24044035,1018.8041666666667,0.0,31.583333333333332
2014-11-09,39.76168,-121.84047,11.7,56.0,Chico-East Avenue,16.925499916666666,64.66638745833333,3.2175409100000003,1015.0625,0.0,33.875
2014-11-10,39.76168,-121.84047,9.8,52.0,Chico-East Avenue,15.733833333333331,67.02776154166666,4.132112120833333,1009.4458333333333,0.0,5.583333333333333
2014-11-11,39.76168,-121.84047,11.8,56.0,Chico-East Avenue,12.9484165,68.94461220833334,5.3178657,1010.0875,0.0,28.208333333333332
2014-11-12,39.76168,-121.84047,12.5,57.0,Chico-East Avenue,12.519249708333334,77.84653620833333,5.46154095,1014.65,0.0,59.583333333333336
2014-11-13,39.76168,-121.84047,8.4,47.0,Chico-East Avenue,12.4317495,79.03922941666666,7.719796408333334,1015.4375,0.24583333333333335,97.20833333333333
2014-11-14,39.76168,-121.84047,9.9,52.0,Chico-East Avenue,13.47133325,85.78828058333333,5.5715163375,1017.4666666666667,0.07083333333333333,89.91666666666667
2014-11-15,39.76168,-121.84047,7.4,41.0,Chico-East Avenue,11.685916624999999,80.02951708333333,5.389856608333333,1018.9416666666666,0.0,55.458333333333336
2014-11-16,39.76168,-121.84047,9.5,52.0,Chico-East Avenue,10.4984165,51.063220124999994,8.294766429166666,1022.8458333333333,0.0,95.04166666666667
2014-11-17,39.76168,-121.84047,15.2,62.0,Chico-East Avenue,9.573416583333334,36.29162458333333,6.648271270833334,1024.0375000000001,0.0,41.041666666666664
2014-11-18,39.76168,-121.84047,25.3,81.0,Chico-East Avenue,10.350499916666665,40.72514495833333,5.418888340833334,1020.9541666666668,0.0,83.45833333333333
2014-11-19,39.76168,-121.84047,17.4,66.0,Chico-East Avenue,10.844249583333331,54.893890875000004,4.427238329166666,1018.1166666666667,0.14583333333333334,98.04166666666667
2014-11-20,39.76168,-121.84047,6.9,38.0,Chico-East Avenue,10.442166291666666,91.104568375,4.065702466666667,1019.0958333333333,0.25,99.16666666666667
2014-11-21,39.76168,-121.84047,4.9,27.0,Chico-East Avenue,9.456749666666667,87.50436387500001,4.699241841666667,1018.0,0.06666666666666667,74.45833333333333
2014-11-22,39.76168,-121.84047,7.5,42.0,Chico-East Avenue,11.658833,85.50401695833334,14.650260037499999,1017.7083333333334,0.8958333333333334,95.08333333333333
2014-11-23,39.76168,-121.84047,18.3,68.0,Chico-East Avenue,9.710916583333333,74.65685854166667,7.299609749999999,1024.6041666666667,0.0,56.25
2014-11-24,39.76168,-121.84047,14.0,60.0,Chico-East Avenue,9.327583166666667,63.731445541666666,6.161116520833333,1027.075,0.0,54.583333333333336
2014-11-25,39.76168,-121.84047,15.7,63.0,Chico-East Avenue,9.82966675,68.22649795833333,3.9200930320833334,1029.9541666666667,0.0,17.125
2014-11-26,39.76168,-121.84047,26.0,82.0,Chico-East Avenue,10.679666625000001,73.12795266666667,2.675299583333333,1026.7041666666667,0.0,20.0
2014-11-27,39.76168,-121.84047,21.8,75.0,Chico-East Avenue,11.958833125,70.49094841666667,4.2152061875,1021.8166666666666,0.0,98.5
2014-11-28,39.76168,-121.84047,27.5,85.0,Chico-East Avenue,10.117166416666667,71.95565433333333,10.243794416666667,1015.6875,0.024999999999999998,32.708333333333336
2014-11-29,39.76168,-121.84047,5.7,32.0,Chico-East Avenue,11.433832875,85.78706087500001,14.981635124999999,1010.1791666666667,0.7416666666666667,93.25
2014-11-30,39.76168,-121.84047,6.5,36.0,Chico-East Avenue,11.692166375,84.95137995833333,8.366133504166667,1009.8041666666667,0.39166666666666666,81.95833333333333
2014-12-01,39.76168,-121.84047,5.5,31.0,Chico-East Avenue,12.352582791666665,82.43822354166666,4.931711145833334,1018.3583333333332,0.17916666666666667,93.125
2014-12-02,39.76168,-121.84047,7.3,41.0,Chico-East Avenue,11.206749416666666,86.85929399999999,5.3697657833333325,1013.4416666666666,0.525,80.5
2014-12-03,39.76168,-121.84047,1.2,7.0,Chico-East Avenue,13.090083125,93.17651408333334,15.973619020833333,1007.2166666666667,1.9958333333333333,99.20833333333333
2014-12-04,39.76168,-121.84047,3.4,19.0,Chico-East Avenue,13.608833124999999,93.44603545833333,12.0629967625,1011.9708333333333,0.25,51.458333333333336
2014-12-05,39.76168,-121.84047,3.8,21.0,Chico-East Avenue,13.35466625,85.589491125,8.7464408625,1016.225,0.17500000000000002,79.41666666666667
2014-12-06,39.76168,-121.84047,6.3,35.0,Chico-East Avenue,14.267166333333334,91.910349625,14.508543537500001,1019.3416666666667,0.5208333333333334,95.29166666666667
2014-12-07,39.76168,-121.84047,10.1,53.0,Chico-East Avenue,12.667166333333334,88.24721808333334,4.636687883333333,1022.8375,0.0,99.16666666666667
2014-12-08,39.76168,-121.84047,8.6,48.0,Chico-East Avenue,12.446332875000001,80.61555704166666,6.6793981874999995,1021.3625000000001,0.06666666666666667,75.95833333333333
2014-12-09,39.76168,-121.84047,13.7,60.0,Chico-East Avenue,12.565083,82.32517299999999,3.0596934208333333,1021.1875,0.0,92.625
2014-12-10,39.76168,-121.84047,11.8,56.0,Chico-East Avenue,11.158832875,86.1087175,8.237318158333332,1016.6416666666668,0.020833333333333332,92.29166666666667
2014-12-11,39.76168,-121.84047,4.4,24.0,Chico-East Avenue,12.05674975,87.52977937499999,24.093912875,1004.1791666666667,2.6041666666666665,100.0
2014-12-12,39.76168,-121.84047,6.7,37.0,Chico-East Avenue,8.746332833333334,90.79444925,8.684571033333333,1007.5583333333334,1.1958333333333333,99.45833333333333
2014-12-13,39.76168,-121.84047,9.2,51.0,Chico-East Avenue,8.35258325,86.49343133333333,4.5130027749999995,1019.9958333333334,0.15,60.25
2014-12-14,39.76168,-121.84047,14.1,60.0,Chico-East Avenue,6.721333166666667,78.65906770833332,3.8800258945833335,1021.0291666666667,0.020833333333333332,89.125
2014-12-15,39.76168,-121.84047,4.9,27.0,Chico-East Avenue,7.729666583333334,83.71128575,7.8239769875,1015.9833333333332,0.5375,97.75
2014-12-16,39.76168,-121.84047,2.4,13.0,Chico-East Avenue,8.842166541666666,89.90882245833335,13.022943708333335,1013.375,0.5958333333333333,97.58333333333333
2014-12-17,39.76168,-121.84047,2.0,11.0,Chico-East Avenue,9.692166166666667,91.82760383333334,15.463588625,1013.4625,0.6541666666666667,86.16666666666667
2014-12-18,39.76168,-121.84047,3.7,21.0,Chico-East Avenue,9.904666208333333,82.56747420833334,8.663150979166668,1019.8958333333334,0.075,91.125
2014-12-19,39.76168,-121.84047,2.8,16.0,Chico-East Avenue,10.096332875,82.57373541666666,13.845471674999999,1020.6041666666666,0.6041666666666666,97.70833333333333
2014-12-20,39.76168,-121.84047,1.0,6.0,Chico-East Avenue,10.554666124999999,90.33085195833333,13.193000979166667,1021.0958333333333,0.13749999999999998,99.04166666666667
2014-12-21,39.76168,-121.84047,3.3,18.0,Chico-East Avenue,11.844249583333331,90.36547508333332,10.675205970833334,1023.8000000000001,0.20833333333333334,99.45833333333333
2014-12-22,39.76168,-121.84047,6.5,36.0,Chico-East Avenue,12.144249833333333,89.64691525,5.660116529166667,1024.3041666666666,0.0,37.791666666666664
2014-12-23,39.76168,-121.84047,12.9,58.0,Chico-East Avenue,12.954666458333334,72.656592125,7.164534345833332,1021.8791666666666,0.0,6.791666666666667
2014-12-24,39.76168,-121.84047,12.8,58.0,Chico-East Avenue,9.754666416666668,85.19472333333333,10.3375603875,1017.3000000000001,0.14583333333333334,79.54166666666667
2014-12-25,39.76168,-121.84047,6.3,35.0,Chico-East Avenue,7.594249916666667,62.79032333333333,13.146423858333334,1017.7375000000001,0.041666666666666664,4.416666666666667
2014-12-26,39.76168,-121.84047,12.8,58.0,Chico-East Avenue,6.623416541666667,55.96820466666667,11.600538916666666,1021.3958333333334,0.0,0.20833333333333334
2014-12-27,39.76168,-121.84047,19.1,70.0,Chico-East Avenue,4.887999874999999,62.05357020833333,7.500306325,1025.7916666666667,0.0,47.5
2014-12-28,39.76168,-121.84047,21.7,74.0,Chico-East Avenue,5.4067498333333335,74.22283445833334,3.4586329708333334,1027.3500000000001,0.0,58.208333333333336
2014-12-29,39.76168,-121.84047,24.3,79.0,Chico-East Avenue,3.9421665829166663,80.63827370833333,3.7322321916666668,1023.3249999999999,0.0,21.958333333333332
2014-12-30,39.76168,-121.84047,3.6,20.0,Chico-East Avenue,5.104666625,59.04358745833333,12.738572466666668,1021.8249999999999,0.0,15.166666666666666
2014-12-31,39.76168,-121.84047,14.7,61.0,Chico-East Avenue,5.208833208333333,37.61622095833334,16.028925041666668,1025.8458333333333,0.0,1.5833333333333333
2015-01-01,39.76168,-121.84047,39.0,110.0,Chico-East Avenue,4.219249875833333,52.304870666666666,8.104580025,1019.9875000000001,0.0,0.0
2015-01-02,39.76168,-121.84047,36.0,102.0,Chico-East Avenue,2.942166584166667,68.260564625,5.331939025,1022.0416666666666,0.0,8.291666666666666
2015-01-03,39.76168,-121.84047,30.0,90.0,Chico-East Avenue,3.5504999183333332,75.790593625,4.616159916666667,1022.9958333333333,0.0,1.5
2015-01-04,39.76168,-121.84047,26.4,83.0,Chico-East Avenue,4.8192499175,80.84990191666667,3.3064490125,1027.8916666666667,0.0,70.70833333333333
2015-01-05,39.76168,-121.84047,25.8,82.0,Chico-East Avenue,6.467166583333333,81.22413479166666,3.1219340487500005,1028.7749999999999,0.0,84.58333333333333
2015-01-06,39.76168,-121.84047,26.9,84.0,Chico-East Avenue,9.09633325,76.71242633333334,5.227595170833333,1025.1833333333334,0.0,75.83333333333333
2015-01-07,39.76168,-121.84047,31.4,93.0,Chico-East Avenue,10.450499916666667,72.984705,5.679306954166666,1022.6958333333333,0.0,3.0416666666666665
2015-01-08,39.76168,-121.84047,28.0,86.0,Chico-East Avenue,10.121333166666666,73.80836975,5.623406899166667,1018.9291666666667,0.0,59.0
2015-01-09,39.76168,-121.84047,27.6,85.0,Chico-East Avenue,10.29008325,75.081634875,4.098683779166667,1015.9916666666667,0.0,93.45833333333333
2015-01-10,39.76168,-121.84047,37.9,107.0,Chico-East Avenue,9.817166416666668,79.63864970833333,3.905275675,1015.4208333333332,0.0,89.20833333333333
2015-01-11,39.76168,-121.84047,25.9,82.0,Chico-East Avenue,9.867166458333333,78.84090108333334,2.883269304166667,1016.5416666666666,0.016666666666666666,79.95833333333333
2015-01-12,39.76168,-121.84047,16.3,64.0,Chico-East Avenue,9.142166541666667,81.32494691666666,3.7552411666666665,1021.8166666666666,0.0,67.83333333333333
2015-01-13,39.76168,-121.84047,8.2,46.0,Chico-East Avenue,10.133833208333334,69.85788674999999,9.147712404166667,1022.3249999999999,0.0,4.541666666666667
2015-01-14,39.76168,-121.84047,26.5,83.0,Chico-East Avenue,8.221333125,65.47536733333334,6.174392191666667,1022.5666666666666,0.0,22.75
2015-01-15,39.76168,-121.84047,21.2,74.0,Chico-East Avenue,7.275499833333334,75.71857312499999,4.2745627875,1025.6208333333334,0.0,79.125
2015-01-16,39.76168,-121.84047,15.4,63.0,Chico-East Avenue,9.687999416666665,75.01189358333333,6.1677968000000005,1024.6916666666666,0.13749999999999998,97.45833333333333
2015-01-17,39.76168,-121.84047,16.6,65.0,Chico-East Avenue,10.398416291666667,83.3277275,3.677521183333333,1024.875,0.0,87.91666666666667
2015-01-18,39.76168,-121.84047,25.5,82.0,Chico-East Avenue,12.694249625,80.82988229166666,7.661545666666666,1024.5333333333333,0.0,83.75
2015-01-19,39.76168,-121.84047,18.7,69.0,Chico-East Avenue,12.477582958333334,86.84972049999999,4.9452039,1025.0,0.004166666666666667,80.16666666666667
2015-01-20,39.76168,-121.84047,12.5,57.0,Chico-East Avenue,9.306749875,74.93028149999999,4.8991246075,1020.9458333333333,0.0,47.416666666666664
2015-01-21,39.76168,-121.84047,15.0,62.0,Chico-East Avenue,9.742166625,62.741259750000005,6.632939452916666,1019.125,0.0,29.5
2015-01-22,39.76168,-121.84047,24.3,79.0,Chico-East Avenue,8.904666583333332,65.68637675000001,5.126576108333333,1023.7791666666667,0.0,64.125
2015-01-23,39.76168,-121.84047,22.3,76.0,Chico-East Avenue,10.396333291666666,63.16549416666667,7.648342170833334,1026.8833333333334,0.0,25.458333333333332
2015-01-24,39.76168,-121.84047,15.6,63.0,Chico-East Avenue,13.9505,54.26520383333334,8.721592679166667,1024.0291666666667,0.0,4.791666666666667
2015-01-25,39.76168,-121.84047,15.8,63.0,Chico-East Avenue,14.188000083333334,55.78691354166667,6.444745495833334,1020.4250000000001,0.0,19.958333333333332
2015-01-26,39.76168,-121.84047,23.9,79.0,Chico-East Avenue,12.098416499999999,70.86906458333333,5.686696933333334,1017.3291666666668,0.0,48.208333333333336
2015-01-27,39.76168,-121.84047,19.8,71.0,Chico-East Avenue,11.852583166666667,71.58981795833333,7.985755470833333,1018.4666666666667,0.0,94.95833333333333
2015-01-28,39.76168,-121.84047,12.4,57.0,Chico-East Avenue,9.996333166666666,75.79613929166668,6.389177608333333,1023.7416666666667,0.0,44.125
2015-01-29,39.76168,-121.84047,13.8,60.0,Chico-East Avenue,11.08175,72.09916591666666,5.839303491666667,1020.625,0.0,42.666666666666664
2015-01-30,39.76168,-121.84047,7.8,43.0,Chico-East Avenue,12.169249916666667,70.46912379166666,7.0233255875000005,1016.1333333333333,0.0,1.125
2015-01-31,39.76168,-121.84047,7.2,40.0,Chico-East Avenue,12.302583166666667,57.82316095833334,10.150957070833334,1014.1625,0.0,0.9166666666666666
2015-02-01,39.76168,-121.84047,18.9,69.0,Chico-East Avenue,11.0796665,56.48505254166667,6.772960833333333,1018.2291666666666,0.0,59.833333333333336
2015-02-02,39.76168,-121.84047,12.9,58.0,Chico-East Avenue,11.194249833333332,73.91304141666667,3.0774111241666664,1020.9291666666667,0.0,88.875
2015-02-03,39.76168,-121.84047,11.8,56.0,Chico-East Avenue,12.685916375,83.17731120833334,4.3974678958333335,1019.7041666666668,0.0,94.20833333333333
2015-02-04,39.76168,-121.84047,24.6,80.0,Chico-East Avenue,12.406749916666667,75.14286320833334,5.063159954166667,1018.1,0.0,98.04166666666667
2015-02-05,39.76168,-121.84047,19.3,70.0,Chico-East Avenue,13.544249749999999,63.46500854166666,10.364929304166667,1015.3208333333333,0.0,85.91666666666667
2015-02-06,39.76168,-121.84047,5.0,28.0,Chico-East Avenue,13.358833124999999,71.37096225,15.630378499999999,1011.0416666666666,0.9125,99.95833333333333
2015-02-07,39.76168,-121.84047,3.4,19.0,Chico-East Avenue,13.875499833333334,88.92574204166665,23.621593583333333,1012.4666666666667,1.7125000000000001,67.54166666666667
2015-02-08,39.76168,-121.84047,3.7,21.0,Chico-East Avenue,14.396333125,92.59633983333333,13.845649683333335,1015.7875,0.6333333333333333,81.625
2015-02-09,39.76168,-121.84047,4.3,24.0,Chico-East Avenue,13.210916249999999,87.83580024999999,19.732264583333333,1016.5875,0.65,61.458333333333336
2015-02-10,39.76168,-121.84047,4.9,27.0,Chico-East Avenue,10.767166291666667,78.117953875,9.140947866666666,1022.4291666666667,0.03333333333333333,31.291666666666668
2015-02-11,39.76168,-121.84047,7.4,41.0,Chico-East Avenue,11.515083166666665,65.44706208333334,6.157163725,1020.0458333333332,0.0,81.58333333333333
2015-02-12,39.76168,-121.84047,8.2,46.0,Chico-East Avenue,12.658833083333333,73.38487925,4.318690995833333,1022.0375,0.0,97.0
2015-02-13,39.76168,-121.84047,13.3,59.0,Chico-East Avenue,13.433833208333333,76.35109495833333,3.7630700666666663,1020.4083333333333,0.0,94.875
2015-02-14,39.76168,-121.84047,9.2,51.0,Chico-East Avenue,13.517166458333334,75.12242654166667,4.494156165833333,1018.6708333333332,0.0,48.666666666666664
2015-02-15,39.76168,-121.84047,6.8,38.0,Chico-East Avenue,14.002583333333334,69.94332504166667,6.259865220833333,1016.8333333333334,0.0,20.083333333333332
2015-02-16,39.76168,-121.84047,6.1,34.0,Chico-East Avenue,13.60675,65.47498075,6.709361654166667,1015.375,0.0,33.291666666666664
2015-02-17,39.76168,-121.84047,8.8,49.0,Chico-East Avenue,12.8546665,71.47573737500001,5.362540529166666,1016.4833333333332,0.0,52.833333333333336
2015-02-18,39.76168,-121.84047,13.4,59.0,Chico-East Avenue,12.127583291666667,85.15548125,4.455513616666667,1020.5958333333333,0.0,23.791666666666668
2015-02-19,39.76168,-121.84047,13.7,60.0,Chico-East Avenue,12.023416583333335,85.03949141666666,3.629743683333333,1019.9666666666667,0.0,61.416666666666664
2015-02-20,39.76168,-121.84047,5.6,31.0,Chico-East Avenue,12.415083333333333,77.05483383333333,6.905010266666667,1017.2333333333332,0.0,29.541666666666668
2015-02-21,39.76168,-121.84047,9.8,52.0,Chico-East Avenue,11.892166666666666,63.731960208333334,5.461862733333334,1013.5749999999999,0.0,33.25
2015-02-22,39.76168,-121.84047,3.2,18.0,Chico-East Avenue,11.615083166666667,46.66385516666667,12.3595021875,1011.7666666666668,0.0,1.4583333333333333
2015-02-23,39.76168,-121.84047,4.4,24.0,Chico-East Avenue,10.090083291666666,32.93009895833333,13.777611645833334,1016.0833333333334,0.0,0.0
2015-02-24,39.76168,-121.84047,4.9,27.0,Chico-East Avenue,8.694249874999999,44.76904533333334,7.862452220833333,1024.5458333333333,0.0,0.041666666666666664
2015-02-25,39.76168,-121.84047,10.0,53.0,Chico-East Avenue,10.015083208333333,65.31182429166667,5.538304408333333,1024.2,0.0,31.041666666666668
2015-02-26,39.76168,-121.84047,4.2,23.0,Chico-East Avenue,12.581749958333333,58.97092,8.176849283333334,1017.25,0.0,48.041666666666664
2015-02-27,39.76168,-121.84047,3.1,17.0,Chico-East Avenue,12.862999625,61.89110970833334,7.428507199999999,1009.7416666666667,0.0,11.625
2015-02-28,39.76168,-121.84047,3.0,17.0,Chico-East Avenue,9.410916458333334,77.94375433333333,5.215099891666667,1006.4250000000001,0.10416666666666667,38.333333333333336
2015-03-01,39.76168,-121.84047,5.9,33.0,Chico-East Avenue,9.273416583333335,64.16842866666667,9.213850020833332,1013.2291666666666,0.0,11.083333333333334
2015-03-02,39.76168,-121.84047,5.2,29.0,Chico-East Avenue,10.162999833333332,60.322466125000005,10.476987091666667,1010.15,0.004166666666666667,59.041666666666664
2015-03-03,39.76168,-121.84047,7.9,44.0,Chico-East Avenue,9.137999916666667,69.089741875,6.112190016666666,1014.8958333333334,0.0,1.5833333333333333
2015-03-04,39.76168,-121.84047,5.4,30.0,Chico-East Avenue,9.527583208333333,52.747459916666664,6.838685866666666,1017.225,0.0,10.0
2015-03-05,39.76168,-121.84047,6.0,33.0,Chico-East Avenue,10.208833458333332,59.98306025,5.3634964875,1024.575,0.0,0.0
2015-03-06,39.76168,-121.84047,8.3,46.0,Chico-East Avenue,11.960916666666668,58.96965037499999,5.291968491666666,1024.7791666666667,0.0,0.125
2015-03-07,39.76168,-121.84047,7.3,41.0,Chico-East Avenue,13.319250041666665,53.499113625,5.908591466666667,1019.4499999999999,0.0,7.666666666666667
2015-03-08,39.76168,-121.84047,9.6,52.0,Chico-East Avenue,13.842166666666666,61.90285333333333,5.1310758708333335,1017.0375,0.0,45.5
2015-03-09,39.76168,-121.84047,9.2,51.0,Chico-East Avenue,14.833833291666666,61.135129291666665,5.4511411249999995,1014.8291666666668,0.0,2.0416666666666665
2015-03-10,39.76168,-121.84047,12.8,58.0,Chico-East Avenue,14.883833291666667,65.9353325,5.846549129166667,1013.1666666666666,0.0,74.08333333333333
2015-03-11,39.76168,-121.84047,8.1,45.0,Chico-East Avenue,15.296333083333332,71.67228125,7.0394628541666675,1016.6916666666666,0.09999999999999999,92.91666666666667
2015-03-12,39.76168,-121.84047,1.6,9.0,Chico-East Avenue,14.315083083333333,71.87748520833334,9.6041406875,1023.2541666666666,0.03333333333333333,35.458333333333336
2015-03-13,39.76168,-121.84047,4.1,23.0,Chico-East Avenue,16.302583208333335,55.34336054166667,6.8832544833333325,1020.3625000000001,0.0,66.20833333333333
2015-03-14,39.76168,-121.84047,6.9,38.0,Chico-East Avenue,17.72758325,60.138087375,4.605215733333334,1018.7333333333332,0.0,88.25
2015-03-15,39.76168,-121.84047,5.4,30.0,Chico-East Avenue,18.79841670833333,50.612558416666666,10.881613549999999,1015.1666666666666,0.016666666666666666,91.45833333333333
2015-03-16,39.76168,-121.84047,4.2,23.0,Chico-East Avenue,15.773416458333331,60.17742858333333,6.672778,1016.3791666666666,0.0,99.33333333333333
2015-03-17,39.76168,-121.84047,3.7,21.0,Chico-East Avenue,15.306749875,66.97391858333333,3.4587682999999996,1016.6583333333333,0.0,84.58333333333333
2015-03-18,39.76168,-121.84047,0.1,1.0,Chico-East Avenue,15.090083166666666,51.638213416666666,9.706598208333334,1016.1666666666666,0.0,15.541666666666666
2015-03-19,39.76168,-121.84047,4.1,23.0,Chico-East Avenue,16.65466675,45.70699704166666,7.1202142875000005,1015.6875,0.0,16.791666666666668
2015-03-20,39.76168,-121.84047,6.4,36.0,Chico-East Avenue,15.892166583333333,53.34267620833333,7.0697218500000005,1016.5458333333332,0.0,72.25
2015-03-21,39.76168,-121.84047,5.6,31.0,Chico-East Avenue,16.612999958333333,48.915368666666666,8.738402,1018.6791666666667,0.0,79.0
2015-03-22,39.76168,-121.84047,3.4,19.0,Chico-East Avenue,16.919249833333335,58.558023875,13.951807541666668,1018.2583333333333,0.025000000000000005,80.79166666666667
2015-03-23,39.76168,-121.84047,4.2,23.0,Chico-East Avenue,14.065083125000001,69.2175015,12.181482833333334,1021.0458333333332,0.06666666666666667,77.33333333333333
2015-03-24,39.76168,-121.84047,2.4,13.0,Chico-East Avenue,13.865083,57.04739325,8.412497629166667,1023.4625,0.0,90.70833333333333
2015-03-25,39.76168,-121.84047,2.0,11.0,Chico-East Avenue,14.933833291666666,60.64492320833333,9.9687474875,1022.5625,0.0,15.791666666666666
2015-03-26,39.76168,-121.84047,2.6,14.0,Chico-East Avenue,18.335916666666666,49.630361125,6.135909637499999,1020.0333333333333,0.0,9.0
2015-03-27,39.76168,-121.84047,6.1,34.0,Chico-East Avenue,18.32133325,60.96069945833333,6.275256025,1018.275,0.0,0.0
2015-03-28,39.76168,-121.84047,0.9,5.0,Chico-East Avenue,19.248416583333334,51.53277141666667,12.5013039125,1018.8125,0.0,23.541666666666668
2015-03-29,39.76168,-121.84047,3.5,19.0,Chico-East Avenue,18.444249875,35.527474125,7.819840141666667,1017.1416666666668,0.0,10.583333333333334
2015-03-30,39.76168,-121.84047,5.7,32.0,Chico-East Avenue,18.648416583333333,44.12855941666667,5.77144205,1015.2916666666666,0.0,54.875
2015-03-31,39.76168,-121.84047,4.9,27.0,Chico-East Avenue,18.556749999999997,45.429190166666665,10.53843635,1015.6958333333333,0.0,35.083333333333336
2015-04-01,39.76168,-121.84047,2.4,13.0,Chico-East Avenue,13.925499958333333,30.704867708333335,12.626939416666666,1020.0166666666668,0.0,34.458333333333336
2015-04-02,39.76168,-121.84047,3.2,18.0,Chico-East Avenue,14.7671665,30.607303625,17.428988708333332,1019.9166666666666,0.0,3.5416666666666665
2015-04-03,39.76168,-121.84047,6.0,33.0,Chico-East Avenue,14.610916708333333,30.993199750000002,7.974950554166667,1020.6166666666667,0.0,24.875
2015-04-04,39.76168,-121.84047,8.2,46.0,Chico-East Avenue,15.254666458333332,35.486342125,7.381650400000001,1016.0916666666667,0.0,42.0
2015-04-05,39.76168,-121.84047,3.5,19.0,Chico-East Avenue,13.350499874999999,45.42292666666666,13.299854220833332,1010.6916666666666,0.125,80.33333333333333
2015-04-06,39.76168,-121.84047,0.8,4.0,Chico-East Avenue,9.70674975,58.08992670833334,11.521092116666667,1012.475,0.0,48.125
2015-04-07,39.76168,-121.84047,2.2,12.0,Chico-East Avenue,10.76716625,66.917336125,14.876202520833333,1009.9708333333333,0.7083333333333334,96.04166666666667
2015-04-08,39.76168,-121.84047,3.1,17.0,Chico-East Avenue,9.092166458333333,72.88240466666666,7.9753441625,1018.4375,0.0,44.791666666666664
2015-04-09,39.76168,-121.84047,3.9,22.0,Chico-East Avenue,10.844249916666667,62.22028425,5.147268391666667,1017.7125,0.0,45.125
2015-04-10,39.76168,-121.84047,3.9,22.0,Chico-East Avenue,13.260916625,58.048969,5.583450725,1014.8125,0.0,28.583333333333332
2015-04-11,39.76168,-121.84047,3.5,19.0,Chico-East Avenue,15.773416625000001,51.378006625000005,6.237839308333334,1015.4375,0.0,76.29166666666667
2015-04-12,39.76168,-121.84047,3.0,17.0,Chico-East Avenue,16.8546665,48.78939604166666,9.211330883333334,1015.3916666666668,0.0,28.916666666666668
2015-04-13,39.76168,-121.84047,5.3,29.0,Chico-East Avenue,17.406750166666665,43.8036765,10.559344758333333,1013.9791666666666,0.0,3.875
2015-04-14,39.76168,-121.84047,2.3,13.0,Chico-East Avenue,14.731749958333333,34.562479708333335,14.019848908333332,1020.7125,0.004166666666666667,11.166666666666666
2015-04-15,39.76168,-121.84047,1.2,7.0,Chico-East Avenue,14.910916458333332,26.04495304166667,16.366915895833333,1022.1541666666667,0.0,8.208333333333334
2015-04-16,39.76168,-121.84047,2.4,13.0,Chico-East Avenue,17.279666458333335,29.154979916666665,11.448633166666667,1017.2083333333334,0.0,2.7083333333333335
2015-04-17,39.76168,-121.84047,5.6,31.0,Chico-East Avenue,18.750499958333332,31.3390065,7.489348858333333,1016.0124999999999,0.0,0.041666666666666664
2015-04-18,39.76168,-121.84047,7.9,44.0,Chico-East Avenue,19.677583333333335,39.35279108333334,5.455892929166667,1014.7416666666667,0.0,3.125
2015-04-19,39.76168,-121.84047,4.1,23.0,Chico-East Avenue,21.358833416666666,42.871608333333334,5.308735875,1011.2958333333332,0.0,17.125
2015-04-20,39.76168,-121.84047,9.7,52.0,Chico-East Avenue,21.8775835,42.25678658333333,6.27683048625,1008.5500000000001,0.0,14.916666666666666
2015-04-21,39.76168,-121.84047,9.5,52.0,Chico-East Avenue,20.481750083333335,51.31186854166666,9.7142446375,1007.4458333333333,0.0,42.875
2015-04-22,39.76168,-121.84047,9.4,52.0,Chico-East Avenue,19.852583375,54.22706829166666,8.992336616666668,1008.9375,0.0,53.666666666666664
2015-04-23,39.76168,-121.84047,9.0,50.0,Chico-East Avenue,20.087999999999997,51.66175608333333,8.011464379166666,1008.6166666666667,0.0,30.375
2015-04-24,39.76168,-121.84047,4.1,23.0,Chico-East Avenue,18.65049995833333,46.62079895833333,6.952154195833334,1009.4208333333332,0.07916666666666668,68.0
2015-04-25,39.76168,-121.84047,3.0,17.0,Chico-East Avenue,15.498416666666666,60.138982125000005,10.257257183333333,1011.4375,0.47500000000000003,73.04166666666667
2015-04-26,39.76168,-121.84047,2.6,14.0,Chico-East Avenue,16.290083166666665,45.905522999999995,7.453706337499999,1016.2916666666666,0.0,21.5
2015-04-27,39.76168,-121.84047,2.5,14.0,Chico-East Avenue,20.556750041666668,43.84797295833334,9.996523141666666,1015.7125,0.0,33.583333333333336
2015-04-28,39.76168,-121.84047,4.5,25.0,Chico-East Avenue,21.867166625,42.255179958333336,9.103109550000001,1013.1208333333334,0.0,25.166666666666668
2015-04-29,39.76168,-121.84047,6.9,38.0,Chico-East Avenue,22.173416791666668,45.56291725,7.17917095625,1013.0208333333334,0.0,21.5
2015-04-30,39.76168,-121.84047,6.2,34.0,Chico-East Avenue,23.37966683333333,26.151706041666667,10.779812999999999,1010.9166666666666,0.0,16.833333333333332
2015-05-01,39.76168,-121.84047,6.6,37.0,Chico-East Avenue,24.027583375000003,26.148961333333332,6.661815720833334,1008.8166666666666,0.0,6.958333333333333
2015-05-02,39.76168,-121.84047,10.0,53.0,Chico-East Avenue,24.56300016666667,25.82918935416667,9.344962624999999,1008.1125000000001,0.0,0.0
2015-05-03,39.76168,-121.84047,9.7,52.0,Chico-East Avenue,23.767167125,32.59978675,10.5429125,1007.8000000000001,0.0,0.0
2015-05-04,39.76168,-121.84047,10.8,54.0,Chico-East Avenue,21.413000125,40.53627275,10.222062804166667,1009.8458333333333,0.0,0.25
2015-05-05,39.76168,-121.84047,9.8,52.0,Chico-East Avenue,20.13800004166667,42.478621625,9.050098566666668,1010.9499999999999,0.0,13.291666666666666
2015-05-06,39.76168,-121.84047,5.0,28.0,Chico-East Avenue,20.827583333333333,34.34611777083334,9.0817086625,1008.9583333333334,0.0,15.333333333333334
2015-05-07,39.76168,-121.84047,3.0,17.0,Chico-East Avenue,19.844250291666665,17.707902666666666,15.181544791666667,1006.1458333333334,0.0,54.041666666666664
2015-05-08,39.76168,-121.84047,5.7,32.0,Chico-East Avenue,17.398416416666667,46.04564635416667,8.2215151375,1008.2583333333333,0.0,33.458333333333336
2015-05-09,39.76168,-121.84047,9.8,52.0,Chico-East Avenue,19.667166791666666,45.371469,9.02759305,1014.5625,0.0,6.958333333333333
2015-05-10,39.76168,-121.84047,9.1,51.0,Chico-East Avenue,21.106750125,42.53100845833333,9.618058754166666,1014.3166666666666,0.0,64.45833333333333
2015-05-11,39.76168,-121.84047,7.6,42.0,Chico-East Avenue,20.229666791666666,39.07485245833333,14.525596166666666,1010.4875000000001,0.0,43.458333333333336
2015-05-12,39.76168,-121.84047,5.5,31.0,Chico-East Avenue,17.510916625,40.89390220833334,7.114279625000001,1009.3625000000001,0.0,49.083333333333336
2015-05-13,39.76168,-121.84047,4.6,26.0,Chico-East Avenue,16.958833375,37.93729220833333,10.409696875,1011.0333333333333,0.0,92.45833333333333
2015-05-14,39.76168,-121.84047,3.8,21.0,Chico-East Avenue,16.665083375,40.048039708333334,9.095154770833334,1009.6,0.0,66.91666666666667
2015-05-15,39.76168,-121.84047,5.1,28.0,Chico-East Avenue,16.7171665,52.387569000000006,8.792058425,1009.125,0.004166666666666667,76.91666666666667
2015-05-16,39.76168,-121.84047,5.7,32.0,Chico-East Avenue,17.921333291666667,52.245157791666664,7.328165658333333,1012.0166666666668,0.0,55.5
2015-05-17,39.76168,-121.84047,6.6,37.0,Chico-East Avenue,18.952583458333333,49.383278458333336,8.947313954166667,1013.4708333333333,0.0,84.83333333333333
2015-05-18,39.76168,-121.84047,6.0,33.0,Chico-East Avenue,18.779666583333334,47.508394625,7.2805049041666665,1014.8166666666666,0.0,57.958333333333336
2015-05-19,39.76168,-121.84047,5.2,29.0,Chico-East Avenue,19.073416708333333,48.09172125,8.702637229166667,1015.6875,0.0,21.25
2015-05-20,39.76168,-121.84047,5.8,32.0,Chico-East Avenue,19.931750041666668,45.04452166666667,8.431315391666667,1011.9,0.0,20.708333333333332
2015-05-21,39.76168,-121.84047,5.8,32.0,Chico-East Avenue,19.275499999999997,51.081200333333335,9.838596791666665,1010.9291666666667,0.0,13.791666666666666
2015-05-22,39.76168,-121.84047,8.1,45.0,Chico-East Avenue,19.056750166666667,54.985820999999994,9.038475795833333,1012.8041666666667,0.0,51.541666666666664
2015-05-23,39.76168,-121.84047,8.0,44.0,Chico-East Avenue,19.921333541666666,53.102868083333334,9.287593345833333,1015.1291666666666,0.0,50.416666666666664
2015-05-24,39.76168,-121.84047,8.5,47.0,Chico-East Avenue,21.317166708333332,50.84566929166667,5.5032874875,1013.0916666666667,0.0,5.75
2015-05-25,39.76168,-121.84047,6.6,37.0,Chico-East Avenue,22.175500125,45.42932754166667,11.404883920833333,1010.7583333333333,0.0,14.958333333333334
2015-05-26,39.76168,-121.84047,5.4,30.0,Chico-East Avenue,21.902583375000003,47.68799529166666,10.613668712499999,1011.775,0.0,5.208333333333333
2015-05-27,39.76168,-121.84047,7.3,41.0,Chico-East Avenue,22.41716658333333,45.72148875,9.139595495833333,1012.6666666666666,0.0,4.875
2015-05-28,39.76168,-121.84047,6.0,33.0,Chico-East Avenue,23.43175008333333,41.944855749999995,7.041316370833333,1013.025,0.0,38.291666666666664
2015-05-29,39.76168,-121.84047,7.3,41.0,Chico-East Avenue,24.5650835,42.1180255,6.729117883333333,1011.7791666666667,0.0,44.041666666666664
2015-05-30,39.76168,-121.84047,8.3,46.0,Chico-East Avenue,24.927583583333334,35.88092433333333,7.953884920833333,1010.5749999999999,0.0,74.5
2015-05-31,39.76168,-121.84047,6.7,37.0,Chico-East Avenue,24.46925025,33.69203579166667,10.828783383333333,1009.1166666666667,0.0,73.29166666666667
2015-06-01,39.76168,-121.84047,3.8,21.0,Chico-East Avenue,21.08175,38.61700495833333,16.75897266666667,1012.0375,0.0,29.666666666666668
2015-06-02,39.76168,-121.84047,3.1,17.0,Chico-East Avenue,21.381750125,51.20116545833333,7.816662470833333,1014.7791666666667,0.0,20.166666666666668
2015-06-03,39.76168,-121.84047,5.8,32.0,Chico-East Avenue,23.850500166666667,34.92096075,5.366576541666666,1010.6666666666666,0.0,60.125
2015-06-04,39.76168,-121.84047,5.7,32.0,Chico-East Avenue,24.067166791666665,39.34555995833333,7.132391370833333,1007.7916666666666,0.0,70.75
2015-06-05,39.76168,-121.84047,4.0,22.0,Chico-East Avenue,26.085916833333332,36.39149558333333,7.1606296291666665,1006.5875,0.0,24.708333333333332
2015-06-06,39.76168,-121.84047,7.0,39.0,Chico-East Avenue,26.96925029166667,38.827986958333334,5.51315137,1007.4541666666668,0.0,14.208333333333334
2015-06-07,39.76168,-121.84047,7.1,39.0,Chico-East Avenue,28.65466675,36.551975625000004,8.1209230375,1009.4833333333332,0.0,12.166666666666666
2015-06-08,39.76168,-121.84047,8.7,48.0,Chico-East Avenue,30.65258375,33.653619125,5.983002516666667,1008.8541666666666,0.0,6.041666666666667
2015-06-09,39.76168,-121.84047,8.0,44.0,Chico-East Avenue,31.669250625,29.547629041666667,6.517800007083333,1006.6833333333334,0.0,40.833333333333336
2015-06-10,39.76168,-121.84047,5.1,28.0,Chico-East Avenue,25.479666958333336,50.41354066666667,13.176547249999999,1009.725,0.11666666666666665,99.16666666666667
2015-06-11,39.76168,-121.84047,5.2,29.0,Chico-East Avenue,24.848416791666665,55.601165583333334,10.417399979166666,1009.7041666666668,0.0,44.0
2015-06-12,39.76168,-121.84047,6.7,37.0,Chico-East Avenue,29.688000333333335,29.61241158333333,6.7495428041666665,1006.8874999999999,0.0,0.0
2015-06-13,39.76168,-121.84047,11.3,55.0,Chico-East Avenue,31.148416833333332,27.069755833333332,6.653716770833333,1004.2583333333333,0.0,0.0
2015-06-14,39.76168,-121.84047,15.9,64.0,Chico-East Avenue,28.265083666666666,33.517957583333335,9.872010504166667,1004.5791666666668,0.0,1.0833333333333333
2015-06-15,39.76168,-121.84047,15.0,62.0,Chico-East Avenue,25.627583708333333,36.244656125,9.935418141666666,1007.1750000000001,0.0,6.791666666666667
2015-06-16,39.76168,-121.84047,12.5,57.0,Chico-East Avenue,26.231750333333334,37.07340025,7.685182266666666,1010.2541666666666,0.0,3.3333333333333335
2015-06-17,39.76168,-121.84047,9.8,52.0,Chico-East Avenue,28.310917041666666,31.08229775,6.495018662500001,1009.9958333333334,0.0,12.75
2015-06-18,39.76168,-121.84047,10.0,53.0,Chico-East Avenue,28.12966675,30.318521625,9.9996695125,1010.15,0.0,7.625
2015-06-19,39.76168,-121.84047,7.2,40.0,Chico-East Avenue,27.233833666666666,26.70691641666667,9.040006308333334,1011.8541666666666,0.0,1.6666666666666667
2015-06-20,39.76168,-121.84047,6.1,34.0,Chico-East Avenue,28.47758345833333,23.702048187499997,5.8994305125,1009.9625,0.0,72.91666666666667
2015-06-21,39.76168,-121.84047,5.1,28.0,Chico-East Avenue,27.529667,22.038847541666666,16.261425625,1009.2291666666666,0.0,36.0
2015-06-22,39.76168,-121.84047,5.3,29.0,Chico-East Avenue,25.448416708333337,25.680645708333333,8.473574820833333,1013.1291666666666,0.0,0.0
2015-06-23,39.76168,-121.84047,3.7,21.0,Chico-East Avenue,27.077583625,25.301249125,6.5227475833333335,1012.5583333333334,0.0,0.0
2015-06-24,39.76168,-121.84047,9.5,52.0,Chico-East Avenue,28.704666958333334,26.944399208333333,5.936968899166668,1009.9,0.0,2.75
2015-06-25,39.76168,-121.84047,11.4,55.0,Chico-East Avenue,30.248417083333333,30.055469083333335,5.947443183333333,1009.3916666666668,0.0,5.708333333333333
2015-06-26,39.76168,-121.84047,11.5,55.0,Chico-East Avenue,32.460916833333336,26.9986625,7.9179414249999995,1009.4625,0.0,2.0416666666666665
2015-06-27,39.76168,-121.84047,8.0,44.0,Chico-East Avenue,31.142166791666668,28.57467766666667,9.851106491666666,1010.5708333333333,0.0,60.125
2015-06-28,39.76168,-121.84047,6.0,33.0,Chico-East Avenue,29.381750375,33.69544045833333,7.415447195833334,1012.25,0.0,66.45833333333333
2015-06-29,39.76168,-121.84047,5.7,32.0,Chico-East Avenue,29.46925029166667,34.78102141666667,8.150402795833333,1011.9499999999999,0.0,62.333333333333336
2015-06-30,39.76168,-121.84047,4.7,26.0,Chico-East Avenue,31.163000166666667,27.173258625,5.513223395833333,1009.9791666666666,0.0,63.333333333333336
2015-07-01,39.76168,-121.84047,5.4,30.0,Chico-East Avenue,33.167166791666666,30.3982415,9.298176883333333,1008.0041666666666,0.0,63.958333333333336
2015-07-02,39.76168,-121.84047,8.5,47.0,Chico-East Avenue,31.833833583333334,26.251127208333333,8.947307891666666,1009.7666666666668,0.008333333333333333,64.91666666666667
2015-07-03,39.76168,-121.84047,5.2,29.0,Chico-East Avenue,30.244250291666663,43.15465275,10.162984275,1010.5041666666666,0.020833333333333332,68.79166666666667
2015-07-04,39.76168,-121.84047,7.7,43.0,Chico-East Avenue,31.317166916666665,44.18853195833333,6.519362608333334,1007.7666666666668,0.0,69.41666666666667
2015-07-05,39.76168,-121.84047,7.8,43.0,Chico-East Avenue,31.065083583333333,36.221618791666664,10.917817591666667,1008.0958333333333,0.0,23.333333333333332
2015-07-06,39.76168,-121.84047,4.0,22.0,Chico-East Avenue,28.527583625000002,39.42064429166667,11.445735116666667,1012.4041666666667,0.0,33.291666666666664
2015-07-07,39.76168,-121.84047,5.2,29.0,Chico-East Avenue,27.733833625,37.84564133333333,10.371353479166666,1012.3041666666667,0.0,39.333333333333336
2015-07-08,39.76168,-121.84047,6.4,36.0,Chico-East Avenue,26.400500124999997,41.53088208333333,9.799076995833333,1008.5208333333334,0.0,47.708333333333336
2015-07-09,39.76168,-121.84047,5.9,33.0,Chico-East Avenue,23.798416916666667,51.556285,11.692991629166665,1007.6916666666666,0.0,88.33333333333333
2015-07-10,39.76168,-121.84047,6.6,37.0,Chico-East Avenue,22.877583541666667,56.567196708333334,10.514930133333333,1010.4333333333334,0.0,58.833333333333336
2015-07-11,39.76168,-121.84047,4.1,23.0,Chico-East Avenue,23.683833500000002,51.54503583333334,9.238281833333334,1011.6374999999999,0.0,30.916666666666668
2015-07-12,39.76168,-121.84047,3.7,21.0,Chico-East Avenue,25.690083458333334,43.16810291666667,12.216621333333334,1013.15,0.0,71.16666666666667
2015-07-13,39.76168,-121.84047,6.0,33.0,Chico-East Avenue,26.056750166666664,39.41184916666666,6.959955874166667,1013.4791666666666,0.0,18.666666666666668
2015-07-14,39.76168,-121.84047,7.6,42.0,Chico-East Avenue,27.398417041666665,35.49569979166667,6.2453578125,1009.6833333333334,0.0,11.875
2015-07-15,39.76168,-121.84047,7.2,40.0,Chico-East Avenue,27.769250166666666,36.656856375,7.54347515,1008.7458333333334,0.0,0.0
2015-07-16,39.76168,-121.84047,7.5,42.0,Chico-East Avenue,29.779667041666666,29.839842333333333,7.235725704166666,1009.0541666666667,0.0,0.7083333333333334
2015-07-17,39.76168,-121.84047,6.8,38.0,Chico-East Avenue,30.413000375,30.763809124999998,8.864125575000001,1007.7541666666666,0.0,16.458333333333332
2015-07-18,39.76168,-121.84047,6.2,34.0,Chico-East Avenue,30.169250333333334,24.35744508333333,13.202372708333334,1007.4833333333332,0.0,11.583333333333334
2015-07-19,39.76168,-121.84047,5.9,33.0,Chico-East Avenue,28.68591675,29.768945666666667,8.091194529166666,1013.9958333333334,0.0,10.5
2015-07-20,39.76168,-121.84047,7.1,39.0,Chico-East Avenue,29.748416916666667,39.006271,6.394499808333333,1013.7208333333333,0.0,21.291666666666668
2015-07-21,39.76168,-121.84047,7.6,42.0,Chico-East Avenue,31.046333708333332,35.810125625,10.029203,1009.5,0.0,16.25
2015-07-22,39.76168,-121.84047,7.1,39.0,Chico-East Avenue,28.338000166666664,37.383558125,15.24830225,1006.3416666666667,0.0,13.125
2015-07-23,39.76168,-121.84047,10.1,53.0,Chico-East Avenue,24.61925008333333,35.765839375,14.0925405,1010.2666666666668,0.0,5.208333333333333
2015-07-24,39.76168,-121.84047,8.8,49.0,Chico-East Avenue,24.950500083333335,34.17560791666667,8.3326709625,1015.3666666666667,0.0,0.0
2015-07-25,39.76168,-121.84047,4.8,27.0,Chico-East Avenue,25.975500166666667,27.127635833333333,8.412484079166667,1015.7125,0.0,0.0
2015-07-26,39.76168,-121.84047,4.9,27.0,Chico-East Avenue,26.208833708333334,33.19611979166667,7.8152254,1011.7624999999999,0.0,0.041666666666666664
2015-07-27,39.76168,-121.84047,3.1,17.0,Chico-East Avenue,27.77341708333333,28.074478624999998,8.067543370833333,1010.9541666666668,0.0,6.333333333333333
2015-07-28,39.76168,-121.84047,3.1,17.0,Chico-East Avenue,29.398416958333332,16.628300125,9.5266403625,1009.9416666666666,0.0,0.0
2015-07-29,39.76168,-121.84047,4.9,27.0,Chico-East Avenue,31.648416916666665,14.6927646375,6.7365868875,1009.6291666666666,0.0,0.0
2015-07-30,39.76168,-121.84047,12.7,58.0,Chico-East Avenue,32.06091679166666,20.402427854166667,6.4376062874999995,1011.3249999999999,0.0,9.833333333333334
2015-07-31,39.76168,-121.84047,13.6,59.0,Chico-East Avenue,31.41508358333333,28.9243665,7.8022155333333325,1012.3708333333334,0.0,50.291666666666664
2015-08-01,39.76168,-121.84047,12.4,57.0,Chico-East Avenue,28.24841675,40.298108041666666,8.897673491666668,1011.6708333333332,0.0,8.5
2015-08-02,39.76168,-121.84047,13.3,59.0,Chico-East Avenue,28.50883358333333,41.35825395833333,9.56107445,1010.5625,0.0,70.66666666666667
2015-08-03,39.76168,-121.84047,9.7,52.0,Chico-East Avenue,27.550500416666665,40.267620916666665,9.028238104166666,1010.0791666666668,0.0,8.583333333333334
2015-08-04,39.76168,-121.84047,8.2,46.0,Chico-East Avenue,25.37966683333333,43.231571833333334,10.119328795833333,1011.8083333333334,0.008333333333333333,40.416666666666664
2015-08-05,39.76168,-121.84047,5.7,32.0,Chico-East Avenue,24.281750166666665,46.48837879166667,5.839833516666666,1014.6125000000001,0.008333333333333333,11.333333333333334
2015-08-06,39.76168,-121.84047,16.2,64.0,Chico-East Avenue,26.521333375,39.311955625,4.755548658333333,1010.7541666666666,0.0,22.625
2015-08-07,39.76168,-121.84047,9.7,52.0,Chico-East Avenue,27.360916833333334,35.267929375,7.296124404166666,1008.2375000000001,0.0,79.125
2015-08-08,39.76168,-121.84047,15.2,62.0,Chico-East Avenue,26.71300020833333,38.118396,9.767499679166667,1009.6374999999999,0.0,7.541666666666667
2015-08-09,39.76168,-121.84047,11.6,56.0,Chico-East Avenue,26.18383366666667,40.109988,6.761905841666667,1010.9291666666667,0.0,1.7916666666666667
2015-08-10,39.76168,-121.84047,13.1,58.0,Chico-East Avenue,26.956750333333332,35.454779708333334,8.11614595,1009.5541666666667,0.0,56.916666666666664
2015-08-11,39.76168,-121.84047,4.0,22.0,Chico-East Avenue,26.019250208333332,39.73133704166667,10.999078195833334,1009.7875,0.0,39.583333333333336
2015-08-12,39.76168,-121.84047,5.3,29.0,Chico-East Avenue,25.831750083333333,34.696346291666664,8.972872804166666,1013.1666666666666,0.0,0.041666666666666664
2015-08-13,39.76168,-121.84047,3.5,19.0,Chico-East Avenue,25.956750291666665,36.49463033333333,7.905748974999999,1014.3916666666668,0.0,0.0
2015-08-14,39.76168,-121.84047,4.0,22.0,Chico-East Avenue,25.521333541666667,33.249979125,9.939161875,1014.5666666666666,0.0,0.0
2015-08-15,39.76168,-121.84047,8.3,46.0,Chico-East Avenue,26.175500125,26.763879916666667,6.2520686625,1013.9541666666668,0.0,22.458333333333332
2015-08-16,39.76168,-121.84047,10.9,54.0,Chico-East Avenue,28.04216716666667,24.5235849375,4.3318092125000005,1011.1291666666666,0.0,57.791666666666664
2015-08-17,39.76168,-121.84047,13.7,60.0,Chico-East Avenue,29.748416916666667,20.833495445833332,5.975018415416667,1008.7125,0.0,26.5
2015-08-18,39.76168,-121.84047,20.5,72.0,Chico-East Avenue,29.196333666666664,24.17486633333333,6.3583929333333336,1009.0041666666666,0.0,6.666666666666667
2015-08-19,39.76168,-121.84047,17.9,67.0,Chico-East Avenue,26.881750041666667,32.46146933333333,7.9932179875,1009.8333333333334,0.0,55.791666666666664
2015-08-20,39.76168,-121.84047,11.4,55.0,Chico-East Avenue,26.050500125,35.467006125,8.048123745833333,1009.6416666666668,0.0,4.25
2015-08-21,39.76168,-121.84047,16.8,65.0,Chico-East Avenue,25.317166666666665,42.89407383333333,7.457128566666667,1008.5,0.0,48.208333333333336
2015-08-22,39.76168,-121.84047,11.4,55.0,Chico-East Avenue,25.32341683333333,45.668749958333336,7.354564370833334,1009.6999999999999,0.0,5.708333333333333
2015-08-23,39.76168,-121.84047,8.8,49.0,Chico-East Avenue,25.248416875,43.349408875,8.093644666666668,1011.775,0.0,17.5
2015-08-24,39.76168,-121.84047,7.6,42.0,Chico-East Avenue,25.88383370833333,39.56361379166666,7.8561257125,1013.3000000000001,0.0,46.375
2015-08-25,39.76168,-121.84047,7.0,39.0,Chico-East Avenue,26.854666749999996,34.720996791666664,7.352074841666667,1012.4416666666666,0.0,33.958333333333336
2015-08-26,39.76168,-121.84047,8.7,48.0,Chico-East Avenue,27.606750166666668,31.458266541666664,9.369071008333334,1012.6999999999999,0.0,16.333333333333332
2015-08-27,39.76168,-121.84047,5.2,29.0,Chico-East Avenue,28.969250208333335,29.419378541666664,6.851820983333333,1014.1041666666666,0.0,45.041666666666664
2015-08-28,39.76168,-121.84047,5.4,30.0,Chico-East Avenue,29.365083583333334,30.754867875000002,6.447573858333333,1011.375,0.0,81.0
2015-08-29,39.76168,-121.84047,2.5,14.0,Chico-East Avenue,27.323416958333336,43.616639916666664,17.671401104166666,1010.2958333333332,0.012500000000000002,57.25
2015-08-30,39.76168,-121.84047,2.7,15.0,Chico-East Avenue,23.7650835,43.53367179166667,7.977757979166667,1013.6416666666668,0.0,6.583333333333333
2015-08-31,39.76168,-121.84047,4.3,24.0,Chico-East Avenue,24.877583708333333,30.970353666666668,4.8113811625,1011.4666666666667,0.0,14.25
2015-09-01,39.76168,-121.84047,7.2,40.0,Chico-East Avenue,26.40883375,29.479393791666666,8.139937766666668,1009.0791666666668,0.0,8.375
2015-09-02,39.76168,-121.84047,4.8,27.0,Chico-East Avenue,25.710916916666665,36.365969041666666,15.2661055,1009.3166666666666,0.0,10.375
2015-09-03,39.76168,-121.84047,6.8,38.0,Chico-East Avenue,23.344250083333336,43.64778629166667,13.351457074999999,1009.4125,0.0,2.0833333333333335
2015-09-04,39.76168,-121.84047,6.9,38.0,Chico-East Avenue,21.483833416666666,39.37892304166667,6.791675570833333,1008.3208333333333,0.0,4.666666666666667
2015-09-05,39.76168,-121.84047,0.3,2.0,Chico-East Avenue,21.29424991666667,26.247140666666667,9.194166191666667,1011.9708333333333,0.0,6.875
2015-09-06,39.76168,-121.84047,6.1,34.0,Chico-East Avenue,22.244249999999997,21.065254104166666,6.0892893416666665,1013.3958333333334,0.0,37.583333333333336
2015-09-07,39.76168,-121.84047,9.2,51.0,Chico-East Avenue,24.12966675,23.567142375,5.2216429125,1012.2583333333333,0.0,10.208333333333334
2015-09-08,39.76168,-121.84047,7.8,43.0,Chico-East Avenue,26.175500166666666,22.830616458333335,5.093425920833333,1010.8583333333332,0.0,0.16666666666666666
2015-09-09,39.76168,-121.84047,7.0,39.0,Chico-East Avenue,27.508833791666664,22.734693458333336,5.568497545833334,1009.7833333333333,0.0,0.0
2015-09-10,39.76168,-121.84047,5.7,32.0,Chico-East Avenue,29.333833833333333,24.225937916666666,6.177701225,1009.0749999999999,0.0,29.416666666666668
2015-09-11,39.76168,-121.84047,8.5,47.0,Chico-East Avenue,31.113000375,23.416918874999997,6.593103566666667,1009.9333333333334,0.0,75.75
2015-09-12,39.76168,-121.84047,11.1,55.0,Chico-East Avenue,29.5005,27.850303458333332,7.185843800000001,1009.9541666666668,0.0,45.916666666666664
2015-09-13,39.76168,-121.84047,22.6,76.0,Chico-East Avenue,28.052583583333334,34.786177875,6.3165518291666665,1009.1041666666666,0.0,91.29166666666667
2015-09-14,39.76168,-121.84047,21.3,74.0,Chico-East Avenue,26.529666875,33.879319083333336,14.1588481375,1004.125,0.004166666666666667,30.791666666666668
2015-09-15,39.76168,-121.84047,10.4,53.0,Chico-East Avenue,19.66508358333333,66.06530575000001,12.23144475,1007.9499999999999,0.0,64.125
2015-09-16,39.76168,-121.84047,5.0,28.0,Chico-East Avenue,17.550500041666666,55.368467124999995,11.715890216666667,1012.1,0.04583333333333334,53.291666666666664
2015-09-17,39.76168,-121.84047,2.4,13.0,Chico-East Avenue,17.358833166666667,70.00709391666668,7.652352954166666,1016.7125,0.06666666666666667,65.33333333333333
2015-09-18,39.76168,-121.84047,4.0,22.0,Chico-East Avenue,20.154666666666667,46.643031916666665,6.705788145833334,1013.7333333333332,0.0,0.125
2015-09-19,39.76168,-121.84047,5.7,32.0,Chico-East Avenue,22.32758325,40.99713083333334,5.008021741666666,1010.4916666666667,0.0,1.1666666666666667
2015-09-20,39.76168,-121.84047,6.4,36.0,Chico-East Avenue,24.050500375,37.84371458333333,3.6280995875,1009.9833333333332,0.0,0.0
2015-09-21,39.76168,-121.84047,8.7,48.0,Chico-East Avenue,25.07133345833333,33.709393041666665,5.374036333333333,1008.1541666666667,0.0,0.0
2015-09-22,39.76168,-121.84047,7.7,43.0,Chico-East Avenue,26.421333458333333,25.841343499999997,11.747323975,1006.4958333333334,0.0,0.0
2015-09-23,39.76168,-121.84047,7.6,42.0,Chico-East Avenue,23.1150835,37.583987416666666,8.199399377916667,1012.3791666666666,0.0,0.7083333333333334
2015-09-24,39.76168,-121.84047,7.2,40.0,Chico-East Avenue,23.944250166666667,34.08728116666666,4.618355083333333,1012.6916666666666,0.0,68.125
2015-09-25,39.76168,-121.84047,7.1,39.0,Chico-East Avenue,24.583833541666667,28.56053475,4.0169788625,1010.6125000000001,0.0,18.666666666666668
2015-09-26,39.76168,-121.84047,4.0,22.0,Chico-East Avenue,26.238000125,26.58867508333333,5.990175169583334,1010.4125,0.0,3.125
2015-09-27,39.76168,-121.84047,4.8,27.0,Chico-East Avenue,24.969250416666668,35.787143791666665,4.7756111500000005,1008.0833333333334,0.0,61.25
2015-09-28,39.76168,-121.84047,5.5,31.0,Chico-East Avenue,24.91091683333333,34.60124016666666,7.247567645833333,1008.7333333333332,0.0,6.625
2015-09-29,39.76168,-121.84047,6.5,36.0,Chico-East Avenue,23.463000041666664,31.295038583333334,9.382494895833334,1011.0625,0.0,27.458333333333332
2015-09-30,39.76168,-121.84047,14.9,62.0,Chico-East Avenue,20.283833375,39.40544083333334,7.0060476,1013.2291666666666,0.0,82.83333333333333
2015-10-01,39.76168,-121.84047,9.1,51.0,Chico-East Avenue,18.512999875000002,58.17253254166667,4.4354486416666665,1013.4708333333333,0.35833333333333334,90.08333333333333
2015-10-02,39.76168,-121.84047,4.1,23.0,Chico-East Avenue,20.081749916666666,60.70595120833334,7.798421729166667,1015.4375,0.0,6.208333333333333
2015-10-03,39.76168,-121.84047,9.5,52.0,Chico-East Avenue,21.319250083333333,35.920320833333335,6.646393729166667,1005.0541666666667,0.0,0.5
2015-10-04,39.76168,-121.84047,8.0,44.0,Chico-East Avenue,23.838000374999996,32.492070958333336,10.189826904166667,998.8833333333333,0.024999999999999998,11.791666666666666
2015-10-05,39.76168,-121.84047,10.2,53.0,Chico-East Avenue,21.702583541666666,47.622273291666666,6.400900041666667,1006.5500000000001,0.0,8.0
2015-10-06,39.76168,-121.84047,11.6,56.0,Chico-East Avenue,21.192166833333335,53.06935475,6.293123012500001,1015.125,0.0,10.375
2015-10-07,39.76168,-121.84047,13.7,60.0,Chico-East Avenue,21.190083375,55.25428958333333,5.649727220833333,1017.9958333333334,0.0,72.95833333333333
2015-10-08,39.76168,-121.84047,12.8,58.0,Chico-East Avenue,22.921333458333333,48.31151933333334,3.9451288333333334,1017.9125,0.0,95.08333333333333
2015-10-09,39.76168,-121.84047,11.5,55.0,Chico-East Avenue,22.754666874999998,49.81064375,5.056720216666666,1016.3375,0.0,25.125
2015-10-10,39.76168,-121.84047,8.4,47.0,Chico-East Avenue,22.57550004166667,40.37074875,8.394635095833333,1013.9,0.0,2.2083333333333335
2015-10-11,39.76168,-121.84047,6.1,34.0,Chico-East Avenue,23.710916791666666,42.58227220833333,7.746621091666667,1013.9791666666666,0.0,17.125
2015-10-12,39.76168,-121.84047,6.4,36.0,Chico-East Avenue,23.094249958333332,41.537871833333334,3.4211489208333337,1013.7083333333334,0.0,0.0
2015-10-13,39.76168,-121.84047,6.9,38.0,Chico-East Avenue,23.767166875,35.0197628125,3.8754854125,1014.3125,0.0,0.0
2015-10-14,39.76168,-121.84047,8.0,44.0,Chico-East Avenue,24.625500208333335,29.516872333333335,5.057058469583334,1013.7958333333332,0.0,11.0
2015-10-15,39.76168,-121.84047,9.9,52.0,Chico-East Avenue,24.310916958333333,36.222565458333335,7.156029749999999,1012.1041666666666,0.0,53.625
2015-10-16,39.76168,-121.84047,8.6,48.0,Chico-East Avenue,22.985916875,46.3486885,5.333492179166666,1011.8291666666668,0.0,55.375
2015-10-17,39.76168,-121.84047,5.1,28.0,Chico-East Avenue,22.538000333333333,48.46252658333333,12.702644783333334,1011.0458333333332,0.06666666666666667,31.666666666666668
2015-10-18,39.76168,-121.84047,7.9,44.0,Chico-East Avenue,19.190083541666667,67.138631625,6.334421275,1013.1125000000001,0.008333333333333333,47.416666666666664
2015-10-19,39.76168,-121.84047,3.7,21.0,Chico-East Avenue,17.56091675,66.66693420833333,5.237759395833334,1014.9166666666666,0.0,23.791666666666668
2015-10-20,39.76168,-121.84047,2.2,12.0,Chico-East Avenue,19.252583208333334,49.452251458333336,11.345545158333332,1014.5583333333334,0.0,4.666666666666667
2015-10-21,39.76168,-121.84047,4.2,23.0,Chico-East Avenue,20.723416750000002,35.55489583333333,8.737151841666666,1013.6374999999999,0.0,0.041666666666666664
2015-10-22,39.76168,-121.84047,5.5,31.0,Chico-East Avenue,20.717166708333334,35.734453125,7.069510087499999,1012.7833333333333,0.0,40.5
2015-10-23,39.76168,-121.84047,8.2,46.0,Chico-East Avenue,19.7734165,37.24580970833333,5.203009383333334,1014.1083333333332,0.0,28.791666666666668
2015-10-24,39.76168,-121.84047,7.7,43.0,Chico-East Avenue,18.23591645833333,44.83452945833333,4.4708598904166665,1015.0791666666668,0.0,89.08333333333333
2015-10-25,39.76168,-121.84047,7.6,42.0,Chico-East Avenue,20.433833500000002,32.990357583333335,10.213393279166667,1012.8249999999999,0.0,72.0
2015-10-26,39.76168,-121.84047,8.2,46.0,Chico-East Avenue,19.490083375,37.63070583333333,6.209967245833333,1014.3791666666666,0.0,19.833333333333332
2015-10-27,39.76168,-121.84047,6.3,35.0,Chico-East Avenue,18.167166541666667,34.44612004166667,4.690250704166666,1014.4,0.0,95.04166666666667
2015-10-28,39.76168,-121.84047,6.6,37.0,Chico-East Avenue,17.481749958333335,54.53306116666667,6.512190383333333,1015.7125,0.16666666666666666,82.625
2015-10-29,39.76168,-121.84047,4.6,26.0,Chico-East Avenue,15.873416458333333,59.28313716666667,10.369644579166666,1015.525,0.0,0.875
2015-10-30,39.76168,-121.84047,5.2,29.0,Chico-East Avenue,18.387999958333335,35.789374625,9.298915591666667,1015.2875,0.0,1.4583333333333333
2015-10-31,39.76168,-121.84047,5.4,30.0,Chico-East Avenue,19.12133325,48.531889041666666,7.317397491666667,1016.3083333333334,0.0,0.25
2015-11-01,39.76168,-121.84047,2.3,13.0,Chico-East Avenue,18.423416749999998,68.01943841666666,13.012385166666666,1017.0958333333333,0.17916666666666667,65.45833333333333
2015-11-02,39.76168,-121.84047,5.1,28.0,Chico-East Avenue,13.906749708333335,86.885631,6.577712286666667,1012.125,1.1333333333333333,94.79166666666667
2015-11-03,39.76168,-121.84047,1.0,6.0,Chico-East Avenue,11.867166625000001,65.18576220833333,8.693634095833334,1009.9875000000001,0.008333333333333333,25.625
2015-11-04,39.76168,-121.84047,6.8,38.0,Chico-East Avenue,12.521333291666666,38.73619541666667,13.2252285,1015.1208333333334,0.0,5.166666666666667
2015-11-05,39.76168,-121.84047,11.2,55.0,Chico-East Avenue,10.156749916666667,47.825136333333326,5.36153325,1021.6416666666668,0.0,46.625
2015-11-06,39.76168,-121.84047,10.0,53.0,Chico-East Avenue,10.758833208333334,53.802962541666666,6.117289245833334,1024.2166666666667,0.0,24.833333333333332
2015-11-07,39.76168,-121.84047,13.0,58.0,Chico-East Avenue,11.423416583333333,62.014831791666666,5.255465466666666,1021.5333333333333,0.0,10.083333333333334
2015-11-08,39.76168,-121.84047,11.5,55.0,Chico-East Avenue,11.383833166666667,70.95052645833333,10.780580404166665,1015.5124999999999,0.1625,55.375
2015-11-09,39.76168,-121.84047,2.7,15.0,Chico-East Avenue,9.358832958333332,92.86379462500001,13.2758023125,1013.0124999999999,0.31666666666666665,77.04166666666667
2015-11-10,39.76168,-121.84047,8.3,46.0,Chico-East Avenue,8.898416458333333,82.53921212499999,5.751339758333334,1018.9666666666667,0.19166666666666665,61.666666666666664
2015-11-11,39.76168,-121.84047,21.2,74.0,Chico-East Avenue,8.150499833333333,62.33917058333333,4.540344770833333,1027.5833333333333,0.0,0.125
2015-11-12,39.76168,-121.84047,23.4,78.0,Chico-East Avenue,8.890083166666667,60.30517858333334,6.110700495833334,1024.8875,0.0,2.2083333333333335
2015-11-13,39.76168,-121.84047,22.7,76.0,Chico-East Avenue,10.892166583333333,51.631573374999995,6.1157660125,1019.4375,0.0,0.875
2015-11-14,39.76168,-121.84047,22.6,76.0,Chico-East Avenue,10.846333291666667,62.275551416666666,5.565300025,1015.1041666666666,0.0,0.08333333333333333
2015-11-15,39.76168,-121.84047,2.8,16.0,Chico-East Avenue,11.61091625,72.17343425,16.531083166666665,1007.9625,0.6666666666666666,53.416666666666664
2015-11-16,39.76168,-121.84047,11.1,55.0,Chico-East Avenue,8.744249833333333,46.31028533333333,13.919346583333335,1019.8791666666666,0.0,13.875
2015-11-17,39.76168,-121.84047,16.6,65.0,Chico-East Avenue,8.948416583333334,54.89369158333333,6.225473445833334,1026.0458333333333,0.0,56.25
2015-11-18,39.76168,-121.84047,28.8,88.0,Chico-East Avenue,10.321333166666667,77.560182125,4.618816195833333,1023.8583333333332,0.0,69.5
2015-11-19,39.76168,-121.84047,26.2,83.0,Chico-East Avenue,11.710916541666668,67.28967808333333,4.796002920833334,1020.6791666666667,0.0,21.041666666666668
2015-11-20,39.76168,-121.84047,14.3,61.0,Chico-East Avenue,13.429666583333335,69.21548675,7.8662370374999995,1019.0041666666666,0.0,30.166666666666668
2015-11-21,39.76168,-121.84047,15.4,63.0,Chico-East Avenue,14.271333166666667,56.83585733333334,7.604373487499999,1018.4458333333333,0.0,67.95833333333333
2015-11-22,39.76168,-121.84047,23.6,78.0,Chico-East Avenue,13.494249833333333,58.35209520833333,5.805372954166667,1016.6041666666666,0.0,79.83333333333333
2015-11-23,39.76168,-121.84047,22.7,76.0,Chico-East Avenue,12.171333208333332,65.80620354166668,3.8899108958333333,1012.5,0.0,52.708333333333336
2015-11-24,39.76168,-121.84047,6.4,36.0,Chico-East Avenue,11.292166333333334,77.20210495833334,17.316113208333334,1009.5833333333334,0.24583333333333335,55.833333333333336
2015-11-25,39.76168,-121.84047,16.2,64.0,Chico-East Avenue,6.846333208333333,62.02857649999999,5.5564099125,1012.3416666666667,0.004166666666666667,60.458333333333336
2015-11-26,39.76168,-121.84047,13.4,59.0,Chico-East Avenue,5.377583212499999,54.995878874999995,8.265201283333333,1017.7083333333334,0.0,22.916666666666668
2015-11-27,39.76168,-121.84047,9.7,52.0,Chico-East Avenue,7.035916458333333,33.31102941666666,12.567722708333333,1020.9333333333334,0.0,0.0
2015-11-28,39.76168,-121.84047,19.0,69.0,Chico-East Avenue,4.7942497516666664,44.162341,7.619997358333333,1021.2708333333334,0.0,0.0
2015-11-29,39.76168,-121.84047,18.2,68.0,Chico-East Avenue,4.1067499608333335,51.253989458333336,5.970720366666666,1021.9291666666667,0.0,0.041666666666666664
2015-11-30,39.76168,-121.84047,13.4,59.0,Chico-East Avenue,3.4838332933333334,61.023054124999994,4.8695009958333335,1023.2291666666666,0.004166666666666667,57.25
2015-12-01,39.76168,-121.84047,18.0,68.0,Chico-East Avenue,5.279666585,54.54538825,5.297569370833333,1023.2291666666666,0.0,58.666666666666664
2015-12-02,39.76168,-121.84047,15.1,62.0,Chico-East Avenue,8.183833250000001,70.0702605,4.579395716666666,1023.3249999999999,0.05833333333333333,96.54166666666667
2015-12-03,39.76168,-121.84047,18.1,68.0,Chico-East Avenue,8.862999666666667,76.51009766666667,10.0812776375,1016.0916666666667,0.44583333333333336,85.75
2015-12-04,39.76168,-121.84047,11.6,56.0,Chico-East Avenue,9.821332875,89.25736024999999,14.151113345833332,1019.6333333333333,0.2833333333333333,54.458333333333336
2015-12-05,39.76168,-121.84047,16.8,65.0,Chico-East Avenue,7.027583208333334,73.92305866666668,4.697637941666667,1024.8583333333333,0.0,71.83333333333333
2015-12-06,39.76168,-121.84047,8.6,48.0,Chico-East Avenue,9.421332999999999,75.46961775,11.280773520833334,1024.3333333333333,0.5583333333333333,98.625
2015-12-07,39.76168,-121.84047,5.8,32.0,Chico-East Avenue,11.971333041666666,86.557055375,7.5730356625,1025.1375,0.05833333333333333,99.58333333333333
2015-12-08,39.76168,-121.84047,9.3,51.0,Chico-East Avenue,10.896333041666667,79.361672625,5.25954635,1023.4541666666668,0.0,78.58333333333333
2015-12-09,39.76168,-121.84047,6.5,36.0,Chico-East Avenue,10.742166333333332,89.266258125,12.091797675,1020.1541666666667,0.32083333333333336,99.41666666666667
2015-12-10,39.76168,-121.84047,10.2,53.0,Chico-East Avenue,13.208833,86.97511170833333,17.845173208333332,1011.1208333333334,0.7374999999999999,84.875
2015-12-11,39.76168,-121.84047,5.1,28.0,Chico-East Avenue,9.385916333333332,80.72836870833333,11.754421254166667,1009.6208333333334,0.14166666666666666,82.58333333333333
2015-12-12,39.76168,-121.84047,9.4,52.0,Chico-East Avenue,6.598416374999999,81.34737116666666,4.025750483333334,1017.775,0.0,46.166666666666664
2015-12-13,39.76168,-121.84047,4.1,23.0,Chico-East Avenue,9.233832875,80.02684116666667,19.719999945833333,1014.6875,0.85,93.58333333333333
2015-12-14,39.76168,-121.84047,9.8,52.0,Chico-East Avenue,5.027583295,64.48638383333333,10.905756091666667,1017.0875,0.012499999999999999,19.166666666666668
2015-12-15,39.76168,-121.84047,11.7,56.0,Chico-East Avenue,4.2338332925,60.638748125,10.474838866666667,1021.1708333333332,0.0,9.5
2015-12-16,39.76168,-121.84047,21.8,75.0,Chico-East Avenue,4.181749916666667,58.701006375,6.436088379166667,1023.4125,0.0,27.416666666666668
2015-12-17,39.76168,-121.84047,23.8,78.0,Chico-East Avenue,5.769249875,74.64224041666667,6.1160239208333325,1024.3416666666667,0.0,91.5
2015-12-18,39.76168,-121.84047,11.0,55.0,Chico-East Avenue,8.471333041666666,73.14801483333333,12.104287970833333,1019.625,0.22916666666666666,78.33333333333333
2015-12-19,39.76168,-121.84047,14.6,61.0,Chico-East Avenue,8.177583125,90.657229625,11.896370641666666,1014.2041666666668,1.0833333333333333,90.625
2015-12-20,39.76168,-121.84047,11.4,55.0,Chico-East Avenue,4.308833291666667,91.12319550000001,9.467185541666666,1019.7666666666668,0.2708333333333333,68.20833333333333
2015-12-21,39.76168,-121.84047,3.2,18.0,Chico-East Avenue,7.037999916666667,93.24587125,17.65875395833333,1018.4083333333333,0.8958333333333334,100.0
2015-12-22,39.76168,-121.84047,5.6,31.0,Chico-East Avenue,12.156749625000002,93.49942116666666,14.106234729166665,1005.9666666666667,0.44166666666666665,82.04166666666667
2015-12-23,39.76168,-121.84047,4.6,26.0,Chico-East Avenue,7.8129998333333335,79.71731983333333,5.4143236749999994,1011.3541666666666,0.0,25.416666666666668
2015-12-24,39.76168,-121.84047,10.8,54.0,Chico-East Avenue,6.481749958333334,77.21891033333334,11.299397420833335,1012.1416666666668,0.07916666666666668,50.125
2015-12-25,39.76168,-121.84047,17.9,67.0,Chico-East Avenue,3.508833296041667,82.49403808333334,6.1108420875,1018.7208333333333,0.0,50.375
2015-12-26,39.76168,-121.84047,22.5,76.0,Chico-East Avenue,2.6442499191666666,64.68658095833332,8.764200045833332,1029.3875,0.0,0.5416666666666666
2015-12-27,39.76168,-121.84047,19.2,70.0,Chico-East Avenue,2.0692499591666667,64.72316145833334,5.9286703916666665,1026.4624999999999,0.0,39.208333333333336
2015-12-28,39.76168,-121.84047,6.3,35.0,Chico-East Avenue,4.202583250208334,76.88879033333333,5.3828104041666665,1019.4333333333334,0.012500000000000002,47.75
2015-12-29,39.76168,-121.84047,14.0,60.0,Chico-East Avenue,3.4567498747916665,69.745514875,6.527574,1017.5083333333333,0.0,3.2916666666666665
2015-12-30,39.76168,-121.84047,10.5,54.0,Chico-East Avenue,4.521333334166667,78.47883479166667,5.414988266666666,1023.3416666666667,0.0,63.041666666666664
2015-12-31,39.76168,-121.84047,13.5,59.0,Chico-East Avenue,3.1004999175,69.05699249999999,8.789851995833333,1024.2583333333334,0.0,0.25
2016-01-01,39.76168,-121.84047,17.4,66.0,Chico-East Avenue,3.1213332924999997,48.76434104166666,9.8031129625,1022.1208333333334,0.0,19.291666666666668
2016-01-02,39.76168,-121.84047,13.9,60.0,Chico-East Avenue,3.6546665849999997,56.509518750000005,5.760112058333333,1020.1916666666666,0.0,56.0
2016-01-03,39.76168,-121.84047,19.4,70.0,Chico-East Avenue,5.537999875,65.7860495,5.098505258333334,1014.8666666666667,0.0,93.58333333333333
2016-01-04,39.76168,-121.84047,29.6,89.0,Chico-East Avenue,6.065083291666666,74.33470416666667,6.093241912500001,1008.9208333333332,0.1708333333333333,95.08333333333333
2016-01-05,39.76168,-121.84047,7.8,43.0,Chico-East Avenue,9.246332833333334,92.44252095833333,16.248386208333333,1004.7125,1.4625000000000001,98.25
2016-01-06,39.76168,-121.84047,2.4,13.0,Chico-East Avenue,7.721333333333334,95.00764933333333,18.770142291666666,1006.2541666666666,0.775,88.625
2016-01-07,39.76168,-121.84047,6.2,34.0,Chico-East Avenue,7.348416583333333,91.59153333333335,6.8577861125,1010.6958333333333,0.13333333333333333,97.16666666666667
2016-01-08,39.76168,-121.84047,9.4,52.0,Chico-East Avenue,4.777583207916666,84.65258258333334,3.6972636583333336,1017.6875,0.0,33.541666666666664
2016-01-09,39.76168,-121.84047,9.0,50.0,Chico-East Avenue,7.1859166666666665,85.82463195833333,7.406651354166667,1020.5416666666666,0.26666666666666666,99.20833333333333
2016-01-10,39.76168,-121.84047,4.6,26.0,Chico-East Avenue,6.856749874999999,87.88552054166666,5.7465766875,1022.4250000000001,0.0625,61.583333333333336
2016-01-11,39.76168,-121.84047,11.3,55.0,Chico-East Avenue,6.694249958333334,78.98208041666668,4.037069995,1025.5,0.0,75.66666666666667
2016-01-12,39.76168,-121.84047,12.9,58.0,Chico-East Avenue,7.654666458333334,78.716166375,5.77008275,1025.05,0.0,88.83333333333333
2016-01-13,39.76168,-121.84047,5.2,29.0,Chico-East Avenue,9.721332916666666,84.98101804166667,18.339668591666666,1016.8249999999999,0.8624999999999999,90.0
2016-01-14,39.76168,-121.84047,7.3,41.0,Chico-East Avenue,6.825499958333334,91.38502749999999,8.744803979166667,1020.7125,0.13749999999999998,62.875
2016-01-15,39.76168,-121.84047,9.4,52.0,Chico-East Avenue,7.669249874999999,87.76831795833334,9.149252816666666,1017.2624999999999,0.43333333333333335,76.08333333333333
2016-01-16,39.76168,-121.84047,5.3,29.0,Chico-East Avenue,8.973416458333334,88.12907200000001,8.0244024875,1020.975,0.45416666666666666,97.125
2016-01-17,39.76168,-121.84047,4.7,26.0,Chico-East Avenue,10.60883275,92.67445570833333,12.9658296875,1019.8541666666666,0.5833333333333334,88.91666666666667
2016-01-18,39.76168,-121.84047,1.0,6.0,Chico-East Avenue,11.61924975,93.56913416666667,15.613593979166666,1018.5166666666668,1.1500000000000001,99.75
2016-01-19,39.76168,-121.84047,2.0,11.0,Chico-East Avenue,11.423416208333334,91.43417420833333,17.52834675,1016.7583333333333,0.8624999999999999,97.20833333333333
2016-01-20,39.76168,-121.84047,8.1,45.0,Chico-East Avenue,11.223416291666666,90.80379345833335,10.4331230575,1021.6500000000001,0.03333333333333333,87.25
2016-01-21,39.76168,-121.84047,11.0,55.0,Chico-East Avenue,9.577583041666665,76.15139704166667,3.382591345833333,1022.6,0.0,98.58333333333333
2016-01-22,39.76168,-121.84047,2.7,15.0,Chico-East Avenue,11.508832833333335,82.00321404166667,14.264767304166668,1016.4958333333334,0.9333333333333332,97.29166666666667
2016-01-23,39.76168,-121.84047,3.4,19.0,Chico-East Avenue,10.796332958333332,88.92664429166666,20.9720380625,1013.6833333333334,0.4291666666666667,75.04166666666667
2016-01-24,39.76168,-121.84047,8.4,47.0,Chico-East Avenue,8.956749666666667,88.95615108333334,7.2118672125,1020.3791666666666,0.08750000000000001,63.333333333333336
2016-01-25,39.76168,-121.84047,6.0,33.0,Chico-East Avenue,8.271333083333333,82.283120625,5.949457150000001,1023.8458333333333,0.020833333333333332,64.79166666666667
2016-01-26,39.76168,-121.84047,12.7,58.0,Chico-East Avenue,7.869249916666667,74.09243966666666,6.50092275,1025.6583333333333,0.0,42.291666666666664
2016-01-27,39.76168,-121.84047,16.5,65.0,Chico-East Avenue,9.100499958333334,75.77926670833334,4.1486106875,1026.7250000000001,0.0,68.29166666666667
2016-01-28,39.76168,-121.84047,15.4,63.0,Chico-East Avenue,8.292166541666667,82.74186770833333,5.869897300000001,1024.8541666666667,0.09166666666666667,44.541666666666664
2016-01-29,39.76168,-121.84047,9.7,52.0,Chico-East Avenue,11.235916333333334,93.219104625,14.576739145833335,1020.1333333333333,1.0041666666666667,99.33333333333333
2016-01-30,39.76168,-121.84047,4.1,23.0,Chico-East Avenue,10.398416333333333,85.40805645833332,7.320825858333333,1015.8416666666667,0.4875,96.29166666666667
2016-01-31,39.76168,-121.84047,1.0,6.0,Chico-East Avenue,7.283833208333333,76.35359975,8.947477104166667,1012.5708333333333,0.15,85.41666666666667
2016-02-01,39.76168,-121.84047,3.3,18.0,Chico-East Avenue,7.3588332916666666,43.633144208333334,17.5088105,1016.9583333333334,0.0,17.916666666666668
2016-02-02,39.76168,-121.84047,7.2,40.0,Chico-East Avenue,5.425499958333333,67.17381183333333,7.400429545833333,1023.6083333333332,0.0,66.08333333333333
2016-02-03,39.76168,-121.84047,8.2,46.0,Chico-East Avenue,4.1338331677083335,79.138536875,3.718446740833333,1027.5041666666666,0.0,66.375
2016-02-04,39.76168,-121.84047,6.7,37.0,Chico-East Avenue,7.696333166666666,81.58745766666667,8.2452112375,1030.8625,0.075,87.66666666666667
2016-02-05,39.76168,-121.84047,19.9,71.0,Chico-East Avenue,7.6567498333333335,71.98013954166667,5.6092284958333325,1029.4375,0.0,41.5
2016-02-06,39.76168,-121.84047,17.0,66.0,Chico-East Avenue,8.752583291666667,73.31021179166667,4.2962501125,1029.425,0.0,64.08333333333333
2016-02-07,39.76168,-121.84047,8.6,48.0,Chico-East Avenue,12.646333166666667,62.349657666666666,9.205411029166667,1025.5958333333333,0.0,22.375
2016-02-08,39.76168,-121.84047,3.5,19.0,Chico-East Avenue,14.546333166666665,54.74707108333333,10.024464195833334,1023.9083333333333,0.0,0.0
2016-02-09,39.76168,-121.84047,6.6,37.0,Chico-East Avenue,13.738,59.84148508333333,7.070997308333333,1022.6374999999999,0.0,28.291666666666668
2016-02-10,39.76168,-121.84047,10.5,54.0,Chico-East Avenue,12.931749875,70.26258891666667,5.2302905375,1022.725,0.0,59.5
2016-02-11,39.76168,-121.84047,9.3,51.0,Chico-East Avenue,13.377583291666667,68.83397395833333,5.001326808333333,1020.8333333333334,0.0,92.16666666666667
2016-02-12,39.76168,-121.84047,12.4,57.0,Chico-East Avenue,12.569249958333332,71.082657,4.151528270833333,1021.4499999999999,0.0,84.25
2016-02-13,39.76168,-121.84047,8.6,48.0,Chico-East Avenue,12.450499875,71.83950591666667,6.526256,1022.6041666666666,0.0,37.583333333333336
2016-02-14,39.76168,-121.84047,0.3,2.0,Chico-East Avenue,14.294249833333334,60.780151958333335,9.3329164,1023.7125,0.0,89.95833333333333
2016-02-15,39.76168,-121.84047,1.3,7.0,Chico-East Avenue,16.65883308333333,60.89250875,10.549252683333334,1021.7041666666668,0.0,93.79166666666667
2016-02-16,39.76168,-121.84047,7.1,39.0,Chico-East Avenue,15.196333083333334,63.06856583333333,5.5119681625000005,1015.7333333333332,0.0,83.875
2016-02-17,39.76168,-121.84047,11.5,55.0,Chico-East Avenue,15.542166583333334,67.458176875,9.872883116666666,1004.3916666666668,0.0,96.66666666666667
2016-02-18,39.76168,-121.84047,2.6,14.0,Chico-East Avenue,10.327583166666667,85.01676741666667,19.954864208333333,1005.3041666666667,0.6958333333333333,73.83333333333333
2016-02-19,39.76168,-121.84047,3.9,22.0,Chico-East Avenue,9.996332791666665,82.689914,15.150831666666667,1017.2375000000001,0.09999999999999999,72.875
2016-02-20,39.76168,-121.84047,8.4,47.0,Chico-East Avenue,9.648416666666668,83.120335,8.885155733333333,1022.8166666666666,0.008333333333333333,71.79166666666667
2016-02-21,39.76168,-121.84047,12.8,58.0,Chico-East Avenue,9.3859165,75.395003375,4.153803133333334,1023.0583333333334,0.0,26.208333333333332
2016-02-22,39.76168,-121.84047,5.2,29.0,Chico-East Avenue,10.729666583333334,68.83400491666667,7.463084816666666,1023.4499999999999,0.0,14.75
2016-02-23,39.76168,-121.84047,7.3,41.0,Chico-East Avenue,11.287999999999998,54.3062745,7.231341941666667,1018.2375000000001,0.0,49.833333333333336
2016-02-24,39.76168,-121.84047,9.1,51.0,Chico-East Avenue,11.777583416666666,68.46892458333333,4.403311665416667,1019.3458333333333,0.0,48.875
2016-02-25,39.76168,-121.84047,9.1,51.0,Chico-East Avenue,12.573416666666667,70.74526841666666,4.0300158875,1019.7375000000001,0.0,24.791666666666668
2016-02-26,39.76168,-121.84047,10.1,53.0,Chico-East Avenue,13.117166541666668,73.567651375,6.110017249999999,1018.5166666666668,0.0,70.45833333333333
2016-02-27,39.76168,-121.84047,6.9,38.0,Chico-East Avenue,13.729666583333334,77.437118125,8.345669845,1020.6458333333334,0.020833333333333332,67.875
2016-02-28,39.76168,-121.84047,7.5,42.0,Chico-East Avenue,11.471333208333334,75.57556245833334,3.7152549820833336,1021.0708333333333,0.0,76.83333333333333
2016-02-29,39.76168,-121.84047,5.3,29.0,Chico-East Avenue,12.360916708333333,69.52430195833334,5.006168958333333,1021.6041666666666,0.0,62.416666666666664
2016-03-01,39.76168,-121.84047,5.4,30.0,Chico-East Avenue,13.910916624999999,57.249669708333336,9.348863383333333,1019.0375,0.0,78.375
2016-03-02,39.76168,-121.84047,5.4,30.0,Chico-East Avenue,14.88799975,65.05593879166666,6.725269358333333,1018.35,0.016666666666666666,44.166666666666664
2016-03-03,39.76168,-121.84047,6.8,38.0,Chico-East Avenue,15.302583083333333,76.28885370833333,10.707488391666667,1017.775,0.06666666666666667,99.41666666666667
2016-03-04,39.76168,-121.84047,4.8,27.0,Chico-East Avenue,14.283833083333334,87.35417204166667,8.2128147625,1016.0375,0.13749999999999998,89.83333333333333
2016-03-05,39.76168,-121.84047,2.2,12.0,Chico-East Avenue,13.542166333333334,95.56285279166667,20.158348875,1010.4041666666667,1.8666666666666665,99.125
2016-03-06,39.76168,-121.84047,1.7,9.0,Chico-East Avenue,11.694249625,84.52544658333333,21.474415500000003,1006.75,1.3208333333333333,71.16666666666667
2016-03-07,39.76168,-121.84047,2.0,11.0,Chico-East Avenue,8.692166416666666,85.291393625,15.4186125,1008.8000000000001,1.1958333333333333,99.75
2016-03-08,39.76168,-121.84047,3.7,21.0,Chico-East Avenue,8.383833125,63.20991720833334,8.119039579166666,1015.125,0.029166666666666664,40.083333333333336
2016-03-09,39.76168,-121.84047,4.5,25.0,Chico-East Avenue,9.842166166666667,77.997535125,7.493850966666667,1018.9333333333334,0.0625,95.875
2016-03-10,39.76168,-121.84047,4.2,23.0,Chico-East Avenue,12.750499625000002,91.37641729166667,15.463155020833334,1016.2333333333332,0.5541666666666667,98.58333333333333
2016-03-11,39.76168,-121.84047,2.7,15.0,Chico-East Avenue,11.594249416666665,90.71370595833334,14.794399095833334,1009.9458333333333,1.7750000000000001,100.0
2016-03-12,39.76168,-121.84047,3.0,17.0,Chico-East Avenue,8.952582999999999,90.55674204166667,18.785970125000002,1014.9166666666666,0.4458333333333333,86.5
2016-03-13,39.76168,-121.84047,3.5,19.0,Chico-East Avenue,10.219249541666667,96.00400133333333,22.11047320833333,1015.9541666666668,1.4708333333333332,99.95833333333333
2016-03-14,39.76168,-121.84047,4.2,23.0,Chico-East Avenue,11.058833,83.60858041666667,15.030471854166668,1017.1208333333334,0.32083333333333336,57.916666666666664
2016-03-15,39.76168,-121.84047,4.3,24.0,Chico-East Avenue,9.633833083333334,67.11189304166666,7.052362983333333,1023.8874999999999,0.0,68.45833333333333
2016-03-16,39.76168,-121.84047,3.0,17.0,Chico-East Avenue,12.108833374999998,62.89217,8.5317655125,1019.5166666666668,0.0,26.5
2016-03-17,39.76168,-121.84047,4.7,26.0,Chico-East Avenue,14.129666624999999,63.41448729166667,6.295974233333333,1014.4458333333333,0.0,5.5
2016-03-18,39.76168,-121.84047,6.3,35.0,Chico-East Avenue,14.600499999999998,69.43852008333333,5.981771654166667,1012.9458333333333,0.0,2.4583333333333335
2016-03-19,39.76168,-121.84047,5.7,32.0,Chico-East Avenue,14.871333208333333,76.586183875,7.667646049999999,1014.6916666666666,0.0,74.75
2016-03-20,39.76168,-121.84047,2.1,12.0,Chico-East Avenue,14.867166249999999,81.56949887500001,13.044287320833334,1015.3541666666666,0.21250000000000002,74.66666666666667
2016-03-21,39.76168,-121.84047,2.5,14.0,Chico-East Avenue,12.029666083333334,90.32939058333334,15.932189166666667,1016.0833333333334,0.5208333333333334,82.79166666666667
2016-03-22,39.76168,-121.84047,2.3,13.0,Chico-East Avenue,9.183833041666666,82.64616783333334,7.897595316666667,1019.5541666666667,0.029166666666666664,30.541666666666668
2016-03-23,39.76168,-121.84047,2.7,15.0,Chico-East Avenue,10.327583333333333,65.244365625,8.319829195833334,1024.4583333333333,0.0,42.75
2016-03-24,39.76168,-121.84047,4.0,22.0,Chico-East Avenue,12.656749958333334,68.98637954166666,4.795707425,1023.7583333333333,0.0,61.5
2016-03-25,39.76168,-121.84047,3.3,18.0,Chico-East Avenue,13.312999958333334,68.261039375,7.006240933333333,1017.9250000000001,0.0,59.458333333333336
2016-03-26,39.76168,-121.84047,3.2,18.0,Chico-East Avenue,15.000499750000001,46.90682929166667,10.820045270833333,1013.7541666666666,0.0,29.916666666666668
2016-03-27,39.76168,-121.84047,3.9,22.0,Chico-East Avenue,14.350499874999999,73.97401425,4.516796125,1015.1333333333333,0.008333333333333333,50.75
2016-03-28,39.76168,-121.84047,0.7,4.0,Chico-East Avenue,12.285916291666666,46.738863,14.666612875,1012.5166666666668,0.029166666666666664,42.0
2016-03-29,39.76168,-121.84047,1.4,8.0,Chico-East Avenue,11.244249875,42.27392041666667,13.257969125,1011.0583333333334,0.0,20.666666666666668
2016-03-30,39.76168,-121.84047,4.7,26.0,Chico-East Avenue,11.227583291666667,61.47580720833333,6.178738091666666,1012.775,0.0,18.5
2016-03-31,39.76168,-121.84047,6.0,33.0,Chico-East Avenue,13.110916666666666,68.60160266666666,5.023751958333333,1016.6374999999999,0.0,1.0833333333333333
2016-04-01,39.76168,-121.84047,10.6,54.0,Chico-East Avenue,14.879666583333332,70.04394729166667,6.434327616666667,1018.2875,0.0,33.541666666666664
2016-04-02,39.76168,-121.84047,8.7,48.0,Chico-East Avenue,15.571333125,76.04720683333333,6.234427408333333,1020.1458333333334,0.0,16.916666666666668
2016-04-03,39.76168,-121.84047,5.9,33.0,Chico-East Avenue,16.740083333333335,68.81269075,5.590082424999999,1017.725,0.0,30.666666666666668
2016-04-04,39.76168,-121.84047,3.9,22.0,Chico-East Avenue,17.619249916666664,62.409656291666664,7.157165045833334,1019.3375,0.0,43.291666666666664
2016-04-05,39.76168,-121.84047,2.1,12.0,Chico-East Avenue,17.5796665,38.24093808333333,12.184461829166667,1021.75,0.0,5.458333333333333
2016-04-06,39.76168,-121.84047,4.5,25.0,Chico-East Avenue,20.204666624999998,37.20204270833333,10.510902791666666,1019.5749999999999,0.0,1.0
2016-04-07,39.76168,-121.84047,6.1,34.0,Chico-East Avenue,20.504666583333332,47.439423833333336,7.450142462500001,1012.3249999999999,0.0,54.333333333333336
2016-04-08,39.76168,-121.84047,7.9,44.0,Chico-East Avenue,19.271333333333335,52.446547,9.756230720833333,1010.2083333333334,0.0,80.45833333333333
2016-04-09,39.76168,-121.84047,4.7,26.0,Chico-East Avenue,17.2671665,69.79097987499999,14.922714625,1010.3000000000001,0.07083333333333333,95.83333333333333
2016-04-10,39.76168,-121.84047,1.7,9.0,Chico-East Avenue,14.617166416666668,85.7400995,10.093014483333333,1010.8166666666666,0.3541666666666667,95.70833333333333
2016-04-11,39.76168,-121.84047,5.2,29.0,Chico-East Avenue,15.708833291666666,78.7150225,5.75209035,1015.75,0.004166666666666667,74.04166666666667
2016-04-12,39.76168,-121.84047,6.1,34.0,Chico-East Avenue,16.662999875,72.186508125,10.035180733333334,1019.2583333333333,0.0,61.0
2016-04-13,39.76168,-121.84047,5.7,32.0,Chico-East Avenue,15.304666458333335,75.32694045833334,9.4382262625,1019.9375,0.012500000000000002,88.0
2016-04-14,39.76168,-121.84047,1.8,10.0,Chico-East Avenue,13.665083083333334,62.562683666666665,11.624222337500001,1017.225,0.125,60.291666666666664
2016-04-15,39.76168,-121.84047,1.0,6.0,Chico-East Avenue,13.127583208333334,50.824218708333326,13.022836883333333,1019.4708333333333,0.0,8.166666666666666
2016-04-16,39.76168,-121.84047,2.2,12.0,Chico-East Avenue,16.27549983333333,42.990718583333326,11.3758023875,1019.0291666666667,0.0,14.666666666666666
2016-04-17,39.76168,-121.84047,4.2,23.0,Chico-East Avenue,19.52550008333333,38.60362325,8.187634304166666,1016.5291666666667,0.0,21.291666666666668
2016-04-18,39.76168,-121.84047,7.0,39.0,Chico-East Avenue,19.719249791666666,51.42676275,5.5998705499999994,1016.0124999999999,0.0,32.25
2016-04-19,39.76168,-121.84047,8.1,45.0,Chico-East Avenue,20.923416624999998,47.58891945833333,6.143419554166666,1014.2125,0.0,81.95833333333333
2016-04-20,39.76168,-121.84047,6.2,34.0,Chico-East Avenue,21.202583291666667,35.361847000000004,10.970539879166667,1011.3125,0.0,55.333333333333336
2016-04-21,39.76168,-121.84047,3.6,20.0,Chico-East Avenue,18.231749958333335,49.81971033333334,12.129407554166667,1011.1,0.0,88.58333333333333
2016-04-22,39.76168,-121.84047,1.0,6.0,Chico-East Avenue,14.975499625,73.04421266666667,17.072399395833333,1008.7208333333333,0.8250000000000001,72.33333333333333
2016-04-23,39.76168,-121.84047,2.0,11.0,Chico-East Avenue,12.569249958333332,72.011629625,6.870775275,1018.7916666666666,0.016666666666666666,59.458333333333336
2016-04-24,39.76168,-121.84047,2.2,12.0,Chico-East Avenue,14.617166583333335,61.214041916666666,7.225114583333333,1017.0166666666668,0.0,54.833333333333336
2016-04-25,39.76168,-121.84047,1.3,7.0,Chico-East Avenue,13.975499708333333,37.00022508333333,21.792403625000002,1013.8083333333334,0.0,34.0
2016-04-26,39.76168,-121.84047,2.8,16.0,Chico-East Avenue,14.621333208333333,35.19096508333333,10.275766945833334,1015.3375,0.0,36.25
2016-04-27,39.76168,-121.84047,4.7,26.0,Chico-East Avenue,14.460916458333335,52.48856354166667,5.8939577875,1013.0416666666666,0.08750000000000001,64.29166666666667
2016-04-28,39.76168,-121.84047,0.7,4.0,Chico-East Avenue,16.112999833333333,51.04396345833334,13.301468679166668,1010.225,0.0,16.666666666666668
2016-04-29,39.76168,-121.84047,4.1,23.0,Chico-East Avenue,18.100500166666667,42.98644433333333,7.297559633333333,1012.5583333333334,0.0,53.75
2016-04-30,39.76168,-121.84047,3.2,18.0,Chico-East Avenue,19.129666625,33.138123791666665,18.749434791666665,1012.9333333333334,0.0,5.625
2016-05-01,39.76168,-121.84047,2.4,13.0,Chico-East Avenue,20.717166666666667,34.58571233333333,9.973969008333333,1010.3666666666667,0.0,5.416666666666667
2016-05-02,39.76168,-121.84047,2.8,16.0,Chico-East Avenue,20.394250166666666,48.119099041666665,7.624293570833333,1013.2708333333334,0.0,25.541666666666668
2016-05-03,39.76168,-121.84047,5.8,32.0,Chico-East Avenue,20.906750041666665,44.880124583333334,5.258239920833334,1013.8791666666666,0.0,97.125
2016-05-04,39.76168,-121.84047,5.1,28.0,Chico-East Avenue,20.679666791666666,52.16916908333334,5.991346241666666,1009.9166666666666,0.0,97.08333333333333
2016-05-05,39.76168,-121.84047,6.3,35.0,Chico-East Avenue,18.408833333333334,66.88066516666667,8.043119666666668,1008.8708333333334,0.20833333333333334,90.58333333333333
2016-05-06,39.76168,-121.84047,7.5,42.0,Chico-East Avenue,16.012999875000002,78.78742225,5.4276089775,1009.975,0.0625,94.95833333333333
2016-05-07,39.76168,-121.84047,5.9,33.0,Chico-East Avenue,15.329666333333334,81.72846216666666,10.181142358333334,1011.65,0.36250000000000004,97.79166666666667
2016-05-08,39.76168,-121.84047,4.2,23.0,Chico-East Avenue,15.156749791666668,80.23552591666667,5.258766516666666,1013.6791666666667,0.10416666666666667,86.70833333333333
2016-05-09,39.76168,-121.84047,5.1,28.0,Chico-East Avenue,17.89425,71.01601075,7.569135608333333,1012.8208333333333,0.0,40.5
2016-05-10,39.76168,-121.84047,4.0,22.0,Chico-East Avenue,19.7609165,61.48830758333333,7.723965554166667,1012.4708333333333,0.0,3.1666666666666665
2016-05-11,39.76168,-121.84047,3.4,19.0,Chico-East Avenue,21.669250125,33.321478291666665,8.0423861125,1013.3625000000001,0.0,15.583333333333334
2016-05-12,39.76168,-121.84047,7.5,42.0,Chico-East Avenue,22.679666833333332,46.05382916666667,5.0753203625,1014.0749999999999,0.0,24.666666666666668
2016-05-13,39.76168,-121.84047,9.2,51.0,Chico-East Avenue,24.067166874999998,51.02077108333333,8.9722195,1011.9416666666666,0.0,68.375
2016-05-14,39.76168,-121.84047,3.7,21.0,Chico-East Avenue,20.108833416666666,49.14847041666667,16.4327916875,1013.2833333333333,0.0,32.666666666666664
2016-05-15,39.76168,-121.84047,2.0,11.0,Chico-East Avenue,20.179666791666666,50.12470954166667,7.29378075,1012.7458333333334,0.0,16.958333333333332
2016-05-16,39.76168,-121.84047,0.5,3.0,Chico-East Avenue,21.077583375,41.88847608333334,8.591900683333334,1012.1333333333333,0.0,6.75
2016-05-17,39.76168,-121.84047,3.5,19.0,Chico-East Avenue,23.97966679166667,33.16024625,13.020278791666668,1012.2583333333333,0.0,0.20833333333333334
2016-05-18,39.76168,-121.84047,5.3,29.0,Chico-East Avenue,25.785916999999998,34.67930895833333,6.89115235,1012.0124999999999,0.0,23.583333333333332
2016-05-19,39.76168,-121.84047,5.4,30.0,Chico-East Avenue,25.492167,33.099558083333335,8.520902295833332,1007.7208333333333,0.0,35.75
2016-05-20,39.76168,-121.84047,1.0,6.0,Chico-East Avenue,17.506750041666667,41.52971683333333,7.174472475000001,1004.6374999999999,0.05833333333333333,71.0
2016-05-21,39.76168,-121.84047,3.0,17.0,Chico-East Avenue,14.0171665,64.84975654166666,11.4388882625,1012.2958333333332,0.125,74.58333333333333
2016-05-22,39.76168,-121.84047,2.6,14.0,Chico-East Avenue,14.621333041666666,63.079612625,10.356768441666667,1016.8291666666668,0.14583333333333334,46.333333333333336
2016-05-23,39.76168,-121.84047,3.5,19.0,Chico-East Avenue,16.671333166666667,52.096935708333326,6.42429045,1013.4375,0.0,66.79166666666667
2016-05-24,39.76168,-121.84047,2.9,16.0,Chico-East Avenue,18.196333291666665,54.00600554166667,4.9974486958333335,1010.9041666666667,0.0,65.16666666666667
2016-05-25,39.76168,-121.84047,3.9,22.0,Chico-East Avenue,18.504666666666665,62.40444191666666,6.407605520833333,1015.4958333333334,0.04583333333333334,44.208333333333336
2016-05-26,39.76168,-121.84047,5.2,29.0,Chico-East Avenue,21.41091675,50.402083125,6.0605669375,1015.8166666666666,0.004166666666666667,5.708333333333333
2016-05-27,39.76168,-121.84047,5.5,31.0,Chico-East Avenue,22.644250041666666,37.20123354166667,8.218860975,1012.2624999999999,0.0,0.125
2016-05-28,39.76168,-121.84047,7.7,43.0,Chico-East Avenue,24.163000083333333,28.039683020833333,9.608500366666666,1008.9291666666667,0.0,70.0
2016-05-29,39.76168,-121.84047,8.1,45.0,Chico-East Avenue,24.785916791666665,34.70508916666667,5.4547095125,1010.5083333333333,0.0,16.958333333333332
2016-05-30,39.76168,-121.84047,5.8,32.0,Chico-East Avenue,26.410916874999998,31.620451125,7.412303208333333,1011.9583333333334,0.0,36.666666666666664
2016-05-31,39.76168,-121.84047,6.5,36.0,Chico-East Avenue,27.881750208333333,32.42371025,6.7388416875,1009.2166666666667,0.0,44.375
2016-06-01,39.76168,-121.84047,7.7,43.0,Chico-East Avenue,28.954666958333334,28.795575624999998,7.5354292,1007.4958333333334,0.0,18.416666666666668
2016-06-02,39.76168,-121.84047,8.7,48.0,Chico-East Avenue,28.790083541666665,26.0388918125,8.1779318375,1011.2375000000001,0.0,49.458333333333336
2016-06-03,39.76168,-121.84047,5.4,30.0,Chico-East Avenue,28.78591708333333,24.160647375,7.4401445875,1013.0,0.0,0.875
2016-06-04,39.76168,-121.84047,9.0,50.0,Chico-East Avenue,29.8817505,27.867463583333333,5.707669125,1010.4,0.0,79.75
2016-06-05,39.76168,-121.84047,9.8,52.0,Chico-East Avenue,29.83800033333333,26.27511708333333,6.046373129166667,1008.8791666666666,0.0,32.666666666666664
2016-06-06,39.76168,-121.84047,6.4,36.0,Chico-East Avenue,30.367167,31.721549749999998,5.927129375,1005.7333333333332,0.0,3.6666666666666665
2016-06-07,39.76168,-121.84047,7.9,44.0,Chico-East Avenue,29.027583500000002,39.17566733333333,12.4301235625,1007.2624999999999,0.0,23.625
2016-06-08,39.76168,-121.84047,6.5,36.0,Chico-East Avenue,26.710916958333332,38.5046605,15.999333583333334,1009.0083333333333,0.0,37.166666666666664
2016-06-09,39.76168,-121.84047,6.8,38.0,Chico-East Avenue,24.760916875000003,37.9142645,12.775444112499999,1009.8458333333333,0.0,24.0
2016-06-10,39.76168,-121.84047,7.2,40.0,Chico-East Avenue,24.22758345833333,38.78747229166667,12.201003524999999,1010.375,0.0,33.833333333333336
2016-06-11,39.76168,-121.84047,2.9,16.0,Chico-East Avenue,24.35466683333333,25.777507291666666,11.4814117125,1011.7166666666667,0.0,34.958333333333336
2016-06-12,39.76168,-121.84047,4.4,24.0,Chico-East Avenue,26.40258366666667,20.98883725,6.843386325,1011.275,0.0,5.333333333333333
2016-06-13,39.76168,-121.84047,9.6,52.0,Chico-East Avenue,26.146333625,34.892698875,12.527196125000001,1014.0708333333333,0.0,9.0
2016-06-14,39.76168,-121.84047,5.3,29.0,Chico-East Avenue,22.744250166666664,37.37655375,12.239883404166667,1012.6416666666668,0.0,53.208333333333336
2016-06-15,39.76168,-121.84047,4.6,26.0,Chico-East Avenue,19.52966675,40.32792270833333,14.225695795833333,1011.2041666666668,0.008333333333333333,65.70833333333333
2016-06-16,39.76168,-121.84047,2.5,14.0,Chico-East Avenue,18.179666625,42.71098129166666,12.008896437499999,1016.4291666666667,0.008333333333333333,59.208333333333336
2016-06-17,39.76168,-121.84047,5.5,31.0,Chico-East Avenue,19.781750041666665,50.353132916666674,8.141119091666667,1016.4833333333332,0.008333333333333333,65.83333333333333
2016-06-18,39.76168,-121.84047,1.0,6.0,Chico-East Avenue,18.59841654166667,70.01715683333333,4.468470766666667,1019.1875,0.1875,58.916666666666664
2016-06-19,39.76168,-121.84047,4.2,23.0,Chico-East Avenue,21.840083208333336,40.09009379166667,6.458572045833333,1018.1125000000001,0.0,18.416666666666668
2016-06-20,39.76168,-121.84047,4.0,22.0,Chico-East Avenue,25.381750083333333,37.38590670833333,4.611922820833334,1015.2125,0.0,38.458333333333336
2016-06-21,39.76168,-121.84047,5.9,33.0,Chico-East Avenue,27.490083541666667,29.232935291666667,5.228776870833333,1014.3708333333334,0.0,36.166666666666664
2016-06-22,39.76168,-121.84047,8.1,45.0,Chico-East Avenue,28.529667166666666,25.48637975,7.687765941666666,1011.0500000000001,0.0,1.0
2016-06-23,39.76168,-121.84047,8.6,48.0,Chico-East Avenue,27.717166916666667,28.091481291666668,10.091423358333333,1012.5916666666667,0.0,0.0
2016-06-24,39.76168,-121.84047,4.1,23.0,Chico-East Avenue,27.631750291666666,30.264669875,9.879791008333333,1014.5083333333333,0.0,0.0
2016-06-25,39.76168,-121.84047,3.8,21.0,Chico-East Avenue,27.717167041666666,21.953683645833333,9.446416600000001,1012.5833333333334,0.0,0.2916666666666667
2016-06-26,39.76168,-121.84047,5.9,33.0,Chico-East Avenue,29.3275835,21.601548345833333,5.147581179166667,1011.2833333333333,0.0,9.166666666666666
2016-06-27,39.76168,-121.84047,9.5,52.0,Chico-East Avenue,31.438000416666668,21.8274812625,6.060346374999999,1012.2166666666667,0.0,5.291666666666667
2016-06-28,39.76168,-121.84047,9.0,50.0,Chico-East Avenue,31.802583625,20.7246148125,5.422291333333334,1011.5541666666667,0.0,0.0
2016-06-29,39.76168,-121.84047,8.1,45.0,Chico-East Avenue,32.24425033333333,20.918579541666666,6.322066437499999,1009.9791666666666,0.0,0.08333333333333333
2016-06-30,39.76168,-121.84047,15.8,63.0,Chico-East Avenue,31.68175020833333,27.146043312499998,7.617982216666667,1008.6125000000001,0.0,0.041666666666666664
2016-07-01,39.76168,-121.84047,20.9,73.0,Chico-East Avenue,32.369250375,25.036827125,6.461708491666666,1006.6416666666668,0.0,0.041666666666666664
2016-07-02,39.76168,-121.84047,19.6,71.0,Chico-East Avenue,30.710917,30.4569089375,9.7511907375,1008.8416666666667,0.0,0.041666666666666664
2016-07-03,39.76168,-121.84047,11.5,55.0,Chico-East Avenue,29.748417041666666,32.33116470833333,10.9192307875,1011.6583333333333,0.0,0.0
2016-07-04,39.76168,-121.84047,10.7,54.0,Chico-East Avenue,29.517166958333334,29.506454875,10.796973108333333,1012.1333333333333,0.0,11.208333333333334
2016-07-05,39.76168,-121.84047,10.9,54.0,Chico-East Avenue,27.975500375,35.91734308333333,10.190967174999999,1011.6416666666668,0.0,1.1666666666666667
2016-07-06,39.76168,-121.84047,8.3,46.0,Chico-East Avenue,26.685916833333334,36.572015125,9.4571241875,1011.1125000000001,0.0,0.0
2016-07-07,39.76168,-121.84047,8.2,46.0,Chico-East Avenue,26.18383341666667,40.16805620833333,10.493172125,1011.1708333333332,0.0,0.4166666666666667
2016-07-08,39.76168,-121.84047,5.9,33.0,Chico-East Avenue,25.471333583333333,41.932102291666666,12.006635270833334,1012.0500000000001,0.0,18.166666666666668
2016-07-09,39.76168,-121.84047,5.2,29.0,Chico-East Avenue,26.57550025,40.84276508333333,13.050745854166665,1013.1125000000001,0.0,4.791666666666667
2016-07-10,39.76168,-121.84047,2.7,15.0,Chico-East Avenue,24.046333625,37.62371470833333,10.082068358333332,1015.0458333333332,0.0,0.5416666666666666
2016-07-11,39.76168,-121.84047,2.7,15.0,Chico-East Avenue,25.56300025,24.1594075,8.387640424999999,1012.7583333333333,0.0,0.0
2016-07-12,39.76168,-121.84047,8.8,49.0,Chico-East Avenue,27.20675025,25.82703583333333,6.9373835875,1010.3833333333333,0.0,0.0
2016-07-13,39.76168,-121.84047,6.6,37.0,Chico-East Avenue,28.129666999999998,25.564359729166668,4.195943233333334,1012.025,0.0,0.0
2016-07-14,39.76168,-121.84047,9.9,52.0,Chico-East Avenue,30.292166875000003,21.077753645833333,5.1312663075,1011.9875000000001,0.0,0.0
2016-07-15,39.76168,-121.84047,11.4,55.0,Chico-East Avenue,31.042166958333336,22.98975797916667,6.747780954166667,1010.25,0.0,21.166666666666668
2016-07-16,39.76168,-121.84047,12.5,57.0,Chico-East Avenue,30.21091708333333,24.0755795,8.304672033333334,1008.2416666666667,0.0,0.0
2016-07-17,39.76168,-121.84047,7.4,41.0,Chico-East Avenue,27.917166875000003,33.20377008333333,13.464012891666668,1008.225,0.0,4.416666666666667
2016-07-18,39.76168,-121.84047,6.4,36.0,Chico-East Avenue,24.221333541666667,38.945063375,17.22159879166667,1012.3083333333334,0.0,12.458333333333334
2016-07-19,39.76168,-121.84047,3.8,21.0,Chico-East Avenue,25.013000166666668,37.42149116666666,11.661017358333334,1015.0041666666666,0.0,2.875
2016-07-20,39.76168,-121.84047,7.2,40.0,Chico-East Avenue,26.344250333333335,29.499888249999998,8.1345027375,1014.6374999999999,0.0,0.0
2016-07-21,39.76168,-121.84047,5.7,32.0,Chico-East Avenue,27.479666999999996,27.853227750000002,10.643228654166666,1013.9625,0.0,0.0
2016-07-22,39.76168,-121.84047,6.5,36.0,Chico-East Avenue,27.56925025,26.40467214583333,7.551734279166666,1016.2666666666668,0.0,0.0
2016-07-23,39.76168,-121.84047,4.6,26.0,Chico-East Avenue,29.194250208333333,20.247180916666668,7.05808935,1012.9083333333333,0.0,0.0
2016-07-24,39.76168,-121.84047,6.1,34.0,Chico-East Avenue,30.217166875,20.995409912499998,5.5270719958333325,1008.1583333333333,0.0,0.0
2016-07-25,39.76168,-121.84047,9.5,52.0,Chico-East Avenue,31.700500291666668,23.564106187500002,8.549523816666666,1009.6166666666667,0.0,0.0
2016-07-26,39.76168,-121.84047,13.1,58.0,Chico-East Avenue,31.690083541666667,22.464349958333333,6.4399281749999995,1010.1083333333332,0.0,0.0
2016-07-27,39.76168,-121.84047,13.0,58.0,Chico-East Avenue,33.048416708333335,17.89814816666667,6.556041579166667,1008.9,0.0,0.0
2016-07-28,39.76168,-121.84047,19.1,70.0,Chico-East Avenue,33.708833625000004,20.029178916666666,7.5648154708333335,1008.8625000000001,0.0,0.7083333333333334
2016-07-29,39.76168,-121.84047,18.9,69.0,Chico-East Avenue,33.56091708333333,24.591556229166667,7.2309065125,1007.3625000000001,0.0,0.2916666666666667
2016-07-30,39.76168,-121.84047,11.5,55.0,Chico-East Avenue,33.348417,20.84571625,9.261801020833333,1005.5875,0.0,0.0
2016-07-31,39.76168,-121.84047,9.6,52.0,Chico-East Avenue,30.948416958333336,22.322321416666668,12.31863285,1007.4333333333334,0.0,0.0
2016-08-01,39.76168,-121.84047,8.5,47.0,Chico-East Avenue,28.860916916666667,29.887980541666668,8.8766641875,1010.2333333333332,0.0,3.25
2016-08-02,39.76168,-121.84047,9.0,50.0,Chico-East Avenue,28.256750083333333,30.107781833333334,7.51502875,1012.2958333333332,0.0,0.0
2016-08-03,39.76168,-121.84047,10.0,53.0,Chico-East Avenue,29.856750166666668,26.61193120833333,6.8651841875,1011.5166666666668,0.0,0.0
2016-08-04,39.76168,-121.84047,14.1,60.0,Chico-East Avenue,29.017167,29.60586041666667,9.1952078,1009.3625000000001,0.0,0.0
2016-08-05,39.76168,-121.84047,7.5,42.0,Chico-East Avenue,24.908833708333333,38.99145020833333,10.372674108333333,1009.4291666666667,0.0,1.4583333333333333
2016-08-06,39.76168,-121.84047,15.3,63.0,Chico-East Avenue,25.75050025,34.358465208333335,7.451017079166667,1008.9208333333332,0.0,0.0
2016-08-07,39.76168,-121.84047,8.2,46.0,Chico-East Avenue,25.88383345833333,34.99742891666667,8.995324058333333,1008.6374999999999,0.0,0.5
2016-08-08,39.76168,-121.84047,12.6,58.0,Chico-East Avenue,27.25883370833333,30.828621,6.266006175,1007.6875,0.0,12.875
2016-08-09,39.76168,-121.84047,12.7,58.0,Chico-East Avenue,28.573417083333336,29.224222958333332,7.060874104166667,1007.0375,0.0,0.0
2016-08-10,39.76168,-121.84047,7.8,43.0,Chico-East Avenue,28.077583541666666,28.99657875,5.871035579166667,1008.1416666666668,0.0,6.583333333333333
2016-08-11,39.76168,-121.84047,11.2,55.0,Chico-East Avenue,28.30883366666667,32.95463645833333,5.8487566541666665,1011.1750000000001,0.0,0.0
2016-08-12,39.76168,-121.84047,17.9,67.0,Chico-East Avenue,29.2380005,33.43378122916666,7.222372365416667,1013.2624999999999,0.0,0.0
2016-08-13,39.76168,-121.84047,11.1,55.0,Chico-East Avenue,29.754666791666665,31.2977065,6.4221241708333325,1012.1625,0.0,0.0
2016-08-14,39.76168,-121.84047,15.7,63.0,Chico-East Avenue,30.463000333333337,24.679680666666666,8.253459133333333,1009.5749999999999,0.0,0.0
2016-08-15,39.76168,-121.84047,15.3,63.0,Chico-East Avenue,30.144250125,28.903614125,7.435533904166667,1009.5791666666668,0.0,0.0
2016-08-16,39.76168,-121.84047,11.8,56.0,Chico-East Avenue,29.48591675,32.52191204166667,6.081424354166667,1009.4,0.0,0.0
2016-08-17,39.76168,-121.84047,13.3,59.0,Chico-East Avenue,29.681750249999997,32.46617466666667,8.2954904,1007.8666666666667,0.0,0.625
2016-08-18,39.76168,-121.84047,18.7,69.0,Chico-East Avenue,29.731750375,32.67961225,7.845096633333333,1007.3666666666667,0.0,1.7916666666666667
2016-08-19,39.76168,-121.84047,14.5,61.0,Chico-East Avenue,29.381750333333333,38.110009416666664,7.722750033333334,1008.4708333333333,0.0,5.5
2016-08-20,39.76168,-121.84047,20.6,72.0,Chico-East Avenue,28.656750125000002,37.70733608333333,8.339321975,1010.2041666666668,0.0,22.5
2016-08-21,39.76168,-121.84047,16.5,65.0,Chico-East Avenue,28.13383345833333,37.391872166666666,9.638721675000001,1009.2666666666668,0.0,19.791666666666668
2016-08-22,39.76168,-121.84047,9.9,52.0,Chico-East Avenue,27.638000375,42.22190775,7.957412936666667,1009.9291666666667,0.0,53.791666666666664
2016-08-23,39.76168,-121.84047,8.0,44.0,Chico-East Avenue,27.148417,40.099042125000004,10.045269633333334,1012.8708333333334,0.0,3.75
2016-08-24,39.76168,-121.84047,11.3,55.0,Chico-East Avenue,26.408833583333333,39.50180470833333,7.920657775,1015.0875,0.0,1.5833333333333333
2016-08-25,39.76168,-121.84047,10.7,54.0,Chico-East Avenue,26.710916791666666,37.324416041666666,6.7179384375,1011.1833333333334,0.0,0.0
2016-08-26,39.76168,-121.84047,7.1,39.0,Chico-East Avenue,25.894250125,38.922169833333335,7.441785116666666,1009.6750000000001,0.0,0.0
2016-08-27,39.76168,-121.84047,12.2,57.0,Chico-East Avenue,24.715083625000002,42.927584208333336,8.934228833333334,1011.8916666666668,0.0,0.0
2016-08-28,39.76168,-121.84047,7.9,44.0,Chico-East Avenue,24.556750249999997,43.68706104166666,7.783652675,1014.7333333333332,0.0,0.0
2016-08-29,39.76168,-121.84047,11.5,55.0,Chico-East Avenue,25.390083625,37.11674429166667,7.2522440999999995,1015.1999999999999,0.0,40.666666666666664
2016-08-30,39.76168,-121.84047,9.9,52.0,Chico-East Avenue,25.829666916666667,36.51070858333333,7.324191704166666,1012.8125,0.0,49.25
2016-08-31,39.76168,-121.84047,5.7,32.0,Chico-East Avenue,26.354667000000003,36.11629858333333,7.19195865,1010.0916666666667,0.0,16.416666666666668
2016-09-01,39.76168,-121.84047,6.3,35.0,Chico-East Avenue,24.994250124999997,36.761247833333336,6.507822883333333,1011.2125,0.0,9.291666666666666
2016-09-02,39.76168,-121.84047,15.2,62.0,Chico-East Avenue,24.827583625,39.495393666666665,5.6935540875,1010.7833333333333,0.0,38.666666666666664
2016-09-03,39.76168,-121.84047,9.0,50.0,Chico-East Avenue,24.883833791666664,32.27054520833333,5.022701929166667,1007.7583333333333,0.0,43.083333333333336
2016-09-04,39.76168,-121.84047,20.8,73.0,Chico-East Avenue,22.69841683333333,45.471746708333335,8.170791987500001,1007.6166666666667,0.0,12.0
2016-09-05,39.76168,-121.84047,9.9,52.0,Chico-East Avenue,22.465083250000003,31.721236041666668,5.5295039875,1008.1,0.0,0.4583333333333333
2016-09-06,39.76168,-121.84047,19.7,71.0,Chico-East Avenue,23.73591675,27.59642679166667,4.333851216666667,1009.0541666666667,0.0,2.5416666666666665
2016-09-07,39.76168,-121.84047,23.3,77.0,Chico-East Avenue,25.806750333333337,28.62951154166667,6.366651551666667,1010.4958333333334,0.0,0.08333333333333333
2016-09-08,39.76168,-121.84047,27.0,84.0,Chico-East Avenue,27.08800020833333,30.247440875,5.838022375,1013.85,0.0,0.16666666666666666
2016-09-09,39.76168,-121.84047,14.9,62.0,Chico-East Avenue,27.17550025,34.199828125,6.292221120833333,1013.3791666666666,0.0,0.0
2016-09-10,39.76168,-121.84047,23.7,78.0,Chico-East Avenue,27.373416958333333,32.076786875,5.739556229166666,1013.5333333333333,0.0,0.0
2016-09-11,39.76168,-121.84047,20.1,71.0,Chico-East Avenue,26.298417083333334,40.13961654166667,9.772857329166667,1013.8625000000001,0.0,0.0
2016-09-12,39.76168,-121.84047,8.3,46.0,Chico-East Avenue,22.242166791666666,46.27153533333333,10.540715204166666,1010.1791666666667,0.0,1.875
2016-09-13,39.76168,-121.84047,21.5,74.0,Chico-East Avenue,19.458833458333334,57.59914125,9.725980541666667,1009.9875000000001,0.0,19.708333333333332
2016-09-14,39.76168,-121.84047,20.0,71.0,Chico-East Avenue,19.990083375,45.942337916666666,7.2819280875,1016.0208333333334,0.0,0.16666666666666666
2016-09-15,39.76168,-121.84047,9.7,52.0,Chico-East Avenue,21.404666708333334,39.581594375,4.294293825,1015.6541666666667,0.0,0.0
2016-09-16,39.76168,-121.84047,19.6,71.0,Chico-East Avenue,23.535916708333332,33.74383266666667,5.509103454166667,1012.9125,0.0,0.2916666666666667
2016-09-17,39.76168,-121.84047,23.1,77.0,Chico-East Avenue,25.002583416666667,28.55876214583333,4.9278618875,1013.1333333333333,0.0,31.625
2016-09-18,39.76168,-121.84047,9.1,51.0,Chico-East Avenue,26.131750291666666,28.825391791666664,5.0614972541666665,1012.9541666666668,0.0,0.8333333333333334
2016-09-19,39.76168,-121.84047,17.4,66.0,Chico-East Avenue,27.398416791666666,31.379659875,7.429392970833334,1011.725,0.0,0.0
2016-09-20,39.76168,-121.84047,15.7,63.0,Chico-East Avenue,28.544250291666668,27.113658666666666,14.8846454375,1010.7333333333332,0.0,22.833333333333332
2016-09-21,39.76168,-121.84047,17.6,67.0,Chico-East Avenue,24.773416791666666,24.916240833333333,14.569167979166666,1009.2166666666667,0.0,24.833333333333332
2016-09-22,39.76168,-121.84047,5.4,30.0,Chico-East Avenue,19.62758325,34.101636875000004,7.651042054166666,1012.4499999999999,0.0,15.458333333333334
2016-09-23,39.76168,-121.84047,11.5,55.0,Chico-East Avenue,18.575499833333335,35.06103733333333,7.340516329166667,1017.4291666666667,0.0,11.791666666666666
2016-09-24,39.76168,-121.84047,5.2,29.0,Chico-East Avenue,22.644249958333333,32.97611079166666,8.824319212499999,1018.1958333333333,0.0,12.083333333333334
2016-09-25,39.76168,-121.84047,7.5,42.0,Chico-East Avenue,27.22758345833333,17.2479583125,10.598256066666666,1016.6791666666667,0.0,0.0
2016-09-26,39.76168,-121.84047,10.7,54.0,Chico-East Avenue,27.742166833333332,20.208578958333334,6.185033308333334,1014.4499999999999,0.0,0.0
2016-09-27,39.76168,-121.84047,17.7,67.0,Chico-East Avenue,26.202583708333336,29.1131376875,5.5491553,1011.5416666666666,0.0,0.0
2016-09-28,39.76168,-121.84047,18.6,69.0,Chico-East Avenue,26.504666916666665,29.87569858333333,6.3501291916666665,1009.3458333333333,0.0,0.0
2016-09-29,39.76168,-121.84047,10.6,54.0,Chico-East Avenue,24.994250291666663,33.052005666666666,11.942354270833334,1012.3916666666668,0.0,3.0
2016-09-30,39.76168,-121.84047,15.0,62.0,Chico-East Avenue,22.833833666666667,31.254144625,15.900553729166667,1014.8208333333333,0.0,14.291666666666666
2016-10-01,39.76168,-121.84047,11.2,55.0,Chico-East Avenue,19.119249916666664,36.007665625,8.160707891666666,1016.8291666666668,0.0,15.916666666666666
2016-10-02,39.76168,-121.84047,9.7,52.0,Chico-East Avenue,15.931749958333333,43.605570625000006,7.7727450125,1014.7291666666666,0.004166666666666667,19.0
2016-10-03,39.76168,-121.84047,2.7,15.0,Chico-East Avenue,13.002583083333333,72.72706512500001,8.11004525,1017.35,0.06666666666666667,64.08333333333333
2016-10-04,39.76168,-121.84047,9.7,52.0,Chico-East Avenue,14.583833041666667,59.96667841666667,6.003817629166666,1016.4125,0.0,59.125
2016-10-05,39.76168,-121.84047,2.5,14.0,Chico-East Avenue,15.354666458333334,49.645136875,7.838292125,1016.0083333333333,0.0,0.6666666666666666
2016-10-06,39.76168,-121.84047,8.0,44.0,Chico-East Avenue,17.750499916666666,38.603038500000004,9.812332487499999,1016.6750000000001,0.0,7.75
2016-10-07,39.76168,-121.84047,11.2,55.0,Chico-East Avenue,18.825499958333335,38.388488208333335,5.591825725,1015.2458333333334,0.0,37.25
2016-10-08,39.76168,-121.84047,11.4,55.0,Chico-East Avenue,20.869249874999998,38.33953366666667,4.7161940125,1012.65,0.0,35.291666666666664
2016-10-09,39.76168,-121.84047,13.0,58.0,Chico-East Avenue,20.958833333333335,40.856360125,5.235130566666666,1012.8249999999999,0.0,0.0
2016-10-10,39.76168,-121.84047,9.9,52.0,Chico-East Avenue,21.93174995833333,25.976741583333332,7.5298491,1012.275,0.0,54.0
2016-10-11,39.76168,-121.84047,14.1,60.0,Chico-East Avenue,20.69633333333333,39.39832779166667,7.142977570833334,1013.9708333333333,0.0,4.083333333333333
2016-10-12,39.76168,-121.84047,12.4,57.0,Chico-East Avenue,18.658833166666668,51.503135500000006,5.424574233333334,1015.9833333333332,0.0,61.541666666666664
2016-10-13,39.76168,-121.84047,9.5,52.0,Chico-East Avenue,19.617166833333332,46.750397416666665,13.659213583333333,1015.2208333333333,0.016666666666666666,89.45833333333333
2016-10-14,39.76168,-121.84047,2.2,12.0,Chico-East Avenue,17.60674991666667,77.81692866666667,21.430346208333333,1011.6291666666666,1.3583333333333334,99.0
2016-10-15,39.76168,-121.84047,4.0,22.0,Chico-East Avenue,15.037999833333332,85.6920505,15.2240069375,1011.4666666666667,0.17916666666666667,71.875
2016-10-16,39.76168,-121.84047,3.1,17.0,Chico-East Avenue,15.031749583333331,81.78477395833333,15.243286750000001,1008.1,0.26666666666666666,81.83333333333333
2016-10-17,39.76168,-121.84047,10.3,53.0,Chico-East Avenue,14.342166458333333,81.64390791666666,14.278896479166667,1011.6374999999999,0.15416666666666667,43.166666666666664
2016-10-18,39.76168,-121.84047,3.2,18.0,Chico-East Avenue,14.529666458333333,69.32221220833334,7.5663133,1018.9,0.0,19.208333333333332
2016-10-19,39.76168,-121.84047,8.9,49.0,Chico-East Avenue,14.783833083333334,49.97142258333333,10.450665129166667,1021.4583333333334,0.0,31.291666666666668
2016-10-20,39.76168,-121.84047,6.4,36.0,Chico-East Avenue,17.338,52.10844829166666,7.284877295833333,1019.4499999999999,0.0,12.208333333333334
2016-10-21,39.76168,-121.84047,13.4,59.0,Chico-East Avenue,16.925499833333333,65.08536095833334,4.198638054166667,1014.7833333333333,0.0,10.583333333333334
2016-10-22,39.76168,-121.84047,9.0,50.0,Chico-East Avenue,17.373416416666668,62.045391375,5.054318436666667,1011.0749999999999,0.0,71.04166666666667
2016-10-23,39.76168,-121.84047,16.6,65.0,Chico-East Avenue,16.1505,60.58721479166667,7.913080004166666,1011.275,0.0,44.166666666666664
2016-10-24,39.76168,-121.84047,14.7,61.0,Chico-East Avenue,16.612999916666666,63.840266125,13.653695874999999,1012.1541666666667,0.125,96.33333333333333
2016-10-25,39.76168,-121.84047,3.1,17.0,Chico-East Avenue,14.702582958333332,89.0002395,17.561201770833332,1015.8874999999999,2.2041666666666666,97.95833333333333
2016-10-26,39.76168,-121.84047,4.8,27.0,Chico-East Avenue,17.273416708333333,62.98507620833333,10.0808047875,1016.2333333333332,0.0,28.791666666666668
2016-10-27,39.76168,-121.84047,11.2,55.0,Chico-East Avenue,16.035916375,74.218365875,8.579835595833334,1014.1083333333332,0.29583333333333334,87.625
2016-10-28,39.76168,-121.84047,9.0,50.0,Chico-East Avenue,15.358832999999999,91.472883875,5.834077558333334,1012.4583333333334,1.0708333333333333,99.41666666666667
2016-10-29,39.76168,-121.84047,10.9,54.0,Chico-East Avenue,15.725499749999999,93.47549,12.027062583333333,1013.4875000000001,0.4041666666666666,82.125
2016-10-30,39.76168,-121.84047,10.6,54.0,Chico-East Avenue,14.723416416666666,88.35032354166667,13.752215491666666,1010.4499999999999,0.4791666666666667,53.0
2016-10-31,39.76168,-121.84047,3.8,21.0,Chico-East Avenue,13.048416041666668,87.90478516666667,14.603558166666666,1016.2875,0.3041666666666667,75.58333333333333
2016-11-01,39.76168,-121.84047,12.7,58.0,Chico-East Avenue,12.681749708333333,87.38110041666665,10.2188138875,1016.0375,0.6375000000000001,65.91666666666667
2016-11-02,39.76168,-121.84047,6.8,38.0,Chico-East Avenue,11.458833083333333,76.25015575,5.774206645833334,1021.0708333333333,0.0,30.75
2016-11-03,39.76168,-121.84047,18.2,68.0,Chico-East Avenue,12.579666541666667,74.58246979166667,4.961325725,1021.6833333333334,0.0,30.625
2016-11-04,39.76168,-121.84047,20.4,72.0,Chico-East Avenue,13.915083083333334,75.26049683333333,3.6701937458333336,1019.9125,0.0,51.041666666666664
2016-11-05,39.76168,-121.84047,17.7,67.0,Chico-East Avenue,13.221333208333334,75.79641833333334,4.604233670833334,1018.7624999999999,0.0,38.625
2016-11-06,39.76168,-121.84047,14.2,61.0,Chico-East Avenue,15.954666375,75.85073370833334,13.557101125,1017.1541666666667,0.041666666666666664,90.83333333333333
2016-11-07,39.76168,-121.84047,6.1,34.0,Chico-East Avenue,15.017166583333333,79.721768875,6.4440075000000006,1020.4166666666666,0.0,94.5
2016-11-08,39.76168,-121.84047,7.3,41.0,Chico-East Avenue,15.365083041666667,80.44464775,3.734670433333333,1020.525,0.0,87.75
2016-11-09,39.76168,-121.84047,8.0,44.0,Chico-East Avenue,15.446333166666667,78.31898383333333,4.661867795833333,1019.275,0.0,47.916666666666664
2016-11-10,39.76168,-121.84047,16.7,65.0,Chico-East Avenue,15.844249791666668,75.39707162500001,3.920489858333333,1017.35,0.0,31.458333333333332
2016-11-11,39.76168,-121.84047,19.5,70.0,Chico-East Avenue,15.496333208333333,74.30107716666667,4.769155933333334,1017.2458333333334,0.0,34.041666666666664
2016-11-12,39.76168,-121.84047,10.1,53.0,Chico-East Avenue,17.285916666666665,65.38330408333333,7.661101966666667,1018.2916666666666,0.0,68.20833333333333
2016-11-13,39.76168,-121.84047,16.7,65.0,Chico-East Avenue,14.679666416666668,77.67414541666666,4.665954570833334,1020.5708333333333,0.0,33.541666666666664
2016-11-14,39.76168,-121.84047,9.6,52.0,Chico-East Avenue,14.225499833333332,72.20237945833334,3.17374326125,1021.0333333333333,0.0,29.208333333333332
2016-11-15,39.76168,-121.84047,13.7,60.0,Chico-East Avenue,14.148416500000002,72.442952,10.552629025,1017.8833333333333,0.075,32.791666666666664
2016-11-16,39.76168,-121.84047,7.3,41.0,Chico-East Avenue,11.56716625,74.51440929166667,7.325637425,1016.6374999999999,0.012499999999999999,38.583333333333336
2016-11-17,39.76168,-121.84047,24.3,79.0,Chico-East Avenue,8.110916541666667,66.656153,6.634587558333333,1018.8000000000001,0.0,11.25
2016-11-18,39.76168,-121.84047,22.1,75.0,Chico-East Avenue,8.221333333333334,64.9060215,5.9870154625,1017.8416666666667,0.0,30.916666666666668
2016-11-19,39.76168,-121.84047,16.8,65.0,Chico-East Avenue,11.165082916666668,62.40877508333333,11.299018970833332,1013.75,1.3458333333333332,76.625
2016-11-20,39.76168,-121.84047,5.8,32.0,Chico-East Avenue,11.758832875000001,92.20396733333332,13.357367645833333,1013.7041666666668,0.5083333333333333,98.625
2016-11-21,39.76168,-121.84047,4.1,23.0,Chico-East Avenue,10.835916208333332,87.40899016666667,5.152910304166666,1014.8375,0.10416666666666667,62.583333333333336
2016-11-22,39.76168,-121.84047,6.0,33.0,Chico-East Avenue,8.931749791666666,82.76920862499999,5.1803425375000005,1020.7708333333334,0.0,61.75
2016-11-23,39.76168,-121.84047,3.9,22.0,Chico-East Avenue,10.110916291666667,85.36213879166667,9.992580875,1021.7416666666667,0.24166666666666667,55.458333333333336
2016-11-24,39.76168,-121.84047,12.0,56.0,Chico-East Avenue,7.092166541666667,77.97808941666666,4.524951783333333,1026.8291666666667,0.0,49.75
2016-11-25,39.76168,-121.84047,27.5,85.0,Chico-East Avenue,8.583833208333333,75.47856741666666,6.218137158333334,1020.2708333333334,0.012499999999999999,99.83333333333333
2016-11-26,39.76168,-121.84047,10.2,53.0,Chico-East Avenue,7.896333125000001,82.97047970833333,10.032421808333334,1012.0625,0.5666666666666668,83.20833333333333
2016-11-27,39.76168,-121.84047,5.6,31.0,Chico-East Avenue,7.8921665416666675,88.07565079166666,10.268831329166666,1012.4208333333332,0.15833333333333333,76.125
2016-11-28,39.76168,-121.84047,1.0,6.0,Chico-East Avenue,8.485916458333334,78.539397625,9.7495316375,1017.5625,0.05833333333333333,98.45833333333333
2016-11-29,39.76168,-121.84047,11.8,56.0,Chico-East Avenue,7.537999833333333,68.36858345833333,9.764955558333334,1018.7375000000001,0.0,26.083333333333332
2016-11-30,39.76168,-121.84047,6.5,36.0,Chico-East Avenue,6.702583166666667,74.19608041666667,5.170991129166667,1020.3125,0.0,45.291666666666664
2016-12-01,39.76168,-121.84047,11.5,55.0,Chico-East Avenue,7.177583124999999,69.81956266666667,10.676962316666668,1019.2958333333332,0.0,29.958333333333332
2016-12-02,39.76168,-121.84047,19.2,70.0,Chico-East Avenue,7.667166541666667,49.33456391666667,13.485487479166666,1023.1750000000001,0.0,0.4583333333333333
2016-12-03,39.76168,-121.84047,33.0,96.0,Chico-East Avenue,8.850499916666665,53.982987875,7.311170319583333,1023.5833333333334,0.0,26.375
2016-12-04,39.76168,-121.84047,37.2,105.0,Chico-East Avenue,8.725499791666666,69.30148254166666,5.0367435333333335,1021.4250000000001,0.0,66.625
2016-12-05,39.76168,-121.84047,32.2,94.0,Chico-East Avenue,7.479666458333334,80.48473429166667,4.748286229166667,1018.85,0.0,62.416666666666664
2016-12-06,39.76168,-121.84047,30.4,91.0,Chico-East Avenue,5.06508320875,78.19735849999999,3.085134770833333,1017.25,0.0,25.0
2016-12-07,39.76168,-121.84047,11.4,55.0,Chico-East Avenue,3.769249875,70.82319833333334,5.469436833333333,1020.7624999999999,0.008333333333333333,64.83333333333333
2016-12-08,39.76168,-121.84047,10.2,53.0,Chico-East Avenue,5.7025832916666666,91.76325058333333,4.2016348875,1021.2291666666666,0.8083333333333332,98.79166666666667
2016-12-09,39.76168,-121.84047,13.3,59.0,Chico-East Avenue,10.431749625,97.03072429166667,9.551057883333334,1022.375,0.2833333333333333,99.08333333333333
2016-12-10,39.76168,-121.84047,16.0,64.0,Chico-East Avenue,13.592166166666667,95.82749295833332,19.547264291666668,1016.6833333333334,1.4041666666666668,100.0
2016-12-11,39.76168,-121.84047,17.1,66.0,Chico-East Avenue,9.7609165,89.78906616666666,4.823622125,1019.5333333333333,0.008333333333333333,91.83333333333333
2016-12-12,39.76168,-121.84047,24.9,80.0,Chico-East Avenue,8.354666416666666,76.19522558333334,4.337318791666667,1020.9375,0.0,77.5
2016-12-13,39.76168,-121.84047,20.4,72.0,Chico-East Avenue,7.085916583333333,77.36215525,4.033081066666667,1019.9291666666667,0.05833333333333333,86.70833333333333
2016-12-14,39.76168,-121.84047,19.7,71.0,Chico-East Avenue,10.173416208333334,93.91294020833334,8.799095016666667,1017.6833333333334,0.35000000000000003,99.83333333333333
2016-12-15,39.76168,-121.84047,11.7,56.0,Chico-East Avenue,12.760916291666666,93.83757583333333,19.531580416666667,1011.3541666666666,1.5041666666666667,99.91666666666667
2016-12-16,39.76168,-121.84047,7.7,43.0,Chico-East Avenue,9.417166291666666,83.679815625,12.228846791666667,1005.9208333333332,0.6833333333333332,42.375
2016-12-17,39.76168,-121.84047,16.3,64.0,Chico-East Avenue,3.6213332525,59.25396933333334,7.107524712499999,1021.0124999999999,0.0,0.08333333333333333
2016-12-18,39.76168,-121.84047,19.6,71.0,Chico-East Avenue,3.4296665424999997,56.19555508333334,7.9311043125000005,1026.4750000000001,0.0,1.4166666666666667
2016-12-19,39.76168,-121.84047,36.3,103.0,Chico-East Avenue,3.4150832108333335,62.560873125,5.1881856,1029.2916666666667,0.0,50.0
2016-12-20,39.76168,-121.84047,17.6,67.0,Chico-East Avenue,5.831749875,74.409827375,4.706163141666667,1027.3708333333334,0.0,75.16666666666667
2016-12-21,39.76168,-121.84047,29.7,89.0,Chico-East Avenue,10.065083166666666,72.97019516666667,8.127126470833334,1021.0,0.0,43.166666666666664
2016-12-22,39.76168,-121.84047,22.2,75.0,Chico-East Avenue,8.662999749999999,68.53887645833333,6.654184454166667,1016.3833333333333,0.0,6.625
2016-12-23,39.76168,-121.84047,18.9,69.0,Chico-East Avenue,8.442166458333334,82.907691875,14.822711229166666,1012.3375,0.65,90.54166666666667
2016-12-24,39.76168,-121.84047,22.0,75.0,Chico-East Avenue,4.892166583333334,88.26786004166667,7.015426349999999,1009.6708333333332,0.25416666666666665,50.375
2016-12-25,39.76168,-121.84047,25.6,82.0,Chico-East Avenue,1.9671666666666667,67.11715020833334,5.7825499124999995,1016.3125,0.0,48.5
2016-12-26,39.76168,-121.84047,24.4,80.0,Chico-East Avenue,1.4525832916666666,65.40815379166666,6.963949070833333,1024.1875,0.0,32.416666666666664
2016-12-27,39.76168,-121.84047,23.7,78.0,Chico-East Avenue,3.3400832095833337,66.93760791666666,4.545212686666667,1027.4125000000001,0.0,86.5
2016-12-28,39.76168,-121.84047,25.4,81.0,Chico-East Avenue,4.821333166458333,71.84420254166666,5.2488214625,1026.1708333333333,0.0,39.083333333333336
2016-12-29,39.76168,-121.84047,16.1,64.0,Chico-East Avenue,7.273416625,70.597774375,6.199161395833333,1023.3708333333334,0.0,4.333333333333333
2016-12-30,39.76168,-121.84047,31.0,92.0,Chico-East Avenue,7.3525832499999995,70.26797920833333,6.6681313875,1018.5208333333334,0.0,36.541666666666664
2016-12-31,39.76168,-121.84047,18.5,69.0,Chico-East Avenue,9.415083000000001,68.74250808333333,9.5779241125,1012.6333333333333,0.0,39.083333333333336
2017-01-01,39.76168,-121.84047,11.8,56.0,Chico-East Avenue,6.7912500875,85.995767625,7.437551191666667,1012.7875,0.07083333333333333,46.0
2017-01-02,39.76168,-121.84047,10.2,53.0,Chico-East Avenue,4.828749966666667,88.78790325,15.13242475,1013.1208333333334,0.15416666666666667,71.95833333333333
2017-01-03,39.76168,-121.84047,2.6,14.0,Chico-East Avenue,6.099583316666667,87.52031641666667,16.890492541666667,1017.9083333333333,0.5833333333333334,87.16666666666667
2017-01-04,39.76168,-121.84047,5.7,32.0,Chico-East Avenue,9.564166958333333,90.89435150000001,20.885563666666666,1011.6333333333333,1.4458333333333335,98.16666666666667
2017-01-05,39.76168,-121.84047,2.7,15.0,Chico-East Avenue,6.243333291666667,78.189055875,7.3057855,1015.5708333333333,0.10833333333333334,60.833333333333336
2017-01-06,39.76168,-121.84047,9.5,52.0,Chico-East Avenue,0.9808333416666666,63.15630158333334,6.560943320833334,1020.3416666666667,0.0,36.833333333333336
2017-01-07,39.76168,-121.84047,7.2,40.0,Chico-East Avenue,5.091250116666667,81.76907941666667,8.135490533333334,1017.1999999999999,1.3208333333333333,100.0
2017-01-08,39.76168,-121.84047,2.2,12.0,Chico-East Avenue,11.743333625,95.30493291666666,14.983428841666667,1012.6999999999999,3.545833333333333,100.0
2017-01-09,39.76168,-121.84047,2.2,12.0,Chico-East Avenue,11.743333625,95.30493291666666,14.983428841666667,1012.6999999999999,3.545833333333333,100.0
2017-01-10,39.76168,-121.84047,1.0,6.0,Chico-East Avenue,9.966250208333333,93.48280458333333,23.970179687499996,1012.4833333333332,1.1708333333333334,99.91666666666667
2017-01-11,39.76168,-121.84047,1.0,6.0,Chico-East Avenue,10.024583529166668,87.810820625,19.0094631875,1006.4416666666666,0.7666666666666667,64.66666666666667
2017-01-12,39.76168,-121.84047,5.5,31.0,Chico-East Avenue,6.945416683333334,85.204179,10.67161025,1012.7041666666668,0.20833333333333334,77.0
2017-01-13,39.76168,-121.84047,9.9,52.0,Chico-East Avenue,5.651666766666668,81.937381625,8.2616336,1019.1708333333332,0.05416666666666666,13.958333333333334
2017-01-14,39.76168,-121.84047,23.8,78.0,Chico-East Avenue,6.993333491666667,64.32905079166666,7.037595204166667,1022.9,0.0,48.125
2017-01-15,39.76168,-121.84047,23.9,79.0,Chico-East Avenue,5.362083382083334,70.93289433333332,6.193790454166667,1020.7458333333334,0.0,42.833333333333336
2017-01-16,39.76168,-121.84047,31.6,93.0,Chico-East Avenue,5.985000045833334,71.10795291666666,5.246188658333334,1021.1208333333334,0.0,22.875
2017-01-17,39.76168,-121.84047,38.8,109.0,Chico-East Avenue,5.045416658333333,83.05081841666667,5.897132174999999,1020.9041666666667,0.0,48.291666666666664
2017-01-18,39.76168,-121.84047,10.9,54.0,Chico-East Avenue,7.460000070833334,85.20204916666667,13.072858458333334,1017.3208333333333,0.425,99.0
2017-01-19,39.76168,-121.84047,2.4,13.0,Chico-East Avenue,8.4433333,88.53942566666666,19.237399791666665,1008.5375,1.4291666666666665,87.20833333333333
2017-01-20,39.76168,-121.84047,4.3,24.0,Chico-East Avenue,7.8495834916666665,90.04603683333333,23.647529666666667,998.9,1.2166666666666666,99.04166666666667
2017-01-21,39.76168,-121.84047,3.2,18.0,Chico-East Avenue,7.614166683333334,88.072500375,22.285811874999997,999.8249999999999,0.19999999999999998,96.29166666666667
2017-01-22,39.76168,-121.84047,2.4,13.0,Chico-East Avenue,8.753750016666666,83.64344895833334,23.661218583333333,1007.1791666666667,1.1416666666666668,85.29166666666667
2017-01-23,39.76168,-121.84047,3.5,19.0,Chico-East Avenue,6.828750091666667,87.53450766666667,14.042674041666666,1006.8083333333334,0.4041666666666666,86.91666666666667
2017-01-24,39.76168,-121.84047,6.5,36.0,Chico-East Avenue,6.035000033333334,76.88267033333334,10.446001687499999,1015.3416666666667,0.02916666666666667,51.458333333333336
2017-01-25,39.76168,-121.84047,17.7,67.0,Chico-East Avenue,4.005833393125,69.68022741666667,5.4303137291666665,1024.2875000000001,0.0,39.333333333333336
2017-01-26,39.76168,-121.84047,11.5,55.0,Chico-East Avenue,4.557916817916667,76.31237879166666,5.842224879166667,1030.0416666666667,0.0,21.333333333333332
2017-01-27,39.76168,-121.84047,11.4,55.0,Chico-East Avenue,6.203750045833334,62.946857208333334,8.034287191666666,1033.3708333333334,0.0,39.0
2017-01-28,39.76168,-121.84047,15.3,63.0,Chico-East Avenue,6.3079166875,67.818074375,5.976460475,1035.7625,0.0,56.958333333333336
2017-01-29,39.76168,-121.84047,23.2,77.0,Chico-East Avenue,6.680833408333334,63.804532583333334,5.242504891666667,1032.1458333333333,0.0,66.95833333333333
2017-01-30,39.76168,-121.84047,24.8,80.0,Chico-East Avenue,7.714166704166666,70.74346691666666,3.4243744874999997,1025.8666666666666,0.0,77.125
2017-01-31,39.76168,-121.84047,23.1,77.0,Chico-East Avenue,7.224583454166667,73.22835145833334,4.07054597,1021.4666666666667,0.0,64.33333333333333
2017-02-01,39.76168,-121.84047,31.3,92.0,Chico-East Avenue,8.726666870833334,72.00175695833333,4.310453975000001,1017.0708333333333,0.0,94.25
2017-02-02,39.76168,-121.84047,8.4,47.0,Chico-East Avenue,9.464166783333333,76.88254016666666,10.310778966666666,1015.8208333333333,0.31666666666666665,83.75
2017-02-03,39.76168,-121.84047,3.1,17.0,Chico-East Avenue,12.222500250000001,91.23342758333332,19.814053220833333,1011.7875,1.5958333333333332,94.95833333333333
2017-02-04,39.76168,-121.84047,3.2,18.0,Chico-East Avenue,11.599583458333335,92.92736016666667,19.996422541666664,1016.2458333333334,0.27499999999999997,90.29166666666667
2017-02-05,39.76168,-121.84047,4.3,24.0,Chico-East Avenue,11.580833458333332,86.29635733333333,13.687122,1015.9166666666666,0.016666666666666666,96.875
2017-02-06,39.76168,-121.84047,2.5,14.0,Chico-East Avenue,11.776666958333335,88.53217004166667,24.072080416666665,1007.0291666666667,0.7875,97.54166666666667
2017-02-07,39.76168,-121.84047,2.5,14.0,Chico-East Avenue,13.024583666666667,91.27597658333333,24.86758945833333,1008.1583333333333,2.1125000000000003,99.95833333333333
2017-02-08,39.76168,-121.84047,4.3,24.0,Chico-East Avenue,14.289166791666666,96.39041379166667,17.768353583333333,1016.5541666666667,0.7583333333333333,99.91666666666667
2017-02-09,39.76168,-121.84047,3.0,17.0,Chico-East Avenue,15.187083625,95.66450708333333,21.0696765,1013.6,1.7249999999999999,100.0
2017-02-10,39.76168,-121.84047,4.7,26.0,Chico-East Avenue,12.997500166666667,87.16902141666667,14.336887083333332,1013.9291666666667,0.38333333333333336,90.0
2017-02-11,39.76168,-121.84047,1.0,6.0,Chico-East Avenue,10.649583487500001,76.36948825,12.038448141666668,1020.1291666666666,0.325,35.625
2017-02-12,39.76168,-121.84047,5.0,28.0,Chico-East Avenue,9.689166745833333,60.251691625,9.689251591666666,1023.9208333333332,0.0,22.541666666666668
2017-02-13,39.76168,-121.84047,12.5,57.0,Chico-East Avenue,10.022500145833334,54.65364591666667,5.948592949999999,1020.9041666666667,0.0,88.25
2017-02-14,39.76168,-121.84047,14.9,62.0,Chico-East Avenue,9.624583491666668,64.535957375,5.158602791666667,1020.0458333333332,0.0,39.916666666666664
2017-02-15,39.76168,-121.84047,12.0,56.0,Chico-East Avenue,11.470417,71.50801075,6.973970320833334,1019.2166666666667,0.012500000000000002,88.75
2017-02-16,39.76168,-121.84047,7.0,39.0,Chico-East Avenue,13.360000166666666,82.53757083333333,19.6447819375,1012.0208333333334,0.5499999999999999,78.70833333333333
2017-02-17,39.76168,-121.84047,3.7,21.0,Chico-East Avenue,11.474583416666666,81.46029658333333,11.101143416666666,1003.1833333333334,0.9833333333333333,91.54166666666667
2017-02-18,39.76168,-121.84047,2.0,11.0,Chico-East Avenue,10.693333458333333,90.64126670833333,11.371252575,996.2291666666666,1.5291666666666668,97.20833333333333
2017-02-19,39.76168,-121.84047,3.7,21.0,Chico-East Avenue,9.837083362500001,82.63716008333334,18.539215479166668,1006.9333333333334,0.24583333333333335,79.375
2017-02-20,39.76168,-121.84047,2.3,13.0,Chico-East Avenue,11.039166958333334,88.86066125,23.533798541666666,1011.3791666666666,1.2333333333333334,99.79166666666667
2017-02-21,39.76168,-121.84047,4.0,22.0,Chico-East Avenue,11.405833541666667,84.2688275,21.4073745,1016.1916666666666,0.6083333333333333,72.16666666666667
2017-02-22,39.76168,-121.84047,3.8,21.0,Chico-East Avenue,7.9162502083333335,80.58180983333334,8.076981479166667,1022.5166666666668,0.375,74.08333333333333
2017-02-23,39.76168,-121.84047,6.0,33.0,Chico-East Avenue,4.735000114166667,76.87059070833332,6.9672567125,1021.8041666666667,0.06666666666666667,18.958333333333332
2017-02-24,39.76168,-121.84047,5.2,29.0,Chico-East Avenue,4.716250140833334,56.706551625,6.5075998625,1023.2375000000001,0.0,23.916666666666668
2017-02-25,39.76168,-121.84047,5.6,31.0,Chico-East Avenue,6.820416775000001,67.09086325,8.764876070833333,1022.1458333333334,0.029166666666666664,65.0
2017-02-26,39.76168,-121.84047,7.1,39.0,Chico-East Avenue,5.710000086041667,60.757772249999995,9.539374058333333,1015.5166666666668,0.0,21.875
2017-02-27,39.76168,-121.84047,3.2,18.0,Chico-East Avenue,6.4162500375,72.68170954166666,7.999475554166668,1012.475,0.03333333333333333,35.833333333333336
2017-02-28,39.76168,-121.84047,7.2,40.0,Chico-East Avenue,6.737083383333334,58.91976775,7.569901529166667,1018.1791666666667,0.0,15.583333333333334
2017-03-01,39.76168,-121.84047,9.6,52.0,Chico-East Avenue,7.2725000458333335,60.870990291666665,7.497770845833333,1027.5416666666667,0.0,3.5833333333333335
2017-03-02,39.76168,-121.84047,6.1,34.0,Chico-East Avenue,9.074583437500001,67.03783283333333,5.2059228583333335,1027.3458333333333,0.0,2.6666666666666665
2017-03-03,39.76168,-121.84047,12.0,56.0,Chico-East Avenue,9.7475000625,71.97711270833334,3.9660604375,1021.3125,0.0,82.0
2017-03-04,39.76168,-121.84047,5.4,30.0,Chico-East Avenue,11.314166708333333,69.70930770833333,13.350876770833333,1013.2708333333334,0.30416666666666664,82.70833333333333
2017-03-05,39.76168,-121.84047,1.0,6.0,Chico-East Avenue,8.697500129166666,74.4415805,17.799321625,1008.4416666666666,0.30833333333333335,64.54166666666667
2017-03-06,39.76168,-121.84047,2.8,16.0,Chico-East Avenue,6.143333433333333,71.22221579166667,16.757869275,1019.8416666666667,0.09583333333333333,82.33333333333333
2017-03-07,39.76168,-121.84047,8.2,46.0,Chico-East Avenue,8.651666741666666,75.72339454166666,12.248747324999998,1026.5208333333333,0.024999999999999998,69.70833333333333
2017-03-08,39.76168,-121.84047,5.6,31.0,Chico-East Avenue,10.735000241666667,71.875396125,6.426226545833334,1026.2625,0.0,51.458333333333336
2017-03-09,39.76168,-121.84047,8.1,45.0,Chico-East Avenue,14.020416958333334,75.73573758333333,6.988669125,1022.3458333333333,0.0,60.708333333333336
2017-03-10,39.76168,-121.84047,4.3,24.0,Chico-East Avenue,15.570416875,77.04840958333334,4.7012228291666665,1021.0916666666667,0.0,88.75
2017-03-11,39.76168,-121.84047,5.5,31.0,Chico-East Avenue,14.276666791666665,67.18916825000001,3.953861441666667,1019.2291666666666,0.0,46.0
2017-03-12,39.76168,-121.84047,4.6,26.0,Chico-East Avenue,15.362083445833333,60.77563808333333,7.638486566666667,1020.5541666666667,0.0,61.666666666666664
2017-03-13,39.76168,-121.84047,5.3,29.0,Chico-East Avenue,14.241250183333333,62.82614425,4.5104385208333335,1019.4583333333334,0.0,3.1666666666666665
2017-03-14,39.76168,-121.84047,8.0,44.0,Chico-East Avenue,14.810000125,62.24783145833334,4.8529913208333335,1017.4375,0.0,32.0
2017-03-15,39.76168,-121.84047,6.6,37.0,Chico-East Avenue,17.766250208333336,59.581039000000004,10.372739083333334,1016.8958333333334,0.012500000000000002,70.20833333333333
2017-03-16,39.76168,-121.84047,4.8,27.0,Chico-East Avenue,15.410000125000002,79.98010420833333,8.466295008333333,1020.6333333333333,0.05416666666666666,78.0
2017-03-17,39.76168,-121.84047,6.1,34.0,Chico-East Avenue,14.164166916666666,66.67992975,3.80578785,1018.5833333333334,0.0,37.375
2017-03-18,39.76168,-121.84047,7.4,41.0,Chico-East Avenue,16.90375020833333,64.443318625,11.846828145833333,1015.6416666666668,0.1875,97.66666666666667
2017-03-19,39.76168,-121.84047,5.6,31.0,Chico-East Avenue,15.266250208333332,67.26371695833333,7.7982852375,1017.0541666666667,0.004166666666666667,93.95833333333333
2017-03-20,39.76168,-121.84047,6.5,36.0,Chico-East Avenue,15.955833416666666,65.18190458333333,11.05476605,1014.6416666666668,0.008333333333333333,86.95833333333333
2017-03-21,39.76168,-121.84047,6.2,34.0,Chico-East Avenue,13.885000208333333,85.26506991666666,17.620138583333333,1012.2875,1.7791666666666668,80.70833333333333
2017-03-22,39.76168,-121.84047,5.4,30.0,Chico-East Avenue,12.172500208333334,79.80227683333334,17.532274104166667,1014.7833333333333,1.8083333333333333,82.70833333333333
2017-03-23,39.76168,-121.84047,3.1,17.0,Chico-East Avenue,9.6600001,78.03925737499999,6.315121045833333,1020.1166666666667,0.004166666666666667,41.666666666666664
2017-03-24,39.76168,-121.84047,5.5,31.0,Chico-East Avenue,11.620416958333335,77.92168712499999,17.054800083333333,1021.3708333333334,1.0166666666666666,99.95833333333333
2017-03-25,39.76168,-121.84047,3.9,22.0,Chico-East Avenue,11.862083541666665,81.620512875,9.088592908333334,1021.3041666666667,0.1625,68.75
2017-03-26,39.76168,-121.84047,3.5,19.0,Chico-East Avenue,11.953750125,70.118436125,13.7084655125,1018.2916666666666,0.04583333333333334,83.58333333333333
2017-03-27,39.76168,-121.84047,4.5,25.0,Chico-East Avenue,11.426666866666666,72.92269233333333,12.929633404166667,1019.6666666666666,0.5083333333333333,57.791666666666664
2017-03-28,39.76168,-121.84047,3.4,19.0,Chico-East Avenue,13.380833541666668,49.57721695833334,16.887497895833334,1022.9041666666667,0.0,24.416666666666668
2017-03-29,39.76168,-121.84047,4.8,27.0,Chico-East Avenue,14.555833375,59.14981516666666,7.269717,1020.7041666666668,0.0,66.75
2017-03-30,39.76168,-121.84047,6.9,38.0,Chico-East Avenue,14.55375025,67.000163625,16.161860070833335,1016.975,0.13333333333333333,42.916666666666664
2017-03-31,39.76168,-121.84047,3.0,17.0,Chico-East Avenue,13.026666833333332,40.028562625,23.647130708333336,1017.6625,0.0,6.125
2017-04-01,39.76168,-121.84047,3.6,20.0,Chico-East Avenue,17.080833375,41.74536766666667,12.149304870833333,1016.2583333333333,0.0,36.958333333333336
2017-04-02,39.76168,-121.84047,4.3,24.0,Chico-East Avenue,18.626666916666668,59.731775999999996,10.659979404166666,1015.2875,0.0,31.125
2017-04-03,39.76168,-121.84047,4.7,26.0,Chico-East Avenue,15.980833500000001,38.138988125000004,17.173366420833332,1013.8333333333334,0.0,27.875
2017-04-04,39.76168,-121.84047,6.7,37.0,Chico-East Avenue,15.374583416666667,46.29772066666666,6.6598287166666665,1014.2833333333333,0.0,84.5
2017-04-05,39.76168,-121.84047,6.1,34.0,Chico-East Avenue,16.782916833333335,52.59031675,10.088062299999999,1015.9083333333333,0.0,94.125
2017-04-06,39.76168,-121.84047,3.4,19.0,Chico-East Avenue,15.468333583333333,59.96757816666667,11.745995045833332,1012.7833333333333,0.24166666666666667,97.66666666666667
2017-04-07,39.76168,-121.84047,2.6,14.0,Chico-East Avenue,11.616250083333334,84.77520750000001,24.445662520833334,1008.3416666666667,1.75,93.33333333333333
2017-04-08,39.76168,-121.84047,3.7,21.0,Chico-East Avenue,9.8704169625,84.64044299999999,8.256968308333333,1013.3083333333334,1.0958333333333334,80.70833333333333
2017-04-09,39.76168,-121.84047,2.2,12.0,Chico-East Avenue,8.9891666625,67.569794125,6.502742958333333,1022.0458333333332,0.016666666666666666,9.583333333333334
2017-04-10,39.76168,-121.84047,4.4,24.0,Chico-East Avenue,12.680833541666667,58.188165125000005,11.099439625,1021.5333333333333,0.0,72.45833333333333
2017-04-11,39.76168,-121.84047,6.7,37.0,Chico-East Avenue,12.67666675,71.67854708333333,7.235759008333333,1016.1125000000001,0.18333333333333335,93.91666666666667
2017-04-12,39.76168,-121.84047,3.1,17.0,Chico-East Avenue,13.682916916666668,85.75929558333333,15.311359062500001,1013.9166666666666,0.6749999999999999,90.41666666666667
2017-04-13,39.76168,-121.84047,2.2,12.0,Chico-East Avenue,11.930833583333333,84.393350875,17.052603541666667,1012.1166666666667,0.6208333333333333,61.375
2017-04-14,39.76168,-121.84047,4.1,23.0,Chico-East Avenue,9.499583320833333,67.744831625,9.5634502625,1021.3208333333333,0.03333333333333333,24.291666666666668
2017-04-15,39.76168,-121.84047,4.8,27.0,Chico-East Avenue,10.566250075000001,55.466908875,6.137008691666666,1019.1791666666667,0.0,58.75
2017-04-16,39.76168,-121.84047,7.2,40.0,Chico-East Avenue,12.760000291666666,65.15082420833333,9.117977754166667,1013.7708333333334,0.15833333333333333,94.58333333333333
2017-04-17,39.76168,-121.84047,3.6,20.0,Chico-East Avenue,12.545416958333334,89.29944079166667,11.171954291666667,1016.0875,0.7541666666666668,99.375
2017-04-18,39.76168,-121.84047,3.2,18.0,Chico-East Avenue,14.124583666666666,81.82152245833333,12.079391416666667,1017.1958333333333,0.30833333333333335,78.875
2017-04-19,39.76168,-121.84047,5.6,31.0,Chico-East Avenue,14.895416708333334,60.283836666666666,13.979224641666667,1020.7791666666667,0.0,46.5
2017-04-20,39.76168,-121.84047,4.4,24.0,Chico-East Avenue,13.978750083333333,71.98615725,9.919600036250001,1023.775,0.25,62.791666666666664
2017-04-21,39.76168,-121.84047,3.6,20.0,Chico-East Avenue,14.539166791666666,51.10771954166666,9.709737145833333,1021.4125,0.0,31.708333333333332
2017-04-22,39.76168,-121.84047,6.2,34.0,Chico-East Avenue,17.44125025,55.54546375,12.865629645833332,1014.1125000000001,0.0,53.125
2017-04-23,39.76168,-121.84047,6.1,34.0,Chico-East Avenue,15.678750125,74.92524295833333,8.2116089625,1013.7458333333334,0.0,56.708333333333336
2017-04-24,39.76168,-121.84047,2.5,14.0,Chico-East Avenue,14.682916874999998,72.11255379166667,15.484739625000001,1013.8791666666666,0.11666666666666665,99.0
2017-04-25,39.76168,-121.84047,3.7,21.0,Chico-East Avenue,13.968333583333333,67.06177637500001,9.318037358333333,1016.2166666666667,0.012500000000000002,90.33333333333333
2017-04-26,39.76168,-121.84047,4.7,26.0,Chico-East Avenue,15.437083333333334,70.053575125,11.609156166666667,1015.6875,0.10833333333333334,99.0
2017-04-27,39.76168,-121.84047,2.4,13.0,Chico-East Avenue,15.157916916666666,72.47913258333334,12.7192130125,1015.3458333333333,0.2125,64.08333333333333
2017-04-28,39.76168,-121.84047,3.6,20.0,Chico-East Avenue,14.857916875,42.26118183333333,17.6644368125,1016.5333333333333,0.0,5.333333333333333
2017-04-29,39.76168,-121.84047,3.1,17.0,Chico-East Avenue,15.69541675,40.57697116666667,12.7482280125,1019.0291666666667,0.0,0.0
2017-04-30,39.76168,-121.84047,3.4,19.0,Chico-East Avenue,17.797500166666666,57.11127108333333,6.348673504166666,1018.6958333333333,0.0,23.75
2017-05-01,39.76168,-121.84047,7.2,40.0,Chico-East Avenue,19.922500208333332,46.063906083333336,10.999533204166667,1017.2833333333333,0.0,0.0
2017-05-02,39.76168,-121.84047,2.2,12.0,Chico-East Avenue,23.29750025,47.886940833333334,15.125892770833334,1014.0666666666666,0.0,31.375
2017-05-03,39.76168,-121.84047,5.7,32.0,Chico-East Avenue,24.401666791666667,49.34786825,11.150459320833333,1012.7458333333334,0.0,0.125
2017-05-04,39.76168,-121.84047,9.4,52.0,Chico-East Avenue,25.099583166666665,54.367252375,6.7296447654166665,1011.1374999999999,0.0,6.666666666666667
2017-05-05,39.76168,-121.84047,3.2,18.0,Chico-East Avenue,22.63291691666667,54.87371325,15.979564895833335,1009.2125,0.0,49.5
2017-05-06,39.76168,-121.84047,8.7,48.0,Chico-East Avenue,17.020416708333332,51.317202125,10.728869370833332,1007.3833333333333,0.0,76.79166666666667
2017-05-07,39.76168,-121.84047,4.0,22.0,Chico-East Avenue,17.797500083333333,40.057822,17.153133695833333,1006.4666666666667,0.0,41.75
2017-05-08,39.76168,-121.84047,4.5,25.0,Chico-East Avenue,20.385000125,47.65983970833333,9.042792179166666,1010.9833333333332,0.0,29.291666666666668
2017-05-09,39.76168,-121.84047,5.3,29.0,Chico-East Avenue,22.255833624999998,39.601559333333334,7.361741208333334,1008.8375,0.0,49.458333333333336
2017-05-10,39.76168,-121.84047,14.0,60.0,Chico-East Avenue,22.899583458333336,44.683701625,11.757521866666666,1009.7291666666666,0.0,48.5
2017-05-11,39.76168,-121.84047,6.5,36.0,Chico-East Avenue,18.466250249999998,56.19547058333333,20.13696225,1016.4416666666666,0.0,36.666666666666664
2017-05-12,39.76168,-121.84047,4.6,26.0,Chico-East Avenue,15.582916958333334,48.532526375,9.371569941666666,1018.1125000000001,0.0,16.333333333333332
2017-05-13,39.76168,-121.84047,3.3,18.0,Chico-East Avenue,14.685000333333333,41.937119,10.556715458333334,1017.1541666666667,0.008333333333333333,17.166666666666668
2017-05-14,39.76168,-121.84047,5.0,28.0,Chico-East Avenue,15.437083583333333,40.51824104166666,7.7656292916666665,1011.8833333333333,0.0,18.5
2017-05-15,39.76168,-121.84047,5.0,28.0,Chico-East Avenue,16.572500125,42.46909970833333,7.427993670833334,1009.5958333333333,0.0,9.875
2017-05-16,39.76168,-121.84047,5.4,30.0,Chico-East Avenue,16.462083583333335,53.483943124999996,11.963808783333334,1011.8333333333334,0.0,79.70833333333333
2017-05-17,39.76168,-121.84047,2.2,12.0,Chico-East Avenue,15.257916791666666,57.71882,10.550319845833334,1015.2624999999999,0.004166666666666667,31.041666666666668
2017-05-18,39.76168,-121.84047,5.8,32.0,Chico-East Avenue,18.703750125,35.48740983333334,10.173385116666667,1014.0416666666666,0.0,1.625
2017-05-19,39.76168,-121.84047,3.5,19.0,Chico-East Avenue,22.110000125,32.58990229166667,8.389673675,1012.8041666666667,0.0,0.5416666666666666
2017-05-20,39.76168,-121.84047,9.7,52.0,Chico-East Avenue,23.75583345833333,35.185373291666664,5.1673080166666665,1012.025,0.0,1.2083333333333333
2017-05-21,39.76168,-121.84047,9.3,51.0,Chico-East Avenue,26.053749916666664,32.30700825,8.221532116666667,1011.0500000000001,0.0,6.333333333333333
2017-05-22,39.76168,-121.84047,6.5,36.0,Chico-East Avenue,27.699583083333334,30.022147041666667,7.7029303250000005,1011.9708333333333,0.0,41.333333333333336
2017-05-23,39.76168,-121.84047,9.0,50.0,Chico-East Avenue,28.312082958333335,32.875735875,5.528824904166666,1011.25,0.0,15.916666666666666
2017-05-24,39.76168,-121.84047,9.5,52.0,Chico-East Avenue,27.332916791666666,37.929092375,11.2206373375,1007.1083333333332,0.0,13.875
2017-05-25,39.76168,-121.84047,5.4,30.0,Chico-East Avenue,21.016250041666666,47.343143833333336,16.2534241125,1004.2333333333332,0.0,27.375
2017-05-26,39.76168,-121.84047,6.8,38.0,Chico-East Avenue,19.124583583333333,55.69041920833333,10.462299816666667,1010.0958333333333,0.0,5.0
2017-05-27,39.76168,-121.84047,6.7,37.0,Chico-East Avenue,20.032916916666668,60.241132416666666,6.747493787500001,1015.525,0.0,0.4583333333333333
2017-05-28,39.76168,-121.84047,7.3,41.0,Chico-East Avenue,22.689166791666665,54.458797041666664,6.256921833333333,1015.8541666666666,0.0,1.0
2017-05-29,39.76168,-121.84047,16.7,65.0,Chico-East Avenue,23.964166916666667,54.316550375,7.242268333333333,1012.3166666666666,0.0,45.166666666666664
2017-05-30,39.76168,-121.84047,16.6,65.0,Chico-East Avenue,23.153750125000002,56.08416891666667,8.853087108333334,1010.3583333333332,0.0,66.875
2017-05-31,39.76168,-121.84047,12.6,58.0,Chico-East Avenue,20.624583541666667,64.77375458333334,8.036424008333332,1011.525,0.46249999999999997,77.79166666666667
2017-06-01,39.76168,-121.84047,6.2,34.0,Chico-East Avenue,22.018333416666668,55.705876875,7.011399333333333,1011.6416666666668,0.0,28.541666666666668
2017-06-02,39.76168,-121.84047,8.7,48.0,Chico-East Avenue,23.174583583333334,51.069281458333336,5.519816870833334,1011.6958333333333,0.0,12.375
2017-06-03,39.76168,-121.84047,5.0,28.0,Chico-East Avenue,24.797500166666666,41.65828425,6.588604408333333,1010.2541666666666,0.0,72.66666666666667
2017-06-04,39.76168,-121.84047,9.8,52.0,Chico-East Avenue,24.82875025,39.94800733333333,9.604824975,1009.7458333333334,0.0,6.958333333333333
2017-06-05,39.76168,-121.84047,7.2,40.0,Chico-East Avenue,24.489166541666666,37.31092085416667,6.035896820833333,1010.5625,0.0,26.958333333333332
2017-06-06,39.76168,-121.84047,10.5,54.0,Chico-East Avenue,26.193333125,26.232071458333333,7.7807769166666665,1009.9250000000001,0.0,31.166666666666668
2017-06-07,39.76168,-121.84047,13.0,58.0,Chico-East Avenue,24.822500041666668,36.739456875,11.259298549999999,1009.2583333333333,0.0,73.08333333333333
2017-06-08,39.76168,-121.84047,2.9,16.0,Chico-East Avenue,19.501667041666668,55.75182483333333,19.577353583333334,1012.5749999999999,0.5583333333333333,93.70833333333333
2017-06-09,39.76168,-121.84047,7.3,41.0,Chico-East Avenue,17.78708345833333,69.99274641666666,9.801393041666666,1013.2583333333333,0.11666666666666665,28.416666666666668
2017-06-10,39.76168,-121.84047,2.9,16.0,Chico-East Avenue,17.705833458333334,58.39625783333333,10.880127216666667,1011.4,0.0,25.208333333333332
2017-06-11,39.76168,-121.84047,1.0,6.0,Chico-East Avenue,16.424583541666667,51.186239416666666,9.717833320833334,1010.7416666666667,0.04583333333333334,49.375
2017-06-12,39.76168,-121.84047,3.8,21.0,Chico-East Avenue,15.697500374999999,59.099494291666666,8.491768358333333,1015.8333333333334,0.020833333333333332,81.20833333333333
2017-06-13,39.76168,-121.84047,8.5,47.0,Chico-East Avenue,19.1870835,51.485258416666674,7.460778791666667,1017.3708333333334,0.0,14.583333333333334
2017-06-14,39.76168,-121.84047,9.2,51.0,Chico-East Avenue,22.374583375,41.325826125,5.028189583333334,1013.1583333333333,0.0,11.041666666666666
2017-06-15,39.76168,-121.84047,7.2,40.0,Chico-East Avenue,25.409999916666667,39.35794379166666,6.046953625,1013.275,0.0,50.875
2017-06-16,39.76168,-121.84047,6.7,37.0,Chico-East Avenue,28.814166416666666,38.913246916666665,11.216148966666665,1013.4375,0.0,19.916666666666668
2017-06-17,39.76168,-121.84047,5.2,29.0,Chico-East Avenue,30.474583291666665,35.36338045833333,16.513570166666668,1010.9041666666667,0.0,28.75
2017-06-18,39.76168,-121.84047,2.0,11.0,Chico-East Avenue,32.951666374999995,29.110627583333336,17.808742354166665,1007.975,0.0,31.75
2017-06-19,39.76168,-121.84047,11.9,56.0,Chico-East Avenue,34.291249666666666,30.874693166666663,6.084858916666666,1005.6374999999999,0.008333333333333333,15.208333333333334
2017-06-20,39.76168,-121.84047,17.2,66.0,Chico-East Avenue,34.28708291666667,33.88933791666667,6.808391941666667,1006.9958333333334,0.0,15.75
2017-06-21,39.76168,-121.84047,4.9,27.0,Chico-East Avenue,34.680832375,34.239429916666666,9.739691966666667,1005.6625,0.0,29.708333333333332
2017-06-22,39.76168,-121.84047,5.3,29.0,Chico-East Avenue,35.60166629166667,18.105210625,12.452775383333332,1003.9,0.0,2.875
2017-06-23,39.76168,-121.84047,9.6,52.0,Chico-East Avenue,33.72249958333333,21.161149416666667,8.491750699999999,1006.5833333333334,0.0,0.0
2017-06-24,39.76168,-121.84047,19.0,69.0,Chico-East Avenue,32.651666291666665,36.578849749999996,7.1368074125000005,1009.375,0.0,1.375
2017-06-25,39.76168,-121.84047,6.6,37.0,Chico-East Avenue,30.797499916666666,41.64854079166667,11.310258095833333,1010.2583333333333,0.0,42.5
2017-06-26,39.76168,-121.84047,3.5,19.0,Chico-East Avenue,27.293333291666666,40.91643491666667,13.854050020833334,1012.2333333333332,0.0,0.375
2017-06-27,39.76168,-121.84047,12.5,57.0,Chico-East Avenue,25.397499916666664,44.002619458333335,10.012968633333333,1011.9666666666667,0.0,0.0
2017-06-28,39.76168,-121.84047,12.5,57.0,Chico-East Avenue,25.397499916666664,44.002619458333335,10.012968633333333,1011.9666666666667,0.0,0.0
2017-06-29,39.76168,-121.84047,12.5,57.0,Chico-East Avenue,25.397499916666664,44.002619458333335,10.012968633333333,1011.9666666666667,0.0,0.0
2017-06-30,39.76168,-121.84047,9.4,52.0,Chico-East Avenue,27.405833125,42.81167645833333,7.039194591666667,1010.8416666666667,0.0,5.666666666666667
2017-07-01,39.76168,-121.84047,16.3,64.0,Chico-East Avenue,27.387083208333333,45.938291875000004,7.674422320833333,1008.9583333333334,0.0,14.875
2017-07-02,39.76168,-121.84047,10.9,54.0,Chico-East Avenue,28.403749916666666,45.798902875,6.8840839208333335,1008.9,0.0,0.0
2017-07-03,39.76168,-121.84047,13.0,58.0,Chico-East Avenue,28.455833249999998,43.15912541666666,9.3402245,1012.3458333333333,0.0,0.0
2017-07-04,39.76168,-121.84047,13.2,59.0,Chico-East Avenue,28.45583320833333,32.116291374999996,9.111923290833333,1012.8125,0.0,0.16666666666666666
2017-07-05,39.76168,-121.84047,13.7,60.0,Chico-East Avenue,28.495416833333334,31.41109883333333,10.3411614125,1012.9333333333334,0.0,0.0
2017-07-06,39.76168,-121.84047,5.5,31.0,Chico-East Avenue,29.793333291666666,30.02724225,7.872150175000001,1014.725,0.0,0.0
2017-07-07,39.76168,-121.84047,10.6,54.0,Chico-East Avenue,32.7954165,25.095837,7.635591529166667,1013.5708333333333,0.0,0.0
2017-07-08,39.76168,-121.84047,10.2,53.0,Chico-East Avenue,32.46624970833333,21.081338416666664,7.217923666666667,1010.1999999999999,0.0,0.0
2017-07-09,39.76168,-121.84047,6.7,37.0,Chico-East Avenue,31.74958325,24.706729375,8.656041745833333,1009.7125,0.0,0.0
2017-07-10,39.76168,-121.84047,8.1,45.0,Chico-East Avenue,31.380832916666666,23.679018291666665,8.798027966666666,1008.9666666666667,0.0,0.0
2017-07-11,39.76168,-121.84047,11.8,56.0,Chico-East Avenue,30.080833166666665,33.40925075,9.8451810875,1008.6791666666667,0.0,0.0
2017-07-12,39.76168,-121.84047,13.6,59.0,Chico-East Avenue,28.639166125,33.59663320833334,8.1731774625,1010.4708333333333,0.0,0.0
2017-07-13,39.76168,-121.84047,13.6,59.0,Chico-East Avenue,29.44541645833333,32.95216525,9.016693508333335,1011.8125,0.0,0.0
2017-07-14,39.76168,-121.84047,9.1,51.0,Chico-East Avenue,29.614166375,28.832776374999998,8.065900095833333,1013.225,0.0,9.416666666666666
2017-07-15,39.76168,-121.84047,15.4,63.0,Chico-East Avenue,30.684999833333332,28.475957958333336,7.6752267708333335,1013.6,0.0,0.2916666666666667
2017-07-16,39.76168,-121.84047,11.1,55.0,Chico-East Avenue,32.33708275,23.50423066666667,8.471411191666666,1010.9666666666667,0.0,9.375
2017-07-17,39.76168,-121.84047,7.6,42.0,Chico-East Avenue,31.83708329166667,23.733577333333333,7.182628254166667,1007.7291666666666,0.0,0.0
2017-07-18,39.76168,-121.84047,15.7,63.0,Chico-East Avenue,29.60374979166667,23.370190750000003,12.645116754166667,1010.0458333333332,0.0,0.0
2017-07-19,39.76168,-121.84047,14.6,61.0,Chico-East Avenue,27.795416625,22.20626904166667,8.340758195833333,1012.9666666666667,0.0,0.0
2017-07-20,39.76168,-121.84047,16.3,64.0,Chico-East Avenue,27.916249833333335,28.501524125,6.601385554166666,1013.2291666666666,0.0,0.0
2017-07-21,39.76168,-121.84047,7.9,44.0,Chico-East Avenue,29.053749625,31.838192791666668,6.448999929166667,1012.5041666666666,0.0,0.0
2017-07-22,39.76168,-121.84047,7.8,43.0,Chico-East Avenue,29.230832916666667,28.586717833333335,6.218341640833334,1010.5333333333333,0.0,0.0
2017-07-23,39.76168,-121.84047,8.8,49.0,Chico-East Avenue,31.734999625,28.555115375,7.667607654166666,1007.9041666666667,0.0,15.75
2017-07-24,39.76168,-121.84047,7.7,43.0,Chico-East Avenue,30.572499750000002,26.5751713125,9.993175691666666,1006.7791666666667,0.0,18.083333333333332
2017-07-25,39.76168,-121.84047,17.0,66.0,Chico-East Avenue,28.345416625,33.973477875,8.244652929166667,1009.8874999999999,0.0,1.0416666666666667
2017-07-26,39.76168,-121.84047,13.6,59.0,Chico-East Avenue,28.75999979166667,32.282189375,7.793744008333333,1012.8708333333334,0.0,0.16666666666666666
2017-07-27,39.76168,-121.84047,11.4,55.0,Chico-East Avenue,30.797499708333334,26.338899208333334,7.417676529166666,1012.3000000000001,0.0,0.041666666666666664
2017-07-28,39.76168,-121.84047,9.6,52.0,Chico-East Avenue,32.19541658333333,25.918454708333332,7.464123070833334,1009.6291666666666,0.0,0.0
2017-07-29,39.76168,-121.84047,8.1,45.0,Chico-East Avenue,31.159999666666664,26.8028993125,8.204511670833334,1010.4833333333332,0.0,1.5416666666666667
2017-07-30,39.76168,-121.84047,7.3,41.0,Chico-East Avenue,30.44749966666667,29.021534625,6.890536754166667,1013.4583333333334,0.0,2.6666666666666665
2017-07-31,39.76168,-121.84047,10.7,54.0,Chico-East Avenue,30.841249541666667,28.149006416666666,6.542380808333333,1013.7333333333332,0.0,0.041666666666666664
2017-08-01,39.76168,-121.84047,17.3,66.0,Chico-East Avenue,31.216249791666666,32.9349695,6.1589733125,1010.725,0.0,9.25
2017-08-02,39.76168,-121.84047,17.0,66.0,Chico-East Avenue,33.02041629166667,32.03033529166667,6.992752645833334,1009.2833333333333,0.0,0.2916666666666667
2017-08-03,39.76168,-121.84047,13.0,58.0,Chico-East Avenue,33.316249125,31.792419083333332,9.360891895833333,1010.5708333333333,0.0,28.333333333333332
2017-08-04,39.76168,-121.84047,12.1,57.0,Chico-East Avenue,32.272499458333336,27.146817791666667,9.129333458333333,1010.9583333333334,0.0,80.33333333333333
2017-08-05,39.76168,-121.84047,13.2,59.0,Chico-East Avenue,30.614166333333333,36.434062250000004,10.308092704166667,1010.0208333333334,0.004166666666666667,66.83333333333333
2017-08-06,39.76168,-121.84047,11.7,56.0,Chico-East Avenue,28.36624983333333,40.922501708333336,8.829591008333333,1009.9958333333334,0.0,20.791666666666668
2017-08-07,39.76168,-121.84047,11.5,55.0,Chico-East Avenue,27.407916583333332,42.949032625,6.655653178333334,1010.8541666666666,0.0,6.791666666666667
2017-08-08,39.76168,-121.84047,14.6,61.0,Chico-East Avenue,28.214166458333334,45.018851000000005,7.352751716666667,1011.2875,0.0,6.625
2017-08-09,39.76168,-121.84047,12.7,58.0,Chico-East Avenue,28.045416625,47.276221875,7.435467504166667,1010.5500000000001,0.0,8.75
2017-08-10,39.76168,-121.84047,12.3,57.0,Chico-East Avenue,27.489166833333332,50.461866625,6.849264020833334,1011.3000000000001,0.0,13.625
2017-08-11,39.76168,-121.84047,10.7,54.0,Chico-East Avenue,28.295416583333335,47.49390354166667,6.372037962499999,1010.9250000000001,0.0,3.0416666666666665
2017-08-12,39.76168,-121.84047,12.1,57.0,Chico-East Avenue,29.320416499999997,43.63991608333333,8.436539358333333,1009.3833333333333,0.0,2.9583333333333335
2017-08-13,39.76168,-121.84047,9.5,52.0,Chico-East Avenue,27.847499958333334,40.767951708333335,8.393857458333333,1009.7333333333332,0.0,8.333333333333334
2017-08-14,39.76168,-121.84047,5.1,28.0,Chico-East Avenue,25.926666583333333,49.30366083333333,11.9259812875,1008.4208333333332,0.0,57.166666666666664
2017-08-15,39.76168,-121.84047,15.4,63.0,Chico-East Avenue,23.71000033333333,56.96045966666667,7.849282591666667,1008.6458333333334,0.0,10.375
2017-08-16,39.76168,-121.84047,12.4,57.0,Chico-East Avenue,24.60791675,53.13881304166667,6.864974441666667,1010.9875000000001,0.0,0.8333333333333334
2017-08-17,39.76168,-121.84047,17.0,66.0,Chico-East Avenue,26.716250125000002,49.369335541666665,6.833617454166666,1012.5625,0.0,1.375
2017-08-18,39.76168,-121.84047,17.3,66.0,Chico-East Avenue,27.512083333333333,48.719494625,6.1331680791666665,1012.3916666666668,0.0,0.3333333333333333
2017-08-19,39.76168,-121.84047,22.6,76.0,Chico-East Avenue,28.828749666666667,46.454745,7.036247641666667,1010.1541666666667,0.0,3.875
2017-08-20,39.76168,-121.84047,16.3,64.0,Chico-East Avenue,27.791249833333335,47.07143141666666,7.760166754166666,1008.775,0.0,0.5
2017-08-21,39.76168,-121.84047,18.8,69.0,Chico-East Avenue,26.876666666666665,50.58195866666667,7.943768550000001,1011.1166666666667,0.0,20.833333333333332
2017-08-22,39.76168,-121.84047,16.6,65.0,Chico-East Avenue,25.8308335,55.747885625,6.656325741666667,1014.2041666666668,0.0,49.25
2017-08-23,39.76168,-121.84047,19.6,71.0,Chico-East Avenue,28.045416666666668,45.83768741666666,5.589557666666667,1012.125,0.0,23.125
2017-08-24,39.76168,-121.84047,19.0,69.0,Chico-East Avenue,28.293333375,44.81591666666667,7.7302785875,1009.0208333333334,0.0,16.458333333333332
2017-08-25,39.76168,-121.84047,13.7,60.0,Chico-East Avenue,27.097499791666667,36.819791875,6.797733515416667,1008.3208333333333,0.0,4.041666666666667
2017-08-26,39.76168,-121.84047,9.6,52.0,Chico-East Avenue,28.16416645833333,29.082299916666667,6.3618194125,1010.6458333333334,0.0,0.0
2017-08-27,39.76168,-121.84047,8.2,46.0,Chico-East Avenue,30.8037495,22.875086791666664,6.432757079166667,1011.6999999999999,0.0,15.333333333333334
2017-08-28,39.76168,-121.84047,8.0,44.0,Chico-East Avenue,31.774582916666663,22.920825333333337,5.4944508375000005,1009.4458333333333,0.0,0.75
2017-08-29,39.76168,-121.84047,8.6,48.0,Chico-East Avenue,31.824582958333334,26.237656708333333,7.6705557112500005,1007.6125000000001,0.0,0.5416666666666666
2017-08-30,39.76168,-121.84047,14.4,61.0,Chico-East Avenue,29.518333166666665,35.095671708333334,9.430220033333333,1008.4458333333333,0.0,0.16666666666666666
2017-08-31,39.76168,-121.84047,35.1,99.0,Chico-East Avenue,28.841249625,25.14580925,6.234905895833333,1008.7166666666667,0.0,0.0
2017-09-01,39.76168,-121.84047,45.2,125.0,Chico-East Avenue,31.48291625,19.973959958333335,9.148060575,1008.7375000000001,0.0,0.0
2017-09-02,39.76168,-121.84047,34.2,98.0,Chico-East Avenue,32.55999966666666,20.460601666666665,7.4541116,1008.1374999999999,0.0,1.0833333333333333
2017-09-03,39.76168,-121.84047,32.7,95.0,Chico-East Avenue,33.501666541666665,23.4181565,6.029118470833333,1009.3625000000001,0.0,9.958333333333334
2017-09-04,39.76168,-121.84047,31.7,93.0,Chico-East Avenue,32.45999954166667,29.326233875,7.165669533333333,1008.6,0.0,37.458333333333336
2017-09-05,39.76168,-121.84047,19.0,69.0,Chico-East Avenue,29.56833325,47.240962458333335,9.480432941666667,1010.7958333333332,0.0,28.5
2017-09-06,39.76168,-121.84047,16.4,65.0,Chico-East Avenue,29.257916041666665,54.012807333333335,7.376206854166667,1012.4916666666667,0.025000000000000005,57.083333333333336
2017-09-07,39.76168,-121.84047,16.8,65.0,Chico-East Avenue,26.684999916666666,50.66682304166667,13.948915849999999,1012.0124999999999,0.008333333333333333,35.583333333333336
2017-09-08,39.76168,-121.84047,13.1,58.0,Chico-East Avenue,24.474583499999998,59.393871749999995,5.6533543,1011.0458333333332,0.0,22.333333333333332
2017-09-09,39.76168,-121.84047,13.0,58.0,Chico-East Avenue,26.472499916666667,50.5798625,5.470000475,1011.7833333333333,0.0,17.75
2017-09-10,39.76168,-121.84047,11.0,55.0,Chico-East Avenue,27.126666541666665,34.18631079166666,4.865394345833333,1013.1333333333333,0.0,3.8333333333333335
2017-09-11,39.76168,-121.84047,17.5,67.0,Chico-East Avenue,29.887083291666666,30.526863666666667,8.186196595833334,1010.3041666666667,0.0,27.916666666666668
2017-09-12,39.76168,-121.84047,12.0,56.0,Chico-East Avenue,30.672499916666666,36.7396265,7.545053879166666,1010.0291666666667,0.0,77.0
2017-09-13,39.76168,-121.84047,16.0,64.0,Chico-East Avenue,27.36833354166667,51.051140624999995,9.089228945833334,1008.1999999999999,0.0,61.375
2017-09-14,39.76168,-121.84047,6.4,36.0,Chico-East Avenue,22.766250083333333,63.257927208333335,13.633069916666665,1008.7291666666666,0.0,54.416666666666664
2017-09-15,39.76168,-121.84047,17.0,66.0,Chico-East Avenue,22.697500166666668,56.636737875,9.197585375000001,1011.1999999999999,0.016666666666666666,25.041666666666668
2017-09-16,39.76168,-121.84047,18.5,69.0,Chico-East Avenue,22.626666999999998,28.829961291666667,5.9504297,1011.0958333333333,0.0,56.916666666666664
2017-09-17,39.76168,-121.84047,26.2,83.0,Chico-East Avenue,23.026666916666667,33.077122208333336,6.363362879166666,1011.0208333333334,0.0,19.541666666666668
2017-09-18,39.76168,-121.84047,12.8,58.0,Chico-East Avenue,23.449583708333332,41.44999625,10.54014653625,1010.9,0.0,29.958333333333332
2017-09-19,39.76168,-121.84047,6.0,33.0,Chico-East Avenue,20.672500208333332,38.497432124999996,15.770207775000001,1013.4,0.0,71.33333333333333
2017-09-20,39.76168,-121.84047,7.8,43.0,Chico-East Avenue,21.13916683333333,40.22773895833333,11.152530158333334,1011.5708333333333,0.004166666666666667,72.04166666666667
2017-09-21,39.76168,-121.84047,4.1,23.0,Chico-East Avenue,17.426666916666665,47.84651945833334,11.598746229166666,1009.225,0.0,36.416666666666664
2017-09-22,39.76168,-121.84047,6.2,34.0,Chico-East Avenue,17.818333416666665,42.451292,10.465742504166666,1011.5583333333334,0.012499999999999999,38.833333333333336
2017-09-23,39.76168,-121.84047,4.9,27.0,Chico-East Avenue,18.551667,27.278622625,11.551996808333334,1012.4541666666668,0.0,1.25
2017-09-24,39.76168,-121.84047,5.4,30.0,Chico-East Avenue,19.910000125,29.827600083333333,10.216463975,1013.1083333333332,0.0,18.291666666666668
2017-09-25,39.76168,-121.84047,6.1,34.0,Chico-East Avenue,21.57875025,29.121147875000002,9.843898904166666,1013.0333333333333,0.0,44.166666666666664
2017-09-26,39.76168,-121.84047,5.7,32.0,Chico-East Avenue,23.728749875000002,29.336322291666665,10.270152466666667,1010.7375000000001,0.0,9.75
2017-09-27,39.76168,-121.84047,5.7,32.0,Chico-East Avenue,23.728749875000002,29.336322291666665,10.270152466666667,1010.7375000000001,0.0,9.75
2017-09-28,39.76168,-121.84047,7.6,42.0,Chico-East Avenue,24.257916874999996,26.529837416666666,6.43231925,1012.6666666666666,0.0,8.958333333333334
2017-09-29,39.76168,-121.84047,11.9,56.0,Chico-East Avenue,23.857916916666667,30.921186208333335,7.93540785,1012.7458333333334,0.0,72.5
2017-09-30,39.76168,-121.84047,13.9,60.0,Chico-East Avenue,22.37666683333333,43.066882041666666,8.030834995833333,1012.5,0.0,16.958333333333332
2017-10-01,39.76168,-121.84047,12.2,57.0,Chico-East Avenue,21.472500208333333,25.2759211875,17.709100799999998,1012.4958333333334,0.0,22.666666666666668
2017-10-02,39.76168,-121.84047,9.5,52.0,Chico-East Avenue,19.143333416666668,26.210677333333333,20.507533979166666,1011.1208333333334,0.0,0.0
2017-10-03,39.76168,-121.84047,9.5,52.0,Chico-East Avenue,19.468333541666667,21.082254791666667,7.1353586625,1007.9499999999999,0.0,12.625
2017-10-04,39.76168,-121.84047,3.6,20.0,Chico-East Avenue,18.32875025,27.697468833333332,5.97143505,1015.6791666666667,0.0,4.875
2017-10-05,39.76168,-121.84047,5.5,31.0,Chico-East Avenue,18.853750166666668,24.706478729166665,6.971390125,1015.9499999999999,0.0,0.0
2017-10-06,39.76168,-121.84047,6.1,34.0,Chico-East Avenue,20.4183335,25.548227166666667,8.100603241666667,1015.3958333333334,0.0,0.0
2017-10-07,39.76168,-121.84047,8.7,48.0,Chico-East Avenue,21.995416791666667,24.82535233333333,4.859454179166667,1012.85,0.0,3.0
2017-10-08,39.76168,-121.84047,7.6,42.0,Chico-East Avenue,21.049583541666667,31.299254479166667,13.472025658333335,1009.0375,0.0,0.0
2017-10-09,39.76168,-121.84047,3.7,21.0,Chico-East Avenue,19.85166675,16.480360625,14.1613231875,1013.4041666666667,0.0,8.708333333333334
2017-10-10,39.76168,-121.84047,29.7,89.0,Chico-East Avenue,20.253750166666666,21.427280166666666,7.940645166666666,1013.3249999999999,0.0,23.75
2017-10-11,39.76168,-121.84047,19.9,71.0,Chico-East Avenue,18.80583366666667,29.508394145833332,14.747773041666667,1012.0083333333333,0.0,29.083333333333332
2017-10-12,39.76168,-121.84047,1.9,11.0,Chico-East Avenue,16.253750291666666,22.18019141666667,15.899524804166667,1017.3666666666667,0.0,0.0
2017-10-13,39.76168,-121.84047,3.0,17.0,Chico-East Avenue,16.851666975,24.19399891666667,10.440786504166667,1017.7958333333332,0.0,0.0
2017-10-14,39.76168,-121.84047,2.5,14.0,Chico-East Avenue,18.193333499999998,29.868559583333333,13.435297499999999,1019.9541666666668,0.0,0.0
2017-10-15,39.76168,-121.84047,8.7,48.0,Chico-East Avenue,18.937083416666667,22.775602958333334,7.216386625000001,1019.65,0.0,55.458333333333336
2017-10-16,39.76168,-121.84047,13.8,60.0,Chico-East Avenue,18.439166916666668,25.40305520833333,3.7125946125000002,1020.0625,0.0,54.25
2017-10-17,39.76168,-121.84047,18.5,69.0,Chico-East Avenue,19.18083354166667,25.327257375000002,4.9998339,1017.9833333333332,0.0,61.666666666666664
2017-10-18,39.76168,-121.84047,22.7,76.0,Chico-East Avenue,17.726666916666666,28.491260375,5.457458695833334,1016.1,0.0,2.0833333333333335
2017-10-19,39.76168,-121.84047,9.9,52.0,Chico-East Avenue,18.087083500000002,41.517210375,15.309257395833335,1012.275,0.008333333333333333,26.666666666666668
2017-10-20,39.76168,-121.84047,4.6,26.0,Chico-East Avenue,14.537083541666666,74.76348475,13.0441048875,1013.1625,0.5375,55.666666666666664
2017-10-21,39.76168,-121.84047,7.2,40.0,Chico-East Avenue,12.166250087500002,54.87157666666667,5.0117674125,1021.9916666666667,0.0,32.916666666666664
2017-10-22,39.76168,-121.84047,2.0,11.0,Chico-East Avenue,14.397500125,65.14271816666667,6.8810306,1026.0041666666666,0.0,1.8333333333333333
2017-10-23,39.76168,-121.84047,6.2,34.0,Chico-East Avenue,21.38291704166667,48.54846104166666,14.707490791666666,1024.2,0.0,0.0
2017-10-24,39.76168,-121.84047,3.0,17.0,Chico-East Avenue,22.426666875,51.382804791666665,9.619338525,1021.5625,0.0,8.0
2017-10-25,39.76168,-121.84047,9.0,50.0,Chico-East Avenue,21.685000083333335,38.870254875,6.5149737,1016.2333333333332,0.0,15.458333333333334
2017-10-26,39.76168,-121.84047,7.6,42.0,Chico-East Avenue,19.937083541666667,41.84696291666666,3.9930065916666666,1011.9083333333333,0.0,0.0
2017-10-27,39.76168,-121.84047,7.8,43.0,Chico-East Avenue,20.368333458333336,40.58363533333333,4.779780204166667,1013.8458333333333,0.0,0.0
2017-10-28,39.76168,-121.84047,9.8,52.0,Chico-East Avenue,20.0495835,41.015809874999995,4.624730216666666,1012.8333333333334,0.0,0.0
2017-10-29,39.76168,-121.84047,8.8,49.0,Chico-East Avenue,19.374583541666667,46.76837045833333,3.9126930916666667,1010.775,0.0,0.0
2017-10-30,39.76168,-121.84047,12.7,58.0,Chico-East Avenue,17.864167,58.40227879166667,7.374447458333333,1008.7541666666666,0.0,39.875
2017-10-31,39.76168,-121.84047,12.3,57.0,Chico-East Avenue,16.210000083333334,63.755519166666666,6.898245883333334,1010.9333333333334,0.0,1.9166666666666667
2017-11-01,39.76168,-121.84047,15.6,63.0,Chico-East Avenue,15.503750208333335,60.574546625,6.927499329166667,1013.0958333333333,0.0,0.0
2017-11-02,39.76168,-121.84047,12.7,58.0,Chico-East Avenue,16.12041675,61.232418375,13.7165191875,1013.4125,0.0,8.083333333333334
2017-11-03,39.76168,-121.84047,12.3,57.0,Chico-East Avenue,15.093333625,72.06869220833333,15.934640375,1015.3541666666666,0.21666666666666667,97.08333333333333
2017-11-04,39.76168,-121.84047,7.3,41.0,Chico-East Avenue,12.989166833333334,92.04283591666666,12.498916720833334,1014.8708333333334,1.1500000000000001,97.66666666666667
2017-11-05,39.76168,-121.84047,7.3,41.0,Chico-East Avenue,11.766250404166668,62.50544295833333,11.17431065,1017.6625,0.029166666666666664,54.541666666666664
2017-11-06,39.76168,-121.84047,9.2,51.0,Chico-East Avenue,11.676666791666667,64.57509808333333,6.437293420833334,1019.6583333333333,0.0,47.666666666666664
2017-11-07,39.76168,-121.84047,11.2,55.0,Chico-East Avenue,9.8725000875,66.297037,4.173655304166666,1020.6791666666667,0.0,31.25
2017-11-08,39.76168,-121.84047,18.0,68.0,Chico-East Avenue,11.435000166666667,60.908007,9.0830149625,1016.5916666666667,0.0375,88.83333333333333
2017-11-09,39.76168,-121.84047,3.6,20.0,Chico-East Avenue,13.845416833333333,86.2630725,19.318208645833334,1013.0666666666666,0.9458333333333333,69.95833333333333
2017-11-10,39.76168,-121.84047,4.2,23.0,Chico-East Avenue,13.603750166666666,86.75751904166667,15.677041729166667,1016.3000000000001,0.3125,85.91666666666667
2017-11-11,39.76168,-121.84047,10.7,54.0,Chico-East Avenue,12.691250250000001,84.7619555,7.8715605208333335,1018.0333333333333,0.041666666666666664,52.625
2017-11-12,39.76168,-121.84047,10.8,54.0,Chico-East Avenue,11.395417041666667,82.363462625,6.0443523033333335,1018.65,0.004166666666666667,60.708333333333336
2017-11-13,39.76168,-121.84047,6.2,34.0,Chico-East Avenue,13.207917,76.20006116666667,15.992079625,1020.5541666666667,0.3125,66.75
2017-11-14,39.76168,-121.84047,8.0,44.0,Chico-East Avenue,12.957916958333334,84.383271625,8.69303375,1022.4499999999999,0.19166666666666668,51.583333333333336
2017-11-15,39.76168,-121.84047,7.0,39.0,Chico-East Avenue,11.872500125,77.436515875,7.678446529166667,1017.9833333333332,0.42083333333333334,93.79166666666667
2017-11-16,39.76168,-121.84047,8.5,47.0,Chico-East Avenue,13.464166833333335,90.07223079166666,18.265395708333333,1010.0458333333332,1.2958333333333334,89.95833333333333
2017-11-17,39.76168,-121.84047,2.7,15.0,Chico-East Avenue,11.580833541666665,80.73390545833333,10.5587611375,1016.3041666666667,0.0625,34.708333333333336
2017-11-18,39.76168,-121.84047,20.3,72.0,Chico-East Avenue,8.855833491666667,50.004389833333335,6.4958854,1023.2333333333332,0.0,13.708333333333334
2017-11-19,39.76168,-121.84047,23.9,79.0,Chico-East Avenue,8.653750095833333,72.65732754166667,3.886792441666667,1021.1875,0.0,73.5
2017-11-20,39.76168,-121.84047,18.2,68.0,Chico-East Avenue,11.745416916666668,79.61853604166667,9.713527345833333,1018.8791666666666,0.42083333333333334,100.0
2017-11-21,39.76168,-121.84047,7.9,44.0,Chico-East Avenue,13.191250291666668,90.81946416666666,6.3750317999999995,1021.5291666666667,0.20833333333333334,92.83333333333333
2017-11-22,39.76168,-121.84047,16.7,65.0,Chico-East Avenue,14.937083541666667,82.29353004166667,4.6934737,1020.9625,0.0,74.66666666666667
2017-11-23,39.76168,-121.84047,12.7,58.0,Chico-East Avenue,15.587083625,81.52370795833333,5.316215679166667,1019.5916666666667,0.012500000000000002,92.29166666666667
2017-11-24,39.76168,-121.84047,18.2,68.0,Chico-East Avenue,14.670416958333334,84.53528475,5.402765066666667,1018.3041666666667,0.0,59.833333333333336
2017-11-25,39.76168,-121.84047,13.2,59.0,Chico-East Avenue,13.485000291666667,76.148076875,5.5481544875,1015.9499999999999,0.0,88.41666666666667
2017-11-26,39.76168,-121.84047,17.1,66.0,Chico-East Avenue,15.576666958333334,77.16808720833333,15.546927104166665,1013.7916666666666,1.0875000000000001,99.45833333333333
2017-11-27,39.76168,-121.84047,6.8,38.0,Chico-East Avenue,11.849583500000001,85.05628445833334,12.552846783333335,1014.9208333333332,0.2625,90.875
2017-11-28,39.76168,-121.84047,6.2,34.0,Chico-East Avenue,8.624583366666668,75.80298204166667,7.047997129166667,1020.3041666666667,0.0,26.916666666666668
2017-11-29,39.76168,-121.84047,6.2,34.0,Chico-East Avenue,8.624583366666668,75.80298204166667,7.047997129166667,1020.3041666666667,0.0,26.916666666666668
2017-11-30,39.76168,-121.84047,21.3,74.0,Chico-East Avenue,9.324583391666666,71.24223916666666,4.826607195833334,1020.8000000000001,0.0,64.91666666666667
2017-12-01,39.76168,-121.84047,28.7,88.0,Chico-East Avenue,8.922500033333334,77.22027395833334,3.390584370833333,1019.2916666666666,0.0,48.375
2017-12-02,39.76168,-121.84047,24.7,80.0,Chico-East Avenue,8.341250050000001,77.918101125,4.730045433333333,1017.5208333333334,0.0,89.33333333333333
2017-12-03,39.76168,-121.84047,18.9,69.0,Chico-East Avenue,9.914166854166668,76.08635062500001,10.898645120833335,1017.9499999999999,0.30833333333333335,49.666666666666664
2017-12-04,39.76168,-121.84047,10.0,53.0,Chico-East Avenue,7.455833391666666,50.32711766666667,16.53094814583333,1024.8958333333333,0.0,3.25
2017-12-05,39.76168,-121.84047,19.8,71.0,Chico-East Avenue,7.9870834083333335,50.412477333333335,10.803818133333332,1026.125,0.0,0.0
2017-12-06,39.76168,-121.84047,19.3,70.0,Chico-East Avenue,8.826666691666667,54.20416491666666,10.664455049999999,1025.575,0.0,6.208333333333333
2017-12-07,39.76168,-121.84047,24.7,80.0,Chico-East Avenue,9.251666729166667,55.315081,9.055489849999999,1028.9708333333333,0.0,1.5833333333333333
2017-12-08,39.76168,-121.84047,25.4,81.0,Chico-East Avenue,10.07458335,48.707243125,5.698791145833333,1030.5333333333333,0.0,77.20833333333333
2017-12-09,39.76168,-121.84047,35.7,101.0,Chico-East Avenue,9.69541685,52.281818625,5.540596937499999,1027.6541666666667,0.0,70.79166666666667
2017-12-10,39.76168,-121.84047,32.6,95.0,Chico-East Avenue,9.547500045833333,50.20564099999999,6.530655395833333,1025.9416666666666,0.0,0.0
2017-12-11,39.76168,-121.84047,28.1,86.0,Chico-East Avenue,8.830833466666666,51.18756241666667,5.951692433333334,1025.5333333333333,0.0,27.166666666666668
2017-12-12,39.76168,-121.84047,23.7,78.0,Chico-East Avenue,8.018333516666667,57.702457333333335,4.2849928125,1026.6416666666667,0.0,12.25
2017-12-13,39.76168,-121.84047,22.4,76.0,Chico-East Avenue,7.410000079166667,56.91110525,4.255898908333333,1021.9333333333334,0.0,25.125
2017-12-14,39.76168,-121.84047,27.4,85.0,Chico-East Avenue,10.322500133333333,55.59897025,7.641475604166666,1018.8916666666668,0.0,47.208333333333336
2017-12-15,39.76168,-121.84047,21.9,75.0,Chico-East Avenue,8.1391667875,67.79248862499999,5.3290498416666665,1021.4916666666667,0.0,78.08333333333333
2017-12-16,39.76168,-121.84047,5.2,29.0,Chico-East Avenue,10.462083458333334,55.35598641666667,18.189079583333335,1017.2791666666667,0.0,25.5
2017-12-17,39.76168,-121.84047,6.8,38.0,Chico-East Avenue,9.980833379166667,37.9688035,13.096018095833335,1018.1166666666667,0.0,27.291666666666668
2017-12-18,39.76168,-121.84047,18.0,68.0,Chico-East Avenue,9.376666825,59.72335883333333,5.789354566666667,1021.2083333333334,0.0,47.0
2017-12-19,39.76168,-121.84047,16.4,65.0,Chico-East Avenue,8.024583416666667,69.056417,7.635160025,1021.6833333333334,0.0,57.25
2017-12-20,39.76168,-121.84047,3.4,19.0,Chico-East Avenue,9.339166695833333,64.14361808333334,16.308341945833334,1019.4583333333334,0.2041666666666667,43.916666666666664
2017-12-21,39.76168,-121.84047,12.5,57.0,Chico-East Avenue,5.249583431666667,53.76839708333333,8.738997466666666,1025.1625000000001,0.0,4.083333333333333
2017-12-22,39.76168,-121.84047,22.0,75.0,Chico-East Avenue,4.776666675,56.646651375,6.341765741666666,1026.1958333333334,0.0,67.08333333333333
2017-12-23,39.76168,-121.84047,35.2,100.0,Chico-East Avenue,6.564166745833333,69.66676029166666,4.0128886,1026.2375,0.0,80.375
2017-12-24,39.76168,-121.84047,23.2,77.0,Chico-East Avenue,7.5808333875,68.42235245833334,4.178252740833334,1023.0083333333333,0.0,98.125
2017-12-25,39.76168,-121.84047,26.5,83.0,Chico-East Avenue,7.453750037500001,66.43796179166667,4.2598065499999995,1022.3708333333334,0.0,71.41666666666667
2017-12-26,39.76168,-121.84047,32.5,95.0,Chico-East Avenue,7.326666716666668,76.71391104166666,3.0958374075,1022.1374999999999,0.0,29.458333333333332
2017-12-27,39.76168,-121.84047,15.9,64.0,Chico-East Avenue,6.572500091666666,77.20209104166666,4.70903195,1024.8958333333333,0.0,41.625
2017-12-28,39.76168,-121.84047,28.0,86.0,Chico-East Avenue,6.555833450000001,73.504124375,4.4633795625,1024.3625,0.0,56.125
2017-12-29,39.76168,-121.84047,24.8,80.0,Chico-East Avenue,8.6016666875,66.319417125,4.7943670124999995,1022.7416666666667,0.0,85.45833333333333
2017-12-30,39.76168,-121.84047,28.5,87.0,Chico-East Avenue,9.230833454166667,62.31232583333334,3.122284008333333,1020.6750000000001,0.0,93.58333333333333
2017-12-31,39.76168,-121.84047,33.0,96.0,Chico-East Avenue,8.747500104166667,63.982806958333335,2.4002467708333333,1018.0291666666667,0.0,98.5
2018-01-01,39.76168,-121.84047,28.0,86.0,Chico-East Avenue,9.812083383333333,72.42156483333333,4.591325804166667,1021.6125000000001,0.012500000000000002,38.583333333333336
2018-01-02,39.76168,-121.84047,28.2,87.0,Chico-East Avenue,9.935000141666666,67.49417791666667,5.235392116666667,1022.3375,0.0,88.79166666666667
2018-01-03,39.76168,-121.84047,24.4,80.0,Chico-East Avenue,11.353750083333333,63.51556625,5.1453018875,1018.9458333333333,0.0,97.54166666666667
2018-01-04,39.76168,-121.84047,17.5,67.0,Chico-East Avenue,12.026666791666669,85.08352766666667,6.459134254166667,1018.4416666666666,0.30833333333333335,90.91666666666667
2018-01-05,39.76168,-121.84047,15.9,64.0,Chico-East Avenue,13.855833500000001,90.93612925000001,12.882795462499999,1020.2208333333333,0.5166666666666667,87.75
2018-01-06,39.76168,-121.84047,9.8,52.0,Chico-East Avenue,12.289167,91.08863429166666,8.366348391666667,1021.8375,0.11666666666666665,77.16666666666667
2018-01-07,39.76168,-121.84047,21.3,74.0,Chico-East Avenue,8.5516667875,80.27783279166667,3.8263102958333337,1021.4333333333334,0.0,30.583333333333332
2018-01-08,39.76168,-121.84047,9.8,52.0,Chico-East Avenue,10.101666958333334,86.986112375,4.281900824166667,1014.3375,1.3125,99.54166666666667
2018-01-09,39.76168,-121.84047,6.5,36.0,Chico-East Avenue,11.874583583333333,94.87339454166666,5.656049820833334,1004.5833333333334,1.3,98.625
2018-01-10,39.76168,-121.84047,4.6,26.0,Chico-East Avenue,11.235000208333334,93.53346845833333,8.000835445833333,1014.7916666666666,0.08750000000000001,88.75
2018-01-11,39.76168,-121.84047,8.4,47.0,Chico-East Avenue,10.091250058333333,82.80614170833333,7.2937915,1024.5791666666667,0.0,65.33333333333333
2018-01-12,39.76168,-121.84047,9.1,51.0,Chico-East Avenue,12.301666833333334,83.45379783333333,11.1300272,1027.1333333333334,0.004166666666666667,82.54166666666667
2018-01-13,39.76168,-121.84047,18.5,69.0,Chico-East Avenue,9.964166745833333,60.65830508333334,7.322358554166667,1024.5125,0.0,34.541666666666664
2018-01-14,39.76168,-121.84047,22.4,76.0,Chico-East Avenue,10.591250216666667,69.88294091666667,5.2584644125,1022.3958333333334,0.0,80.04166666666667
2018-01-15,39.76168,-121.84047,14.1,60.0,Chico-East Avenue,10.066250058333333,76.37467533333334,5.223854354166667,1020.2583333333333,0.012500000000000002,82.58333333333333
2018-01-16,39.76168,-121.84047,18.8,69.0,Chico-East Avenue,11.080833475,84.86721779166668,6.391248279166667,1022.2375000000001,0.2916666666666667,97.41666666666667
2018-01-17,39.76168,-121.84047,19.5,70.0,Chico-East Avenue,11.528750208333333,87.43422954166665,4.629557904166666,1023.5875,0.0,82.91666666666667
2018-01-18,39.76168,-121.84047,17.8,67.0,Chico-East Avenue,11.339166875000002,87.60665654166667,14.215469216666667,1019.3708333333334,0.5458333333333333,92.125
2018-01-19,39.76168,-121.84047,8.3,46.0,Chico-East Avenue,9.349583366666666,88.99364908333332,11.196214658333332,1017.1583333333333,0.17500000000000002,49.083333333333336
2018-01-20,39.76168,-121.84047,10.4,53.0,Chico-East Avenue,6.201666636666666,64.94370270833333,8.529673854166667,1019.5458333333332,0.0,16.333333333333332
2018-01-21,39.76168,-121.84047,12.7,58.0,Chico-East Avenue,6.218333391666667,59.78790458333333,9.72246955,1024.9083333333333,0.0,78.20833333333333
2018-01-22,39.76168,-121.84047,5.4,30.0,Chico-East Avenue,8.982916795833333,84.07401595833333,13.738280891666667,1026.4416666666666,1.1541666666666666,99.91666666666667
2018-01-23,39.76168,-121.84047,11.6,56.0,Chico-East Avenue,7.8641667375,88.40569833333335,5.22158925,1025.9333333333332,0.0,73.45833333333333
2018-01-24,39.76168,-121.84047,9.9,52.0,Chico-East Avenue,9.347500120833333,81.36465641666666,14.001619104166666,1019.5749999999999,0.2625,97.875
2018-01-25,39.76168,-121.84047,2.5,14.0,Chico-East Avenue,7.768333345833334,89.393408625,17.983870541666665,1016.15,0.6,88.83333333333333
2018-01-26,39.76168,-121.84047,10.1,53.0,Chico-East Avenue,7.576666670833333,81.41325008333332,8.949847958333333,1024.7875000000001,0.05833333333333333,91.45833333333333
2018-01-27,39.76168,-121.84047,7.1,39.0,Chico-East Avenue,7.743333529166667,70.83098633333334,5.0808327916666665,1029.7124999999999,0.0,92.70833333333333
2018-01-28,39.76168,-121.84047,10.8,54.0,Chico-East Avenue,9.585000079166667,72.393369875,7.861014658333333,1028.6208333333334,0.0,57.375
2018-01-29,39.76168,-121.84047,15.2,62.0,Chico-East Avenue,9.797500070833333,77.51440129166666,3.847877304166667,1025.325,0.0,97.16666666666667
2018-01-30,39.76168,-121.84047,18.4,68.0,Chico-East Avenue,9.378750179166667,65.82730708333334,3.0491478916666668,1021.5875,0.0,71.25
2018-01-31,39.76168,-121.84047,16.7,65.0,Chico-East Avenue,9.3995834375,67.59050220833333,3.260559279166667,1018.9833333333332,0.0,71.25
2018-02-01,39.76168,-121.84047,12.7,58.0,Chico-East Avenue,12.141250070833335,62.09275925,5.813512145833333,1018.4416666666666,0.0,81.25
2018-02-02,39.76168,-121.84047,4.0,22.0,Chico-East Avenue,13.630833416666666,66.55927737500001,9.235795479166667,1020.7708333333334,0.0,31.5
2018-02-03,39.76168,-121.84047,3.2,18.0,Chico-East Avenue,15.293333500000001,60.671703916666665,10.937325125000001,1021.2916666666666,0.0,7.791666666666667
2018-02-04,39.76168,-121.84047,12.7,58.0,Chico-East Avenue,15.103750083333333,62.76294416666667,7.8389609625,1019.7333333333332,0.0,33.291666666666664
2018-02-05,39.76168,-121.84047,5.2,29.0,Chico-East Avenue,13.824583416666668,64.77764166666667,5.352406661666667,1017.1833333333334,0.0,45.458333333333336
2018-02-06,39.76168,-121.84047,1.7,9.0,Chico-East Avenue,13.787083375,45.160192458333334,12.202438958333333,1017.8874999999999,0.0,13.291666666666666
2018-02-07,39.76168,-121.84047,7.1,39.0,Chico-East Avenue,14.080833545833334,47.79987645833333,9.311732991666666,1022.4833333333332,0.0,12.5
2018-02-08,39.76168,-121.84047,10.5,54.0,Chico-East Avenue,14.066250083333335,45.53434825,6.3573354625,1023.2333333333332,0.0,38.583333333333336
2018-02-09,39.76168,-121.84047,10.6,54.0,Chico-East Avenue,13.093333404166666,68.11623883333333,3.6926443166666663,1018.525,0.0,48.416666666666664
2018-02-10,39.76168,-121.84047,6.5,36.0,Chico-East Avenue,13.1412501875,47.19525679166667,11.273748329166667,1014.3000000000001,0.0,52.833333333333336
2018-02-11,39.76168,-121.84047,2.7,15.0,Chico-East Avenue,8.651666866666668,40.943927375,10.666114983333333,1014.1374999999999,0.0,42.541666666666664
2018-02-12,39.76168,-121.84047,6.5,36.0,Chico-East Avenue,8.166250012499999,57.173992375000005,11.107505012499999,1010.5,0.0,20.833333333333332
2018-02-13,39.76168,-121.84047,5.9,33.0,Chico-East Avenue,8.5558335125,41.90209054166667,12.335393791666666,1019.4083333333333,0.0,0.375
2018-02-14,39.76168,-121.84047,10.3,53.0,Chico-East Avenue,9.016250075,50.848040625,8.535508858333333,1021.0833333333334,0.0,25.0
2018-02-15,39.76168,-121.84047,6.4,36.0,Chico-East Avenue,8.8391667,52.504542625,11.492111929166667,1023.5416666666666,0.0,2.4583333333333335
2018-02-16,39.76168,-121.84047,15.1,62.0,Chico-East Avenue,8.48500015,45.73238320833334,6.1713553375,1024.4875,0.0,16.333333333333332
2018-02-17,39.76168,-121.84047,12.8,58.0,Chico-East Avenue,10.130833554166665,60.930763791666664,6.020914829166667,1020.8958333333334,0.0,5.5
2018-02-18,39.76168,-121.84047,5.1,28.0,Chico-East Avenue,11.214166875000002,66.29702695833333,10.096210216666668,1013.525,0.05416666666666667,40.208333333333336
2018-02-19,39.76168,-121.84047,2.0,11.0,Chico-East Avenue,5.272499975416667,48.259337208333335,12.634608362500002,1013.375,0.0,5.458333333333333
2018-02-20,39.76168,-121.84047,6.3,35.0,Chico-East Avenue,3.3850001033333332,41.908700958333334,7.176647233333333,1021.0041666666666,0.0,32.166666666666664
2018-02-21,39.76168,-121.84047,7.4,41.0,Chico-East Avenue,5.160000018333333,40.823445416666665,7.473026758333333,1022.75,0.0,38.208333333333336
2018-02-22,39.76168,-121.84047,7.8,43.0,Chico-East Avenue,6.707916791666666,54.84413933333334,7.226175545833333,1020.8375,0.05833333333333333,56.958333333333336
2018-02-23,39.76168,-121.84047,4.6,26.0,Chico-East Avenue,4.543333328916667,46.6548295,11.798221904166667,1024.9541666666667,0.0,1.4583333333333333
2018-02-24,39.76168,-121.84047,13.5,59.0,Chico-East Avenue,3.6558334029166666,50.827515291666664,7.745691991666667,1027.9958333333334,0.0,42.583333333333336
2018-02-25,39.76168,-121.84047,8.0,44.0,Chico-East Avenue,6.166250032916667,65.370386625,5.2694269375,1026.25,0.0,42.333333333333336
2018-02-26,39.76168,-121.84047,3.0,17.0,Chico-East Avenue,8.5995835,70.58627945833334,13.983677033333334,1016.9041666666667,0.3666666666666667,91.79166666666667
2018-02-27,39.76168,-121.84047,1.9,11.0,Chico-East Avenue,6.599583370833334,40.926612875,18.58619725,1015.9083333333333,0.020833333333333332,19.083333333333332
2018-02-28,39.76168,-121.84047,8.3,46.0,Chico-East Avenue,7.107916733333333,42.444686958333335,11.828508283333333,1019.5458333333332,0.0,56.916666666666664
2018-03-01,39.76168,-121.84047,2.5,14.0,Chico-East Avenue,8.530833433333333,81.44075083333333,25.66998189583333,1012.9833333333332,1.5916666666666668,91.875
2018-03-02,39.76168,-121.84047,1.4,8.0,Chico-East Avenue,6.897500020833333,77.682444375,17.688175479166667,1010.1791666666667,0.2416666666666667,50.708333333333336
2018-03-03,39.76168,-121.84047,2.7,15.0,Chico-East Avenue,5.845416754166667,85.46177275000001,12.936677750000001,1014.3625000000001,0.4458333333333333,80.04166666666667
2018-03-04,39.76168,-121.84047,4.7,26.0,Chico-East Avenue,6.374583370833334,83.368285375,7.438316883333333,1022.3708333333334,0.2791666666666667,78.16666666666667
2018-03-05,39.76168,-121.84047,8.4,47.0,Chico-East Avenue,5.599583421125,65.15328316666667,6.915255261666666,1026.7708333333333,0.0,10.333333333333334
2018-03-06,39.76168,-121.84047,8.5,47.0,Chico-East Avenue,8.4975000375,57.535247375000004,6.309776475,1021.4083333333333,0.0,55.916666666666664
2018-03-07,39.76168,-121.84047,6.1,34.0,Chico-East Avenue,11.028750054166666,60.22864033333334,6.205520504166667,1017.5958333333333,0.0,89.95833333333333
2018-03-08,39.76168,-121.84047,6.0,33.0,Chico-East Avenue,13.42875025,70.04300316666667,16.183401291666666,1017.8458333333333,0.25,84.5
2018-03-09,39.76168,-121.84047,7.3,41.0,Chico-East Avenue,13.032916875,71.34760316666667,6.720085966666667,1016.625,0.004166666666666667,85.875
2018-03-10,39.76168,-121.84047,9.7,52.0,Chico-East Avenue,11.276666779166666,70.23406170833333,4.144361558333333,1014.2083333333334,0.025000000000000005,79.54166666666667
2018-03-11,39.76168,-121.84047,5.1,28.0,Chico-East Avenue,11.353750075,69.60653554166667,6.071528620833334,1016.6583333333333,0.0,14.625
2018-03-12,39.76168,-121.84047,6.4,36.0,Chico-East Avenue,13.787083541666668,67.84361479166667,7.0214607375,1017.9458333333333,0.0,54.375
2018-03-13,39.76168,-121.84047,2.2,12.0,Chico-East Avenue,15.418333500000001,84.229999625,17.726596995833333,1011.6374999999999,2.2041666666666666,92.83333333333333
2018-03-14,39.76168,-121.84047,3.4,19.0,Chico-East Avenue,9.52875025,85.50427241666667,13.164739104166665,1013.6125000000001,0.9625,88.70833333333333
2018-03-15,39.76168,-121.84047,2.5,14.0,Chico-East Avenue,7.3745833958333336,82.67517845833333,14.311558083333333,1014.9458333333333,0.3125,77.79166666666667
2018-03-16,39.76168,-121.84047,3.8,21.0,Chico-East Avenue,8.055833375,89.0987555,17.166609875000002,1010.6541666666667,0.48750000000000004,82.08333333333333
2018-03-17,39.76168,-121.84047,4.2,23.0,Chico-East Avenue,7.116250108333333,80.815646125,11.064922516666668,1014.25,0.11666666666666668,80.66666666666667
2018-03-18,39.76168,-121.84047,6.9,38.0,Chico-East Avenue,6.5433334016666675,71.48494266666667,4.9680902625,1020.4416666666666,0.0,26.708333333333332
2018-03-19,39.76168,-121.84047,6.5,36.0,Chico-East Avenue,9.278750229166667,61.98237179166667,5.3501494375,1021.3416666666667,0.0,54.75
2018-03-20,39.76168,-121.84047,6.1,34.0,Chico-East Avenue,10.912083516666668,66.987025875,5.383658004166667,1016.8125,0.075,83.25
2018-03-21,39.76168,-121.84047,3.4,19.0,Chico-East Avenue,11.657916958333333,89.01791741666666,8.224735216666668,1011.8416666666667,0.6833333333333332,99.875
2018-03-22,39.76168,-121.84047,2.2,12.0,Chico-East Avenue,13.830833499999999,91.177347375,20.585614708333335,1006.975,1.675,89.66666666666667
2018-03-23,39.76168,-121.84047,2.9,16.0,Chico-East Avenue,9.993333383333335,63.070906125,14.231087458333334,1018.6041666666666,0.020833333333333332,44.458333333333336
2018-03-24,39.76168,-121.84047,4.7,26.0,Chico-East Avenue,9.722500204166666,68.18762725,16.992084125,1017.1166666666667,0.0625,59.75
2018-03-25,39.76168,-121.84047,2.1,12.0,Chico-East Avenue,8.33291675,66.0695005,11.431664904166666,1018.375,0.041666666666666664,42.75
2018-03-26,39.76168,-121.84047,6.4,36.0,Chico-East Avenue,8.522500070833333,53.42069229166666,11.049669391666667,1022.1083333333332,0.0,15.291666666666666
2018-03-27,39.76168,-121.84047,5.1,28.0,Chico-East Avenue,13.222500125000002,43.553980833333334,11.245367179166665,1023.6416666666668,0.0,45.25
2018-03-28,39.76168,-121.84047,2.5,14.0,Chico-East Avenue,15.6620835,54.0581905,9.070387191666667,1020.7083333333334,0.0,30.833333333333332
2018-03-29,39.76168,-121.84047,3.9,22.0,Chico-East Avenue,17.322500125,50.67475104166667,8.868607404166665,1018.3874999999999,0.0,42.875
2018-03-30,39.76168,-121.84047,6.4,36.0,Chico-East Avenue,16.351666875,52.29607654166667,5.31731115,1017.6750000000001,0.0,54.583333333333336
2018-03-31,39.76168,-121.84047,6.7,37.0,Chico-East Avenue,17.137083541666666,55.776014,4.845677395,1016.1958333333333,0.0,92.45833333333333
2018-04-01,39.76168,-121.84047,4.2,23.0,Chico-East Avenue,16.635,60.131838249999994,5.3198738125,1013.2416666666667,0.0,17.416666666666668
2018-04-02,39.76168,-121.84047,2.7,15.0,Chico-East Avenue,16.816250291666666,54.430048625000005,11.488528987499999,1010.5916666666667,0.0,53.916666666666664
2018-04-03,39.76168,-121.84047,7.5,42.0,Chico-East Avenue,14.193333545833333,43.03541933333333,7.128441220833333,1012.9208333333332,0.0,44.333333333333336
2018-04-04,39.76168,-121.84047,10.4,53.0,Chico-East Avenue,17.566250208333333,43.40261233333334,7.356714058333334,1015.5500000000001,0.0,94.29166666666667
2018-04-05,39.76168,-121.84047,9.6,52.0,Chico-East Avenue,16.16208345833333,52.975869749999994,10.14856125,1016.7916666666666,0.016666666666666666,98.5
2018-04-06,39.76168,-121.84047,2.1,12.0,Chico-East Avenue,13.110000166666667,87.36093875,13.851093541666666,1015.4416666666666,2.1166666666666667,100.0
2018-04-07,39.76168,-121.84047,5.6,31.0,Chico-East Avenue,15.947500333333332,81.222305875,21.314211041666667,1011.0625,1.7750000000000001,79.54166666666667
2018-04-08,39.76168,-121.84047,7.1,39.0,Chico-East Avenue,13.597500125000002,64.56040979166666,10.0734034375,1019.6666666666666,0.0,9.5
2018-04-09,39.76168,-121.84047,7.1,39.0,Chico-East Avenue,13.860000154166668,58.917658499999995,6.672654479166667,1018.9333333333334,0.0,31.0
2018-04-10,39.76168,-121.84047,8.7,48.0,Chico-East Avenue,18.007916916666666,63.48797325,14.281238520833334,1015.7541666666666,0.07083333333333333,92.125
2018-04-11,39.76168,-121.84047,5.8,32.0,Chico-East Avenue,14.251666875,70.62624654166667,16.420896875,1015.2208333333333,0.0,70.45833333333333
2018-04-12,39.76168,-121.84047,4.5,25.0,Chico-East Avenue,9.599583425,77.816042875,10.273432433333333,1018.5458333333332,0.3083333333333333,40.875
2018-04-13,39.76168,-121.84047,2.4,13.0,Chico-East Avenue,11.270416866666666,55.405069,8.772275758333334,1027.8083333333334,0.0,34.75
2018-04-14,39.76168,-121.84047,3.6,20.0,Chico-East Avenue,14.139166833333334,66.11413754166666,5.8661145999999995,1025.3041666666666,0.0,52.833333333333336
2018-04-15,39.76168,-121.84047,6.5,36.0,Chico-East Avenue,15.980833625,61.40638083333334,17.078043708333333,1014.6458333333334,0.09583333333333333,84.66666666666667
2018-04-16,39.76168,-121.84047,3.8,21.0,Chico-East Avenue,9.074583533333334,82.740475125,13.683867883333333,1013.1333333333333,0.30833333333333335,69.91666666666667
2018-04-17,39.76168,-121.84047,6.0,33.0,Chico-East Avenue,9.487083433333334,73.426729625,6.117343675,1023.1666666666666,0.029166666666666664,46.958333333333336
2018-04-18,39.76168,-121.84047,5.2,29.0,Chico-East Avenue,11.541250125,51.220363125,6.4905377875,1020.0416666666666,0.0,99.375
2018-04-19,39.76168,-121.84047,5.7,32.0,Chico-East Avenue,11.645416841666666,54.68680345833334,11.661626304166667,1016.1625,0.0,20.083333333333332
2018-04-20,39.76168,-121.84047,2.8,16.0,Chico-East Avenue,15.412083375,48.40876033333333,10.065757216666666,1019.1833333333334,0.0,0.0
2018-04-21,39.76168,-121.84047,4.0,22.0,Chico-East Avenue,17.230833583333332,60.46498629166667,6.2234456499999995,1018.9,0.0,0.0
2018-04-22,39.76168,-121.84047,7.5,42.0,Chico-East Avenue,18.739166916666665,60.24391845833333,5.2132511458333335,1015.15,0.0,32.25
2018-04-23,39.76168,-121.84047,9.6,52.0,Chico-East Avenue,19.416250208333334,45.391910833333334,7.874309958333334,1013.6583333333333,0.0,46.708333333333336
2018-04-24,39.76168,-121.84047,12.0,56.0,Chico-East Avenue,20.112083583333334,43.778350708333335,5.4777713979166665,1013.8000000000001,0.0,59.125
2018-04-25,39.76168,-121.84047,8.2,46.0,Chico-East Avenue,20.362083625,53.15719133333334,5.984404049999999,1014.7291666666666,0.0,25.958333333333332
2018-04-26,39.76168,-121.84047,8.8,49.0,Chico-East Avenue,19.226666833333333,59.331776166666664,7.493105920833333,1013.8833333333333,0.0,6.666666666666667
2018-04-27,39.76168,-121.84047,10.3,53.0,Chico-East Avenue,16.776666916666667,55.14002679166666,19.407249416666666,1014.4625,0.008333333333333333,17.916666666666668
2018-04-28,39.76168,-121.84047,4.3,24.0,Chico-East Avenue,14.397500125,58.94140879166667,14.2642621875,1016.5666666666666,0.03333333333333333,56.291666666666664
2018-04-29,39.76168,-121.84047,7.3,41.0,Chico-East Avenue,14.374583541666667,60.588259375,9.690191441666666,1016.2375000000001,0.004166666666666667,71.79166666666667
2018-04-30,39.76168,-121.84047,2.2,12.0,Chico-East Avenue,14.572500166666666,56.46120575,5.297811891666666,1015.6625,0.0,29.291666666666668
2018-05-01,39.76168,-121.84047,9.3,51.0,Chico-East Avenue,16.043333541666666,56.88929254166666,9.172194604166666,1010.525,0.0375,38.791666666666664
2018-05-02,39.76168,-121.84047,3.1,17.0,Chico-East Avenue,17.7370835,45.402024374999996,7.832998316666667,1010.6916666666666,0.0,4.75
2018-05-03,39.76168,-121.84047,8.7,48.0,Chico-East Avenue,18.674583458333334,53.671916875,8.377232258333335,1018.4125,0.0,26.708333333333332
2018-05-04,39.76168,-121.84047,11.1,55.0,Chico-East Avenue,19.822500333333334,59.00619554166667,6.514313741666666,1021.3291666666668,0.0,84.95833333333333
2018-05-05,39.76168,-121.84047,7.3,41.0,Chico-East Avenue,20.953750291666665,52.81596604166666,5.6831342000000005,1016.8083333333334,0.0,89.83333333333333
2018-05-06,39.76168,-121.84047,4.8,27.0,Chico-East Avenue,20.264166875,46.11443970833333,12.975217416666666,1014.4458333333333,0.0,28.0
2018-05-07,39.76168,-121.84047,4.7,26.0,Chico-East Avenue,20.512083458333333,44.856311625,5.6637234833333325,1017.3791666666666,0.0,38.375
2018-05-08,39.76168,-121.84047,10.5,54.0,Chico-East Avenue,22.09750025,44.66074975,6.4200658666666675,1015.4833333333332,0.0,35.791666666666664
2018-05-09,39.76168,-121.84047,4.2,23.0,Chico-East Avenue,22.801666875,48.75730479166666,14.4020085625,1014.6916666666666,0.0,19.75
2018-05-10,39.76168,-121.84047,4.7,26.0,Chico-East Avenue,21.38500025,45.92586279166667,6.4455482625,1012.8249999999999,0.0,64.95833333333333
2018-05-11,39.76168,-121.84047,7.1,39.0,Chico-East Avenue,21.603750208333334,30.310763124999998,17.929007554166667,1009.6541666666667,0.0,42.333333333333336
2018-05-12,39.76168,-121.84047,4.7,26.0,Chico-East Avenue,21.455833541666667,29.267644541666666,14.376692004166665,1009.6916666666666,0.0,8.875
2018-05-13,39.76168,-121.84047,7.5,42.0,Chico-East Avenue,20.776666875,44.680251416666664,9.859218104166667,1011.3333333333334,0.0,19.875
2018-05-14,39.76168,-121.84047,9.2,51.0,Chico-East Avenue,20.307916833333334,54.45062554166666,7.80212185,1012.5916666666667,0.0,10.625
2018-05-15,39.76168,-121.84047,4.1,23.0,Chico-East Avenue,19.580833541666667,58.14257858333334,11.783961658333332,1013.1166666666667,0.0,9.083333333333334
2018-05-16,39.76168,-121.84047,2.8,16.0,Chico-East Avenue,19.024583458333332,53.501209625,14.070921166666666,1014.9375,0.024999999999999998,59.75
2018-05-17,39.76168,-121.84047,5.0,28.0,Chico-East Avenue,19.587083416666665,54.800270041666664,7.9307457291666665,1015.6083333333332,0.0,69.58333333333333
2018-05-18,39.76168,-121.84047,6.1,34.0,Chico-East Avenue,21.835000291666663,53.58260966666666,7.26038345,1012.4333333333334,0.0,15.583333333333334
2018-05-19,39.76168,-121.84047,10.6,54.0,Chico-East Avenue,21.991250291666663,56.82120316666666,8.528824870833335,1010.8333333333334,0.0,49.916666666666664
2018-05-20,39.76168,-121.84047,7.7,43.0,Chico-East Avenue,20.035000208333333,54.440373916666665,10.004496891666667,1011.0916666666667,0.0,53.5
2018-05-21,39.76168,-121.84047,11.7,56.0,Chico-East Avenue,20.953750208333332,54.0014655,7.3423306625,1009.0291666666667,0.0,29.791666666666668
2018-05-22,39.76168,-121.84047,12.9,58.0,Chico-East Avenue,22.243333625,54.642739291666665,9.580886045833333,1008.4499999999999,0.0,14.708333333333334
2018-05-23,39.76168,-121.84047,9.8,52.0,Chico-East Avenue,21.118333458333336,56.535401375,12.208552170833334,1009.9166666666666,0.0,25.583333333333332
2018-05-24,39.76168,-121.84047,7.9,44.0,Chico-East Avenue,19.920416791666664,56.67373816666666,9.429430366666667,1013.6166666666667,0.0,33.0
2018-05-25,39.76168,-121.84047,1.0,6.0,Chico-East Avenue,16.949583333333333,66.34949183333333,15.305882583333334,1016.1541666666667,0.2541666666666667,78.20833333333333
2018-05-26,39.76168,-121.84047,3.8,21.0,Chico-East Avenue,16.453750125,73.43482225,7.0243228208333335,1017.5708333333333,0.22083333333333333,97.79166666666667
2018-05-27,39.76168,-121.84047,6.6,37.0,Chico-East Avenue,20.060000374999998,54.742856958333334,9.149396608333333,1014.225,0.0,24.541666666666668
2018-05-28,39.76168,-121.84047,6.2,34.0,Chico-East Avenue,24.978749833333335,39.848215083333336,9.629442733333333,1011.7958333333332,0.0,0.041666666666666664
2018-05-29,39.76168,-121.84047,5.0,28.0,Chico-East Avenue,26.720416583333332,40.032110125,6.915459837499999,1007.8541666666666,0.004166666666666667,6.625
2018-05-30,39.76168,-121.84047,13.9,60.0,Chico-East Avenue,24.65375025,43.385824625,14.261113166666666,1003.6958333333333,0.0,53.625
2018-05-31,39.76168,-121.84047,10.4,53.0,Chico-East Avenue,17.945416875,48.813233958333335,16.2673405625,1008.9291666666667,0.0,74.41666666666667
2018-06-01,39.76168,-121.84047,8.0,44.0,Chico-East Avenue,19.641250291666665,47.674010958333334,10.2838717375,1015.5749999999999,0.0,3.3333333333333335
2018-06-02,39.76168,-121.84047,10.0,53.0,Chico-East Avenue,25.487083374999997,29.856696333333332,8.383168441666667,1014.2458333333334,0.0,0.25
2018-06-03,39.76168,-121.84047,9.6,52.0,Chico-East Avenue,27.49333308333333,31.645934166666667,6.201574804166667,1010.625,0.0,19.833333333333332
2018-06-04,39.76168,-121.84047,10.3,53.0,Chico-East Avenue,28.324583333333333,35.992278166666665,7.635438225000001,1008.8208333333333,0.0,13.208333333333334
2018-06-05,39.76168,-121.84047,9.5,52.0,Chico-East Avenue,24.699583541666666,34.319004375,8.599592491666668,1008.725,0.0,61.416666666666664
2018-06-06,39.76168,-121.84047,9.3,51.0,Chico-East Avenue,23.372500208333335,34.42617516666667,8.15724715,1008.6625,0.0,46.791666666666664
2018-06-07,39.76168,-121.84047,8.1,45.0,Chico-East Avenue,22.395416833333332,49.64258924999999,10.342066454166666,1011.3458333333333,0.0,28.416666666666668
2018-06-08,39.76168,-121.84047,11.7,56.0,Chico-East Avenue,24.645416875,41.63045133333333,7.1293654375,1013.975,0.0,2.9166666666666665
2018-06-09,39.76168,-121.84047,4.4,24.0,Chico-East Avenue,23.18083366666667,42.511600083333335,11.496960570833332,1013.2333333333332,0.016666666666666666,44.833333333333336
2018-06-10,39.76168,-121.84047,2.3,13.0,Chico-East Avenue,19.0183335,29.200129208333333,14.3428885,1017.0708333333333,0.0,32.291666666666664
2018-06-11,39.76168,-121.84047,4.1,23.0,Chico-East Avenue,23.05583329166667,31.038752208333335,9.482704545833334,1012.9666666666667,0.0,0.75
2018-06-12,39.76168,-121.84047,6.0,33.0,Chico-East Avenue,25.895416625,31.718629625000002,6.2296100125,1008.4416666666666,0.0,0.0
2018-06-13,39.76168,-121.84047,7.3,41.0,Chico-East Avenue,28.291250083333335,33.04992420833333,5.120361683333333,1006.6666666666666,0.0,0.0
2018-06-14,39.76168,-121.84047,7.5,42.0,Chico-East Avenue,28.30374970833333,36.64306904166667,8.867627675,1005.4208333333332,0.0,2.625
2018-06-15,39.76168,-121.84047,13.8,60.0,Chico-East Avenue,26.09125,34.56844654166667,10.225483629166666,1004.275,0.0,43.083333333333336
2018-06-16,39.76168,-121.84047,12.8,58.0,Chico-East Avenue,24.02458354166667,46.56655729166667,10.533218533333333,1003.0833333333334,0.0,8.833333333333334
2018-06-17,39.76168,-121.84047,9.9,52.0,Chico-East Avenue,21.27458354166667,47.795196374999996,12.288629929166667,1007.3375,0.012500000000000002,32.541666666666664
2018-06-18,39.76168,-121.84047,9.1,51.0,Chico-East Avenue,22.730833708333332,45.295330666666665,6.715796245833334,1013.9499999999999,0.0,9.166666666666666
2018-06-19,39.76168,-121.84047,6.9,38.0,Chico-East Avenue,26.17458325,38.744507875000004,6.457556820833333,1013.3291666666668,0.0,13.166666666666666
2018-06-20,39.76168,-121.84047,6.1,34.0,Chico-East Avenue,27.137083291666666,38.26548866666666,8.9110595,1012.1416666666668,0.0,22.291666666666668
2018-06-21,39.76168,-121.84047,4.9,27.0,Chico-East Avenue,26.591249833333332,35.817971416666666,7.014076420833334,1012.625,0.0,5.833333333333333
2018-06-22,39.76168,-121.84047,8.8,49.0,Chico-East Avenue,28.320416416666664,26.20282016666667,5.399345316666667,1011.3833333333333,0.0,22.875
2018-06-23,39.76168,-121.84047,5.7,32.0,Chico-East Avenue,30.839166000000002,24.298286166666667,13.251818875,1007.0958333333333,0.0,5.25
2018-06-24,39.76168,-121.84047,10.1,53.0,Chico-East Avenue,32.11833320833333,19.3776975,11.249890241666668,1005.3541666666666,0.0,0.0
2018-06-25,39.76168,-121.84047,12.1,57.0,Chico-East Avenue,26.549583041666665,46.311401249999996,12.5442496375,1009.9708333333333,0.0,1.0416666666666667
2018-06-26,39.76168,-121.84047,8.8,49.0,Chico-East Avenue,26.889166208333336,43.39990516666666,8.633618279166667,1010.8249999999999,0.0,0.0
2018-06-27,39.76168,-121.84047,10.3,53.0,Chico-East Avenue,25.991250041666664,34.577708625,9.885264333333334,1010.3125,0.0,6.958333333333333
2018-06-28,39.76168,-121.84047,10.4,53.0,Chico-East Avenue,25.364166666666666,40.50996545833333,8.7752169375,1009.9916666666667,0.0,1.0
2018-06-29,39.76168,-121.84047,4.5,25.0,Chico-East Avenue,26.749583458333333,34.91525225,11.0652497125,1010.0541666666667,0.0,0.0
2018-06-30,39.76168,-121.84047,2.5,14.0,Chico-East Avenue,30.816249208333332,21.802562416666664,15.935109583333334,1009.5541666666667,0.0,0.0
2018-07-01,39.76168,-121.84047,7.2,40.0,Chico-East Avenue,32.470416125,22.227800916666666,9.6589217625,1009.4833333333332,0.0,0.0
2018-07-02,39.76168,-121.84047,10.9,54.0,Chico-East Avenue,29.259999875000002,39.529275125000005,6.391772979166667,1010.4416666666666,0.0,0.125
2018-07-03,39.76168,-121.84047,20.6,72.0,Chico-East Avenue,28.176666625,38.856821333333336,7.791790841666667,1007.7833333333333,0.0,0.75
2018-07-04,39.76168,-121.84047,20.7,73.0,Chico-East Avenue,25.34750025,44.995190208333334,13.077324658333334,1009.9291666666667,0.0,0.041666666666666664
2018-07-05,39.76168,-121.84047,8.5,47.0,Chico-East Avenue,23.649583375000002,42.707057041666665,11.474624675000001,1016.1875,0.0,0.0
2018-07-06,39.76168,-121.84047,10.6,54.0,Chico-East Avenue,26.6870835,27.313910250000003,7.0772663541666665,1018.7541666666666,0.0,69.70833333333333
2018-07-07,39.76168,-121.84047,4.2,23.0,Chico-East Avenue,26.047500041666666,33.783243166666665,4.1478687125,1015.2291666666666,0.0,33.833333333333336
2018-07-08,39.76168,-121.84047,5.5,31.0,Chico-East Avenue,28.407916583333332,26.235655541666663,8.003191275,1012.2458333333334,0.0,12.041666666666666
2018-07-09,39.76168,-121.84047,7.3,41.0,Chico-East Avenue,28.816249875,24.571922166666667,6.3538249208333335,1013.8541666666666,0.0,0.0
2018-07-10,39.76168,-121.84047,7.0,39.0,Chico-East Avenue,29.605833333333333,25.531515583333334,6.662854729166667,1013.2916666666666,0.0,0.0
2018-07-11,39.76168,-121.84047,8.7,48.0,Chico-East Avenue,29.087083208333336,32.369570958333334,6.032084554166667,1010.2083333333334,0.0,0.0
2018-07-12,39.76168,-121.84047,6.5,36.0,Chico-East Avenue,30.35166645833333,29.227074166666668,7.520584908333333,1009.3416666666667,0.0,11.958333333333334
2018-07-13,39.76168,-121.84047,13.5,59.0,Chico-East Avenue,30.043333416666666,29.002517791666666,9.931125625,1013.3041666666667,0.0,80.75
2018-07-14,39.76168,-121.84047,16.4,65.0,Chico-East Avenue,30.191249875,40.340776999999996,4.947078979166666,1013.5500000000001,0.0,29.541666666666668
2018-07-15,39.76168,-121.84047,11.1,55.0,Chico-East Avenue,30.547499458333334,37.301171583333335,8.6188743,1011.2416666666667,0.0,12.375
2018-07-16,39.76168,-121.84047,8.1,45.0,Chico-East Avenue,30.19541658333333,40.108388291666664,6.954935312500001,1011.3916666666668,0.0,0.20833333333333334
2018-07-17,39.76168,-121.84047,6.7,37.0,Chico-East Avenue,31.216249958333332,34.43857895833333,7.352121358333334,1011.6458333333334,0.0,2.5
2018-07-18,39.76168,-121.84047,11.7,56.0,Chico-East Avenue,32.40999970833333,28.24524666666667,7.344862454166666,1011.4083333333333,0.0,16.583333333333332
2018-07-19,39.76168,-121.84047,9.9,52.0,Chico-East Avenue,32.459999625,32.603732125,7.038902337500001,1010.0208333333334,0.0,27.375
2018-07-20,39.76168,-121.84047,10.0,53.0,Chico-East Avenue,30.826666416666665,32.31318970833333,8.624620379166666,1009.1625,0.0,19.291666666666668
2018-07-21,39.76168,-121.84047,9.4,52.0,Chico-East Avenue,29.314166375,35.842861041666666,11.019545791666665,1011.0749999999999,0.0,4.708333333333333
2018-07-22,39.76168,-121.84047,6.7,37.0,Chico-East Avenue,30.347499666666664,41.893594541666666,8.922941100000001,1013.7958333333332,0.0,16.916666666666668
2018-07-23,39.76168,-121.84047,10.5,54.0,Chico-East Avenue,31.280833291666667,39.763019875000005,6.662569324166667,1014.6166666666667,0.0,7.375
2018-07-24,39.76168,-121.84047,11.3,55.0,Chico-East Avenue,31.797499458333334,37.211963583333336,7.390548091666666,1013.4416666666666,0.0,22.666666666666668
2018-07-25,39.76168,-121.84047,10.6,54.0,Chico-East Avenue,32.878749791666664,33.43501233333333,7.3232031,1013.8583333333332,0.0,2.7916666666666665
2018-07-26,39.76168,-121.84047,19.7,71.0,Chico-East Avenue,33.40374945833333,27.983563416666666,6.127127341666667,1011.8249999999999,0.0,47.375
2018-07-27,39.76168,-121.84047,21.0,73.0,Chico-East Avenue,31.159999666666664,37.962405125,7.044137829166666,1010.1666666666666,0.0,4.333333333333333
2018-07-28,39.76168,-121.84047,37.2,105.0,Chico-East Avenue,30.19541633333333,39.403992333333335,5.979183308333333,1010.0541666666667,0.0,23.458333333333332
2018-07-29,39.76168,-121.84047,42.5,118.0,Chico-East Avenue,29.657916625,41.40545904166667,6.406405333333333,1011.3000000000001,0.0,64.75
2018-07-30,39.76168,-121.84047,44.2,122.0,Chico-East Avenue,29.509999833333335,45.41856104166666,6.012362944583334,1011.7791666666667,0.0,73.08333333333333
2018-07-31,39.76168,-121.84047,42.3,118.0,Chico-East Avenue,29.660000041666667,41.60346558333333,5.869291879166667,1010.9041666666667,0.0,3.7083333333333335
2018-08-01,39.76168,-121.84047,42.7,119.0,Chico-East Avenue,28.947500041666668,43.399528583333336,7.024117925,1010.6625,0.0,0.0
2018-08-02,39.76168,-121.84047,29.0,88.0,Chico-East Avenue,27.64749970833333,42.85664404166667,7.0742209124999995,1010.6083333333332,0.0,10.916666666666666
2018-08-03,39.76168,-121.84047,34.9,99.0,Chico-East Avenue,27.9266665,40.41959766666667,6.1328518375,1010.9875000000001,0.0,0.0
2018-08-04,39.76168,-121.84047,69.8,161.0,Chico-East Avenue,27.939166541666665,32.88053004166667,5.206134841666667,1010.5124999999999,0.0,17.5
2018-08-05,39.76168,-121.84047,44.7,124.0,Chico-East Avenue,27.207916833333332,36.619186041666666,6.2098529000000005,1010.6166666666667,0.0,13.333333333333334
2018-08-06,39.76168,-121.84047,42.7,119.0,Chico-East Avenue,26.6829165,33.20293929166667,5.3095063541666665,1012.5791666666668,0.0,0.0
2018-08-07,39.76168,-121.84047,57.5,152.0,Chico-East Avenue,27.918333416666666,36.60702129166667,6.4086536875,1010.4541666666668,0.0,0.0
2018-08-08,39.76168,-121.84047,49.2,135.0,Chico-East Avenue,27.118333249999996,43.091323625,5.459901179166667,1010.0500000000001,0.0,0.0
2018-08-09,39.76168,-121.84047,58.5,153.0,Chico-East Avenue,28.037083166666665,35.46846991666667,5.558962758333333,1011.2041666666668,0.0,0.0
2018-08-10,39.76168,-121.84047,41.4,116.0,Chico-East Avenue,30.270416416666666,28.77302370833333,7.670359420833333,1011.6708333333332,0.0,0.0
2018-08-11,39.76168,-121.84047,36.7,104.0,Chico-East Avenue,30.124582958333335,33.760205,7.4641078541666666,1011.4875000000001,0.0,0.4583333333333333
2018-08-12,39.76168,-121.84047,12.0,56.0,Chico-East Avenue,29.701666375,29.01174,7.111425608333334,1010.8541666666666,0.0,0.0
2018-08-13,39.76168,-121.84047,20.0,71.0,Chico-East Avenue,27.878749791666667,33.88527370833334,8.631065770833333,1010.8583333333332,0.0,0.0
2018-08-14,39.76168,-121.84047,10.0,53.0,Chico-East Avenue,25.74125008333333,42.32817633333333,7.558505366666666,1010.1666666666666,0.0,20.416666666666668
2018-08-15,39.76168,-121.84047,17.3,66.0,Chico-East Avenue,24.807916833333334,49.68258683333334,7.6048569125,1010.6041666666666,0.0,8.583333333333334
2018-08-16,39.76168,-121.84047,16.2,64.0,Chico-East Avenue,26.099583166666665,45.08803079166666,7.541998591666666,1012.9041666666667,0.0,0.0
2018-08-17,39.76168,-121.84047,14.6,61.0,Chico-East Avenue,28.009999875000002,34.77712954166667,6.652515508333334,1014.9499999999999,0.0,6.25
2018-08-18,39.76168,-121.84047,7.7,43.0,Chico-East Avenue,29.607916625,35.75740929166667,7.3449354125,1014.7624999999999,0.0,0.0
2018-08-19,39.76168,-121.84047,12.3,57.0,Chico-East Avenue,29.032916375,30.75729754166667,7.145282945833333,1012.1999999999999,0.0,0.0
2018-08-20,39.76168,-121.84047,21.1,73.0,Chico-East Avenue,28.741249625,32.181907083333336,7.661856141666667,1009.0333333333333,0.0,0.4166666666666667
2018-08-21,39.76168,-121.84047,24.3,79.0,Chico-East Avenue,24.597500083333333,46.58977158333334,8.730740016666667,1010.6333333333333,0.0,0.08333333333333333
2018-08-22,39.76168,-121.84047,15.2,62.0,Chico-East Avenue,23.270416791666666,58.40459495833333,6.163274704166667,1013.8958333333334,0.0,0.0
2018-08-23,39.76168,-121.84047,19.3,70.0,Chico-East Avenue,23.762083541666666,54.289081583333335,6.909447095833333,1014.625,0.0,0.0
2018-08-24,39.76168,-121.84047,36.9,104.0,Chico-East Avenue,22.99750016666667,51.30635758333333,7.759504199999999,1013.0833333333334,0.0,1.4583333333333333
2018-08-25,39.76168,-121.84047,34.3,98.0,Chico-East Avenue,23.266250083333333,43.491931,6.045574004166666,1011.8249999999999,0.0,0.0
2018-08-26,39.76168,-121.84047,29.0,88.0,Chico-East Avenue,24.418333666666665,41.076410125,8.4490025,1012.3375,0.0,21.875
2018-08-27,39.76168,-121.84047,17.6,67.0,Chico-East Avenue,23.355833458333333,44.725601041666664,9.498596204166667,1011.3208333333333,0.0,3.2916666666666665
2018-08-28,39.76168,-121.84047,16.9,66.0,Chico-East Avenue,22.866250166666664,56.923295333333336,5.910314429166667,1011.2041666666668,0.0,0.0
2018-08-29,39.76168,-121.84047,8.6,48.0,Chico-East Avenue,23.082916791666666,57.646836625,8.185394416666666,1013.0333333333333,0.0,20.0
2018-08-30,39.76168,-121.84047,14.2,61.0,Chico-East Avenue,22.437083583333333,54.36250879166667,9.8034005625,1014.6958333333333,0.0,14.958333333333334
2018-08-31,39.76168,-121.84047,13.7,60.0,Chico-East Avenue,22.34541683333333,50.35746791666667,5.182432579166667,1014.8833333333333,0.0,0.041666666666666664
2018-09-01,39.76168,-121.84047,16.7,65.0,Chico-East Avenue,24.01833345833333,42.05822079166666,4.988577862500001,1009.8791666666666,0.0,0.0
2018-09-02,39.76168,-121.84047,20.5,72.0,Chico-East Avenue,26.016250041666666,34.646069625,5.529463666666667,1007.3791666666666,0.0,0.0
2018-09-03,39.76168,-121.84047,20.3,72.0,Chico-East Avenue,26.355833291666666,42.73182908333333,6.3953454291666665,1008.4541666666668,0.0,0.20833333333333334
2018-09-04,39.76168,-121.84047,21.3,74.0,Chico-East Avenue,26.137083541666666,49.246050833333335,6.291960775,1008.5541666666667,0.0,0.5
2018-09-05,39.76168,-121.84047,15.1,62.0,Chico-East Avenue,26.647500041666664,39.25221608333333,7.7308823575000005,1009.9541666666668,0.0,0.16666666666666666
2018-09-06,39.76168,-121.84047,19.9,71.0,Chico-East Avenue,24.749583291666667,44.09861645833333,6.938728083333333,1014.2333333333332,0.0,15.0
2018-09-07,39.76168,-121.84047,10.6,54.0,Chico-East Avenue,25.33708341666667,28.988461625,5.356691191666666,1014.3625000000001,0.0,12.458333333333334
2018-09-08,39.76168,-121.84047,11.9,56.0,Chico-East Avenue,27.091249958333332,30.236108125,6.358686916666667,1012.2791666666667,0.0,13.5
2018-09-09,39.76168,-121.84047,12.2,57.0,Chico-East Avenue,25.534999958333334,33.23569058333333,4.791150954166667,1010.2125,0.0,38.666666666666664
2018-09-10,39.76168,-121.84047,28.3,87.0,Chico-East Avenue,26.284999791666667,26.988463291666665,5.1036071708333335,1009.6916666666666,0.0,9.208333333333334
2018-09-11,39.76168,-121.84047,26.3,83.0,Chico-East Avenue,24.65375,31.373936291666666,5.662860308333333,1008.6625,0.0,6.708333333333333
2018-09-12,39.76168,-121.84047,11.1,55.0,Chico-East Avenue,22.435000291666668,38.42605483333333,6.178771524999999,1009.0041666666666,0.0,35.75
2018-09-13,39.76168,-121.84047,7.3,41.0,Chico-East Avenue,20.978750125,44.030766625000005,7.305078658333334,1012.0958333333333,0.0,44.833333333333336
2018-09-14,39.76168,-121.84047,10.8,54.0,Chico-East Avenue,20.789166916666666,40.09267770833333,6.841765404166666,1012.7166666666667,0.0,18.083333333333332
2018-09-15,39.76168,-121.84047,7.7,43.0,Chico-East Avenue,20.197500208333334,37.99898325,9.589404225000001,1009.9250000000001,0.0,32.583333333333336
2018-09-16,39.76168,-121.84047,4.1,23.0,Chico-East Avenue,19.657916750000002,33.895594875,6.896037691666667,1013.2624999999999,0.0,0.0
2018-09-17,39.76168,-121.84047,5.4,30.0,Chico-East Avenue,19.730833541666666,35.53887545833333,5.764463829166666,1012.9875000000001,0.0,0.0
2018-09-18,39.76168,-121.84047,10.0,53.0,Chico-East Avenue,20.866250458333333,40.62849241666667,6.4525963583333334,1012.2916666666666,0.0,0.0
2018-09-19,39.76168,-121.84047,12.6,58.0,Chico-East Avenue,20.65791679166667,32.345536125,5.8707300125,1010.4833333333332,0.0,0.0
2018-09-20,39.76168,-121.84047,10.0,53.0,Chico-East Avenue,23.2183335,19.968870541666664,10.169433795833333,1009.6458333333334,0.0,0.0
2018-09-21,39.76168,-121.84047,9.7,52.0,Chico-East Avenue,23.516250208333332,25.359449375,5.782867120833333,1011.6875,0.0,4.708333333333333
2018-09-22,39.76168,-121.84047,13.2,59.0,Chico-East Avenue,24.795416833333334,26.56390370833333,9.073275975,1012.6999999999999,0.0,45.958333333333336
2018-09-23,39.76168,-121.84047,5.0,28.0,Chico-East Avenue,24.991250124999997,27.33796633333333,8.123387729166668,1010.4458333333333,0.0,25.708333333333332
2018-09-24,39.76168,-121.84047,8.5,47.0,Chico-East Avenue,22.999583166666667,27.937751416666668,7.996097516666667,1009.75,0.0,0.0
2018-09-25,39.76168,-121.84047,8.0,44.0,Chico-East Avenue,25.218333375,18.951380583333332,11.193640987499998,1010.8666666666667,0.0,0.0
2018-09-26,39.76168,-121.84047,10.7,54.0,Chico-East Avenue,25.44749979166667,19.175311229166667,6.701973275,1013.1291666666666,0.0,0.0
2018-09-27,39.76168,-121.84047,13.8,60.0,Chico-East Avenue,24.628749916666667,23.197573875,4.929236808333333,1011.8375,0.0,52.333333333333336
2018-09-28,39.76168,-121.84047,11.6,56.0,Chico-East Avenue,23.766250166666666,32.55402920833333,7.309253395833333,1008.6083333333332,0.0,78.70833333333333
2018-09-29,39.76168,-121.84047,8.8,49.0,Chico-East Avenue,20.855833541666666,50.763427541666665,17.608188708333333,1008.725,0.0,25.708333333333332
2018-09-30,39.76168,-121.84047,6.9,38.0,Chico-East Avenue,20.36833354166667,56.53992158333333,11.057711974999998,1011.6750000000001,0.004166666666666667,42.75
2018-10-01,39.76168,-121.84047,12.5,57.0,Chico-East Avenue,20.774583625,49.04796425,6.685191658333333,1010.5625,0.012499999999999999,92.04166666666667
2018-10-02,39.76168,-121.84047,11.1,55.0,Chico-East Avenue,20.887083708333332,62.358044875,7.535636570833333,1008.8958333333334,0.012499999999999999,85.83333333333333
2018-10-03,39.76168,-121.84047,9.2,51.0,Chico-East Avenue,21.039166791666666,64.71452820833333,6.935052529166666,1010.2041666666668,0.05416666666666667,36.416666666666664
2018-10-04,39.76168,-121.84047,6.4,36.0,Chico-East Avenue,18.660000083333333,84.65851895833333,15.781818,1012.3249999999999,0.5,81.20833333333333
2018-10-05,39.76168,-121.84047,3.5,19.0,Chico-East Avenue,18.12666679166667,75.4528995,6.189118933333333,1016.5500000000001,0.0,47.166666666666664
2018-10-06,39.76168,-121.84047,4.7,26.0,Chico-East Avenue,19.0620835,55.402934458333334,12.287994616666666,1013.1666666666666,0.0,29.375
2018-10-07,39.76168,-121.84047,8.5,47.0,Chico-East Avenue,18.839166875,39.94737525,16.299547791666665,1012.8375,0.0,0.0
2018-10-08,39.76168,-121.84047,3.0,17.0,Chico-East Avenue,19.974583541666664,34.509728458333335,10.573407025,1010.5208333333334,0.0,0.7083333333333334
2018-10-09,39.76168,-121.84047,5.1,28.0,Chico-East Avenue,20.374583541666667,51.79420666666667,7.5793543125000005,1007.6291666666666,0.0,0.4166666666666667
2018-10-10,39.76168,-121.84047,19.9,71.0,Chico-East Avenue,18.951666875,42.32019004166667,6.4283679875,1007.2166666666667,0.0,20.083333333333332
2018-10-11,39.76168,-121.84047,7.8,43.0,Chico-East Avenue,17.255833541666664,45.076919124999996,6.917374816666666,1008.7458333333334,0.0,0.5416666666666666
2018-10-12,39.76168,-121.84047,6.5,36.0,Chico-East Avenue,19.735000083333333,31.880106541666667,12.938614325000001,1011.5124999999999,0.0,0.0
2018-10-13,39.76168,-121.84047,5.4,30.0,Chico-East Avenue,19.907916916666668,24.872068249999998,8.1587849,1008.9791666666666,0.0,0.0
2018-10-14,39.76168,-121.84047,6.2,34.0,Chico-East Avenue,20.193333541666664,22.24616875,9.273107991666667,1012.35,0.0,0.0
2018-10-15,39.76168,-121.84047,3.5,19.0,Chico-East Avenue,17.245416875,15.22788625,10.680932475,1020.3458333333333,0.0,0.0
2018-10-16,39.76168,-121.84047,4.4,24.0,Chico-East Avenue,19.814166916666668,15.864196416666667,10.0265201875,1018.475,0.0,0.0
2018-10-17,39.76168,-121.84047,7.2,40.0,Chico-East Avenue,20.116250125,20.594226041666666,6.40218285,1017.3083333333334,0.0,0.0
2018-10-18,39.76168,-121.84047,10.5,54.0,Chico-East Avenue,18.630833541666664,29.782006875000004,5.196048466666666,1018.1999999999999,0.0,0.0
2018-10-19,39.76168,-121.84047,14.0,60.0,Chico-East Avenue,18.63916675,32.82769654166667,5.667642958333334,1018.775,0.0,0.0
2018-10-20,39.76168,-121.84047,11.9,56.0,Chico-East Avenue,20.226666791666666,27.441150083333337,6.260973633333333,1015.8000000000001,0.0,0.0
2018-10-21,39.76168,-121.84047,14.0,60.0,Chico-East Avenue,19.876666875,32.56232479166667,5.048738658333334,1013.5500000000001,0.0,0.0
2018-10-22,39.76168,-121.84047,10.8,54.0,Chico-East Avenue,18.341250374999998,32.08881695833333,4.1475595375,1012.3249999999999,0.0,0.0
2018-10-23,39.76168,-121.84047,10.2,53.0,Chico-East Avenue,17.94750025,38.09251979166667,7.404629924999999,1013.5124999999999,0.0,25.25
2018-10-24,39.76168,-121.84047,11.1,55.0,Chico-East Avenue,16.5933335,39.332155416666666,3.4884760166666666,1015.525,0.0,63.666666666666664
2018-10-25,39.76168,-121.84047,9.4,52.0,Chico-East Avenue,18.074583625,40.12690116666666,4.8792441208333335,1017.5166666666668,0.0,5.583333333333333
2018-10-26,39.76168,-121.84047,13.0,58.0,Chico-East Avenue,19.39958341666667,37.999753375000004,3.9887805625,1017.9208333333332,0.0,32.541666666666664
2018-10-27,39.76168,-121.84047,12.1,57.0,Chico-East Avenue,20.126666875,42.22974154166666,5.157503170833333,1016.3666666666667,0.0,95.25
2018-10-28,39.76168,-121.84047,13.6,59.0,Chico-East Avenue,19.768333541666667,57.876669875,9.8529490125,1016.3083333333334,0.05833333333333333,82.33333333333333
2018-10-29,39.76168,-121.84047,0.5,3.0,Chico-East Avenue,18.312083666666666,45.82185883333333,16.521838416666665,1019.6833333333334,0.0,69.375
2018-10-30,39.76168,-121.84047,1.4,8.0,Chico-East Avenue,16.851666875,28.839811125,15.1960812125,1019.4083333333333,0.0,0.0
2018-10-31,39.76168,-121.84047,4.8,27.0,Chico-East Avenue,17.439166833333335,25.271966125000002,11.832338883333334,1019.2083333333334,0.0,57.583333333333336
2018-11-01,39.76168,-121.84047,3.0,17.0,Chico-East Avenue,20.39958341666667,45.312105083333336,10.404193704166667,1019.6791666666667,0.0,77.83333333333333
2018-11-02,39.76168,-121.84047,11.0,55.0,Chico-East Avenue,19.562083625,44.91071554166667,6.7248221625,1019.9291666666667,0.0,30.166666666666668
2018-11-03,39.76168,-121.84047,2.0,11.0,Chico-East Avenue,19.705833583333334,27.912008583333332,10.788639633333332,1019.0124999999999,0.0,28.875
2018-11-04,39.76168,-121.84047,8.4,47.0,Chico-East Avenue,20.187083416666667,26.060702250000002,7.6805663825,1016.0625,0.0,80.66666666666667
2018-11-05,39.76168,-121.84047,1.9,11.0,Chico-East Avenue,19.124583458333333,29.794552,14.2906870375,1013.625,0.0,38.958333333333336
2018-11-06,39.76168,-121.84047,3.2,18.0,Chico-East Avenue,16.839166808333335,16.14616375,12.390040508333334,1013.6958333333333,0.0,8.375
2018-11-07,39.76168,-121.84047,2.9,16.0,Chico-East Avenue,15.2954168625,19.825695375,7.7805312041666665,1015.7791666666667,0.0,0.0
2018-11-08,39.76168,-121.84047,6.2,34.0,Chico-East Avenue,14.653750166666667,21.019414291666667,13.714248304166667,1019.6333333333333,0.0,0.0
2018-11-09,39.76168,-121.84047,279.7,409.0,Chico-East Avenue,13.5225001,18.887597833333334,7.167090966666667,1021.3458333333333,0.0,0.0
2018-11-10,39.76168,-121.84047,246.8,343.0,Chico-East Avenue,11.970416729166667,23.657601875,6.0309853125,1017.9416666666666,0.0,7.583333333333333
2018-11-11,39.76168,-121.84047,34.3,98.0,Chico-East Avenue,13.001666895833333,24.053593333333335,10.6802026375,1018.7958333333332,0.0,1.625
2018-11-12,39.76168,-121.84047,125.2,200.0,Chico-East Avenue,14.193333516666668,18.012009333333335,7.2019245625,1024.3333333333333,0.0,7.916666666666667
2018-11-13,39.76168,-121.84047,120.6,197.0,Chico-East Avenue,12.4058335,24.371903625,6.336607225000001,1028.4458333333334,0.0,82.16666666666667
2018-11-14,39.76168,-121.84047,197.0,272.0,Chico-East Avenue,11.230833508333333,33.85861658333334,4.405617875,1027.7749999999999,0.0,45.958333333333336
2018-11-15,39.76168,-121.84047,306.2,462.0,Chico-East Avenue,11.632916766666668,33.241021124999996,5.613720645833333,1022.3708333333334,0.0,16.875
2018-11-16,39.76168,-121.84047,411.7,672.0,Chico-East Avenue,11.120416708333332,38.81489729166667,3.6400168416666667,1017.4791666666666,0.0,5.666666666666667
2018-11-17,39.76168,-121.84047,192.5,267.0,Chico-East Avenue,11.112083337500001,42.852843875,3.7998593041666666,1016.1708333333332,0.0,0.0
2018-11-18,39.76168,-121.84047,139.9,215.0,Chico-East Avenue,10.916250183333332,43.54686929166667,3.5809608958333334,1017.9083333333333,0.0,0.0
2018-11-19,39.76168,-121.84047,61.0,155.0,Chico-East Avenue,11.724583391666668,42.735074166666664,5.706937404166666,1017.8000000000001,0.0,24.583333333333332
2018-11-20,39.76168,-121.84047,89.1,175.0,Chico-East Avenue,10.753750145833335,41.297972625,5.630489033333333,1016.3083333333334,0.0,17.666666666666668
2018-11-21,39.76168,-121.84047,41.4,116.0,Chico-East Avenue,12.099583666666668,47.75956658333333,10.028425366666667,1015.5,0.425,96.20833333333333
2018-11-22,39.76168,-121.84047,2.8,16.0,Chico-East Avenue,11.420416875,90.39145745833333,15.59440275,1016.4291666666667,1.4749999999999999,84.83333333333333
2018-11-23,39.76168,-121.84047,3.0,17.0,Chico-East Avenue,11.774583458333334,89.97602958333334,22.581019208333334,1018.7416666666667,1.3041666666666667,100.0
2018-11-24,39.76168,-121.84047,6.3,35.0,Chico-East Avenue,13.699583375000001,89.55097991666666,12.226103283333332,1015.5083333333333,0.4458333333333333,85.04166666666667
2018-11-25,39.76168,-121.84047,10.2,53.0,Chico-East Avenue,11.462083633333334,74.93483491666667,4.053265425,1017.4958333333334,0.0,43.958333333333336
2018-11-26,39.76168,-121.84047,14.0,60.0,Chico-East Avenue,10.772500195833333,64.240271625,3.9994229833333335,1021.4958333333334,0.0,88.45833333333333
2018-11-27,39.76168,-121.84047,11.6,56.0,Chico-East Avenue,11.562083458333333,82.30924191666666,10.452035166666667,1019.1374999999999,0.2791666666666667,86.33333333333333
2018-11-28,39.76168,-121.84047,4.7,26.0,Chico-East Avenue,12.589166791666665,88.05268658333334,12.3353410875,1013.1999999999999,0.5541666666666667,91.79166666666667
2018-11-29,39.76168,-121.84047,3.4,19.0,Chico-East Avenue,11.785000208333335,88.21417879166667,20.781829166666665,1001.0541666666667,1.8958333333333333,96.625
2018-11-30,39.76168,-121.84047,9.1,51.0,Chico-East Avenue,9.197500170833333,81.35169916666668,8.083748425,1010.2125,0.08333333333333333,55.0
2018-12-01,39.76168,-121.84047,7.2,40.0,Chico-East Avenue,9.337083458333334,79.65547316666667,13.275216845833334,1015.4458333333333,0.2916666666666667,68.58333333333333
2018-12-02,39.76168,-121.84047,12.1,57.0,Chico-East Avenue,6.439166708333333,85.3291395,4.72433487375,1018.1750000000001,0.012500000000000002,35.958333333333336
2018-12-03,39.76168,-121.84047,14.4,61.0,Chico-East Avenue,5.21000006875,67.42368683333333,5.630842970833334,1022.6291666666666,0.0,41.916666666666664
2018-12-04,39.76168,-121.84047,15.0,62.0,Chico-East Avenue,8.235000141666667,62.36494304166666,5.976428929166667,1018.9458333333333,0.0,97.75
2018-12-05,39.76168,-121.84047,9.4,52.0,Chico-East Avenue,9.264166879166668,76.593575875,7.039630833333334,1014.7958333333332,0.1625,99.54166666666667
2018-12-06,39.76168,-121.84047,10.2,53.0,Chico-East Avenue,8.682916733333334,67.4993485,7.773268474999999,1013.7666666666668,0.0,34.041666666666664
2018-12-07,39.76168,-121.84047,15.8,63.0,Chico-East Avenue,7.143333383333334,68.50383808333333,5.947636940416667,1018.6333333333333,0.0,28.833333333333332
2018-12-08,39.76168,-121.84047,18.3,68.0,Chico-East Avenue,8.09750005,79.704105375,5.199942733333333,1025.7916666666667,0.0,16.666666666666668
2018-12-09,39.76168,-121.84047,22.7,76.0,Chico-East Avenue,7.474583329166666,73.67909691666667,5.7912954,1026.8291666666667,0.0,52.291666666666664
2018-12-10,39.76168,-121.84047,9.1,51.0,Chico-East Avenue,8.862083416666666,84.74284720833333,5.984486037500001,1024.2083333333333,0.03333333333333333,55.083333333333336
2018-12-11,39.76168,-121.84047,16.1,64.0,Chico-East Avenue,8.664166804166667,63.873831125,7.003335558333333,1021.8791666666666,0.0,24.916666666666668
2018-12-12,39.76168,-121.84047,9.8,52.0,Chico-East Avenue,9.5620835,76.19653216666667,9.971516104166666,1023.9625,0.0,57.541666666666664
2018-12-13,39.76168,-121.84047,19.5,70.0,Chico-East Avenue,8.272500116666667,56.82318191666667,6.657631328333333,1025.1458333333333,0.0,51.666666666666664
2018-12-14,39.76168,-121.84047,24.5,80.0,Chico-East Avenue,8.272500066666668,71.72506800000001,8.916803429166666,1019.8666666666667,0.12916666666666668,71.875
2018-12-15,39.76168,-121.84047,7.8,43.0,Chico-East Avenue,11.160000208333335,91.438248,8.848077183333332,1019.3958333333334,0.19999999999999998,90.79166666666667
2018-12-16,39.76168,-121.84047,5.4,30.0,Chico-East Avenue,10.995417000000002,71.63028954166667,14.2032989,1017.5708333333333,0.6333333333333333,97.75
2018-12-17,39.76168,-121.84047,7.1,39.0,Chico-East Avenue,11.389167,85.96046016666666,14.447145166666667,1019.2416666666667,1.125,90.875
2018-12-18,39.76168,-121.84047,6.1,34.0,Chico-East Avenue,11.185000125,64.407992875,11.432230208333332,1025.1541666666667,0.004166666666666667,80.375
2018-12-19,39.76168,-121.84047,7.1,39.0,Chico-East Avenue,12.782916916666666,75.45193641666667,10.307110625,1025.7375,0.012500000000000002,87.5
2018-12-20,39.76168,-121.84047,11.2,55.0,Chico-East Avenue,10.501666875,89.91028416666667,6.680092425000001,1021.5458333333332,0.020833333333333332,92.29166666666667
2018-12-21,39.76168,-121.84047,7.6,42.0,Chico-East Avenue,11.105833583333334,89.02749383333334,5.850004227916667,1019.2458333333334,0.19583333333333333,93.875
2018-12-22,39.76168,-121.84047,8.7,48.0,Chico-East Avenue,6.826666883333334,71.35568954166666,6.436923579166667,1020.2375000000001,0.0,42.25
2018-12-23,39.76168,-121.84047,10.1,53.0,Chico-East Avenue,7.945416829166667,86.687582625,4.676379091666667,1023.6291666666666,0.075,93.375
2018-12-24,39.76168,-121.84047,9.3,51.0,Chico-East Avenue,8.1850000875,97.03019170833333,9.527775625,1021.0166666666668,0.9333333333333332,88.375
2018-12-25,39.76168,-121.84047,6.1,34.0,Chico-East Avenue,9.5100002,83.65712599999999,12.767743883333333,1013.1625,0.2916666666666667,52.916666666666664
2018-12-26,39.76168,-121.84047,10.6,54.0,Chico-East Avenue,6.430833375,62.001608250000004,6.064937469583334,1018.7583333333333,0.0,42.958333333333336
2018-12-27,39.76168,-121.84047,9.0,50.0,Chico-East Avenue,7.299583304166667,65.23516133333334,10.763334575,1021.2375000000001,0.0,25.25
2018-12-28,39.76168,-121.84047,10.7,54.0,Chico-East Avenue,7.7725000875,43.11612408333334,13.532431875,1024.5083333333334,0.0,30.75
2018-12-29,39.76168,-121.84047,25.3,81.0,Chico-East Avenue,5.922500145833333,55.19894016666667,5.1816016875,1027.0958333333333,0.0,31.625
2018-12-30,39.76168,-121.84047,29.0,88.0,Chico-East Avenue,6.4266668,78.800084375,5.757592891666667,1024.3125,0.0,25.125
2018-12-31,39.76168,-121.84047,9.0,50.0,Chico-East Avenue,7.739166816666667,57.541554999999995,14.314334820833333,1019.0166666666668,0.0,24.916666666666668
2019-01-01,39.76168,-121.84047,12.5,57.0,Chico-East Avenue,5.087083415416667,41.61204895833333,13.146491062499999,1024.1416666666667,0.0,32.625
2019-01-02,39.76168,-121.84047,24.4,80.0,Chico-East Avenue,5.280833383333333,56.24212691666667,4.784148916666667,1024.1791666666666,0.0,34.916666666666664
2019-01-03,39.76168,-121.84047,34.6,99.0,Chico-East Avenue,4.826666683333333,74.66801904166667,6.7029032125,1024.9291666666666,0.0,61.833333333333336
2019-01-04,39.76168,-121.84047,33.8,97.0,Chico-East Avenue,6.530833333333334,76.22790525,4.572451883333334,1018.6,0.0,92.08333333333333
2019-01-05,39.76168,-121.84047,18.7,69.0,Chico-East Avenue,6.172500070833333,76.76866116666666,10.957575179166668,1009.375,0.41250000000000003,78.04166666666667
2019-01-06,39.76168,-121.84047,3.2,18.0,Chico-East Avenue,7.539166649999999,92.959669125,23.577428458333333,1009.6708333333332,0.9249999999999999,98.08333333333333
2019-01-07,39.76168,-121.84047,4.3,24.0,Chico-East Avenue,8.328750062500001,92.05825954166666,11.963137520833333,1015.9250000000001,0.9249999999999999,99.79166666666667
2019-01-08,39.76168,-121.84047,8.0,44.0,Chico-East Avenue,9.451666779166667,92.231231625,6.250048,1019.3000000000001,0.2833333333333333,99.66666666666667
2019-01-09,39.76168,-121.84047,3.8,21.0,Chico-East Avenue,11.895416916666667,90.25878720833333,20.203137833333333,1015.2291666666666,1.6041666666666667,97.875
2019-01-10,39.76168,-121.84047,7.0,39.0,Chico-East Avenue,11.174583750000002,89.27981679166668,10.235343416666668,1021.3208333333333,0.35000000000000003,79.29166666666667
2019-01-11,39.76168,-121.84047,10.4,53.0,Chico-East Avenue,8.630833458333333,80.94318370833334,4.9010133125,1017.4083333333333,0.0,74.83333333333333
2019-01-12,39.76168,-121.84047,11.5,55.0,Chico-East Avenue,9.2037501375,72.26243004166666,6.107873225,1014.4583333333334,0.0,48.333333333333336
2019-01-13,39.76168,-121.84047,11.6,56.0,Chico-East Avenue,9.951666791666666,68.34991429166666,7.416787829166666,1017.4666666666667,0.0,14.458333333333334
2019-01-14,39.76168,-121.84047,12.7,58.0,Chico-East Avenue,8.868333420833332,55.159591750000004,7.880271708333333,1014.8375,0.0,54.583333333333336
2019-01-15,39.76168,-121.84047,4.0,22.0,Chico-East Avenue,9.760000125,79.36187254166667,12.0300813125,1012.7583333333333,0.4291666666666667,98.70833333333333
2019-01-16,39.76168,-121.84047,1.0,6.0,Chico-East Avenue,10.507916916666668,88.82824104166667,21.442378083333335,1011.15,1.9875,100.0
2019-01-17,39.76168,-121.84047,3.0,17.0,Chico-East Avenue,11.343333666666666,88.33639420833333,23.068179458333333,1009.7333333333332,1.9124999999999999,83.375
2019-01-18,39.76168,-121.84047,4.0,22.0,Chico-East Avenue,10.195416875000001,88.82747145833333,10.459599237499999,1024.2541666666666,0.15,79.54166666666667
2019-01-19,39.76168,-121.84047,4.1,23.0,Chico-East Avenue,11.962083375,81.77251095833333,7.3400143625,1027.8166666666668,0.07916666666666668,99.91666666666667
2019-01-20,39.76168,-121.84047,3.2,18.0,Chico-East Avenue,12.912083583333335,87.37217187499999,15.9856991125,1018.8625000000001,0.5708333333333333,99.75
2019-01-21,39.76168,-121.84047,2.6,14.0,Chico-East Avenue,8.7204169,84.35316591666667,7.325549541666667,1017.3958333333334,0.2416666666666667,57.833333333333336
2019-01-22,39.76168,-121.84047,6.3,35.0,Chico-East Avenue,7.168333391666667,56.30831679166667,9.688342624999999,1028.3500000000001,0.0,35.875
2019-01-23,39.76168,-121.84047,9.9,52.0,Chico-East Avenue,7.993333383333334,62.86373566666666,5.775370962499999,1030.1625000000001,0.0,52.916666666666664
2019-01-24,39.76168,-121.84047,9.2,51.0,Chico-East Avenue,9.3975000125,68.73972916666666,8.1608633375,1025.3416666666667,0.0,1.375
2019-01-25,39.76168,-121.84047,11.2,55.0,Chico-East Avenue,8.785000075000001,67.42530633333332,5.907425304166666,1024.1666666666667,0.0,39.375
2019-01-26,39.76168,-121.84047,19.0,69.0,Chico-East Avenue,10.416250054166666,56.40533516666667,6.248992833333333,1025.0708333333334,0.0,44.833333333333336
2019-01-27,39.76168,-121.84047,15.0,62.0,Chico-East Avenue,10.980833404166667,70.31592958333333,6.6697338375,1024.1708333333333,0.0,93.70833333333333
2019-01-28,39.76168,-121.84047,15.6,63.0,Chico-East Avenue,11.062083600000001,73.392419625,4.613137520833333,1017.8625000000001,0.0,81.45833333333333
2019-01-29,39.76168,-121.84047,20.8,73.0,Chico-East Avenue,12.060000208333333,74.35018795833334,5.015814458333334,1015.6750000000001,0.0,89.79166666666667
2019-01-30,39.76168,-121.84047,23.5,78.0,Chico-East Avenue,11.437083416666667,85.78076541666667,4.333869666666667,1014.0416666666666,0.0,94.20833333333333
2019-01-31,39.76168,-121.84047,21.9,75.0,Chico-East Avenue,10.587083629166667,83.870367875,4.8768243125,1011.6666666666666,0.0,6.583333333333333
2019-02-01,39.76168,-121.84047,9.9,52.0,Chico-East Avenue,13.1870835,82.4377915,14.280229291666666,1011.6583333333333,0.075,82.16666666666667
2019-02-02,39.76168,-121.84047,2.2,12.0,Chico-East Avenue,11.941250250000001,87.31660579166667,16.210658,1002.4041666666667,1.9291666666666665,97.70833333333333
2019-02-03,39.76168,-121.84047,1.0,6.0,Chico-East Avenue,9.541250208333333,87.09537520833334,14.018323708333334,1001.5416666666666,0.7666666666666666,93.41666666666667
2019-02-04,39.76168,-121.84047,1.0,6.0,Chico-East Avenue,8.462083495833333,84.74597733333333,20.114447375,1000.4541666666668,0.8708333333333335,93.66666666666667
2019-02-05,39.76168,-121.84047,2.5,14.0,Chico-East Avenue,4.47458337,74.56828845833333,9.069474104166668,1006.7083333333334,0.07916666666666666,67.0
2019-02-06,39.76168,-121.84047,7.5,42.0,Chico-East Avenue,4.253750045833333,67.418790875,7.0187217875,1018.9333333333334,0.0,33.375
2019-02-07,39.76168,-121.84047,9.1,51.0,Chico-East Avenue,3.0745833179166664,70.71110079166667,5.515177879166667,1025.3708333333334,0.0,49.5
2019-02-08,39.76168,-121.84047,9.6,52.0,Chico-East Avenue,4.372500007166667,75.32670320833334,4.137995875,1022.0541666666667,0.0,66.75
2019-02-09,39.76168,-121.84047,5.4,30.0,Chico-East Avenue,6.030833329166668,88.25737816666667,13.765304504166666,1012.7291666666666,0.31666666666666665,98.375
2019-02-10,39.76168,-121.84047,4.2,23.0,Chico-East Avenue,5.1058334125,82.16884595833334,11.623409162500002,1010.6999999999999,0.1875,51.5
2019-02-11,39.76168,-121.84047,3.5,19.0,Chico-East Avenue,5.14125,64.9107435,10.027814816666668,1021.6541666666667,0.0,33.5
2019-02-12,39.76168,-121.84047,5.7,32.0,Chico-East Avenue,6.5516667125,61.418006,8.081320166666666,1020.1999999999999,0.0,93.0
2019-02-13,39.76168,-121.84047,2.4,13.0,Chico-East Avenue,7.537083391666667,81.76784629166667,13.641505370833334,1009.1916666666666,1.5791666666666666,99.70833333333333
2019-02-14,39.76168,-121.84047,1.0,6.0,Chico-East Avenue,10.507916716666667,87.82820145833334,12.514776145833332,997.5583333333334,2.8958333333333335,91.41666666666667
2019-02-15,39.76168,-121.84047,0.3,2.0,Chico-East Avenue,8.078750125000001,79.59955037499999,20.178946604166665,1008.4791666666666,0.375,71.29166666666667
2019-02-16,39.76168,-121.84047,4.8,27.0,Chico-East Avenue,6.51416675,85.74840625,15.496603550000001,1016.975,0.19999999999999998,80.04166666666667
2019-02-17,39.76168,-121.84047,1.0,6.0,Chico-East Avenue,5.232916741666666,80.89980070833333,8.438430308333333,1017.1166666666667,0.17500000000000002,61.791666666666664
2019-02-18,39.76168,-121.84047,2.6,14.0,Chico-East Avenue,4.403750032791667,55.395239833333335,12.186538875000002,1021.4166666666666,0.0,6.416666666666667
2019-02-19,39.76168,-121.84047,7.0,39.0,Chico-East Avenue,4.193333375,55.057987833333335,6.979421708333334,1023.4083333333333,0.0,11.125
2019-02-20,39.76168,-121.84047,4.6,26.0,Chico-East Avenue,6.793333341666667,61.671467791666664,7.854028725,1016.1875,0.004166666666666667,65.125
2019-02-21,39.76168,-121.84047,1.5,8.0,Chico-East Avenue,6.0058333875,61.56746679166667,12.237312779166666,1007.8291666666668,0.016666666666666666,37.166666666666664
2019-02-22,39.76168,-121.84047,4.2,23.0,Chico-East Avenue,4.676666780000001,52.04483354166666,10.126122783333333,1016.5291666666667,0.0,4.125
2019-02-23,39.76168,-121.84047,11.0,55.0,Chico-East Avenue,6.5141666875,59.136964666666664,7.646460245833333,1024.3791666666666,0.0,54.416666666666664
2019-02-24,39.76168,-121.84047,6.3,35.0,Chico-East Avenue,9.168333375000001,55.438268125,13.345957666666665,1024.0333333333333,0.008333333333333333,96.875
2019-02-25,39.76168,-121.84047,4.8,27.0,Chico-East Avenue,9.251666791666667,77.49095583333333,19.831696375,1016.2583333333333,0.5208333333333334,99.91666666666667
2019-02-26,39.76168,-121.84047,2.3,13.0,Chico-East Avenue,10.114166833333334,87.83812083333333,25.148772958333335,1012.3833333333333,3.1166666666666667,100.0
2019-02-27,39.76168,-121.84047,4.0,22.0,Chico-East Avenue,10.370416875,81.70317045833333,27.175548375,1011.8874999999999,2.0,99.45833333333333
2019-02-28,39.76168,-121.84047,2.7,15.0,Chico-East Avenue,10.410000183333333,80.98125495833334,14.685990683333335,1017.8958333333334,0.15416666666666665,66.66666666666667
2019-03-01,39.76168,-121.84047,5.7,32.0,Chico-East Avenue,9.126666766666666,65.86220158333333,8.206415154166667,1019.4833333333332,0.0,92.41666666666667
2019-03-02,39.76168,-121.84047,4.7,26.0,Chico-East Avenue,9.776666833333334,91.56956504166668,5.673708808333333,1013.1291666666666,0.6083333333333333,99.95833333333333
2019-03-03,39.76168,-121.84047,3.4,19.0,Chico-East Avenue,10.351666833333335,92.80638833333335,4.663113754166667,1015.4666666666667,0.30416666666666664,86.625
2019-03-04,39.76168,-121.84047,4.3,24.0,Chico-East Avenue,11.301667041666667,80.22049345833334,11.375880679166668,1018.1833333333334,0.37083333333333335,80.5
2019-03-05,39.76168,-121.84047,5.1,28.0,Chico-East Avenue,9.599583475000001,72.649801625,6.021664508333333,1015.4791666666666,0.05416666666666667,97.79166666666667
2019-03-06,39.76168,-121.84047,1.3,7.0,Chico-East Avenue,11.628750208333335,88.361971,19.809047500000002,1005.3416666666667,1.6458333333333333,95.41666666666667
2019-03-07,39.76168,-121.84047,1.0,6.0,Chico-East Avenue,10.516250208333334,86.95051704166667,18.30289708333333,1012.5833333333334,0.4083333333333334,87.58333333333333
2019-03-08,39.76168,-121.84047,3.0,17.0,Chico-East Avenue,7.626666675,81.64141045833334,11.374112374166666,1014.6916666666666,0.20833333333333334,95.95833333333333
2019-03-09,39.76168,-121.84047,2.3,13.0,Chico-East Avenue,7.468333325,74.65457041666666,15.740924020833333,1015.5916666666667,0.12916666666666668,83.125
2019-03-10,39.76168,-121.84047,4.0,22.0,Chico-East Avenue,8.976666733333333,68.07039775,9.492299254166667,1014.4791666666666,0.0375,68.16666666666667
2019-03-11,39.76168,-121.84047,3.9,22.0,Chico-East Avenue,9.332916829166667,59.47563029166667,11.642925858333333,1017.5749999999999,0.0,5.0
2019-03-12,39.76168,-121.84047,3.2,18.0,Chico-East Avenue,9.891250045833333,55.7745665,9.191970933333334,1012.5208333333334,0.0,32.291666666666664
2019-03-13,39.76168,-121.84047,1.6,9.0,Chico-East Avenue,8.872500041666667,44.033188375,17.681883250000002,1019.625,0.0,1.125
2019-03-14,39.76168,-121.84047,3.4,19.0,Chico-East Avenue,9.162083466666667,50.64482420833334,10.6853728375,1024.6625000000001,0.0,21.791666666666668
2019-03-15,39.76168,-121.84047,4.4,24.0,Chico-East Avenue,9.966250087499999,52.63322145833333,9.143885933333333,1024.0541666666666,0.0,32.75
2019-03-16,39.76168,-121.84047,4.6,26.0,Chico-East Avenue,11.264166841666666,54.62699058333333,5.952138866666666,1021.0875,0.0,12.875
2019-03-17,39.76168,-121.84047,6.4,36.0,Chico-East Avenue,12.595416895833333,62.98636008333333,5.882806758333333,1019.3958333333334,0.0,66.75
2019-03-18,39.76168,-121.84047,6.3,35.0,Chico-East Avenue,13.453750016666667,68.24068175000001,4.064864854166667,1016.2375000000001,0.0,0.0
2019-03-19,39.76168,-121.84047,8.5,47.0,Chico-East Avenue,15.024583375,54.13633425,6.834672733333334,1012.5958333333333,0.0,71.91666666666667
2019-03-20,39.76168,-121.84047,3.3,18.0,Chico-East Avenue,13.199583500000001,75.94821591666667,15.095016004166666,1012.4458333333333,0.49583333333333335,98.08333333333333
2019-03-21,39.76168,-121.84047,4.0,22.0,Chico-East Avenue,11.19750035,75.86781779166667,8.304723216666666,1018.2166666666667,0.10833333333333334,41.666666666666664
2019-03-22,39.76168,-121.84047,5.7,32.0,Chico-East Avenue,11.193333541666668,70.25122025,12.355233708333332,1020.4166666666666,0.14583333333333334,59.125
2019-03-23,39.76168,-121.84047,5.4,30.0,Chico-East Avenue,10.722500125000002,83.83459275,10.320649566666667,1020.9499999999999,0.7625000000000001,90.33333333333333
2019-03-24,39.76168,-121.84047,5.0,28.0,Chico-East Avenue,9.760000116666667,71.46292991666667,6.1638887291666675,1023.3083333333334,0.0,45.041666666666664
2019-03-25,39.76168,-121.84047,5.0,28.0,Chico-East Avenue,9.760000116666667,71.46292991666667,6.1638887291666675,1023.3083333333334,0.0,45.041666666666664
2019-03-26,39.76168,-121.84047,2.2,12.0,Chico-East Avenue,11.851666833333333,87.69985620833334,8.391210325,1017.4125,0.43333333333333335,97.875
2019-03-27,39.76168,-121.84047,2.5,14.0,Chico-East Avenue,12.895416916666667,79.36707620833333,15.193591516666666,1012.7041666666668,0.7374999999999999,87.70833333333333
2019-03-28,39.76168,-121.84047,3.9,22.0,Chico-East Avenue,10.185000333333333,81.98655508333333,16.094575458333335,1020.525,0.43333333333333335,61.875
2019-03-29,39.76168,-121.84047,3.7,21.0,Chico-East Avenue,10.580833475,77.57950604166668,9.5192789,1026.3666666666666,0.1625,53.916666666666664
2019-03-30,39.76168,-121.84047,2.7,15.0,Chico-East Avenue,11.497500162500002,59.467475,10.22190535,1024.2916666666667,0.0,31.583333333333332
2019-03-31,39.76168,-121.84047,3.4,19.0,Chico-East Avenue,13.36416695,49.10565770833333,6.954231816666667,1020.7958333333332,0.0,40.041666666666664
2019-04-01,39.76168,-121.84047,4.4,24.0,Chico-East Avenue,15.385000125,64.197948125,5.925870841666668,1016.3041666666667,0.049999999999999996,92.20833333333333
2019-04-02,39.76168,-121.84047,3.1,17.0,Chico-East Avenue,14.170416833333334,80.23957854166666,11.278127254166668,1011.5749999999999,0.32083333333333336,79.41666666666667
2019-04-03,39.76168,-121.84047,2.2,12.0,Chico-East Avenue,13.789166875,80.86077999999999,13.458191958333332,1014.8208333333333,0.0375,81.25
2019-04-04,39.76168,-121.84047,2.3,13.0,Chico-East Avenue,13.972500375000001,76.05344795833334,10.163249429166667,1016.1708333333332,0.041666666666666664,99.625
2019-04-05,39.76168,-121.84047,2.1,12.0,Chico-East Avenue,12.855833375000001,81.80730266666667,15.644351208333333,1014.7958333333332,0.35000000000000003,89.45833333333333
2019-04-06,39.76168,-121.84047,2.8,16.0,Chico-East Avenue,12.668333500000001,84.40151912500001,14.531188645833334,1017.9041666666667,0.16666666666666666,85.83333333333333
2019-04-07,39.76168,-121.84047,2.1,12.0,Chico-East Avenue,15.964166666666666,79.004590875,16.180650979166668,1022.2875,0.008333333333333333,93.58333333333333
2019-04-08,39.76168,-121.84047,4.3,24.0,Chico-East Avenue,17.455833458333334,76.62135275,15.225687291666667,1021.5416666666666,0.10833333333333334,99.0
2019-04-09,39.76168,-121.84047,1.0,6.0,Chico-East Avenue,14.451666833333334,69.921420625,18.6427794375,1020.7333333333332,0.1708333333333333,25.166666666666668
2019-04-10,39.76168,-121.84047,1.0,6.0,Chico-East Avenue,12.797500058333334,48.511348958333336,17.7306325,1025.1375,0.0,28.0
2019-04-11,39.76168,-121.84047,1.6,9.0,Chico-East Avenue,14.7495835,49.286161541666665,16.7315690625,1021.4791666666666,0.0,74.75
2019-04-12,39.76168,-121.84047,2.2,12.0,Chico-East Avenue,14.141250333333334,54.24767725,18.0588625,1014.4625,0.0,33.5
2019-04-13,39.76168,-121.84047,4.2,23.0,Chico-East Avenue,14.78291675,55.67151595833334,9.033318020833333,1013.5958333333333,0.0,21.625
2019-04-14,39.76168,-121.84047,5.0,28.0,Chico-East Avenue,16.722500208333333,61.140275833333334,11.122155045833333,1012.7916666666666,0.0,81.45833333333333
2019-04-15,39.76168,-121.84047,4.7,26.0,Chico-East Avenue,14.04750025,66.213763125,13.700362341666667,1009.5041666666666,0.05833333333333333,85.41666666666667
2019-04-16,39.76168,-121.84047,2.0,11.0,Chico-East Avenue,12.287083458333333,79.61327158333333,11.225305820833334,1013.9250000000001,0.25416666666666665,77.66666666666667
2019-04-17,39.76168,-121.84047,3.5,19.0,Chico-East Avenue,13.147500095833335,66.67183441666667,5.217248233333334,1020.6,0.0,39.083333333333336
2019-04-18,39.76168,-121.84047,6.4,36.0,Chico-East Avenue,16.822500125,67.62239295833334,4.104372258333333,1020.2666666666668,0.0,4.0
2019-04-19,39.76168,-121.84047,7.5,42.0,Chico-East Avenue,19.491250083333334,67.86038879166667,5.819334954166667,1014.6416666666668,0.0,67.41666666666667
2019-04-20,39.76168,-121.84047,4.0,22.0,Chico-East Avenue,17.747500166666665,73.01078354166667,11.582076345833334,1009.2375000000001,0.25,76.95833333333333
2019-04-21,39.76168,-121.84047,2.2,12.0,Chico-East Avenue,15.132917,75.20618225,9.538965241666666,1016.0708333333333,0.17916666666666667,21.791666666666668
2019-04-22,39.76168,-121.84047,2.8,16.0,Chico-East Avenue,18.685000249999998,42.20921966666666,12.157702079166667,1017.9375,0.0,13.708333333333334
2019-04-23,39.76168,-121.84047,3.3,18.0,Chico-East Avenue,21.235000166666666,48.307475124999996,9.2439585,1015.6625,0.0,53.166666666666664
2019-04-24,39.76168,-121.84047,7.0,39.0,Chico-East Avenue,22.424583375,58.969596208333336,6.113152525,1012.9416666666666,0.0,29.708333333333332
2019-04-25,39.76168,-121.84047,7.3,41.0,Chico-East Avenue,23.260000125,62.34877183333333,5.9133678625,1011.7624999999999,0.0,11.041666666666666
2019-04-26,39.76168,-121.84047,7.4,41.0,Chico-East Avenue,22.876666874999998,60.13141266666667,8.230394429166667,1012.1541666666667,0.0,23.458333333333332
2019-04-27,39.76168,-121.84047,9.6,52.0,Chico-East Avenue,20.576666833333334,62.15184625,5.3647860375,1011.5,0.0,1.625
2019-04-28,39.76168,-121.84047,9.8,52.0,Chico-East Avenue,20.1370835,60.324696458333335,9.133542233333333,1009.4166666666666,0.0,14.75
2019-04-29,39.76168,-121.84047,11.6,56.0,Chico-East Avenue,19.170416916666667,56.381533166666664,5.683842120833333,1005.775,0.0,6.875
2019-04-30,39.76168,-121.84047,9.0,50.0,Chico-East Avenue,17.268333541666667,62.2006705,13.323773579166668,1008.85,0.020833333333333332,31.166666666666668
2019-05-01,39.76168,-121.84047,3.4,19.0,Chico-East Avenue,15.978750041666666,40.89454908333333,8.401825995833333,1014.9916666666667,0.0,2.2916666666666665
2019-05-02,39.76168,-121.84047,4.7,26.0,Chico-East Avenue,17.445416916666666,36.852290208333336,6.056124725,1015.2333333333332,0.0,2.7083333333333335
2019-05-03,39.76168,-121.84047,6.4,36.0,Chico-East Avenue,18.095416750000002,42.588085291666665,4.926877241666667,1013.5375,0.0,48.541666666666664
2019-05-04,39.76168,-121.84047,6.7,37.0,Chico-East Avenue,20.107916833333334,40.94044379166667,6.3902280075,1011.0666666666666,0.0,14.041666666666666
2019-05-05,39.76168,-121.84047,5.5,31.0,Chico-East Avenue,18.401666833333334,45.65336745833333,6.8806118666666665,1008.0541666666667,0.0,3.9583333333333335
2019-05-06,39.76168,-121.84047,5.7,32.0,Chico-East Avenue,17.643333541666667,56.65046995833333,11.277772274999998,1009.1708333333332,0.0,59.833333333333336
2019-05-07,39.76168,-121.84047,4.9,27.0,Chico-East Avenue,17.655833541666667,64.08540475,8.232212525,1014.3458333333333,0.0,41.375
2019-05-08,39.76168,-121.84047,8.8,49.0,Chico-East Avenue,20.18083341666667,61.063571583333335,7.027745645833334,1013.9791666666666,0.0,51.166666666666664
2019-05-09,39.76168,-121.84047,8.2,46.0,Chico-East Avenue,21.785000083333333,53.553448374999995,5.809444054166666,1007.1458333333334,0.0,18.291666666666668
2019-05-10,39.76168,-121.84047,5.0,28.0,Chico-East Avenue,22.837083500000002,30.788136041666665,9.196428033333333,1006.6791666666667,0.0,27.708333333333332
2019-05-11,39.76168,-121.84047,6.2,34.0,Chico-East Avenue,21.939166916666665,43.32868208333333,7.9910391333333335,1011.1083333333332,0.0,8.166666666666666
2019-05-12,39.76168,-121.84047,9.2,51.0,Chico-East Avenue,21.674583458333334,54.49739695833333,7.47562665,1011.9083333333333,0.0,14.791666666666666
2019-05-13,39.76168,-121.84047,4.8,27.0,Chico-East Avenue,21.61416675,50.650771875000004,12.150362783333334,1012.6416666666668,0.0,68.41666666666667
2019-05-14,39.76168,-121.84047,3.9,22.0,Chico-East Avenue,20.570416833333333,48.39405716666667,14.633997770833334,1013.6999999999999,0.0,77.875
2019-05-15,39.76168,-121.84047,3.7,21.0,Chico-East Avenue,17.005833416666665,67.990132,14.717481958333332,1010.9916666666667,0.2791666666666667,99.79166666666667
2019-05-16,39.76168,-121.84047,1.3,7.0,Chico-East Avenue,13.535000375000001,84.34326016666667,22.5182155,1006.2083333333334,1.2875,88.16666666666667
2019-05-17,39.76168,-121.84047,2.2,12.0,Chico-East Avenue,12.735000458333333,79.22774179166667,15.392402625,1015.5708333333333,0.1125,63.0
2019-05-18,39.76168,-121.84047,3.3,18.0,Chico-East Avenue,13.889166875,66.61408924999999,12.983081687499999,1014.5166666666668,0.16666666666666666,94.16666666666667
2019-05-19,39.76168,-121.84047,1.6,9.0,Chico-East Avenue,11.643333499999999,81.59644116666666,15.182038833333335,1008.125,0.5958333333333333,90.91666666666667
2019-05-20,39.76168,-121.84047,0.7,4.0,Chico-East Avenue,11.982916741666665,71.25519729166668,7.6633763833333335,1012.6416666666668,0.0,37.833333333333336
2019-05-21,39.76168,-121.84047,0.7,4.0,Chico-East Avenue,13.21000025,77.20220704166667,17.749070916666668,1010.7166666666667,0.375,67.08333333333333
2019-05-22,39.76168,-121.84047,0.5,3.0,Chico-East Avenue,14.403750291666666,74.66115266666667,10.646492425,1008.7708333333334,0.21666666666666667,63.916666666666664
2019-05-23,39.76168,-121.84047,3.3,18.0,Chico-East Avenue,19.555833500000002,49.97467525,14.454621083333334,1007.4375,0.0,69.04166666666667
2019-05-24,39.76168,-121.84047,4.8,27.0,Chico-East Avenue,19.160000208333333,66.66757858333334,9.138490508333334,1013.2333333333332,0.0,32.916666666666664
2019-05-25,39.76168,-121.84047,5.7,32.0,Chico-East Avenue,17.976666958333333,72.48374479166667,9.287496716666666,1009.7583333333333,0.43333333333333335,59.25
2019-05-26,39.76168,-121.84047,1.5,8.0,Chico-East Avenue,14.353750166666666,74.274092625,12.5251608625,1005.8874999999999,1.275,91.625
2019-05-27,39.76168,-121.84047,4.8,27.0,Chico-East Avenue,14.222500166666668,69.94283704166666,6.745105724999999,1015.3166666666666,0.04583333333333334,78.125
2019-05-28,39.76168,-121.84047,3.6,20.0,Chico-East Avenue,18.260000083333335,66.27508629166667,8.970570270833333,1015.0625,0.0,27.916666666666668
2019-05-29,39.76168,-121.84047,5.5,31.0,Chico-East Avenue,20.353750083333335,66.37444779166667,4.800564095833333,1011.1583333333333,0.0,47.208333333333336
2019-05-30,39.76168,-121.84047,6.0,33.0,Chico-East Avenue,21.35166679166667,70.11692316666667,5.452858624166667,1009.9833333333332,0.10416666666666667,21.75
2019-05-31,39.76168,-121.84047,3.5,19.0,Chico-East Avenue,20.64125025,66.4460175,6.722785129166667,1011.0124999999999,0.004166666666666667,40.958333333333336
2019-06-01,39.76168,-121.84047,3.1,17.0,Chico-East Avenue,23.899583625,55.165589833333335,8.191242845833333,1008.1458333333334,0.0,19.125
2019-06-02,39.76168,-121.84047,6.9,38.0,Chico-East Avenue,24.26000025,58.385341958333335,7.457714683333333,1007.5833333333334,0.0,17.333333333333332
2019-06-03,39.76168,-121.84047,7.0,39.0,Chico-East Avenue,24.19541670833333,62.88946954166667,7.045992191666667,1009.9625,0.0,6.083333333333333
2019-06-04,39.76168,-121.84047,7.3,41.0,Chico-East Avenue,26.514166625,52.42671633333333,6.642881870833333,1010.3874999999999,0.0,4.416666666666667
2019-06-05,39.76168,-121.84047,6.6,37.0,Chico-East Avenue,26.012083,51.654519916666665,5.237339670833333,1009.6750000000001,0.0,32.208333333333336
2019-06-06,39.76168,-121.84047,4.6,26.0,Chico-East Avenue,25.616250041666664,49.052159208333336,9.2276659625,1008.5500000000001,0.0,30.25
2019-06-07,39.76168,-121.84047,1.2,7.0,Chico-East Avenue,20.462083625,32.10450316666667,19.567198416666667,1012.85,0.0,32.708333333333336
2019-06-08,39.76168,-121.84047,1.0,6.0,Chico-East Avenue,21.087083500000002,26.39786433333333,17.397318125,1016.6833333333334,0.0,10.833333333333334
2019-06-09,39.76168,-121.84047,0.0,0.0,Chico-East Avenue,24.420416875,25.374655875000002,11.232668241666666,1016.225,0.0,42.25
2019-06-10,39.76168,-121.84047,3.9,22.0,Chico-East Avenue,26.889166583333335,30.319487249999998,6.076670029166666,1015.2166666666667,0.0,71.70833333333333
2019-06-11,39.76168,-121.84047,6.8,38.0,Chico-East Avenue,28.37875,32.439857583333335,5.0254960041666665,1014.3291666666668,0.0,22.75
2019-06-12,39.76168,-121.84047,7.7,43.0,Chico-East Avenue,30.94541658333333,29.724715583333335,7.0802513875,1011.4666666666667,0.0,53.958333333333336
2019-06-13,39.76168,-121.84047,9.2,51.0,Chico-East Avenue,29.47874966666667,36.82840616666667,7.052565628333333,1008.8375,0.0,12.5
2019-06-14,39.76168,-121.84047,9.8,52.0,Chico-East Avenue,26.859999916666666,49.980301958333335,7.128486250000001,1009.5291666666667,0.0,29.083333333333332
2019-06-15,39.76168,-121.84047,9.3,51.0,Chico-East Avenue,25.537083291666665,50.51792520833333,9.087391054166666,1010.3958333333334,0.0,26.458333333333332
2019-06-16,39.76168,-121.84047,7.7,43.0,Chico-East Avenue,24.77041675,50.411648125,6.2796686125,1009.5166666666668,0.0,19.458333333333332
2019-06-17,39.76168,-121.84047,8.7,48.0,Chico-East Avenue,27.870416375,46.279675,6.754069179166667,1006.9541666666668,0.0,21.666666666666668
2019-06-18,39.76168,-121.84047,4.4,24.0,Chico-East Avenue,30.934999666666666,36.0288011875,8.928404654166666,1009.1083333333332,0.0,1.375
2019-06-19,39.76168,-121.84047,8.2,46.0,Chico-East Avenue,29.48291625,36.778293291666664,6.119589433333334,1009.6999999999999,0.0,0.0
2019-06-20,39.76168,-121.84047,3.6,20.0,Chico-East Avenue,27.789166374999997,37.95917670833334,8.4270723375,1008.4791666666666,0.0,0.0
2019-06-21,39.76168,-121.84047,0.2,1.0,Chico-East Avenue,25.091250083333335,21.290476583333334,15.503147066666665,1009.0749999999999,0.0,0.0
2019-06-22,39.76168,-121.84047,1.0,6.0,Chico-East Avenue,26.0829165,23.833448083333334,12.130855320833334,1011.7875,0.0,2.8333333333333335
2019-06-23,39.76168,-121.84047,2.4,13.0,Chico-East Avenue,26.83083308333333,26.901788229166666,6.16878205,1012.0333333333333,0.0,0.5416666666666666
2019-06-24,39.76168,-121.84047,5.1,28.0,Chico-East Avenue,28.366249999999997,31.60955525,6.0910765,1009.4625,0.0,32.875
2019-06-25,39.76168,-121.84047,7.4,41.0,Chico-East Avenue,27.50375,32.20283295833333,6.726409866666667,1007.2041666666668,0.0,62.0
2019-06-26,39.76168,-121.84047,3.5,19.0,Chico-East Avenue,25.162083624999998,32.736950125,16.00629508333333,1008.9083333333333,0.0,27.708333333333332
2019-06-27,39.76168,-121.84047,3.5,19.0,Chico-East Avenue,25.162083624999998,32.736950125,16.00629508333333,1008.9083333333333,0.0,27.708333333333332
2019-06-28,39.76168,-121.84047,3.5,19.0,Chico-East Avenue,25.162083624999998,32.736950125,16.00629508333333,1008.9083333333333,0.0,27.708333333333332
2019-06-29,39.76168,-121.84047,3.5,19.0,Chico-East Avenue,25.162083624999998,32.736950125,16.00629508333333,1008.9083333333333,0.0,27.708333333333332
2019-06-30,39.76168,-121.84047,3.5,19.0,Chico-East Avenue,25.162083624999998,32.736950125,16.00629508333333,1008.9083333333333,0.0,27.708333333333332
2019-07-01,39.76168,-121.84047,6.8,38.0,Chico-East Avenue,25.495416916666667,30.841127125,9.263192175,1014.3958333333334,0.0,34.583333333333336
2019-07-02,39.76168,-121.84047,6.9,38.0,Chico-East Avenue,25.882916666666663,34.95306658333333,6.16575485,1012.5041666666666,0.0,1.25
2019-07-03,39.76168,-121.84047,8.3,46.0,Chico-East Avenue,25.484999833333333,37.44688554166667,5.816907325,1010.1958333333333,0.0,3.0
2019-07-04,39.76168,-121.84047,6.7,37.0,Chico-East Avenue,27.503749916666663,34.299348625,7.308069395833333,1010.0625,0.0,0.75
2019-07-05,39.76168,-121.84047,8.0,44.0,Chico-East Avenue,28.114166708333332,33.570113666666664,6.3723501833333325,1011.85,0.0,0.5
2019-07-06,39.76168,-121.84047,9.0,50.0,Chico-East Avenue,29.780832874999998,33.102947416666666,6.464720907083333,1012.3333333333334,0.0,33.875
2019-07-07,39.76168,-121.84047,10.5,54.0,Chico-East Avenue,27.518333291666664,35.527428541666666,8.81400085,1009.9791666666666,0.0,43.458333333333336
2019-07-08,39.76168,-121.84047,8.1,45.0,Chico-East Avenue,24.316250166666666,44.244929500000005,12.132491,1010.8916666666668,0.0,16.291666666666668
2019-07-09,39.76168,-121.84047,8.0,44.0,Chico-East Avenue,24.2933335,48.65347991666667,7.698601604166666,1013.7541666666666,0.0,56.291666666666664
2019-07-10,39.76168,-121.84047,4.7,26.0,Chico-East Avenue,25.751666541666665,45.018256125,9.123087945833333,1015.5041666666666,0.0,87.5
2019-07-11,39.76168,-121.84047,4.7,26.0,Chico-East Avenue,28.139166625,40.597897374999995,7.5351423125,1014.9583333333334,0.0,0.0
2019-07-12,39.76168,-121.84047,5.0,28.0,Chico-East Avenue,29.016249916666666,35.358835666666664,6.54984145,1011.6875,0.0,19.625
2019-07-13,39.76168,-121.84047,6.4,36.0,Chico-East Avenue,30.147499791666664,34.84577395833333,7.485739204166666,1008.9666666666667,0.0,3.125
2019-07-14,39.76168,-121.84047,5.7,32.0,Chico-East Avenue,29.845416666666665,31.23955275,9.565965025,1010.6374999999999,0.0,0.0
2019-07-15,39.76168,-121.84047,4.9,27.0,Chico-East Avenue,30.039166291666664,29.370544916666663,5.662683877916667,1012.9791666666666,0.0,8.458333333333334
2019-07-16,39.76168,-121.84047,5.7,32.0,Chico-East Avenue,28.912083166666665,36.44560275,5.7776246,1010.025,0.0,28.166666666666668
2019-07-17,39.76168,-121.84047,8.7,48.0,Chico-East Avenue,28.37875,37.97536795833333,6.742692920833334,1009.5875,0.0,28.791666666666668
2019-07-18,39.76168,-121.84047,8.0,44.0,Chico-East Avenue,30.147499541666665,33.28358083333333,12.063490258333333,1009.6791666666667,0.0,38.083333333333336
2019-07-19,39.76168,-121.84047,5.1,28.0,Chico-East Avenue,27.828749875,41.680993375,9.36263175,1009.225,0.0,10.041666666666666
2019-07-20,39.76168,-121.84047,8.5,47.0,Chico-East Avenue,27.380833208333332,37.14855491666667,8.598888104166667,1009.8166666666666,0.0,0.0
2019-07-21,39.76168,-121.84047,7.6,42.0,Chico-East Avenue,27.699583208333333,38.60387683333334,7.366263366666666,1010.3166666666666,0.0,19.25
2019-07-22,39.76168,-121.84047,9.2,51.0,Chico-East Avenue,30.399582999999996,31.812681708333333,8.331174404166667,1011.2583333333333,0.0,10.041666666666666
2019-07-23,39.76168,-121.84047,8.0,44.0,Chico-East Avenue,30.793333083333334,29.41495175,10.857163837500002,1012.2333333333332,0.0,0.3333333333333333
2019-07-24,39.76168,-121.84047,4.9,27.0,Chico-East Avenue,30.597499624999998,22.496558041666663,8.5510867125,1013.4791666666666,0.0,0.0
2019-07-25,39.76168,-121.84047,6.3,35.0,Chico-East Avenue,30.966249958333332,19.812103750000002,6.6879359625,1011.1041666666666,0.0,24.916666666666668
2019-07-26,39.76168,-121.84047,7.4,41.0,Chico-East Avenue,31.497499541666667,19.873606125,10.320852562499999,1012.3083333333334,0.0,18.666666666666668
2019-07-27,39.76168,-121.84047,10.7,54.0,Chico-East Avenue,30.859999791666667,23.523860770833334,7.173483254166666,1014.2333333333332,0.0,0.0
2019-07-28,39.76168,-121.84047,10.9,54.0,Chico-East Avenue,31.739166541666666,26.039565375,5.201271808333334,1011.3874999999999,0.0,2.5416666666666665
2019-07-29,39.76168,-121.84047,13.8,60.0,Chico-East Avenue,32.07249958333333,26.75082935416667,10.518435020833333,1009.0708333333333,0.0,0.0
2019-07-30,39.76168,-121.84047,11.9,56.0,Chico-East Avenue,27.49333304166667,37.70746979166667,9.638083620833333,1010.4416666666666,0.0,0.0
2019-07-31,39.76168,-121.84047,9.1,51.0,Chico-East Avenue,27.516250083333333,24.7351863125,6.7036208625,1011.3416666666667,0.0,0.0
2019-08-01,39.76168,-121.84047,7.1,39.0,Chico-East Avenue,28.791249875000002,25.979366645833334,8.328129083333334,1012.4416666666666,0.0,0.0
2019-08-02,39.76168,-121.84047,7.5,42.0,Chico-East Avenue,27.901666333333335,40.38827125,6.648792987499999,1014.1125000000001,0.0,0.0
2019-08-03,39.76168,-121.84047,8.0,44.0,Chico-East Avenue,29.305833208333336,32.756761000000004,5.632430658333334,1011.975,0.0,0.0
2019-08-04,39.76168,-121.84047,5.0,28.0,Chico-East Avenue,31.039166624999996,29.914596041666666,9.5204567375,1010.9499999999999,0.0,0.08333333333333333
2019-08-05,39.76168,-121.84047,4.9,27.0,Chico-East Avenue,29.422499666666667,29.305799020833334,7.5427588750000005,1012.0666666666666,0.0,32.75
2019-08-06,39.76168,-121.84047,6.4,36.0,Chico-East Avenue,30.420416458333335,23.009771041666667,7.0091115375,1010.625,0.0,39.458333333333336
2019-08-07,39.76168,-121.84047,8.6,48.0,Chico-East Avenue,29.589166791666667,28.548415583333334,9.061176091666667,1009.7833333333333,0.0,24.166666666666668
2019-08-08,39.76168,-121.84047,7.4,41.0,Chico-East Avenue,26.218333416666667,38.25752825,11.1791874125,1010.6458333333334,0.0,9.416666666666666
2019-08-09,39.76168,-121.84047,6.7,37.0,Chico-East Avenue,24.160000083333333,43.94453716666666,10.051706466666667,1011.7541666666666,0.0,63.791666666666664
2019-08-10,39.76168,-121.84047,4.7,26.0,Chico-East Avenue,24.07875025,50.42964625,11.425779937500002,1012.1083333333332,0.10416666666666667,33.5
2019-08-11,39.76168,-121.84047,3.4,19.0,Chico-East Avenue,23.628750166666666,46.30233879166667,7.7238347166666665,1015.2375000000001,0.0,15.666666666666666
2019-08-12,39.76168,-121.84047,5.0,28.0,Chico-East Avenue,25.743333041666663,37.088497374999996,5.871634108333333,1013.625,0.0,0.0
2019-08-13,39.76168,-121.84047,6.9,38.0,Chico-East Avenue,28.689166458333332,29.151537416666667,5.232819920833333,1012.525,0.0,7.125
2019-08-14,39.76168,-121.84047,6.9,38.0,Chico-East Avenue,28.689166458333332,29.151537416666667,5.232819920833333,1012.525,0.0,7.125
2019-08-15,39.76168,-121.84047,7.0,39.0,Chico-East Avenue,31.48708333333333,21.737355124999997,6.254369929166667,1011.6374999999999,0.0,0.0
2019-08-16,39.76168,-121.84047,7.8,43.0,Chico-East Avenue,32.84124933333333,26.392182875,5.5100657958333334,1008.5708333333333,0.0,0.20833333333333334
2019-08-17,39.76168,-121.84047,10.0,53.0,Chico-East Avenue,31.362083166666665,32.945798,8.3392251375,1006.1791666666667,0.0,0.0
2019-08-18,39.76168,-121.84047,9.0,50.0,Chico-East Avenue,26.953749958333333,38.80553975,9.614670158333334,1007.5958333333333,0.0,0.0
2019-08-19,39.76168,-121.84047,7.1,39.0,Chico-East Avenue,25.941250125,42.31829895833334,9.254464233333334,1011.1666666666666,0.0,12.041666666666666
2019-08-20,39.76168,-121.84047,8.9,49.0,Chico-East Avenue,25.578749875,43.83686841666667,6.7475956625,1012.9708333333333,0.0,0.125
2019-08-21,39.76168,-121.84047,7.4,41.0,Chico-East Avenue,27.499583083333334,35.295781041666665,5.760810920833333,1012.3208333333333,0.0,63.625
2019-08-22,39.76168,-121.84047,5.4,30.0,Chico-East Avenue,29.505832791666666,38.59698279166667,8.431662629166667,1007.8083333333334,0.0,61.083333333333336
2019-08-23,39.76168,-121.84047,7.6,42.0,Chico-East Avenue,29.691249833333334,29.729363708333334,6.297781591666666,1005.4499999999999,0.0,11.041666666666666
2019-08-24,39.76168,-121.84047,10.4,53.0,Chico-East Avenue,29.930833208333336,36.97862741666667,8.8774232625,1008.9958333333334,0.0,2.4166666666666665
2019-08-25,39.76168,-121.84047,6.9,38.0,Chico-East Avenue,30.947499875000002,31.33577,10.144531916666667,1012.0083333333333,0.0,7.625
2019-08-26,39.76168,-121.84047,6.9,38.0,Chico-East Avenue,30.947499875000002,31.33577,10.144531916666667,1012.0083333333333,0.0,7.625
2019-08-27,39.76168,-121.84047,6.9,38.0,Chico-East Avenue,30.947499875000002,31.33577,10.144531916666667,1012.0083333333333,0.0,7.625
2019-08-28,39.76168,-121.84047,6.9,38.0,Chico-East Avenue,30.947499875000002,31.33577,10.144531916666667,1012.0083333333333,0.0,7.625
2019-08-29,39.76168,-121.84047,6.9,38.0,Chico-East Avenue,30.947499875000002,31.33577,10.144531916666667,1012.0083333333333,0.0,7.625
2019-08-30,39.76168,-121.84047,6.9,38.0,Chico-East Avenue,27.007916624999996,43.72746345833334,8.669848704166666,1014.4916666666667,0.0,0.0
2019-08-31,39.76168,-121.84047,5.7,32.0,Chico-East Avenue,26.605832916666667,26.28461516666667,4.539035087499999,1012.3166666666666,0.0,1.9166666666666667
2019-09-01,39.76168,-121.84047,5.0,28.0,Chico-East Avenue,28.80583304166667,27.160091875000003,6.612798375,1011.2624999999999,0.0,6.958333333333333
2019-09-02,39.76168,-121.84047,6.4,36.0,Chico-East Avenue,29.4641665,25.420378666666664,7.410225283333333,1011.3375,0.0,0.0
2019-09-03,39.76168,-121.84047,6.5,36.0,Chico-East Avenue,28.14958329166667,35.68917508333333,7.670670166666667,1012.3833333333333,0.0,9.666666666666666
2019-09-04,39.76168,-121.84047,7.1,39.0,Chico-East Avenue,27.964166708333334,24.761618624999997,6.282768229166667,1010.4666666666667,0.0,17.958333333333332
2019-09-05,39.76168,-121.84047,7.1,39.0,Chico-East Avenue,27.964166708333334,24.761618624999997,6.282768229166667,1010.4666666666667,0.0,17.958333333333332
2019-09-06,39.76168,-121.84047,3.5,19.0,Chico-East Avenue,27.243333250000003,33.29991391666667,10.633425058333334,1014.625,0.0,0.0
2019-09-07,39.76168,-121.84047,3.5,19.0,Chico-East Avenue,27.243333250000003,33.29991391666667,10.633425058333334,1014.625,0.0,0.0
2019-09-08,39.76168,-121.84047,3.5,19.0,Chico-East Avenue,27.243333250000003,33.29991391666667,10.633425058333334,1014.625,0.0,0.0
2019-09-09,39.76168,-121.84047,3.5,19.0,Chico-East Avenue,27.243333250000003,33.29991391666667,10.633425058333334,1014.625,0.0,0.0
2019-09-10,39.76168,-121.84047,3.5,19.0,Chico-East Avenue,27.243333250000003,33.29991391666667,10.633425058333334,1014.625,0.0,0.0
2019-09-11,39.76168,-121.84047,3.5,19.0,Chico-East Avenue,27.243333250000003,33.29991391666667,10.633425058333334,1014.625,0.0,0.0
2019-09-12,39.76168,-121.84047,10.7,54.0,Chico-East Avenue,25.11,26.171603875000002,6.4728890375,1015.5708333333333,0.0,0.0
2019-09-13,39.76168,-121.84047,10.7,54.0,Chico-East Avenue,25.11,26.171603875000002,6.4728890375,1015.5708333333333,0.0,0.0
2019-09-14,39.76168,-121.84047,10.7,54.0,Chico-East Avenue,25.11,26.171603875000002,6.4728890375,1015.5708333333333,0.0,0.0
2019-09-15,39.76168,-121.84047,10.7,54.0,Chico-East Avenue,25.11,26.171603875000002,6.4728890375,1015.5708333333333,0.0,0.0
2019-09-16,39.76168,-121.84047,10.7,54.0,Chico-East Avenue,25.11,26.171603875000002,6.4728890375,1015.5708333333333,0.0,0.0
2019-09-17,39.76168,-121.84047,10.7,54.0,Chico-East Avenue,25.11,26.171603875000002,6.4728890375,1015.5708333333333,0.0,0.0
2019-09-18,39.76168,-121.84047,1.9,11.0,Chico-East Avenue,19.841250249999998,57.605715833333335,14.3344944375,1012.3583333333332,0.6333333333333333,57.416666666666664
2019-09-19,39.76168,-121.84047,1.1,6.0,Chico-East Avenue,17.355833375,70.827132625,5.3858665750000005,1013.2125,0.125,31.458333333333332
2019-09-20,39.76168,-121.84047,1.7,9.0,Chico-East Avenue,18.987083541666667,48.06966870833333,9.515866995833333,1013.5875,0.0,8.125
2019-09-21,39.76168,-121.84047,2.3,13.0,Chico-East Avenue,21.549583541666667,42.755841000000004,9.828566804166668,1013.6541666666667,0.0,0.125
2019-09-22,39.76168,-121.84047,3.9,22.0,Chico-East Avenue,21.757916833333336,45.09908570833333,5.697541120833333,1012.2875,0.008333333333333333,36.041666666666664
2019-09-23,39.76168,-121.84047,2.0,11.0,Chico-East Avenue,22.518333416666668,47.786323875,12.11076035,1012.6333333333333,0.0,9.0
2019-09-24,39.76168,-121.84047,2.1,12.0,Chico-East Avenue,25.255833125,34.48012641666667,12.123128191666666,1015.3208333333333,0.0,1.0
2019-09-25,39.76168,-121.84047,2.6,14.0,Chico-East Avenue,28.484999791666667,40.549305958333335,13.641887666666667,1009.4708333333333,0.0,5.375
2019-09-26,39.76168,-121.84047,6.7,37.0,Chico-East Avenue,28.012083375,32.822711250000005,9.810792641666668,1007.5291666666667,0.0,16.333333333333332
2019-09-27,39.76168,-121.84047,7.0,39.0,Chico-East Avenue,23.330833291666664,58.79519495833333,15.415032083333335,1010.3083333333334,0.0,42.083333333333336
2019-09-28,39.76168,-121.84047,2.4,13.0,Chico-East Avenue,18.966250125,59.840496374999994,10.903806008333333,1006.1166666666667,0.03333333333333333,39.208333333333336
2019-09-29,39.76168,-121.84047,1.9,11.0,Chico-East Avenue,14.366250416666666,48.1184155,10.944097933333333,1009.8208333333333,0.004166666666666667,28.5
2019-09-30,39.76168,-121.84047,2.6,14.0,Chico-East Avenue,12.974583458333333,73.51951716666666,6.620144716666666,1013.1041666666666,0.3333333333333333,51.125
2019-10-01,39.76168,-121.84047,1.6,9.0,Chico-East Avenue,13.707916975000002,46.00835395833334,9.225382154166667,1014.6666666666666,0.0,0.16666666666666666
2019-10-02,39.76168,-121.84047,3.3,18.0,Chico-East Avenue,14.947500195833333,39.13381475,6.458334195833333,1015.4,0.0,0.0
2019-10-03,39.76168,-121.84047,3.3,18.0,Chico-East Avenue,17.174583458333334,36.635725875,7.298262608333334,1014.0291666666667,0.0,16.833333333333332
2019-10-04,39.76168,-121.84047,2.3,13.0,Chico-East Avenue,16.949583583333332,46.563625124999994,11.252931304166667,1017.2458333333334,0.004166666666666667,13.791666666666666
2019-10-05,39.76168,-121.84047,3.0,17.0,Chico-East Avenue,17.349583374999998,38.295875125,7.382901629166667,1019.1333333333333,0.0,20.166666666666668
2019-10-06,39.76168,-121.84047,2.6,14.0,Chico-East Avenue,21.005833416666665,31.580308208333335,8.591668516666667,1016.9458333333333,0.0,1.7916666666666667
2019-10-07,39.76168,-121.84047,3.9,22.0,Chico-East Avenue,20.389167,39.65890008333333,4.3442894333333335,1015.0291666666667,0.0,0.0
2019-10-08,39.76168,-121.84047,9.2,51.0,Chico-East Avenue,20.653750416666664,35.74595095833333,4.8008079666666665,1011.2208333333333,0.0,40.541666666666664
2019-10-09,39.76168,-121.84047,1.6,9.0,Chico-East Avenue,19.69333345833333,28.5986396875,17.12342545,1010.4791666666666,0.0,0.8333333333333334
2019-10-10,39.76168,-121.84047,2.3,13.0,Chico-East Avenue,17.04125025,16.335698041666667,14.869032854166667,1016.4791666666666,0.0,0.0
2019-10-11,39.76168,-121.84047,5.3,29.0,Chico-East Avenue,17.799583625,17.3614531875,7.512540649999999,1016.4166666666666,0.0,2.0833333333333335
2019-10-12,39.76168,-121.84047,11.1,55.0,Chico-East Avenue,16.241250058333332,34.6485855,5.288711095833333,1013.6333333333333,0.0,2.125
2019-10-13,39.76168,-121.84047,9.2,51.0,Chico-East Avenue,17.141250291666665,33.94636125,6.078671904166666,1010.65,0.0,38.375
2019-10-14,39.76168,-121.84047,9.1,51.0,Chico-East Avenue,16.307916791666667,29.68306404166667,4.959452325,1011.8625000000001,0.0,6.875
2019-10-15,39.76168,-121.84047,9.5,52.0,Chico-East Avenue,17.520416958333332,26.938392375000003,5.383584549999999,1016.2624999999999,0.0,29.333333333333332
2019-10-16,39.76168,-121.84047,10.7,54.0,Chico-East Avenue,17.174583583333334,31.8829875,6.675074524999999,1014.8375,0.0,57.708333333333336
2019-10-17,39.76168,-121.84047,2.2,12.0,Chico-East Avenue,18.095416875,50.99541745833333,13.762007883333332,1011.15,0.09583333333333333,46.625
2019-10-18,39.76168,-121.84047,6.4,36.0,Chico-East Avenue,15.157916875,46.13080541666667,6.668082008333333,1015.7375000000001,0.0,26.375
2019-10-19,39.76168,-121.84047,6.9,38.0,Chico-East Avenue,16.357916791666668,54.068287166666664,9.783431179166667,1016.5541666666667,0.03333333333333333,47.166666666666664
2019-10-20,39.76168,-121.84047,3.8,21.0,Chico-East Avenue,15.757916875,56.692631166666665,7.011914699999999,1018.4875000000001,0.0,9.875
2019-10-21,39.76168,-121.84047,2.2,12.0,Chico-East Avenue,19.905833583333333,39.85767375,11.773517645833332,1019.6583333333333,0.0,6.208333333333333
2019-10-22,39.76168,-121.84047,2.8,16.0,Chico-East Avenue,20.291250208333334,37.598374791666664,9.008504733333334,1021.2708333333334,0.0,13.125
2019-10-23,39.76168,-121.84047,1.9,11.0,Chico-East Avenue,22.528750208333335,37.16916935416666,10.743181841666667,1016.7083333333334,0.0,10.583333333333334
2019-10-24,39.76168,-121.84047,3.3,18.0,Chico-East Avenue,21.824583458333333,20.676101625,12.244917045833333,1017.5749999999999,0.0,40.958333333333336
2019-10-25,39.76168,-121.84047,16.6,65.0,Chico-East Avenue,20.555833625,21.105810958333333,7.5514144375,1018.7125,0.0,8.291666666666666
2019-10-26,39.76168,-121.84047,3.9,22.0,Chico-East Avenue,18.96208354166667,34.823791291666666,5.080709058333333,1012.9375,0.0,2.4166666666666665
2019-10-27,39.76168,-121.84047,1.6,9.0,Chico-East Avenue,15.939166958333333,25.734696874999997,14.527780541666667,1012.2916666666666,0.0,9.833333333333334
2019-10-28,39.76168,-121.84047,6.2,34.0,Chico-East Avenue,13.003750166666668,21.128952729166667,7.646668470833333,1017.7916666666666,0.0,6.083333333333333
2019-10-29,39.76168,-121.84047,9.3,51.0,Chico-East Avenue,13.4745834875,24.176810875,9.359787029166666,1015.2458333333334,0.0,10.458333333333334
2019-10-30,39.76168,-121.84047,6.5,36.0,Chico-East Avenue,10.6079167375,19.947192229166667,8.984854233333333,1019.8708333333334,0.0,5.666666666666667
2019-10-31,39.76168,-121.84047,9.4,52.0,Chico-East Avenue,11.728750158333334,21.010777875,7.317529583333333,1023.6999999999999,0.0,0.4583333333333333
2019-11-01,39.76168,-121.84047,13.7,60.0,Chico-East Avenue,12.6370834625,25.104752833333333,3.2210828733333337,1021.1958333333333,0.0,0.0
2019-11-02,39.76168,-121.84047,15.0,62.0,Chico-East Avenue,13.984999991666667,26.955466666666666,4.619919520833333,1020.3916666666668,0.0,0.0
2019-11-03,39.76168,-121.84047,11.0,55.0,Chico-East Avenue,14.482916795833333,37.76957766666667,3.648565529166667,1016.775,0.0,0.0
2019-11-04,39.76168,-121.84047,10.3,53.0,Chico-East Avenue,14.543333516666666,43.07670754166667,4.233716825,1014.9208333333332,0.0,0.0
2019-11-05,39.76168,-121.84047,15.7,63.0,Chico-East Avenue,16.010000125,38.992594458333336,4.805839428333333,1016.4499999999999,0.0,9.875
2019-11-06,39.76168,-121.84047,13.4,59.0,Chico-East Avenue,16.378750333333333,42.872840958333335,4.413307129166667,1015.8583333333332,0.0,43.791666666666664
2019-11-07,39.76168,-121.84047,12.8,58.0,Chico-East Avenue,16.06833345833333,44.258424625,3.3997026708333333,1017.0583333333334,0.0,27.0
2019-11-08,39.76168,-121.84047,13.8,60.0,Chico-East Avenue,16.062083541666667,41.067866208333335,3.7701317458333334,1020.7291666666666,0.0,19.875
2019-11-09,39.76168,-121.84047,10.3,53.0,Chico-East Avenue,16.1745835,34.97553791666667,3.592216604166667,1020.0333333333333,0.0,7.416666666666667
2019-11-10,39.76168,-121.84047,10.9,54.0,Chico-East Avenue,16.516250166666666,38.235492916666665,3.573765508333333,1017.5958333333333,0.0,34.291666666666664
2019-11-11,39.76168,-121.84047,10.8,54.0,Chico-East Avenue,18.280833541666667,42.57889983333333,6.272836183333333,1016.3916666666668,0.0,41.541666666666664
2019-11-12,39.76168,-121.84047,12.3,57.0,Chico-East Avenue,16.549583583333334,48.89866979166666,4.5222644125,1018.0583333333334,0.0,96.29166666666667
2019-11-13,39.76168,-121.84047,12.6,58.0,Chico-East Avenue,15.378750208333335,52.06902204166667,3.802384320833333,1015.7583333333333,0.0,91.41666666666667
2019-11-14,39.76168,-121.84047,10.8,54.0,Chico-East Avenue,16.155833458333333,50.577302583333335,6.56296259875,1015.4791666666666,0.0,90.95833333333333
2019-11-15,39.76168,-121.84047,6.0,33.0,Chico-East Avenue,14.90375025,72.22240629166667,9.512320512499999,1020.9708333333333,0.0,37.75
2019-11-16,39.76168,-121.84047,12.5,57.0,Chico-East Avenue,14.626666958333333,59.17394566666667,6.7743789833333325,1019.9208333333332,0.0,26.0
2019-11-17,39.76168,-121.84047,13.0,58.0,Chico-East Avenue,16.212083625,52.381590499999994,5.402241054166667,1019.1291666666666,0.0,40.375
2019-11-18,39.76168,-121.84047,11.9,56.0,Chico-East Avenue,15.878750208333335,46.327979166666665,5.4521623041666665,1015.6875,0.0,31.125
2019-11-19,39.76168,-121.84047,5.6,31.0,Chico-East Avenue,16.941250083333333,45.39377929166667,10.3452262,1007.6333333333333,0.0,47.875
2019-11-20,39.76168,-121.84047,2.5,14.0,Chico-East Avenue,15.932916874999998,38.546018875,18.7213869375,1002.2458333333334,0.0,37.708333333333336
2019-11-21,39.76168,-121.84047,7.4,41.0,Chico-East Avenue,13.066250225,42.50126670833333,8.047844279166666,1007.5500000000001,0.004166666666666667,11.916666666666666
2019-11-22,39.76168,-121.84047,12.5,57.0,Chico-East Avenue,11.470416829166666,66.04627345833333,4.56861735,1018.9875000000001,0.0,1.75
2019-11-23,39.76168,-121.84047,11.9,56.0,Chico-East Avenue,12.068333420833333,56.857571541666665,5.9337633625,1022.7666666666668,0.0,0.16666666666666666
2019-11-24,39.76168,-121.84047,14.7,61.0,Chico-East Avenue,12.205833491666667,45.91150979166667,6.49314585,1021.6958333333333,0.0,14.666666666666666
2019-11-25,39.76168,-121.84047,5.4,30.0,Chico-East Avenue,11.185000245833335,44.914968249999994,12.7523474625,1018.3000000000001,0.0,7.5
2019-11-26,39.76168,-121.84047,7.1,39.0,Chico-East Avenue,7.6537500708333335,40.60749466666667,13.1644052375,1016.4375,0.1125,48.541666666666664
2019-11-27,39.76168,-121.84047,4.5,25.0,Chico-East Avenue,5.4391666625,90.24342666666666,25.484085041666663,997.6374999999999,0.8250000000000001,96.125
2019-11-28,39.76168,-121.84047,4.7,26.0,Chico-East Avenue,5.4350001125,82.380531875,12.2708986875,1002.7541666666666,0.2333333333333333,65.16666666666667
2019-11-29,39.76168,-121.84047,11.2,55.0,Chico-East Avenue,4.455833366666667,72.89183241666667,6.939894554166667,1005.5916666666667,0.0,43.416666666666664
2019-11-30,39.76168,-121.84047,13.0,58.0,Chico-East Avenue,6.2620833625,68.64440383333333,10.128455720833333,1017.2375000000001,0.05000000000000001,74.70833333333333
2019-12-01,39.76168,-121.84047,3.6,20.0,Chico-East Avenue,7.143333379166667,91.57316120833333,4.7959489458333335,1014.9333333333334,1.6333333333333335,99.375
2019-12-02,39.76168,-121.84047,4.1,23.0,Chico-East Avenue,9.785000208333335,94.7238455,3.2229187666666665,1017.8666666666667,1.4458333333333335,99.91666666666667
2019-12-03,39.76168,-121.84047,8.0,44.0,Chico-East Avenue,11.343333695833332,86.65479708333334,6.395471495833333,1020.2875,0.008333333333333333,54.0
2019-12-04,39.76168,-121.84047,17.4,66.0,Chico-East Avenue,11.195416833333333,77.62237975000001,6.445394779166667,1013.2166666666667,0.07083333333333335,83.20833333333333
2019-12-05,39.76168,-121.84047,15.6,63.0,Chico-East Avenue,11.466250166666667,90.866189125,3.6195865541666667,1016.7958333333332,0.07083333333333333,95.5
2019-12-06,39.76168,-121.84047,6.3,35.0,Chico-East Avenue,12.795416916666667,74.49563983333333,10.25558505,1017.375,0.004166666666666667,84.66666666666667
2019-12-07,39.76168,-121.84047,3.2,18.0,Chico-East Avenue,13.793333500000001,85.752314125,22.962209833333333,1012.9833333333332,1.0083333333333335,91.20833333333333
2019-12-08,39.76168,-121.84047,6.7,37.0,Chico-East Avenue,12.424583499999999,91.17148220833333,15.609015216666668,1014.2875,0.6791666666666667,70.33333333333333
2019-12-09,39.76168,-121.84047,15.2,62.0,Chico-East Avenue,8.8891667875,84.18158254166667,5.183522291666667,1020.0333333333333,0.0,9.875
2019-12-10,39.76168,-121.84047,19.2,70.0,Chico-East Avenue,7.591250108333334,84.72194375,3.7245796541666665,1023.8333333333334,0.0,73.625
2019-12-11,39.76168,-121.84047,10.2,53.0,Chico-East Avenue,10.389166916666667,91.57841016666667,6.6937427625,1024.0708333333334,0.15,98.33333333333333
2019-12-12,39.76168,-121.84047,6.8,38.0,Chico-East Avenue,12.307916875000002,90.48143604166667,13.838656916666666,1023.625,0.5583333333333333,99.83333333333333
2019-12-13,39.76168,-121.84047,8.2,46.0,Chico-East Avenue,12.910000291666668,90.12167129166666,10.57196825,1022.9375,0.2333333333333333,96.08333333333333
2019-12-14,39.76168,-121.84047,4.2,23.0,Chico-East Avenue,10.801666833333334,92.71057733333333,10.323367533333334,1016.9291666666667,0.1125,72.625
2019-12-15,39.76168,-121.84047,12.3,57.0,Chico-East Avenue,7.453750195833333,87.30155825000001,5.571509928333334,1018.9250000000001,0.25,41.916666666666664
2019-12-16,39.76168,-121.84047,13.7,60.0,Chico-East Avenue,5.2620833779166665,69.61815566666667,5.251248366666666,1026.3166666666666,0.0,24.958333333333332
2019-12-17,39.76168,-121.84047,17.3,66.0,Chico-East Avenue,5.985000058333334,61.81557145833333,4.9959264875,1025.95,0.0,82.83333333333333
2019-12-18,39.76168,-121.84047,9.6,52.0,Chico-East Avenue,5.562083354166667,73.46342558333333,7.788556387500001,1018.2875,0.32083333333333336,88.79166666666667
2019-12-19,39.76168,-121.84047,9.5,52.0,Chico-East Avenue,8.778750116666666,86.24330487499999,7.549299466666667,1021.1708333333332,0.19999999999999998,99.58333333333333
2019-12-20,39.76168,-121.84047,14.7,61.0,Chico-East Avenue,11.001666875,78.04213354166667,10.431246666666667,1024.05,0.0,97.16666666666667
2019-12-21,39.76168,-121.84047,23.0,77.0,Chico-East Avenue,9.849583416666666,68.94457425,6.743937683333333,1018.3874999999999,0.0,100.0
2019-12-22,39.76168,-121.84047,8.0,44.0,Chico-East Avenue,8.870416795833334,67.890032375,14.112615374999999,1008.6916666666666,0.6333333333333333,90.29166666666667
2019-12-23,39.76168,-121.84047,10.1,53.0,Chico-East Avenue,8.9600001,86.48882358333333,10.943242704166666,1012.3000000000001,0.3,58.541666666666664
2019-12-24,39.76168,-121.84047,14.5,61.0,Chico-East Avenue,6.993333375,84.23473920833334,6.906963483333333,1012.0166666666668,0.0,59.666666666666664
2019-12-25,39.76168,-121.84047,6.4,36.0,Chico-East Avenue,7.024583379166667,86.15618441666668,6.6661458375,1012.5041666666666,0.14583333333333334,98.66666666666667
2019-12-26,39.76168,-121.84047,5.3,29.0,Chico-East Avenue,5.9475000375,76.73983108333333,11.352784025,1012.8874999999999,0.004166666666666667,22.75
2019-12-27,39.76168,-121.84047,15.2,62.0,Chico-East Avenue,5.818333391666666,59.1990185,7.813884983333334,1017.1541666666667,0.0,17.708333333333332
2019-12-28,39.76168,-121.84047,23.2,77.0,Chico-East Avenue,5.549583325,64.84269183333333,4.178616229166667,1019.8583333333332,0.0,14.541666666666666
2019-12-29,39.76168,-121.84047,18.8,69.0,Chico-East Avenue,7.714166879166666,76.78877783333333,8.891246266666666,1020.3249999999999,0.09999999999999999,91.79166666666667
2019-12-30,39.76168,-121.84047,13.8,60.0,Chico-East Avenue,8.0891666375,85.35559183333334,9.7706322875,1019.3083333333334,0.041666666666666664,33.5
2019-12-31,39.76168,-121.84047,13.7,60.0,Chico-East Avenue,9.941250070833334,64.18051929166667,8.244948920833334,1020.9,0.0,28.25
2020-01-01,39.76168,-121.84047,23.5,78.0,Chico-East Avenue,9.674583408333334,81.90041058333334,6.517556125,1020.8708333333334,0.0,77.875
2020-01-02,39.76168,-121.84047,17.0,66.0,Chico-East Avenue,8.447500116666667,80.887659375,6.102358916666667,1019.75,0.0,41.25
2020-01-03,39.76168,-121.84047,23.2,77.0,Chico-East Avenue,9.1870834625,71.71362004166666,6.759747475,1022.2041666666668,0.0,94.75
2020-01-04,39.76168,-121.84047,14.0,60.0,Chico-East Avenue,10.607916791666666,81.90615662500001,9.802181345833334,1026.1833333333334,0.12916666666666668,74.54166666666667
2020-01-05,39.76168,-121.84047,16.3,64.0,Chico-East Avenue,8.653750129166667,86.35159625,4.154699483333333,1031.6916666666666,0.0,41.208333333333336
2020-01-06,39.76168,-121.84047,11.2,55.0,Chico-East Avenue,7.6037500875,65.42198412500001,7.4695742208333336,1032.7791666666667,0.0,4.083333333333333
2020-01-07,39.76168,-121.84047,21.7,74.0,Chico-East Avenue,6.3850001291666665,81.23637754166667,5.271579520833334,1025.8625,0.0,14.958333333333334
2020-01-08,39.76168,-121.84047,20.3,72.0,Chico-East Avenue,8.168333466666667,88.40734683333334,7.908998574999999,1019.6333333333333,0.012500000000000002,76.875
2020-01-09,39.76168,-121.84047,7.5,42.0,Chico-East Avenue,8.916250045833333,83.01212416666667,12.150713829166667,1017.6291666666666,0.16666666666666666,83.375
2020-01-10,39.76168,-121.84047,9.9,52.0,Chico-East Avenue,5.301666675,63.079827625,7.2181491499999995,1023.725,0.0,33.625
2020-01-11,39.76168,-121.84047,9.4,52.0,Chico-East Avenue,9.072500183333334,78.977761375,13.405702254166668,1023.7541666666666,0.12916666666666668,77.16666666666667
2020-01-12,39.76168,-121.84047,7.2,40.0,Chico-East Avenue,6.982916741666667,76.10046304166666,8.353823658333333,1022.275,0.008333333333333333,70.45833333333333
2020-01-13,39.76168,-121.84047,2.9,16.0,Chico-East Avenue,8.464166883333334,82.793024,13.153447145833333,1020.1999999999999,0.17500000000000002,94.41666666666667
2020-01-14,39.76168,-121.84047,5.2,29.0,Chico-East Avenue,8.991250316666667,80.47838525,16.254493645833332,1019.3874999999999,0.11666666666666665,59.958333333333336
2020-01-15,39.76168,-121.84047,11.0,55.0,Chico-East Avenue,6.4183334125,72.970688875,10.440803745833334,1019.875,0.0,88.20833333333333
2020-01-16,39.76168,-121.84047,3.4,19.0,Chico-East Avenue,8.051666745833334,71.84734291666666,21.46639808333333,1010.1166666666667,0.6875,95.5
2020-01-17,39.76168,-121.84047,5.2,29.0,Chico-East Avenue,6.5308333958333336,86.594382125,13.537811408333333,1021.1083333333332,0.10416666666666667,94.33333333333333
2020-01-18,39.76168,-121.84047,7.4,41.0,Chico-East Avenue,5.832916699999999,73.45664558333333,6.520441570833333,1027.6541666666667,0.0,94.04166666666667
2020-01-19,39.76168,-121.84047,19.4,70.0,Chico-East Avenue,7.1579167791666665,68.17684758333333,5.322697833333334,1023.6958333333333,0.0,99.625
2020-01-20,39.76168,-121.84047,22.1,75.0,Chico-East Avenue,7.482916679166667,74.38003270833333,4.181787516666667,1018.2708333333334,0.0,98.0
2020-01-21,39.76168,-121.84047,6.6,37.0,Chico-East Avenue,9.857916916666667,81.32285233333333,15.037362504166666,1017.9,0.4666666666666666,96.25
2020-01-22,39.76168,-121.84047,4.9,27.0,Chico-East Avenue,11.120416708333332,90.186951625,11.745234141666666,1022.5333333333333,0.14583333333333334,96.95833333333333
2020-01-23,39.76168,-121.84047,12.6,58.0,Chico-East Avenue,8.114166725,93.004189125,4.9917116625,1024.3583333333333,0.025000000000000005,81.5
2020-01-24,39.76168,-121.84047,18.1,68.0,Chico-East Avenue,11.064166916666666,88.43213420833332,6.539572270833333,1021.0875,0.16666666666666666,66.125
2020-01-25,39.76168,-121.84047,19.0,69.0,Chico-East Avenue,11.210000125,80.581962125,3.50334683625,1021.0500000000001,0.0,92.625
2020-01-26,39.76168,-121.84047,6.8,38.0,Chico-East Avenue,13.060000208333333,91.64717329166666,13.754690925,1019.5166666666668,0.7166666666666667,93.54166666666667
2020-01-27,39.76168,-121.84047,4.3,24.0,Chico-East Avenue,12.32875025,77.61896800000001,8.953011275,1026.2791666666667,0.004166666666666667,81.5
2020-01-28,39.76168,-121.84047,4.8,27.0,Chico-East Avenue,11.97041675,77.29053108333333,15.591238500000001,1026.5708333333334,0.06666666666666667,89.04166666666667
2020-01-29,39.76168,-121.84047,7.1,39.0,Chico-East Avenue,9.7745834,79.12335900000001,6.8427828250000005,1025.3458333333333,0.0,64.875
2020-01-30,39.76168,-121.84047,8.9,49.0,Chico-East Avenue,12.170416750000001,67.82084029166667,6.878795829166667,1022.725,0.0,83.25
2020-01-31,39.76168,-121.84047,15.4,63.0,Chico-East Avenue,12.251666916666666,69.58791583333333,6.65276065,1025.3291666666667,0.0,83.70833333333333
2020-02-01,39.76168,-121.84047,15.7,63.0,Chico-East Avenue,9.920416658333334,83.42449229166667,4.394699575,1027.0375000000001,0.0,60.708333333333336
2020-02-02,39.76168,-121.84047,7.1,39.0,Chico-East Avenue,11.395416875,66.997642375,13.247685904166666,1019.4416666666666,0.0,76.08333333333333
2020-02-03,39.76168,-121.84047,2.1,12.0,Chico-East Avenue,5.670416686666667,42.363139249999996,15.357779204166667,1020.5166666666668,0.0,1.7083333333333333
2020-02-04,39.76168,-121.84047,5.3,29.0,Chico-East Avenue,6.5037501041666665,35.51626641666667,15.000095208333335,1024.9541666666667,0.0,21.833333333333332
2020-02-05,39.76168,-121.84047,16.6,65.0,Chico-East Avenue,6.310000016666667,54.50566333333333,6.042534450000001,1024.5375000000001,0.0,48.375
2020-02-06,39.76168,-121.84047,22.7,76.0,Chico-East Avenue,8.518333408333334,76.242824,5.024544358333333,1021.9791666666666,0.0,25.666666666666668
2020-02-07,39.76168,-121.84047,19.8,71.0,Chico-East Avenue,9.022499995833334,70.34648941666667,3.047853895833333,1020.4291666666667,0.0,0.4166666666666667
2020-02-08,39.76168,-121.84047,9.1,51.0,Chico-East Avenue,10.032916875,74.2476165,9.5532684375,1018.6666666666666,0.0,3.2916666666666665
2020-02-09,39.76168,-121.84047,1.5,8.0,Chico-East Avenue,10.287083383333334,41.426771625,21.854940916666667,1019.2833333333333,0.0,0.041666666666666664
2020-02-10,39.76168,-121.84047,6.0,33.0,Chico-East Avenue,10.9933334,37.930038833333334,14.21755135,1019.2833333333333,0.0,0.08333333333333333
2020-02-11,39.76168,-121.84047,5.2,29.0,Chico-East Avenue,12.478750158333334,45.968813374999996,11.185764929166666,1019.2624999999999,0.0,1.0833333333333333
2020-02-12,39.76168,-121.84047,8.5,47.0,Chico-East Avenue,11.960000241666668,51.262745625,6.956664604166666,1017.5500000000001,0.0,33.125
2020-02-13,39.76168,-121.84047,11.8,56.0,Chico-East Avenue,10.447500075,52.203080666666665,6.242841133333333,1017.2791666666667,0.0,2.5833333333333335
2020-02-14,39.76168,-121.84047,16.1,64.0,Chico-East Avenue,10.5329168125,69.5316785,7.147103883333333,1018.4791666666666,0.0,26.041666666666668
2020-02-15,39.76168,-121.84047,16.7,65.0,Chico-East Avenue,10.360000058333334,73.22272545833333,3.9104147458333336,1021.3791666666666,0.0,63.583333333333336
2020-02-16,39.76168,-121.84047,12.3,57.0,Chico-East Avenue,12.826666916666667,62.558159499999995,6.0914262500000005,1022.0041666666666,0.0,67.70833333333333
2020-02-17,39.76168,-121.84047,4.4,24.0,Chico-East Avenue,11.045416725,51.47792020833333,12.0112129875,1020.1833333333334,0.0,34.666666666666664
2020-02-18,39.76168,-121.84047,5.1,28.0,Chico-East Avenue,10.928750116666668,43.445004958333335,8.370944970833333,1017.7291666666666,0.0,67.33333333333333
2020-02-19,39.76168,-121.84047,12.3,57.0,Chico-East Avenue,9.2954168875,53.761609625,5.925498762499999,1018.3916666666668,0.0,17.75
2020-02-20,39.76168,-121.84047,14.1,60.0,Chico-East Avenue,10.868333308333334,48.48175975,5.751800725,1020.1374999999999,0.0,86.79166666666667
2020-02-21,39.76168,-121.84047,12.1,57.0,Chico-East Avenue,11.535000070833334,56.16045795833333,5.241320583333334,1019.2916666666666,0.0,81.0
2020-02-22,39.76168,-121.84047,9.9,52.0,Chico-East Avenue,12.001666795833332,52.18393183333333,5.7897781625,1014.8416666666667,0.0,13.833333333333334
2020-02-23,39.76168,-121.84047,10.7,54.0,Chico-East Avenue,12.476666958333333,69.689495125,6.832407945833334,1021.1916666666666,0.0,19.166666666666668
2020-02-24,39.76168,-121.84047,5.5,31.0,Chico-East Avenue,10.899583504166666,68.47001054166667,8.393025341666666,1027.7208333333333,0.0,29.708333333333332
2020-02-25,39.76168,-121.84047,2.5,14.0,Chico-East Avenue,13.972500166666668,34.80522345833334,12.543178316666667,1025.9916666666666,0.0,28.75
2020-02-26,39.76168,-121.84047,7.2,40.0,Chico-East Avenue,13.9475001,44.24471908333334,6.407205491666667,1025.9208333333333,0.0,41.958333333333336
2020-02-27,39.76168,-121.84047,9.4,52.0,Chico-East Avenue,12.707916820833333,61.369218,4.0005240375,1024.3708333333332,0.0,4.083333333333333
2020-02-28,39.76168,-121.84047,11.1,55.0,Chico-East Avenue,13.212083475,60.75021975000001,4.9941931833333335,1020.8000000000001,0.0,62.083333333333336
2020-02-29,39.76168,-121.84047,8.3,46.0,Chico-East Avenue,15.303750208333334,54.121140375,6.793787220833334,1016.0083333333333,0.0,67.58333333333333
2020-03-01,39.76168,-121.84047,2.2,12.0,Chico-East Avenue,11.585000133333333,37.447525166666665,11.284424074999999,1015.0958333333333,0.0,78.33333333333333
2020-03-02,39.76168,-121.84047,2.0,11.0,Chico-East Avenue,12.310000166666667,26.283914999999997,16.664366691666668,1019.6041666666666,0.0,10.125
2020-03-03,39.76168,-121.84047,2.9,16.0,Chico-East Avenue,16.041250208333334,45.40004066666666,13.695729625,1017.3833333333333,0.0,1.9166666666666667
2020-03-04,39.76168,-121.84047,10.0,53.0,Chico-East Avenue,15.430833458333334,49.42104716666666,6.579137691666666,1016.9041666666667,0.0,14.458333333333334
2020-03-05,39.76168,-121.84047,13.2,59.0,Chico-East Avenue,15.366250208333334,52.341492208333335,8.589995541666667,1018.475,0.0,25.666666666666668
2020-03-06,39.76168,-121.84047,8.2,46.0,Chico-East Avenue,15.437083416666667,61.66103091666667,14.608857,1015.2875,0.0,70.375
2020-03-07,39.76168,-121.84047,2.9,16.0,Chico-East Avenue,11.6870835,74.25140625,18.990493833333336,1011.4875000000001,0.225,95.70833333333333
2020-03-08,39.76168,-121.84047,3.1,17.0,Chico-East Avenue,9.632916833333335,84.48158941666667,9.572873720833334,1015.0083333333333,0.08333333333333333,65.75
2020-03-09,39.76168,-121.84047,3.9,22.0,Chico-East Avenue,11.172500266666667,72.5390615,6.450646666666667,1018.7125,0.03333333333333333,88.5
2020-03-10,39.76168,-121.84047,4.3,24.0,Chico-East Avenue,12.27875015,60.237692208333335,9.563756520833333,1017.6875,0.0,1.6666666666666667
2020-03-11,39.76168,-121.84047,5.0,28.0,Chico-East Avenue,15.347500208333335,52.79941887499999,8.049500695833332,1016.1999999999999,0.0,1.9583333333333333
2020-03-12,39.76168,-121.84047,4.7,26.0,Chico-East Avenue,15.024583458333334,58.45672870833334,9.918485333333333,1013.3249999999999,0.0,0.08333333333333333
2020-03-13,39.76168,-121.84047,9.0,50.0,Chico-East Avenue,14.862083458333332,41.525149125,13.834931695833333,1004.9625,0.0,11.416666666666666
2020-03-14,39.76168,-121.84047,3.7,21.0,Chico-East Avenue,11.239166916666667,72.31744041666667,22.837675208333334,1009.7833333333333,0.15,68.875
2020-03-15,39.76168,-121.84047,2.6,14.0,Chico-East Avenue,7.6662500375,84.46068145833333,18.15879914583333,1012.875,0.4375,77.66666666666667
2020-03-16,39.76168,-121.84047,4.3,24.0,Chico-East Avenue,6.391250033333333,82.81332629166667,8.662107212499999,1014.9333333333334,0.1875,95.95833333333333
2020-03-17,39.76168,-121.84047,4.3,24.0,Chico-East Avenue,6.391250033333333,82.81332629166667,8.662107212499999,1014.9333333333334,0.1875,95.95833333333333
2020-03-18,39.76168,-121.84047,2.9,16.0,Chico-East Avenue,7.295416754166666,81.82634695833333,10.867290279166667,1013.525,0.1625,98.91666666666667
2020-03-19,39.76168,-121.84047,4.9,27.0,Chico-East Avenue,6.243333317916666,75.39621241666667,4.222111658333334,1014.5416666666666,0.0,8.208333333333334
2020-03-20,39.76168,-121.84047,3.7,21.0,Chico-East Avenue,9.864166741666667,66.18399883333333,6.482135958333334,1021.475,0.004166666666666667,7.791666666666667
2020-03-21,39.76168,-121.84047,5.8,32.0,Chico-East Avenue,10.255833370833335,63.451139125,5.359101654166667,1020.9916666666667,0.0,2.7916666666666665
2020-03-22,39.76168,-121.84047,4.6,26.0,Chico-East Avenue,12.63916685,64.739425125,7.888799479166667,1019.5166666666668,0.0,2.4583333333333335
2020-03-23,39.76168,-121.84047,5.3,29.0,Chico-East Avenue,12.982916875,61.79661033333334,13.824289475,1014.9416666666666,0.004166666666666667,32.0
2020-03-24,39.76168,-121.84047,2.6,14.0,Chico-East Avenue,10.585000416666666,70.34682008333333,18.6756965,1019.0416666666666,0.15833333333333335,62.125
2020-03-25,39.76168,-121.84047,1.5,8.0,Chico-East Avenue,8.424583379166668,80.60618479166666,9.689857966666667,1017.7916666666666,0.25416666666666665,41.875
2020-03-26,39.76168,-121.84047,4.7,26.0,Chico-East Avenue,7.0787500491666675,67.06306841666667,5.8331019625,1017.0666666666666,0.0,32.291666666666664
2020-03-27,39.76168,-121.84047,4.5,25.0,Chico-East Avenue,8.785000091666667,54.453426875,8.082756483333332,1017.9291666666667,0.0,19.416666666666668
2020-03-28,39.76168,-121.84047,8.6,48.0,Chico-East Avenue,10.903750416666668,60.54055258333333,12.539668083333334,1021.65,0.07916666666666666,86.83333333333333
2020-03-29,39.76168,-121.84047,5.5,31.0,Chico-East Avenue,10.753750083333335,82.52431220833333,10.364138958333333,1020.1125000000001,0.26666666666666666,83.58333333333333
2020-03-30,39.76168,-121.84047,3.9,22.0,Chico-East Avenue,12.803750083333334,67.02452854166667,15.808029958333334,1022.2041666666668,0.0,91.04166666666667
2020-03-31,39.76168,-121.84047,1.7,9.0,Chico-East Avenue,14.537083500000001,65.45110458333333,13.581819479166667,1022.3583333333332,0.004166666666666667,74.58333333333333
2020-04-01,39.76168,-121.84047,1.2,7.0,Chico-East Avenue,12.749583516666666,52.56668104166667,14.928403641666668,1014.9875000000001,0.0,9.541666666666666
2020-04-02,39.76168,-121.84047,1.2,7.0,Chico-East Avenue,10.357916683333334,36.22300095833334,12.044158041666668,1017.1875,0.0,0.0
2020-04-03,39.76168,-121.84047,2.7,15.0,Chico-East Avenue,10.62666685,41.16288716666667,4.511915433333333,1017.0916666666667,0.0,3.4166666666666665
2020-04-04,39.76168,-121.84047,3.5,19.0,Chico-East Avenue,10.891250166666667,58.468166208333336,12.721007870833333,1011.525,0.5083333333333334,50.625
2020-04-05,39.76168,-121.84047,2.6,14.0,Chico-East Avenue,9.93500025,89.920657,20.353660458333334,1004.7375000000001,0.8916666666666666,93.75
2020-04-06,39.76168,-121.84047,3.6,20.0,Chico-East Avenue,9.303750033333333,74.73905708333334,9.168717904166668,1009.0208333333334,0.05833333333333334,77.20833333333333
2020-04-07,39.76168,-121.84047,3.7,21.0,Chico-East Avenue,11.018333408333334,74.10588595833333,5.529603695833334,1017.3083333333334,0.024999999999999998,46.166666666666664
2020-04-08,39.76168,-121.84047,4.0,22.0,Chico-East Avenue,14.628750333333334,60.508097125,10.283803840833334,1013.7041666666668,0.0,21.416666666666668
2020-04-09,39.76168,-121.84047,5.0,28.0,Chico-East Avenue,13.405833458333333,78.12618070833334,11.566003174999999,1015.3333333333334,0.012500000000000002,73.75
2020-04-10,39.76168,-121.84047,3.4,19.0,Chico-East Avenue,14.607916833333334,68.86293870833333,7.958829608333333,1017.1791666666667,0.0,33.5
2020-04-11,39.76168,-121.84047,7.1,39.0,Chico-East Avenue,16.168333541666666,69.55821483333334,8.182387329166668,1015.0,0.0,18.291666666666668
2020-04-12,39.76168,-121.84047,4.4,24.0,Chico-East Avenue,17.416250125,64.99403708333334,10.034462783333334,1014.8416666666667,0.0,51.416666666666664
2020-04-13,39.76168,-121.84047,3.3,18.0,Chico-East Avenue,16.228750166666668,49.585380125,8.950023658333334,1017.1916666666666,0.0,6.541666666666667
2020-04-14,39.76168,-121.84047,2.7,15.0,Chico-East Avenue,15.687083504166667,33.046169791666664,10.994682441666667,1022.5541666666667,0.0,1.25
2020-04-15,39.76168,-121.84047,4.6,26.0,Chico-East Avenue,16.689166958333335,44.02198808333333,5.802700995833334,1018.8625000000001,0.0,20.333333333333332
2020-04-16,39.76168,-121.84047,4.7,26.0,Chico-East Avenue,19.239166666666666,44.07790729166666,9.190718983333333,1011.875,0.0,24.333333333333332
2020-04-17,39.76168,-121.84047,5.7,32.0,Chico-East Avenue,19.132916875,34.11885541666667,9.253757679166666,1010.4791666666666,0.0,50.0
2020-04-18,39.76168,-121.84047,6.1,34.0,Chico-East Avenue,16.307916958333333,61.400223374999996,13.716111904166667,1014.8874999999999,0.0,70.625
2020-04-19,39.76168,-121.84047,4.8,27.0,Chico-East Avenue,16.524583458333336,52.121387166666665,14.364985645833334,1016.6125000000001,0.0,26.208333333333332
2020-04-20,39.76168,-121.84047,6.5,36.0,Chico-East Avenue,15.395416916666667,57.23119458333333,7.0379648625,1017.1041666666666,0.0,79.16666666666667
2020-04-21,39.76168,-121.84047,6.3,35.0,Chico-East Avenue,15.897500208333334,60.43206020833333,6.5529593375,1020.4958333333334,0.0,19.458333333333332
2020-04-22,39.76168,-121.84047,5.4,30.0,Chico-East Avenue,19.672500166666666,49.70960129166667,5.884134866666667,1022.3000000000001,0.0,24.125
2020-04-23,39.76168,-121.84047,2.9,16.0,Chico-East Avenue,21.751666916666665,48.64043858333333,14.037608320833334,1022.0,0.0,18.375
2020-04-24,39.76168,-121.84047,2.7,15.0,Chico-East Avenue,22.370416875,33.479250791666665,12.130319033333334,1018.525,0.0,25.0
2020-04-25,39.76168,-121.84047,4.2,23.0,Chico-East Avenue,23.47458345833333,37.201488875,8.277684216666666,1016.3249999999999,0.0,94.25
2020-04-26,39.76168,-121.84047,6.2,34.0,Chico-East Avenue,22.437083583333333,41.777080500000004,5.133265879166667,1014.4916666666667,0.0,32.791666666666664
2020-04-27,39.76168,-121.84047,3.5,19.0,Chico-East Avenue,22.953750083333333,43.996142625,7.766646645833333,1016.5041666666666,0.0,75.79166666666667
2020-04-28,39.76168,-121.84047,2.2,12.0,Chico-East Avenue,24.63291670833333,40.69334391666667,9.515459904166667,1017.1083333333332,0.0,32.916666666666664
2020-04-29,39.76168,-121.84047,5.9,33.0,Chico-East Avenue,25.69333345833333,41.37767875,10.776963525,1013.5416666666666,0.0,73.5
2020-04-30,39.76168,-121.84047,3.9,22.0,Chico-East Avenue,21.970416874999998,52.90458125,7.696592025,1015.3666666666667,0.0,29.0
2020-05-01,39.76168,-121.84047,5.5,31.0,Chico-East Avenue,21.04125025,34.43371704166667,6.742565429166667,1016.2375000000001,0.0,20.291666666666668
2020-05-02,39.76168,-121.84047,2.6,14.0,Chico-East Avenue,20.56000033333333,41.073867291666666,16.200041083333335,1015.5708333333333,0.0,33.958333333333336
2020-05-03,39.76168,-121.84047,1.7,9.0,Chico-East Avenue,18.705833458333334,43.479750125,10.954591658333333,1019.2708333333334,0.004166666666666667,32.666666666666664
2020-05-04,39.76168,-121.84047,1.7,9.0,Chico-East Avenue,18.705833458333334,43.479750125,10.954591658333333,1019.2708333333334,0.004166666666666667,32.666666666666664
2020-05-05,39.76168,-121.84047,1.7,9.0,Chico-East Avenue,18.705833458333334,43.479750125,10.954591658333333,1019.2708333333334,0.004166666666666667,32.666666666666664
2020-05-06,39.76168,-121.84047,1.7,9.0,Chico-East Avenue,18.705833458333334,43.479750125,10.954591658333333,1019.2708333333334,0.004166666666666667,32.666666666666664
2020-05-07,39.76168,-121.84047,1.7,9.0,Chico-East Avenue,18.705833458333334,43.479750125,10.954591658333333,1019.2708333333334,0.004166666666666667,32.666666666666664
2020-05-08,39.76168,-121.84047,5.6,31.0,Chico-East Avenue,25.237083124999998,20.02987429166667,7.163414895833333,1010.9666666666667,0.0,13.208333333333334
2020-05-09,39.76168,-121.84047,7.5,42.0,Chico-East Avenue,26.401666541666668,26.751326833333334,6.705827133333333,1009.6333333333333,0.0,89.33333333333333
2020-05-10,39.76168,-121.84047,8.2,46.0,Chico-East Avenue,24.601666791666663,33.09836179166667,12.921984908333334,1009.7333333333332,0.0,83.79166666666667
2020-05-11,39.76168,-121.84047,5.0,28.0,Chico-East Avenue,20.601666833333333,36.35317345833334,21.035471958333332,1010.8583333333332,0.016666666666666666,75.70833333333333
2020-05-12,39.76168,-121.84047,2.0,11.0,Chico-East Avenue,15.107916833333334,81.32273733333334,16.321340875,1012.8874999999999,0.75,76.66666666666667
2020-05-13,39.76168,-121.84047,3.5,19.0,Chico-East Avenue,14.843333416666667,61.063139375,15.098397083333333,1015.6166666666667,0.08750000000000001,88.58333333333333
2020-05-14,39.76168,-121.84047,4.6,26.0,Chico-East Avenue,15.0995835,73.71866925,15.144790583333332,1017.9708333333333,0.025000000000000005,74.66666666666667
2020-05-15,39.76168,-121.84047,3.4,19.0,Chico-East Avenue,17.50375025,62.16307129166666,7.8021726,1018.0958333333333,0.0,56.833333333333336
2020-05-16,39.76168,-121.84047,3.3,18.0,Chico-East Avenue,19.418333541666666,47.521543125,9.818760320833333,1013.3249999999999,0.0,95.25
2020-05-17,39.76168,-121.84047,2.9,16.0,Chico-East Avenue,17.6995835,72.74537454166666,19.779430083333335,1008.875,1.1833333333333333,90.08333333333333
2020-05-18,39.76168,-121.84047,2.1,12.0,Chico-East Avenue,15.110000041666666,78.755629,17.904878937499998,1009.6958333333333,0.9541666666666667,64.83333333333333
2020-05-19,39.76168,-121.84047,1.8,10.0,Chico-East Avenue,14.691250291666668,67.048235375,8.6524997375,1014.6208333333334,0.06666666666666667,34.375
2020-05-20,39.76168,-121.84047,3.6,20.0,Chico-East Avenue,16.718333416666667,66.18182154166666,7.0568680779166675,1018.0333333333333,0.02916666666666667,37.916666666666664
2020-05-21,39.76168,-121.84047,2.9,16.0,Chico-East Avenue,18.30375025,57.48571104166666,6.6166623125,1016.5208333333334,0.0,9.958333333333334
2020-05-22,39.76168,-121.84047,1.2,7.0,Chico-East Avenue,19.4558335,48.61366241666667,12.6314847625,1011.6958333333333,0.004166666666666667,24.708333333333332
2020-05-23,39.76168,-121.84047,2.5,14.0,Chico-East Avenue,18.987083666666667,31.78288166666667,13.183899733333334,1013.1416666666668,0.0,12.5
2020-05-24,39.76168,-121.84047,3.4,19.0,Chico-East Avenue,21.524583625,37.83947520833333,8.109734025,1013.3625000000001,0.0,35.375
2020-05-25,39.76168,-121.84047,4.7,26.0,Chico-East Avenue,25.14958316666667,38.59042075,5.406333695833333,1011.3916666666668,0.0,13.375
2020-05-26,39.76168,-121.84047,5.7,32.0,Chico-East Avenue,27.97874979166667,41.84829766666667,4.867490975,1010.1708333333332,0.0,33.0
2020-05-27,39.76168,-121.84047,6.1,34.0,Chico-East Avenue,29.251666416666666,42.55706241666667,5.661855441666667,1009.8583333333332,0.0,41.958333333333336
2020-05-28,39.76168,-121.84047,5.8,32.0,Chico-East Avenue,30.243332666666664,35.490941416666665,8.365149104166667,1009.6,0.0,10.958333333333334
2020-05-29,39.76168,-121.84047,6.6,37.0,Chico-East Avenue,28.58499995833333,36.2765475,9.769784765416667,1008.3333333333334,0.0,53.291666666666664
2020-05-30,39.76168,-121.84047,3.2,18.0,Chico-East Avenue,21.535000166666666,58.23174062499999,19.684765625,1010.8041666666667,0.4708333333333334,77.58333333333333
2020-05-31,39.76168,-121.84047,4.0,22.0,Chico-East Avenue,19.503750083333333,67.124560125,7.583653575,1013.5791666666668,0.12083333333333333,63.458333333333336
2020-06-01,39.76168,-121.84047,5.1,28.0,Chico-East Avenue,22.087083375000002,55.80656575,6.890509654166667,1013.8791666666666,0.0,58.291666666666664
2020-06-02,39.76168,-121.84047,5.2,29.0,Chico-East Avenue,24.295416791666668,45.163172,5.1927177958333335,1013.9833333333332,0.0,0.125
2020-06-03,39.76168,-121.84047,5.3,29.0,Chico-East Avenue,26.857916666666668,39.764581666666665,5.731915983333334,1013.2916666666666,0.0,16.541666666666668
2020-06-04,39.76168,-121.84047,5.9,33.0,Chico-East Avenue,28.993332999999996,34.23840191666667,6.166653125,1008.3625000000001,0.0,38.208333333333336
2020-06-05,39.76168,-121.84047,11.0,55.0,Chico-East Avenue,27.009999958333335,34.590053875,14.076717833333333,1003.0791666666668,0.0,30.25
2020-06-06,39.76168,-121.84047,4.0,22.0,Chico-East Avenue,20.610000208333332,45.66377275,15.696523425,1008.0833333333334,0.020833333333333332,55.375
2020-06-07,39.76168,-121.84047,2.0,11.0,Chico-East Avenue,17.270416958333332,36.224621625000005,12.650179129166666,1015.7958333333332,0.0375,25.0
2020-06-08,39.76168,-121.84047,1.2,7.0,Chico-East Avenue,18.289166875,32.5305329375,10.760407550000002,1020.8208333333333,0.0,8.125
2020-06-09,39.76168,-121.84047,3.0,17.0,Chico-East Avenue,22.76,25.227412,7.096029466666667,1019.8041666666667,0.0,21.625
2020-06-10,39.76168,-121.84047,3.7,21.0,Chico-East Avenue,26.599583291666665,33.143975375000004,5.659466229166667,1015.8708333333334,0.0,33.875
2020-06-11,39.76168,-121.84047,4.0,22.0,Chico-East Avenue,28.61624983333333,28.217698541666667,11.071359879166666,1012.6,0.0,61.833333333333336
2020-06-12,39.76168,-121.84047,3.4,19.0,Chico-East Avenue,25.980833416666666,31.306669041666666,18.767703583333333,1012.2041666666668,0.0,70.5
2020-06-13,39.76168,-121.84047,3.7,21.0,Chico-East Avenue,17.649583583333335,63.56109858333334,15.141580020833333,1016.0291666666667,0.24583333333333335,79.95833333333333
2020-06-14,39.76168,-121.84047,2.4,13.0,Chico-East Avenue,20.570416833333333,43.47386579166667,7.0605589125,1015.2416666666667,0.0,41.958333333333336
2020-06-15,39.76168,-121.84047,3.1,17.0,Chico-East Avenue,22.878750208333333,43.34171520833333,5.313494229166667,1013.4041666666667,0.0,91.5
2020-06-16,39.76168,-121.84047,1.5,8.0,Chico-East Avenue,21.31833345833333,42.04826091666667,11.011952095833331,1013.275,0.0,13.958333333333334
2020-06-17,39.76168,-121.84047,3.3,18.0,Chico-East Avenue,22.824583375,29.670718458333337,15.778697833333334,1015.0833333333334,0.0,0.0
2020-06-18,39.76168,-121.84047,2.5,14.0,Chico-East Avenue,26.343333291666667,20.112337625,12.630442358333333,1012.0,0.0,11.833333333333334
2020-06-19,39.76168,-121.84047,4.7,26.0,Chico-East Avenue,28.128749916666663,21.937119104166666,7.015812470833333,1009.4166666666666,0.0,24.083333333333332
2020-06-20,39.76168,-121.84047,9.1,51.0,Chico-East Avenue,28.726666416666664,31.361003416666666,8.103363754166667,1010.7375000000001,0.0,74.04166666666667
2020-06-21,39.76168,-121.84047,6.9,38.0,Chico-East Avenue,29.43708279166667,32.9431505,6.361884591666667,1011.525,0.0,39.041666666666664
2020-06-22,39.76168,-121.84047,8.8,49.0,Chico-East Avenue,30.070416166666664,35.77996427083333,5.328020041666666,1010.6291666666666,0.0,3.4166666666666665
2020-06-23,39.76168,-121.84047,11.8,56.0,Chico-East Avenue,31.857916291666665,35.144667375000004,8.679744416666667,1009.5,0.0,8.833333333333334
2020-06-24,39.76168,-121.84047,9.3,51.0,Chico-East Avenue,31.32874975,36.4833795,8.663828291666666,1007.2833333333333,0.0,10.291666666666666
2020-06-25,39.76168,-121.84047,11.2,55.0,Chico-East Avenue,33.10583304166666,34.909539708333334,6.8963905541666675,1004.6875,0.0,25.291666666666668
2020-06-26,39.76168,-121.84047,12.9,58.0,Chico-East Avenue,33.70166616666666,34.16208445833333,8.026371175,1006.7083333333334,0.0,9.375
2020-06-27,39.76168,-121.84047,8.9,49.0,Chico-East Avenue,31.316249916666663,35.13552816666667,10.85839935,1006.7916666666666,0.0,15.541666666666666
2020-06-28,39.76168,-121.84047,8.0,44.0,Chico-East Avenue,26.149583250000003,41.916185166666665,11.5220403625,1003.7875,0.0,57.625
2020-06-29,39.76168,-121.84047,2.0,11.0,Chico-East Avenue,24.924583583333334,23.326262312500003,19.483366458333332,1007.4666666666667,0.0,0.125
2020-06-30,39.76168,-121.84047,4.2,23.0,Chico-East Avenue,26.059999958333332,26.193757291666667,6.223860625,1010.6916666666666,0.0,0.0
2020-07-01,39.76168,-121.84047,7.1,39.0,Chico-East Avenue,27.880833208333332,23.499694520833334,6.9815715,1007.8458333333333,0.0,0.0
2020-07-02,39.76168,-121.84047,9.2,51.0,Chico-East Avenue,27.966249541666667,33.37681295833333,8.299705274999999,1007.6416666666668,0.0,6.583333333333333
2020-07-03,39.76168,-121.84047,8.6,48.0,Chico-East Avenue,26.360000041666666,33.091700458333335,11.432220116666668,1012.125,0.0,7.208333333333333
2020-07-04,39.76168,-121.84047,12.3,57.0,Chico-East Avenue,28.087082999999996,26.884210749999998,7.123430983333333,1014.6208333333334,0.0,1.625
2020-07-05,39.76168,-121.84047,7.0,39.0,Chico-East Avenue,28.98708320833333,24.972975208333335,5.2073735125,1013.1833333333334,0.0,0.0
2020-07-06,39.76168,-121.84047,8.7,48.0,Chico-East Avenue,29.701666166666666,24.780444625,6.4111107875,1010.3041666666667,0.0,0.0
2020-07-07,39.76168,-121.84047,7.0,39.0,Chico-East Avenue,27.293333208333333,30.67330941666667,8.700287295833332,1011.2083333333334,0.0,0.0
2020-07-08,39.76168,-121.84047,6.2,34.0,Chico-East Avenue,27.670416833333334,24.300164791666663,5.457269425,1009.6583333333333,0.0,0.0
2020-07-09,39.76168,-121.84047,7.0,39.0,Chico-East Avenue,30.330832875,24.579807833333334,6.656697983333333,1008.975,0.0,0.0
2020-07-10,39.76168,-121.84047,5.9,33.0,Chico-East Avenue,30.824583166666667,26.760602083333335,5.500430533333334,1011.9,0.0,0.0
2020-07-11,39.76168,-121.84047,4.4,24.0,Chico-East Avenue,31.553749375,19.450223875,6.949734529166666,1013.1416666666668,0.0,0.0
2020-07-12,39.76168,-121.84047,5.1,28.0,Chico-East Avenue,32.17041633333333,15.144394104166667,7.275178370833333,1011.4958333333334,0.0,0.0
2020-07-13,39.76168,-121.84047,7.1,39.0,Chico-East Avenue,31.94749966666667,18.165177270833333,8.2217265,1007.6083333333332,0.0,0.0
2020-07-14,39.76168,-121.84047,11.9,56.0,Chico-East Avenue,29.237083166666665,35.383540833333335,7.922208783333333,1009.0875,0.0,0.0
2020-07-15,39.76168,-121.84047,13.3,59.0,Chico-East Avenue,29.86624970833333,33.284680208333334,7.770856362500001,1009.4666666666667,0.0,0.0
2020-07-16,39.76168,-121.84047,9.4,52.0,Chico-East Avenue,29.491249791666664,35.336164875,8.957175554166666,1008.6541666666667,0.0,0.041666666666666664
2020-07-17,39.76168,-121.84047,6.8,38.0,Chico-East Avenue,28.689166416666666,36.394431625,10.632554345833332,1010.4125,0.0,0.4166666666666667
2020-07-18,39.76168,-121.84047,8.9,49.0,Chico-East Avenue,29.057916333333335,34.964998333333334,8.801436691666668,1012.0625,0.0,0.041666666666666664
2020-07-19,39.76168,-121.84047,11.6,56.0,Chico-East Avenue,30.943333208333332,30.498958083333335,7.687814320833334,1011.0833333333334,0.0,0.20833333333333334
2020-07-20,39.76168,-121.84047,8.0,44.0,Chico-East Avenue,29.159999875,37.594424958333335,9.904552529166667,1011.6583333333333,0.0,4.125
2020-07-21,39.76168,-121.84047,8.5,47.0,Chico-East Avenue,28.262082958333334,39.775351791666665,9.061917033333334,1009.2833333333333,0.0,3.0833333333333335
2020-07-22,39.76168,-121.84047,7.8,43.0,Chico-East Avenue,27.80999975,36.864477916666665,10.470996366666666,1007.2208333333333,0.0,18.916666666666668
2020-07-23,39.76168,-121.84047,6.7,37.0,Chico-East Avenue,27.414166791666663,33.86225958333333,7.9585910125,1008.6833333333334,0.0,8.625
2020-07-24,39.76168,-121.84047,8.4,47.0,Chico-East Avenue,29.197499708333336,32.31894833333333,8.987212925,1008.9333333333334,0.0,3.875
2020-07-25,39.76168,-121.84047,8.5,47.0,Chico-East Avenue,28.755833125,34.248172000000004,8.160706316666667,1010.025,0.0,5.708333333333333
2020-07-26,39.76168,-121.84047,10.5,54.0,Chico-East Avenue,30.539166541666663,27.659504875,7.471808233333333,1010.1999999999999,0.0,9.291666666666666
2020-07-27,39.76168,-121.84047,8.4,47.0,Chico-East Avenue,31.62458295833333,28.154777999999997,8.605493079166667,1009.8000000000001,0.0,32.166666666666664
2020-07-28,39.76168,-121.84047,9.9,52.0,Chico-East Avenue,31.730832666666668,27.6831241875,7.783090920833334,1009.0416666666666,0.0,0.2916666666666667
2020-07-29,39.76168,-121.84047,8.3,46.0,Chico-East Avenue,31.268332625,26.429044,10.2822217125,1008.9416666666666,0.0,0.0
2020-07-30,39.76168,-121.84047,8.3,46.0,Chico-East Avenue,31.268332625,26.429044,10.2822217125,1008.9416666666666,0.0,0.0
2020-07-31,39.76168,-121.84047,8.3,46.0,Chico-East Avenue,31.268332625,26.429044,10.2822217125,1008.9416666666666,0.0,0.0
2020-08-01,39.76168,-121.84047,6.5,36.0,Chico-East Avenue,29.149582666666664,20.155092875,6.805192483333333,1013.2624999999999,0.0,0.2916666666666667
2020-08-02,39.76168,-121.84047,7.0,39.0,Chico-East Avenue,30.084999916666664,21.216921833333334,7.087294033333333,1013.1041666666666,0.0,15.666666666666666
2020-08-03,39.76168,-121.84047,7.7,43.0,Chico-East Avenue,31.4599995,23.398457124999997,6.607220975000001,1013.2666666666668,0.0,0.9583333333333334
2020-08-04,39.76168,-121.84047,6.9,38.0,Chico-East Avenue,29.83499970833333,31.69787691666667,7.0288427987499995,1011.7083333333334,0.0,0.0
2020-08-05,39.76168,-121.84047,8.0,44.0,Chico-East Avenue,27.184999708333333,41.73737258333333,11.365396070833333,1010.3041666666667,0.0,0.4166666666666667
2020-08-06,39.76168,-121.84047,8.2,46.0,Chico-East Avenue,24.166249958333335,49.19152879166666,9.301856899999999,1010.6916666666666,0.0,0.3333333333333333
2020-08-07,39.76168,-121.84047,7.7,43.0,Chico-East Avenue,28.116249749999998,38.933514708333334,7.551821749999999,1010.2916666666666,0.0,0.041666666666666664
2020-08-08,39.76168,-121.84047,8.8,49.0,Chico-East Avenue,29.880833125,34.08821641666667,7.2925104958333336,1011.2208333333333,0.0,0.7916666666666666
2020-08-09,39.76168,-121.84047,8.9,49.0,Chico-East Avenue,31.35791625,32.16880770833333,8.576864345833334,1010.9041666666667,0.0,1.2916666666666667
2020-08-10,39.76168,-121.84047,10.5,54.0,Chico-East Avenue,32.757916333333334,30.273491875,8.236414883333333,1009.3208333333333,0.0,0.6666666666666666
2020-08-11,39.76168,-121.84047,7.2,40.0,Chico-East Avenue,29.268332791666666,37.523944166666666,12.705932854166667,1009.2458333333334,0.0,11.208333333333334
2020-08-12,39.76168,-121.84047,8.0,44.0,Chico-East Avenue,28.326666291666665,36.815737479166664,12.067896166666666,1010.4625,0.0,0.0
2020-08-13,39.76168,-121.84047,6.5,36.0,Chico-East Avenue,31.33083275,23.982413249999997,10.018264904166667,1010.8916666666668,0.0,0.0
2020-08-14,39.76168,-121.84047,5.3,29.0,Chico-East Avenue,32.73083304166666,20.317315333333333,8.414243591666667,1011.5375,0.0,39.416666666666664
2020-08-15,39.76168,-121.84047,4.7,26.0,Chico-East Avenue,34.37249954166666,24.787291166666666,5.512715920833333,1009.6458333333334,0.0,17.5
2020-08-16,39.76168,-121.84047,5.7,32.0,Chico-East Avenue,35.818332416666664,22.83248654166667,9.011239470833333,1010.4333333333334,0.0,74.66666666666667
2020-08-17,39.76168,-121.84047,8.8,49.0,Chico-East Avenue,33.343332833333335,28.2437295,9.030842070833334,1011.9499999999999,0.0,71.125
2020-08-18,39.76168,-121.84047,25.6,82.0,Chico-East Avenue,33.839166416666664,27.530607708333335,6.328753775,1012.6333333333333,0.0,82.375
2020-08-19,39.76168,-121.84047,39.2,110.0,Chico-East Avenue,34.2620825,25.021588112499998,6.317686345833334,1010.6750000000001,0.0,56.708333333333336
2020-08-20,39.76168,-121.84047,81.8,169.0,Chico-East Avenue,30.855832625,15.459347895833334,7.5222066791666675,1009.4499999999999,0.0,14.583333333333334
2020-08-21,39.76168,-121.84047,134.3,210.0,Chico-East Avenue,29.266249958333333,19.074820291666665,5.919331183333334,1008.6,0.0,0.0
2020-08-22,39.76168,-121.84047,118.5,195.0,Chico-East Avenue,30.499582916666668,28.009885291666667,5.731683216666667,1009.1999999999999,0.0,1.5416666666666667
2020-08-23,39.76168,-121.84047,92.3,177.0,Chico-East Avenue,31.44958325,26.156655291666667,8.259385845833334,1008.8625000000001,0.0,24.541666666666668
2020-08-24,39.76168,-121.84047,77.1,166.0,Chico-East Avenue,31.732916,22.337170458333333,8.482637266666666,1008.6916666666666,0.0,52.5
2020-08-25,39.76168,-121.84047,73.5,164.0,Chico-East Avenue,30.153749916666666,31.560360708333334,7.166302791666666,1008.1625,0.0,12.0
2020-08-26,39.76168,-121.84047,44.7,124.0,Chico-East Avenue,30.24333295833333,37.452761625,8.355163987500001,1007.4583333333334,0.0,3.1666666666666665
2020-08-27,39.76168,-121.84047,26.5,83.0,Chico-East Avenue,28.872499875,37.43950591666667,7.964270545833333,1006.9708333333333,0.0,3.25
2020-08-28,39.76168,-121.84047,40.6,114.0,Chico-East Avenue,28.972499874999997,31.362458,5.512432566666667,1006.6333333333333,0.0,1.0416666666666667
2020-08-29,39.76168,-121.84047,54.2,147.0,Chico-East Avenue,29.64333308333333,34.156984666666666,7.516279708333333,1007.6583333333333,0.0,0.5833333333333334
2020-08-30,39.76168,-121.84047,35.5,101.0,Chico-East Avenue,29.241249874999998,35.20928766666667,7.888945341666666,1008.5041666666666,0.0,0.6666666666666666
2020-08-31,39.76168,-121.84047,32.3,94.0,Chico-East Avenue,29.764166291666665,28.571673708333336,5.841511754166667,1007.4333333333334,0.0,14.125
2020-09-01,39.76168,-121.84047,20.0,71.0,Chico-East Avenue,30.232916416666665,20.4979005,7.231630354166666,1008.8791666666666,0.0,33.583333333333336
2020-09-02,39.76168,-121.84047,27.6,85.0,Chico-East Avenue,27.795416291666665,40.465300500000005,7.214308066666667,1013.3041666666667,0.0,0.0
2020-09-03,39.76168,-121.84047,26.2,83.0,Chico-East Avenue,27.466249958333332,42.35707366666667,5.491516154166667,1014.15,0.0,0.0
2020-09-04,39.76168,-121.84047,30.3,90.0,Chico-East Avenue,29.095416333333333,37.11592075,6.208613,1012.7375000000001,0.0,0.0
2020-09-05,39.76168,-121.84047,39.6,111.0,Chico-East Avenue,31.391249875,25.756277333333333,7.045719508333334,1012.9333333333334,0.0,0.0
2020-09-06,39.76168,-121.84047,47.4,130.0,Chico-East Avenue,33.832916125,20.167896541666668,6.9501882833333335,1013.2375000000001,0.0,0.0
2020-09-07,39.76168,-121.84047,50.4,138.0,Chico-East Avenue,34.834999333333336,18.326186008333334,6.707559441666667,1009.375,0.0,0.0
2020-09-08,39.76168,-121.84047,34.8,99.0,Chico-East Avenue,32.255832833333336,15.526621583333332,8.5204988625,1005.3833333333333,0.0,15.041666666666666
2020-09-09,39.76168,-121.84047,42.5,118.0,Chico-East Avenue,29.137083208333333,11.488018779166666,8.5787054375,1006.8791666666666,0.0,3.0
2020-09-10,39.76168,-121.84047,127.3,203.0,Chico-East Avenue,25.99124995833333,21.797350624999996,6.872822674999999,1013.0041666666666,0.0,0.0
2020-09-11,39.76168,-121.84047,124.6,199.0,Chico-East Avenue,25.74333329166667,27.574325333333334,6.0071766166666665,1015.5625,0.0,0.0
2020-09-12,39.76168,-121.84047,227.6,305.0,Chico-East Avenue,25.366249749999998,26.070758958333332,5.024471904166666,1012.8000000000001,0.0,0.0
2020-09-13,39.76168,-121.84047,329.3,508.0,Chico-East Avenue,26.19958325,20.63604404166667,5.5029152041666665,1010.9208333333332,0.0,0.0
2020-09-14,39.76168,-121.84047,169.8,245.0,Chico-East Avenue,26.397500041666664,30.33947125,8.66160775,1012.4708333333333,0.0,14.791666666666666
2020-09-15,39.76168,-121.84047,67.7,160.0,Chico-East Avenue,26.691250041666667,28.021725916666668,7.276081325,1015.2875,0.0,0.0
2020-09-16,39.76168,-121.84047,58.9,153.0,Chico-East Avenue,26.653749833333332,26.34739675,7.2883324375,1015.2666666666668,0.0,0.0
2020-09-17,39.76168,-121.84047,50.3,137.0,Chico-East Avenue,25.793333333333333,29.469503833333334,8.556185445833334,1013.2875,0.0,0.0
2020-09-18,39.76168,-121.84047,15.0,62.0,Chico-East Avenue,25.280833625,42.828061166666664,16.685196833333332,1012.7458333333334,0.0,21.125
2020-09-19,39.76168,-121.84047,20.0,71.0,Chico-East Avenue,24.526666875,40.254591291666664,9.685564362500001,1013.9458333333333,0.0,8.416666666666666
2020-09-20,39.76168,-121.84047,51.9,141.0,Chico-East Avenue,24.232916666666668,30.950243208333333,5.923502354166666,1011.3041666666667,0.0,7.583333333333333
2020-09-21,39.76168,-121.84047,69.7,161.0,Chico-East Avenue,25.847500125,29.421303166666664,7.291115175000001,1010.8874999999999,0.0,9.708333333333334
2020-09-22,39.76168,-121.84047,22.3,76.0,Chico-East Avenue,25.518333583333334,36.252044,11.335926570833331,1012.8958333333334,0.0,39.0
2020-09-23,39.76168,-121.84047,27.2,85.0,Chico-East Avenue,24.853750208333334,32.555537083333334,8.2262808,1016.0749999999999,0.0,61.541666666666664
2020-09-24,39.76168,-121.84047,8.6,48.0,Chico-East Avenue,25.232916833333334,41.72440233333334,8.495197841666666,1015.0916666666667,0.0,13.166666666666666
2020-09-25,39.76168,-121.84047,8.3,46.0,Chico-East Avenue,24.526666791666667,45.77891366666666,6.129063954166667,1013.8291666666668,0.0,53.791666666666664
2020-09-26,39.76168,-121.84047,16.2,64.0,Chico-East Avenue,26.116250124999997,39.592378208333336,12.7974415375,1015.0708333333333,0.0,48.916666666666664
2020-09-27,39.76168,-121.84047,4.3,24.0,Chico-East Avenue,27.43291675,28.459286604166667,18.19790675,1013.4958333333334,0.0,21.416666666666668
2020-09-28,39.76168,-121.84047,6.7,37.0,Chico-East Avenue,28.289166749999996,17.202459041666668,10.322420458333333,1013.6958333333333,0.0,0.0
2020-09-29,39.76168,-121.84047,46.6,128.0,Chico-East Avenue,28.92875008333333,15.315372916666666,8.1409256375,1013.9625,0.0,0.0
2020-09-30,39.76168,-121.84047,50.4,138.0,Chico-East Avenue,27.407916375,21.519290833333333,6.5240537,1016.2875,0.0,0.0
2020-10-01,39.76168,-121.84047,75.9,165.0,Chico-East Avenue,30.041250083333335,15.9718000625,7.6231656125,1014.5458333333332,0.0,0.0
2020-10-02,39.76168,-121.84047,59.9,154.0,Chico-East Avenue,28.007916624999996,19.3868683125,5.390104429166667,1013.775,0.0,0.0
2020-10-03,39.76168,-121.84047,76.6,166.0,Chico-East Avenue,27.203750208333332,20.690355916666665,5.1530804625,1011.8916666666668,0.0,0.0
2020-10-04,39.76168,-121.84047,68.0,160.0,Chico-East Avenue,26.441249958333334,21.490763104166664,5.970353233333333,1012.4833333333332,0.0,0.0
2020-10-05,39.76168,-121.84047,37.7,106.0,Chico-East Avenue,25.064166625,21.127281333333332,5.94502615,1015.0291666666667,0.0,0.0
2020-10-06,39.76168,-121.84047,23.0,77.0,Chico-East Avenue,24.043333208333333,21.033394208333334,4.778657591666667,1014.8208333333333,0.0,4.333333333333333
2020-10-07,39.76168,-121.84047,27.5,85.0,Chico-East Avenue,25.19333358333333,17.321444833333334,7.022008033333333,1011.7083333333334,0.0,35.041666666666664
2020-10-08,39.76168,-121.84047,24.5,80.0,Chico-East Avenue,22.13083358333333,31.797075583333335,8.137493454166666,1011.2458333333334,0.0,65.41666666666667
2020-10-09,39.76168,-121.84047,22.2,75.0,Chico-East Avenue,19.147500125,52.07945866666666,6.7949646249999995,1013.2041666666668,0.0,16.125
2020-10-10,39.76168,-121.84047,10.7,54.0,Chico-East Avenue,20.155833416666667,50.93378895833334,11.507373800000002,1012.7583333333333,0.041666666666666664,62.25
2020-10-11,39.76168,-121.84047,4.3,24.0,Chico-East Avenue,20.118333500000002,54.95773889583333,11.027870258333332,1016.8083333333334,0.041666666666666664,34.75
2020-10-12,39.76168,-121.84047,6.6,37.0,Chico-East Avenue,21.74333366666667,27.963306583333335,8.042103883333334,1018.6166666666667,0.0,0.8333333333333334
2020-10-13,39.76168,-121.84047,9.0,50.0,Chico-East Avenue,22.67041675,33.954382208333335,5.534038220833334,1017.3958333333334,0.0,20.583333333333332
2020-10-14,39.76168,-121.84047,3.9,22.0,Chico-East Avenue,25.585000291666663,34.87170308333334,14.669635520833333,1018.4833333333332,0.0,0.16666666666666666
2020-10-15,39.76168,-121.84047,5.0,28.0,Chico-East Avenue,26.568333291666665,18.1642048125,14.813843666666665,1017.1458333333334,0.0,0.0
2020-10-16,39.76168,-121.84047,3.2,18.0,Chico-East Avenue,26.116249916666664,17.580653895833333,10.826003475,1016.1833333333334,0.0,0.0
2020-10-17,39.76168,-121.84047,6.5,36.0,Chico-East Avenue,25.50791658333333,19.52435822916667,6.262845254166667,1013.4125,0.0,1.375
2020-10-18,39.76168,-121.84047,4.8,27.0,Chico-East Avenue,24.05374995833333,31.086843708333333,4.701848958333334,1014.0541666666667,0.0,8.541666666666666
2020-10-19,39.76168,-121.84047,5.8,32.0,Chico-East Avenue,23.14958366666667,28.399299,5.057963354166667,1014.4791666666666,0.0,4.875
2020-10-20,39.76168,-121.84047,3.7,21.0,Chico-East Avenue,23.305833458333336,24.637983895833333,7.1623750875,1011.975,0.0,0.08333333333333333
2020-10-21,39.76168,-121.84047,5.9,33.0,Chico-East Avenue,23.187083375,30.894436125,6.163466354166666,1009.2833333333333,0.0,22.041666666666668
2020-10-22,39.76168,-121.84047,7.2,40.0,Chico-East Avenue,20.730833458333333,28.71971483333333,12.0046439375,1009.5291666666667,0.0,14.875
2020-10-23,39.76168,-121.84047,6.7,37.0,Chico-East Avenue,18.61000041666667,18.285706458333333,8.957155370833334,1012.6,0.0,38.375
2020-10-24,39.76168,-121.84047,8.6,48.0,Chico-East Avenue,17.674583666666667,29.279061791666667,6.699180970833333,1014.0833333333334,0.0,3.375
2020-10-25,39.76168,-121.84047,6.8,38.0,Chico-East Avenue,16.40375020833333,44.94263270833333,9.770550841666667,1013.2333333333332,0.0,1.625
2020-10-26,39.76168,-121.84047,5.7,32.0,Chico-East Avenue,14.426666916666667,10.667560491666668,15.435921708333334,1021.8791666666666,0.0,4.75
2020-10-27,39.76168,-121.84047,7.0,39.0,Chico-East Avenue,17.939166708333335,15.84684925,9.33558105,1020.6333333333333,0.0,23.375
2020-10-28,39.76168,-121.84047,11.9,56.0,Chico-East Avenue,17.795416791666668,25.227191041666668,5.406002291666667,1018.5333333333333,0.0,0.0
2020-10-29,39.76168,-121.84047,16.1,64.0,Chico-East Avenue,16.199583625,29.30404525,4.8370589125,1017.9541666666668,0.0,0.0
2020-10-30,39.76168,-121.84047,17.0,66.0,Chico-East Avenue,16.797500291666665,29.9681465,4.2254479625,1017.1666666666666,0.0,1.4166666666666667
2020-10-31,39.76168,-121.84047,20.7,73.0,Chico-East Avenue,17.360000250000002,28.52819925,4.4761191125,1017.8791666666666,0.0,4.458333333333333
2020-11-01,39.76168,-121.84047,15.3,63.0,Chico-East Avenue,17.937083583333333,32.63462245833333,4.3572363166666666,1019.8958333333334,0.0,10.875
2020-11-02,39.76168,-121.84047,11.5,55.0,Chico-East Avenue,18.247500291666665,29.84906608333333,3.8610883333333335,1019.3166666666666,0.0,0.25
2020-11-03,39.76168,-121.84047,11.6,56.0,Chico-East Avenue,18.716250166666665,25.22091491666667,5.911047779166666,1016.7208333333333,0.0,0.0
2020-11-04,39.76168,-121.84047,14.4,61.0,Chico-East Avenue,17.705833541666667,26.192212583333333,4.489531277916666,1020.4416666666666,0.0,0.0
2020-11-05,39.76168,-121.84047,13.6,59.0,Chico-East Avenue,18.297500041666666,36.89659025,5.058936916666666,1020.85,0.0,0.0
2020-11-06,39.76168,-121.84047,4.6,26.0,Chico-East Avenue,17.426666875,38.25345745833334,11.184236216666667,1007.9333333333334,0.041666666666666664,43.0
2020-11-07,39.76168,-121.84047,3.6,20.0,Chico-East Avenue,10.920416808333334,52.08195741666666,6.306927758333334,1005.1791666666667,0.0,36.5
2020-11-08,39.76168,-121.84047,1.9,11.0,Chico-East Avenue,10.453750095833334,50.66735325,12.463889091666667,1006.4041666666667,0.012499999999999999,34.125
2020-11-09,39.76168,-121.84047,7.7,43.0,Chico-East Avenue,8.124583395833334,33.56105866666667,10.065908258333334,1017.6583333333333,0.0,25.625
2020-11-10,39.76168,-121.84047,12.6,58.0,Chico-East Avenue,7.378749979166667,40.726177666666665,3.6943234875,1024.0541666666666,0.0,26.333333333333332
2020-11-11,39.76168,-121.84047,17.2,66.0,Chico-East Avenue,9.745416791666667,47.10381025,6.333091208333333,1019.9583333333334,0.0,54.875
2020-11-12,39.76168,-121.84047,25.7,82.0,Chico-East Avenue,7.7100000416666665,56.246827708333335,4.861147308333333,1018.475,0.0,24.291666666666668
2020-11-13,39.76168,-121.84047,10.7,54.0,Chico-East Avenue,10.903750125,59.77883966666667,17.492235383333334,1017.5041666666666,0.4916666666666667,84.66666666666667
2020-11-14,39.76168,-121.84047,10.4,53.0,Chico-East Avenue,9.564166741666666,75.96116570833333,9.0454570375,1022.725,0.12083333333333333,36.625
2020-11-15,39.76168,-121.84047,8.2,46.0,Chico-East Avenue,10.987083462500001,58.42727216666666,7.735207229166666,1024.9375,0.0,38.791666666666664
2020-11-16,39.76168,-121.84047,14.3,61.0,Chico-East Avenue,12.28291685,71.90580233333334,5.2978158875,1021.25,0.0,66.5
2020-11-17,39.76168,-121.84047,12.7,58.0,Chico-East Avenue,13.8995835,61.275574750000004,14.7571422875,1011.3416666666667,0.3416666666666666,87.25
2020-11-18,39.76168,-121.84047,3.3,18.0,Chico-East Avenue,13.099583500000001,91.69682141666665,19.732328125,1013.3041666666667,0.5291666666666667,85.16666666666667
2020-11-19,39.76168,-121.84047,5.0,28.0,Chico-East Avenue,11.893333624999999,77.74119566666667,10.9803044625,1023.3458333333333,0.0,43.416666666666664
2020-11-20,39.76168,-121.84047,10.9,54.0,Chico-East Avenue,9.914166783333334,53.24186375,10.340546245833334,1024.3875,0.0,11.541666666666666
2020-11-21,39.76168,-121.84047,20.6,72.0,Chico-East Avenue,9.591250145833333,52.05778945833333,7.900784329166666,1023.3166666666666,0.0,0.0
2020-11-22,39.76168,-121.84047,19.6,71.0,Chico-East Avenue,10.5662501875,47.02282416666667,5.334788225,1018.7833333333333,0.0,71.625
2020-11-23,39.76168,-121.84047,15.0,62.0,Chico-East Avenue,10.6204168,62.058669458333334,6.921163320833333,1015.975,0.0,31.166666666666668
2020-11-24,39.76168,-121.84047,9.4,52.0,Chico-East Avenue,9.874583424999999,58.46772408333333,6.196649874999999,1018.0791666666668,0.0,0.4583333333333333
2020-11-25,39.76168,-121.84047,6.5,36.0,Chico-East Avenue,11.5037501125,59.221165125,10.985696366666666,1020.2875,0.0,12.166666666666666
2020-11-26,39.76168,-121.84047,5.1,28.0,Chico-East Avenue,10.020416745833334,44.89432920833334,14.196120479166666,1025.0083333333334,0.0,1.4166666666666667
2020-11-27,39.76168,-121.84047,12.1,57.0,Chico-East Avenue,9.841250158333333,38.456489375,7.8570379374999995,1024.3708333333334,0.0,7.125
2020-11-28,39.76168,-121.84047,20.4,72.0,Chico-East Avenue,8.997500054166666,51.17401475,6.382694616666666,1024.8374999999999,0.0,0.6666666666666666
2020-11-29,39.76168,-121.84047,34.5,98.0,Chico-East Avenue,8.962083541666667,53.813955125,4.046569545833333,1022.7166666666667,0.0,60.166666666666664
2020-11-30,39.76168,-121.84047,23.3,77.0,Chico-East Avenue,8.799583525000001,54.251148916666665,3.750793470833333,1024.25,0.0,15.75
2020-12-01,39.76168,-121.84047,16.1,64.0,Chico-East Avenue,10.332916870833333,51.43006308333333,7.8142631875,1023.6541666666667,0.0,0.5
2020-12-02,39.76168,-121.84047,18.8,69.0,Chico-East Avenue,11.520416891666665,42.911596,6.5785453291666665,1020.5958333333333,0.0,0.0
2020-12-03,39.76168,-121.84047,24.2,79.0,Chico-East Avenue,10.939166829166666,41.076864875,5.1931924291666665,1022.6958333333333,0.0,23.666666666666668
2020-12-04,39.76168,-121.84047,27.5,85.0,Chico-East Avenue,10.024583550000001,51.533081458333335,4.579553479166667,1025.6541666666667,0.0,52.916666666666664
2020-12-05,39.76168,-121.84047,27.5,85.0,Chico-East Avenue,9.851666729166666,44.404850333333336,5.376494927916667,1023.7583333333333,0.0,8.458333333333334
2020-12-06,39.76168,-121.84047,10.1,53.0,Chico-East Avenue,11.789166920833333,47.16717275,10.260652166666667,1025.575,0.0,39.083333333333336
2020-12-07,39.76168,-121.84047,7.4,41.0,Chico-East Avenue,13.737083666666669,40.094329375,14.319159283333335,1024.5125,0.0,2.375
2020-12-08,39.76168,-121.84047,18.4,68.0,Chico-East Avenue,13.562083487499999,27.170349958333333,6.996234254166667,1022.7666666666668,0.0,0.0
2020-12-09,39.76168,-121.84047,16.1,64.0,Chico-East Avenue,10.780833545833334,43.98318304166667,7.260017979166666,1020.5208333333334,0.0,35.833333333333336
2020-12-10,39.76168,-121.84047,20.7,73.0,Chico-East Avenue,11.974583541666668,49.570252458333336,8.170853608333333,1016.0458333333332,0.0,24.25
2020-12-11,39.76168,-121.84047,18.2,68.0,Chico-East Avenue,8.147500104166667,57.290686,6.413584729166666,1019.8375,0.008333333333333333,49.041666666666664
2020-12-12,39.76168,-121.84047,8.2,46.0,Chico-East Avenue,9.730833445833333,76.43278883333333,12.0697539125,1019.6999999999999,0.09166666666666666,86.33333333333333
2020-12-13,39.76168,-121.84047,8.6,48.0,Chico-East Avenue,8.822500145833333,74.96509908333333,10.622173887499999,1021.5791666666668,0.5333333333333333,94.83333333333333
2020-12-14,39.76168,-121.84047,8.3,46.0,Chico-East Avenue,8.432916741666666,85.29141679166666,9.31525285,1022.9416666666666,0.3,31.75
2020-12-15,39.76168,-121.84047,18.7,69.0,Chico-East Avenue,6.164166691666666,63.072708375,4.931701866666667,1025.8666666666666,0.0,57.666666666666664
2020-12-16,39.76168,-121.84047,18.0,68.0,Chico-East Avenue,6.430833375,78.34748633333334,5.4119443333333335,1025.9375,0.0,69.875
2020-12-17,39.76168,-121.84047,8.0,44.0,Chico-East Avenue,10.005833583333333,83.66451208333334,11.829027662500001,1016.7458333333334,0.9708333333333333,75.33333333333333
2020-12-18,39.76168,-121.84047,12.1,57.0,Chico-East Avenue,7.382916683333334,62.698879625,7.668801537499999,1023.4458333333333,0.0,9.583333333333334
2020-12-19,39.76168,-121.84047,26.0,82.0,Chico-East Avenue,7.137083370833333,73.040679,4.923421457083333,1028.7833333333333,0.0,54.125
2020-12-20,39.76168,-121.84047,39.5,111.0,Chico-East Avenue,6.437083425,69.24973358333334,3.2789221125,1027.9416666666666,0.0,57.791666666666664
2020-12-21,39.76168,-121.84047,28.5,87.0,Chico-East Avenue,7.374583383333333,73.94494541666667,3.8420402241666665,1021.1125000000001,0.0,66.75
2020-12-22,39.76168,-121.84047,14.7,61.0,Chico-East Avenue,7.9495835,83.37635104166667,8.626286979166666,1020.2624999999999,0.025000000000000005,42.875
2020-12-23,39.76168,-121.84047,10.8,54.0,Chico-East Avenue,7.760000133333333,48.177945208333334,11.164359666666668,1024.225,0.0,16.875
2020-12-24,39.76168,-121.84047,34.1,98.0,Chico-East Avenue,6.072500116666667,49.48368504166667,6.7768035,1026.1583333333333,0.0,63.416666666666664
2020-12-25,39.76168,-121.84047,15.8,63.0,Chico-East Avenue,7.662083358333334,62.84548645833333,9.4698908125,1021.15,0.15,85.41666666666667
2020-12-26,39.76168,-121.84047,5.9,33.0,Chico-East Avenue,10.026666833333334,87.32700116666666,18.177676270833334,1019.725,0.5333333333333333,65.79166666666667
2020-12-27,39.76168,-121.84047,7.9,44.0,Chico-East Avenue,7.485000079166667,73.92573341666666,6.495976316666667,1018.3708333333334,0.0,87.54166666666667
2020-12-28,39.76168,-121.84047,12.6,58.0,Chico-East Avenue,7.272500158333333,63.38655125,5.985397132083333,1010.0458333333332,0.012500000000000002,77.875
2020-12-29,39.76168,-121.84047,14.0,60.0,Chico-East Avenue,5.782916785,69.01799150000001,5.148409741666667,1020.1916666666666,0.012500000000000002,34.708333333333336
2020-12-30,39.76168,-121.84047,21.7,74.0,Chico-East Avenue,5.7100000416666665,60.34126558333333,7.322927808333333,1026.5125,0.016666666666666666,73.83333333333333
2020-12-31,39.76168,-121.84047,12.9,58.0,Chico-East Avenue,8.732916729166666,74.81502433333334,12.777434654166667,1022.5375,0.14583333333333334,65.66666666666667
2021-01-01,39.76168,-121.84047,23.1,77.0,Chico-East Avenue,7.135000004166667,67.13214458333333,9.1699938875,1020.9375,0.0,43.541666666666664
2021-01-02,39.76168,-121.84047,17.9,67.0,Chico-East Avenue,9.374583375,80.57870604166666,8.4181908625,1023.8208333333333,0.020833333333333332,92.29166666666667
2021-01-03,39.76168,-121.84047,17.2,66.0,Chico-East Avenue,10.253750166666668,87.18647833333334,8.521439583333335,1024.1875,0.04583333333333334,91.25
2021-01-04,39.76168,-121.84047,7.5,42.0,Chico-East Avenue,10.564166916666666,88.64535941666666,17.5449896,1018.6833333333334,0.7125,93.16666666666667
2021-01-05,39.76168,-121.84047,8.1,45.0,Chico-East Avenue,9.480833520833334,83.19357033333334,9.183952433333333,1023.8416666666667,0.004166666666666667,34.333333333333336
2021-01-06,39.76168,-121.84047,14.1,60.0,Chico-East Avenue,6.726666649999999,76.834755125,6.775115083333334,1023.4833333333332,0.13749999999999998,76.66666666666667
2021-01-07,39.76168,-121.84047,13.5,59.0,Chico-East Avenue,7.005833441666667,83.56690479166666,6.47159795,1024.5416666666667,0.0,60.083333333333336
2021-01-08,39.76168,-121.84047,16.5,65.0,Chico-East Avenue,7.441250066666666,78.88967875,5.297839829166667,1023.9791666666666,0.05000000000000001,76.75
2021-01-09,39.76168,-121.84047,10.1,53.0,Chico-East Avenue,6.030833383333333,68.19029425000001,5.930054520833333,1025.5166666666667,0.0,30.541666666666668
2021-01-10,39.76168,-121.84047,16.7,65.0,Chico-East Avenue,7.3870834125,64.41379841666667,5.603737191666667,1025.1541666666667,0.0,60.833333333333336
2021-01-11,39.76168,-121.84047,24.5,80.0,Chico-East Avenue,6.647500083333334,77.38486791666666,5.461008733333333,1025.0958333333333,0.0,90.45833333333333
2021-01-12,39.76168,-121.84047,20.2,72.0,Chico-East Avenue,8.960000066666668,78.03738658333333,7.2108318291666675,1024.8666666666666,0.004166666666666667,98.375
2021-01-13,39.76168,-121.84047,16.3,64.0,Chico-East Avenue,12.587083625,71.04056820833334,8.6853088875,1027.7666666666667,0.05833333333333334,92.25
2021-01-14,39.76168,-121.84047,11.2,55.0,Chico-East Avenue,10.847500141666666,73.69697704166667,6.055831250000001,1027.6208333333332,0.0,15.791666666666666
2021-01-15,39.76168,-121.84047,15.8,63.0,Chico-East Avenue,11.493333583333333,64.31500904166667,3.2094806666666664,1026.5041666666666,0.0,67.95833333333333
2021-01-16,39.76168,-121.84047,10.3,53.0,Chico-East Avenue,12.060000041666667,70.46845825,6.672934837500001,1022.9583333333334,0.0,61.875
2021-01-17,39.76168,-121.84047,5.0,28.0,Chico-East Avenue,14.728750125,53.67651941666667,9.289837695833333,1020.0875,0.0,23.5
2021-01-18,39.76168,-121.84047,2.5,14.0,Chico-East Avenue,15.651666750000002,42.081038791666664,15.344140804166665,1017.4,0.0,39.333333333333336
2021-01-19,39.76168,-121.84047,6.8,38.0,Chico-East Avenue,12.187083404166666,30.08294370833333,19.842411833333333,1019.2458333333334,0.0,2.25
2021-01-20,39.76168,-121.84047,16.5,65.0,Chico-East Avenue,10.807916770833335,35.943192833333335,7.977317441666667,1019.6333333333333,0.0,1.5
2021-01-21,39.76168,-121.84047,16.8,65.0,Chico-East Avenue,8.6287501,54.35266933333333,4.3033922,1018.2541666666666,0.0,44.458333333333336
2021-01-22,39.76168,-121.84047,7.2,40.0,Chico-East Avenue,10.187083450000001,62.983876625,12.317106408333332,1012.4291666666667,0.325,64.83333333333333
2021-01-23,39.76168,-121.84047,11.8,56.0,Chico-East Avenue,7.3870834875,81.6678895,7.690330708333334,1013.8208333333333,0.049999999999999996,34.458333333333336
2021-01-24,39.76168,-121.84047,10.4,53.0,Chico-East Avenue,6.4475000583333335,58.032705541666665,10.235342091666666,1012.5500000000001,0.05416666666666667,38.916666666666664
2021-01-25,39.76168,-121.84047,4.3,24.0,Chico-East Avenue,6.768333299999999,72.04878529166666,15.082637033333334,1008.525,0.2833333333333333,83.66666666666667
2021-01-26,39.76168,-121.84047,9.7,52.0,Chico-East Avenue,3.7079167191666667,53.99335370833333,12.429726625,1011.4041666666667,0.0,37.666666666666664
2021-01-27,39.76168,-121.84047,3.5,19.0,Chico-East Avenue,5.632916741666667,86.43480195833332,25.008693833333336,1007.9666666666667,1.2291666666666667,97.875
2021-01-28,39.76168,-121.84047,3.8,21.0,Chico-East Avenue,8.047500154166666,90.65207733333334,16.173333458333335,1007.75,1.5125,98.79166666666667
2021-01-29,39.76168,-121.84047,4.6,26.0,Chico-East Avenue,7.805833470833334,83.31860170833333,9.981753991666666,1010.4583333333334,0.20416666666666664,89.41666666666667
2021-01-30,39.76168,-121.84047,6.2,34.0,Chico-East Avenue,8.870416754166667,72.15428970833334,11.525529170833332,1020.0583333333334,0.016666666666666666,74.0
2021-01-31,39.76168,-121.84047,9.5,52.0,Chico-East Avenue,10.626666916666666,58.61356504166667,9.738734891666667,1022.1,0.004166666666666667,79.25
2021-02-01,39.76168,-121.84047,10.2,53.0,Chico-East Avenue,11.5933335,62.911532208333334,9.560473358333333,1017.2291666666666,0.016666666666666666,78.04166666666667
2021-02-02,39.76168,-121.84047,2.8,16.0,Chico-East Avenue,12.239166833333334,82.47597533333334,18.676901666666666,1016.7083333333334,0.6958333333333333,80.125
2021-02-03,39.76168,-121.84047,7.4,41.0,Chico-East Avenue,8.2537500625,83.85711266666667,13.337302133333333,1021.25,0.008333333333333333,50.75
2021-02-04,39.76168,-121.84047,4.5,25.0,Chico-East Avenue,7.1954167625,60.06508291666666,11.141433975,1024.7749999999999,0.0,13.125
2021-02-05,39.76168,-121.84047,14.3,61.0,Chico-East Avenue,8.357916775,58.00072054166666,5.6811590875,1023.7624999999999,0.0,0.375
2021-02-06,39.76168,-121.84047,16.8,65.0,Chico-East Avenue,9.0079166625,57.75585108333333,5.7874266625,1019.8458333333333,0.0,0.041666666666666664
2021-02-07,39.76168,-121.84047,16.2,64.0,Chico-East Avenue,8.718333433333333,65.87037775,4.903833575,1016.8958333333334,0.0,0.041666666666666664
2021-02-08,39.76168,-121.84047,16.0,64.0,Chico-East Avenue,8.972499950000001,68.1801225,4.103637095833333,1014.5916666666667,0.0,78.70833333333333
2021-02-09,39.76168,-121.84047,14.3,61.0,Chico-East Avenue,11.543333599999999,69.58529379166667,4.826835025,1015.5416666666666,0.0,86.91666666666667
2021-02-10,39.76168,-121.84047,12.7,58.0,Chico-East Avenue,10.835000095833335,69.53913683333333,3.807970729166667,1017.2916666666666,0.0,28.291666666666668
2021-02-11,39.76168,-121.84047,8.8,49.0,Chico-East Avenue,11.632916833333333,73.92218179166666,10.335180295833334,1017.8000000000001,0.225,89.58333333333333
2021-02-12,39.76168,-121.84047,6.5,36.0,Chico-East Avenue,10.635000154166667,83.31220833333333,8.737971170833333,1014.4499999999999,0.7000000000000001,64.0
2021-02-13,39.76168,-121.84047,2.6,14.0,Chico-East Avenue,11.857916916666667,75.55302575,11.078507420833333,1014.8791666666666,0.24583333333333335,69.54166666666667
2021-02-14,39.76168,-121.84047,1.4,8.0,Chico-East Avenue,9.610000079166667,57.565922916666665,10.039542120833334,1017.2791666666667,0.004166666666666667,79.16666666666667
2021-02-15,39.76168,-121.84047,5.1,28.0,Chico-East Avenue,9.907916791666667,79.9754225,11.3455910375,1018.1208333333334,0.19583333333333333,99.58333333333333
2021-02-16,39.76168,-121.84047,5.5,31.0,Chico-East Avenue,9.785000170833333,75.62514220833333,10.055964008333333,1019.3708333333334,0.008333333333333333,42.75
2021-02-17,39.76168,-121.84047,8.2,46.0,Chico-East Avenue,8.407916679166666,51.27404333333333,11.437746129166667,1021.9499999999999,0.0,18.791666666666668
2021-02-18,39.76168,-121.84047,10.5,54.0,Chico-East Avenue,7.655833575,47.46433675,6.615239233333334,1025.8166666666666,0.0,60.625
2021-02-19,39.76168,-121.84047,6.4,36.0,Chico-East Avenue,10.172500058333334,75.6656805,8.083176329166667,1026.75,0.13333333333333333,99.0
2021-02-20,39.76168,-121.84047,6.0,33.0,Chico-East Avenue,9.862083520833334,78.092613125,12.464209954166668,1024.0125,0.09166666666666667,60.5
2021-02-21,39.76168,-121.84047,3.2,18.0,Chico-East Avenue,9.301666883333334,53.75611345833334,10.877621358333334,1030.2250000000001,0.0,22.916666666666668
2021-02-22,39.76168,-121.84047,4.7,26.0,Chico-East Avenue,12.489166875,53.903757041666665,9.229899970833333,1027.9916666666666,0.0,23.291666666666668
2021-02-23,39.76168,-121.84047,2.6,14.0,Chico-East Avenue,12.724583445833334,51.5693245,10.8415387625,1022.0124999999999,0.0,49.0
2021-02-24,39.76168,-121.84047,5.3,29.0,Chico-East Avenue,11.874583454166666,33.83145308333334,14.501653054166667,1021.5208333333334,0.0,0.75
2021-02-25,39.76168,-121.84047,7.6,42.0,Chico-East Avenue,9.891250220833333,34.32834329166666,10.856686795833333,1026.2916666666667,0.0,17.0
2021-02-26,39.76168,-121.84047,5.5,31.0,Chico-East Avenue,10.516250133333333,49.30026575,11.720941224999999,1021.225,0.0,2.375
2021-02-27,39.76168,-121.84047,5.7,32.0,Chico-East Avenue,10.482916683333334,43.77853691666667,19.33564325,1020.6708333333332,0.0,32.625
2021-02-28,39.76168,-121.84047,7.7,43.0,Chico-East Avenue,10.120416741666666,42.89622333333333,9.66014045,1022.6999999999999,0.0,5.208333333333333
2021-03-01,39.76168,-121.84047,9.4,52.0,Chico-East Avenue,11.493333475,44.381441208333335,8.475079816666666,1021.3000000000001,0.0,10.541666666666666
2021-03-02,39.76168,-121.84047,9.8,52.0,Chico-East Avenue,12.655833475,37.70154429166667,7.908986929166667,1015.9875000000001,0.0,48.375
2021-03-03,39.76168,-121.84047,10.2,53.0,Chico-East Avenue,12.437083495833333,44.15470479166667,4.594592729166666,1007.975,0.0,91.79166666666667
2021-03-04,39.76168,-121.84047,12.5,57.0,Chico-East Avenue,13.72666675,45.93384608333333,16.772329429166668,1017.2125,0.0,30.291666666666668
2021-03-05,39.76168,-121.84047,8.8,49.0,Chico-East Avenue,13.730833458333334,51.510457624999994,13.9777411875,1022.1166666666667,0.0,30.666666666666668
2021-03-06,39.76168,-121.84047,3.2,18.0,Chico-East Avenue,12.253750154166667,65.63182629166667,15.16049265,1016.9416666666666,0.4291666666666667,48.416666666666664
2021-03-07,39.76168,-121.84047,4.5,25.0,Chico-East Avenue,9.9287500125,48.428011625,7.820625254166667,1019.3000000000001,0.0,33.791666666666664
2021-03-08,39.76168,-121.84047,6.3,35.0,Chico-East Avenue,11.041250083333333,54.03406804166667,16.578599266666668,1017.4083333333333,0.008333333333333333,67.0
2021-03-09,39.76168,-121.84047,4.2,23.0,Chico-East Avenue,8.018333375,77.256076,15.177753083333334,1020.85,0.21666666666666667,67.04166666666667
2021-03-10,39.76168,-121.84047,3.8,21.0,Chico-East Avenue,6.980833333333333,86.3259885,15.544294104166667,1014.3249999999999,0.6125,96.95833333333333
2021-03-11,39.76168,-121.84047,5.0,28.0,Chico-East Avenue,6.166250000000001,79.3124475,8.3398959375,1017.4541666666668,0.041666666666666664,60.541666666666664
2021-03-12,39.76168,-121.84047,5.4,30.0,Chico-East Avenue,11.3787502125,37.66218820833333,13.477395604166666,1019.7624999999999,0.0,5.166666666666667
2021-03-13,39.76168,-121.84047,8.7,48.0,Chico-East Avenue,10.299583404166667,45.676085208333326,6.572447925,1022.0625,0.0,0.08333333333333333
2021-03-14,39.76168,-121.84047,5.1,28.0,Chico-East Avenue,10.891250266666667,62.78279800000001,16.040284125,1022.65,0.0,79.45833333333333
2021-03-15,39.76168,-121.84047,4.0,22.0,Chico-East Avenue,7.222499995833334,83.82619220833332,10.2662825375,1015.1125000000001,0.9416666666666668,96.83333333333333
2021-03-16,39.76168,-121.84047,5.0,28.0,Chico-East Avenue,5.993333410208334,69.48717075,7.282677445833333,1016.5375,0.0,10.375
2021-03-17,39.76168,-121.84047,7.4,41.0,Chico-East Avenue,8.822500233333335,65.44835166666667,7.020391691666667,1019.2583333333333,0.0,70.625
2021-03-18,39.76168,-121.84047,8.0,44.0,Chico-East Avenue,10.303750125,78.50271058333333,11.563310450000001,1018.4041666666667,0.5083333333333333,87.5
2021-03-19,39.76168,-121.84047,4.6,26.0,Chico-East Avenue,11.253750208333335,87.93073295833334,13.949786375,1020.5,0.28750000000000003,73.79166666666667
2021-03-20,39.76168,-121.84047,4.1,23.0,Chico-East Avenue,10.078750112500002,70.55146458333333,7.628226370833333,1022.5500000000001,0.125,39.125
2021-03-21,39.76168,-121.84047,4.2,23.0,Chico-East Avenue,9.557916758333333,51.95896466666667,9.337019595833334,1024.7583333333334,0.0,2.7916666666666665
2021-03-22,39.76168,-121.84047,6.2,34.0,Chico-East Avenue,11.474583529166667,53.519013458333326,6.0610103375,1021.1916666666666,0.0,76.0
2021-03-23,39.76168,-121.84047,2.6,14.0,Chico-East Avenue,12.287083508333334,47.678317416666665,16.309479866666667,1019.3416666666667,0.008333333333333333,15.458333333333334
2021-03-24,39.76168,-121.84047,3.3,18.0,Chico-East Avenue,13.093333404166666,31.39304175,10.699588275000002,1018.8208333333333,0.0,37.041666666666664
2021-03-25,39.76168,-121.84047,3.1,17.0,Chico-East Avenue,13.603750125,47.30482820833333,10.237000416666666,1009.1333333333333,0.0,52.0
2021-03-26,39.76168,-121.84047,3.4,19.0,Chico-East Avenue,12.645416683333332,38.94062725,12.796210320833334,1014.2125,0.0,0.3333333333333333
2021-03-27,39.76168,-121.84047,7.5,42.0,Chico-East Avenue,14.101666725000001,43.167329875,7.013086066666666,1022.0583333333334,0.0,0.0
2021-03-28,39.76168,-121.84047,7.2,40.0,Chico-East Avenue,15.993333487500001,50.93636579166667,6.6475441166666664,1023.9666666666667,0.0,1.2083333333333333
2021-03-29,39.76168,-121.84047,3.5,19.0,Chico-East Avenue,16.26625029166667,42.99357654166667,13.078695491666666,1017.7291666666666,0.0,0.20833333333333334
2021-03-30,39.76168,-121.84047,3.7,21.0,Chico-East Avenue,14.816250250000001,29.43237495833333,14.612536458333333,1017.3291666666668,0.0,0.0
2021-03-31,39.76168,-121.84047,6.8,38.0,Chico-East Avenue,16.126666833333335,33.66715379166667,9.300611254166666,1020.1875,0.0,0.0
2021-04-01,39.76168,-121.84047,9.1,51.0,Chico-East Avenue,17.472500208333333,41.446856458333336,5.327683507083333,1016.0333333333333,0.0,0.0
2021-04-02,39.76168,-121.84047,9.1,51.0,Chico-East Avenue,19.905833416666667,29.209815333333335,10.406552220833333,1012.7958333333332,0.0,35.708333333333336
2021-04-03,39.76168,-121.84047,8.9,49.0,Chico-East Avenue,17.641250208333332,40.34549454166667,11.213350183333333,1016.8541666666666,0.0,34.958333333333336
2021-04-04,39.76168,-121.84047,8.8,49.0,Chico-East Avenue,15.180833583333333,54.620950416666666,9.019179879166666,1020.4041666666667,0.0,38.0
2021-04-05,39.76168,-121.84047,8.1,45.0,Chico-East Avenue,14.880833541666666,60.042973208333336,7.890476895833333,1016.9875000000001,0.008333333333333333,34.666666666666664
2021-04-06,39.76168,-121.84047,10.0,53.0,Chico-East Avenue,15.562083541666667,57.174068,5.789418770833334,1015.1750000000001,0.0,0.041666666666666664
2021-04-07,39.76168,-121.84047,9.8,52.0,Chico-East Avenue,17.228750208333334,48.735114958333334,11.471649958333332,1017.4791666666666,0.0,35.375
2021-04-08,39.76168,-121.84047,7.2,40.0,Chico-East Avenue,15.843333541666667,44.77745445833333,7.1249021625,1019.5875,0.0,6.625
2021-04-09,39.76168,-121.84047,8.0,44.0,Chico-East Avenue,16.0912502375,42.61089379166666,5.142065695833334,1017.7666666666668,0.0,2.125
2021-04-10,39.76168,-121.84047,7.7,43.0,Chico-East Avenue,17.430833500000002,48.807491375000005,8.078359345833332,1016.8416666666667,0.0,0.0
2021-04-11,39.76168,-121.84047,4.8,27.0,Chico-East Avenue,17.99541675,34.139766916666666,7.975838425,1011.9416666666666,0.0,0.0
2021-04-12,39.76168,-121.84047,4.8,27.0,Chico-East Avenue,19.6370835,26.751118541666667,9.713389425,1008.8000000000001,0.0,13.791666666666666
2021-04-13,39.76168,-121.84047,5.5,31.0,Chico-East Avenue,18.812083583333333,32.640364291666664,8.048199966666667,1007.1541666666667,0.0,0.125
2021-04-14,39.76168,-121.84047,5.2,29.0,Chico-East Avenue,15.391250249999999,36.12518225,10.030501208333334,1010.6291666666666,0.0,13.75
2021-04-15,39.76168,-121.84047,7.4,41.0,Chico-East Avenue,16.755833583333335,36.11938475,7.1153074,1014.6708333333332,0.0,0.9166666666666666
2021-04-16,39.76168,-121.84047,7.6,42.0,Chico-East Avenue,17.255833416666665,35.948645875000004,6.4957804249999995,1014.5208333333334,0.0,2.25
2021-04-17,39.76168,-121.84047,4.8,27.0,Chico-East Avenue,20.210000166666667,26.791723270833334,8.351111341666668,1015.4041666666667,0.0,1.25
2021-04-18,39.76168,-121.84047,4.4,24.0,Chico-East Avenue,21.21625033333333,20.269944708333334,9.686327145833333,1018.2125,0.0,0.0
2021-04-19,39.76168,-121.84047,6.0,33.0,Chico-East Avenue,21.53916691666667,28.810195333333336,5.028811929166667,1016.2291666666666,0.0,37.25
2021-04-20,39.76168,-121.84047,8.7,48.0,Chico-East Avenue,21.380833374999998,38.66211979166666,6.430915479166667,1011.4666666666667,0.0,16.5
2021-04-21,39.76168,-121.84047,5.4,30.0,Chico-East Avenue,18.993333583333335,41.042691874999996,8.498352804166666,1008.0041666666666,0.0,18.166666666666668
2021-04-22,39.76168,-121.84047,13.2,59.0,Chico-East Avenue,19.280833625,39.470481375,8.2467864875,1009.5958333333333,0.0,15.791666666666666
2021-04-23,39.76168,-121.84047,13.2,59.0,Chico-East Avenue,17.843333541666667,54.22768216666666,8.883066279166668,1012.4250000000001,0.0,33.5
2021-04-24,39.76168,-121.84047,4.1,23.0,Chico-East Avenue,17.130833499999998,49.25906929166666,20.04620525,1012.6333333333333,0.016666666666666666,96.66666666666667
2021-04-25,39.76168,-121.84047,3.2,18.0,Chico-East Avenue,13.430833666666667,60.86566766666667,17.434221875000002,1011.2333333333332,0.3875,94.75
2021-04-26,39.76168,-121.84047,3.2,18.0,Chico-East Avenue,11.4808334875,69.964799375,9.034404587500001,1011.375,0.04583333333333334,27.791666666666668
2021-04-27,39.76168,-121.84047,2.6,14.0,Chico-East Avenue,14.305833583333333,40.66606704166667,9.978329945833332,1013.7958333333332,0.0,0.08333333333333333
2021-04-28,39.76168,-121.84047,4.2,23.0,Chico-East Avenue,18.843333416666667,31.432615916666666,8.870142129166666,1019.2833333333333,0.0,13.541666666666666
2021-04-29,39.76168,-121.84047,7.0,39.0,Chico-East Avenue,21.1683335,36.8463465,5.071826725,1020.4291666666667,0.0,68.91666666666667
2021-04-30,39.76168,-121.84047,6.2,34.0,Chico-East Avenue,24.14958354166667,32.282197000000004,8.523867025,1018.8375,0.0,90.125
2021-05-01,39.76168,-121.84047,3.9,22.0,Chico-East Avenue,22.047500125,37.511762166666664,7.620052487500001,1014.0958333333333,0.0,51.5
2021-05-02,39.76168,-121.84047,3.2,18.0,Chico-East Avenue,21.928750291666663,32.89027733333334,17.719660825000002,1012.1625,0.0,8.416666666666666
2021-05-03,39.76168,-121.84047,3.8,21.0,Chico-East Avenue,22.55375020833333,26.540867666666667,18.858990375,1012.525,0.0,2.5416666666666665
2021-05-04,39.76168,-121.84047,2.0,11.0,Chico-East Avenue,24.641250166666666,26.3120131875,14.212460174999999,1012.525,0.0,1.6666666666666667
2021-05-05,39.76168,-121.84047,5.2,29.0,Chico-East Avenue,24.520416458333333,30.419401250000004,6.228549379166666,1011.3791666666666,0.0,12.958333333333334
2021-05-06,39.76168,-121.84047,5.4,30.0,Chico-East Avenue,25.705833166666665,28.765023416666665,15.172742979166665,1011.625,0.0,11.291666666666666
2021-05-07,39.76168,-121.84047,2.7,15.0,Chico-East Avenue,21.805833458333336,36.90420195833333,11.59301865,1014.3666666666667,0.0,3.2916666666666665
2021-05-08,39.76168,-121.84047,1.5,8.0,Chico-East Avenue,21.505833541666664,19.5981670625,21.07723489583333,1016.5666666666666,0.0,0.0
2021-05-09,39.76168,-121.84047,2.2,12.0,Chico-East Avenue,23.68916683333333,24.67821204166667,21.865505541666668,1013.5375,0.0,35.25
2021-05-10,39.76168,-121.84047,3.0,17.0,Chico-East Avenue,24.289167041666662,22.410631749999997,16.43057475,1010.725,0.0,0.0
2021-05-11,39.76168,-121.84047,3.5,19.0,Chico-East Avenue,25.409999833333334,17.086377679166667,9.2664482125,1010.5291666666667,0.0,11.5
2021-05-12,39.76168,-121.84047,6.7,37.0,Chico-East Avenue,26.39958304166667,18.274558083333336,6.448804258333333,1011.5583333333334,0.0,20.958333333333332
2021-05-13,39.76168,-121.84047,8.1,45.0,Chico-East Avenue,27.266249708333334,22.940914958333334,8.266482120833333,1013.1750000000001,0.0,8.083333333333334
2021-05-14,39.76168,-121.84047,8.1,45.0,Chico-East Avenue,25.360000125,29.708241437500003,7.657731769583333,1011.1041666666666,0.0,17.458333333333332
2021-05-15,39.76168,-121.84047,7.8,43.0,Chico-East Avenue,21.72666691666667,47.952029083333336,9.2257272,1008.8874999999999,0.004166666666666667,60.666666666666664
2021-05-16,39.76168,-121.84047,8.2,46.0,Chico-East Avenue,21.966250458333334,51.06515316666667,7.735371175,1009.5916666666667,0.0,45.416666666666664
2021-05-17,39.76168,-121.84047,7.1,39.0,Chico-East Avenue,20.843333416666667,50.91504166666667,11.25116175,1013.1,0.0,5.791666666666667
2021-05-18,39.76168,-121.84047,4.7,26.0,Chico-East Avenue,22.566250333333333,45.99240025,6.715301204166667,1014.9833333333332,0.0,11.916666666666666
2021-05-19,39.76168,-121.84047,4.6,26.0,Chico-East Avenue,21.172500083333333,34.00803070833333,9.9557680625,1011.775,0.0,4.208333333333333
2021-05-20,39.76168,-121.84047,0.7,4.0,Chico-East Avenue,16.772500083333334,28.069337458333333,22.216908833333335,1012.8791666666666,0.0,8.875
2021-05-21,39.76168,-121.84047,1.6,9.0,Chico-East Avenue,16.941250208333333,26.462115333333333,20.468033125,1013.9125,0.004166666666666667,22.041666666666668
2021-05-22,39.76168,-121.84047,3.3,18.0,Chico-East Avenue,17.647500208333334,35.25366433333333,7.576137120833334,1014.9125,0.0,38.916666666666664
2021-05-23,39.76168,-121.84047,4.9,27.0,Chico-East Avenue,20.501666875,34.17018195833333,10.925710220833333,1016.6666666666666,0.0,40.416666666666664
2021-05-24,39.76168,-121.84047,3.8,21.0,Chico-East Avenue,22.25583345833333,30.719321458333336,7.7137928208333335,1017.5708333333333,0.0,21.458333333333332
2021-05-25,39.76168,-121.84047,2.7,15.0,Chico-East Avenue,23.63916675,32.241383541666664,7.022969154166667,1015.1791666666667,0.0,20.25
2021-05-26,39.76168,-121.84047,3.4,19.0,Chico-East Avenue,23.147499916666664,22.15807273333333,5.585639925,1014.6083333333332,0.0,14.416666666666666
2021-05-27,39.76168,-121.84047,5.3,29.0,Chico-East Avenue,24.770416791666666,25.587504916666663,7.4911239583333336,1015.1541666666667,0.0,21.458333333333332
2021-05-28,39.76168,-121.84047,4.3,24.0,Chico-East Avenue,25.789166666666663,33.110256166666666,6.702111075,1014.1416666666668,0.0,27.208333333333332
2021-05-29,39.76168,-121.84047,9.0,50.0,Chico-East Avenue,26.526666708333334,32.812773791666665,6.6688473749999995,1010.2958333333332,0.0,49.708333333333336
2021-05-30,39.76168,-121.84047,8.5,47.0,Chico-East Avenue,27.332916083333334,35.6312778,8.5193324125,1009.7083333333334,0.0,23.375
2021-05-31,39.76168,-121.84047,6.6,37.0,Chico-East Avenue,30.980832958333334,17.771655208333332,7.2520914916666674,1009.2041666666668,0.0,12.916666666666666
2021-06-01,39.76168,-121.84047,9.9,52.0,Chico-East Avenue,32.103749791666665,19.269570520833334,7.807185433333333,1009.65,0.0,8.0
2021-06-02,39.76168,-121.84047,6.7,37.0,Chico-East Avenue,31.324583208333333,25.829774208333333,9.165139533333333,1008.85,0.0,10.333333333333334
2021-06-03,39.76168,-121.84047,7.9,44.0,Chico-East Avenue,30.176666458333333,28.301849125,7.761010320833333,1007.4916666666667,0.0,0.0
2021-06-04,39.76168,-121.84047,9.5,52.0,Chico-East Avenue,31.093333125,25.503941958333332,7.048418679166667,1008.2958333333332,0.0,27.166666666666668
2021-06-05,39.76168,-121.84047,8.5,47.0,Chico-East Avenue,29.207916458333333,31.085553416666666,8.320924275,1009.5583333333334,0.0,41.291666666666664
2021-06-06,39.76168,-121.84047,6.2,34.0,Chico-East Avenue,28.495416625,22.041294500000003,5.9972205375,1006.7458333333334,0.0,22.958333333333332
2021-06-07,39.76168,-121.84047,7.6,42.0,Chico-East Avenue,24.61208333333333,28.621384791666667,10.616713437500001,1006.7583333333333,0.0,11.5
2021-06-08,39.76168,-121.84047,4.7,26.0,Chico-East Avenue,20.528750249999998,37.178579,17.534826770833334,1010.8416666666667,0.0,17.458333333333332
2021-06-09,39.76168,-121.84047,3.6,20.0,Chico-East Avenue,19.495416916666667,31.932513125,11.331869304166666,1016.2875,0.0,11.125
2021-06-10,39.76168,-121.84047,2.3,13.0,Chico-East Avenue,18.007916791666666,44.006904875000004,8.258490670833334,1020.9499999999999,0.05833333333333333,27.375
2021-06-11,39.76168,-121.84047,2.8,16.0,Chico-East Avenue,21.172500208333332,23.383668020833337,12.353339091666667,1017.0041666666666,0.0,63.875
2021-06-12,39.76168,-121.84047,2.7,15.0,Chico-East Avenue,24.470416583333332,39.749242625,6.185702183333333,1013.9666666666667,0.016666666666666666,35.916666666666664
2021-06-13,39.76168,-121.84047,2.1,12.0,Chico-East Avenue,27.730833416666666,39.31770325,14.026379758333334,1009.9499999999999,0.0,1.75
2021-06-14,39.76168,-121.84047,2.8,16.0,Chico-East Avenue,26.03916670833333,44.28117970833333,17.565440125,1012.8583333333332,0.0,14.916666666666666
2021-06-15,39.76168,-121.84047,3.3,18.0,Chico-East Avenue,24.5475,28.278578916666664,8.47270195,1016.4208333333332,0.0,0.4166666666666667
2021-06-16,39.76168,-121.84047,3.2,18.0,Chico-East Avenue,27.047499791666667,15.321167762500002,8.165280537500001,1014.6583333333333,0.0,8.041666666666666
2021-06-17,39.76168,-121.84047,26.2,83.0,Chico-East Avenue,31.755833208333332,11.58251885,6.76317096125,1008.8708333333334,0.0,46.625
2021-06-18,39.76168,-121.84047,25.0,81.0,Chico-East Avenue,33.35583329166666,11.650762408333334,5.50455755,1005.1958333333333,0.0,6.666666666666667
2021-06-19,39.76168,-121.84047,8.9,49.0,Chico-East Avenue,34.94749945833333,15.178155708333334,7.409311690416666,1003.7916666666666,0.0,0.0
2021-06-20,39.76168,-121.84047,8.4,47.0,Chico-East Avenue,33.528749874999995,18.00241863333333,9.025969720833332,1005.2666666666668,0.0,0.0
2021-06-21,39.76168,-121.84047,4.8,27.0,Chico-East Avenue,30.85374979166667,23.343509208333334,13.133903716666666,1008.3833333333333,0.0,11.833333333333334
2021-06-22,39.76168,-121.84047,5.7,32.0,Chico-East Avenue,28.11208308333333,32.53828864583333,13.278679250000001,1009.8125,0.0,4.083333333333333
2021-06-23,39.76168,-121.84047,5.6,31.0,Chico-East Avenue,27.272499874999998,38.13659245833333,11.1230319875,1009.8125,0.0,0.16666666666666666
2021-06-24,39.76168,-121.84047,5.3,29.0,Chico-East Avenue,27.755833291666665,34.315158583333336,9.140954616666667,1012.1750000000001,0.0,9.291666666666666
2021-06-25,39.76168,-121.84047,5.9,33.0,Chico-East Avenue,28.014166625,35.55712166666667,7.056446279166667,1012.6083333333332,0.0,30.125
2021-06-26,39.76168,-121.84047,7.6,42.0,Chico-East Avenue,30.741249791666664,34.200415625,7.962166375,1010.3833333333333,0.0,0.5
2021-06-27,39.76168,-121.84047,7.8,43.0,Chico-East Avenue,32.770416125,28.313735249999997,8.2353902125,1006.2333333333332,0.0,0.20833333333333334
2021-06-28,39.76168,-121.84047,8.0,44.0,Chico-East Avenue,31.180832791666663,33.741567833333335,10.5942592,1004.8666666666667,0.0,3.75
2021-06-29,39.76168,-121.84047,7.9,44.0,Chico-East Avenue,31.334999666666665,29.2260533125,8.788304041666667,1005.3708333333334,0.0,6.416666666666667
2021-06-30,39.76168,-121.84047,11.5,55.0,Chico-East Avenue,32.516249583333334,23.741573666666667,8.366557577916668,1006.2916666666666,0.0,0.0
2021-07-01,39.76168,-121.84047,9.7,52.0,Chico-East Avenue,29.270416625,39.463290875,11.955573720833334,1008.8708333333334,0.0,0.375
2021-07-02,39.76168,-121.84047,8.2,46.0,Chico-East Avenue,30.005833,33.43120058333333,8.495142983333333,1009.4250000000001,0.0,1.5833333333333333
2021-07-03,39.76168,-121.84047,7.5,42.0,Chico-East Avenue,30.845416208333333,30.998941416666668,8.631525408333333,1009.75,0.0,1.4583333333333333
2021-07-04,39.76168,-121.84047,7.1,39.0,Chico-East Avenue,31.13916625,29.804129708333335,10.960871225,1010.5458333333332,0.0,33.75
2021-07-05,39.76168,-121.84047,12.1,57.0,Chico-East Avenue,30.29958333333333,31.844343791666663,8.798811429166667,1011.2624999999999,0.0,0.0
2021-07-06,39.76168,-121.84047,8.7,48.0,Chico-East Avenue,29.44749979166667,32.544624729166664,9.012135720833333,1011.9541666666668,0.0,4.458333333333333
2021-07-07,39.76168,-121.84047,8.9,49.0,Chico-East Avenue,29.75583325,30.891249625,7.497994575,1010.25,0.0,0.0
2021-07-08,39.76168,-121.84047,7.7,43.0,Chico-East Avenue,30.878750041666667,24.948667583333332,7.008838983333334,1007.7666666666668,0.0,0.08333333333333333
2021-07-09,39.76168,-121.84047,5.8,32.0,Chico-East Avenue,34.20999975,13.457020670833332,7.1581691875,1008.8166666666666,0.0,0.0
2021-07-10,39.76168,-121.84047,6.9,38.0,Chico-East Avenue,36.92249925,15.159645908333333,7.1064714874999995,1010.0333333333333,0.0,0.2916666666666667
2021-07-11,39.76168,-121.84047,7.6,42.0,Chico-East Avenue,37.05166608333334,18.089658645833335,8.73425015,1008.0749999999999,0.0,0.0
2021-07-12,39.76168,-121.84047,13.7,60.0,Chico-East Avenue,32.299583,25.05163825,8.742735266666667,1007.7624999999999,0.0,9.375
2021-07-13,39.76168,-121.84047,11.4,55.0,Chico-East Avenue,29.787083125,31.431444625,8.785915683333334,1008.0708333333333,0.0,0.3333333333333333
2021-07-14,39.76168,-121.84047,9.6,52.0,Chico-East Avenue,28.174583291666664,36.5461155,9.652362854166666,1009.8249999999999,0.0,0.0
2021-07-15,39.76168,-121.84047,9.1,51.0,Chico-East Avenue,27.787082916666666,33.72369575,11.851973079166667,1011.3833333333333,0.0,0.0
2021-07-16,39.76168,-121.84047,11.8,56.0,Chico-East Avenue,27.562083333333334,34.27032014583333,8.5949598625,1011.0333333333333,0.0,0.0
2021-07-17,39.76168,-121.84047,13.2,59.0,Chico-East Avenue,29.730832958333334,18.941475854166665,7.473057991666667,1010.4958333333334,0.0,0.0
2021-07-18,39.76168,-121.84047,13.2,59.0,Chico-East Avenue,31.597499875,17.366546854166668,7.762534583333333,1011.5791666666668,0.0,12.5
2021-07-19,39.76168,-121.84047,7.5,42.0,Chico-East Avenue,33.247499499999996,17.565516125,12.4203421125,1012.7458333333334,0.0,60.125
2021-07-20,39.76168,-121.84047,7.5,42.0,Chico-East Avenue,31.96833283333333,21.234850833333333,11.426409787499999,1012.7083333333334,0.0,14.666666666666666
2021-07-21,39.76168,-121.84047,8.5,47.0,Chico-East Avenue,29.939166416666666,23.416373983333333,8.3054062875,1010.8541666666666,0.0,0.0
2021-07-22,39.76168,-121.84047,11.6,56.0,Chico-East Avenue,30.332916375,19.834411875,8.38277655,1010.1041666666666,0.0,0.0
2021-07-23,39.76168,-121.84047,16.2,64.0,Chico-East Avenue,31.303750041666664,15.782633104166665,7.905371554166667,1012.3041666666667,0.0,7.375
2021-07-24,39.76168,-121.84047,15.3,63.0,Chico-East Avenue,32.897499625,18.685997308333334,8.0163991125,1011.8333333333334,0.0,0.3333333333333333
2021-07-25,39.76168,-121.84047,14.0,60.0,Chico-East Avenue,32.51208295833333,21.782144333333335,8.443164295833332,1009.9708333333333,0.0,36.75
2021-07-26,39.76168,-121.84047,5.5,31.0,Chico-East Avenue,31.493332541666664,24.205897395833333,11.988194004166667,1008.775,0.0,60.833333333333336
2021-07-27,39.76168,-121.84047,5.5,31.0,Chico-East Avenue,28.46624975,23.528074125,9.5083072625,1013.1708333333332,0.0,75.41666666666667
2021-07-28,39.76168,-121.84047,24.4,80.0,Chico-East Avenue,29.514166583333335,35.02484908333333,7.355780679166667,1014.2208333333333,0.0,24.041666666666668
2021-07-29,39.76168,-121.84047,12.9,58.0,Chico-East Avenue,34.07874979166667,24.10535904166667,6.4160658375,1011.0,0.0,25.375
2021-07-30,39.76168,-121.84047,24.3,79.0,Chico-East Avenue,34.887082791666664,23.999357583333335,8.244629775,1008.9125,0.0,39.333333333333336
2021-07-31,39.76168,-121.84047,4.8,27.0,Chico-East Avenue,32.774582875,25.24994304166667,10.953184708333334,1011.2041666666668,0.0,80.29166666666667
2021-08-01,39.76168,-121.84047,7.1,39.0,Chico-East Avenue,31.668333041666667,27.886303625,8.702141629166666,1013.7833333333333,0.0,34.583333333333336
2021-08-02,39.76168,-121.84047,5.7,32.0,Chico-East Avenue,30.216249583333333,27.501575708333334,9.7678842125,1015.3583333333332,0.0,12.125
2021-08-03,39.76168,-121.84047,8.4,47.0,Chico-East Avenue,29.639166499999998,21.464479333333333,5.8021388583333335,1014.1166666666667,0.0,33.125
2021-08-04,39.76168,-121.84047,14.5,61.0,Chico-East Avenue,30.495416208333335,16.826630375,7.386090974999999,1010.8166666666666,0.0,0.0
2021-08-05,39.76168,-121.84047,7.4,41.0,Chico-East Avenue,27.67874970833333,31.26542541666667,13.602354958333335,1011.3416666666667,0.0,0.6666666666666666
2021-08-06,39.76168,-121.84047,68.0,160.0,Chico-East Avenue,28.778749833333332,20.531032,6.6635296625,1012.3291666666668,0.0,0.08333333333333333
2021-08-07,39.76168,-121.84047,102.7,184.0,Chico-East Avenue,30.6766665,18.1647116875,6.1474682,1009.5791666666668,0.0,0.4583333333333333
2021-08-08,39.76168,-121.84047,75.0,165.0,Chico-East Avenue,30.553749916666664,25.574723541666668,9.950150766666667,1008.3208333333333,0.0,0.0
2021-08-09,39.76168,-121.84047,16.5,65.0,Chico-East Avenue,30.034999958333334,30.163887625,7.463592983333334,1009.0833333333334,0.0,0.041666666666666664
2021-08-10,39.76168,-121.84047,13.8,60.0,Chico-East Avenue,31.024583125000003,23.863393625,6.776676016666666,1010.2125,0.0,2.2916666666666665
2021-08-11,39.76168,-121.84047,14.3,61.0,Chico-East Avenue,33.70791608333334,20.53110608333333,7.453786379166666,1010.9041666666667,0.0,5.166666666666667
2021-08-12,39.76168,-121.84047,10.7,54.0,Chico-East Avenue,33.04749941666667,22.918227791666666,7.692087454166667,1010.7624999999999,0.0,1.2916666666666667
2021-08-13,39.76168,-121.84047,11.7,56.0,Chico-East Avenue,31.680833249999996,28.010208583333334,7.109327654166666,1012.4291666666667,0.0,0.4583333333333333
2021-08-14,39.76168,-121.84047,20.8,73.0,Chico-East Avenue,32.69958295833333,28.726294375,5.743439554166667,1014.275,0.0,36.041666666666664
2021-08-15,39.76168,-121.84047,27.7,86.0,Chico-East Avenue,34.524582833333334,29.08388008333333,6.774173695833333,1011.9416666666666,0.0,5.916666666666667
2021-08-16,39.76168,-121.84047,45.5,126.0,Chico-East Avenue,34.607916249999995,28.332063916666666,6.782968566666667,1006.7708333333334,0.0,0.0
2021-08-17,39.76168,-121.84047,11.8,56.0,Chico-East Avenue,31.28291625,30.126576749999998,8.4657397875,1004.4875000000001,0.0,8.666666666666666
2021-08-18,39.76168,-121.84047,44.2,122.0,Chico-East Avenue,28.09749983333333,19.936462395833335,13.629181075,1006.4458333333333,0.0,1.5833333333333333
2021-08-19,39.76168,-121.84047,62.2,156.0,Chico-East Avenue,29.141249791666667,19.029339166666666,13.172381433333333,1009.7083333333334,0.0,0.0
2021-08-20,39.76168,-121.84047,50.6,138.0,Chico-East Avenue,27.672499791666667,32.33716166666667,7.462925875,1008.1875,0.0,0.0
2021-08-21,39.76168,-121.84047,33.0,96.0,Chico-East Avenue,25.955833416666668,41.56662741666667,13.6189385,1005.5458333333332,0.0,0.5833333333333334
2021-08-22,39.76168,-121.84047,32.8,95.0,Chico-East Avenue,24.1745835,46.12215749999999,6.946430379166666,1007.5291666666667,0.0,0.0
2021-08-23,39.76168,-121.84047,28.0,86.0,Chico-East Avenue,25.578750041666666,33.999225,9.230407625,1007.7916666666666,0.0,0.0
2021-08-24,39.76168,-121.84047,21.4,74.0,Chico-East Avenue,25.193333416666665,34.0167736875,9.047992229166667,1010.0791666666668,0.0,0.0
2021-08-25,39.76168,-121.84047,26.8,84.0,Chico-East Avenue,25.737083333333334,30.902578083333335,8.830633441666667,1012.3916666666668,0.0,2.2083333333333335
2021-08-26,39.76168,-121.84047,25.2,81.0,Chico-East Avenue,27.034999916666667,23.416888,6.865350737499999,1012.8333333333334,0.0,0.0
2021-08-27,39.76168,-121.84047,56.7,152.0,Chico-East Avenue,28.795416208333332,20.015760541666666,7.129872554166667,1008.0958333333333,0.0,0.0
2021-08-28,39.76168,-121.84047,62.5,156.0,Chico-East Avenue,30.718333,16.287207187499998,5.996727940833334,1005.2291666666666,0.0,0.0
2021-08-29,39.76168,-121.84047,66.5,159.0,Chico-East Avenue,30.83083308333333,18.881735333333335,6.438330045833333,1006.4,0.0,0.0
2021-08-30,39.76168,-121.84047,42.7,119.0,Chico-East Avenue,31.83083308333333,19.441520520833333,8.46996495,1005.1374999999999,0.0,0.0
2021-08-31,39.76168,-121.84047,37.0,105.0,Chico-East Avenue,30.68708279166667,17.240695166666665,7.785414891666666,1003.0583333333334,0.0,0.0
2021-09-01,39.76168,-121.84047,14.4,61.0,Chico-East Avenue,25.88291670833333,34.20392420833333,9.8197469125,1004.9416666666666,0.0,0.0
2021-09-02,39.76168,-121.84047,18.6,69.0,Chico-East Avenue,23.00166683333333,42.58799366666667,7.580046741666667,1010.4083333333333,0.0,0.0
2021-09-03,39.76168,-121.84047,19.0,69.0,Chico-East Avenue,24.14125,27.584136166666667,5.781208308333333,1012.1125000000001,0.0,0.0
2021-09-04,39.76168,-121.84047,25.8,82.0,Chico-East Avenue,26.091249791666666,23.778876220833336,5.805630954166666,1012.2291666666666,0.0,0.0
2021-09-05,39.76168,-121.84047,17.6,67.0,Chico-East Avenue,27.437083291666667,17.1280895375,5.4293763,1012.0916666666667,0.0,15.5
2021-09-06,39.76168,-121.84047,8.1,45.0,Chico-East Avenue,28.345416166666666,14.97366025,5.8335292249999995,1012.2375000000001,0.0,44.666666666666664
2021-09-07,39.76168,-121.84047,10.3,53.0,Chico-East Avenue,30.75999966666667,16.127855333333333,6.288290520833333,1011.5416666666666,0.0,47.791666666666664
2021-09-08,39.76168,-121.84047,14.5,61.0,Chico-East Avenue,32.42666633333334,17.445710729166667,6.326855091666666,1009.9458333333333,0.0,9.5
2021-09-09,39.76168,-121.84047,9.0,50.0,Chico-East Avenue,31.991249916666664,24.32319525,8.562853866666666,1007.4166666666666,0.0,35.291666666666664
2021-09-10,39.76168,-121.84047,6.7,37.0,Chico-East Avenue,29.139166625,44.90128833333333,9.722494829166667,1010.2583333333333,0.45,44.458333333333336
2021-09-11,39.76168,-121.84047,5.0,28.0,Chico-East Avenue,26.757916749999996,36.44283070833333,6.5027735625,1013.9208333333332,0.0,0.0
2021-09-12,39.76168,-121.84047,6.7,37.0,Chico-East Avenue,26.228750083333335,29.900014875,5.971179816666667,1012.5833333333334,0.0,26.958333333333332
2021-09-13,39.76168,-121.84047,30.2,90.0,Chico-East Avenue,27.52875,26.246951874999997,5.310930891666667,1010.5333333333333,0.0,3.875
2021-09-14,39.76168,-121.84047,38.5,108.0,Chico-East Avenue,27.68083329166667,24.33130608333333,4.9408206833333335,1009.3458333333333,0.0,0.0
2021-09-15,39.76168,-121.84047,24.2,79.0,Chico-East Avenue,28.376666375,28.662679541666666,7.794262794583333,1009.4708333333333,0.0,0.0
2021-09-16,39.76168,-121.84047,14.2,61.0,Chico-East Avenue,24.709999749999998,40.267958125,8.456836629166666,1008.4208333333332,0.0,0.0
2021-09-17,39.76168,-121.84047,15.5,63.0,Chico-East Avenue,23.537083499999998,39.001391958333336,6.299436324999999,1010.5749999999999,0.0,0.0
2021-09-18,39.76168,-121.84047,8.9,49.0,Chico-East Avenue,22.547500166666666,47.41285954166667,17.854658666666666,1013.375,0.03333333333333333,23.375
2021-09-19,39.76168,-121.84047,2.7,15.0,Chico-East Avenue,20.1120835,72.83207495833334,13.141937745833333,1016.3625000000001,0.09166666666666667,51.458333333333336
2021-09-20,39.76168,-121.84047,2.3,13.0,Chico-East Avenue,23.18500020833333,31.130351583333333,15.208763270833332,1015.5375,0.0,10.25
2021-09-21,39.76168,-121.84047,9.6,52.0,Chico-East Avenue,25.551666708333332,20.928125666666666,8.745402895833333,1016.1041666666666,0.0,0.0
2021-09-22,39.76168,-121.84047,15.2,62.0,Chico-East Avenue,28.018333291666664,24.517333708333336,8.883315566666667,1017.1875,0.0,26.25
2021-09-23,39.76168,-121.84047,23.5,78.0,Chico-East Avenue,26.807916458333334,27.783793229166665,10.410225670833333,1013.4333333333334,0.0,29.75
2021-09-24,39.76168,-121.84047,22.9,77.0,Chico-East Avenue,27.643333,21.404887187499998,8.1871208375,1010.9166666666666,0.0,46.416666666666664
2021-09-25,39.76168,-121.84047,15.9,64.0,Chico-East Avenue,27.24125008333333,28.832198666666667,11.100151916666666,1011.6750000000001,0.0,0.0
2021-09-26,39.76168,-121.84047,15.9,64.0,Chico-East Avenue,27.24125008333333,28.832198666666667,11.100151916666666,1011.6750000000001,0.0,0.0
2021-09-27,39.76168,-121.84047,15.9,64.0,Chico-East Avenue,27.24125008333333,28.832198666666667,11.100151916666666,1011.6750000000001,0.0,0.0
2021-09-28,39.76168,-121.84047,1.9,11.0,Chico-East Avenue,19.597500166666666,43.19660666666667,17.8795215,1016.0,0.008333333333333333,17.416666666666668
2021-09-29,39.76168,-121.84047,3.0,17.0,Chico-East Avenue,19.81416679166667,27.987585874999997,10.8835947875,1014.2708333333334,0.0,47.875
2021-09-30,39.76168,-121.84047,4.0,22.0,Chico-East Avenue,23.153750208333335,21.078816958333334,9.919123,1015.0583333333334,0.0,2.0833333333333335
2021-10-01,39.76168,-121.84047,6.9,38.0,Chico-East Avenue,23.00791691666667,21.874688520833335,5.114092525,1014.3708333333334,0.0,23.583333333333332
2021-10-02,39.76168,-121.84047,10.7,54.0,Chico-East Avenue,22.972499958333334,25.703974541666668,4.7797291416666665,1014.8666666666667,0.0,22.083333333333332
2021-10-03,39.76168,-121.84047,13.0,58.0,Chico-East Avenue,24.855833208333333,23.406643145833332,6.227070066666666,1014.1333333333333,0.0,25.208333333333332
2021-10-04,39.76168,-121.84047,14.6,61.0,Chico-East Avenue,25.082916458333333,20.12555089583333,7.3728379833333335,1012.0291666666667,0.0,9.5
2021-10-05,39.76168,-121.84047,9.3,51.0,Chico-East Avenue,24.955833583333334,20.326176125,13.433719104166668,1010.6083333333332,0.0,44.958333333333336
2021-10-06,39.76168,-121.84047,9.3,51.0,Chico-East Avenue,24.955833583333334,20.326176125,13.433719104166668,1010.6083333333332,0.0,44.958333333333336
2021-10-07,39.76168,-121.84047,8.3,46.0,Chico-East Avenue,18.326666916666667,47.015257041666665,9.128113241666666,1013.6833333333334,0.004166666666666667,93.70833333333333
2021-10-08,39.76168,-121.84047,8.3,46.0,Chico-East Avenue,18.326666916666667,47.015257041666665,9.128113241666666,1013.6833333333334,0.004166666666666667,93.70833333333333
2021-10-09,39.76168,-121.84047,6.6,37.0,Chico-East Avenue,16.637083541666666,44.28519295833333,10.747809887499999,1020.625,0.0,18.416666666666668
2021-10-10,39.76168,-121.84047,8.0,44.0,Chico-East Avenue,17.247500083333332,40.83146829166667,4.925064979166667,1018.9125,0.0,0.0
2021-10-11,39.76168,-121.84047,1.9,11.0,Chico-East Avenue,17.166250125,30.295028708333334,24.380442595833333,1014.4499999999999,0.0,1.9166666666666667
2021-10-12,39.76168,-121.84047,2.3,13.0,Chico-East Avenue,14.478750333333332,24.413224770833335,18.094563958333335,1016.9875000000001,0.0,4.958333333333333
2021-10-13,39.76168,-121.84047,5.4,30.0,Chico-East Avenue,14.601667041666666,22.599693333333335,6.226052620833333,1015.4833333333332,0.0,65.25
2021-10-14,39.76168,-121.84047,3.8,21.0,Chico-East Avenue,15.412083541666668,33.69907089583334,10.328228004166666,1017.6125000000001,0.0,4.041666666666667
2021-10-15,39.76168,-121.84047,7.3,41.0,Chico-East Avenue,17.085000224999998,27.61059675,7.19603938625,1019.8333333333334,0.0,2.625
2021-10-16,39.76168,-121.84047,8.0,44.0,Chico-East Avenue,17.95375016666667,29.519862916666668,4.0261728041666665,1017.5916666666667,0.0,0.0
2021-10-17,39.76168,-121.84047,5.9,33.0,Chico-East Avenue,20.735000083333333,24.525653625,17.571256333333334,1010.6041666666666,0.0,47.583333333333336
2021-10-18,39.76168,-121.84047,2.7,15.0,Chico-East Avenue,12.601666791666666,72.05065391666666,11.1915757875,1013.0500000000001,0.25,83.33333333333333
2021-10-19,39.76168,-121.84047,5.2,29.0,Chico-East Avenue,11.082916770833334,63.721051249999995,6.544731349999999,1016.475,0.0,48.458333333333336
2021-10-20,39.76168,-121.84047,5.2,29.0,Chico-East Avenue,13.997500291666666,66.09703975000001,15.83502475,1016.4250000000001,0.5541666666666667,100.0
2021-10-21,39.76168,-121.84047,3.5,19.0,Chico-East Avenue,15.755833416666666,81.23371075,10.848373620833334,1018.8541666666666,0.2625,94.16666666666667
2021-10-22,39.76168,-121.84047,2.7,15.0,Chico-East Avenue,17.42875025,80.83426733333333,17.303064333333335,1014.0416666666666,1.4875,74.45833333333333
2021-10-23,39.76168,-121.84047,4.2,23.0,Chico-East Avenue,14.380833541666668,70.73128266666667,14.431917291666666,1013.5166666666668,0.1708333333333333,90.29166666666667
2021-10-24,39.76168,-121.84047,1.7,9.0,Chico-East Avenue,13.287083375,87.65102954166667,23.509889104166664,1005.1750000000001,3.7708333333333335,100.0
2021-10-25,39.76168,-121.84047,2.6,14.0,Chico-East Avenue,13.570416916666666,84.67230470833333,15.230648333333333,1003.8916666666668,0.9083333333333333,81.125
2021-10-26,39.76168,-121.84047,4.7,26.0,Chico-East Avenue,12.670416833333334,73.58789504166667,15.752343020833335,1018.2875,0.0625,69.33333333333333
2021-10-27,39.76168,-121.84047,5.3,29.0,Chico-East Avenue,15.674583499999999,68.92199133333334,8.731710115416666,1025.5125,0.0,77.70833333333333
2021-10-28,39.76168,-121.84047,7.5,42.0,Chico-East Avenue,15.864166875,74.92947141666666,7.486902420833334,1022.0666666666666,0.0,0.08333333333333333
2021-10-29,39.76168,-121.84047,12.3,57.0,Chico-East Avenue,15.343333416666667,83.45740741666667,3.2420769333333332,1016.1291666666666,0.0,49.791666666666664
2021-10-30,39.76168,-121.84047,6.4,36.0,Chico-East Avenue,16.982916833333334,78.48071670833333,9.95726675,1012.1291666666666,0.0,55.375
2021-10-31,39.76168,-121.84047,5.9,33.0,Chico-East Avenue,14.987083624999999,79.21995408333333,10.506753616666666,1014.5166666666668,0.004166666666666667,42.0
2021-11-01,39.76168,-121.84047,10.3,53.0,Chico-East Avenue,14.989166875,77.70519399999999,9.344517441666667,1016.4333333333334,0.09583333333333333,98.79166666666667
2021-11-02,39.76168,-121.84047,7.3,41.0,Chico-East Avenue,15.078750166666666,87.26480083333333,8.441039128333333,1021.7458333333334,0.09583333333333333,85.79166666666667
2021-11-03,39.76168,-121.84047,8.9,49.0,Chico-East Avenue,13.649583625,82.39548554166667,4.724315466666667,1021.4625,0.0,13.0
2021-11-04,39.76168,-121.84047,5.2,29.0,Chico-East Avenue,16.89541675,78.72989195833334,16.5631895,1018.0583333333334,0.10416666666666667,46.875
2021-11-05,39.76168,-121.84047,9.4,52.0,Chico-East Avenue,11.532916820833334,77.28170025,3.5251522208333337,1018.7666666666668,0.0,51.333333333333336
2021-11-06,39.76168,-121.84047,11.1,55.0,Chico-East Avenue,12.866250041666667,86.314044875,5.3220691875,1018.725,0.10416666666666667,94.16666666666667
2021-11-07,39.76168,-121.84047,7.5,42.0,Chico-East Avenue,10.701666741666665,76.44015466666667,9.116004257083333,1021.4666666666667,0.075,36.0
2021-11-08,39.76168,-121.84047,10.1,53.0,Chico-East Avenue,8.457916741666667,62.04952,4.3054219583333335,1019.2875,0.0,62.708333333333336
2021-11-09,39.76168,-121.84047,5.1,28.0,Chico-East Avenue,12.064166958333333,81.766781875,17.862559395833333,1017.9499999999999,1.1291666666666667,100.0
2021-11-10,39.76168,-121.84047,9.4,52.0,Chico-East Avenue,14.176666791666667,86.73178054166668,6.699298791666667,1025.6458333333333,0.0,80.29166666666667
2021-11-11,39.76168,-121.84047,11.0,55.0,Chico-East Avenue,13.599583458333333,83.29915704166667,5.964606891666667,1025.1416666666667,0.0,46.041666666666664
2021-11-12,39.76168,-121.84047,11.5,55.0,Chico-East Avenue,13.428750125,86.51767591666668,3.1637397208333335,1023.6750000000001,0.0,23.791666666666668
2021-11-13,39.76168,-121.84047,10.6,54.0,Chico-East Avenue,12.649583641666666,80.05817020833334,3.4962482749999997,1022.2958333333332,0.0,59.375
2021-11-14,39.76168,-121.84047,13.8,60.0,Chico-East Avenue,12.985000208333334,86.07192129166667,4.603769258333334,1021.8000000000001,0.0,76.75
2021-11-15,39.76168,-121.84047,9.4,52.0,Chico-East Avenue,13.249583375,85.11761758333334,3.7087473416666668,1019.9041666666667,0.0,100.0
2021-11-16,39.76168,-121.84047,8.3,46.0,Chico-East Avenue,13.447500041666666,83.99379437500001,7.952471404166666,1019.1291666666666,0.004166666666666667,50.416666666666664
2021-11-17,39.76168,-121.84047,18.4,68.0,Chico-East Avenue,11.299583624999999,65.30498841666666,7.7552821375,1017.5500000000001,0.0,31.0
2021-11-18,39.76168,-121.84047,25.2,81.0,Chico-East Avenue,9.628750133333334,72.21966558333334,4.096538370833334,1019.0124999999999,0.0,74.45833333333333
2021-11-19,39.76168,-121.84047,17.2,66.0,Chico-East Avenue,11.885000208333333,84.83050404166666,7.4130713041666665,1020.5041666666666,0.4833333333333334,90.95833333333333
2021-11-20,39.76168,-121.84047,7.4,41.0,Chico-East Avenue,11.7037502125,73.49992525,10.080789004166666,1021.8541666666666,0.004166666666666667,15.291666666666666
2021-11-21,39.76168,-121.84047,13.6,59.0,Chico-East Avenue,11.514166762499999,55.896300458333336,9.668014208333334,1023.9499999999999,0.0,0.125
2021-11-22,39.76168,-121.84047,15.1,62.0,Chico-East Avenue,9.270416770833334,66.19003433333333,4.725620316666666,1022.2416666666667,0.0,0.08333333333333333
2021-11-23,39.76168,-121.84047,8.1,45.0,Chico-East Avenue,10.387083383333334,70.90070804166668,8.640164475,1017.9708333333333,0.0,23.166666666666668
2021-11-24,39.76168,-121.84047,4.4,24.0,Chico-East Avenue,9.820416729166666,49.718959125,11.422965291666666,1021.7624999999999,0.0,17.916666666666668
2021-11-25,39.76168,-121.84047,23.2,77.0,Chico-East Avenue,10.482916833333334,44.46535641666667,5.403981616666666,1027.0,0.0,79.20833333333333
2021-11-26,39.76168,-121.84047,17.8,67.0,Chico-East Avenue,10.603750166666666,70.23002458333333,5.364322445833333,1025.575,0.0,78.0
2021-11-27,39.76168,-121.84047,15.7,63.0,Chico-East Avenue,11.862083545833334,72.55395420833334,4.814702333333334,1020.8874999999999,0.0,64.70833333333333
2021-11-28,39.76168,-121.84047,17.5,67.0,Chico-East Avenue,11.505833491666666,76.87976970833334,6.112846758333333,1022.8583333333332,0.0,25.375
2021-11-29,39.76168,-121.84047,16.5,65.0,Chico-East Avenue,12.501666695833334,76.300497,3.9839476458333336,1022.2375000000001,0.0,3.2916666666666665
2021-11-30,39.76168,-121.84047,20.6,72.0,Chico-East Avenue,11.749583641666668,74.90150183333334,3.848964554166667,1020.2791666666667,0.0,36.458333333333336
2021-12-01,39.76168,-121.84047,23.2,77.0,Chico-East Avenue,14.870416833333335,52.13559225,5.485093945833333,1019.7624999999999,0.0,0.3333333333333333
2021-12-02,39.76168,-121.84047,21.5,74.0,Chico-East Avenue,11.435000091666666,72.58424045833333,5.232035933333333,1019.4416666666666,0.0,0.0
2021-12-03,39.76168,-121.84047,26.1,83.0,Chico-East Avenue,12.076666975,78.48680595833333,3.4397686000000003,1018.9916666666667,0.0,18.083333333333332
2021-12-04,39.76168,-121.84047,23.2,77.0,Chico-East Avenue,10.389166975,88.85252870833334,5.268175433333333,1021.0791666666668,0.0,34.875
2021-12-05,39.76168,-121.84047,11.7,56.0,Chico-East Avenue,10.07875015,87.870529625,4.949232129166667,1024.3416666666667,0.0,58.041666666666664
2021-12-06,39.76168,-121.84047,21.2,74.0,Chico-East Avenue,8.910000016666666,86.86651295833333,4.698845220833333,1021.6041666666666,0.004166666666666667,92.54166666666667
2021-12-07,39.76168,-121.84047,11.6,56.0,Chico-East Avenue,9.870416716666666,90.60321945833334,5.1339825,1016.5500000000001,0.19583333333333333,78.04166666666667
2021-12-08,39.76168,-121.84047,14.6,61.0,Chico-East Avenue,9.7370835,93.52611979166666,7.198865395833334,1017.3041666666667,0.0,80.20833333333333
2021-12-09,39.76168,-121.84047,6.7,37.0,Chico-East Avenue,10.182916791666667,82.64896616666667,8.697415808333334,1013.9291666666667,0.4041666666666666,72.91666666666667
2021-12-10,39.76168,-121.84047,11.2,55.0,Chico-East Avenue,6.6016667875,51.23129179166667,10.3714706375,1019.9499999999999,0.0,31.291666666666668
2021-12-11,39.76168,-121.84047,12.4,57.0,Chico-East Avenue,6.609999995833333,63.351837208333336,8.842301758333333,1023.5041666666666,0.0,80.75
2021-12-12,39.76168,-121.84047,5.5,31.0,Chico-East Avenue,8.966250208333333,76.9495615,19.08969804166667,1015.9333333333334,0.7833333333333333,100.0
2021-12-13,39.76168,-121.84047,3.7,21.0,Chico-East Avenue,8.714166833333334,86.53990566666666,27.551280791666667,1007.5625,1.4958333333333333,100.0
2021-12-14,39.76168,-121.84047,6.6,37.0,Chico-East Avenue,7.0495833875,85.93701195833334,11.099143908333334,1007.2375000000001,0.8666666666666667,87.20833333333333
2021-12-15,39.76168,-121.84047,3.1,17.0,Chico-East Avenue,4.653749970833333,80.72612333333333,16.06098385,1018.7958333333332,0.4791666666666667,77.875
2021-12-16,39.76168,-121.84047,5.7,32.0,Chico-East Avenue,7.055833458333333,86.13703675,19.407885083333333,1017.3166666666666,1.3583333333333334,96.45833333333333
2021-12-17,39.76168,-121.84047,15.5,63.0,Chico-East Avenue,4.1225000312499995,81.45727654166667,5.949745354166667,1023.8041666666667,0.0,14.833333333333334
2021-12-18,39.76168,-121.84047,10.6,54.0,Chico-East Avenue,3.6370833225,86.34700220833334,4.314345516666667,1026.1583333333333,0.0,71.33333333333333
2021-12-19,39.76168,-121.84047,10.7,54.0,Chico-East Avenue,4.362083375,84.48464158333333,4.309668575,1020.725,0.0,75.875
2021-12-20,39.76168,-121.84047,17.0,66.0,Chico-East Avenue,4.376666725,87.60511366666667,3.6097460375000003,1021.1,0.0,73.91666666666667
2021-12-21,39.76168,-121.84047,24.6,80.0,Chico-East Avenue,4.266250027916667,80.56162845833333,4.253962329166667,1021.5208333333334,0.0,77.0
2021-12-22,39.76168,-121.84047,11.6,56.0,Chico-East Avenue,6.799583320833334,92.48300175000001,5.352154991666667,1019.3916666666668,0.5916666666666667,99.54166666666667
2021-12-23,39.76168,-121.84047,4.3,24.0,Chico-East Avenue,10.489166708333334,89.597530125,16.429229916666667,1008.8583333333332,0.8624999999999999,95.91666666666667
2021-12-24,39.76168,-121.84047,4.5,25.0,Chico-East Avenue,10.072500208333333,89.20554683333334,14.835103620833335,1005.3291666666668,0.34166666666666673,89.04166666666667
2021-12-25,39.76168,-121.84047,3.7,21.0,Chico-East Avenue,8.326666670833333,84.41782470833333,22.36281025,1008.2291666666666,1.1041666666666667,78.375
2021-12-26,39.76168,-121.84047,2.7,15.0,Chico-East Avenue,4.7995833291666665,89.785556,15.436201720833333,1010.375,0.05416666666666667,71.66666666666667
2021-12-27,39.76168,-121.84047,4.3,24.0,Chico-East Avenue,6.551666683333334,86.75588216666667,17.6990093,1011.4041666666667,0.11666666666666668,94.58333333333333
2021-12-28,39.76168,-121.84047,6.2,34.0,Chico-East Avenue,4.247499975,77.98599504166667,7.014405145833333,1012.225,0.10416666666666667,98.625
2021-12-29,39.76168,-121.84047,6.4,36.0,Chico-East Avenue,4.562083374999999,92.82159879166666,6.436590558333333,1009.4666666666667,0.6125,100.0
2021-12-30,39.76168,-121.84047,14.6,61.0,Chico-East Avenue,4.2558333475,88.05310370833332,5.952984624166667,1012.8833333333333,0.0,54.791666666666664
2021-12-31,39.76168,-121.84047,16.6,65.0,Chico-East Avenue,4.9579167208333335,82.01456045833334,7.9340310625,1012.0583333333334,0.0,27.916666666666668
2022-01-01,39.76168,-121.84047,24.9,80.0,Chico-East Avenue,3.4683334,63.213723208333334,8.1479083,1019.0625,0.0,26.291666666666668
2022-01-02,39.76168,-121.84047,16.0,64.0,Chico-East Avenue,3.4058333064583337,73.02261570833333,5.870357054166667,1026.0416666666667,0.0,46.083333333333336
2022-01-03,39.76168,-121.84047,6.0,33.0,Chico-East Avenue,7.5308333874999995,74.553951875,16.2641037,1021.8000000000001,0.1708333333333333,91.70833333333333
2022-01-04,39.76168,-121.84047,3.3,18.0,Chico-East Avenue,10.072500208333333,87.43560491666666,21.04838397916667,1023.0333333333333,0.49583333333333335,100.0
2022-01-05,39.76168,-121.84047,8.3,46.0,Chico-East Avenue,11.693333583333335,86.47529291666666,10.524709870833334,1025.5291666666667,0.029166666666666664,93.625
2022-01-06,39.76168,-121.84047,8.3,46.0,Chico-East Avenue,11.693333583333335,86.47529291666666,10.524709870833334,1025.5291666666667,0.029166666666666664,93.625
2022-01-07,39.76168,-121.84047,8.3,46.0,Chico-East Avenue,11.693333583333335,86.47529291666666,10.524709870833334,1025.5291666666667,0.029166666666666664,93.625
2022-01-08,39.76168,-121.84047,8.3,46.0,Chico-East Avenue,11.693333583333335,86.47529291666666,10.524709870833334,1025.5291666666667,0.029166666666666664,93.625
2022-01-09,39.76168,-121.84047,8.3,46.0,Chico-East Avenue,11.693333583333335,86.47529291666666,10.524709870833334,1025.5291666666667,0.029166666666666664,93.625
2022-01-10,39.76168,-121.84047,8.3,46.0,Chico-East Avenue,11.693333583333335,86.47529291666666,10.524709870833334,1025.5291666666667,0.029166666666666664,93.625
2022-01-11,39.76168,-121.84047,18.4,68.0,Chico-East Avenue,8.178750175,72.63630245833333,4.359765129166667,1028.8541666666667,0.0,79.29166666666667
2022-01-12,39.76168,-121.84047,21.4,74.0,Chico-East Avenue,8.332916729166667,80.94700870833334,4.149727529166666,1026.4916666666666,0.0,79.125
2022-01-13,39.76168,-121.84047,22.4,76.0,Chico-East Avenue,9.666250212500001,78.32445808333334,4.745768483333333,1024.8208333333334,0.0,81.5
2022-01-14,39.76168,-121.84047,8.6,48.0,Chico-East Avenue,9.164166741666667,75.27793454166667,8.844346708333333,1023.7375000000001,0.0,2.25
2022-01-15,39.76168,-121.84047,14.6,61.0,Chico-East Avenue,9.460000141666667,68.42225145833333,6.6238977666666665,1023.2208333333333,0.0,81.125
2022-01-16,39.76168,-121.84047,20.5,72.0,Chico-East Avenue,7.918333425,75.709938375,4.773901675,1021.7624999999999,0.0,67.375
2022-01-17,39.76168,-121.84047,20.0,71.0,Chico-East Avenue,6.793333366666666,77.280586375,2.7966342666666666,1018.6541666666667,0.0,35.083333333333336
2022-01-18,39.76168,-121.84047,21.4,74.0,Chico-East Avenue,7.526666708333334,80.17702566666667,3.6936486041666665,1019.0458333333332,0.0,35.25
2022-01-19,39.76168,-121.84047,17.2,66.0,Chico-East Avenue,7.8204167375,77.78215658333333,3.7127767666666665,1022.5541666666667,0.0,45.375
2022-01-20,39.76168,-121.84047,19.1,70.0,Chico-East Avenue,10.078750033333334,62.857155750000004,6.071454107083333,1025.6791666666666,0.0,49.708333333333336
2022-01-21,39.76168,-121.84047,9.0,50.0,Chico-East Avenue,9.762083466666667,61.8743095,10.681125445833333,1024.9833333333333,0.0,76.79166666666667
2022-01-22,39.76168,-121.84047,3.1,17.0,Chico-East Avenue,12.03916685,41.67231041666667,15.211727333333334,1023.8874999999999,0.0,68.0
2022-01-23,39.76168,-121.84047,12.0,56.0,Chico-East Avenue,10.605833420833333,55.345998791666666,8.105882016666667,1023.9708333333333,0.0,0.0
2022-01-24,39.76168,-121.84047,16.0,64.0,Chico-East Avenue,8.853750058333334,69.42455845833334,4.154618191666667,1022.5291666666667,0.0,21.625
2022-01-25,39.76168,-121.84047,9.9,52.0,Chico-East Avenue,8.857916766666667,69.75575020833334,7.601549795833333,1018.5166666666668,0.0,6.333333333333333
2022-01-26,39.76168,-121.84047,10.3,53.0,Chico-East Avenue,7.889166795833333,55.170208583333334,6.563472279166667,1020.1916666666666,0.0,0.0
2022-01-27,39.76168,-121.84047,15.5,63.0,Chico-East Avenue,8.03083335,61.563422,7.245017083333334,1022.9833333333332,0.0,0.0
2022-01-28,39.76168,-121.84047,17.6,67.0,Chico-East Avenue,9.370416795833334,49.36831933333334,7.300995079166667,1025.9416666666666,0.0,33.416666666666664
2022-01-29,39.76168,-121.84047,19.5,70.0,Chico-East Avenue,7.285000129166666,63.6599225,5.4366500625,1024.0916666666667,0.0,23.041666666666668
2022-01-30,39.76168,-121.84047,15.7,63.0,Chico-East Avenue,7.5204168125,68.79962354166666,4.1275508375,1022.75,0.0,8.458333333333334
2022-01-31,39.76168,-121.84047,7.2,40.0,Chico-East Avenue,9.201666675,69.34970279166667,8.318494308333333,1022.8375,0.0,29.833333333333332
2022-02-01,39.76168,-121.84047,3.0,17.0,Chico-East Avenue,9.0266666875,40.91350654166667,17.079299208333335,1019.3583333333332,0.0,11.041666666666666
2022-02-02,39.76168,-121.84047,6.9,38.0,Chico-East Avenue,8.1787501125,36.29547629166667,14.367687312500001,1022.225,0.0,10.541666666666666
2022-02-03,39.76168,-121.84047,8.7,48.0,Chico-East Avenue,7.364166729166667,54.244190083333336,6.484423741666667,1023.7791666666667,0.0,67.20833333333333
2022-02-04,39.76168,-121.84047,13.5,59.0,Chico-East Avenue,9.7225000875,50.31345545833333,6.933781879166666,1028.3458333333333,0.0,18.333333333333332
2022-02-05,39.76168,-121.84047,13.1,58.0,Chico-East Avenue,9.537083466666667,57.77480429166667,5.4646149,1027.6333333333334,0.0,75.58333333333333
2022-02-06,39.76168,-121.84047,12.7,58.0,Chico-East Avenue,12.332916745833332,43.80538416666667,9.205868404166667,1024.5375000000001,0.0,4.25
2022-02-07,39.76168,-121.84047,12.2,57.0,Chico-East Avenue,11.595416854166666,50.856513791666664,6.6120322499999995,1026.2375,0.0,0.16666666666666666
2022-02-08,39.76168,-121.84047,8.8,49.0,Chico-East Avenue,12.420416824999998,51.54368233333333,6.796677104166666,1025.5249999999999,0.0,0.7916666666666666
2022-02-09,39.76168,-121.84047,5.8,32.0,Chico-East Avenue,14.22041685,39.613619666666665,11.693063804166668,1023.9333333333334,0.0,37.833333333333336
2022-02-10,39.76168,-121.84047,5.6,31.0,Chico-East Avenue,17.216250125,46.077159208333335,10.315997683333334,1022.1416666666668,0.0,35.666666666666664
2022-02-11,39.76168,-121.84047,11.8,56.0,Chico-East Avenue,15.041250166666666,51.26935341666667,6.596684391666667,1019.375,0.0,0.0
2022-02-12,39.76168,-121.84047,9.7,52.0,Chico-East Avenue,15.693333541666666,41.482093041666666,6.121342329166667,1019.4833333333332,0.0,21.583333333333332
2022-02-13,39.76168,-121.84047,7.0,39.0,Chico-East Avenue,13.755833541666666,55.880899416666665,4.084519795833334,1022.9125,0.0,12.541666666666666
2022-02-14,39.76168,-121.84047,6.7,37.0,Chico-East Avenue,14.280833541666667,47.82381216666667,9.557354504166666,1019.1083333333332,0.0,80.04166666666667
2022-02-15,39.76168,-121.84047,0.6,3.0,Chico-East Avenue,11.537083558333334,46.07570308333334,20.999436208333332,1013.9916666666667,0.012499999999999999,13.958333333333334
2022-02-16,39.76168,-121.84047,1.6,9.0,Chico-East Avenue,11.478750254166668,41.10474366666667,11.803104904166666,1016.7624999999999,0.0,1.4583333333333333
2022-02-17,39.76168,-121.84047,5.0,28.0,Chico-East Avenue,12.610000075,39.881521166666666,9.317296470833332,1023.8791666666666,0.0,5.166666666666667
2022-02-18,39.76168,-121.84047,7.2,40.0,Chico-East Avenue,10.64124995,49.06599779166667,4.325007120833333,1025.7583333333334,0.0,27.708333333333332
2022-02-19,39.76168,-121.84047,8.2,46.0,Chico-East Avenue,11.601666775,52.23744333333334,4.2698335,1021.8041666666667,0.0,0.0
2022-02-20,39.76168,-121.84047,9.2,51.0,Chico-East Avenue,12.770416808333332,47.583464375,7.424203283333333,1014.9250000000001,0.0,62.875
2022-02-21,39.76168,-121.84047,0.6,3.0,Chico-East Avenue,10.355833516666667,44.303300666666665,16.704870641666666,1012.4208333333332,0.0,18.208333333333332
2022-02-22,39.76168,-121.84047,4.0,22.0,Chico-East Avenue,6.985000129166667,56.71363,8.289870541666668,1012.725,0.04583333333333334,26.583333333333332
2022-02-23,39.76168,-121.84047,6.4,36.0,Chico-East Avenue,4.6099999975,41.20062370833333,11.1490879625,1016.7875,0.004166666666666667,8.333333333333334
2022-02-24,39.76168,-121.84047,6.8,38.0,Chico-East Avenue,4.549583402083333,39.519655875000005,6.4338369625,1024.6916666666666,0.0,0.0
2022-02-25,39.76168,-121.84047,9.5,52.0,Chico-East Avenue,7.116250027916667,40.094979083333335,8.013685566666666,1025.0041666666666,0.0,0.0
2022-02-26,39.76168,-121.84047,9.5,52.0,Chico-East Avenue,8.120416806958334,39.464063958333334,7.472588774999999,1026.3416666666667,0.0,61.375
2022-02-27,39.76168,-121.84047,7.3,41.0,Chico-East Avenue,11.539166791666666,46.20544029166667,4.7826889125,1028.9666666666667,0.004166666666666667,57.958333333333336
2022-02-28,39.76168,-121.84047,9.0,50.0,Chico-East Avenue,13.174583562499999,55.973078333333326,4.555269991666667,1026.0,0.0,44.083333333333336
2022-03-01,39.76168,-121.84047,8.7,48.0,Chico-East Avenue,15.793333583333334,50.304742874999995,7.232157316666666,1022.1750000000001,0.0,86.04166666666667
2022-03-02,39.76168,-121.84047,8.1,45.0,Chico-East Avenue,16.543333583333332,39.203073875,9.4629339875,1018.775,0.0,93.16666666666667
2022-03-03,39.76168,-121.84047,7.0,39.0,Chico-East Avenue,15.147500208333334,54.16085483333333,11.897236399999999,1013.1708333333332,0.041666666666666664,100.0
2022-03-04,39.76168,-121.84047,5.4,30.0,Chico-East Avenue,12.801666916666667,75.58282150000001,7.640492520833334,1011.0916666666667,0.0,79.0
2022-03-05,39.76168,-121.84047,4.0,22.0,Chico-East Avenue,9.147500108333334,52.07240458333334,9.996919916666668,1015.9958333333334,0.05416666666666667,81.66666666666667
2022-03-06,39.76168,-121.84047,6.5,36.0,Chico-East Avenue,7.697500091666666,50.3097745,7.0451051541666665,1022.5333333333333,0.0,5.333333333333333
2022-03-07,39.76168,-121.84047,4.8,27.0,Chico-East Avenue,10.553750020833332,35.469609125,9.721803825,1027.1666666666667,0.0,7.666666666666667
2022-03-08,39.76168,-121.84047,3.4,19.0,Chico-East Avenue,13.143333633333334,35.51721441666667,11.430966687500002,1023.4416666666666,0.0,48.708333333333336
2022-03-09,39.76168,-121.84047,1.8,10.0,Chico-East Avenue,14.962083445833334,33.353413958333334,9.602541945833332,1015.9499999999999,0.0,62.166666666666664
2022-03-10,39.76168,-121.84047,2.4,13.0,Chico-East Avenue,13.110000029166669,32.38236479166667,16.937960625,1017.625,0.0,1.5
2022-03-11,39.76168,-121.84047,5.0,28.0,Chico-East Avenue,11.276666883333334,20.801022895833334,8.2579005125,1024.4708333333333,0.0,7.416666666666667
2022-03-12,39.76168,-121.84047,5.8,32.0,Chico-East Avenue,14.128750016666666,35.785945500000004,12.56136405,1023.7333333333332,0.0,6.916666666666667
2022-03-13,39.76168,-121.84047,3.8,21.0,Chico-East Avenue,14.162083666666668,51.595291874999994,16.266013958333335,1019.9666666666667,0.0375,74.20833333333333
2022-03-14,39.76168,-121.84047,11.0,55.0,Chico-East Avenue,12.997500216666666,46.252987708333336,6.665000816666667,1023.7666666666668,0.0,86.04166666666667
2022-03-15,39.76168,-121.84047,3.1,17.0,Chico-East Avenue,15.553750166666667,64.13035766666667,13.618443,1023.1,0.5958333333333333,99.04166666666667
2022-03-16,39.76168,-121.84047,2.7,15.0,Chico-East Avenue,14.003750250000001,64.44309841666667,8.2244676375,1022.375,0.004166666666666667,24.041666666666668
2022-03-17,39.76168,-121.84047,5.7,32.0,Chico-East Avenue,13.876666875,43.94875745833334,8.27539915,1019.7833333333333,0.0,67.79166666666667
2022-03-18,39.76168,-121.84047,5.6,31.0,Chico-East Avenue,14.1162500875,54.11734166666667,6.511947233333333,1019.3333333333334,0.0,42.791666666666664
2022-03-19,39.76168,-121.84047,3.8,21.0,Chico-East Avenue,14.82250025,53.980064166666665,15.105845166666667,1014.1916666666666,0.0375,99.33333333333333
2022-03-20,39.76168,-121.84047,1.2,7.0,Chico-East Avenue,11.624583475,56.989055875,11.9420768875,1018.9875000000001,0.012500000000000002,49.25
2022-03-21,39.76168,-121.84047,1.2,7.0,Chico-East Avenue,15.516250362500001,33.14889254166666,12.538733704166667,1022.1875,0.0,49.333333333333336
2022-03-22,39.76168,-121.84047,0.6,3.0,Chico-East Avenue,20.57250025,43.15602404166666,15.703735045833334,1021.6750000000001,0.0,9.291666666666666
2022-03-23,39.76168,-121.84047,5.1,28.0,Chico-East Avenue,20.712083458333332,42.734883458333336,8.061625766666667,1018.9833333333332,0.0,5.583333333333333
2022-03-24,39.76168,-121.84047,6.1,34.0,Chico-East Avenue,19.841250125,51.29674429166667,5.8087706875,1017.6916666666666,0.0,53.666666666666664
2022-03-25,39.76168,-121.84047,6.6,37.0,Chico-East Avenue,19.58916675,49.766067291666666,8.3554790375,1015.5875,0.0,39.833333333333336
2022-03-26,39.76168,-121.84047,4.8,27.0,Chico-East Avenue,18.595416916666668,41.2337905,7.886322866666667,1012.2791666666667,0.0,58.333333333333336
2022-03-27,39.76168,-121.84047,2.4,13.0,Chico-East Avenue,18.557916875,43.553432375,14.441150416666666,1005.9166666666666,0.0,99.875
2022-03-28,39.76168,-121.84047,1.2,7.0,Chico-East Avenue,14.078750208333334,72.11906904166666,7.808132179166666,1006.6458333333334,0.5125000000000001,99.95833333333333
2022-03-29,39.76168,-121.84047,2.7,15.0,Chico-East Avenue,12.8037500875,72.131150625,3.52611976125,1012.0708333333333,0.0,17.208333333333332
2022-03-30,39.76168,-121.84047,6.5,36.0,Chico-East Avenue,15.06000025,69.56736191666667,9.270422666666667,1018.0833333333334,0.0,80.58333333333333
2022-03-31,39.76168,-121.84047,2.8,16.0,Chico-East Avenue,14.149583416666667,61.218778791666665,8.750306333333333,1014.9791666666666,0.0,93.70833333333333
2022-04-01,39.76168,-121.84047,3.9,22.0,Chico-East Avenue,15.905833445833332,34.126818166666666,7.386332908333333,1011.775,0.0,15.208333333333334
2022-04-02,39.76168,-121.84047,3.8,21.0,Chico-East Avenue,18.057916833333334,37.29370975,11.304635254166667,1014.2916666666666,0.0,31.375
2022-04-03,39.76168,-121.84047,3.0,17.0,Chico-East Avenue,18.520416795833334,22.210764333333334,8.927037070833334,1013.3916666666668,0.0,35.375
2022-04-04,39.76168,-121.84047,4.7,26.0,Chico-East Avenue,17.60791675,39.179016625,10.480999329166666,1014.4625,0.008333333333333333,95.375
2022-04-05,39.76168,-121.84047,3.1,17.0,Chico-East Avenue,16.528750166666665,40.211105833333335,15.483919583333332,1019.7583333333333,0.0,18.541666666666668
2022-04-06,39.76168,-121.84047,3.2,18.0,Chico-East Avenue,18.672500125,22.665479666666666,13.061969979166667,1019.9291666666667,0.0,14.041666666666666
2022-04-07,39.76168,-121.84047,7.9,44.0,Chico-East Avenue,23.207916666666666,17.334770458333335,8.775500379166667,1019.1750000000001,0.0,37.375
2022-04-08,39.76168,-121.84047,7.4,41.0,Chico-East Avenue,23.601666833333336,29.37046558333333,7.289198041666666,1016.9208333333332,0.0,60.625
2022-04-09,39.76168,-121.84047,4.4,24.0,Chico-East Avenue,20.095416958333335,21.291875304166666,24.28264858333333,1014.6708333333332,0.0,6.208333333333333
2022-04-10,39.76168,-121.84047,1.7,9.0,Chico-East Avenue,16.612083625,18.95058,24.7208845,1015.2416666666667,0.0,51.208333333333336
2022-04-11,39.76168,-121.84047,3.0,17.0,Chico-East Avenue,14.610000375,35.979109083333334,19.567133962499998,1008.725,0.05833333333333333,71.75
2022-04-12,39.76168,-121.84047,2.5,14.0,Chico-East Avenue,9.6850002,36.14585283333333,13.747281554166667,1018.5541666666667,0.0,19.666666666666668
2022-04-13,39.76168,-121.84047,3.3,18.0,Chico-East Avenue,10.7350002125,41.023368833333336,12.954317691666667,1021.6083333333332,0.004166666666666667,77.33333333333333
2022-04-14,39.76168,-121.84047,2.4,13.0,Chico-East Avenue,10.9370835,73.1454585,22.256303125,1017.3916666666668,0.4708333333333334,100.0
2022-04-15,39.76168,-121.84047,2.5,14.0,Chico-East Avenue,12.535000083333335,79.07438816666667,15.447906416666667,1015.1416666666668,0.049999999999999996,87.625
2022-04-16,39.76168,-121.84047,1.9,11.0,Chico-East Avenue,13.403750291666666,70.28546158333333,15.509738154166667,1012.525,0.47500000000000003,94.83333333333333
2022-04-17,39.76168,-121.84047,5.0,28.0,Chico-East Avenue,14.3495835,65.87119479166667,12.6541555,1020.525,0.0,52.125
2022-04-18,39.76168,-121.84047,3.9,22.0,Chico-East Avenue,14.787083541666666,40.310508875000004,17.386218520833335,1017.3708333333334,0.0,44.416666666666664
2022-04-19,39.76168,-121.84047,1.5,8.0,Chico-East Avenue,14.866250125,64.45143916666667,15.990393562500001,1014.4583333333334,0.3625,99.58333333333333
2022-04-20,39.76168,-121.84047,3.1,17.0,Chico-East Avenue,13.003750166666668,60.470640374999995,15.299634416666668,1013.9458333333333,0.2333333333333333,55.083333333333336
2022-04-21,39.76168,-121.84047,2.3,13.0,Chico-East Avenue,12.574583541666668,78.259663,17.676844833333334,1011.35,0.5416666666666666,80.625
2022-04-22,39.76168,-121.84047,2.8,16.0,Chico-East Avenue,11.4516668625,73.65863329166667,9.625124066666666,1015.2791666666667,0.2041666666666667,48.666666666666664
2022-04-23,39.76168,-121.84047,2.4,13.0,Chico-East Avenue,13.797500241666667,50.23754466666667,8.552692679166666,1021.6333333333333,0.0,2.0
2022-04-24,39.76168,-121.84047,2.4,13.0,Chico-East Avenue,16.93500020833333,37.93901029166667,7.9081075541666666,1019.0666666666666,0.0,19.791666666666668
2022-04-25,39.76168,-121.84047,8.9,49.0,Chico-East Avenue,19.060000166666665,36.077128125,9.689645350000001,1016.7458333333334,0.0,74.91666666666667
2022-04-26,39.76168,-121.84047,13.7,60.0,Chico-East Avenue,19.897500208333334,43.09069733333333,8.344176640833334,1013.5541666666667,0.0,57.916666666666664
2022-04-27,39.76168,-121.84047,9.5,52.0,Chico-East Avenue,18.216250125,47.49162570833334,5.4047768991666665,1013.1583333333333,0.0,16.25
2022-04-28,39.76168,-121.84047,4.7,26.0,Chico-East Avenue,16.685000083333332,46.814426625,12.307088604166667,1013.6291666666666,0.0,60.083333333333336
2022-04-29,39.76168,-121.84047,4.5,25.0,Chico-East Avenue,16.366250141666665,32.42857058333333,9.7218515375,1018.7375000000001,0.0,48.375
2022-04-30,39.76168,-121.84047,6.7,37.0,Chico-East Avenue,19.616250291666667,32.58225554166667,7.2256612083333325,1015.0749999999999,0.0,61.916666666666664
2022-05-01,39.76168,-121.84047,6.7,37.0,Chico-East Avenue,19.616250291666667,32.58225554166667,7.2256612083333325,1015.0749999999999,0.0,61.916666666666664
2022-05-02,39.76168,-121.84047,2.1,12.0,Chico-East Avenue,18.832916916666665,32.04844058333333,12.300809720833334,1012.0375,0.0,42.208333333333336
2022-05-03,39.76168,-121.84047,0.9,5.0,Chico-East Avenue,17.072500125,29.434656041666667,17.726690916666666,1017.0166666666668,0.0,11.625
2022-05-04,39.76168,-121.84047,3.5,19.0,Chico-East Avenue,22.228750166666668,27.838701708333332,10.648283512499999,1013.1708333333332,0.0,39.791666666666664
2022-05-05,39.76168,-121.84047,3.8,21.0,Chico-East Avenue,22.718333416666667,30.777661166666665,17.687099166666666,1011.9125,0.0,77.54166666666667
2022-05-06,39.76168,-121.84047,4.4,24.0,Chico-East Avenue,19.572500166666668,53.005238874999996,16.186461208333334,1015.7624999999999,0.0,74.5
2022-05-07,39.76168,-121.84047,4.3,24.0,Chico-East Avenue,17.655833458333333,50.388684624999996,12.433864904166667,1015.4250000000001,0.012500000000000002,37.333333333333336
2022-05-08,39.76168,-121.84047,1.8,10.0,Chico-East Avenue,14.866250125,31.280028541666667,14.6163614875,1012.3000000000001,0.016666666666666666,35.166666666666664
2022-05-09,39.76168,-121.84047,1.5,8.0,Chico-East Avenue,11.664166808333334,43.39584583333333,11.251019529166667,1014.3874999999999,0.008333333333333333,46.416666666666664
2022-05-10,39.76168,-121.84047,1.0,6.0,Chico-East Avenue,10.680833629166665,55.918225541666665,8.332243220833334,1018.9458333333333,0.041666666666666664,70.04166666666667
2022-05-11,39.76168,-121.84047,3.8,21.0,Chico-East Avenue,12.022500175,48.25575135416667,6.3560743791666665,1021.9458333333333,0.049999999999999996,21.208333333333332
2022-05-12,39.76168,-121.84047,1.9,11.0,Chico-East Avenue,15.520416833333334,35.784034104166665,10.147748241666667,1023.3791666666666,0.0,53.583333333333336
2022-05-13,39.76168,-121.84047,3.4,19.0,Chico-East Avenue,17.466250249999998,31.789753833333332,6.048835037500001,1022.7041666666668,0.0,32.875
2022-05-14,39.76168,-121.84047,1.0,6.0,Chico-East Avenue,21.520416666666666,45.2380093125,6.9145842625,1018.4125,0.0,85.54166666666667
2022-05-15,39.76168,-121.84047,3.0,17.0,Chico-East Avenue,25.322500041666668,30.565074041666666,8.4800704,1012.4666666666667,0.0,33.083333333333336
2022-05-16,39.76168,-121.84047,3.5,19.0,Chico-East Avenue,23.803750249999997,40.41890316666667,9.372767141666667,1013.275,0.0,53.75
2022-05-17,39.76168,-121.84047,5.4,30.0,Chico-East Avenue,23.543333208333333,34.93752516666667,7.966193258333333,1014.0,0.0,1.5833333333333333
2022-05-18,39.76168,-121.84047,2.8,16.0,Chico-East Avenue,27.147499625,18.2724505,14.911194691666667,1014.6083333333332,0.0,64.41666666666667
2022-05-19,39.76168,-121.84047,2.2,12.0,Chico-East Avenue,26.747500000000002,25.563846429166663,23.539358458333336,1013.4583333333334,0.0,97.375
2022-05-20,39.76168,-121.84047,1.2,7.0,Chico-East Avenue,21.166250125,15.826334000000001,18.931490041666667,1010.7375000000001,0.0,60.125
2022-05-21,39.76168,-121.84047,0.5,3.0,Chico-East Avenue,22.157916874999998,14.128949958333331,10.34801555,1010.2791666666667,0.0,20.958333333333332
2022-05-22,39.76168,-121.84047,1.5,8.0,Chico-East Avenue,23.90374991666667,17.7347383,8.237006029166666,1013.6166666666667,0.0,51.041666666666664
2022-05-23,39.76168,-121.84047,2.5,14.0,Chico-East Avenue,26.568333416666665,18.088469958333334,14.486303883333333,1012.9208333333332,0.0,61.875
2022-05-24,39.76168,-121.84047,2.0,11.0,Chico-East Avenue,28.174583041666665,17.201440295833333,14.937310516666665,1009.4875000000001,0.0,28.333333333333332
2022-05-25,39.76168,-121.84047,1.6,9.0,Chico-East Avenue,30.199583,19.104182583333333,9.545736345833333,1007.5625,0.0,34.75
2022-05-26,39.76168,-121.84047,5.0,28.0,Chico-East Avenue,28.922499916666666,24.892303291666664,12.3952771875,1006.85,0.0,68.66666666666667
2022-05-27,39.76168,-121.84047,3.7,21.0,Chico-East Avenue,22.839166916666667,46.521047708333334,10.852106520833333,1012.2666666666668,0.0,84.33333333333333
2022-05-28,39.76168,-121.84047,0.8,4.0,Chico-East Avenue,21.853750125,46.57486925,13.059832520833332,1011.3416666666667,0.04583333333333334,56.208333333333336
2022-05-29,39.76168,-121.84047,2.1,12.0,Chico-East Avenue,19.297500166666666,37.80772404166667,16.663919500000002,1012.3583333333332,0.008333333333333333,21.708333333333332
2022-05-30,39.76168,-121.84047,1.2,7.0,Chico-East Avenue,20.303750291666667,26.248632125,19.019788416666668,1011.8791666666666,0.0,8.125
2022-05-31,39.76168,-121.84047,1.6,9.0,Chico-East Avenue,22.12666683333333,19.192776854166667,12.7392323125,1011.7333333333332,0.0,0.7916666666666666
2022-06-01,39.76168,-121.84047,2.2,12.0,Chico-East Avenue,24.982916625,18.817705083333333,7.242171570833334,1011.2166666666667,0.0,44.333333333333336
2022-06-02,39.76168,-121.84047,2.7,15.0,Chico-East Avenue,27.72666645833333,22.111897166666665,8.841048308333333,1008.2833333333333,0.0,74.33333333333333
2022-06-03,39.76168,-121.84047,1.9,11.0,Chico-East Avenue,26.251666791666665,31.591337208333332,13.526892979166666,1007.6458333333334,0.0,73.91666666666667
2022-06-04,39.76168,-121.84047,0.9,5.0,Chico-East Avenue,22.791250333333334,36.57853516666667,13.971723041666666,1010.7458333333334,0.012499999999999999,100.0
2022-06-05,39.76168,-121.84047,2.4,13.0,Chico-East Avenue,18.901666916666667,68.69437283333333,19.568159791666666,1012.5083333333333,1.1041666666666667,99.95833333333333
2022-06-06,39.76168,-121.84047,1.7,9.0,Chico-East Avenue,22.326666916666667,60.362170416666665,9.260350920833334,1013.3666666666667,0.004166666666666667,24.166666666666668
2022-06-07,39.76168,-121.84047,1.8,10.0,Chico-East Avenue,24.184999791666666,29.561452375000002,5.581644154166667,1011.0749999999999,0.0,52.333333333333336
2022-06-08,39.76168,-121.84047,4.8,27.0,Chico-East Avenue,26.528749875,30.188657791666667,7.665222858333333,1010.8041666666667,0.0,84.5
2022-06-09,39.76168,-121.84047,3.0,17.0,Chico-East Avenue,28.112083,34.774709125,9.120643404166666,1009.8958333333334,0.0,81.875
2022-06-10,39.76168,-121.84047,1.0,6.0,Chico-East Avenue,31.620416125000002,28.028113416666667,13.028114299999999,1010.6791666666667,0.0,58.666666666666664
2022-06-11,39.76168,-121.84047,1.7,9.0,Chico-East Avenue,31.58708329166667,26.011197,8.917525058333334,1010.9458333333333,0.0,39.458333333333336
2022-06-12,39.76168,-121.84047,1.4,8.0,Chico-East Avenue,27.557916666666667,46.4133835,16.84246039583333,1007.375,0.4666666666666666,79.58333333333333
2022-06-13,39.76168,-121.84047,2.5,14.0,Chico-East Avenue,20.972500166666666,36.768649458333336,21.127623375,1012.4583333333334,0.020833333333333332,5.416666666666667
2022-06-14,39.76168,-121.84047,3.2,18.0,Chico-East Avenue,22.71625004166667,22.52489985833333,13.9977081875,1015.0375,0.0,0.0
2022-06-15,39.76168,-121.84047,4.1,23.0,Chico-East Avenue,25.655833458333333,18.284889420833334,8.582061933333334,1010.7875,0.0,1.1666666666666667
2022-06-16,39.76168,-121.84047,5.6,31.0,Chico-East Avenue,25.891249875,26.384179729166664,12.1130293625,1008.3541666666666,0.0,43.541666666666664
2022-06-17,39.76168,-121.84047,4.0,22.0,Chico-East Avenue,21.353750166666668,35.998521458333336,17.745748083333336,1006.8208333333333,0.0,68.75
2022-06-18,39.76168,-121.84047,1.7,9.0,Chico-East Avenue,18.666250125,46.891856999999995,5.127498875,1012.5958333333333,0.0375,42.5
2022-06-19,39.76168,-121.84047,1.3,7.0,Chico-East Avenue,21.032916750000002,32.974015625,7.397639833333333,1015.9583333333334,0.0,2.4583333333333335
2022-06-20,39.76168,-121.84047,1.3,7.0,Chico-East Avenue,21.032916750000002,32.974015625,7.397639833333333,1015.9583333333334,0.0,2.4583333333333335
2022-06-21,39.76168,-121.84047,1.3,7.0,Chico-East Avenue,21.032916750000002,32.974015625,7.397639833333333,1015.9583333333334,0.0,2.4583333333333335
2022-06-22,39.76168,-121.84047,6.8,38.0,Chico-East Avenue,31.90583325,14.285503541666666,12.424543320833335,1010.1750000000001,0.0,0.75
2022-06-23,39.76168,-121.84047,6.8,38.0,Chico-East Avenue,31.90583325,14.285503541666666,12.424543320833335,1010.1750000000001,0.0,0.75
2022-06-24,39.76168,-121.84047,5.3,29.0,Chico-East Avenue,31.97666645833333,20.2541384375,9.6661734875,1008.7166666666667,0.0,0.20833333333333334
2022-06-25,39.76168,-121.84047,5.2,29.0,Chico-East Avenue,31.953749791666667,16.634120629166667,9.192849679166667,1009.2875,0.0,0.0
2022-06-26,39.76168,-121.84047,3.1,17.0,Chico-East Avenue,31.659999749999997,17.626420812499997,8.943849075000001,1012.0500000000001,0.0,0.25
2022-06-27,39.76168,-121.84047,1.7,9.0,Chico-East Avenue,31.484999458333334,17.9700138625,10.805914491666668,1013.8041666666667,0.0,0.4583333333333333
2022-06-28,39.76168,-121.84047,6.1,34.0,Chico-East Avenue,32.162083083333336,15.429432075000001,11.995645066666667,1013.5333333333333,0.0,0.0
2022-06-29,39.76168,-121.84047,6.9,38.0,Chico-East Avenue,29.95999958333333,18.026774433333333,9.822797020833333,1012.5458333333332,0.0,0.0
2022-06-30,39.76168,-121.84047,7.2,40.0,Chico-East Avenue,27.012083125,28.87971,11.048280058333333,1013.0833333333334,0.0,0.0
2022-07-01,39.76168,-121.84047,6.4,36.0,Chico-East Avenue,26.168333333333333,35.15199545833333,9.307557058333334,1012.8958333333334,0.0,0.0
2022-07-02,39.76168,-121.84047,4.7,26.0,Chico-East Avenue,24.9579165,34.154301395833336,12.752503691666668,1010.9291666666667,0.0,0.041666666666666664
2022-07-03,39.76168,-121.84047,4.5,25.0,Chico-East Avenue,21.695416833333336,50.035274125,15.9181863125,1011.6374999999999,0.0,46.833333333333336
2022-07-04,39.76168,-121.84047,4.6,26.0,Chico-East Avenue,22.36000025,43.54606075,10.448331375,1012.65,0.0,33.833333333333336
2022-07-05,39.76168,-121.84047,4.4,24.0,Chico-East Avenue,25.77458354166667,47.00748879166667,12.685302604166665,1012.1958333333333,0.02916666666666667,57.666666666666664
2022-07-06,39.76168,-121.84047,3.3,18.0,Chico-East Avenue,25.262083458333333,46.43510570833334,13.463411708333334,1011.8083333333334,0.0,21.416666666666668
2022-07-07,39.76168,-121.84047,3.0,17.0,Chico-East Avenue,24.645416833333332,45.20598529166667,11.155808929166668,1013.3874999999999,0.0,0.0
2022-07-08,39.76168,-121.84047,3.9,22.0,Chico-East Avenue,27.155833666666666,28.122563291666665,7.191875562500001,1014.1541666666667,0.0,2.5416666666666665
2022-07-09,39.76168,-121.84047,4.3,24.0,Chico-East Avenue,28.124583291666667,32.27679141666667,10.332783133333333,1015.8958333333334,0.0,0.0
2022-07-10,39.76168,-121.84047,2.9,16.0,Chico-East Avenue,29.284999916666663,22.808966720833336,6.5951623375,1016.4333333333334,0.0,0.0
2022-07-11,39.76168,-121.84047,6.3,35.0,Chico-East Avenue,32.86624941666667,19.059565375000002,7.600019379166667,1010.7833333333333,0.0,0.0
2022-07-12,39.76168,-121.84047,6.4,36.0,Chico-East Avenue,33.16416641666667,22.5323015625,10.153999283333333,1008.0500000000001,0.0,28.416666666666668
2022-07-13,39.76168,-121.84047,4.6,26.0,Chico-East Avenue,29.58708283333333,29.320914833333333,12.55120815,1009.8291666666668,0.0,0.041666666666666664
2022-07-14,39.76168,-121.84047,5.1,28.0,Chico-East Avenue,29.24333295833333,23.92267179166667,7.8405097999999995,1011.4,0.0,0.0
2022-07-15,39.76168,-121.84047,5.0,28.0,Chico-East Avenue,30.49124970833333,26.8510868125,8.533729133333333,1011.5875,0.0,0.0
2022-07-16,39.76168,-121.84047,4.9,27.0,Chico-East Avenue,31.264166375,16.468273416666666,7.390314516666667,1011.0541666666667,0.0,0.0
2022-07-17,39.76168,-121.84047,5.8,32.0,Chico-East Avenue,33.437083125,18.58331402916667,9.761826425,1007.525,0.0,0.0
2022-07-18,39.76168,-121.84047,5.0,28.0,Chico-East Avenue,33.222499375,16.588440433333336,12.183291058333333,1008.6374999999999,0.0,0.0
2022-07-19,39.76168,-121.84047,4.6,26.0,Chico-East Avenue,32.595416166666666,14.835320062500001,11.170766200000001,1012.0291666666667,0.0,0.0
2022-07-20,39.76168,-121.84047,5.2,29.0,Chico-East Avenue,32.01208283333333,14.106820129166666,8.675645558333335,1013.3249999999999,0.0,0.0
2022-07-21,39.76168,-121.84047,4.0,22.0,Chico-East Avenue,31.862083,18.475659416666666,8.516043633333334,1012.75,0.0,0.0
2022-07-22,39.76168,-121.84047,5.0,28.0,Chico-East Avenue,31.262082916666667,19.43730909583333,8.694408708333333,1010.5500000000001,0.0,0.0
2022-07-23,39.76168,-121.84047,6.2,34.0,Chico-East Avenue,30.712083166666662,17.947347099999998,7.9515412375,1009.4625,0.0,0.0
2022-07-24,39.76168,-121.84047,5.0,28.0,Chico-East Avenue,30.968333125,17.084488279166667,7.4823570083333335,1008.5124999999999,0.0,0.0
2022-07-25,39.76168,-121.84047,8.6,48.0,Chico-East Avenue,30.6766665,21.483930416666666,7.788708454166667,1008.6541666666667,0.0,0.0
2022-07-26,39.76168,-121.84047,7.3,41.0,Chico-East Avenue,30.355832791666668,27.8555056875,8.8750468375,1009.5708333333333,0.0,24.083333333333332
2022-07-27,39.76168,-121.84047,7.0,39.0,Chico-East Avenue,29.662082833333333,28.709431166666665,7.198120525,1011.6083333333332,0.0,27.375
2022-07-28,39.76168,-121.84047,6.4,36.0,Chico-East Avenue,31.58291625,27.345859750000002,7.4318839625,1009.7416666666667,0.0,2.875
2022-07-29,39.76168,-121.84047,8.0,44.0,Chico-East Avenue,30.547500083333333,34.888960125000004,8.0712087,1008.5291666666667,0.0,0.25
2022-07-30,39.76168,-121.84047,8.2,46.0,Chico-East Avenue,30.753749541666664,35.98325125,9.137503116666666,1009.125,0.0,28.125
2022-07-31,39.76168,-121.84047,8.2,46.0,Chico-East Avenue,30.753749541666664,35.98325125,9.137503116666666,1009.125,0.0,28.125
2022-08-01,39.76168,-121.84047,7.5,42.0,Chico-East Avenue,28.52458329166667,43.40014333333334,9.817517208333333,1013.8958333333334,0.004166666666666667,89.08333333333333
2022-08-02,39.76168,-121.84047,9.1,51.0,Chico-East Avenue,28.39749995833333,62.37273691666667,5.0761050125,1014.0375,0.024999999999999998,25.125
2022-08-03,39.76168,-121.84047,9.8,52.0,Chico-East Avenue,33.23499983333333,29.74038979166667,7.837945020833334,1011.3249999999999,0.0,65.16666666666667
2022-08-04,39.76168,-121.84047,11.7,56.0,Chico-East Avenue,34.50374933333333,28.684527083333332,8.685151933333334,1008.0500000000001,0.0,4.875
2022-08-05,39.76168,-121.84047,6.2,34.0,Chico-East Avenue,30.80583316666667,29.700108874999998,15.322961625,1009.7666666666668,0.0,72.91666666666667
2022-08-06,39.76168,-121.84047,5.2,29.0,Chico-East Avenue,28.70583308333333,43.301965208333336,10.986146408333333,1012.8083333333334,0.0,28.083333333333332
2022-08-07,39.76168,-121.84047,10.0,53.0,Chico-East Avenue,28.50791683333333,37.578634,7.257215766666666,1012.9875000000001,0.0,0.0
2022-08-08,39.76168,-121.84047,5.0,28.0,Chico-East Avenue,28.6391665,33.09873145833333,9.264545058333333,1012.9791666666666,0.0,7.291666666666667
2022-08-09,39.76168,-121.84047,6.5,36.0,Chico-East Avenue,28.878749958333334,32.565489166666666,12.3015926875,1011.6,0.0,12.666666666666666
2022-08-10,39.76168,-121.84047,3.6,20.0,Chico-East Avenue,26.630833041666666,33.094837125,13.844360208333335,1014.3458333333333,0.0,1.7083333333333333
2022-08-11,39.76168,-121.84047,4.2,23.0,Chico-East Avenue,27.120416541666668,26.569958187500003,8.075986645,1015.35,0.0,3.4166666666666665
2022-08-12,39.76168,-121.84047,3.5,19.0,Chico-East Avenue,27.841249541666667,28.013308041666665,9.094445395833334,1013.9208333333332,0.0,0.16666666666666666
2022-08-13,39.76168,-121.84047,6.4,36.0,Chico-East Avenue,28.387082875,19.88843483333333,6.562551745833333,1013.7125,0.0,0.0
2022-08-14,39.76168,-121.84047,8.9,49.0,Chico-East Avenue,29.516249416666668,15.462568083333332,6.8082459875,1012.7208333333333,0.0,0.0
2022-08-15,39.76168,-121.84047,29.2,88.0,Chico-East Avenue,29.982916125,14.439534020833333,5.481616091666666,1009.5749999999999,0.0,0.0
2022-08-16,39.76168,-121.84047,25.0,81.0,Chico-East Avenue,31.218333166666667,11.983594104166668,5.99194395,1007.4333333333334,0.0,0.0
2022-08-17,39.76168,-121.84047,15.3,63.0,Chico-East Avenue,33.809999499999996,12.051135583333334,7.7246697583333335,1007.7916666666666,0.0,30.875
2022-08-18,39.76168,-121.84047,11.7,56.0,Chico-East Avenue,33.36833308333333,22.158239270833334,7.035981020833333,1009.8791666666666,0.0,22.833333333333332
2022-08-19,39.76168,-121.84047,9.5,52.0,Chico-East Avenue,33.378749416666665,22.3374809375,8.035790133333334,1008.2125,0.0,0.3333333333333333
2022-08-20,39.76168,-121.84047,14.7,61.0,Chico-East Avenue,32.46624941666666,18.2150096875,6.6376483083333335,1006.1,0.0,0.0
2022-08-21,39.76168,-121.84047,8.5,47.0,Chico-East Avenue,32.705833,20.230880875,10.410500833333334,1009.4041666666667,0.0,7.75
2022-08-22,39.76168,-121.84047,11.2,55.0,Chico-East Avenue,29.730832791666668,30.946833645833333,7.390957695833333,1013.5500000000001,0.0,1.4583333333333333
2022-08-23,39.76168,-121.84047,12.8,58.0,Chico-East Avenue,30.445416541666663,27.449346770833333,5.529129570833334,1009.8083333333334,0.0,0.0
2022-08-24,39.76168,-121.84047,7.9,44.0,Chico-East Avenue,32.08291645833334,22.46764966666667,7.420130175,1006.4541666666668,0.0,0.0
2022-08-25,39.76168,-121.84047,6.9,38.0,Chico-East Avenue,30.299583291666664,25.6983451875,10.024233275,1009.6958333333333,0.0,0.0
2022-08-26,39.76168,-121.84047,6.2,34.0,Chico-East Avenue,28.516249833333333,27.58399760416667,7.123656866666667,1011.8791666666666,0.0,0.0
2022-08-27,39.76168,-121.84047,6.8,38.0,Chico-East Avenue,28.597499875,25.197256083333333,8.844335595833334,1008.4041666666667,0.0,3.1666666666666665
2022-08-28,39.76168,-121.84047,7.2,40.0,Chico-East Avenue,27.53499958333333,33.44251710416667,7.333038620833334,1007.0,0.0,19.583333333333332
2022-08-29,39.76168,-121.84047,8.5,47.0,Chico-East Avenue,27.691249749999997,29.809291812500003,6.7958269625000005,1008.8916666666668,0.0,6.875
2022-08-30,39.76168,-121.84047,9.4,52.0,Chico-East Avenue,29.824583291666666,24.876992291666667,7.135653166666667,1011.5708333333333,0.0,2.1666666666666665
2022-08-31,39.76168,-121.84047,6.4,36.0,Chico-East Avenue,30.08083333333333,29.338539625,7.790113266666666,1012.725,0.0,0.0
2022-09-01,39.76168,-121.84047,5.4,30.0,Chico-East Avenue,29.805833041666663,17.182485395833336,5.9235181625,1010.2375000000001,0.0,0.0
2022-09-02,39.76168,-121.84047,5.6,31.0,Chico-East Avenue,32.60999979166667,16.45132415,8.011428091666668,1007.5791666666668,0.0,0.0
2022-09-03,39.76168,-121.84047,6.4,36.0,Chico-East Avenue,31.882916499999997,16.550984645833335,9.7535536375,1009.9791666666666,0.0,0.0
2022-09-04,39.76168,-121.84047,2.5,14.0,Chico-East Avenue,30.7724995,15.927193741666665,5.053940154166667,1011.0666666666666,0.0,0.0
2022-09-05,39.76168,-121.84047,5.0,28.0,Chico-East Avenue,33.05374966666667,11.921727679166667,5.9641228875,1007.9499999999999,0.0,0.0
2022-09-06,39.76168,-121.84047,9.0,50.0,Chico-East Avenue,36.072499541666666,15.21996575,5.57881925,1006.3708333333334,0.0,6.75
2022-09-07,39.76168,-121.84047,10.0,53.0,Chico-East Avenue,36.145416250000004,14.917266916666668,7.6964256875,1009.3041666666667,0.0,14.458333333333334
2022-09-08,39.76168,-121.84047,12.8,58.0,Chico-East Avenue,35.06208279166666,17.6092120125,5.500430952916666,1008.6541666666667,0.0,6.875
2022-09-09,39.76168,-121.84047,17.1,66.0,Chico-East Avenue,34.98708308333333,16.735461004166666,7.780547299999999,1000.2083333333334,0.0,0.0
2022-09-10,39.76168,-121.84047,35.5,101.0,Chico-East Avenue,33.01208225,17.194716333333332,11.299897195833333,1002.9875000000001,0.0,16.125
2022-09-11,39.76168,-121.84047,42.8,119.0,Chico-East Avenue,28.884999708333336,27.700711125,9.052732533333334,1013.1416666666668,0.0,83.5
2022-09-12,39.76168,-121.84047,27.4,85.0,Chico-East Avenue,28.564166416666666,32.35514375,6.879364140833334,1012.6583333333333,0.0,55.916666666666664
2022-09-13,39.76168,-121.84047,7.2,40.0,Chico-East Avenue,25.297500291666665,45.25854804166667,13.692254416666666,1009.0666666666666,0.024999999999999998,24.0
2022-09-14,39.76168,-121.84047,6.6,37.0,Chico-East Avenue,21.868333500000002,48.005292625,11.569424954166665,1010.5833333333334,0.0,51.75
2022-09-15,39.76168,-121.84047,13.3,59.0,Chico-East Avenue,21.7058335,49.348216666666666,8.315375558333333,1013.8125,0.0,16.958333333333332
2022-09-16,39.76168,-121.84047,11.4,55.0,Chico-East Avenue,21.414166875000003,44.812921708333334,5.511320204166666,1014.0458333333332,0.0,0.625
2022-09-17,39.76168,-121.84047,13.2,59.0,Chico-East Avenue,22.812083541666667,40.413256625,11.764231516666667,1008.2791666666667,0.0,39.083333333333336
2022-09-18,39.76168,-121.84047,4.0,22.0,Chico-East Avenue,20.078750125,50.22578529166666,19.041514104166666,1004.2375000000001,0.13333333333333333,97.79166666666667
2022-09-19,39.76168,-121.84047,2.5,14.0,Chico-East Avenue,17.532916833333335,82.99971583333333,9.05344205,1009.0,1.375,75.04166666666667
2022-09-20,39.76168,-121.84047,3.1,17.0,Chico-East Avenue,18.27458354166667,80.04498904166667,4.8570381875,1012.2458333333334,0.3541666666666667,86.91666666666667
2022-09-21,39.76168,-121.84047,4.6,26.0,Chico-East Avenue,17.849583624999998,70.03446825,6.130149520833334,1013.3666666666667,0.0625,78.29166666666667
2022-09-22,39.76168,-121.84047,2.9,16.0,Chico-East Avenue,18.291250208333334,66.25368470833332,8.482239466666668,1017.125,0.025000000000000005,14.333333333333334
2022-09-23,39.76168,-121.84047,3.7,21.0,Chico-East Avenue,20.099583624999998,57.97028600000001,5.539929608333334,1014.5291666666667,0.0,0.0
2022-09-24,39.76168,-121.84047,6.0,33.0,Chico-East Avenue,21.932916916666667,56.847364666666664,4.254779545833333,1014.8333333333334,0.0,0.0
2022-09-25,39.76168,-121.84047,4.1,23.0,Chico-East Avenue,23.6120835,50.82054879166666,3.6149519958333336,1015.0708333333333,0.0,0.0
2022-09-26,39.76168,-121.84047,6.2,34.0,Chico-East Avenue,24.274583583333335,54.268519125000005,4.752299233333333,1012.8458333333333,0.0,0.2916666666666667
2022-09-27,39.76168,-121.84047,6.4,36.0,Chico-East Avenue,23.29125025,54.417405958333326,8.135765225,1012.3874999999999,0.0,4.166666666666667
2022-09-28,39.76168,-121.84047,8.1,45.0,Chico-East Avenue,22.295416833333334,44.234032875,9.840157408333333,1013.8874999999999,0.0,19.041666666666668
2022-09-29,39.76168,-121.84047,3.0,17.0,Chico-East Avenue,22.582916791666666,45.45844820833333,5.514232303333333,1015.6833333333334,0.0,27.291666666666668
2022-09-30,39.76168,-121.84047,2.2,12.0,Chico-East Avenue,22.595416625,37.0827605,8.584957604166666,1011.2624999999999,0.0,0.0
2022-10-01,39.76168,-121.84047,4.3,24.0,Chico-East Avenue,23.195416875000003,35.32829091666667,6.844440858333333,1007.9125,0.0,0.0
2022-10-02,39.76168,-121.84047,5.9,33.0,Chico-East Avenue,21.71000008333333,56.53534058333333,6.7107946125,1011.3333333333334,0.0,0.0
2022-10-03,39.76168,-121.84047,8.7,48.0,Chico-East Avenue,20.935000249999998,56.713767625,3.329998320833333,1014.8083333333334,0.0,0.0
2022-10-04,39.76168,-121.84047,8.7,48.0,Chico-East Avenue,21.9558335,53.466781499999996,4.7188921666666666,1014.6750000000001,0.0,0.6666666666666666
2022-10-05,39.76168,-121.84047,11.0,55.0,Chico-East Avenue,22.201666958333334,51.742421916666665,3.9741871458333335,1014.2541666666666,0.0,8.416666666666666
2022-10-06,39.76168,-121.84047,9.3,51.0,Chico-East Avenue,23.44333345833333,48.09181758333333,3.9177847,1015.3125,0.0,22.083333333333332
2022-10-07,39.76168,-121.84047,6.6,37.0,Chico-East Avenue,23.262083416666666,29.097815875,4.169582933333333,1016.3458333333333,0.0,14.916666666666666
2022-10-08,39.76168,-121.84047,7.3,41.0,Chico-East Avenue,24.23708333333333,29.681317916666668,4.418875420833333,1015.6833333333334,0.0,0.0
2022-10-09,39.76168,-121.84047,6.9,38.0,Chico-East Avenue,24.418333083333334,28.744878041666666,4.8418805625,1014.7875,0.0,0.20833333333333334
2022-10-10,39.76168,-121.84047,8.7,48.0,Chico-East Avenue,24.291250208333334,24.753698916666664,6.115807541666666,1013.6958333333333,0.0,3.5
2022-10-11,39.76168,-121.84047,11.3,55.0,Chico-East Avenue,24.3579165,28.198343958333336,7.134287854166666,1012.3916666666668,0.0,11.916666666666666
2022-10-12,39.76168,-121.84047,13.1,58.0,Chico-East Avenue,23.29124991666667,32.49290766666667,4.531236808333333,1015.2041666666668,0.0,0.2916666666666667
2022-10-13,39.76168,-121.84047,13.1,58.0,Chico-East Avenue,21.853750166666668,45.446605500000004,5.555770254166667,1015.8625000000001,0.0,0.0
2022-10-14,39.76168,-121.84047,12.3,57.0,Chico-East Avenue,21.607916625,36.647738708333335,5.195771254166667,1010.4708333333333,0.0,0.0
2022-10-15,39.76168,-121.84047,11.1,55.0,Chico-East Avenue,23.17875020833333,38.293740041666666,6.628573354166666,1008.4208333333332,0.0,0.0
2022-10-16,39.76168,-121.84047,10.8,54.0,Chico-East Avenue,19.6995835,63.873602166666664,8.532293208333334,1013.2166666666667,0.0,21.833333333333332
2022-10-17,39.76168,-121.84047,9.6,52.0,Chico-East Avenue,18.137083375,67.43991254166666,5.9907026375,1017.8125,0.0,15.083333333333334
2022-10-18,39.76168,-121.84047,7.9,44.0,Chico-East Avenue,19.549583458333334,46.55937608333334,5.170930204166667,1017.2416666666667,0.0,93.0
2022-10-19,39.76168,-121.84047,9.7,52.0,Chico-East Avenue,21.78916670833333,28.72024079166667,5.806280891666667,1017.1125000000001,0.0,6.291666666666667
2022-10-20,39.76168,-121.84047,12.3,57.0,Chico-East Avenue,21.637083375,23.530275875,4.472312961666667,1014.4916666666667,0.0,0.0
2022-10-21,39.76168,-121.84047,12.1,57.0,Chico-East Avenue,21.168333375,30.864376041666663,5.683067729166667,1010.4875000000001,0.0,35.75
2022-10-22,39.76168,-121.84047,5.1,28.0,Chico-East Avenue,20.124583416666667,41.54441404166666,14.085882933333332,1006.5583333333334,0.0,57.583333333333336
2022-10-23,39.76168,-121.84047,1.0,6.0,Chico-East Avenue,15.407917,32.624690375,20.484417333333333,1012.125,0.0,4.916666666666667
2022-10-24,39.76168,-121.84047,5.0,28.0,Chico-East Avenue,14.520416791666667,27.87541675,8.164507404166667,1020.125,0.0,20.208333333333332
2022-10-25,39.76168,-121.84047,7.1,39.0,Chico-East Avenue,16.50583345833333,40.46455575,6.284512841666667,1020.725,0.0,70.625
2022-10-26,39.76168,-121.84047,3.1,17.0,Chico-East Avenue,15.862083458333332,33.25739016666667,13.260060870833334,1017.2291666666666,0.0,48.166666666666664
2022-10-27,39.76168,-121.84047,3.6,20.0,Chico-East Avenue,14.6058334875,31.64878016666667,9.421627483333333,1016.7375000000001,0.0,60.291666666666664
2022-10-28,39.76168,-121.84047,8.3,46.0,Chico-East Avenue,15.766250083333333,30.74869633333333,6.100519299999999,1019.3958333333334,0.0,48.666666666666664
2022-10-29,39.76168,-121.84047,8.2,46.0,Chico-East Avenue,14.866250166666667,35.13361854166667,4.1085258125,1022.0958333333333,0.0,46.375
2022-10-30,39.76168,-121.84047,6.9,38.0,Chico-East Avenue,15.274583375,35.71937308333333,4.528377741666667,1019.7583333333333,0.0,12.541666666666666
2022-10-31,39.76168,-121.84047,11.6,56.0,Chico-East Avenue,17.099583541666664,34.95615733333333,6.6921835875,1014.6875,0.0,55.791666666666664
2022-11-01,39.76168,-121.84047,8.4,47.0,Chico-East Avenue,14.316250208333335,64.182756875,17.458976233333335,1007.4125,0.7374999999999999,47.0
2022-11-02,39.76168,-121.84047,2.8,16.0,Chico-East Avenue,9.487083516666667,80.68609049999999,11.625339054166666,1015.4708333333333,0.17083333333333336,53.416666666666664
2022-11-03,39.76168,-121.84047,4.2,23.0,Chico-East Avenue,8.128750004166667,68.51112166666667,8.702213583333334,1020.8416666666667,0.14583333333333334,33.916666666666664
2022-11-04,39.76168,-121.84047,7.6,42.0,Chico-East Avenue,9.685000195833334,48.28240937499999,5.242992366666667,1025.8708333333334,0.0,92.58333333333333
2022-11-05,39.76168,-121.84047,4.8,27.0,Chico-East Avenue,11.497500375000001,64.204376625,12.936311366666667,1022.0458333333332,0.10416666666666667,97.41666666666667
2022-11-06,39.76168,-121.84047,3.7,21.0,Chico-East Avenue,13.276666958333335,86.486401,12.3995349875,1012.6625,0.2916666666666667,98.375
2022-11-07,39.76168,-121.84047,2.9,16.0,Chico-East Avenue,10.780833450000001,73.03165083333333,18.502529024999998,1008.1416666666668,0.3875,66.45833333333333
2022-11-08,39.76168,-121.84047,3.1,17.0,Chico-East Avenue,7.660000029166667,87.977482125,16.453749875,1006.1666666666666,1.9166666666666667,99.875
2022-11-09,39.76168,-121.84047,5.4,30.0,Chico-East Avenue,7.9120833375,87.13808533333334,7.841319829166667,1012.3625000000001,0.2041666666666667,87.33333333333333
2022-11-10,39.76168,-121.84047,10.0,53.0,Chico-East Avenue,6.664166733333334,72.27774141666667,6.8310021875,1024.9375,0.0,11.375
2022-11-11,39.76168,-121.84047,13.7,60.0,Chico-East Avenue,7.547500116666666,63.22283266666667,5.485949157083333,1022.0875,0.0,95.66666666666667
2022-11-12,39.76168,-121.84047,12.2,57.0,Chico-East Avenue,9.289166870833334,71.6790385,5.2103306625,1019.4083333333333,0.029166666666666664,64.41666666666667
2022-11-13,39.76168,-121.84047,9.4,52.0,Chico-East Avenue,7.414166645833333,61.4524135,8.070585533333334,1021.15,0.0,5.333333333333333
2022-11-14,39.76168,-121.84047,12.0,56.0,Chico-East Avenue,7.7141668,56.57205116666666,7.027983708333333,1021.3291666666668,0.0,0.0
2022-11-15,39.76168,-121.84047,10.4,53.0,Chico-East Avenue,8.893333383333333,55.787665583333336,10.249603604166667,1023.1583333333333,0.0,0.0
2022-11-16,39.76168,-121.84047,9.4,52.0,Chico-East Avenue,10.1850001375,47.138709874999996,8.424053808333333,1027.6166666666666,0.0,0.0
2022-11-17,39.76168,-121.84047,16.0,64.0,Chico-East Avenue,8.968333366666668,55.440069625,5.843662158333333,1026.2791666666667,0.0,39.041666666666664
2022-11-18,39.76168,-121.84047,14.3,61.0,Chico-East Avenue,9.907916770833333,55.87758066666667,8.2381480625,1020.7833333333333,0.0,30.166666666666668
2022-11-19,39.76168,-121.84047,11.3,55.0,Chico-East Avenue,8.049583462500001,46.52960904166667,8.6654448125,1022.2041666666668,0.0,0.0
2022-11-20,39.76168,-121.84047,20.0,71.0,Chico-East Avenue,7.376666782083333,50.90999795833333,6.27973015,1024.5708333333334,0.0,19.708333333333332
2022-11-21,39.76168,-121.84047,23.5,78.0,Chico-East Avenue,7.460000058333333,54.511689625,3.2488962291666668,1023.4125,0.0,43.416666666666664
2022-11-22,39.76168,-121.84047,28.4,87.0,Chico-East Avenue,8.032916841666667,57.85037270833333,3.4552392458333334,1021.9291666666667,0.0,45.791666666666664
2022-11-23,39.76168,-121.84047,14.8,62.0,Chico-East Avenue,9.485000079166666,63.285664375,6.590484862499999,1021.6,0.0,89.45833333333333
2022-11-24,39.76168,-121.84047,14.7,61.0,Chico-East Avenue,11.897500091666666,38.15265695833333,9.285558558333333,1022.5749999999999,0.0,17.875
2022-11-25,39.76168,-121.84047,18.5,69.0,Chico-East Avenue,11.643333591666666,43.562533124999995,5.506219566666666,1025.5874999999999,0.0,59.541666666666664
2022-11-26,39.76168,-121.84047,8.6,48.0,Chico-East Avenue,12.38291685,42.045490083333334,6.9359085625,1022.9208333333332,0.0,38.583333333333336
2022-11-27,39.76168,-121.84047,16.6,65.0,Chico-East Avenue,10.493333525,56.161195166666666,6.9647068125,1019.6458333333334,0.0,11.708333333333334
2022-11-28,39.76168,-121.84047,10.5,54.0,Chico-East Avenue,10.149583495833333,63.26959045833333,7.09193575,1014.9458333333333,0.0,52.416666666666664
2022-11-29,39.76168,-121.84047,10.5,54.0,Chico-East Avenue,8.428750045833334,49.53054241666666,10.258439058333334,1015.475,0.0,21.916666666666668
2022-11-30,39.76168,-121.84047,10.5,54.0,Chico-East Avenue,7.8558333791666675,49.24884070833334,9.8522594375,1015.7583333333333,0.0,83.625
2022-12-01,39.76168,-121.84047,3.2,18.0,Chico-East Avenue,9.5308335,71.545780625,19.152946958333334,1009.6833333333334,1.0,99.33333333333333
2022-12-02,39.76168,-121.84047,11.0,55.0,Chico-East Avenue,4.216250074458333,74.47006066666667,7.788575266666666,1019.3958333333334,0.008333333333333333,28.208333333333332
2022-12-03,39.76168,-121.84047,12.2,57.0,Chico-East Avenue,4.932916708333333,75.61227708333332,3.596793194583334,1018.75,0.29583333333333334,91.91666666666667
2022-12-04,39.76168,-121.84047,2.8,16.0,Chico-East Avenue,7.470416716666667,92.76377395833333,10.782145649999999,1015.8041666666667,1.4041666666666668,97.125
2022-12-05,39.76168,-121.84047,2.7,15.0,Chico-East Avenue,8.857916808333334,84.38031541666668,17.651312458333333,1016.8291666666668,0.7541666666666668,92.0
2022-12-06,39.76168,-121.84047,6.3,35.0,Chico-East Avenue,8.422500025,81.14319575,8.3967479625,1017.5708333333333,0.33749999999999997,48.75
2022-12-07,39.76168,-121.84047,14.8,62.0,Chico-East Avenue,5.7391667250000005,74.96841058333334,5.7140712124999995,1020.8291666666668,0.0,1.2916666666666667
2022-12-08,39.76168,-121.84047,9.8,52.0,Chico-East Avenue,8.0016667875,69.01825104166666,11.963436225,1024.7375,0.08750000000000001,69.79166666666667
2022-12-09,39.76168,-121.84047,6.0,33.0,Chico-East Avenue,8.637083391666666,87.78541470833333,15.526826541666667,1021.7666666666668,0.39999999999999997,100.0
2022-12-10,39.76168,-121.84047,4.0,22.0,Chico-East Avenue,9.5245835,89.56271208333334,21.293140812500003,1010.8291666666668,1.0625,99.875
2022-12-11,39.76168,-121.84047,3.5,19.0,Chico-East Avenue,8.249583395833334,91.978791625,15.425156375,1004.1999999999999,0.85,96.70833333333333
2022-12-12,39.76168,-121.84047,5.8,32.0,Chico-East Avenue,5.828750108333334,84.525596375,8.271386929166667,1013.0875,0.2708333333333333,41.833333333333336
2022-12-13,39.76168,-121.84047,17.8,67.0,Chico-East Avenue,3.8141666825000002,74.79483579166667,4.738587295833334,1017.8291666666668,0.0,1.7083333333333333
2022-12-14,39.76168,-121.84047,17.2,66.0,Chico-East Avenue,3.9016667050000002,79.94739233333333,4.151462416666667,1023.2666666666668,0.0,18.208333333333332
2022-12-15,39.76168,-121.84047,13.0,58.0,Chico-East Avenue,5.047500021666667,79.68542670833334,6.645724666666666,1023.3791666666666,0.0,16.083333333333332
2022-12-16,39.76168,-121.84047,16.0,64.0,Chico-East Avenue,4.966250027916667,67.46761229166667,6.7615506375,1022.8833333333333,0.0,6.625
2022-12-17,39.76168,-121.84047,26.7,84.0,Chico-East Avenue,3.7620833916666663,70.30623470833333,4.824419141666667,1020.9375,0.0,0.7916666666666666
2022-12-18,39.76168,-121.84047,33.2,96.0,Chico-East Avenue,4.224583327083334,74.06349908333333,3.0297859208333335,1017.8833333333333,0.0,15.0
2022-12-19,39.76168,-121.84047,17.5,67.0,Chico-East Avenue,3.0162500375000003,88.531835875,3.1056822124999997,1023.375,0.0,60.041666666666664
2022-12-20,39.76168,-121.84047,23.5,78.0,Chico-East Avenue,4.670416679166666,83.48595933333333,4.018628941666667,1027.9416666666666,0.0,89.0
2022-12-21,39.76168,-121.84047,29.2,88.0,Chico-East Avenue,7.4079167833333335,75.02546466666666,4.2940934375,1026.5166666666667,0.0,77.79166666666667
2022-12-22,39.76168,-121.84047,26.5,83.0,Chico-East Avenue,6.801666733333334,85.11966633333334,4.466606741666666,1022.6,0.004166666666666667,99.95833333333333
2022-12-23,39.76168,-121.84047,25.5,82.0,Chico-East Avenue,7.107916883333334,89.84206024999999,3.8597506916666666,1023.4666666666667,0.008333333333333333,96.08333333333333
2022-12-24,39.76168,-121.84047,24.3,79.0,Chico-East Avenue,7.582916733333334,86.19571333333333,4.012706916666667,1027.9208333333333,0.0,45.708333333333336
2022-12-25,39.76168,-121.84047,27.3,85.0,Chico-East Avenue,9.130833516666668,88.29105712500001,4.1603264541666665,1027.2250000000001,0.0,71.5
2022-12-26,39.76168,-121.84047,13.0,58.0,Chico-East Avenue,8.0766667375,92.44389029166666,5.183598608333333,1022.3083333333334,0.0,99.75
2022-12-27,39.76168,-121.84047,3.6,20.0,Chico-East Avenue,11.553750041666667,87.433367375,24.394041583333333,1011.0749999999999,1.7166666666666668,93.125
2022-12-28,39.76168,-121.84047,9.6,52.0,Chico-East Avenue,8.4725002,90.10396520833332,7.732395966666666,1013.8458333333333,0.04583333333333334,30.416666666666668
2022-12-29,39.76168,-121.84047,3.2,18.0,Chico-East Avenue,8.210000045833334,83.09863108333333,9.685200145833333,1014.4416666666666,0.2041666666666667,99.29166666666667
2022-12-30,39.76168,-121.84047,0.7,4.0,Chico-East Avenue,10.197500125,92.31352941666667,18.080273666666667,1012.7541666666666,1.1833333333333333,100.0
2022-12-31,39.76168,-121.84047,2.5,14.0,Chico-East Avenue,13.449583666666667,94.25817120833334,14.009554708333333,1007.875,1.125,99.83333333333333
2023-01-01,39.76168,-121.84047,5.6,31.0,Chico-East Avenue,9.972500175,64.978761,18.65367375,1009.1208333333334,0.020833333333333332,34.416666666666664
2023-01-02,39.76168,-121.84047,7.9,44.0,Chico-East Avenue,5.926666720833333,62.02891008333333,9.20465055,1013.15,0.13333333333333333,89.125
2023-01-03,39.76168,-121.84047,7.1,39.0,Chico-East Avenue,5.851666754166668,92.69999154166668,5.214760241666666,1015.5291666666667,0.2125,100.0
2023-01-04,39.76168,-121.84047,3.5,19.0,Chico-East Avenue,7.774583320833333,87.51709608333334,9.284025820833333,1013.6333333333333,0.22916666666666666,99.29166666666667
2023-01-05,39.76168,-121.84047,2.4,13.0,Chico-East Avenue,11.503750208333335,90.67382579166667,26.677391041666667,1005.6750000000001,1.9749999999999999,99.125
2023-01-06,39.76168,-121.84047,5.8,32.0,Chico-East Avenue,9.72041675,83.47299087500001,14.999670791666667,1021.3625000000001,0.21666666666666667,85.79166666666667
2023-01-07,39.76168,-121.84047,1.8,10.0,Chico-East Avenue,10.524583666666667,70.15751300000001,15.752239166666667,1019.4291666666667,0.375,100.0
2023-01-08,39.76168,-121.84047,4.8,27.0,Chico-East Avenue,10.260000166666666,80.78417045833334,25.087674208333336,1014.0416666666666,1.1500000000000001,92.04166666666667
2023-01-09,39.76168,-121.84047,4.0,22.0,Chico-East Avenue,12.080833458333332,81.52774366666667,22.30783116666667,1008.9250000000001,1.1583333333333334,89.54166666666667
2023-01-10,39.76168,-121.84047,4.2,23.0,Chico-East Avenue,10.10375025,82.13154241666666,19.7472709375,1005.5083333333333,0.6625,82.5
2023-01-11,39.76168,-121.84047,3.0,17.0,Chico-East Avenue,8.749583529166667,85.31788304166666,19.804256416666664,1017.2125,0.725,99.875
2023-01-12,39.76168,-121.84047,2.9,16.0,Chico-East Avenue,12.405833625,82.29698720833333,13.537914320833332,1021.2166666666667,0.7000000000000001,99.875
2023-01-13,39.76168,-121.84047,2.7,15.0,Chico-East Avenue,13.051666916666667,68.32358525,14.5383944875,1016.3958333333334,0.4791666666666667,99.79166666666667
2023-01-14,39.76168,-121.84047,2.0,11.0,Chico-East Avenue,10.903750166666667,88.818152875,24.482695083333336,1008.7875,2.1666666666666665,99.91666666666667
2023-01-15,39.76168,-121.84047,2.1,12.0,Chico-East Avenue,8.389166858333335,87.67359062499999,15.565679333333334,1005.0166666666668,0.9833333333333334,85.0
2023-01-16,39.76168,-121.84047,6.2,34.0,Chico-East Avenue,8.099583404166667,83.42078866666667,13.361570729166667,1002.6958333333333,0.18333333333333335,100.0
2023-01-17,39.76168,-121.84047,11.5,55.0,Chico-East Avenue,5.168333370208333,86.751880875,4.188868004166667,1013.0124999999999,0.012499999999999999,41.541666666666664
2023-01-18,39.76168,-121.84047,12.5,57.0,Chico-East Avenue,5.378750033333334,74.881592,6.934464591666667,1019.7541666666666,0.004166666666666667,78.375
2023-01-19,39.76168,-121.84047,3.2,18.0,Chico-East Avenue,7.432916695833334,85.04001866666667,10.012611091666667,1021.4041666666667,0.6416666666666667,76.75
2023-01-20,39.76168,-121.84047,10.2,53.0,Chico-East Avenue,5.166250016666667,50.65481904166666,10.639387429166666,1026.2250000000001,0.0,5.375
2023-01-21,39.76168,-121.84047,14.4,61.0,Chico-East Avenue,3.84750002375,65.45132062500001,6.284744279166667,1028.9291666666666,0.0,11.958333333333334
2023-01-22,39.76168,-121.84047,8.1,45.0,Chico-East Avenue,5.557916729166667,70.066111125,9.111025675,1026.05,0.0,51.541666666666664
2023-01-23,39.76168,-121.84047,6.8,38.0,Chico-East Avenue,8.272500233333334,41.894004625,14.3705426875,1023.25,0.0,12.875
2023-01-24,39.76168,-121.84047,11.8,56.0,Chico-East Avenue,7.982916816666666,56.665174625,6.835071575,1026.3083333333334,0.0,0.0
2023-01-25,39.76168,-121.84047,10.6,54.0,Chico-East Avenue,9.110000108333333,62.73036795833334,7.0976333416666675,1028.7291666666667,0.0,3.2083333333333335
2023-01-26,39.76168,-121.84047,8.8,49.0,Chico-East Avenue,11.057916825,53.90893270833333,9.257154233333333,1030.6375,0.0,4.041666666666667
2023-01-27,39.76168,-121.84047,8.8,49.0,Chico-East Avenue,11.057916825,53.90893270833333,9.257154233333333,1030.6375,0.0,4.041666666666667
2023-01-28,39.76168,-121.84047,8.8,49.0,Chico-East Avenue,11.057916825,53.90893270833333,9.257154233333333,1030.6375,0.0,4.041666666666667
2023-01-29,39.76168,-121.84047,8.8,49.0,Chico-East Avenue,11.057916825,53.90893270833333,9.257154233333333,1030.6375,0.0,4.041666666666667
2023-01-30,39.76168,-121.84047,10.2,53.0,Chico-East Avenue,4.3433334305,42.827486875,14.628023520833333,1018.2291666666666,0.0,2.4583333333333335
2023-01-31,39.76168,-121.84047,10.2,53.0,Chico-East Avenue,4.3433334305,42.827486875,14.628023520833333,1018.2291666666666,0.0,2.4583333333333335
2023-02-01,39.76168,-121.84047,10.2,53.0,Chico-East Avenue,4.3433334305,42.827486875,14.628023520833333,1018.2291666666666,0.0,2.4583333333333335
2023-02-02,39.76168,-121.84047,10.2,53.0,Chico-East Avenue,4.3433334305,42.827486875,14.628023520833333,1018.2291666666666,0.0,2.4583333333333335
2023-02-03,39.76168,-121.84047,10.2,53.0,Chico-East Avenue,4.3433334305,42.827486875,14.628023520833333,1018.2291666666666,0.0,2.4583333333333335
2023-02-04,39.76168,-121.84047,10.2,53.0,Chico-East Avenue,4.3433334305,42.827486875,14.628023520833333,1018.2291666666666,0.0,2.4583333333333335
2023-02-05,39.76168,-121.84047,4.8,27.0,Chico-East Avenue,9.726666725,87.20929170833334,19.749264375,1017.0041666666666,0.8791666666666668,87.75
2023-02-06,39.76168,-121.84047,4.8,27.0,Chico-East Avenue,9.726666725,87.20929170833334,19.749264375,1017.0041666666666,0.8791666666666668,87.75
2023-02-07,39.76168,-121.84047,11.8,56.0,Chico-East Avenue,6.8016667958333334,68.15821025,6.480267854166667,1028.0791666666667,0.0,62.083333333333336
2023-02-08,39.76168,-121.84047,16.5,65.0,Chico-East Avenue,6.960000029166667,79.35110254166666,3.6842199583333333,1027.9041666666667,0.0,31.041666666666668
2023-02-09,39.76168,-121.84047,15.0,62.0,Chico-East Avenue,7.957916825000001,73.74257579166667,4.459256966666667,1026.1916666666666,0.0,7.75
2023-02-10,39.76168,-121.84047,11.0,55.0,Chico-East Avenue,9.316250075000001,78.044267625,8.08944215,1022.7375000000001,0.0,11.833333333333334
2023-02-11,39.76168,-121.84047,5.2,29.0,Chico-East Avenue,8.232916770833333,77.70077941666666,13.0634759375,1016.4833333333332,0.125,27.166666666666668
2023-02-12,39.76168,-121.84047,7.3,41.0,Chico-East Avenue,10.572500275000001,55.13021808333334,9.834380104166668,1015.1833333333334,0.0,2.0
2023-02-13,39.76168,-121.84047,7.9,44.0,Chico-East Avenue,9.49125005,56.369481125,7.909796475,1012.0625,0.0,9.5
2023-02-14,39.76168,-121.84047,1.7,9.0,Chico-East Avenue,7.510000033333333,48.42088758333333,19.067855416666667,1015.4833333333332,0.0375,40.875
2023-02-15,39.76168,-121.84047,5.0,28.0,Chico-East Avenue,5.389166635,47.493165624999996,12.394578904166666,1022.225,0.0,1.9583333333333333
2023-02-16,39.76168,-121.84047,15.6,63.0,Chico-East Avenue,5.95791672875,49.69374108333333,7.5958169625,1025.2041666666667,0.0,55.541666666666664
2023-02-17,39.76168,-121.84047,8.5,47.0,Chico-East Avenue,6.495416669166667,64.08302258333333,7.6484596,1022.2458333333334,0.0,97.83333333333333
2023-02-18,39.76168,-121.84047,16.6,65.0,Chico-East Avenue,7.299583320833334,52.02805729166667,5.981716966666667,1018.4666666666667,0.0,49.125
2023-02-19,39.76168,-121.84047,10.9,54.0,Chico-East Avenue,8.539166845833334,62.47500329166667,6.0558939333333335,1018.6291666666666,0.0,74.875
2023-02-20,39.76168,-121.84047,14.5,61.0,Chico-East Avenue,10.789166941666666,61.076622500000006,5.0233883,1019.9875000000001,0.0,70.33333333333333
2023-02-21,39.76168,-121.84047,8.2,46.0,Chico-East Avenue,11.060000020833334,63.898599125000004,9.5528026,1012.3791666666666,0.0375,80.375
2023-02-22,39.76168,-121.84047,3.6,20.0,Chico-East Avenue,6.1183333,50.833927125,14.669665529166666,1005.2041666666668,0.0,21.291666666666668
2023-02-23,39.76168,-121.84047,3.3,18.0,Chico-East Avenue,3.61416668625,75.78434399999999,14.121359391666667,1007.6416666666668,0.37083333333333335,77.16666666666667
2023-02-24,39.76168,-121.84047,2.7,15.0,Chico-East Avenue,3.341250004166666,88.23369583333333,19.411187666666667,1005.8375,1.2166666666666666,99.875
2023-02-25,39.76168,-121.84047,5.4,30.0,Chico-East Avenue,4.410000075,85.54261220833332,11.572514608333334,1010.7541666666666,0.15,94.625
2023-02-26,39.76168,-121.84047,2.8,16.0,Chico-East Avenue,5.739166741666666,89.73562670833333,15.913090270833335,1014.4625,0.45,92.70833333333333
2023-02-27,39.76168,-121.84047,2.1,12.0,Chico-East Avenue,5.3329167625,91.831390625,21.368580041666664,1012.4791666666666,0.7333333333333334,94.70833333333333
2023-02-28,39.76168,-121.84047,4.0,22.0,Chico-East Avenue,4.5579166375,91.038481375,20.96494875,1010.6166666666667,0.4458333333333333,86.08333333333333
2023-03-01,39.76168,-121.84047,3.8,21.0,Chico-East Avenue,3.972500018,69.66413045833333,15.210088495833332,1009.3708333333334,0.020833333333333332,30.625
2023-03-02,39.76168,-121.84047,7.3,41.0,Chico-East Avenue,4.570416691666667,59.9073975,8.749766291666667,1019.3833333333333,0.0,72.25
2023-03-03,39.76168,-121.84047,5.5,31.0,Chico-East Avenue,8.141250008333333,65.00816533333334,6.3353994625,1018.9833333333332,0.0,65.25
2023-03-04,39.76168,-121.84047,3.9,22.0,Chico-East Avenue,8.814166670833334,71.75707079166666,16.61083875,1009.9875000000001,0.17916666666666667,91.25
2023-03-05,39.76168,-121.84047,2.3,13.0,Chico-East Avenue,6.5412499833333335,74.25335629166666,19.435605083333332,1010.1583333333333,0.2833333333333333,78.75
2023-03-06,39.76168,-121.84047,2.8,16.0,Chico-East Avenue,5.00375,74.36227254166667,13.170724508333334,1019.2875,0.45,59.541666666666664
2023-03-07,39.76168,-121.84047,2.7,15.0,Chico-East Avenue,5.8141667125000005,75.02078541666667,15.228227916666667,1021.2583333333333,0.09999999999999999,63.916666666666664
2023-03-08,39.76168,-121.84047,1.5,8.0,Chico-East Avenue,7.172500100000001,75.11201204166666,15.288996491666666,1018.9208333333332,0.19583333333333333,73.875
2023-03-09,39.76168,-121.84047,2.7,15.0,Chico-East Avenue,7.660000108333333,63.86745479166667,15.230999458333335,1018.7708333333334,0.22083333333333335,70.125
2023-03-10,39.76168,-121.84047,2.2,12.0,Chico-East Avenue,10.639166933333334,80.60134775,18.97550617916667,1006.5875,1.1166666666666667,74.875
2023-03-11,39.76168,-121.84047,6.8,38.0,Chico-East Avenue,9.337083516666667,66.07483058333334,6.8142549458333335,1013.7708333333334,0.03333333333333333,78.33333333333333
2023-03-12,39.76168,-121.84047,3.0,17.0,Chico-East Avenue,10.505833583333333,87.80886770833332,13.328655883333333,1016.7458333333334,0.9041666666666667,99.875
2023-03-13,39.76168,-121.84047,2.2,12.0,Chico-East Avenue,11.503750208333335,88.11400704166665,19.691376895833333,1017.5083333333333,0.8541666666666666,99.95833333333333
2023-03-14,39.76168,-121.84047,1.7,9.0,Chico-East Avenue,11.89125025,88.11523125000001,20.483881375,1008.7666666666668,2.620833333333333,100.0
2023-03-15,39.76168,-121.84047,2.0,11.0,Chico-East Avenue,11.026666725,77.87990062499999,13.783331295833333,1011.9041666666667,0.049999999999999996,55.416666666666664
2023-03-16,39.76168,-121.84047,6.1,34.0,Chico-East Avenue,9.5058334875,56.82477920833333,8.440535608333333,1016.9375,0.0,0.0
2023-03-17,39.76168,-121.84047,6.9,38.0,Chico-East Avenue,9.8704168125,67.23472725,6.089842579166667,1018.1166666666667,0.0,8.333333333333334
2023-03-18,39.76168,-121.84047,9.0,50.0,Chico-East Avenue,10.937083454166666,67.47647883333333,5.481752183333334,1017.6875,0.0,53.75
2023-03-19,39.76168,-121.84047,4.5,25.0,Chico-East Avenue,12.214166916666668,76.371159375,12.465806754166666,1011.6416666666668,0.9249999999999999,100.0
2023-03-20,39.76168,-121.84047,3.5,19.0,Chico-East Avenue,11.07250025,81.296541625,16.6078785,1010.7416666666667,0.12916666666666668,72.04166666666667
2023-03-21,39.76168,-121.84047,3.7,21.0,Chico-East Avenue,9.143333395833332,73.18765916666666,7.052357191666666,1002.6666666666666,0.125,74.45833333333333
2023-03-22,39.76168,-121.84047,3.4,19.0,Chico-East Avenue,9.216250091666668,83.37183416666666,7.746427433333333,1007.3874999999999,0.2708333333333333,94.875
2023-03-23,39.76168,-121.84047,2.5,14.0,Chico-East Avenue,9.830833520833334,78.83424466666666,6.999594904166667,1019.9125,0.19583333333333333,68.75
2023-03-24,39.76168,-121.84047,1.8,10.0,Chico-East Avenue,7.895416729166667,67.24751516666667,12.371322520833333,1026.9916666666666,0.45,48.166666666666664
2023-03-25,39.76168,-121.84047,2.8,16.0,Chico-East Avenue,8.330833395833332,50.09467895833333,14.865578925,1026.7375,0.0,73.20833333333333
2023-03-26,39.76168,-121.84047,1.3,7.0,Chico-East Avenue,7.728750183333333,47.01722054166667,14.694039883333334,1024.2250000000001,0.0,5.0
2023-03-27,39.76168,-121.84047,3.0,17.0,Chico-East Avenue,6.6474999737500005,52.667768625,8.219379379166666,1023.5,0.0,66.625
2023-03-28,39.76168,-121.84047,3.6,20.0,Chico-East Avenue,9.257916766666666,71.07368662500001,17.397222666666668,1014.75,0.7708333333333334,97.45833333333333
2023-03-29,39.76168,-121.84047,2.6,14.0,Chico-East Avenue,6.068333291666666,84.12461266666666,17.2368721875,1010.8083333333334,1.0,87.79166666666667
2023-03-30,39.76168,-121.84047,2.6,14.0,Chico-East Avenue,6.7537500249999995,83.860432875,5.378225620833334,1012.9208333333332,0.14166666666666666,58.458333333333336
2023-03-31,39.76168,-121.84047,4.2,23.0,Chico-East Avenue,10.2162501875,66.07158316666667,16.142519708333335,1020.25,0.0,66.58333333333333
2023-04-01,39.76168,-121.84047,3.6,20.0,Chico-East Avenue,10.941250125000002,61.046528333333335,13.311776541666667,1022.7958333333332,0.0,96.0
2023-04-02,39.76168,-121.84047,1.7,9.0,Chico-East Avenue,11.13500025,79.394137875,9.120279841666667,1019.3333333333334,0.0375,57.916666666666664
2023-04-03,39.76168,-121.84047,1.6,9.0,Chico-East Avenue,8.139166808333334,52.647580125,16.583831979166668,1017.0916666666667,0.008333333333333333,23.583333333333332
2023-04-04,39.76168,-121.84047,2.1,12.0,Chico-East Avenue,7.799583466666667,46.09237058333333,14.463282187499999,1021.1583333333333,0.0,9.333333333333334
2023-04-05,39.76168,-121.84047,3.8,21.0,Chico-East Avenue,8.2350001,57.731029041666666,6.223820416666666,1022.4625,0.0,57.875
2023-04-06,39.76168,-121.84047,7.1,39.0,Chico-East Avenue,10.999583483333334,57.42560433333333,9.62388275,1020.4250000000001,0.0,76.54166666666667
2023-04-07,39.76168,-121.84047,3.9,22.0,Chico-East Avenue,11.982916958333334,78.54932770833334,15.034218000000001,1016.4166666666666,0.7583333333333333,99.91666666666667
2023-04-08,39.76168,-121.84047,2.9,16.0,Chico-East Avenue,12.268333541666665,80.349448125,8.888215245833333,1018.4208333333332,0.008333333333333333,88.875
2023-04-09,39.76168,-121.84047,5.2,29.0,Chico-East Avenue,12.972500120833333,59.88563070833334,4.463608683333334,1021.0375,0.0,32.791666666666664
2023-04-10,39.76168,-121.84047,5.6,31.0,Chico-East Avenue,15.943333541666666,65.05576379166666,5.363274323750001,1017.7583333333333,0.0,34.208333333333336
2023-04-11,39.76168,-121.84047,2.7,15.0,Chico-East Avenue,17.0308335,71.68733504166667,13.900291533333332,1016.1625,0.041666666666666664,55.875
2023-04-12,39.76168,-121.84047,2.9,16.0,Chico-East Avenue,14.074583458333334,58.270428583333334,8.575381016666666,1013.7541666666666,0.004166666666666667,14.666666666666666
2023-04-13,39.76168,-121.84047,1.3,7.0,Chico-East Avenue,11.28916695,40.68593804166667,18.292423458333335,1012.0083333333333,0.0,5.666666666666667
2023-04-14,39.76168,-121.84047,4.0,22.0,Chico-East Avenue,12.276666874999998,48.02933958333333,7.040282925,1011.7875,0.0,30.875
2023-04-15,39.76168,-121.84047,7.0,39.0,Chico-East Avenue,13.030833516666668,56.06723229166667,6.8392437,1017.7416666666667,0.0,18.041666666666668
2023-04-16,39.76168,-121.84047,4.7,26.0,Chico-East Avenue,14.664166708333333,56.98233929166667,11.836055166666666,1018.7041666666668,0.0,36.875
2023-04-17,39.76168,-121.84047,5.3,29.0,Chico-East Avenue,13.472500125000002,62.76001308333333,11.879515525,1015.4791666666666,0.0,92.75
2023-04-18,39.76168,-121.84047,5.5,31.0,Chico-East Avenue,10.389166895833334,64.61259054166666,8.4956264125,1014.9708333333333,0.19999999999999998,62.916666666666664
2023-04-19,39.76168,-121.84047,4.4,24.0,Chico-East Avenue,10.637083475,48.001077,7.0693807,1020.6583333333333,0.0,46.75
2023-04-20,39.76168,-121.84047,5.2,29.0,Chico-East Avenue,11.405833375,47.4208365,7.204500525,1025.175,0.0,35.125
2023-04-21,39.76168,-121.84047,2.7,15.0,Chico-East Avenue,16.83291675,53.311944833333335,10.450961058333332,1024.8875,0.0,73.0
2023-04-22,39.76168,-121.84047,2.7,15.0,Chico-East Avenue,16.83291675,53.311944833333335,10.450961058333332,1024.8875,0.0,73.0
2023-04-23,39.76168,-121.84047,2.7,15.0,Chico-East Avenue,16.83291675,53.311944833333335,10.450961058333332,1024.8875,0.0,73.0
2023-04-24,39.76168,-121.84047,3.9,22.0,Chico-East Avenue,18.930833583333335,41.20894525,8.4070294125,1012.2541666666666,0.0,49.083333333333336
2023-04-25,39.76168,-121.84047,3.2,18.0,Chico-East Avenue,17.820416791666666,39.75249470833334,10.733779416666666,1013.3291666666668,0.0,51.708333333333336
2023-04-26,39.76168,-121.84047,6.4,36.0,Chico-East Avenue,21.368333500000002,28.357211458333335,9.280969083333334,1013.4250000000001,0.0,22.625
2023-04-27,39.76168,-121.84047,7.1,39.0,Chico-East Avenue,21.976666625000004,40.04460145833333,4.983609395833334,1012.5833333333334,0.0,47.291666666666664
2023-04-28,39.76168,-121.84047,9.4,52.0,Chico-East Avenue,23.682916791666667,39.85935391666667,6.355020258333333,1011.5875,0.0,7.625
2023-04-29,39.76168,-121.84047,8.2,46.0,Chico-East Avenue,24.834999999999997,39.14002,7.926534845833333,1013.6083333333332,0.0,21.75
2023-04-30,39.76168,-121.84047,5.0,28.0,Chico-East Avenue,22.480833541666666,40.362028208333335,12.805589520833335,1010.4708333333333,0.0,13.916666666666666
2023-05-01,39.76168,-121.84047,4.8,27.0,Chico-East Avenue,15.512083500000001,59.150366125,15.151607291666666,1008.0916666666667,0.004166666666666667,60.541666666666664
2023-05-02,39.76168,-121.84047,3.0,17.0,Chico-East Avenue,12.920416875,60.331809,14.259298958333332,1008.0958333333333,0.10416666666666667,82.54166666666667
2023-05-03,39.76168,-121.84047,3.0,17.0,Chico-East Avenue,12.920416875,60.331809,14.259298958333332,1008.0958333333333,0.10416666666666667,82.54166666666667
2023-05-04,39.76168,-121.84047,3.0,17.0,Chico-East Avenue,12.920416875,60.331809,14.259298958333332,1008.0958333333333,0.10416666666666667,82.54166666666667
2023-05-05,39.76168,-121.84047,3.0,17.0,Chico-East Avenue,12.920416875,60.331809,14.259298958333332,1008.0958333333333,0.10416666666666667,82.54166666666667
2023-05-06,39.76168,-121.84047,3.0,17.0,Chico-East Avenue,12.920416875,60.331809,14.259298958333332,1008.0958333333333,0.10416666666666667,82.54166666666667
2023-05-07,39.76168,-121.84047,3.2,18.0,Chico-East Avenue,13.180833458333334,68.13779666666666,13.8756684875,1018.5541666666667,0.008333333333333333,59.5
2023-05-08,39.76168,-121.84047,3.4,19.0,Chico-East Avenue,13.878750166666668,62.80819175,17.548922145833334,1016.9916666666667,0.17500000000000002,65.04166666666667
2023-05-09,39.76168,-121.84047,4.8,27.0,Chico-East Avenue,15.010000125,53.23827741666667,7.607293129166667,1016.0458333333332,0.004166666666666667,79.04166666666667
2023-05-10,39.76168,-121.84047,3.3,18.0,Chico-East Avenue,15.930833541666667,56.09990466666667,7.296043954166667,1014.6541666666667,0.0,7.791666666666667
2023-05-11,39.76168,-121.84047,7.7,43.0,Chico-East Avenue,17.30583354166667,56.751590875,6.784007437500001,1016.6958333333333,0.0,45.333333333333336
2023-05-12,39.76168,-121.84047,8.1,45.0,Chico-East Avenue,19.610000125,50.82424925,5.709552595833333,1015.0208333333334,0.0,8.416666666666666
2023-05-13,39.76168,-121.84047,5.1,28.0,Chico-East Avenue,25.28708345833333,35.231268916666664,12.736529895833334,1012.3416666666667,0.0,0.0
2023-05-14,39.76168,-121.84047,5.2,29.0,Chico-East Avenue,26.347500041666667,32.484941541666664,11.477649341666668,1007.6833333333334,0.0,6.125
2023-05-15,39.76168,-121.84047,5.8,32.0,Chico-East Avenue,24.743333375000002,42.87930054166667,11.341342066666668,1013.7083333333334,0.0,2.8333333333333335
2023-05-16,39.76168,-121.84047,7.9,44.0,Chico-East Avenue,25.345416666666665,33.099977375,7.216624895833333,1015.5666666666666,0.0,0.0
2023-05-17,39.76168,-121.84047,7.9,44.0,Chico-East Avenue,26.482916458333335,26.926983458333336,5.810943174999999,1011.8291666666668,0.0,10.916666666666666
2023-05-18,39.76168,-121.84047,8.6,48.0,Chico-East Avenue,26.797500083333333,35.66270466666666,6.905788258333334,1009.8458333333333,0.0,37.375
2023-05-19,39.76168,-121.84047,8.9,49.0,Chico-East Avenue,25.39333333333333,36.484449250000004,6.756308383333334,1012.2666666666668,0.0,1.5833333333333333
2023-05-20,39.76168,-121.84047,9.2,51.0,Chico-East Avenue,24.805833208333336,45.018008083333335,8.92810145,1014.9375,0.0,0.0
2023-05-21,39.76168,-121.84047,8.3,46.0,Chico-East Avenue,23.749583625,50.25100525,7.5626537916666665,1014.8416666666667,0.0,34.416666666666664
2023-05-22,39.76168,-121.84047,6.6,37.0,Chico-East Avenue,26.064166583333332,34.31553483333333,5.8696612625,1010.6791666666667,0.0,18.125
2023-05-23,39.76168,-121.84047,11.3,55.0,Chico-East Avenue,26.18916683333333,38.11285004166667,8.212795162499999,1007.7416666666667,0.0,61.25
2023-05-24,39.76168,-121.84047,13.0,58.0,Chico-East Avenue,22.289166875000003,48.750757166666666,10.0054172375,1009.1,0.0,12.291666666666666
2023-05-25,39.76168,-121.84047,10.5,54.0,Chico-East Avenue,21.56625025,47.55634229166666,8.997457441666667,1008.6291666666666,0.0,5.666666666666667
2023-05-26,39.76168,-121.84047,7.7,43.0,Chico-East Avenue,20.978750208333334,54.68353670833333,9.9856177,1010.0875,0.0,10.541666666666666
2023-05-27,39.76168,-121.84047,6.0,33.0,Chico-East Avenue,21.714166833333334,53.44895133333333,9.079684808333333,1011.85,0.0,6.708333333333333
2023-05-28,39.76168,-121.84047,7.5,42.0,Chico-East Avenue,22.93916683333333,51.44810675,7.1703267041666665,1010.525,0.029166666666666664,65.5
2023-05-29,39.76168,-121.84047,7.4,41.0,Chico-East Avenue,22.343333458333333,53.63612645833334,8.381610004166667,1010.3416666666667,0.0,32.875
2023-05-30,39.76168,-121.84047,4.6,26.0,Chico-East Avenue,21.797500166666666,49.66038266666666,11.4969845875,1011.4875000000001,0.0,10.833333333333334
2023-05-31,39.76168,-121.84047,6.0,33.0,Chico-East Avenue,20.937083666666666,56.589889375000006,9.106926041666666,1010.4166666666666,0.0,12.708333333333334
2023-06-01,39.76168,-121.84047,10.8,54.0,Chico-East Avenue,22.801666958333332,50.945996916666665,7.852749008333333,1008.8166666666666,0.0,7.458333333333333
2023-06-02,39.76168,-121.84047,9.2,51.0,Chico-East Avenue,23.64749995833333,40.03114970833333,6.329894270833333,1011.5458333333332,0.0,1.375
2023-06-03,39.76168,-121.84047,8.8,49.0,Chico-East Avenue,24.559999916666666,34.23019745833333,5.253965775,1011.2624999999999,0.0,31.291666666666668
2023-06-04,39.76168,-121.84047,9.4,52.0,Chico-East Avenue,27.320416666666663,33.909174625,6.350942783333333,1008.3791666666666,0.0,21.0
2023-06-05,39.76168,-121.84047,9.5,52.0,Chico-East Avenue,30.187083166666667,26.921453833333334,8.465532445833334,1005.3625000000001,0.0,92.5
2023-06-06,39.76168,-121.84047,7.7,43.0,Chico-East Avenue,24.670416625,47.96093775,11.54816175,1006.2791666666667,0.0,65.54166666666667
2023-06-07,39.76168,-121.84047,7.4,41.0,Chico-East Avenue,22.05375020833333,54.03710041666667,10.484254004166667,1010.2458333333334,0.0,57.583333333333336
2023-06-08,39.76168,-121.84047,6.6,37.0,Chico-East Avenue,22.139166708333335,55.804900833333335,9.927770666666666,1014.0,0.0,83.95833333333333
2023-06-09,39.76168,-121.84047,4.9,27.0,Chico-East Avenue,23.764166833333334,47.402943291666666,9.553600841666666,1013.5916666666667,0.0,52.791666666666664
2023-06-10,39.76168,-121.84047,5.7,32.0,Chico-East Avenue,23.69541691666667,42.286788333333334,7.752723020833333,1010.8083333333334,0.0,92.25
2023-06-11,39.76168,-121.84047,5.1,28.0,Chico-East Avenue,24.932916875,45.922802875,7.9865840125,1007.3666666666667,0.0,70.41666666666667
2023-06-12,39.76168,-121.84047,5.4,30.0,Chico-East Avenue,23.0495835,55.546624625,10.8447040875,1011.1708333333332,0.15,68.75
2023-06-13,39.76168,-121.84047,8.1,45.0,Chico-East Avenue,23.43916695833333,51.89413141666666,8.338531270833334,1013.7791666666667,0.0,32.375
2023-06-14,39.76168,-121.84047,6.7,37.0,Chico-East Avenue,25.712083208333336,50.39994804166667,7.786128425,1010.775,0.0,54.25
2023-06-15,39.76168,-121.84047,5.5,31.0,Chico-East Avenue,26.893333249999998,38.53435195833333,8.070980745833333,1008.4416666666666,0.0,31.75
2023-06-16,39.76168,-121.84047,6.6,37.0,Chico-East Avenue,27.955832791666666,22.534684395833334,12.463170725,1010.1333333333333,0.0,49.125
2023-06-17,39.76168,-121.84047,8.6,48.0,Chico-East Avenue,27.032916583333332,38.076200791666665,10.779673541666668,1011.5083333333333,0.0,31.875
2023-06-18,39.76168,-121.84047,2.6,14.0,Chico-East Avenue,26.366250166666664,38.878751666666666,9.217923766666667,1008.2166666666667,0.0,68.75
2023-06-19,39.76168,-121.84047,3.7,21.0,Chico-East Avenue,20.864167041666665,40.78770608333333,10.817416241666665,1009.6666666666666,0.0,27.5
2023-06-20,39.76168,-121.84047,0.5,3.0,Chico-East Avenue,19.005833374999998,31.828623500000003,8.857074520833333,1016.7541666666666,0.0,9.708333333333334
2023-06-21,39.76168,-121.84047,4.2,23.0,Chico-East Avenue,20.943333499999998,26.776914458333334,6.530992025,1015.4125,0.0,0.3333333333333333
2023-06-22,39.76168,-121.84047,6.6,37.0,Chico-East Avenue,22.901666791666667,29.32975125,8.319639050000001,1010.8625000000001,0.0,49.833333333333336
2023-06-23,39.76168,-121.84047,5.5,31.0,Chico-East Avenue,21.324583583333332,45.75482391666667,11.651912925,1013.2333333333332,0.0,22.0
2023-06-24,39.76168,-121.84047,5.2,29.0,Chico-East Avenue,22.514166875,41.39607204166666,7.632106675,1014.8458333333333,0.0,60.25
2023-06-25,39.76168,-121.84047,4.7,26.0,Chico-East Avenue,23.222500458333332,42.80023520833333,8.565900041666668,1015.0375,0.0,61.708333333333336
2023-06-26,39.76168,-121.84047,6.7,37.0,Chico-East Avenue,23.247500041666665,44.591540583333334,6.571923075,1013.6458333333334,0.0,15.75
2023-06-27,39.76168,-121.84047,8.0,44.0,Chico-East Avenue,24.699583416666666,41.976498625,6.507051433333333,1010.1041666666666,0.0,18.5
2023-06-28,39.76168,-121.84047,9.3,51.0,Chico-East Avenue,25.81625,40.195900375,6.1158648541666665,1009.0708333333333,0.0,5.541666666666667
2023-06-29,39.76168,-121.84047,7.7,43.0,Chico-East Avenue,29.272499625,30.06242895833333,8.5662347625,1009.9916666666667,0.0,0.0
2023-06-30,39.76168,-121.84047,9.2,51.0,Chico-East Avenue,30.98291641666667,27.65957125,6.00532905,1009.8249999999999,0.0,0.0
2023-07-01,39.76168,-121.84047,9.4,52.0,Chico-East Avenue,33.055832375,22.868624333333333,6.534473491666667,1009.5458333333332,0.0,0.125
2023-07-02,39.76168,-121.84047,8.0,44.0,Chico-East Avenue,34.539166083333335,18.15851575,7.173896220833334,1008.7125,0.0,1.8333333333333333
2023-07-03,39.76168,-121.84047,8.8,49.0,Chico-East Avenue,33.345415958333334,19.428435583333332,7.1044910833333335,1007.7208333333333,0.0,0.7083333333333334
2023-07-04,39.76168,-121.84047,8.6,48.0,Chico-East Avenue,30.720416375,26.21992941666667,9.4359444,1008.4625,0.0,0.0
2023-07-05,39.76168,-121.84047,15.0,62.0,Chico-East Avenue,28.057916541666668,34.809987291666665,9.034080329166667,1009.9125,0.0,0.0
2023-07-06,39.76168,-121.84047,6.7,37.0,Chico-East Avenue,26.653749708333333,38.553517375,10.112349254166666,1009.7833333333333,0.0,0.0
2023-07-07,39.76168,-121.84047,7.9,44.0,Chico-East Avenue,25.428750124999997,41.16875091666667,9.34044215,1008.5749999999999,0.0,0.5416666666666666
2023-07-08,39.76168,-121.84047,10.2,53.0,Chico-East Avenue,25.180833250000003,43.76153429166666,9.083333333333334,1008.8958333333334,0.0,0.0
2023-07-09,39.76168,-121.84047,6.2,34.0,Chico-East Avenue,23.845416791666665,45.16418479166666,11.057416479166667,1010.0875,0.0,0.0
2023-07-10,39.76168,-121.84047,5.7,32.0,Chico-East Avenue,23.753750166666666,45.59811929166667,7.7512264208333335,1012.8125,0.0,0.0
2023-07-11,39.76168,-121.84047,8.3,46.0,Chico-East Avenue,27.582916416666666,29.013581583333334,6.7469525375,1012.125,0.0,0.0
2023-07-12,39.76168,-121.84047,6.8,38.0,Chico-East Avenue,29.984999791666667,21.206797791666666,10.5554436,1012.1916666666666,0.0,0.0
2023-07-13,39.76168,-121.84047,7.8,43.0,Chico-East Avenue,29.14749995833333,19.741363625,6.913553158333333,1012.9416666666666,0.0,0.0
2023-07-14,39.76168,-121.84047,7.5,42.0,Chico-East Avenue,30.212082999999996,22.3941585,5.402026403333333,1011.6291666666666,0.0,0.0
2023-07-15,39.76168,-121.84047,8.0,44.0,Chico-East Avenue,32.83708320833333,24.606659500000003,5.804031983333334,1009.5500000000001,0.0,0.0
2023-07-16,39.76168,-121.84047,8.2,46.0,Chico-East Avenue,34.19124958333333,19.427283749999997,5.794046770833333,1007.9208333333332,0.0,38.666666666666664
2023-07-17,39.76168,-121.84047,12.3,57.0,Chico-East Avenue,36.38916545833333,20.956616083333333,10.786552550000001,1007.6750000000001,0.0,43.583333333333336
2023-07-18,39.76168,-121.84047,13.3,59.0,Chico-East Avenue,32.75583254166667,23.798154541666666,10.296370095833334,1009.2833333333333,0.0,15.833333333333334
2023-07-19,39.76168,-121.84047,16.8,65.0,Chico-East Avenue,30.018333041666665,25.559252458333333,8.160520620833333,1011.9916666666667,0.0,4.75
2023-07-20,39.76168,-121.84047,11.5,55.0,Chico-East Avenue,30.705833166666665,16.5516159125,6.733629241666667,1013.225,0.0,0.0
2023-07-21,39.76168,-121.84047,12.0,56.0,Chico-East Avenue,32.50374945833333,16.898929312499998,6.173003483333333,1011.3291666666668,0.0,0.0
2023-07-22,39.76168,-121.84047,9.8,52.0,Chico-East Avenue,33.134999666666666,15.834108666666665,5.3122914125,1008.1916666666666,0.0,52.166666666666664
2023-07-23,39.76168,-121.84047,11.4,55.0,Chico-East Avenue,33.29124945833333,17.737892916666667,6.224965887500001,1007.4291666666667,0.0,80.04166666666667
2023-07-24,39.76168,-121.84047,9.1,51.0,Chico-East Avenue,30.212083166666662,27.736154166666665,13.946659354166668,1011.3375,0.0,7.458333333333333
2023-07-25,39.76168,-121.84047,6.4,36.0,Chico-East Avenue,29.843333083333334,21.530830374999997,7.219923470833333,1014.4541666666668,0.0,0.0
2023-07-26,39.76168,-121.84047,5.9,33.0,Chico-East Avenue,30.216249958333332,18.019292416666666,8.653956008333333,1012.3375,0.0,0.0
2023-07-27,39.76168,-121.84047,8.5,47.0,Chico-East Avenue,29.089166416666668,31.256484583333332,11.3291863125,1011.5291666666667,0.0,0.0
2023-07-28,39.76168,-121.84047,11.3,55.0,Chico-East Avenue,27.755833208333332,31.353972249999998,9.732945483333333,1012.6833333333334,0.0,0.0
2023-07-29,39.76168,-121.84047,3.8,21.0,Chico-East Avenue,28.889166583333335,23.9973914375,10.430331691666668,1013.4250000000001,0.0,0.9583333333333334
2023-07-30,39.76168,-121.84047,7.5,42.0,Chico-East Avenue,29.726666541666663,21.51849525,9.847188791666666,1013.25,0.0,0.0
2023-07-31,39.76168,-121.84047,8.5,47.0,Chico-East Avenue,29.839166125000002,20.241173416666665,9.078117308333333,1012.4208333333332,0.0,19.291666666666668
2023-08-01,39.76168,-121.84047,11.0,55.0,Chico-East Avenue,29.34541625,20.873148708333336,8.3651891125,1012.2125,0.0,69.16666666666667
2023-08-02,39.76168,-121.84047,8.3,46.0,Chico-East Avenue,26.670416375000002,33.990482229166666,9.402085491666666,1013.525,0.0,11.75
2023-08-03,39.76168,-121.84047,7.2,40.0,Chico-East Avenue,25.645416458333333,40.844425875,9.349550866666666,1014.5,0.0,16.75
2023-08-04,39.76168,-121.84047,10.1,53.0,Chico-East Avenue,26.930833458333336,38.23703654166666,6.353645441666667,1014.2833333333333,0.0,4.0
2023-08-05,39.76168,-121.84047,11.0,55.0,Chico-East Avenue,30.518333,27.857866770833336,9.0430156875,1011.9166666666666,0.0,1.75
2023-08-06,39.76168,-121.84047,5.2,29.0,Chico-East Avenue,31.76416641666667,22.771616708333337,11.660010408333333,1012.6958333333333,0.0,0.2916666666666667
2023-08-07,39.76168,-121.84047,8.1,45.0,Chico-East Avenue,31.755832625,21.091330583333335,7.2758403375,1011.4541666666668,0.0,10.583333333333334
2023-08-08,39.76168,-121.84047,7.7,43.0,Chico-East Avenue,30.562082916666668,27.224288333333334,10.975851379166665,1011.0041666666666,0.0,3.0416666666666665
2023-08-09,39.76168,-121.84047,7.5,42.0,Chico-East Avenue,26.826666499999998,38.40216454166667,10.202238741666667,1011.1208333333334,0.0,30.916666666666668
2023-08-10,39.76168,-121.84047,7.5,42.0,Chico-East Avenue,27.589166333333335,31.795270541666667,6.926834358333333,1010.6416666666668,0.0,0.0
2023-08-11,39.76168,-121.84047,7.3,41.0,Chico-East Avenue,27.272499791666664,36.98461570833333,8.8149485125,1011.9041666666667,0.0,0.7083333333333334
2023-08-12,39.76168,-121.84047,6.9,38.0,Chico-East Avenue,28.234999791666667,33.16100829166667,7.243611920833334,1013.0958333333333,0.0,2.4166666666666665
2023-08-13,39.76168,-121.84047,7.4,41.0,Chico-East Avenue,31.203749291666668,29.161192874999998,8.269827858333334,1011.7416666666667,0.0,4.041666666666667
2023-08-14,39.76168,-121.84047,10.0,53.0,Chico-East Avenue,32.51208295833333,30.560269541666667,10.264981141666667,1010.5458333333332,0.0,22.25
2023-08-15,39.76168,-121.84047,5.1,28.0,Chico-East Avenue,32.101666208333334,33.00699739583333,6.753027525,1011.9,0.012499999999999999,35.541666666666664
2023-08-16,39.76168,-121.84047,8.9,49.0,Chico-East Avenue,35.24124891666667,21.06218475,6.96587065,1010.9875000000001,0.0,33.791666666666664
2023-08-17,39.76168,-121.84047,8.3,46.0,Chico-East Avenue,36.58291595833333,19.98979189583333,10.603251975000001,1007.6541666666667,0.0,52.416666666666664
2023-08-18,39.76168,-121.84047,8.8,49.0,Chico-East Avenue,31.61833283333333,31.714533458333335,9.915815725,1006.8333333333334,0.0,3.7916666666666665
2023-08-19,39.76168,-121.84047,9.6,52.0,Chico-East Avenue,30.020416166666667,37.36116929166666,7.008439325,1006.9333333333334,0.0,28.458333333333332
2023-08-20,39.76168,-121.84047,9.0,50.0,Chico-East Avenue,30.30791625,31.147103041666668,10.4832701,1006.1708333333332,0.0,81.45833333333333
2023-08-21,39.76168,-121.84047,15.3,63.0,Chico-East Avenue,26.2058335,52.846657083333334,12.682597737499998,1006.5083333333333,0.2625,94.83333333333333
2023-08-22,39.76168,-121.84047,7.3,41.0,Chico-East Avenue,24.564166874999998,60.29670520833333,8.398255054166667,1014.7583333333333,0.008333333333333333,37.791666666666664
2023-08-23,39.76168,-121.84047,5.5,31.0,Chico-East Avenue,26.418333375,44.32252770833333,5.8091940583333335,1012.9625,0.0,0.625
2023-08-24,39.76168,-121.84047,9.1,51.0,Chico-East Avenue,27.799582958333332,32.41378433333333,5.654086590833334,1009.9625,0.0,2.4166666666666665
2023-08-25,39.76168,-121.84047,11.7,56.0,Chico-East Avenue,28.055833208333336,40.004269083333334,10.390674704166667,1011.4375,0.0,2.3333333333333335
2023-08-26,39.76168,-121.84047,6.0,33.0,Chico-East Avenue,26.720416458333332,31.892498416666665,7.015066466666667,1012.9166666666666,0.0,0.0
2023-08-27,39.76168,-121.84047,4.8,27.0,Chico-East Avenue,26.72874991666667,24.994739770833334,6.3312807625000005,1014.225,0.0,0.0
2023-08-28,39.76168,-121.84047,5.9,33.0,Chico-East Avenue,26.339166666666667,21.559848208333335,5.0221415625,1013.3249999999999,0.0,0.0
2023-08-29,39.76168,-121.84047,35.4,100.0,Chico-East Avenue,27.216250125,20.629254375,5.907886670833334,1012.5083333333333,0.0,0.0
2023-08-30,39.76168,-121.84047,16.9,66.0,Chico-East Avenue,28.349583291666665,21.406026833333332,11.901724791666666,1011.2875,0.0,0.0
2023-08-31,39.76168,-121.84047,19.0,69.0,Chico-East Avenue,28.512083041666667,20.074207916666666,8.25638445,1006.1333333333333,0.0,12.708333333333334
2023-09-01,39.76168,-121.84047,10.6,54.0,Chico-East Avenue,24.603750041666668,47.84174375,19.7971398875,1004.5916666666667,0.008333333333333333,65.625
2023-09-02,39.76168,-121.84047,3.0,17.0,Chico-East Avenue,21.085000083333334,62.887987708333334,14.133067333333335,1012.2125,0.049999999999999996,33.041666666666664
2023-09-03,39.76168,-121.84047,4.0,22.0,Chico-East Avenue,21.5745835,63.233757125000004,7.130496304166667,1015.6999999999999,0.05416666666666667,67.33333333333333
2023-09-04,39.76168,-121.84047,3.7,21.0,Chico-East Avenue,22.199583416666666,54.55078566666666,6.529880295833333,1014.4416666666666,0.0,1.8333333333333333
2023-09-05,39.76168,-121.84047,6.2,34.0,Chico-East Avenue,24.14541675,41.366296874999996,5.107198054166667,1010.5333333333333,0.0,0.0
2023-09-06,39.76168,-121.84047,7.9,44.0,Chico-East Avenue,25.866250124999997,39.277814291666665,8.103708616666667,1010.8041666666667,0.0,0.0
2023-09-07,39.76168,-121.84047,12.6,58.0,Chico-East Avenue,25.55583329166667,41.27830533333333,8.6040910625,1012.1541666666667,0.0,0.0
2023-09-08,39.76168,-121.84047,9.2,51.0,Chico-East Avenue,26.045416791666668,36.48386370833334,8.0264087625,1013.8708333333334,0.0,32.166666666666664
2023-09-09,39.76168,-121.84047,7.7,43.0,Chico-East Avenue,26.330833249999998,32.62833454166667,8.054342704166666,1015.5124999999999,0.0,0.0
2023-09-10,39.76168,-121.84047,5.0,28.0,Chico-East Avenue,26.412083374999998,28.390159645833336,7.132920703333333,1014.7708333333334,0.0,0.0
2023-09-11,39.76168,-121.84047,6.2,34.0,Chico-East Avenue,25.326666416666665,22.543125833333335,5.116317025,1013.0666666666666,0.0,0.0
2023-09-12,39.76168,-121.84047,8.0,44.0,Chico-East Avenue,26.937083125,21.113079875,6.698178770833334,1011.6125000000001,0.0,2.0416666666666665
2023-09-13,39.76168,-121.84047,10.5,54.0,Chico-East Avenue,26.632916666666663,27.4855575,6.240369033333334,1011.0083333333333,0.0,0.8333333333333334
2023-09-14,39.76168,-121.84047,8.4,47.0,Chico-East Avenue,28.101666374999997,25.49071875,7.014788954166666,1010.0958333333333,0.0,0.4166666666666667
2023-09-15,39.76168,-121.84047,10.1,53.0,Chico-East Avenue,27.745416416666668,36.312486125,6.917843950000001,1011.2166666666667,0.0,0.0
2023-09-16,39.76168,-121.84047,8.4,47.0,Chico-East Avenue,26.030833375,41.75105175,6.480724891666667,1011.5749999999999,0.0,9.791666666666666
2023-09-17,39.76168,-121.84047,7.2,40.0,Chico-East Avenue,24.564166916666665,54.1913085,7.933137279166666,1012.4541666666668,0.0,8.625
2023-09-18,39.76168,-121.84047,7.2,40.0,Chico-East Avenue,23.064166916666665,55.150157,8.210529166666666,1013.4,0.0,16.75
2023-09-19,39.76168,-121.84047,7.1,39.0,Chico-East Avenue,23.543333625,52.566176041666665,6.879258141666667,1012.5708333333333,0.0,20.458333333333332
2023-09-20,39.76168,-121.84047,14.5,61.0,Chico-East Avenue,23.230833458333333,55.24235758333333,5.394617016666667,1009.2333333333332,0.0,1.2916666666666667
2023-09-21,39.76168,-121.84047,7.7,43.0,Chico-East Avenue,21.81416683333333,45.94742958333333,8.7359998625,1008.8291666666668,0.05000000000000001,6.291666666666667
2023-09-22,39.76168,-121.84047,16.0,64.0,Chico-East Avenue,21.326666916666667,33.63258045833333,7.9936284791666665,1013.0583333333334,0.0,0.0
2023-09-23,39.76168,-121.84047,17.3,66.0,Chico-East Avenue,20.845416958333335,40.666700875,7.382983104166667,1014.3416666666667,0.0,0.0
2023-09-24,39.76168,-121.84047,15.3,63.0,Chico-East Avenue,21.39958354166667,39.72592816666667,10.455323224999999,1014.4291666666667,0.0,75.25
2023-09-25,39.76168,-121.84047,3.9,22.0,Chico-East Avenue,20.87250020833333,45.52807216666667,18.548790333333333,1015.25,0.0,75.125
2023-09-26,39.76168,-121.84047,1.8,10.0,Chico-East Avenue,20.751666833333335,61.008957083333335,13.7674809625,1018.15,0.34166666666666673,54.916666666666664
2023-09-27,39.76168,-121.84047,3.1,17.0,Chico-East Avenue,19.214166791666667,52.11225079166667,5.740703483333333,1017.1,0.0,4.375
2023-09-28,39.76168,-121.84047,4.2,23.0,Chico-East Avenue,20.626666750000002,48.95774029166666,6.961932287500001,1012.7458333333334,0.0,1.625
2023-09-29,39.76168,-121.84047,4.5,25.0,Chico-East Avenue,20.457916833333332,39.20693320833333,8.821837408333334,1008.5791666666668,0.0,28.291666666666668
2023-09-30,39.76168,-121.84047,1.7,9.0,Chico-East Avenue,17.27875020833333,78.82540283333333,9.985737454166667,1007.4708333333333,1.4916666666666665,96.5
2023-10-01,39.76168,-121.84047,2.5,14.0,Chico-East Avenue,16.05375025,72.60365733333333,5.436754241666667,1009.875,0.004166666666666667,18.833333333333332
2023-10-02,39.76168,-121.84047,4.3,24.0,Chico-East Avenue,15.991250125,57.99074829166667,5.1013190375,1014.1125000000001,0.0,36.333333333333336
2023-10-03,39.76168,-121.84047,3.0,17.0,Chico-East Avenue,18.385000083333335,58.004877916666665,5.170393229166667,1015.3916666666668,0.0,40.083333333333336
2023-10-04,39.76168,-121.84047,1.3,7.0,Chico-East Avenue,21.139166875,54.44278520833333,10.648983441666667,1014.5875,0.0,0.3333333333333333
2023-10-05,39.76168,-121.84047,2.8,16.0,Chico-East Avenue,22.518333666666667,46.61151091666667,8.125316475,1015.525,0.0,0.0
2023-10-06,39.76168,-121.84047,4.7,26.0,Chico-East Avenue,22.876666916666665,50.074074208333336,7.3420415125,1014.9833333333332,0.0,0.0
2023-10-07,39.76168,-121.84047,7.7,43.0,Chico-East Avenue,23.099583499999998,53.87163804166667,4.866412966666666,1012.1374999999999,0.0,0.0
2023-10-08,39.76168,-121.84047,10.6,54.0,Chico-East Avenue,23.530833375,42.09959870833333,5.6751094958333335,1010.4708333333333,0.0,0.0
2023-10-09,39.76168,-121.84047,4.7,26.0,Chico-East Avenue,22.362083583333334,44.49998816666667,15.945694958333334,1008.6416666666668,0.012499999999999999,53.166666666666664
2023-10-10,39.76168,-121.84047,2.7,15.0,Chico-East Avenue,18.422500041666666,65.36207816666666,12.9735221375,1008.6750000000001,0.1791666666666667,54.666666666666664
2023-10-11,39.76168,-121.84047,1.7,9.0,Chico-East Avenue,16.112083625,67.894154,12.842355300000001,1009.3874999999999,0.11249999999999999,21.916666666666668
2023-10-12,39.76168,-121.84047,1.8,10.0,Chico-East Avenue,16.31833358333333,47.74153454166666,11.330486825,1010.6458333333334,0.0,8.166666666666666
2023-10-13,39.76168,-121.84047,7.7,43.0,Chico-East Avenue,17.622500125,40.926079125,8.163135412499999,1010.5791666666668,0.0,71.79166666666667
2023-10-14,39.76168,-121.84047,8.5,47.0,Chico-East Avenue,19.220416875,44.68885529166667,8.075031120833334,1015.0416666666666,0.0,91.875
2023-10-15,39.76168,-121.84047,7.8,43.0,Chico-East Avenue,18.89958354166667,46.130171999999995,4.344758858333333,1018.6125000000001,0.0,74.95833333333333
2023-10-16,39.76168,-121.84047,7.4,41.0,Chico-East Avenue,20.7058335,43.464654708333335,8.005887425,1017.3083333333334,0.0,77.0
2023-10-17,39.76168,-121.84047,4.7,26.0,Chico-East Avenue,19.3245835,58.743799458333335,6.529721279166666,1016.3833333333333,0.0,8.458333333333334
2023-10-18,39.76168,-121.84047,6.5,36.0,Chico-East Avenue,20.762083541666666,41.999288125,4.943613741666667,1013.5958333333333,0.0,0.25
2023-10-19,39.76168,-121.84047,11.3,55.0,Chico-East Avenue,21.270416666666666,45.81930116666666,3.2816688541666665,1014.1875,0.0,0.0
2023-10-20,39.76168,-121.84047,16.5,65.0,Chico-East Avenue,21.11833354166667,42.84823620833333,5.218580316666666,1012.3625000000001,0.0,28.916666666666668
2023-10-21,39.76168,-121.84047,9.0,50.0,Chico-East Avenue,21.05375025,47.91267475,8.8469574375,1010.8583333333332,0.0,42.166666666666664
2023-10-22,39.76168,-121.84047,4.0,22.0,Chico-East Avenue,17.97875025,66.50877445833333,12.039361208333332,1009.7416666666667,0.18333333333333335,56.208333333333336
2023-10-23,39.76168,-121.84047,4.2,23.0,Chico-East Avenue,16.501666958333335,80.99605366666667,6.0469005375,1009.2458333333334,0.10833333333333334,24.458333333333332
2023-10-24,39.76168,-121.84047,8.1,45.0,Chico-East Avenue,16.776666958333333,62.190371166666665,5.9400835625,1009.7416666666667,0.0,49.541666666666664
2023-10-25,39.76168,-121.84047,6.3,35.0,Chico-East Avenue,16.368333583333335,72.708307375,13.333003270833332,1011.2583333333333,0.020833333333333332,96.16666666666667
2023-10-26,39.76168,-121.84047,5.8,32.0,Chico-East Avenue,12.253750004166667,73.597352625,9.440604791666667,1018.1458333333334,0.05416666666666667,29.541666666666668
2023-10-27,39.76168,-121.84047,24.1,79.0,Chico-East Avenue,10.135000120833334,58.31517183333333,4.127778541666667,1018.475,0.0,0.2916666666666667
2023-10-28,39.76168,-121.84047,16.1,64.0,Chico-East Avenue,9.999583424999999,56.40556754166667,6.974583983333333,1019.9125,0.0,0.0
2023-10-29,39.76168,-121.84047,6.9,38.0,Chico-East Avenue,11.668333433333332,34.87515329166667,8.416305670833333,1022.5916666666667,0.0,0.0
2023-10-30,39.76168,-121.84047,7.6,42.0,Chico-East Avenue,11.905833391666667,35.881882166666664,5.7637513875,1021.9666666666667,0.0,0.0
2023-10-31,39.76168,-121.84047,8.6,48.0,Chico-East Avenue,11.507916954166667,49.393861208333334,4.682949675,1020.9458333333333,0.0,57.875
2023-11-01,39.76168,-121.84047,13.7,60.0,Chico-East Avenue,12.793333529166667,51.128144416666665,3.009963229166667,1019.3125,0.0,65.83333333333333
2023-11-02,39.76168,-121.84047,14.0,60.0,Chico-East Avenue,13.697500125,61.557945875,3.7521121825,1019.0166666666668,0.0,82.04166666666667
2023-11-03,39.76168,-121.84047,11.7,56.0,Chico-East Avenue,15.368333583333333,53.147698416666664,4.778509966666666,1019.3916666666668,0.004166666666666667,54.291666666666664
2023-11-04,39.76168,-121.84047,9.7,52.0,Chico-East Avenue,17.701666916666667,58.22740916666667,6.682395933333333,1017.6791666666667,0.0,64.16666666666667
2023-11-05,39.76168,-121.84047,1.8,10.0,Chico-East Avenue,17.980833458333333,72.24311866666666,14.1330918125,1015.4875000000001,0.19166666666666668,95.41666666666667
2023-11-06,39.76168,-121.84047,3.1,17.0,Chico-East Avenue,16.241250166666667,83.35982345833334,20.701999583333333,1011.2291666666666,0.7041666666666667,77.41666666666667
2023-11-07,39.76168,-121.84047,3.2,18.0,Chico-East Avenue,13.176666875,71.85513616666667,11.319960862499999,1016.9,0.1625,20.5
2023-11-08,39.76168,-121.84047,6.0,33.0,Chico-East Avenue,11.705833366666667,51.9828085,10.212805583333333,1023.2208333333333,0.0,14.583333333333334
2023-11-09,39.76168,-121.84047,14.2,61.0,Chico-East Avenue,9.68083345,52.197333750000006,6.025385591666667,1022.8166666666666,0.0,41.291666666666664
2023-11-10,39.76168,-121.84047,12.5,57.0,Chico-East Avenue,10.066250033333333,52.50286295833333,3.293499833333333,1020.9291666666667,0.0,68.125
2023-11-11,39.76168,-121.84047,27.7,86.0,Chico-East Avenue,11.418333570833333,57.30510558333333,3.0396525125,1020.8833333333333,0.0,69.125
2023-11-12,39.76168,-121.84047,28.1,86.0,Chico-East Avenue,12.072500141666666,58.34443958333333,4.910421311666666,1018.0458333333332,0.0,72.83333333333333
2023-11-13,39.76168,-121.84047,15.7,63.0,Chico-East Avenue,15.070416916666666,49.01923016666667,8.825833108333333,1014.1999999999999,0.0,56.208333333333336
2023-11-14,39.76168,-121.84047,12.6,58.0,Chico-East Avenue,12.47875025,50.687950625000006,5.409728845833333,1014.4916666666667,0.0,54.125
2023-11-15,39.76168,-121.84047,11.8,56.0,Chico-East Avenue,11.978750183333332,54.785869166666664,5.428014524999999,1012.2458333333334,0.0,93.58333333333333
2023-11-16,39.76168,-121.84047,10.0,53.0,Chico-East Avenue,14.826666916666667,73.95352075,5.927599975,1013.975,0.15833333333333335,66.08333333333333
2023-11-17,39.76168,-121.84047,10.8,54.0,Chico-East Avenue,13.476666875,72.93128433333332,5.125815654166667,1014.8166666666666,0.0,44.333333333333336
2023-11-18,39.76168,-121.84047,2.1,12.0,Chico-East Avenue,14.528750291666666,77.28528941666667,13.832927724166666,1011.5041666666666,1.0916666666666668,97.875
2023-11-19,39.76168,-121.84047,3.7,21.0,Chico-East Avenue,10.812083525,77.76761145833333,13.31488885,1021.7208333333333,0.16666666666666666,27.541666666666668
2023-11-20,39.76168,-121.84047,5.9,33.0,Chico-East Avenue,11.126666762500001,43.28386279166667,12.287054291666665,1026.0874999999999,0.0,2.875
2023-11-21,39.76168,-121.84047,11.3,55.0,Chico-East Avenue,11.178750241666668,47.10868583333333,6.233206549999999,1026.55,0.0,55.25
2023-11-22,39.76168,-121.84047,17.4,66.0,Chico-East Avenue,9.918333379166667,60.97282658333333,2.5175074416666665,1024.9708333333333,0.0,55.458333333333336
2023-11-23,39.76168,-121.84047,8.5,47.0,Chico-East Avenue,12.339166795833334,63.183253791666665,8.401068495833334,1015.1208333333334,0.05416666666666667,42.291666666666664
2023-11-24,39.76168,-121.84047,11.0,55.0,Chico-East Avenue,9.432916862499999,43.932791208333335,14.307303916666667,1015.0583333333334,0.0,0.0
2023-11-25,39.76168,-121.84047,13.5,59.0,Chico-East Avenue,7.1433334083333335,51.95412854166667,10.321913575,1019.15,0.0,0.0
2023-11-26,39.76168,-121.84047,19.8,71.0,Chico-East Avenue,7.226666708333333,50.14170920833334,8.782363366666667,1021.125,0.0,0.0
2023-11-27,39.76168,-121.84047,16.9,66.0,Chico-East Avenue,6.270416695000001,53.602259333333336,5.9972272625,1020.4208333333332,0.0,0.0
2023-11-28,39.76168,-121.84047,17.5,67.0,Chico-East Avenue,6.189166791125,59.84616304166667,4.0477858625000005,1021.5708333333333,0.0,0.75
2023-11-29,39.76168,-121.84047,18.2,68.0,Chico-East Avenue,8.249583329166667,55.245321708333336,4.755031061666666,1017.7791666666667,0.016666666666666666,27.125
2023-11-30,39.76168,-121.84047,20.6,72.0,Chico-East Avenue,8.676666704166667,65.85163866666666,3.851303145833333,1014.8541666666666,0.0,45.583333333333336
2023-12-01,39.76168,-121.84047,10.8,54.0,Chico-East Avenue,7.951666825,73.47811883333334,6.502497129166667,1018.0916666666667,0.008333333333333333,72.58333333333333
2023-12-02,39.76168,-121.84047,3.2,18.0,Chico-East Avenue,11.407916916666666,70.18875620833333,12.883528458333332,1022.4499999999999,0.004166666666666667,99.95833333333333
2023-12-03,39.76168,-121.84047,4.5,25.0,Chico-East Avenue,13.545416875,83.17106108333333,19.196518333333334,1023.7166666666667,0.016666666666666666,98.95833333333333
2023-12-04,39.76168,-121.84047,9.3,51.0,Chico-East Avenue,12.107916904166666,75.12266070833333,4.761860983333333,1024.5125,0.0,55.625
2023-12-05,39.76168,-121.84047,14.0,60.0,Chico-East Avenue,12.545416833333334,76.49440225,4.655498658333333,1023.1374999999999,0.0,66.0
2023-12-06,39.76168,-121.84047,9.7,52.0,Chico-East Avenue,12.43500025,69.70675945833334,10.4716694,1017.6333333333333,0.225,87.41666666666667
2023-12-07,39.76168,-121.84047,3.9,22.0,Chico-East Avenue,10.460000291666667,90.80852162500001,17.7459680625,1019.3333333333334,0.15416666666666665,65.5
2023-12-08,39.76168,-121.84047,3.8,21.0,Chico-East Avenue,7.412083550000001,82.109046875,8.6272515125,1024.4166666666667,0.041666666666666664,25.291666666666668
2023-12-09,39.76168,-121.84047,14.7,61.0,Chico-East Avenue,6.762083429166666,50.623510333333336,7.69358145,1026.3458333333333,0.0,24.916666666666668
2023-12-10,39.76168,-121.84047,21.6,74.0,Chico-East Avenue,5.9433333375,67.04604058333334,3.455378495833333,1027.6583333333333,0.0,98.70833333333333
2023-12-11,39.76168,-121.84047,19.0,69.0,Chico-East Avenue,6.62666674875,64.99498704166666,3.496232952916667,1020.75,0.0,33.375
2023-12-12,39.76168,-121.84047,17.5,67.0,Chico-East Avenue,8.5495833875,69.187951375,5.843944225,1015.8708333333334,0.0,0.375
2023-12-13,39.76168,-121.84047,18.6,69.0,Chico-East Avenue,8.899583383333335,58.997983041666664,8.214814608333333,1017.9333333333334,0.0,15.75
2023-12-14,39.76168,-121.84047,20.5,72.0,Chico-East Avenue,7.980833295833333,64.232844,4.236180658333333,1021.2375000000001,0.0,91.20833333333333
2023-12-15,39.76168,-121.84047,23.3,77.0,Chico-East Avenue,8.072500020833333,60.42780954166667,5.188944120833333,1022.8249999999999,0.0,99.125
2023-12-16,39.76168,-121.84047,26.0,82.0,Chico-East Avenue,8.510000008333334,55.90363345833333,6.1593017625,1020.4375,0.0,63.5
2023-12-17,39.76168,-121.84047,17.3,66.0,Chico-East Avenue,8.945416820833334,55.212740458333336,4.361471270833333,1018.6666666666666,0.0,67.25
2023-12-18,39.76168,-121.84047,7.5,42.0,Chico-East Avenue,10.366250208333334,83.84548641666667,7.335646637500001,1014.3666666666667,0.9666666666666667,98.04166666666667
2023-12-19,39.76168,-121.84047,2.3,13.0,Chico-East Avenue,13.464166958333335,88.77063329166667,22.343537816666668,1007.4791666666666,3.0541666666666667,93.20833333333333
2023-12-20,39.76168,-121.84047,3.4,19.0,Chico-East Avenue,13.991250208333334,81.23572141666666,14.679052758333333,1008.3874999999999,1.075,96.83333333333333
2023-12-21,39.76168,-121.84047,9.4,52.0,Chico-East Avenue,11.195416729166666,79.699673125,5.6941436166666675,1014.7666666666668,0.0,35.208333333333336
2023-12-22,39.76168,-121.84047,7.7,43.0,Chico-East Avenue,10.480833479166668,81.966621,5.0644131833333335,1015.4208333333332,0.0,17.208333333333332
2023-12-23,39.76168,-121.84047,10.7,54.0,Chico-East Avenue,8.924583329166667,72.202110875,8.12016355,1016.5541666666667,0.0,5.333333333333333
2023-12-24,39.76168,-121.84047,17.4,66.0,Chico-East Avenue,6.037083437500001,72.631707125,4.250935545833333,1022.0416666666666,0.0,61.041666666666664
2023-12-25,39.76168,-121.84047,26.7,84.0,Chico-East Avenue,8.474583383333334,73.97370804166667,3.6177819749999998,1024.0791666666667,0.0,96.875
2023-12-26,39.76168,-121.84047,16.1,64.0,Chico-East Avenue,8.572500116666667,79.670317125,4.652083158333333,1022.4833333333332,0.0,87.5
2023-12-27,39.76168,-121.84047,13.7,60.0,Chico-East Avenue,9.703750208333334,83.63932216666667,13.102680050000002,1018.7541666666666,0.525,99.875
2023-12-28,39.76168,-121.84047,7.1,39.0,Chico-East Avenue,12.018333499999999,75.74913433333333,8.9487680875,1021.5,0.07083333333333333,98.95833333333333
2023-12-29,39.76168,-121.84047,5.5,31.0,Chico-East Avenue,11.857916916666667,81.673891875,10.091572775000001,1017.3416666666667,0.42916666666666664,86.91666666666667
2023-12-30,39.76168,-121.84047,8.6,48.0,Chico-East Avenue,12.020416916666667,86.93138416666666,11.162154404166666,1016.6,1.0875000000000001,90.29166666666667
2023-12-31,39.76168,-121.84047,11.0,55.0,Chico-East Avenue,8.7037501625,84.92703566666667,4.48434213625,1019.7083333333334,0.0,66.70833333333333
2024-01-01,39.76168,-121.84047,18.8,69.0,Chico-East Avenue,7.77875005,81.96597304166666,4.2512111458333335,1021.0666666666666,0.0,33.291666666666664
2024-01-02,39.76168,-121.84047,9.0,50.0,Chico-East Avenue,8.4891667875,78.01295333333333,8.912332729166666,1022.0500000000001,0.13333333333333333,67.29166666666667
2024-01-03,39.76168,-121.84047,6.0,33.0,Chico-East Avenue,8.6600002,85.958546125,14.483127925,1018.6291666666666,0.85,93.0
2024-01-04,39.76168,-121.84047,10.1,53.0,Chico-East Avenue,6.495416787500001,80.847901875,5.5325565375,1024.5,0.0,50.041666666666664
2024-01-05,39.76168,-121.84047,12.1,57.0,Chico-East Avenue,8.2183334,75.55144708333333,6.598812258333333,1025.8041666666666,0.0,53.25
2024-01-06,39.76168,-121.84047,14.5,61.0,Chico-East Avenue,6.649583416666666,65.39821833333333,11.939858200000002,1021.1208333333334,0.16666666666666666,83.375
2024-01-07,39.76168,-121.84047,11.4,55.0,Chico-East Avenue,3.2870834020833333,75.016379375,7.566372950000001,1018.6958333333333,0.0,14.291666666666666
2024-01-08,39.76168,-121.84047,15.6,63.0,Chico-East Avenue,4.0058333648749995,59.37756775,5.552611579166666,1024.0916666666667,0.0,67.33333333333333
2024-01-09,39.76168,-121.84047,2.5,14.0,Chico-East Avenue,7.141249983333334,67.206049,11.686821054166666,1026.4624999999999,0.075,98.75
2024-01-10,39.76168,-121.84047,0.6,3.0,Chico-East Avenue,6.424583383333334,87.33221295833333,11.5437018375,1018.0,0.2625,74.83333333333333
2024-01-11,39.76168,-121.84047,1.2,7.0,Chico-East Avenue,4.6350000499999995,73.98036245833333,9.009958891666667,1016.7291666666666,0.1625,30.75
2024-01-12,39.76168,-121.84047,6.6,37.0,Chico-East Avenue,4.1120834075,67.13728395833333,6.0375503625,1024.1000000000001,0.0,90.45833333333333
2024-01-13,39.76168,-121.84047,2.7,15.0,Chico-East Avenue,7.330833383333334,77.56493695833333,13.732092529166666,1021.1750000000001,0.5875,99.45833333333333
2024-01-14,39.76168,-121.84047,6.2,34.0,Chico-East Avenue,10.18500025,89.06812037499999,14.852087520833335,1016.9333333333334,0.1416666666666667,99.16666666666667
2024-01-15,39.76168,-121.84047,10.8,54.0,Chico-East Avenue,7.816250150000001,86.35567537499999,3.7506054625,1020.7291666666666,0.0,76.08333333333333
2024-01-16,39.76168,-121.84047,10.6,54.0,Chico-East Avenue,6.553749983333333,91.42288941666668,4.07197785,1020.5083333333333,0.041666666666666664,50.75
2024-01-17,39.76168,-121.84047,4.9,27.0,Chico-East Avenue,10.007916779166667,89.45107891666667,11.137384420833333,1017.0,0.4083333333333334,98.79166666666667
2024-01-18,39.76168,-121.84047,8.1,45.0,Chico-East Avenue,9.5350001625,74.9597615,7.1370922875,1019.275,0.0,92.41666666666667
2024-01-19,39.76168,-121.84047,9.0,50.0,Chico-East Avenue,9.560000133333334,79.32464204166666,5.667393458333333,1016.4291666666667,0.0,99.58333333333333
2024-01-20,39.76168,-121.84047,3.1,17.0,Chico-East Avenue,11.630833541666668,87.26322566666666,15.965782870833332,1008.9875000000001,0.875,100.0
2024-01-21,39.76168,-121.84047,1.5,8.0,Chico-East Avenue,11.549583541666665,89.13641620833333,17.7305768125,1008.4708333333333,0.7666666666666666,100.0
2024-01-22,39.76168,-121.84047,3.7,21.0,Chico-East Avenue,11.972500208333335,87.40418116666666,17.604273979166667,1006.2333333333332,1.6708333333333334,100.0
2024-01-23,39.76168,-121.84047,4.9,27.0,Chico-East Avenue,10.199583379166667,86.37088683333333,4.541073483333333,1013.35,0.0,43.833333333333336
2024-01-24,39.76168,-121.84047,1.5,8.0,Chico-East Avenue,11.580833541666665,85.56300295833334,12.640035191666668,1017.9583333333334,0.375,100.0
2024-01-25,39.76168,-121.84047,4.9,27.0,Chico-East Avenue,11.632916916666666,87.06964145833332,9.693354154166666,1020.3874999999999,0.2708333333333333,76.54166666666667
2024-01-26,39.76168,-121.84047,8.1,45.0,Chico-East Avenue,10.776666875000002,73.76673433333333,2.9553442075,1024.9875,0.0,94.125
2024-01-27,39.76168,-121.84047,6.1,34.0,Chico-East Avenue,11.757916833333333,83.454904625,6.283597512499999,1026.5833333333333,0.0,99.66666666666667
2024-01-28,39.76168,-121.84047,6.6,37.0,Chico-East Avenue,14.303750291666667,83.520551125,5.556949666666667,1023.375,0.012499999999999999,79.08333333333333
2024-01-29,39.76168,-121.84047,7.2,40.0,Chico-East Avenue,13.447500208333333,80.11643354166667,4.3469025375,1020.6416666666668,0.0,4.166666666666667
2024-01-30,39.76168,-121.84047,9.2,51.0,Chico-East Avenue,13.814166791666667,75.35334095833333,5.952100970833333,1017.7125,0.0,81.375
2024-01-31,39.76168,-121.84047,6.0,33.0,Chico-East Avenue,15.057916749999999,69.53752516666667,18.123096291666666,1009.9875000000001,0.0625,98.125
2024-02-01,39.76168,-121.84047,2.2,12.0,Chico-East Avenue,11.507916791666666,80.50931641666666,19.6815265,1003.7833333333333,1.2041666666666666,85.29166666666667
2024-02-02,39.76168,-121.84047,1.8,10.0,Chico-East Avenue,9.4870835,82.22768083333334,15.821745041666667,1008.4,0.8291666666666666,83.54166666666667
2024-02-03,39.76168,-121.84047,2.4,13.0,Chico-East Avenue,7.510000158333334,73.637574875,10.983343224999999,1015.9916666666667,0.020833333333333332,29.25
2024-02-04,39.76168,-121.84047,1.9,11.0,Chico-East Avenue,7.105833358333334,78.419208375,7.311560333333333,1008.6,0.9083333333333333,95.83333333333333
2024-02-05,39.76168,-121.84047,1.6,9.0,Chico-East Avenue,10.955833625000002,86.19959695833334,28.899411916666665,1002.6374999999999,1.2,89.66666666666667
2024-02-06,39.76168,-121.84047,4.2,23.0,Chico-East Avenue,9.785000104166667,79.50345854166666,9.460981395833334,1007.1791666666667,0.016666666666666666,59.666666666666664
2024-02-07,39.76168,-121.84047,3.0,17.0,Chico-East Avenue,7.3370832791666665,84.54772195833333,10.12459735,1006.1333333333333,0.6166666666666667,61.916666666666664
2024-02-08,39.76168,-121.84047,4.0,22.0,Chico-East Avenue,5.097500054166667,86.34977875,5.701538158333334,1013.2583333333333,0.125,43.708333333333336
2024-02-09,39.76168,-121.84047,9.6,52.0,Chico-East Avenue,5.10583341125,79.76501383333333,4.828014341666667,1020.2833333333333,0.0,73.04166666666667
2024-02-10,39.76168,-121.84047,9.6,52.0,Chico-East Avenue,6.874583379166666,65.25202633333333,6.063273841666667,1020.8083333333334,0.0,34.125
2024-02-11,39.76168,-121.84047,7.0,39.0,Chico-East Avenue,6.882916716666667,63.627313625,5.137791120833334,1022.8291666666668,0.0,40.166666666666664
2024-02-12,39.76168,-121.84047,11.3,55.0,Chico-East Avenue,6.741250033333333,80.22967804166667,3.341148375,1022.5,0.0,76.45833333333333
2024-02-13,39.76168,-121.84047,13.8,60.0,Chico-East Avenue,7.9100001,77.75331241666667,3.206991966666667,1017.8249999999999,0.0,84.29166666666667
2024-02-14,39.76168,-121.84047,6.3,35.0,Chico-East Avenue,9.953750208333334,79.53622683333333,13.520398729166667,1016.8333333333334,0.3541666666666667,85.91666666666667
2024-02-15,39.76168,-121.84047,2.5,14.0,Chico-East Avenue,10.649583583333333,88.76077825,18.243618083333335,1019.7041666666668,0.6625,92.41666666666667
2024-02-16,39.76168,-121.84047,7.7,43.0,Chico-East Avenue,11.093333600000001,71.337883,7.226923495833333,1021.6458333333334,0.004166666666666667,97.33333333333333
2024-02-17,39.76168,-121.84047,6.1,34.0,Chico-East Avenue,10.749583541666667,79.01759858333334,6.047773275,1016.8958333333334,0.12916666666666668,97.41666666666667
2024-02-18,39.76168,-121.84047,2.4,13.0,Chico-East Avenue,11.753750208333335,83.57676691666667,19.748352583333332,1013.35,0.5208333333333334,84.45833333333333
2024-02-19,39.76168,-121.84047,0.8,4.0,Chico-East Avenue,12.151666791666669,87.34973054166666,21.501261125,1007.5541666666667,2.0375,96.58333333333333
2024-02-20,39.76168,-121.84047,4.0,22.0,Chico-East Avenue,10.939166958333333,82.68928408333333,20.439107500000002,1015.9833333333332,0.9625,98.79166666666667
2024-02-21,39.76168,-121.84047,1.7,9.0,Chico-East Avenue,10.551666875,82.53694133333333,10.925364666666667,1019.2291666666666,0.21250000000000002,70.20833333333333
2024-02-22,39.76168,-121.84047,3.9,22.0,Chico-East Avenue,9.412083420833333,74.87860154166667,5.686946533333334,1024.2333333333333,0.0,23.875
2024-02-23,39.76168,-121.84047,5.5,31.0,Chico-East Avenue,9.487083462500001,72.07733366666666,5.774147595833334,1023.0416666666666,0.0,37.666666666666664
2024-02-24,39.76168,-121.84047,5.9,33.0,Chico-East Avenue,11.618333433333333,65.38964670833333,6.049340241666667,1018.4916666666667,0.0,71.875
2024-02-25,39.76168,-121.84047,4.5,25.0,Chico-East Avenue,10.791250004166665,64.66972120833333,4.291137433333334,1016.8375,0.0,35.416666666666664
2024-02-26,39.76168,-121.84047,2.4,13.0,Chico-East Avenue,13.466250083333334,63.118021875000004,14.536865566666668,1015.0291666666667,0.0,30.666666666666668
2024-02-27,39.76168,-121.84047,2.6,14.0,Chico-East Avenue,9.764166675,57.198083958333335,11.2859013875,1016.4,0.004166666666666667,52.041666666666664
2024-02-28,39.76168,-121.84047,4.8,27.0,Chico-East Avenue,9.1079167625,64.35474220833333,5.917739233333333,1017.8791666666666,0.0,21.375
2024-02-29,39.76168,-121.84047,2.0,11.0,Chico-East Avenue,11.920416833333334,69.472995,22.403662812500002,1013.4833333333332,0.25,94.5
2024-03-01,39.76168,-121.84047,1.2,7.0,Chico-East Avenue,9.716250208333333,85.11805220833334,22.583746333333334,1011.4250000000001,0.4458333333333333,83.45833333333333
2024-03-02,39.76168,-121.84047,1.7,9.0,Chico-East Avenue,7.3058333375,81.42982266666667,21.1855808125,1005.6958333333333,0.4583333333333333,81.79166666666667
2024-03-03,39.76168,-121.84047,0.8,4.0,Chico-East Avenue,5.668333420833334,87.20517745833332,17.248444375000002,1011.2416666666667,0.24166666666666667,60.75
2024-03-04,39.76168,-121.84047,1.8,10.0,Chico-East Avenue,6.657916591666667,83.98644987499999,13.195542583333333,1018.3458333333333,0.09999999999999999,81.0
2024-03-05,39.76168,-121.84047,1.3,7.0,Chico-East Avenue,9.0933335,77.517069,17.530237208333332,1017.6166666666667,0.6333333333333333,99.79166666666667
2024-03-06,39.76168,-121.84047,2.1,12.0,Chico-East Avenue,11.789166916666666,78.340219,11.647872504166665,1013.2333333333332,0.075,98.375
2024-03-07,39.76168,-121.84047,3.4,19.0,Chico-East Avenue,9.297500108333333,78.22020133333334,7.586705429166667,1013.0458333333332,0.06666666666666667,13.791666666666666
2024-03-08,39.76168,-121.84047,2.7,15.0,Chico-East Avenue,9.262083341666667,59.04330079166667,7.976179229166667,1020.35,0.0,0.0
2024-03-09,39.76168,-121.84047,2.9,16.0,Chico-East Avenue,11.835000166666667,66.61407820833334,14.846030395833333,1019.9250000000001,0.0625,52.333333333333336
2024-03-10,39.76168,-121.84047,2.6,14.0,Chico-East Avenue,11.801666958333334,73.64617116666666,17.695908208333332,1018.3625000000001,0.012499999999999999,96.20833333333333
2024-03-11,39.76168,-121.84047,2.2,12.0,Chico-East Avenue,11.268333458333332,78.06978533333334,13.010872141666667,1016.8541666666666,0.8958333333333334,98.54166666666667
2024-03-12,39.76168,-121.84047,2.8,16.0,Chico-East Avenue,10.595417125,81.12682712499999,13.987571645833334,1019.4708333333333,0.37083333333333335,98.375
2024-03-13,39.76168,-121.84047,0.9,5.0,Chico-East Avenue,9.997500120833333,71.65884662500001,10.615433254166666,1021.9625,0.004166666666666667,73.91666666666667
2024-03-14,39.76168,-121.84047,1.1,6.0,Chico-East Avenue,12.045416820833333,38.31724129166667,16.953797666666667,1021.0375,0.0,2.2083333333333335
2024-03-15,39.76168,-121.84047,1.8,10.0,Chico-East Avenue,14.449583500000001,36.808176625,15.487867791666666,1015.25,0.0,1.5
2024-03-16,39.76168,-121.84047,3.6,20.0,Chico-East Avenue,12.714166758333334,56.390998833333335,5.369365445833334,1013.5375,0.0,0.0
2024-03-17,39.76168,-121.84047,3.5,19.0,Chico-East Avenue,13.778750141666668,64.47974508333333,5.986540916666667,1017.1708333333332,0.0,10.833333333333334
2024-03-18,39.76168,-121.84047,5.8,32.0,Chico-East Avenue,14.314166808333333,66.63748416666667,4.750596245833333,1018.3541666666666,0.0,37.875
2024-03-19,39.76168,-121.84047,8.8,49.0,Chico-East Avenue,15.147500125,69.10199025,5.474394608333333,1017.2583333333333,0.0,23.583333333333332
2024-03-20,39.76168,-121.84047,4.0,22.0,Chico-East Avenue,15.630833625000001,63.431498000000005,9.764665966666668,1016.1374999999999,0.0,14.291666666666666
2024-03-21,39.76168,-121.84047,2.3,13.0,Chico-East Avenue,15.61625025,56.70894608333333,12.617040291666667,1017.65,0.0,26.333333333333332
2024-03-22,39.76168,-121.84047,1.5,8.0,Chico-East Avenue,14.928750208333334,60.309379291666666,14.961511916666666,1016.3083333333334,0.16666666666666666,71.875
2024-03-23,39.76168,-121.84047,1.1,6.0,Chico-East Avenue,10.670416958333334,84.65375858333333,19.478361791666668,1010.0041666666666,0.8624999999999999,75.70833333333333
2024-03-24,39.76168,-121.84047,0.4,2.0,Chico-East Avenue,10.114166820833335,80.95578120833333,13.471195145833335,1008.725,0.13333333333333333,76.91666666666667
2024-03-25,39.76168,-121.84047,3.7,21.0,Chico-East Avenue,10.3787500625,70.33812575,6.831448529166667,1013.2875,0.0,43.666666666666664
2024-03-26,39.76168,-121.84047,3.0,17.0,Chico-East Avenue,12.268333416666666,71.69381983333334,6.536573508333333,1016.775,0.012500000000000002,54.375
2024-03-27,39.76168,-121.84047,2.1,12.0,Chico-East Avenue,11.895416833333334,70.60217954166667,16.987393675,1018.6083333333332,0.3541666666666667,77.66666666666667
2024-03-28,39.76168,-121.84047,2.3,13.0,Chico-East Avenue,11.128750291666668,85.36221583333334,18.380254708333336,1016.0500000000001,0.6833333333333332,71.20833333333333
2024-03-29,39.76168,-121.84047,2.2,12.0,Chico-East Avenue,9.862083666666667,70.11729120833333,15.490622833333333,1011.8375,0.09999999999999999,99.79166666666667
2024-03-30,39.76168,-121.84047,1.5,8.0,Chico-East Avenue,9.5329168375,81.67637058333334,7.226965875,1005.3708333333334,0.6541666666666667,92.70833333333333
2024-03-31,39.76168,-121.84047,1.5,8.0,Chico-East Avenue,10.843333450000001,75.622165125,5.826082875,1007.1999999999999,0.016666666666666666,51.916666666666664
2024-04-01,39.76168,-121.84047,1.6,9.0,Chico-East Avenue,13.128750250000001,52.99583879166667,10.536626770833333,1013.2041666666668,0.0,3.625
2024-04-02,39.76168,-121.84047,4.0,22.0,Chico-East Avenue,14.368333458333334,66.71053120833334,6.035214070833334,1021.5124999999999,0.0,0.0
2024-04-03,39.76168,-121.84047,4.3,24.0,Chico-East Avenue,16.324583666666665,64.90155708333333,13.672630983333333,1021.0291666666667,0.008333333333333333,37.875
2024-04-04,39.76168,-121.84047,2.3,13.0,Chico-East Avenue,9.818333566666666,72.06647333333333,18.467541770833332,1009.8458333333333,0.24166666666666667,85.08333333333333
2024-04-05,39.76168,-121.84047,1.3,7.0,Chico-East Avenue,6.972499966666667,79.95832025,7.419179429166667,1010.2083333333334,0.17916666666666667,88.54166666666667
2024-04-06,39.76168,-121.84047,3.2,18.0,Chico-East Avenue,8.753750066666667,64.33306970833333,8.663664325000001,1021.7624999999999,0.004166666666666667,30.083333333333332
2024-04-07,39.76168,-121.84047,4.1,23.0,Chico-East Avenue,9.299583437499999,63.698897916666674,7.958345308333333,1023.2458333333333,0.0,14.541666666666666
2024-04-08,39.76168,-121.84047,1.5,8.0,Chico-East Avenue,11.53708355,50.696557541666664,10.750009725,1019.3125,0.0,13.0
2024-04-09,39.76168,-121.84047,3.4,19.0,Chico-East Avenue,13.805833416666667,53.756233375,6.923900087500001,1019.6125000000001,0.0,20.041666666666668
2024-04-10,39.76168,-121.84047,4.0,22.0,Chico-East Avenue,16.19333358333333,68.02752041666666,4.981486604166666,1019.2583333333333,0.0,64.66666666666667
2024-04-11,39.76168,-121.84047,6.5,36.0,Chico-East Avenue,17.441250208333333,67.061016375,5.360204879166666,1014.5041666666666,0.0,16.208333333333332
2024-04-12,39.76168,-121.84047,4.0,22.0,Chico-East Avenue,18.8745835,59.22878129166667,15.016678004166666,1005.1374999999999,0.029166666666666664,44.625
2024-04-13,39.76168,-121.84047,0.2,1.0,Chico-East Avenue,12.432916875000002,74.03210104166666,14.6054005,1010.3833333333333,0.5375,96.875
2024-04-14,39.76168,-121.84047,2.5,14.0,Chico-East Avenue,9.041250058333334,81.650004125,4.5514350666666665,1018.1708333333332,0.21666666666666667,100.0
2024-04-15,39.76168,-121.84047,1.5,8.0,Chico-East Avenue,11.735000141666667,78.60819329166667,6.235553674999999,1021.1166666666667,0.05833333333333333,66.20833333333333
2024-04-16,39.76168,-121.84047,3.6,20.0,Chico-East Avenue,13.985000166666666,72.062049,5.774936783333334,1019.7291666666666,0.0,36.625
2024-04-17,39.76168,-121.84047,2.3,13.0,Chico-East Avenue,16.222500166666666,68.32322404166666,6.605263616666666,1017.25,0.0,49.083333333333336
2024-04-18,39.76168,-121.84047,5.1,28.0,Chico-East Avenue,16.118333375000002,63.60400970833334,5.710840916666666,1013.9916666666667,0.0,23.875
2024-04-19,39.76168,-121.84047,4.5,25.0,Chico-East Avenue,18.522500375,62.88189995833333,4.485318941666667,1012.2958333333332,0.0,57.125
2024-04-20,39.76168,-121.84047,6.7,37.0,Chico-East Avenue,19.316250083333333,64.35556691666666,5.807584816666666,1014.1833333333334,0.0,29.791666666666668
2024-04-21,39.76168,-121.84047,4.0,22.0,Chico-East Avenue,19.14958354166667,61.90509658333334,5.8949646499999995,1016.3958333333334,0.0,18.583333333333332
2024-04-22,39.76168,-121.84047,4.9,27.0,Chico-East Avenue,18.718333541666667,60.753091874999996,4.8458081250000005,1010.1125000000001,0.0,48.708333333333336
2024-04-23,39.76168,-121.84047,6.5,36.0,Chico-East Avenue,18.787083416666665,61.43066670833334,11.834127916666667,1009.7791666666667,0.0,24.666666666666668
2024-04-24,39.76168,-121.84047,5.4,30.0,Chico-East Avenue,16.6120835,64.05171475,7.929564195833333,1016.1208333333334,0.004166666666666667,43.416666666666664
2024-04-25,39.76168,-121.84047,5.2,29.0,Chico-East Avenue,16.441250083333333,62.24944720833333,9.255487266666666,1016.2666666666668,0.0,73.125
2024-04-26,39.76168,-121.84047,0.6,3.0,Chico-East Avenue,14.407916833333333,79.45645529166667,8.199886037499999,1014.7125,0.6708333333333333,65.04166666666667
2024-04-27,39.76168,-121.84047,0.4,2.0,Chico-East Avenue,13.780833495833333,66.97022516666667,4.589724316666667,1015.5875,0.0,26.166666666666668
2024-04-28,39.76168,-121.84047,1.7,9.0,Chico-East Avenue,16.678750291666667,57.236132166666664,4.951296729166667,1017.7291666666666,0.0,36.791666666666664
2024-04-29,39.76168,-121.84047,3.0,17.0,Chico-East Avenue,16.235000083333333,49.287803125,9.302606145833332,1016.6125000000001,0.0,4.333333333333333
2024-04-30,39.76168,-121.84047,2.9,16.0,Chico-East Avenue,15.1745836125,44.36959004166667,10.493493175,1015.375,0.0,7.791666666666667
2024-05-01,39.76168,-121.84047,1.2,7.0,Chico-East Avenue,16.307916958333333,35.111103541666665,14.550330500000001,1015.2875,0.0,8.083333333333334
2024-05-02,39.76168,-121.84047,0.0,0.0,Chico-East Avenue,19.124583541666667,35.806265708333335,16.8964184375,1013.8000000000001,0.0,46.416666666666664
2024-05-03,39.76168,-121.84047,3.2,18.0,Chico-East Avenue,18.049583583333334,50.11873295833333,9.0416033375,1011.7041666666668,0.0,2.7083333333333335
2024-05-04,39.76168,-121.84047,0.5,3.0,Chico-East Avenue,15.801666916666667,64.54707758333333,21.738501850000002,1005.725,1.0666666666666667,94.625
2024-05-05,39.76168,-121.84047,1.7,9.0,Chico-East Avenue,9.810000145833333,76.50230345833333,9.769113120833333,1013.0041666666666,0.3541666666666667,65.95833333333333
2024-05-06,39.76168,-121.84047,4.6,26.0,Chico-East Avenue,12.487083404166667,54.300882333333334,7.835430991666667,1018.8249999999999,0.0,28.583333333333332
2024-05-07,39.76168,-121.84047,1.0,6.0,Chico-East Avenue,14.901666916666665,57.621220083333334,10.0284741875,1017.5416666666666,0.0,54.125
2024-05-08,39.76168,-121.84047,0.8,4.0,Chico-East Avenue,16.64541675,38.349509625,13.553862958333333,1016.1374999999999,0.0,1.6666666666666667
2024-05-09,39.76168,-121.84047,-0.1,0.0,Chico-East Avenue,19.753750125,37.25414929166667,12.417293550000002,1014.1374999999999,0.0,0.9583333333333334
2024-05-10,39.76168,-121.84047,1.4,8.0,Chico-East Avenue,22.34541675,37.393909791666665,11.0058902375,1013.5666666666666,0.0,0.0
2024-05-11,39.76168,-121.84047,2.6,14.0,Chico-East Avenue,22.653749958333332,39.125932375,7.0702366916666675,1011.4291666666667,0.0,0.75
2024-05-12,39.76168,-121.84047,6.3,35.0,Chico-East Avenue,22.551666708333332,49.62655791666666,6.0198405374999995,1010.5958333333333,0.0,0.041666666666666664
2024-05-13,39.76168,-121.84047,4.7,26.0,Chico-East Avenue,23.407916874999998,47.847503249999995,7.524619104166667,1010.725,0.0,1.4583333333333333
2024-05-14,39.76168,-121.84047,7.7,43.0,Chico-East Avenue,24.105833666666665,42.069738375,7.48938685,1009.9916666666667,0.0,36.791666666666664
2024-05-15,39.76168,-121.84047,5.9,33.0,Chico-East Avenue,25.578749708333334,42.01745345833333,6.484423875,1008.5,0.0,3.0833333333333335
2024-05-16,39.76168,-121.84047,5.9,33.0,Chico-East Avenue,25.578749708333334,42.01745345833333,6.484423875,1008.5,0.0,3.0833333333333335
2024-05-17,39.76168,-121.84047,5.9,33.0,Chico-East Avenue,25.578749708333334,42.01745345833333,6.484423875,1008.5,0.0,3.0833333333333335
2024-05-18,39.76168,-121.84047,5.9,33.0,Chico-East Avenue,25.578749708333334,42.01745345833333,6.484423875,1008.5,0.0,3.0833333333333335
2024-05-19,39.76168,-121.84047,5.9,33.0,Chico-East Avenue,25.578749708333334,42.01745345833333,6.484423875,1008.5,0.0,3.0833333333333335
2024-05-20,39.76168,-121.84047,5.9,33.0,Chico-East Avenue,25.578749708333334,42.01745345833333,6.484423875,1008.5,0.0,3.0833333333333335
2024-05-21,39.76168,-121.84047,4.0,22.0,Chico-East Avenue,21.851666875000003,23.69091441666667,13.801308341666667,1012.9,0.0,0.0
2024-05-22,39.76168,-121.84047,3.4,19.0,Chico-East Avenue,22.220417041666664,33.07430408333333,5.883767716666667,1011.1999999999999,0.0,23.75
2024-05-23,39.76168,-121.84047,2.5,14.0,Chico-East Avenue,22.12666675,23.055564729166665,13.417254433333333,1010.4583333333334,0.0,11.833333333333334
2024-05-24,39.76168,-121.84047,6.4,36.0,Chico-East Avenue,20.920416791666668,37.19124475,9.254113379166666,1008.5708333333333,0.0,23.791666666666668
2024-05-25,39.76168,-121.84047,5.3,29.0,Chico-East Avenue,17.578750166666666,56.23116383333333,13.920068749999999,1011.5041666666666,0.0,45.041666666666664
2024-05-26,39.76168,-121.84047,5.0,28.0,Chico-East Avenue,19.262083458333333,55.13409933333333,6.1117746875,1014.8291666666668,0.0,0.375
2024-05-27,39.76168,-121.84047,4.5,25.0,Chico-East Avenue,22.670416833333334,43.61821116666667,6.317136283333333,1013.6541666666667,0.0,0.625
2024-05-28,39.76168,-121.84047,5.5,31.0,Chico-East Avenue,24.026666875,43.53613445833333,9.44171035,1013.6374999999999,0.0,10.291666666666666
2024-05-29,39.76168,-121.84047,1.9,11.0,Chico-East Avenue,24.05375020833333,33.30967275,16.222237854166668,1015.9041666666667,0.0,33.708333333333336
2024-05-30,39.76168,-121.84047,4.7,26.0,Chico-East Avenue,24.953749708333334,22.51347570833333,13.594748529166665,1013.6750000000001,0.0,34.083333333333336
2024-05-31,39.76168,-121.84047,3.9,22.0,Chico-East Avenue,25.951666416666665,27.8591859375,7.7044751125,1009.1291666666666,0.0,1.75
2024-06-01,39.76168,-121.84047,3.9,22.0,Chico-East Avenue,25.951666416666665,27.8591859375,7.7044751125,1009.1291666666666,0.0,1.75
2024-06-02,39.76168,-121.84047,3.9,22.0,Chico-East Avenue,25.951666416666665,27.8591859375,7.7044751125,1009.1291666666666,0.0,1.75
2024-06-03,39.76168,-121.84047,3.9,22.0,Chico-East Avenue,25.951666416666665,27.8591859375,7.7044751125,1009.1291666666666,0.0,1.75
2024-06-04,39.76168,-121.84047,3.9,22.0,Chico-East Avenue,25.951666416666665,27.8591859375,7.7044751125,1009.1291666666666,0.0,1.75
2024-06-05,39.76168,-121.84047,3.3,18.0,Chico-East Avenue,30.905832875,32.483847125000004,11.157297325,1009.2958333333332,0.0,19.958333333333332
2024-06-06,39.76168,-121.84047,4.9,27.0,Chico-East Avenue,30.553749416666665,34.674705124999996,5.313445025,1007.1,0.0,25.708333333333332
2024-06-07,39.76168,-121.84047,11.3,55.0,Chico-East Avenue,30.205833374999997,33.445962875,7.757533933333334,1005.9875000000001,0.0,10.208333333333334
2024-06-08,39.76168,-121.84047,11.8,56.0,Chico-East Avenue,26.105833333333333,43.462290833333334,9.858589629166667,1007.8000000000001,0.0,71.70833333333333
2024-06-09,39.76168,-121.84047,8.8,49.0,Chico-East Avenue,25.166250083333335,43.87628625,9.078617408333335,1009.3249999999999,0.0,57.625
2024-06-10,39.76168,-121.84047,8.4,47.0,Chico-East Avenue,27.655833333333334,40.52613829166667,7.9149719125,1010.3833333333333,0.0,0.0
2024-06-11,39.76168,-121.84047,7.2,40.0,Chico-East Avenue,30.37874970833333,31.706806458333332,7.624361516666667,1009.2083333333334,0.0,0.7916666666666666
2024-06-12,39.76168,-121.84047,7.6,42.0,Chico-East Avenue,31.382916291666664,29.788589208333335,5.08140435,1007.2333333333332,0.0,0.0
2024-06-13,39.76168,-121.84047,10.4,53.0,Chico-East Avenue,28.03291670833333,37.71713525,9.9185643875,1008.8874999999999,0.0,0.0
2024-06-14,39.76168,-121.84047,11.3,55.0,Chico-East Avenue,25.43083354166667,40.099741,8.768482766666667,1012.5583333333334,0.0,3.8333333333333335
2024-06-15,39.76168,-121.84047,2.7,15.0,Chico-East Avenue,25.437083583333333,26.141363025,10.804441341666667,1012.7541666666666,0.0,41.958333333333336
2024-06-16,39.76168,-121.84047,1.2,7.0,Chico-East Avenue,24.812083375,18.874072166666668,14.273212658333334,1009.85,0.0,23.875
2024-06-17,39.76168,-121.84047,5.8,32.0,Chico-East Avenue,22.64750008333333,27.13097258333333,20.202105375,1009.4375,0.0,16.166666666666668
2024-06-18,39.76168,-121.84047,4.5,25.0,Chico-East Avenue,23.489166875,18.359964579166668,10.642425404166667,1008.3041666666667,0.0,12.791666666666666
2024-06-19,39.76168,-121.84047,5.0,28.0,Chico-East Avenue,24.514166875,17.761483875,5.330652420833333,1007.9291666666667,0.0,25.916666666666668
2024-06-20,39.76168,-121.84047,8.9,49.0,Chico-East Avenue,25.299583374999997,27.067879479166667,6.813152191666667,1008.3375,0.0,46.958333333333336
2024-06-21,39.76168,-121.84047,11.8,56.0,Chico-East Avenue,26.82041670833333,32.328610833333336,6.880816716666666,1006.5,0.0,2.3333333333333335
2024-06-22,39.76168,-121.84047,9.3,51.0,Chico-East Avenue,29.168333291666666,32.28422316666667,6.445393616666667,1006.6291666666666,0.0,0.041666666666666664
2024-06-23,39.76168,-121.84047,4.8,27.0,Chico-East Avenue,32.268333125,23.127232625,12.784871425,1007.6750000000001,0.0,0.0
2024-06-24,39.76168,-121.84047,3.8,21.0,Chico-East Avenue,31.480833083333334,20.667383229166667,13.043622720833334,1008.9375,0.0,0.0
2024-06-25,39.76168,-121.84047,7.4,41.0,Chico-East Avenue,29.895416166666667,21.5315220625,10.41326205,1009.6875,0.0,39.25
2024-06-26,39.76168,-121.84047,5.4,30.0,Chico-East Avenue,29.570416291666664,24.933687875,14.549976770833334,1010.8874999999999,0.0,9.458333333333334
2024-06-27,39.76168,-121.84047,3.0,17.0,Chico-East Avenue,27.785000083333333,26.632644625,8.83514455,1010.5083333333333,0.0,26.875
2024-06-28,39.76168,-121.84047,4.1,23.0,Chico-East Avenue,26.289166791666663,23.59153727083333,4.68058605,1006.9958333333334,0.0,7.416666666666667
2024-06-29,39.76168,-121.84047,5.0,28.0,Chico-East Avenue,30.101666374999997,21.744537708333336,7.835328179166667,1007.1125000000001,0.0,0.16666666666666666
2024-06-30,39.76168,-121.84047,2.1,12.0,Chico-East Avenue,30.153750041666665,27.85459170833333,12.11046665,1010.9375,0.0,22.25
2024-07-01,39.76168,-121.84047,3.3,18.0,Chico-East Avenue,30.2516665,23.653425583333334,9.1552614,1010.4458333333333,0.0,0.041666666666666664
2024-07-02,39.76168,-121.84047,4.4,24.0,Chico-East Avenue,32.878749791666664,17.1930005,12.993730879166668,1008.1833333333334,0.0,0.0
2024-07-03,39.76168,-121.84047,4.4,24.0,Chico-East Avenue,33.520416041666664,15.702464620833334,11.857371491666667,1007.725,0.0,0.0
2024-07-04,39.76168,-121.84047,9.1,51.0,Chico-East Avenue,32.420416249999995,18.62661405,5.5354243375,1010.6125000000001,0.0,0.0
2024-07-05,39.76168,-121.84047,7.7,43.0,Chico-East Avenue,34.48916633333334,18.199854854166666,7.914862766666666,1011.0500000000001,0.0,0.0
2024-07-06,39.76168,-121.84047,7.7,43.0,Chico-East Avenue,35.816249416666665,14.35886395,7.086656241666667,1007.9208333333332,0.0,0.0
2024-07-07,39.76168,-121.84047,8.8,49.0,Chico-East Avenue,36.391249375,19.02819644166667,7.162591625,1007.4,0.0,0.0
2024-07-08,39.76168,-121.84047,12.3,57.0,Chico-East Avenue,34.239166041666664,29.677282375,8.123725154166666,1007.0875,0.0,0.0
2024-07-09,39.76168,-121.84047,8.8,49.0,Chico-East Avenue,31.645416416666666,32.070421583333335,7.754563775,1007.1,0.0,0.0
2024-07-10,39.76168,-121.84047,9.4,52.0,Chico-East Avenue,33.2599995,27.656430312500003,7.250129687499999,1008.5083333333333,0.0,0.0
2024-07-11,39.76168,-121.84047,11.1,55.0,Chico-East Avenue,35.837083041666666,18.774519229166668,7.806141954166667,1008.5375,0.0,0.0
2024-07-12,39.76168,-121.84047,9.2,51.0,Chico-East Avenue,36.512082791666664,16.802953833333333,7.690453112499999,1007.3125,0.0,0.0
2024-07-13,39.76168,-121.84047,10.6,54.0,Chico-East Avenue,35.689166,18.257530270833332,8.715571345833334,1007.5791666666668,0.0,35.625
2024-07-14,39.76168,-121.84047,5.2,29.0,Chico-East Avenue,32.887082666666664,26.44967925,11.2100972625,1012.0208333333334,0.0,65.41666666666667
2024-07-15,39.76168,-121.84047,10.1,53.0,Chico-East Avenue,29.520416583333333,29.391000666666667,7.144160604166667,1013.2333333333332,0.0,12.125
2024-07-16,39.76168,-121.84047,7.2,40.0,Chico-East Avenue,29.90791670833333,30.407772416666663,10.0076694375,1012.1541666666667,0.0,10.291666666666666
2024-07-17,39.76168,-121.84047,5.7,32.0,Chico-East Avenue,26.559999833333332,34.53960570833333,10.0090330575,1013.6,0.0,1.0416666666666667
2024-07-18,39.76168,-121.84047,6.8,38.0,Chico-East Avenue,29.378749791666667,19.020344708333333,6.120641779166667,1012.6916666666666,0.0,0.0
2024-07-19,39.76168,-121.84047,9.4,52.0,Chico-East Avenue,32.168332875,19.8675858625,8.244762766666666,1012.2666666666668,0.0,0.041666666666666664
2024-07-20,39.76168,-121.84047,12.5,57.0,Chico-East Avenue,32.48291629166666,18.143366304166666,6.2337061,1010.0666666666666,0.0,1.0416666666666667
2024-07-21,39.76168,-121.84047,10.6,54.0,Chico-East Avenue,32.16416604166667,29.141685291666665,7.7681980325,1009.5541666666667,0.0,0.0
2024-07-22,39.76168,-121.84047,15.7,63.0,Chico-East Avenue,32.05166595833333,30.871930791666667,6.094596903333333,1008.3375,0.0,0.08333333333333333
2024-07-23,39.76168,-121.84047,13.2,59.0,Chico-East Avenue,34.95791625,23.50571922916667,7.468228865833333,1008.1541666666667,0.0,31.416666666666668
2024-07-24,39.76168,-121.84047,7.7,43.0,Chico-East Avenue,35.80583266666667,22.530746166666663,13.6043777875,1011.5958333333333,0.004166666666666667,34.208333333333336
2024-07-25,39.76168,-121.84047,5.8,32.0,Chico-East Avenue,33.82041629166667,19.52604416666667,15.618944270833333,1013.4499999999999,0.0,0.041666666666666664
2024-07-26,39.76168,-121.84047,4.7,26.0,Chico-East Avenue,32.389166249999995,17.95318975,12.581992425000001,1010.3916666666668,0.0,0.0
2024-07-27,39.76168,-121.84047,12.0,56.0,Chico-East Avenue,26.530833291666667,35.173774,13.714483233333333,1008.5541666666667,0.0,2.375
2024-07-28,39.76168,-121.84047,13.7,60.0,Chico-East Avenue,23.893333333333334,44.620531666666665,7.238726545833333,1010.8000000000001,0.0,0.08333333333333333
2024-07-29,39.76168,-121.84047,13.6,59.0,Chico-East Avenue,26.297500083333333,36.868396041666664,10.3483155125,1011.9291666666667,0.0,0.0
2024-07-30,39.76168,-121.84047,18.0,68.0,Chico-East Avenue,26.960000166666664,37.434552458333336,8.555474645833334,1012.5333333333333,0.0,2.875
2024-07-31,39.76168,-121.84047,20.0,71.0,Chico-East Avenue,28.716249791666666,35.139532458333335,6.9133338,1011.0875,0.0,0.0
2024-08-01,39.76168,-121.84047,29.2,88.0,Chico-East Avenue,31.29124966666667,31.605321083333333,8.241081091666667,1012.0541666666667,0.0,30.75
2024-08-02,39.76168,-121.84047,85.2,172.0,Chico-East Avenue,31.520416458333333,20.309343000000002,7.0169243833333335,1014.8916666666668,0.0,91.83333333333333
2024-08-03,39.76168,-121.84047,23.7,78.0,Chico-East Avenue,33.06208291666667,23.37422825,7.514651416666666,1013.4166666666666,0.0,72.66666666666667
2024-08-04,39.76168,-121.84047,15.1,62.0,Chico-East Avenue,32.776666375,28.96408825,7.8022804,1009.9333333333334,0.0,1.125
2024-08-05,39.76168,-121.84047,10.0,53.0,Chico-East Avenue,31.022499416666665,29.652321458333333,9.653632225,1010.1041666666666,0.0,0.0
2024-08-06,39.76168,-121.84047,12.9,58.0,Chico-East Avenue,30.38499966666667,24.519812791666666,8.1846686875,1011.75,0.0,31.208333333333332
2024-08-07,39.76168,-121.84047,15.4,63.0,Chico-East Avenue,31.44749966666667,12.437533162500001,6.985145954166668,1011.2833333333333,0.0,22.916666666666668
2024-08-08,39.76168,-121.84047,11.2,55.0,Chico-East Avenue,31.522499375,19.751794379166665,9.618661225,1009.9833333333332,0.0,47.75
2024-08-09,39.76168,-121.84047,11.2,55.0,Chico-East Avenue,30.255833,24.93823747916667,8.157296404166667,1009.4958333333334,0.0,0.0
2024-08-10,39.76168,-121.84047,9.2,51.0,Chico-East Avenue,29.801666333333333,27.721240124999998,8.385775141666667,1010.3874999999999,0.0,0.0
2024-08-11,39.76168,-121.84047,9.4,52.0,Chico-East Avenue,29.553749541666665,25.974371916666666,8.568080395833332,1010.6374999999999,0.0,2.5416666666666665
2024-08-12,39.76168,-121.84047,7.4,41.0,Chico-East Avenue,27.168333291666666,38.83740175,12.371438579166666,1010.3541666666666,0.0,0.0
2024-08-13,39.76168,-121.84047,7.4,41.0,Chico-East Avenue,26.51625,33.69487,10.215253070833333,1011.1916666666666,0.0,1.4166666666666667
2024-08-14,39.76168,-121.84047,7.4,41.0,Chico-East Avenue,27.726666541666663,32.421529291666666,6.308785716666667,1013.0083333333333,0.0,0.0
2024-08-15,39.76168,-121.84047,2.8,16.0,Chico-East Avenue,28.191249666666664,33.021805416666666,6.193838125,1013.4791666666666,0.0,0.8333333333333334
2024-08-16,39.76168,-121.84047,6.0,33.0,Chico-East Avenue,27.22666658333333,32.36164208333333,5.6514123708333335,1011.4291666666667,0.0,0.0
2024-08-17,39.76168,-121.84047,3.1,17.0,Chico-East Avenue,27.499583416666667,36.09261045833333,15.6000715625,1008.9833333333332,0.004166666666666667,6.083333333333333
2024-08-18,39.76168,-121.84047,2.4,13.0,Chico-East Avenue,24.3558335,53.964232625,11.679579808333335,1013.2583333333333,0.0,4.333333333333333
2024-08-19,39.76168,-121.84047,3.9,22.0,Chico-East Avenue,24.987083333333334,30.747168958333333,7.8281861625,1014.3625000000001,0.0,0.0
2024-08-20,39.76168,-121.84047,6.2,34.0,Chico-East Avenue,26.193333208333332,27.868130333333337,6.4496015125,1015.1416666666668,0.0,7.0
2024-08-21,39.76168,-121.84047,3.7,21.0,Chico-East Avenue,26.907916874999998,31.956140416666667,7.822715695833334,1013.9875000000001,0.0,0.0
2024-08-22,39.76168,-121.84047,6.9,38.0,Chico-East Avenue,25.237083583333334,38.54187266666667,13.6536987,1010.5333333333333,0.0,0.0
2024-08-23,39.76168,-121.84047,6.5,36.0,Chico-East Avenue,21.514166708333335,51.127482791666665,21.326672708333334,1011.4458333333333,0.0,40.083333333333336
2024-08-24,39.76168,-121.84047,5.2,29.0,Chico-East Avenue,18.864166833333332,61.66022383333333,15.167514454166666,1015.3874999999999,0.3958333333333333,85.04166666666667
2024-08-25,39.76168,-121.84047,5.3,29.0,Chico-East Avenue,19.889166958333334,50.57990295833333,8.013170266666668,1018.8625000000001,0.0,1.2083333333333333
2024-08-26,39.76168,-121.84047,5.4,30.0,Chico-East Avenue,23.014166666666668,45.10732345833333,5.0978847125,1017.7416666666667,0.0,11.166666666666666
2024-08-27,39.76168,-121.84047,6.6,37.0,Chico-East Avenue,24.974583083333332,44.46531929166667,4.5813200875,1014.7291666666666,0.0,7.041666666666667
2024-08-28,39.76168,-121.84047,7.8,43.0,Chico-East Avenue,27.124583083333334,29.838051458333336,5.973484083333333,1011.4666666666667,0.0,0.0
2024-08-29,39.76168,-121.84047,8.9,49.0,Chico-East Avenue,27.968333,29.966498625,6.274122429166667,1011.525,0.0,0.0
2024-08-30,39.76168,-121.84047,10.0,53.0,Chico-East Avenue,28.766249541666667,31.427250416666666,6.818312758333334,1013.525,0.0,0.0
2024-08-31,39.76168,-121.84047,8.3,46.0,Chico-East Avenue,28.770416291666667,31.101063125,6.5400910875,1013.4083333333333,0.0,1.625
2024-09-01,39.76168,-121.84047,7.7,43.0,Chico-East Avenue,28.618333458333336,29.054669750000002,8.656184908333334,1011.4041666666667,0.0,0.125
2024-09-02,39.76168,-121.84047,3.7,21.0,Chico-East Avenue,26.141250083333333,34.60884791666667,12.517760133333333,1011.2833333333333,0.0,2.5416666666666665
2024-09-03,39.76168,-121.84047,5.0,28.0,Chico-East Avenue,25.472499875,23.170413083333333,5.5369779333333335,1012.5124999999999,0.0,0.0
2024-09-04,39.76168,-121.84047,4.6,26.0,Chico-East Avenue,28.599583416666665,23.136727354166666,6.444417654166666,1012.1166666666667,0.0,0.0
2024-09-05,39.76168,-121.84047,8.2,46.0,Chico-East Avenue,30.526666583333334,26.57454875,5.789667336250001,1014.0833333333334,0.0,6.291666666666667
2024-09-06,39.76168,-121.84047,7.4,41.0,Chico-East Avenue,31.316249749999997,23.102650666666666,6.518607733333333,1013.0291666666667,0.0,3.3333333333333335
2024-09-07,39.76168,-121.84047,3.3,18.0,Chico-East Avenue,31.457916083333334,20.991288208333334,9.984604458333333,1010.3833333333333,0.0,55.5
2024-09-08,39.76168,-121.84047,3.1,17.0,Chico-East Avenue,29.04749975,22.676722333333334,9.474610462500001,1009.6916666666666,0.0,0.0
2024-09-09,39.76168,-121.84047,4.3,24.0,Chico-East Avenue,29.126666458333332,20.111478875,6.952357425,1010.0,0.0,39.5
2024-09-10,39.76168,-121.84047,5.4,30.0,Chico-East Avenue,27.680833375000002,30.497596458333334,8.254001725,1008.6458333333334,0.0,18.25
2024-09-11,39.76168,-121.84047,4.1,23.0,Chico-East Avenue,24.212083333333336,42.83553245833334,8.911408358333334,1007.4666666666667,0.0,4.541666666666667
2024-09-12,39.76168,-121.84047,2.4,13.0,Chico-East Avenue,23.51625025,37.983371291666664,11.576274687500002,1007.6458333333334,0.0,1.5416666666666667
2024-09-13,39.76168,-121.84047,5.9,33.0,Chico-East Avenue,23.393333416666668,30.006191666666666,5.324415608333333,1007.0208333333334,0.0,0.0
2024-09-14,39.76168,-121.84047,5.2,29.0,Chico-East Avenue,24.960000124999997,30.002526208333332,6.542966825,1007.9499999999999,0.0,5.291666666666667
2024-09-15,39.76168,-121.84047,4.6,26.0,Chico-East Avenue,23.903750083333335,40.756418000000004,12.2031821375,1006.5583333333334,0.0,38.666666666666664
2024-09-16,39.76168,-121.84047,4.2,23.0,Chico-East Avenue,18.270416833333332,67.29419670833333,7.324068425,1008.3249999999999,0.38749999999999996,57.291666666666664
2024-09-17,39.76168,-121.84047,6.4,36.0,Chico-East Avenue,19.566250208333333,55.73707258333334,7.220924079166667,1012.9375,0.016666666666666666,69.625
2024-09-18,39.76168,-121.84047,6.9,38.0,Chico-East Avenue,20.803750166666667,52.153737,6.024603245833333,1011.0875,0.0,84.5
2024-09-19,39.76168,-121.84047,5.2,29.0,Chico-East Avenue,22.16625025,45.30665270833333,5.209176495833334,1009.6374999999999,0.0,28.125
2024-09-20,39.76168,-121.84047,6.1,34.0,Chico-East Avenue,24.83708341666667,35.66878647916666,7.491091,1009.3125,0.0,10.833333333333334
2024-09-21,39.76168,-121.84047,6.3,35.0,Chico-East Avenue,25.428749999999997,36.443466375,6.381417816666667,1009.7125,0.0,2.875
2024-09-22,39.76168,-121.84047,7.0,39.0,Chico-East Avenue,24.934999625,31.465181166666667,5.705825458333333,1011.1833333333334,0.0,0.0
2024-09-23,39.76168,-121.84047,5.2,29.0,Chico-East Avenue,26.52249970833333,26.910884145833336,7.486537525,1010.3000000000001,0.0,31.125
2024-09-24,39.76168,-121.84047,7.3,41.0,Chico-East Avenue,27.497500125,23.236523125,6.852269920833333,1007.7833333333333,0.0,8.625
2024-09-25,39.76168,-121.84047,9.4,52.0,Chico-East Avenue,26.85375,29.277900833333334,10.654454608333333,1006.0833333333334,0.0,5.708333333333333
2024-09-26,39.76168,-121.84047,7.0,39.0,Chico-East Avenue,23.770416833333332,45.113958833333335,8.7589296125,1009.8291666666668,0.0,5.625
2024-09-27,39.76168,-121.84047,9.2,51.0,Chico-East Avenue,23.77458329166667,29.255830708333335,3.7127614479166664,1010.5958333333333,0.0,0.0
2024-09-28,39.76168,-121.84047,8.5,47.0,Chico-East Avenue,25.09124975,28.508065541666667,4.582545467916667,1007.9291666666667,0.0,0.0
2024-09-29,39.76168,-121.84047,5.9,33.0,Chico-East Avenue,25.026666625,32.933467541666666,7.026676745833334,1010.4583333333334,0.0,1.5833333333333333
2024-09-30,39.76168,-121.84047,6.1,34.0,Chico-East Avenue,25.03708333333333,25.248198895833337,9.291457845833333,1011.6583333333333,0.0,0.0
2024-10-01,39.76168,-121.84047,9.7,52.0,Chico-East Avenue,27.062083291666667,19.161733625,7.517169129166667,1013.2875,0.0,0.0
2024-10-02,39.76168,-121.84047,9.7,52.0,Chico-East Avenue,27.35999975,20.656392083333333,4.616625729166667,1011.5958333333333,0.0,0.0
2024-10-03,39.76168,-121.84047,9.8,52.0,Chico-East Avenue,28.062083208333334,19.29081502083333,6.6451612625,1007.9583333333334,0.0,0.0
2024-10-04,39.76168,-121.84047,7.8,43.0,Chico-East Avenue,28.876666583333332,16.15216525,11.100143279166666,1009.0916666666667,0.0,2.3333333333333335
2024-10-05,39.76168,-121.84047,8.1,45.0,Chico-East Avenue,27.33708354166667,22.250579375,5.6814753,1014.0875,0.0,0.20833333333333334
2024-10-06,39.76168,-121.84047,3.6,20.0,Chico-East Avenue,28.380833416666665,21.914206916666668,9.2723199125,1014.0124999999999,0.0,0.6666666666666666
2024-10-07,39.76168,-121.84047,5.3,29.0,Chico-East Avenue,28.182916375,22.65223322916667,6.417653008333333,1011.6708333333332,0.0,12.083333333333334
2024-10-08,39.76168,-121.84047,5.3,29.0,Chico-East Avenue,28.0849995,20.261032041666667,7.158125191666667,1008.9791666666666,0.0,1.75
2024-10-09,39.76168,-121.84047,9.5,52.0,Chico-East Avenue,26.214166791666667,25.02611029166667,6.135355454166667,1010.6416666666668,0.0,34.666666666666664
2024-10-10,39.76168,-121.84047,7.1,39.0,Chico-East Avenue,23.570416833333336,33.72336516666667,4.909022583333333,1013.8291666666668,0.0,67.66666666666667
2024-10-11,39.76168,-121.84047,7.7,43.0,Chico-East Avenue,22.618333583333335,33.299908208333335,6.569252579166666,1014.6916666666666,0.0,61.958333333333336
2024-10-12,39.76168,-121.84047,2.5,14.0,Chico-East Avenue,20.582916875,46.84089079166667,11.9683546125,1017.4458333333333,0.3333333333333333,55.708333333333336
2024-10-13,39.76168,-121.84047,14.1,60.0,Chico-East Avenue,19.514166916666667,67.03651845833333,5.718143770833333,1017.7791666666667,0.0,7.125
2024-10-14,39.76168,-121.84047,8.5,47.0,Chico-East Avenue,20.637083416666666,57.57314829166666,4.004348139583334,1016.5375,0.0,0.4583333333333333
2024-10-15,39.76168,-121.84047,11.3,55.0,Chico-East Avenue,21.014166916666667,53.35980683333333,5.014020408333334,1016.2291666666666,0.0,3.875
2024-10-16,39.76168,-121.84047,6.0,33.0,Chico-East Avenue,20.90166675,61.01842141666666,9.379974716666666,1013.4916666666667,0.30833333333333335,52.5
2024-10-17,39.76168,-121.84047,3.0,17.0,Chico-East Avenue,17.260000208333334,69.02784212499999,12.008791429166665,1011.8958333333334,0.016666666666666666,33.375
2024-10-18,39.76168,-121.84047,5.5,31.0,Chico-East Avenue,16.0495835,25.784278562500003,17.047340000000002,1018.3666666666667,0.0,5.916666666666667
2024-10-19,39.76168,-121.84047,7.8,43.0,Chico-East Avenue,19.678750166666667,24.890574125,9.165254830416666,1019.3833333333333,0.0,14.541666666666666
2024-10-20,39.76168,-121.84047,7.2,40.0,Chico-East Avenue,18.907916833333335,35.83549970833334,5.927671904166666,1018.3458333333333,0.0,21.875
2024-10-21,39.76168,-121.84047,11.7,56.0,Chico-East Avenue,20.385000166666668,23.058334541666667,11.266784620833334,1017.6041666666666,0.0,69.0
2024-10-22,39.76168,-121.84047,10.5,54.0,Chico-East Avenue,17.166250083333335,35.679555125,4.16223448875,1018.4625,0.0,69.41666666666667
2024-10-23,39.76168,-121.84047,6.9,38.0,Chico-East Avenue,17.08291675,39.083555625,4.1818332,1018.9458333333333,0.0,34.25
2024-10-24,39.76168,-121.84047,2.3,13.0,Chico-East Avenue,17.910000166666666,30.714669541666666,12.176311937500001,1017.35,0.0,11.458333333333334
2024-10-25,39.76168,-121.84047,7.0,39.0,Chico-East Avenue,16.291250041666668,41.747587833333334,5.426623233333333,1014.15,0.0,39.25
2024-10-26,39.76168,-121.84047,6.9,38.0,Chico-East Avenue,19.27666675,32.05248054166667,7.01245543875,1017.8666666666667,0.0,4.541666666666667
2024-10-27,39.76168,-121.84047,3.3,18.0,Chico-East Avenue,20.81625025,43.5755365,17.013592958333334,1016.9416666666666,0.05416666666666667,68.70833333333333
2024-10-28,39.76168,-121.84047,2.0,11.0,Chico-East Avenue,15.185000208333333,56.77172170833333,6.4435574125,1015.4583333333334,0.0,14.5
2024-10-29,39.76168,-121.84047,3.0,17.0,Chico-East Avenue,12.9183334875,44.33767616666666,8.707525120833333,1015.1666666666666,0.0,0.375
2024-10-30,39.76168,-121.84047,5.6,31.0,Chico-East Avenue,12.551666766666665,39.166935625,9.7840390375,1017.6041666666666,0.0,69.66666666666667
2024-10-31,39.76168,-121.84047,4.9,27.0,Chico-East Avenue,13.432917041666668,67.86841770833333,13.989181916666666,1018.2541666666666,0.5666666666666667,73.125
2024-11-01,39.76168,-121.84047,5.9,33.0,Chico-East Avenue,11.593333658333334,56.57647695833333,9.0164452125,1017.2083333333334,0.07083333333333333,77.45833333333333
2024-11-02,39.76168,-121.84047,9.4,52.0,Chico-East Avenue,12.593333541666667,78.025187125,12.6600668125,1013.225,0.6916666666666668,95.66666666666667
2024-11-03,39.76168,-121.84047,5.5,31.0,Chico-East Avenue,12.18291685,64.39237825,12.298058233333334,1017.2458333333334,0.0,10.833333333333334
2024-11-04,39.76168,-121.84047,3.0,17.0,Chico-East Avenue,13.314166891666666,44.88236525,9.584481125,1020.9125,0.0,15.0
2024-11-05,39.76168,-121.84047,2.6,14.0,Chico-East Avenue,13.5620834625,59.52266062499999,8.5282230625,1019.3166666666666,0.0,70.375
2024-11-06,39.76168,-121.84047,3.0,17.0,Chico-East Avenue,14.403750291666666,30.474147375,15.161200458333333,1019.1291666666666,0.0,27.75
2024-11-07,39.76168,-121.84047,7.9,44.0,Chico-East Avenue,11.7516668,36.59071241666667,5.2255233375,1020.65,0.0,0.0
2024-11-08,39.76168,-121.84047,15.0,62.0,Chico-East Avenue,12.137083474999999,45.62638966666666,4.856339254166667,1021.6291666666666,0.0,11.166666666666666
2024-11-09,39.76168,-121.84047,22.0,75.0,Chico-East Avenue,11.653750195833332,52.350957333333334,3.7810699541666666,1017.2833333333333,0.0,73.875
2024-11-10,39.76168,-121.84047,17.5,67.0,Chico-East Avenue,12.5100001,51.52987970833333,3.397643775,1015.9583333333334,0.0,62.708333333333336
2024-11-11,39.76168,-121.84047,6.0,33.0,Chico-East Avenue,13.739166833333334,64.512475,16.535919404166666,1014.4166666666666,0.6749999999999999,83.45833333333333
2024-11-12,39.76168,-121.84047,7.2,40.0,Chico-East Avenue,9.687083424999999,78.79616020833333,5.989123541666667,1021.775,0.008333333333333333,26.541666666666668
2024-11-13,39.76168,-121.84047,4.8,27.0,Chico-East Avenue,11.539166833333333,66.16777670833334,16.717124791666667,1019.4499999999999,0.1125,99.625
2024-11-14,39.76168,-121.84047,4.7,26.0,Chico-East Avenue,11.512083625,79.84289745833333,14.9712803125,1018.0833333333334,1.8208333333333335,62.833333333333336
2024-11-15,39.76168,-121.84047,6.7,37.0,Chico-East Avenue,8.935000095833333,79.21643704166667,7.591316930833333,1013.3916666666668,0.025000000000000005,37.375
2024-11-16,39.76168,-121.84047,12.2,57.0,Chico-East Avenue,8.045416708333333,54.59838095833334,9.684774733333333,1017.2208333333333,0.0,41.208333333333336
2024-11-17,39.76168,-121.84047,11.6,56.0,Chico-East Avenue,8.757916758333334,60.856380708333326,6.8587149,1018.0291666666667,0.0,72.16666666666667
2024-11-18,39.76168,-121.84047,10.3,53.0,Chico-East Avenue,9.857916854166668,62.513458625,12.413302674999999,1018.5916666666667,0.1958333333333333,32.958333333333336
2024-11-19,39.76168,-121.84047,13.7,60.0,Chico-East Avenue,6.287083433333334,66.82692779166666,6.2263901125,1020.6833333333334,0.0,66.375
2024-11-20,39.76168,-121.84047,3.7,21.0,Chico-East Avenue,9.774583458333334,62.507128375,23.53662745833333,1017.0625,1.4166666666666667,100.0
2024-11-21,39.76168,-121.84047,2.5,14.0,Chico-East Avenue,10.180833458333334,84.69482129166667,26.719036041666666,1017.4666666666667,3.283333333333333,100.0
2024-11-22,39.76168,-121.84047,2.7,15.0,Chico-East Avenue,12.651666791666665,83.788396875,27.038331916666667,1014.0749999999999,2.875,100.0
2024-11-23,39.76168,-121.84047,3.5,19.0,Chico-East Avenue,11.855833583333334,88.14232379166667,19.022272083333334,1010.6791666666667,1.3333333333333333,63.333333333333336
2024-11-24,39.76168,-121.84047,2.6,14.0,Chico-East Avenue,9.737083491666667,73.521125875,13.466299145833332,1016.0875,0.025000000000000005,39.25
2024-11-25,39.76168,-121.84047,2.3,13.0,Chico-East Avenue,11.610000166666667,66.54635041666667,17.872768458333333,1017.625,0.17500000000000002,84.625
2024-11-26,39.76168,-121.84047,5.5,31.0,Chico-East Avenue,11.541250083333333,88.2636495,12.921154975,1017.8166666666666,0.30833333333333335,83.41666666666667
2024-11-27,39.76168,-121.84047,9.0,50.0,Chico-East Avenue,7.160000020833333,70.97251354166666,6.308514733333333,1022.4250000000001,0.0,20.166666666666668
2024-11-28,39.76168,-121.84047,26.7,84.0,Chico-East Avenue,7.095416729166668,64.31803520833334,5.419499925,1021.3291666666668,0.0,0.4583333333333333
2024-11-29,39.76168,-121.84047,24.1,79.0,Chico-East Avenue,7.039166741666667,69.76234329166667,3.7340785249999997,1021.0291666666667,0.0,11.125
2024-11-30,39.76168,-121.84047,20.2,72.0,Chico-East Avenue,6.5579168875,76.510836125,3.0417207095833336,1021.0958333333333,0.0,0.4166666666666667
2024-12-01,39.76168,-121.84047,28.0,86.0,Chico-East Avenue,6.9037500624999995,70.833833,2.822722445,1021.3541666666666,0.0,35.458333333333336
2024-12-02,39.76168,-121.84047,25.7,82.0,Chico-East Avenue,8.920416795833333,69.698168,3.8544700975,1021.525,0.0,28.375
2024-12-03,39.76168,-121.84047,24.4,80.0,Chico-East Avenue,9.82250015,70.45272116666666,3.8274846,1020.9041666666667,0.0,12.708333333333334
2024-12-04,39.76168,-121.84047,27.1,85.0,Chico-East Avenue,9.510000258333333,71.10381004166668,3.2361597124999997,1022.3291666666668,0.0,0.0
2024-12-05,39.76168,-121.84047,24.9,80.0,Chico-East Avenue,10.222500170833333,77.72870029166667,2.8966109833333333,1023.2791666666667,0.0,52.125
2024-12-06,39.76168,-121.84047,24.0,79.0,Chico-East Avenue,9.882916854166668,71.02769270833333,2.5583465183333334,1022.6,0.0,20.083333333333332
2024-12-07,39.76168,-121.84047,28.3,87.0,Chico-East Avenue,9.389166770833333,69.37273875,2.423004536666667,1022.0541666666667,0.0,73.83333333333333
2024-12-08,39.76168,-121.84047,10.3,53.0,Chico-East Avenue,11.205833433333334,68.68240154166666,7.34177647625,1020.3874999999999,0.0,43.208333333333336
2024-12-09,39.76168,-121.84047,10.4,53.0,Chico-East Avenue,8.712083391666667,49.48241770833334,7.582281537499999,1022.0666666666666,0.0,0.0
2024-12-10,39.76168,-121.84047,24.4,80.0,Chico-East Avenue,6.649583416666666,47.88588070833333,4.6355942104166665,1027.2375,0.0,34.0
2024-12-11,39.76168,-121.84047,22.5,76.0,Chico-East Avenue,6.9245832875,57.81010545833333,2.5179361816666668,1025.6000000000001,0.0,88.5
2024-12-12,39.76168,-121.84047,9.0,50.0,Chico-East Avenue,9.332916837500001,71.48027929166666,17.459472354166667,1012.8583333333332,0.7833333333333333,99.5
2024-12-13,39.76168,-121.84047,3.3,18.0,Chico-East Avenue,9.370416875,91.24155895833333,21.174507875,1016.8000000000001,0.6041666666666666,100.0
2024-12-14,39.76168,-121.84047,2.9,16.0,Chico-East Avenue,9.966250083333334,79.91177304166666,27.5785125,1013.3333333333334,1.3583333333333334,97.41666666666667
2024-12-15,39.76168,-121.84047,7.2,40.0,Chico-East Avenue,8.293333354166666,83.90202958333333,7.914570220833333,1024.675,0.004166666666666667,61.541666666666664
2024-12-16,39.76168,-121.84047,3.2,18.0,Chico-East Avenue,8.812083433333333,86.88162270833334,9.360122558333334,1022.4625,0.5666666666666667,99.66666666666667
2024-12-17,39.76168,-121.84047,5.4,30.0,Chico-East Avenue,9.7350001,84.490803125,9.246611666666666,1025.3416666666667,0.0,94.33333333333333
2024-12-18,39.76168,-121.84047,14.4,61.0,Chico-East Avenue,9.216250079166667,73.39054008333333,4.3298055374999995,1026.6125,0.0,77.16666666666667
2024-12-19,39.76168,-121.84047,12.7,58.0,Chico-East Avenue,8.714166841666668,85.35378675,3.45769516875,1022.9083333333333,0.0,34.0
2024-12-20,39.76168,-121.84047,5.5,31.0,Chico-East Avenue,7.67458335,91.93860645833333,2.583660455,1021.2708333333334,0.0,95.45833333333333
2024-12-21,39.76168,-121.84047,5.5,31.0,Chico-East Avenue,7.67458335,91.93860645833333,2.583660455,1021.2708333333334,0.0,95.45833333333333
2024-12-22,39.76168,-121.84047,5.5,31.0,Chico-East Avenue,7.67458335,91.93860645833333,2.583660455,1021.2708333333334,0.0,95.45833333333333
2024-12-23,39.76168,-121.84047,5.5,31.0,Chico-East Avenue,7.67458335,91.93860645833333,2.583660455,1021.2708333333334,0.0,95.45833333333333
2024-12-24,39.76168,-121.84047,5.5,31.0,Chico-East Avenue,7.67458335,91.93860645833333,2.583660455,1021.2708333333334,0.0,95.45833333333333
2024-12-25,39.76168,-121.84047,5.5,31.0,Chico-East Avenue,7.67458335,91.93860645833333,2.583660455,1021.2708333333334,0.0,95.45833333333333
2024-12-26,39.76168,-121.84047,5.5,31.0,Chico-East Avenue,7.67458335,91.93860645833333,2.583660455,1021.2708333333334,0.0,95.45833333333333
2024-12-27,39.76168,-121.84047,5.5,31.0,Chico-East Avenue,7.67458335,91.93860645833333,2.583660455,1021.2708333333334,0.0,95.45833333333333
2024-12-28,39.76168,-121.84047,5.5,31.0,Chico-East Avenue,7.67458335,91.93860645833333,2.583660455,1021.2708333333334,0.0,95.45833333333333
2024-12-29,39.76168,-121.84047,5.5,31.0,Chico-East Avenue,7.67458335,91.93860645833333,2.583660455,1021.2708333333334,0.0,95.45833333333333
2024-12-30,39.76168,-121.84047,5.5,31.0,Chico-East Avenue,7.67458335,91.93860645833333,2.583660455,1021.2708333333334,0.0,95.45833333333333
2024-12-31,39.76168,-121.84047,5.5,31.0,Chico-East Avenue,7.67458335,91.93860645833333,2.583660455,1021.2708333333334,0.0,95.45833333333333
2025-01-01,39.76168,-121.84047,19.2,70.0,Chico-East Avenue,8.422500016666667,74.12941654166667,4.517522173333333,1022.6208333333334,0.0,99.75
2025-01-02,39.76168,-121.84047,9.2,51.0,Chico-East Avenue,9.7954167125,80.02420370833333,4.6145224874999995,1022.8958333333334,0.0,95.5
2025-01-03,39.76168,-121.84047,5.9,33.0,Chico-East Avenue,10.651666791666667,87.876000125,14.9998612625,1016.225,0.42083333333333334,89.25
2025-01-04,39.76168,-121.84047,6.7,37.0,Chico-East Avenue,9.103750020833333,82.59718491666666,11.472215291666666,1022.2041666666668,0.29583333333333334,61.5
2025-01-05,39.76168,-121.84047,10.2,53.0,Chico-East Avenue,9.237083354166666,77.27372554166666,4.265350345833333,1026.0208333333333,0.0,74.375
2025-01-06,39.76168,-121.84047,4.6,26.0,Chico-East Avenue,10.643333520833334,84.087946125,6.821152184583333,1024.2,0.0,38.833333333333336
2025-01-07,39.76168,-121.84047,5.8,32.0,Chico-East Avenue,11.689166791666667,57.805533458333336,15.301625025,1025.0833333333333,0.0,16.875
2025-01-08,39.76168,-121.84047,5.8,32.0,Chico-East Avenue,11.689166791666667,57.805533458333336,15.301625025,1025.0833333333333,0.0,16.875
2025-01-09,39.76168,-121.84047,5.8,32.0,Chico-East Avenue,11.689166791666667,57.805533458333336,15.301625025,1025.0833333333333,0.0,16.875
2025-01-10,39.76168,-121.84047,5.8,32.0,Chico-East Avenue,11.689166791666667,57.805533458333336,15.301625025,1025.0833333333333,0.0,16.875
2025-01-11,39.76168,-121.84047,5.8,32.0,Chico-East Avenue,11.689166791666667,57.805533458333336,15.301625025,1025.0833333333333,0.0,16.875
2025-01-12,39.76168,-121.84047,5.8,32.0,Chico-East Avenue,11.689166791666667,57.805533458333336,15.301625025,1025.0833333333333,0.0,16.875
2025-01-13,39.76168,-121.84047,5.8,32.0,Chico-East Avenue,11.689166791666667,57.805533458333336,15.301625025,1025.0833333333333,0.0,16.875
2025-01-14,39.76168,-121.84047,5.8,32.0,Chico-East Avenue,11.689166791666667,57.805533458333336,15.301625025,1025.0833333333333,0.0,16.875
2025-01-15,39.76168,-121.84047,5.8,32.0,Chico-East Avenue,11.689166791666667,57.805533458333336,15.301625025,1025.0833333333333,0.0,16.875
2025-01-16,39.76168,-121.84047,5.8,32.0,Chico-East Avenue,11.689166791666667,57.805533458333336,15.301625025,1025.0833333333333,0.0,16.875
2025-01-17,39.76168,-121.84047,5.8,32.0,Chico-East Avenue,11.689166791666667,57.805533458333336,15.301625025,1025.0833333333333,0.0,16.875
2025-01-18,39.76168,-121.84047,5.8,32.0,Chico-East Avenue,11.689166791666667,57.805533458333336,15.301625025,1025.0833333333333,0.0,16.875
2025-01-19,39.76168,-121.84047,5.8,32.0,Chico-East Avenue,11.689166791666667,57.805533458333336,15.301625025,1025.0833333333333,0.0,16.875
2025-01-20,39.76168,-121.84047,5.8,32.0,Chico-East Avenue,11.689166791666667,57.805533458333336,15.301625025,1025.0833333333333,0.0,16.875
2025-01-21,39.76168,-121.84047,5.8,32.0,Chico-East Avenue,11.689166791666667,57.805533458333336,15.301625025,1025.0833333333333,0.0,16.875
2025-01-22,39.76168,-121.84047,5.8,32.0,Chico-East Avenue,11.689166791666667,57.805533458333336,15.301625025,1025.0833333333333,0.0,16.875
2025-01-23,39.76168,-121.84047,5.8,32.0,Chico-East Avenue,11.689166791666667,57.805533458333336,15.301625025,1025.0833333333333,0.0,16.875
2025-01-24,39.76168,-121.84047,20.8,73.0,Chico-East Avenue,9.710000079166667,54.63493970833333,3.23134752625,1022.0166666666668,0.0,44.291666666666664
2025-01-25,39.76168,-121.84047,13.5,59.0,Chico-East Avenue,8.9183333875,60.07835666666667,7.031932670833334,1009.625,0.004166666666666667,44.291666666666664
2025-01-26,39.76168,-121.84047,16.2,64.0,Chico-East Avenue,7.243333454166667,45.1133915,12.633088366666668,1015.6666666666666,0.0,20.291666666666668
2025-01-27,39.76168,-121.84047,15.3,63.0,Chico-East Avenue,7.243333341666666,51.678542416666666,8.248455704166666,1021.025,0.0,1.1666666666666667
2025-01-28,39.76168,-121.84047,23.1,77.0,Chico-East Avenue,6.366250157083333,56.30325641666667,3.4421465333333336,1020.2083333333334,0.0,0.0
2025-01-29,39.76168,-121.84047,28.5,87.0,Chico-East Avenue,6.270416775,67.55052154166667,3.2544834391666666,1019.4666666666667,0.0,0.125
2025-01-30,39.76168,-121.84047,33.3,96.0,Chico-East Avenue,6.2433333125,78.29458212499999,2.9168730604166666,1022.9666666666667,0.0,0.08333333333333333
2025-01-31,39.76168,-121.84047,15.4,63.0,Chico-East Avenue,8.557916833333334,81.74563458333334,14.712174520833335,1023.7208333333333,0.7666666666666666,93.95833333333333
2025-02-01,39.76168,-121.84047,9.9,52.0,Chico-East Avenue,9.887083500000001,91.10460129166667,17.923658770833335,1020.9375,1.0374999999999999,100.0
2025-02-02,39.76168,-121.84047,6.1,34.0,Chico-East Avenue,12.901666958333335,93.85057854166666,30.531451750000002,1013.5458333333332,1.0250000000000001,100.0
2025-02-03,39.76168,-121.84047,6.2,34.0,Chico-East Avenue,13.095416916666666,90.71044058333332,25.697391375,1011.4791666666666,0.8583333333333334,100.0
2025-02-04,39.76168,-121.84047,7.7,43.0,Chico-East Avenue,11.207916958333334,90.73185391666668,26.701453625,1006.3375,2.6583333333333337,100.0
2025-02-05,39.76168,-121.84047,12.7,58.0,Chico-East Avenue,8.739166833333334,64.04070720833333,17.301571916666667,1013.1666666666666,0.5958333333333333,47.583333333333336
2025-02-06,39.76168,-121.84047,13.2,59.0,Chico-East Avenue,5.1891667625,72.36152729166666,5.11479215,1013.8125,0.5791666666666667,78.45833333333333
2025-02-07,39.76168,-121.84047,11.5,55.0,Chico-East Avenue,7.268333383333334,89.54753520833333,9.0718870125,1013.0875,0.775,68.875
2025-02-08,39.76168,-121.84047,6.4,36.0,Chico-East Avenue,6.978750075000001,71.222909125,8.309298291666666,1025.8,0.0,17.458333333333332
2025-02-09,39.76168,-121.84047,6.1,34.0,Chico-East Avenue,6.157916812500001,54.49696970833333,9.703889195833334,1024.6791666666666,0.0,0.0
2025-02-10,39.76168,-121.84047,12.4,57.0,Chico-East Avenue,4.899583350833334,60.472616499999994,6.074273120833333,1020.625,0.0,22.75
2025-02-11,39.76168,-121.84047,18.9,69.0,Chico-East Avenue,4.457916646875,69.98173520833333,2.0948757820833332,1017.7083333333334,0.0,32.25
2025-02-12,39.76168,-121.84047,15.7,63.0,Chico-East Avenue,4.224583364583333,67.16396195833333,3.52571891375,1014.1083333333332,0.0,85.5
2025-02-13,39.76168,-121.84047,8.7,48.0,Chico-East Avenue,8.7683334125,82.47707741666666,14.519425437499999,1002.1208333333334,1.6208333333333333,99.375
2025-02-14,39.76168,-121.84047,12.9,58.0,Chico-East Avenue,10.476666833333335,87.57297137500001,19.283922879166667,1009.3125,0.13333333333333333,82.83333333333333
2025-02-15,39.76168,-121.84047,18.1,68.0,Chico-East Avenue,7.278750079166667,76.37923587499999,4.13671372625,1025.9916666666666,0.0,52.666666666666664
2025-02-16,39.76168,-121.84047,10.9,54.0,Chico-East Avenue,9.778750291666666,71.94300625,8.991403916666668,1023.4458333333333,0.1708333333333333,99.08333333333333
2025-02-17,39.76168,-121.84047,14.6,61.0,Chico-East Avenue,10.50375,74.83073904166666,9.135568920833334,1018.6458333333334,0.008333333333333333,65.83333333333333
2025-02-18,39.76168,-121.84047,12.8,58.0,Chico-East Avenue,9.103750008333334,73.41135075,5.5059594291666665,1020.6999999999999,0.0,51.875
2025-02-19,39.76168,-121.84047,11.3,55.0,Chico-East Avenue,11.876666791666667,74.96845345833334,11.124737083333335,1020.4458333333333,0.5666666666666668,96.16666666666667
2025-02-20,39.76168,-121.84047,7.4,41.0,Chico-East Avenue,9.574583504166666,75.48463579166666,8.092229695833334,1023.6999999999999,0.049999999999999996,16.666666666666668
2025-02-21,39.76168,-121.84047,11.5,55.0,Chico-East Avenue,10.724583395833333,54.20580783333333,6.420548477083333,1021.0333333333333,0.0,56.416666666666664
2025-02-22,39.76168,-121.84047,12.1,57.0,Chico-East Avenue,11.5120835625,71.23541370833333,4.302463947083333,1023.2916666666666,0.0,57.416666666666664
2025-02-23,39.76168,-121.84047,12.3,57.0,Chico-East Avenue,15.768333499999999,58.282775625,14.201294629166666,1024.5874999999999,0.02916666666666667,100.0
2025-02-24,39.76168,-121.84047,11.0,55.0,Chico-East Avenue,13.99750025,64.19249075,12.224446295833333,1021.8125,0.020833333333333332,96.45833333333333
2025-02-25,39.76168,-121.84047,11.0,55.0,Chico-East Avenue,13.99750025,64.19249075,12.224446295833333,1021.8125,0.020833333333333332,96.45833333333333
2025-02-26,39.76168,-121.84047,11.0,55.0,Chico-East Avenue,13.99750025,64.19249075,12.224446295833333,1021.8125,0.020833333333333332,96.45833333333333
2025-02-27,39.76168,-121.84047,11.0,55.0,Chico-East Avenue,13.99750025,64.19249075,12.224446295833333,1021.8125,0.020833333333333332,96.45833333333333
2025-02-28,39.76168,-121.84047,11.0,55.0,Chico-East Avenue,13.99750025,64.19249075,12.224446295833333,1021.8125,0.020833333333333332,96.45833333333333
2025-03-01,39.76168,-121.84047,0.1,1.0,Chico-East Avenue,13.728750266666665,64.40149158333334,5.5786906895833335,1012.3833333333333,0.0,11.75
2025-03-02,39.76168,-121.84047,1.0,6.0,Chico-East Avenue,11.810000250000002,79.15039875000001,19.073511041666666,1013.5791666666668,0.3166666666666667,79.58333333333333
2025-03-03,39.76168,-121.84047,0.5,3.0,Chico-East Avenue,8.803750091666666,84.31063495833334,3.7336795041666666,1019.3666666666667,0.0375,60.166666666666664
2025-03-04,39.76168,-121.84047,2.5,14.0,Chico-East Avenue,10.503750208333335,71.10531641666667,8.531895391666668,1022.975,0.0,90.875
2025-03-05,39.76168,-121.84047,6.4,36.0,Chico-East Avenue,10.205833558333333,75.93777991666667,6.133436204166666,1017.3874999999999,0.049999999999999996,99.41666666666667
2025-03-06,39.76168,-121.84047,4.7,26.0,Chico-East Avenue,8.482916733333333,85.94997958333333,7.253330145833334,1009.9250000000001,0.5499999999999999,91.75
2025-03-07,39.76168,-121.84047,8.9,49.0,Chico-East Avenue,7.960000041666667,69.58060583333334,7.1127231625,1017.5375,0.0,3.375
2025-03-08,39.76168,-121.84047,9.2,51.0,Chico-East Avenue,16.76,40.220608,13.184308,1019.7,0.0,0.0
2025-03-09,39.76168,-121.84047,9.2,51.0,Chico-East Avenue,16.76,40.220608,13.184308,1019.7,0.0,0.0
