date,latitude,longitude,pm2.5,ozone,aqi,city,temperature_2m,relative_humidity_2m,wind_speed_10m,pressure_msl,precipitation,cloud_cover
2014-01-01,36.78538,-119.77321,94.6,0.037,178.0,Fresno - Garland,8.582794105882353,56.686580235294116,3.4522967529411765,1021.7882352941177,0.0,17.41176470588235
2014-01-02,36.78538,-119.77321,71.1,0.035,162.0,Fresno - Garland,10.503749883333333,52.33317329166667,4.841655429166667,1020.4125,0.0,34.291666666666664
2014-01-03,36.78538,-119.77321,82.0,0.027,170.0,Fresno - Garland,10.339166654166666,55.15766529166667,4.8602868458333335,1017.2125,0.0,70.04166666666667
2014-01-04,36.78538,-119.77321,76.7,0.037,166.0,Fresno - Garland,10.287083141666667,55.91456025,4.218421066666667,1015.3458333333333,0.0,47.291666666666664
2014-01-05,36.78538,-119.77321,70.9,0.037,162.0,Fresno - Garland,9.945416595833334,55.7880145,4.000146545833333,1019.2333333333332,0.0,0.0
2014-01-06,36.78538,-119.77321,61.7,0.031,155.0,Fresno - Garland,9.912083345833333,54.4643225,3.899181908333333,1022.8000000000001,0.0,34.416666666666664
2014-01-07,36.78538,-119.77321,56.0,0.015,151.0,Fresno - Garland,10.924583225,44.677929125,3.921072,1021.2416666666667,0.0,78.66666666666667
2014-01-08,36.78538,-119.77321,52.7,0.024,143.0,Fresno - Garland,9.097499933333333,57.776794708333334,5.332513191666666,1020.7708333333334,0.0,23.166666666666668
2014-01-09,36.78538,-119.77321,36.0,0.028,102.0,Fresno - Garland,9.420416529166667,81.10190558333333,6.946518604166666,1021.6,0.0,71.25
2014-01-10,36.78538,-119.77321,49.6,0.03,136.0,Fresno - Garland,9.126666516666667,79.72752175000001,4.849965775,1023.2125,0.0,70.16666666666667
2014-01-11,36.78538,-119.77321,36.6,0.027,104.0,Fresno - Garland,9.32666665,71.23852666666667,3.4553904250000005,1022.6999999999999,0.0,97.20833333333333
2014-01-12,36.78538,-119.77321,26.0,0.019,82.0,Fresno - Garland,10.9516665125,71.72016775,11.365210187499999,1023.275,0.0,60.333333333333336
2014-01-13,36.78538,-119.77321,36.1,0.021,102.0,Fresno - Garland,9.54124995,58.66461395833333,4.8505176,1028.1833333333334,0.0,0.041666666666666664
2014-01-14,36.78538,-119.77321,36.7,0.019,104.0,Fresno - Garland,10.0433333125,52.956595166666666,5.403215583333334,1029.3833333333334,0.0,0.0
2014-01-15,36.78538,-119.77321,39.3,0.025,110.0,Fresno - Garland,11.157916587499999,45.108049125,4.8877489291666665,1026.6958333333334,0.0,0.0
2014-01-16,36.78538,-119.77321,50.9,0.025,139.0,Fresno - Garland,12.3516665625,40.275713833333334,5.35219137,1022.775,0.0,0.0
2014-01-17,36.78538,-119.77321,61.3,0.027,155.0,Fresno - Garland,11.96625,42.773722,4.8761645,1020.875,0.0,0.0
2014-01-18,36.78538,-119.77321,60.2,0.03,154.0,Fresno - Garland,11.922499958333333,42.52212170833334,4.737225607083333,1019.8916666666668,0.0,0.0
2014-01-19,36.78538,-119.77321,63.4,0.041,157.0,Fresno - Garland,11.947499954166666,43.42913791666667,4.464698979166667,1018.7875,0.0,8.708333333333334
2014-01-20,36.78538,-119.77321,65.6,0.036,158.0,Fresno - Garland,12.082916604166668,39.80381808333333,4.191119312500001,1019.8125,0.0,45.916666666666664
2014-01-21,36.78538,-119.77321,51.8,0.033,141.0,Fresno - Garland,11.324583308333333,43.326257166666664,5.716009458333333,1022.4958333333334,0.0,48.75
2014-01-22,36.78538,-119.77321,66.7,0.037,159.0,Fresno - Garland,11.241249770833333,42.331955375,4.644755379166667,1019.7208333333333,0.0,71.70833333333333
2014-01-23,36.78538,-119.77321,56.1,0.04,151.0,Fresno - Garland,10.747499966666666,46.660311375,5.3767521,1013.0749999999999,0.0,14.0
2014-01-24,36.78538,-119.77321,30.6,0.03,91.0,Fresno - Garland,14.791249866666666,30.892031833333334,6.398592944583334,1017.2291666666666,0.0,73.45833333333333
2014-01-25,36.78538,-119.77321,26.2,0.032,83.0,Fresno - Garland,14.482916583333333,32.54901316666667,5.019725141666666,1022.2708333333334,0.0,58.958333333333336
2014-01-26,36.78538,-119.77321,28.9,0.038,88.0,Fresno - Garland,13.030833283333331,41.58186804166667,5.294378625,1019.125,0.0,57.75
2014-01-27,36.78538,-119.77321,33.2,0.033,96.0,Fresno - Garland,12.176666554166667,43.974204291666666,4.724824712499999,1018.1708333333332,0.0,56.041666666666664
2014-01-28,36.78538,-119.77321,33.2,0.033,96.0,Fresno - Garland,12.176666554166667,43.974204291666666,4.724824712499999,1018.1708333333332,0.0,56.041666666666664
2014-01-29,36.78538,-119.77321,33.2,0.033,96.0,Fresno - Garland,12.176666554166667,43.974204291666666,4.724824712499999,1018.1708333333332,0.0,56.041666666666664
2014-01-30,36.78538,-119.77321,25.9,0.022,82.0,Fresno - Garland,14.562083208333334,82.94390345833334,7.2651359541666665,1012.6125000000001,0.3833333333333333,89.58333333333333
2014-01-31,36.78538,-119.77321,10.1,0.032,53.0,Fresno - Garland,10.714166425,75.55930270833333,7.728111575,1013.3583333333332,0.09583333333333333,47.791666666666664
2014-02-01,36.78538,-119.77321,30.9,0.028,92.0,Fresno - Garland,8.770416454166666,49.775606708333335,6.790798466666666,1017.6875,0.0,0.8333333333333334
2014-02-02,36.78538,-119.77321,13.6,0.029,59.0,Fresno - Garland,7.2974998875,51.912173625,7.3597708,1016.9625,0.10833333333333334,59.666666666666664
2014-02-03,36.78538,-119.77321,14.2,0.026,61.0,Fresno - Garland,6.4641665249999996,79.37890558333334,9.571487683333332,1014.7291666666666,0.1375,41.916666666666664
2014-02-04,36.78538,-119.77321,14.3,0.03,61.0,Fresno - Garland,8.039166525,60.94332204166667,6.292954075,1017.8708333333334,0.0,42.25
2014-02-05,36.78538,-119.77321,23.2,0.033,77.0,Fresno - Garland,8.232916529166667,55.409037833333336,5.7744198070833335,1020.1708333333332,0.0,37.75
2014-02-06,36.78538,-119.77321,16.3,0.023,64.0,Fresno - Garland,8.162083233333332,65.37422720833334,6.397849341666666,1017.1,0.5083333333333333,89.58333333333333
2014-02-07,36.78538,-119.77321,10.4,0.023,53.0,Fresno - Garland,8.8433332,87.11060958333333,4.964760004166667,1017.8208333333333,0.029166666666666664,92.54166666666667
2014-02-08,36.78538,-119.77321,9.2,0.025,51.0,Fresno - Garland,11.337083083333333,86.50051679166667,8.348674454166668,1021.6666666666666,0.1708333333333333,98.29166666666667
2014-02-09,36.78538,-119.77321,6.0,0.024,33.0,Fresno - Garland,13.232916625,88.94810533333333,5.6392728875,1021.6833333333334,0.04583333333333334,97.79166666666667
2014-02-10,36.78538,-119.77321,6.2,0.025,34.0,Fresno - Garland,13.955833166666666,82.74236716666667,7.885206294583333,1020.8583333333332,0.09166666666666667,65.66666666666667
2014-02-11,36.78538,-119.77321,14.3,0.02,61.0,Fresno - Garland,13.024583125,80.10049175,7.286106508333333,1022.0666666666666,0.0,77.375
2014-02-12,36.78538,-119.77321,23.2,0.023,77.0,Fresno - Garland,13.230833291666668,71.28682937500001,4.210150229166667,1022.625,0.0,70.29166666666667
2014-02-13,36.78538,-119.77321,27.9,0.032,86.0,Fresno - Garland,13.618333208333333,64.42913170833333,5.119741183333333,1021.1958333333333,0.0,56.166666666666664
2014-02-14,36.78538,-119.77321,43.3,0.039,120.0,Fresno - Garland,14.972499833333332,67.195673875,4.518080191666667,1019.3625000000001,0.0,71.41666666666667
2014-02-15,36.78538,-119.77321,46.8,0.021,129.0,Fresno - Garland,15.207916608333333,64.8616785,4.521476554166667,1016.3208333333333,0.0,65.58333333333333
2014-02-16,36.78538,-119.77321,12.9,0.035,58.0,Fresno - Garland,16.066249833333334,66.41647225,10.685327479166666,1016.7958333333332,0.020833333333333332,59.458333333333336
2014-02-17,36.78538,-119.77321,6.5,0.033,36.0,Fresno - Garland,13.597499945833334,63.00535516666667,8.0761374375,1018.6125000000001,0.0,62.333333333333336
2014-02-18,36.78538,-119.77321,14.4,0.015,61.0,Fresno - Garland,12.04958325,60.466904416666665,7.8075332374999995,1019.6041666666666,0.0,76.54166666666667
2014-02-19,36.78538,-119.77321,9.8,0.034,52.0,Fresno - Garland,12.349583083333334,63.1936355,9.733307820833334,1018.3874999999999,0.0,28.75
2014-02-20,36.78538,-119.77321,12.3,0.026,57.0,Fresno - Garland,12.751666612500001,57.55532983333333,9.056870920833333,1020.1374999999999,0.0,52.125
2014-02-21,36.78538,-119.77321,22.5,0.032,76.0,Fresno - Garland,12.801666599999999,51.39210070833334,6.270996420833334,1018.475,0.0,16.416666666666668
2014-02-22,36.78538,-119.77321,24.3,0.039,79.0,Fresno - Garland,14.2870832375,50.92999279166667,6.0927607833333335,1014.4250000000001,0.0,17.125
2014-02-23,36.78538,-119.77321,23.8,0.047,78.0,Fresno - Garland,14.774583195833335,53.150481375,4.752370766666666,1013.6958333333333,0.0,8.625
2014-02-24,36.78538,-119.77321,22.5,0.049,76.0,Fresno - Garland,15.6433332375,50.51513570833333,4.390612215833333,1013.9958333333334,0.0,0.0
2014-02-25,36.78538,-119.77321,22.5,0.055,76.0,Fresno - Garland,17.128749916666667,36.33709270833334,4.840725716666666,1012.5916666666667,0.0,0.375
2014-02-26,36.78538,-119.77321,13.5,0.028,59.0,Fresno - Garland,16.289166541666667,46.680185916666666,6.968542504166667,1012.9916666666667,0.016666666666666666,83.83333333333333
2014-02-27,36.78538,-119.77321,4.7,0.038,26.0,Fresno - Garland,14.684999875,72.617407625,12.728286541666668,1012.0791666666668,0.6458333333333334,75.16666666666667
2014-02-28,36.78538,-119.77321,2.2,0.036,12.0,Fresno - Garland,13.909999749999999,68.68768670833333,14.913634674999999,1002.4125,0.9,85.58333333333333
2014-03-01,36.78538,-119.77321,2.8,0.036,16.0,Fresno - Garland,12.870416583333332,68.18660275,16.3822505,1003.4291666666667,0.30416666666666664,90.70833333333333
2014-03-02,36.78538,-119.77321,6.3,0.032,35.0,Fresno - Garland,12.762083124999998,74.10906554166667,9.679289829166667,1013.3708333333334,0.10833333333333334,78.08333333333333
2014-03-03,36.78538,-119.77321,5.1,0.028,28.0,Fresno - Garland,12.553749875,78.23263804166668,5.635130816666667,1020.0583333333334,0.004166666666666667,65.33333333333333
2014-03-04,36.78538,-119.77321,5.0,0.036,28.0,Fresno - Garland,14.768333166666666,71.564138,7.114679404166666,1018.1583333333333,0.0,99.45833333333333
2014-03-05,36.78538,-119.77321,16.1,0.032,64.0,Fresno - Garland,15.532916625,74.17046116666667,4.105632825,1018.2833333333333,0.0,86.0
2014-03-06,36.78538,-119.77321,12.8,0.036,58.0,Fresno - Garland,16.976666583333333,73.25661158333334,7.713835216666666,1017.5541666666667,0.125,80.83333333333333
2014-03-07,36.78538,-119.77321,13.7,0.031,60.0,Fresno - Garland,14.199583208333332,64.56542958333334,11.830271866666665,1019.1083333333332,0.0,50.541666666666664
2014-03-08,36.78538,-119.77321,13.8,0.044,60.0,Fresno - Garland,14.637083124999998,60.07417708333333,4.264724653333333,1019.9583333333334,0.0,13.666666666666666
2014-03-09,36.78538,-119.77321,13.0,0.035,58.0,Fresno - Garland,16.845416583333336,56.04699958333333,4.185454204166667,1020.9,0.0,93.70833333333333
2014-03-10,36.78538,-119.77321,4.9,0.039,27.0,Fresno - Garland,16.595416541666665,54.037810666666665,8.5603839,1018.7541666666666,0.0,88.83333333333333
2014-03-11,36.78538,-119.77321,7.1,0.034,39.0,Fresno - Garland,14.199583187500002,54.945486708333334,9.701353258333333,1018.9083333333333,0.0,57.791666666666664
2014-03-12,36.78538,-119.77321,6.1,0.043,34.0,Fresno - Garland,15.762083208333332,38.147672166666666,7.8870789708333335,1016.2833333333333,0.0,29.291666666666668
2014-03-13,36.78538,-119.77321,5.4,0.041,30.0,Fresno - Garland,15.203749933333334,36.143985625,7.589333745833334,1015.0166666666668,0.0,5.958333333333333
2014-03-14,36.78538,-119.77321,9.6,0.046,52.0,Fresno - Garland,16.364166458333333,39.437791,6.061555187500001,1017.2291666666666,0.0,20.833333333333332
2014-03-15,36.78538,-119.77321,11.6,0.053,56.0,Fresno - Garland,17.59958325,49.71561533333334,6.084268025,1022.4250000000001,0.0,0.20833333333333334
2014-03-16,36.78538,-119.77321,15.2,0.061,62.0,Fresno - Garland,18.897499875,45.02627929166667,4.607105483333333,1024.2250000000001,0.0,13.916666666666666
2014-03-17,36.78538,-119.77321,4.1,0.042,23.0,Fresno - Garland,18.13499991666667,42.325187291666666,12.421236808333333,1017.9541666666668,0.0,7.958333333333333
2014-03-18,36.78538,-119.77321,4.3,0.04,24.0,Fresno - Garland,15.922499916666666,39.956316541666666,7.712464429166666,1012.8083333333334,0.0,3.875
2014-03-19,36.78538,-119.77321,10.2,0.049,53.0,Fresno - Garland,16.930833333333332,38.36038116666666,4.625524195833333,1014.9041666666667,0.0,0.6666666666666666
2014-03-20,36.78538,-119.77321,6.9,0.054,38.0,Fresno - Garland,18.412083291666665,29.8935225625,4.834527775000001,1015.3833333333333,0.0,47.791666666666664
2014-03-21,36.78538,-119.77321,9.0,0.059,50.0,Fresno - Garland,18.487083208333335,33.234305937500004,6.3931794125,1012.0541666666667,0.0,35.041666666666664
2014-03-22,36.78538,-119.77321,9.9,0.05,52.0,Fresno - Garland,17.884999875000002,40.04848029166667,7.9494158125,1013.8708333333334,0.0,4.958333333333333
2014-03-23,36.78538,-119.77321,9.4,0.051,52.0,Fresno - Garland,17.828749875,37.037420375,7.260496020833333,1017.5124999999999,0.0,3.4583333333333335
2014-03-24,36.78538,-119.77321,10.6,0.058,54.0,Fresno - Garland,18.98708325,34.26134829166667,6.942818854166667,1017.6958333333333,0.0,0.0
2014-03-25,36.78538,-119.77321,7.0,0.048,39.0,Fresno - Garland,19.107916666666668,32.952040708333335,8.324654908333335,1013.5375,0.0,22.916666666666668
2014-03-26,36.78538,-119.77321,2.9,0.039,16.0,Fresno - Garland,14.776666458333333,63.29084929166667,10.422916237499999,1010.7208333333333,0.20833333333333334,72.5
2014-03-27,36.78538,-119.77321,4.9,0.045,27.0,Fresno - Garland,12.418333166666665,69.78970879166667,8.159123916666667,1015.6833333333334,0.020833333333333332,57.333333333333336
2014-03-28,36.78538,-119.77321,8.8,0.042,49.0,Fresno - Garland,15.153749958333334,47.796698416666665,7.046963028333334,1019.8958333333334,0.0,61.75
2014-03-29,36.78538,-119.77321,7.9,0.042,44.0,Fresno - Garland,17.839166583333334,44.32557116666666,4.589384808333333,1018.2291666666666,0.0,90.58333333333333
2014-03-30,36.78538,-119.77321,4.3,0.042,24.0,Fresno - Garland,14.003749874999999,65.33556541666667,11.644838245833334,1016.725,0.5375,69.29166666666667
2014-03-31,36.78538,-119.77321,4.5,0.041,25.0,Fresno - Garland,13.207916583333335,55.20500033333334,9.0030707125,1015.8458333333333,0.0,66.45833333333333
2014-04-01,36.78538,-119.77321,2.9,0.046,16.0,Fresno - Garland,10.418333179166666,74.98372233333333,6.279689987499999,1013.6791666666667,0.4708333333333334,57.208333333333336
2014-04-02,36.78538,-119.77321,4.4,0.046,24.0,Fresno - Garland,10.218333141666667,73.708195375,7.880876099999999,1014.0833333333334,0.39166666666666666,64.0
2014-04-03,36.78538,-119.77321,9.0,0.046,50.0,Fresno - Garland,12.759999866666666,53.077052875,5.319449512499999,1018.5166666666668,0.0,53.416666666666664
2014-04-04,36.78538,-119.77321,3.4,0.044,19.0,Fresno - Garland,13.878749833333332,54.56910858333333,4.9238969741666665,1015.4,0.004166666666666667,51.625
2014-04-05,36.78538,-119.77321,4.3,0.045,24.0,Fresno - Garland,12.6704165625,61.64915104166667,12.661409625,1016.6708333333332,0.004166666666666667,7.333333333333333
2014-04-06,36.78538,-119.77321,8.6,0.048,48.0,Fresno - Garland,15.591249875,55.17930245833333,5.54524536125,1020.7624999999999,0.0,0.375
2014-04-07,36.78538,-119.77321,10.9,0.059,54.0,Fresno - Garland,18.791249875000002,51.93933454166666,4.625515070833333,1019.4125,0.0,0.5416666666666666
2014-04-08,36.78538,-119.77321,13.5,0.063,59.0,Fresno - Garland,21.73083325,42.234734624999994,4.7994166375,1017.475,0.0,41.25
2014-04-09,36.78538,-119.77321,13.6,0.064,59.0,Fresno - Garland,23.080833333333334,34.109625604166666,2.9879776083333334,1015.375,0.0,86.0
2014-04-10,36.78538,-119.77321,12.4,0.073,57.0,Fresno - Garland,22.224583291666665,39.65449316666667,5.350107333333334,1013.4916666666667,0.0,16.333333333333332
2014-04-11,36.78538,-119.77321,17.3,0.07,66.0,Fresno - Garland,23.762083333333333,36.175426208333334,4.836726666666666,1010.2958333333332,0.0,72.41666666666667
2014-04-12,36.78538,-119.77321,9.3,0.052,51.0,Fresno - Garland,21.814166583333332,39.13360529166666,9.610104854166666,1008.5875,0.0,27.208333333333332
2014-04-13,36.78538,-119.77321,11.8,0.05,56.0,Fresno - Garland,20.03708325,41.60915241666667,9.613599041666667,1011.8874999999999,0.0,0.08333333333333333
2014-04-14,36.78538,-119.77321,15.6,0.059,63.0,Fresno - Garland,21.770416625,37.419562125,5.217268641666666,1015.3458333333333,0.0,5.666666666666667
2014-04-15,36.78538,-119.77321,10.5,0.059,54.0,Fresno - Garland,23.18083329166667,34.08916733333333,7.385555604166666,1013.8375,0.0,54.666666666666664
2014-04-16,36.78538,-119.77321,9.7,0.057,52.0,Fresno - Garland,22.551666666666666,31.271009083333336,9.201815358333333,1009.6333333333333,0.0,1.4166666666666667
2014-04-17,36.78538,-119.77321,8.8,0.057,49.0,Fresno - Garland,23.449583291666666,30.933677291666665,6.049680766666667,1008.0749999999999,0.0,59.333333333333336
2014-04-18,36.78538,-119.77321,6.8,0.054,38.0,Fresno - Garland,22.889166625,37.65799870833333,9.2478300875,1008.5708333333333,0.0,69.79166666666667
2014-04-19,36.78538,-119.77321,8.7,0.065,48.0,Fresno - Garland,22.63083333333333,39.972671375,8.351116704166666,1012.1291666666666,0.0,28.166666666666668
2014-04-20,36.78538,-119.77321,8.3,0.054,46.0,Fresno - Garland,21.307916541666668,32.976467125,11.684498520833332,1016.9208333333332,0.0,17.583333333333332
2014-04-21,36.78538,-119.77321,4.4,0.059,24.0,Fresno - Garland,22.470416583333332,25.97860283333333,6.6041297625,1015.6333333333333,0.0,36.416666666666664
2014-04-22,36.78538,-119.77321,4.4,0.059,24.0,Fresno - Garland,22.470416583333332,25.97860283333333,6.6041297625,1015.6333333333333,0.0,36.416666666666664
2014-04-23,36.78538,-119.77321,3.7,0.051,21.0,Fresno - Garland,16.509999875000002,32.98564104166667,15.170758020833333,1016.7416666666667,0.0,44.333333333333336
2014-04-24,36.78538,-119.77321,4.1,0.05,23.0,Fresno - Garland,18.778749916666666,34.790994625,11.579865966666667,1016.0041666666666,0.0,22.375
2014-04-25,36.78538,-119.77321,2.8,0.041,16.0,Fresno - Garland,17.495416541666668,59.644208,12.6994707875,1011.4166666666666,0.3083333333333333,81.33333333333333
2014-04-26,36.78538,-119.77321,1.0,0.049,6.0,Fresno - Garland,11.745416458333333,73.31501741666666,11.140127020833333,1011.3666666666667,0.39999999999999997,67.75
2014-04-27,36.78538,-119.77321,1.0,0.052,6.0,Fresno - Garland,14.272499916666668,49.352770166666666,11.807117191666668,1016.875,0.0,35.0
2014-04-28,36.78538,-119.77321,8.4,0.057,47.0,Fresno - Garland,16.584999916666668,49.47164308333333,12.365824666666667,1018.4458333333333,0.0,6.541666666666667
2014-04-29,36.78538,-119.77321,13.2,0.067,59.0,Fresno - Garland,20.176666666666666,37.73081533333333,6.216341008333333,1019.8291666666668,0.0,8.666666666666666
2014-04-30,36.78538,-119.77321,8.6,0.068,48.0,Fresno - Garland,23.424583249999998,35.26348983333333,5.56039475,1017.3375,0.0,19.166666666666668
2014-05-01,36.78538,-119.77321,14.5,0.078,61.0,Fresno - Garland,25.559999916666666,28.910207166666666,5.5957574333333335,1016.125,0.0,60.416666666666664
2014-05-02,36.78538,-119.77321,10.5,0.071,54.0,Fresno - Garland,26.151666666666667,25.586552116666667,8.392804158333332,1015.5124999999999,0.0,36.125
2014-05-03,36.78538,-119.77321,5.5,0.063,31.0,Fresno - Garland,24.995416625,23.539965329166666,9.111223795833334,1013.0458333333332,0.0,43.208333333333336
2014-05-04,36.78538,-119.77321,4.9,0.051,27.0,Fresno - Garland,21.276666583333334,36.275508083333335,13.36620745,1013.4499999999999,0.0,55.375
2014-05-05,36.78538,-119.77321,3.0,0.05,17.0,Fresno - Garland,20.434999958333332,41.35610641666667,13.531038333333333,1013.725,0.0,65.5
2014-05-06,36.78538,-119.77321,5.1,0.042,28.0,Fresno - Garland,16.153749833333332,54.67150241666667,14.357985041666666,1011.35,0.10833333333333334,52.375
2014-05-07,36.78538,-119.77321,6.0,0.049,33.0,Fresno - Garland,18.29958325,38.54568858333333,6.173435811250001,1011.1541666666667,0.0,14.291666666666666
2014-05-08,36.78538,-119.77321,9.4,0.056,52.0,Fresno - Garland,19.020416583333333,37.401120875,8.514355570833333,1014.3333333333334,0.0,74.95833333333333
2014-05-09,36.78538,-119.77321,4.5,0.057,25.0,Fresno - Garland,20.591249958333332,48.07062375,12.891803104166668,1016.7583333333333,0.0,73.83333333333333
2014-05-10,36.78538,-119.77321,4.8,0.05,27.0,Fresno - Garland,19.266249916666666,37.9004989375,17.248729041666667,1015.8291666666668,0.0,3.6666666666666665
2014-05-11,36.78538,-119.77321,3.5,0.048,19.0,Fresno - Garland,19.870416666666667,20.241965645833332,16.474353583333333,1013.4083333333333,0.0,0.16666666666666666
2014-05-12,36.78538,-119.77321,6.1,0.056,34.0,Fresno - Garland,22.205833333333334,19.89605314583333,5.31841115,1016.4625,0.0,18.916666666666668
2014-05-13,36.78538,-119.77321,9.3,0.066,51.0,Fresno - Garland,25.076666583333335,18.055016712500002,5.2107655875,1017.5583333333334,0.0,11.458333333333334
2014-05-14,36.78538,-119.77321,10.1,0.074,53.0,Fresno - Garland,27.147499999999997,20.329107179166666,5.198937495833333,1017.9250000000001,0.0,4.5
2014-05-15,36.78538,-119.77321,11.8,0.081,56.0,Fresno - Garland,28.928749999999997,19.130508074999998,5.627585320833333,1015.9958333333334,0.0,9.958333333333334
2014-05-16,36.78538,-119.77321,9.5,0.073,52.0,Fresno - Garland,29.407916666666665,15.216264562500001,8.5032259875,1014.2708333333334,0.0,83.375
2014-05-17,36.78538,-119.77321,6.6,0.066,37.0,Fresno - Garland,26.920416666666668,18.675949775,11.616460895833333,1011.7624999999999,0.0,37.583333333333336
2014-05-18,36.78538,-119.77321,4.2,0.052,23.0,Fresno - Garland,23.4725,29.962851833333332,16.663902270833333,1011.1166666666667,0.0,23.541666666666668
2014-05-19,36.78538,-119.77321,4.5,0.048,25.0,Fresno - Garland,21.039166666666667,35.30884,13.734501208333334,1011.2416666666667,0.0,2.5
2014-05-20,36.78538,-119.77321,3.6,0.044,20.0,Fresno - Garland,17.82666658333333,51.58407795833333,13.644036708333333,1012.6416666666668,0.04583333333333334,36.041666666666664
2014-05-21,36.78538,-119.77321,9.0,0.054,50.0,Fresno - Garland,19.94749991666667,43.06146129166667,6.950621733333333,1012.8208333333333,0.0,62.5
2014-05-22,36.78538,-119.77321,9.8,0.062,52.0,Fresno - Garland,22.22458333333333,40.96695908333333,5.231349811249999,1012.0124999999999,0.0,21.208333333333332
2014-05-23,36.78538,-119.77321,7.5,0.067,42.0,Fresno - Garland,24.72458333333333,33.841063625,4.959245194583334,1012.6416666666668,0.0,5.208333333333333
2014-05-24,36.78538,-119.77321,8.9,0.058,49.0,Fresno - Garland,26.522499999999997,30.197245041666665,8.9268896625,1011.2291666666666,0.0,63.75
2014-05-25,36.78538,-119.77321,9.8,0.062,52.0,Fresno - Garland,28.126666666666665,31.598552916666666,8.692769095833333,1010.6958333333333,0.0,10.083333333333334
2014-05-26,36.78538,-119.77321,6.5,0.062,36.0,Fresno - Garland,29.293333333333333,25.180764874999998,10.444757541666666,1010.8375,0.0,0.5833333333333334
2014-05-27,36.78538,-119.77321,7.9,0.076,44.0,Fresno - Garland,29.03708333333333,20.2408649875,12.041467804166667,1012.1208333333334,0.0,0.0
2014-05-28,36.78538,-119.77321,5.8,0.056,32.0,Fresno - Garland,26.64125,17.294674320833334,17.069255458333334,1011.725,0.0,35.833333333333336
2014-05-29,36.78538,-119.77321,7.8,0.059,43.0,Fresno - Garland,24.057916625,11.7012425875,10.438163504166667,1011.3708333333334,0.0,32.833333333333336
2014-05-30,36.78538,-119.77321,7.5,0.072,42.0,Fresno - Garland,25.076666583333335,17.53659,6.5715835625,1010.1166666666667,0.0,28.333333333333332
2014-05-31,36.78538,-119.77321,12.2,0.069,57.0,Fresno - Garland,24.505833291666665,24.848257479166666,11.004702270833334,1010.5708333333333,0.0,7.916666666666667
2014-06-01,36.78538,-119.77321,13.2,0.078,59.0,Fresno - Garland,25.785,21.32307685416667,6.916729004166666,1009.6583333333333,0.0,0.0
2014-06-02,36.78538,-119.77321,11.9,0.069,56.0,Fresno - Garland,27.366249999999997,19.107978729166668,5.744730416666667,1007.0333333333333,0.0,0.0
2014-06-03,36.78538,-119.77321,7.8,0.073,43.0,Fresno - Garland,24.843333333333334,32.82805558333333,7.433980204166667,1009.3083333333334,0.0,0.041666666666666664
2014-06-04,36.78538,-119.77321,8.7,0.074,48.0,Fresno - Garland,26.78916666666667,26.4662800625,7.8383905291666665,1008.5333333333333,0.0,0.0
2014-06-05,36.78538,-119.77321,9.3,0.074,51.0,Fresno - Garland,28.584999999999997,23.051290479166667,7.886195783333334,1007.3458333333333,0.0,1.5833333333333333
2014-06-06,36.78538,-119.77321,10.8,0.072,54.0,Fresno - Garland,28.995416666666667,21.735401979166667,9.456423704166667,1006.0583333333334,0.0,0.0
2014-06-07,36.78538,-119.77321,14.7,0.082,61.0,Fresno - Garland,29.035,23.70791560416667,9.617891675000001,1005.9833333333332,0.0,0.125
2014-06-08,36.78538,-119.77321,10.6,0.074,54.0,Fresno - Garland,30.526666666666667,25.041524791666664,8.357705291666667,1006.0625,0.0,0.0
2014-06-09,36.78538,-119.77321,13.0,0.09,58.0,Fresno - Garland,32.472500000000004,20.460575604166667,6.725124570833334,1004.2041666666668,0.0,0.0
2014-06-10,36.78538,-119.77321,12.3,0.091,57.0,Fresno - Garland,33.16416666666667,18.96953860416667,5.881504625000001,1002.9041666666667,0.0,0.08333333333333333
2014-06-11,36.78538,-119.77321,12.3,0.072,57.0,Fresno - Garland,29.807916666666667,27.907538208333335,9.35115495,1005.9,0.0,0.5416666666666666
2014-06-12,36.78538,-119.77321,9.8,0.064,52.0,Fresno - Garland,28.168333333333333,31.253262708333335,10.053231645833334,1008.7125,0.0,0.0
2014-06-13,36.78538,-119.77321,5.5,0.054,31.0,Fresno - Garland,25.87875,26.152067708333334,12.896761516666666,1010.5875,0.0,0.0
2014-06-14,36.78538,-119.77321,7.3,0.064,41.0,Fresno - Garland,25.814166666666665,22.022939145833334,10.179284375,1010.3375,0.0,3.0416666666666665
2014-06-15,36.78538,-119.77321,6.8,0.057,38.0,Fresno - Garland,26.557916666666667,21.1644291875,7.146208433333332,1006.6541666666667,0.0,35.25
2014-06-16,36.78538,-119.77321,6.7,0.049,37.0,Fresno - Garland,23.862083333333334,33.019453625000004,10.524480466666667,1007.9499999999999,0.0,28.333333333333332
2014-06-17,36.78538,-119.77321,8.7,0.054,48.0,Fresno - Garland,22.101666541666663,25.830178812499998,11.404495850000002,1010.1875,0.0,0.5
2014-06-18,36.78538,-119.77321,10.0,0.066,53.0,Fresno - Garland,24.435000000000002,21.0458383125,7.541120133333333,1010.9708333333333,0.0,0.75
2014-06-19,36.78538,-119.77321,7.6,0.071,42.0,Fresno - Garland,27.41625,18.068173625,7.512089916666667,1011.4916666666667,0.0,0.0
2014-06-20,36.78538,-119.77321,8.3,0.068,46.0,Fresno - Garland,28.707916666666666,18.1009095625,8.9756386875,1011.1916666666666,0.0,47.041666666666664
2014-06-21,36.78538,-119.77321,6.1,0.063,34.0,Fresno - Garland,29.151666666666667,19.662042770833335,10.268560283333333,1009.3125,0.0,57.25
2014-06-22,36.78538,-119.77321,7.0,0.056,39.0,Fresno - Garland,27.587083333333336,20.382585662500002,10.671388583333334,1009.15,0.0,8.708333333333334
2014-06-23,36.78538,-119.77321,11.6,0.065,56.0,Fresno - Garland,27.093333333333334,25.5143634375,11.583260645833334,1009.6875,0.0,2.4583333333333335
2014-06-24,36.78538,-119.77321,8.4,0.056,47.0,Fresno - Garland,28.480833333333333,23.852111895833332,10.8128435125,1010.8249999999999,0.0,7.375
2014-06-25,36.78538,-119.77321,4.8,0.045,27.0,Fresno - Garland,27.749583333333334,31.406179041666665,13.499821833333334,1010.7958333333332,0.0,0.0
2014-06-26,36.78538,-119.77321,4.8,0.046,27.0,Fresno - Garland,24.97666666666667,46.95813291666667,16.28497966666667,1011.3791666666666,0.0,43.333333333333336
2014-06-27,36.78538,-119.77321,3.2,0.048,18.0,Fresno - Garland,24.716250000000002,42.189118875,14.0910733125,1011.3249999999999,0.0,1.8333333333333333
2014-06-28,36.78538,-119.77321,3.3,0.062,18.0,Fresno - Garland,27.060000000000002,38.70718820833333,12.186620583333331,1010.275,0.0,0.0
2014-06-29,36.78538,-119.77321,7.7,0.072,43.0,Fresno - Garland,28.63291666666667,24.8982076875,10.5407107375,1009.7583333333333,0.0,0.0
2014-06-30,36.78538,-119.77321,10.1,0.073,53.0,Fresno - Garland,31.435,21.611765333333334,6.9805926625,1007.4458333333333,0.0,13.875
2014-07-01,36.78538,-119.77321,14.9,0.088,62.0,Fresno - Garland,32.61,22.966922125,6.976106645833333,1005.6625,0.0,10.875
2014-07-02,36.78538,-119.77321,8.8,0.074,49.0,Fresno - Garland,31.551666666666666,27.6930126875,8.4219858875,1006.5749999999999,0.0,0.0
2014-07-03,36.78538,-119.77321,9.1,0.064,51.0,Fresno - Garland,30.868333333333336,28.657336291666667,8.577474383333334,1008.4833333333332,0.0,0.0
2014-07-04,36.78538,-119.77321,15.5,0.065,63.0,Fresno - Garland,32.151666666666664,23.37630354166667,6.381533975,1009.5833333333334,0.0,0.08333333333333333
2014-07-05,36.78538,-119.77321,10.9,0.067,54.0,Fresno - Garland,32.26625,22.046666770833337,7.462688179166666,1012.3708333333334,0.0,0.0
2014-07-06,36.78538,-119.77321,9.3,0.071,51.0,Fresno - Garland,32.097500000000004,16.0317659125,9.292497666666668,1012.9499999999999,0.0,25.5
2014-07-07,36.78538,-119.77321,13.8,0.071,60.0,Fresno - Garland,31.81625,15.471395395833333,7.097102475,1009.9083333333333,0.0,39.25
2014-07-08,36.78538,-119.77321,10.8,0.086,54.0,Fresno - Garland,32.36208333333334,19.504360583333334,6.6243137291666665,1008.4458333333333,0.0,3.8333333333333335
2014-07-09,36.78538,-119.77321,9.2,0.069,51.0,Fresno - Garland,31.964166666666667,26.175708291666666,7.9687078625000005,1009.0791666666668,0.0,0.0
2014-07-10,36.78538,-119.77321,7.5,0.066,42.0,Fresno - Garland,31.014166666666668,29.124211916666667,6.985837995833333,1008.6458333333334,0.0,0.5416666666666666
2014-07-11,36.78538,-119.77321,5.6,0.059,31.0,Fresno - Garland,29.545416666666668,33.678132041666665,7.6451631625,1010.6833333333334,0.0,0.625
2014-07-12,36.78538,-119.77321,5.5,0.057,31.0,Fresno - Garland,28.428749999999997,35.28827175,11.698987625000001,1013.7333333333332,0.0,0.0
2014-07-13,36.78538,-119.77321,7.3,0.068,41.0,Fresno - Garland,30.032916666666665,30.99982066666667,10.916113416666667,1012.1999999999999,0.0,46.583333333333336
2014-07-14,36.78538,-119.77321,12.1,0.071,57.0,Fresno - Garland,33.05583333333333,27.978176958333332,6.417511904166666,1009.1999999999999,0.0,33.291666666666664
2014-07-15,36.78538,-119.77321,13.9,0.077,60.0,Fresno - Garland,32.880833333333335,30.213619583333337,7.482126379166666,1010.5291666666667,0.0,95.75
2014-07-16,36.78538,-119.77321,10.3,0.063,53.0,Fresno - Garland,31.232916666666668,39.29029520833333,11.519066770833334,1011.5291666666667,0.0,26.791666666666668
2014-07-17,36.78538,-119.77321,5.5,0.057,31.0,Fresno - Garland,28.735,41.11759708333333,11.499573220833334,1011.8375,0.0,41.083333333333336
2014-07-18,36.78538,-119.77321,5.4,0.053,30.0,Fresno - Garland,28.09958333333333,40.758210291666664,10.6891923125,1011.7791666666667,0.0,11.75
2014-07-19,36.78538,-119.77321,5.8,0.058,32.0,Fresno - Garland,29.007916666666663,40.616401875,9.132134025000001,1010.8583333333332,0.0,72.625
2014-07-20,36.78538,-119.77321,9.2,0.065,51.0,Fresno - Garland,30.801666666666666,36.919141375,7.3889708375,1010.2458333333334,0.0,58.291666666666664
2014-07-21,36.78538,-119.77321,8.7,0.059,48.0,Fresno - Garland,28.79125,42.41212829166667,10.002401941666667,1012.2125,0.008333333333333333,26.625
2014-07-22,36.78538,-119.77321,5.4,0.06,30.0,Fresno - Garland,29.320416666666663,40.18392504166667,9.262815391666667,1013.875,0.0,57.583333333333336
2014-07-23,36.78538,-119.77321,5.7,0.049,32.0,Fresno - Garland,27.368333333333336,42.64810991666666,12.964420158333333,1015.8874999999999,0.0,12.916666666666666
2014-07-24,36.78538,-119.77321,5.4,0.061,30.0,Fresno - Garland,28.187083333333334,35.08596908333333,11.279342083333333,1012.9916666666667,0.0,0.20833333333333334
2014-07-25,36.78538,-119.77321,8.5,0.074,47.0,Fresno - Garland,30.576666666666668,23.692580791666668,7.14957735,1008.5625,0.0,35.25
2014-07-26,36.78538,-119.77321,13.1,0.082,58.0,Fresno - Garland,32.22666666666667,21.452353875,6.6303599125,1009.375,0.0,37.916666666666664
2014-07-27,36.78538,-119.77321,13.4,0.082,59.0,Fresno - Garland,33.54125,20.80297775,6.691723845833334,1010.8291666666668,0.0,63.375
2014-07-28,36.78538,-119.77321,9.1,0.064,51.0,Fresno - Garland,32.839166666666664,23.835376375,7.09801671125,1012.6083333333332,0.0,97.70833333333333
2014-07-29,36.78538,-119.77321,8.6,0.072,48.0,Fresno - Garland,32.50791666666667,35.565740874999996,7.725237862499999,1014.0541666666667,0.0,59.958333333333336
2014-07-30,36.78538,-119.77321,20.6,0.078,72.0,Fresno - Garland,32.847500000000004,34.995435875,7.118931029166667,1012.3083333333334,0.016666666666666666,75.41666666666667
2014-07-31,36.78538,-119.77321,12.5,0.077,57.0,Fresno - Garland,33.17666666666667,37.20442020833333,6.851017345833333,1010.8375,0.0,21.625
2014-08-01,36.78538,-119.77321,12.5,0.077,57.0,Fresno - Garland,33.17666666666667,37.20442020833333,6.851017345833333,1010.8375,0.0,21.625
2014-08-02,36.78538,-119.77321,12.5,0.077,57.0,Fresno - Garland,33.17666666666667,37.20442020833333,6.851017345833333,1010.8375,0.0,21.625
2014-08-03,36.78538,-119.77321,12.5,0.077,57.0,Fresno - Garland,33.17666666666667,37.20442020833333,6.851017345833333,1010.8375,0.0,21.625
2014-08-04,36.78538,-119.77321,9.3,0.04,51.0,Fresno - Garland,29.868333333333336,31.627874291666668,5.1346263625,1010.9166666666666,0.0,62.791666666666664
2014-08-05,36.78538,-119.77321,16.8,0.065,65.0,Fresno - Garland,28.560000000000002,42.536407833333335,10.3176886375,1012.7583333333333,0.0,3.0833333333333335
2014-08-06,36.78538,-119.77321,25.2,0.071,81.0,Fresno - Garland,28.807916666666667,40.399467791666666,12.524922916666666,1013.3291666666668,0.0,27.5
2014-08-07,36.78538,-119.77321,22.6,0.081,76.0,Fresno - Garland,29.357916666666668,42.96266166666666,8.8949264875,1011.3874999999999,0.0,24.416666666666668
2014-08-08,36.78538,-119.77321,18.8,0.078,69.0,Fresno - Garland,30.75375,34.487979625,8.973838870833333,1009.2416666666667,0.0,2.5416666666666665
2014-08-09,36.78538,-119.77321,13.6,0.06,59.0,Fresno - Garland,30.94125,28.29516939583333,7.6372008375,1009.4916666666667,0.0,0.3333333333333333
2014-08-10,36.78538,-119.77321,12.6,0.058,58.0,Fresno - Garland,29.25375,32.515491583333336,9.319379520833333,1010.9583333333334,0.0,6.25
2014-08-11,36.78538,-119.77321,11.2,0.059,55.0,Fresno - Garland,30.29958333333333,30.742944750000003,6.7981249375,1010.4499999999999,0.0,7.75
2014-08-12,36.78538,-119.77321,8.9,0.054,49.0,Fresno - Garland,31.7225,30.2977875,5.549063216666667,1010.4125,0.0,10.375
2014-08-13,36.78538,-119.77321,6.7,0.054,37.0,Fresno - Garland,29.605833333333333,31.118444583333332,10.038933170833333,1010.4375,0.0,6.458333333333333
2014-08-14,36.78538,-119.77321,5.6,0.056,31.0,Fresno - Garland,28.720416666666665,32.975024291666664,8.622607933333333,1010.8291666666668,0.0,20.666666666666668
2014-08-15,36.78538,-119.77321,9.3,0.068,51.0,Fresno - Garland,30.051666666666666,29.093168375,5.0034392,1011.2791666666667,0.0,1.875
2014-08-16,36.78538,-119.77321,7.7,0.067,43.0,Fresno - Garland,30.720416666666665,26.315198125,5.171648999166667,1012.5083333333333,0.0,0.0
2014-08-17,36.78538,-119.77321,9.1,0.072,51.0,Fresno - Garland,30.682916666666667,25.206709416666666,7.719063791666667,1012.0458333333332,0.0,0.0
2014-08-18,36.78538,-119.77321,8.2,0.061,46.0,Fresno - Garland,29.82875,24.424575979166665,7.752344583333333,1008.9041666666667,0.0,14.875
2014-08-19,36.78538,-119.77321,13.7,0.057,60.0,Fresno - Garland,28.030833333333334,32.6851695,8.499881608333334,1006.8166666666666,0.0,24.583333333333332
2014-08-20,36.78538,-119.77321,8.4,0.06,47.0,Fresno - Garland,27.7475,39.745538625,6.912131375,1008.5833333333334,0.0,16.583333333333332
2014-08-21,36.78538,-119.77321,12.3,0.066,57.0,Fresno - Garland,28.220416666666665,35.78558158333333,7.6672339166666665,1010.5041666666666,0.0,1.2916666666666667
2014-08-22,36.78538,-119.77321,11.4,0.061,55.0,Fresno - Garland,29.41625,29.456608270833332,6.4456132,1010.3916666666668,0.0,0.0
2014-08-23,36.78538,-119.77321,5.8,0.053,32.0,Fresno - Garland,28.22875,36.9308181875,6.993098670833334,1009.8666666666667,0.0,0.0
2014-08-24,36.78538,-119.77321,0.3,0.06,2.0,Fresno - Garland,28.091250000000002,33.62108875,6.226774841666667,1008.2333333333332,0.0,0.0
2014-08-25,36.78538,-119.77321,6.9,0.059,38.0,Fresno - Garland,27.366249999999997,36.72162508333333,7.1183675625000005,1007.9041666666667,0.0,15.125
2014-08-26,36.78538,-119.77321,1.3,0.072,7.0,Fresno - Garland,26.2475,38.002548125,5.586812075,1011.3541666666666,0.0,7.708333333333333
2014-08-27,36.78538,-119.77321,11.8,0.073,56.0,Fresno - Garland,27.9475,32.32222616666667,4.323314741666667,1013.8583333333332,0.0,0.0
2014-08-28,36.78538,-119.77321,13.7,0.061,60.0,Fresno - Garland,29.424583333333334,27.41672839583333,3.8092438041666665,1014.0666666666666,0.0,0.0
2014-08-29,36.78538,-119.77321,14.0,0.081,60.0,Fresno - Garland,29.45375,30.06888875,8.060270479166666,1010.4791666666666,0.0,15.125
2014-08-30,36.78538,-119.77321,6.7,0.052,37.0,Fresno - Garland,29.868333333333336,30.118147125000004,9.042197641666666,1009.3416666666667,0.0,51.875
2014-08-31,36.78538,-119.77321,7.4,0.052,41.0,Fresno - Garland,28.926666666666666,25.872303229166665,10.5468372375,1009.1333333333333,0.0,1.5416666666666667
2014-09-01,36.78538,-119.77321,9.9,0.068,52.0,Fresno - Garland,28.714166666666667,30.744974666666668,7.926256008333333,1007.8291666666668,0.0,0.0
2014-09-02,36.78538,-119.77321,17.8,0.069,67.0,Fresno - Garland,29.8475,26.54908345833333,6.184207620833334,1006.4250000000001,0.0,0.0
2014-09-03,36.78538,-119.77321,15.7,0.068,63.0,Fresno - Garland,28.935000000000002,33.57601604166667,8.26643295,1004.9541666666668,0.0,0.0
2014-09-04,36.78538,-119.77321,17.5,0.075,67.0,Fresno - Garland,28.389166666666668,32.87153370833334,7.238884975,1003.6083333333332,0.0,0.0
2014-09-05,36.78538,-119.77321,16.9,0.077,66.0,Fresno - Garland,28.25583333333333,32.595986,6.399113216666667,1006.6833333333334,0.0,0.0
2014-09-06,36.78538,-119.77321,13.6,0.076,59.0,Fresno - Garland,28.635,33.233838416666664,6.179670041666667,1009.5625,0.0,0.0
2014-09-07,36.78538,-119.77321,18.1,0.075,68.0,Fresno - Garland,28.78916666666667,31.18308775,6.083860633333334,1008.4041666666667,0.0,1.375
2014-09-08,36.78538,-119.77321,12.0,0.06,56.0,Fresno - Garland,28.914166666666663,31.81398110416667,7.525881066666667,1007.3375,0.0,29.041666666666668
2014-09-09,36.78538,-119.77321,12.0,0.06,56.0,Fresno - Garland,28.914166666666663,31.81398110416667,7.525881066666667,1007.3375,0.0,29.041666666666668
2014-09-10,36.78538,-119.77321,12.0,0.06,56.0,Fresno - Garland,28.914166666666663,31.81398110416667,7.525881066666667,1007.3375,0.0,29.041666666666668
2014-09-11,36.78538,-119.77321,16.3,0.079,64.0,Fresno - Garland,28.407916666666665,23.613185229166664,6.50721574875,1009.3166666666666,0.0,0.0
2014-09-12,36.78538,-119.77321,16.1,0.093,64.0,Fresno - Garland,29.343333333333334,23.044900270833335,6.552723265833333,1008.5124999999999,0.0,0.0
2014-09-13,36.78538,-119.77321,16.0,0.094,64.0,Fresno - Garland,29.89125,24.49162779166667,5.526399945833333,1007.1291666666666,0.0,27.833333333333332
2014-09-14,36.78538,-119.77321,10.4,0.077,53.0,Fresno - Garland,31.01625,26.21918875,5.610990216666667,1006.5124999999999,0.0,56.708333333333336
2014-09-15,36.78538,-119.77321,14.2,0.068,61.0,Fresno - Garland,30.57875,28.500852979166666,7.182235029166667,1007.6166666666667,0.0,4.291666666666667
2014-09-16,36.78538,-119.77321,13.5,0.059,59.0,Fresno - Garland,29.20375,32.29637079166667,9.4589455625,1009.3791666666666,0.0,3.9166666666666665
2014-09-17,36.78538,-119.77321,14.8,0.067,62.0,Fresno - Garland,29.076666666666668,31.202420208333333,6.29155605,1006.9708333333333,0.0,4.583333333333333
2014-09-18,36.78538,-119.77321,8.4,0.039,47.0,Fresno - Garland,27.64333333333333,36.03303416666667,7.059786258333333,1007.3416666666667,0.0,1.4166666666666667
2014-09-19,36.78538,-119.77321,9.3,0.05,51.0,Fresno - Garland,25.674583333333334,45.536620625000005,10.6273008625,1009.2333333333332,0.0,8.166666666666666
2014-09-20,36.78538,-119.77321,11.0,0.058,55.0,Fresno - Garland,26.712083333333336,39.688377333333335,7.886893337499999,1009.7333333333332,0.0,8.75
2014-09-21,36.78538,-119.77321,10.8,0.054,54.0,Fresno - Garland,26.645416666666666,39.91218570833333,7.409189858333334,1010.9833333333332,0.0,24.25
2014-09-22,36.78538,-119.77321,13.1,0.06,58.0,Fresno - Garland,25.63291666666667,46.70033879166667,9.428653308333333,1013.2041666666668,0.0,1.625
2014-09-23,36.78538,-119.77321,16.8,0.071,65.0,Fresno - Garland,26.605833333333333,41.352011624999996,7.157898441666667,1012.3375,0.0,0.0
2014-09-24,36.78538,-119.77321,8.1,0.066,45.0,Fresno - Garland,26.651666666666667,41.499252041666665,7.537315933333333,1011.2333333333332,0.0,0.041666666666666664
2014-09-25,36.78538,-119.77321,3.3,0.038,18.0,Fresno - Garland,25.04125,49.98123916666666,10.462065141666667,1011.3375,0.0,1.0833333333333333
2014-09-26,36.78538,-119.77321,7.5,0.048,42.0,Fresno - Garland,20.72041666666667,52.859811625,14.275158041666666,1013.1541666666667,0.0,23.041666666666668
2014-09-27,36.78538,-119.77321,8.5,0.048,47.0,Fresno - Garland,19.987083291666668,48.70317208333333,9.8384513375,1011.2958333333332,0.0,17.916666666666668
2014-09-28,36.78538,-119.77321,4.5,0.052,25.0,Fresno - Garland,20.5975,50.298092749999995,5.3325184125,1010.1625,0.004166666666666667,62.083333333333336
2014-09-29,36.78538,-119.77321,10.8,0.049,54.0,Fresno - Garland,20.222499916666667,54.936224958333334,7.1590862374999995,1013.2624999999999,0.008333333333333333,12.0
2014-09-30,36.78538,-119.77321,9.1,0.057,51.0,Fresno - Garland,22.251666666666665,45.20953333333333,5.896106195833333,1012.3125,0.0,4.916666666666667
2014-10-01,36.78538,-119.77321,10.9,0.051,54.0,Fresno - Garland,22.82875,44.69515379166666,8.645776108333333,1009.475,0.0,0.0
2014-10-02,36.78538,-119.77321,12.1,0.062,57.0,Fresno - Garland,24.147499999999997,32.0442835,5.090862266666666,1013.7291666666666,0.0,0.0
2014-10-03,36.78538,-119.77321,12.7,0.076,58.0,Fresno - Garland,25.176666666666666,29.466280708333333,5.173244753333333,1016.0375,0.0,0.0
2014-10-04,36.78538,-119.77321,15.0,0.085,62.0,Fresno - Garland,25.932916666666667,24.766698604166667,5.941958533333334,1015.1999999999999,0.0,34.458333333333336
2014-10-05,36.78538,-119.77321,16.2,0.08,64.0,Fresno - Garland,26.53916666666667,23.98622775,5.239257615833333,1012.3541666666666,0.0,49.25
2014-10-06,36.78538,-119.77321,14.1,0.086,60.0,Fresno - Garland,26.5975,27.3749198125,5.577134420833333,1011.0583333333334,0.0,0.0
2014-10-07,36.78538,-119.77321,15.3,0.081,63.0,Fresno - Garland,26.50791666666667,29.77391014583333,6.316834308333333,1009.8000000000001,0.0,0.041666666666666664
2014-10-08,36.78538,-119.77321,13.0,0.077,58.0,Fresno - Garland,25.480833333333333,29.757473375,7.359874429166666,1009.3916666666668,0.0,1.4166666666666667
2014-10-09,36.78538,-119.77321,7.1,0.048,39.0,Fresno - Garland,25.124583333333334,27.999538812500003,7.8907745875,1010.2458333333334,0.0,0.0
2014-10-10,36.78538,-119.77321,6.7,0.04,37.0,Fresno - Garland,23.007916541666663,33.55816525,7.8270416208333335,1013.1166666666667,0.0,21.625
2014-10-11,36.78538,-119.77321,11.8,0.064,56.0,Fresno - Garland,22.984999958333333,39.05248395833333,6.216646208333334,1014.1958333333333,0.0,25.208333333333332
2014-10-12,36.78538,-119.77321,13.5,0.066,59.0,Fresno - Garland,23.262083333333333,37.980088916666666,5.854286662500001,1013.0583333333334,0.0,1.9166666666666667
2014-10-13,36.78538,-119.77321,15.2,0.068,62.0,Fresno - Garland,24.159999958333334,30.13491397916667,6.187949304166666,1013.1541666666667,0.0,9.708333333333334
2014-10-14,36.78538,-119.77321,11.9,0.057,56.0,Fresno - Garland,24.614166666666666,19.8461464375,7.248068841666666,1010.8583333333332,0.0,23.916666666666668
2014-10-15,36.78538,-119.77321,11.0,0.042,55.0,Fresno - Garland,21.607916666666668,46.493566583333326,7.043259579166667,1012.4583333333334,0.0,63.0
2014-10-16,36.78538,-119.77321,7.9,0.038,44.0,Fresno - Garland,20.266249958333333,51.40604520833333,7.3967789125,1014.5333333333333,0.0,76.29166666666667
2014-10-17,36.78538,-119.77321,8.5,0.048,47.0,Fresno - Garland,20.322499958333335,44.844786666666664,6.553868479166667,1012.8291666666668,0.0,86.83333333333333
2014-10-18,36.78538,-119.77321,8.9,0.053,49.0,Fresno - Garland,20.04125,41.114982250000004,7.198675104166667,1013.3541666666666,0.0,40.875
2014-10-19,36.78538,-119.77321,12.6,0.062,58.0,Fresno - Garland,20.98083325,35.711056166666665,4.597709354166667,1011.2916666666666,0.0,0.0
2014-10-20,36.78538,-119.77321,7.0,0.049,39.0,Fresno - Garland,20.693333291666665,45.314316958333336,6.690564658333333,1011.1791666666667,0.0,2.4166666666666665
2014-10-21,36.78538,-119.77321,4.1,0.045,23.0,Fresno - Garland,19.16624991666667,53.833188875,15.378198583333335,1014.9833333333332,0.0,28.625
2014-10-22,36.78538,-119.77321,9.2,0.04,51.0,Fresno - Garland,18.024583208333336,37.64942704166666,7.7683387875,1015.7708333333334,0.0,56.541666666666664
2014-10-23,36.78538,-119.77321,13.4,0.052,59.0,Fresno - Garland,19.272499875,37.96118058333334,6.493980333333333,1015.8125,0.0,46.208333333333336
2014-10-24,36.78538,-119.77321,17.2,0.06,66.0,Fresno - Garland,20.751666625000002,37.45736479166667,5.632269162499999,1013.7833333333333,0.0,0.041666666666666664
2014-10-25,36.78538,-119.77321,8.4,0.039,47.0,Fresno - Garland,21.16208333333333,35.43024691666667,6.4803894,1014.0083333333333,0.0,12.875
2014-10-26,36.78538,-119.77321,4.6,0.04,26.0,Fresno - Garland,18.114166583333333,56.8488615,15.258582041666665,1017.7666666666668,0.0,19.333333333333332
2014-10-27,36.78538,-119.77321,8.8,0.038,49.0,Fresno - Garland,16.307916583333334,44.149667375,8.633402129166667,1015.7916666666666,0.0,6.875
2014-10-28,36.78538,-119.77321,12.3,0.04,57.0,Fresno - Garland,17.143333166666668,39.306064125,6.4578616125,1016.8874999999999,0.0,4.541666666666667
2014-10-29,36.78538,-119.77321,13.3,0.048,59.0,Fresno - Garland,18.501666541666665,38.53093208333333,4.899015245833334,1017.9916666666667,0.0,1.7083333333333333
2014-10-30,36.78538,-119.77321,16.8,0.058,65.0,Fresno - Garland,19.232916666666668,40.67971920833333,5.684414520833333,1014.0124999999999,0.0,63.875
2014-10-31,36.78538,-119.77321,8.3,0.041,46.0,Fresno - Garland,19.90583325,41.876358833333335,6.958998533333333,1010.7416666666667,0.0,42.833333333333336
2014-11-01,36.78538,-119.77321,7.7,0.033,43.0,Fresno - Garland,14.253749749999999,79.10302429166667,7.377425316666667,1009.5875,1.1333333333333333,87.0
2014-11-02,36.78538,-119.77321,19.6,0.031,71.0,Fresno - Garland,12.716249791666668,72.489210375,6.225003075,1017.3249999999999,0.008333333333333333,13.125
2014-11-03,36.78538,-119.77321,19.5,0.033,70.0,Fresno - Garland,12.507916570833332,65.53114179166667,4.399877666666667,1021.8708333333334,0.0,23.833333333333332
2014-11-04,36.78538,-119.77321,25.6,0.036,82.0,Fresno - Garland,14.02458325,59.993348375000004,4.692875431666667,1024.3041666666666,0.0,20.125
2014-11-05,36.78538,-119.77321,40.8,0.039,114.0,Fresno - Garland,14.882916625,62.43191866666667,4.22597334875,1022.7708333333334,0.0,0.0
2014-11-06,36.78538,-119.77321,54.4,0.047,148.0,Fresno - Garland,16.216249833333332,61.48871625,5.080144258333333,1020.9,0.0,43.333333333333336
2014-11-07,36.78538,-119.77321,60.5,0.031,155.0,Fresno - Garland,16.76833325,63.09656116666667,5.772038829166667,1021.0083333333333,0.0,6.291666666666667
2014-11-08,36.78538,-119.77321,68.5,0.054,160.0,Fresno - Garland,16.637083166666667,67.355371125,3.8325772283333333,1018.8166666666666,0.0,13.916666666666666
2014-11-09,36.78538,-119.77321,61.4,0.061,155.0,Fresno - Garland,17.403749958333332,66.97235220833333,4.362722707500001,1014.8000000000001,0.0,50.916666666666664
2014-11-10,36.78538,-119.77321,47.3,0.057,130.0,Fresno - Garland,16.949583291666666,65.912767625,5.0454300375,1009.1999999999999,0.0,1.0833333333333333
2014-11-11,36.78538,-119.77321,49.5,0.027,135.0,Fresno - Garland,16.39958325,64.82426541666666,4.931566533333333,1010.0958333333333,0.0,30.916666666666668
2014-11-12,36.78538,-119.77321,10.5,0.043,54.0,Fresno - Garland,14.618333083333333,72.22069391666666,7.672143970833333,1014.1083333333332,0.0,49.166666666666664
2014-11-13,36.78538,-119.77321,23.2,0.026,77.0,Fresno - Garland,14.507916541666667,67.36520429166667,5.8198407083333334,1015.975,0.15,92.91666666666667
2014-11-14,36.78538,-119.77321,11.9,0.031,56.0,Fresno - Garland,14.989166541666668,78.19542595833333,9.125576033333333,1016.7624999999999,0.0,63.25
2014-11-15,36.78538,-119.77321,8.8,0.037,49.0,Fresno - Garland,13.482916625000001,74.12600033333332,9.07637325,1018.2958333333332,0.0,19.125
2014-11-16,36.78538,-119.77321,22.5,0.02,76.0,Fresno - Garland,13.087083025,70.42296420833334,5.921294474166667,1021.3874999999999,0.0,21.625
2014-11-17,36.78538,-119.77321,17.1,0.021,66.0,Fresno - Garland,12.753749766666667,64.2693185,4.2760449,1022.9416666666666,0.0,44.375
2014-11-18,36.78538,-119.77321,23.8,0.021,78.0,Fresno - Garland,12.449583183333333,60.203641000000005,4.512190479166667,1020.3375,0.0,88.0
2014-11-19,36.78538,-119.77321,15.8,0.02,63.0,Fresno - Garland,13.914166541666667,46.219317999999994,5.157697695833334,1018.2541666666666,0.0,94.375
2014-11-20,36.78538,-119.77321,13.5,0.013,59.0,Fresno - Garland,14.655833166666667,53.401456375,5.584566691666667,1018.4416666666666,0.0,63.708333333333336
2014-11-21,36.78538,-119.77321,14.5,0.02,61.0,Fresno - Garland,11.797499783333334,81.58778229166667,7.663726812499999,1017.0291666666667,0.05416666666666667,53.083333333333336
2014-11-22,36.78538,-119.77321,18.0,0.032,68.0,Fresno - Garland,11.712083237500002,74.03313833333333,4.916936536666666,1020.5541666666667,0.029166666666666664,80.45833333333333
2014-11-23,36.78538,-119.77321,11.6,0.021,56.0,Fresno - Garland,12.3579164875,75.875899875,9.213209329166666,1022.3083333333334,0.0,9.375
2014-11-24,36.78538,-119.77321,19.6,0.021,71.0,Fresno - Garland,11.080833145833333,60.11441320833333,5.344376408333333,1026.6666666666667,0.0,46.625
2014-11-25,36.78538,-119.77321,27.2,0.023,85.0,Fresno - Garland,11.418333166666665,59.68244554166666,3.824347904166667,1029.7291666666667,0.0,0.4166666666666667
2014-11-26,36.78538,-119.77321,32.9,0.024,95.0,Fresno - Garland,12.466249941666668,60.210771625,3.851977741666667,1026.4583333333333,0.0,0.0
2014-11-27,36.78538,-119.77321,35.8,0.036,102.0,Fresno - Garland,14.084999945833333,56.02100204166667,3.8999552075,1021.3791666666666,0.0,41.75
2014-11-28,36.78538,-119.77321,37.3,0.041,105.0,Fresno - Garland,14.234999916666666,51.103459875,4.388448453333333,1015.9833333333332,0.0,0.5416666666666666
2014-11-29,36.78538,-119.77321,22.6,0.035,76.0,Fresno - Garland,14.043333291666665,44.097244708333335,5.882045872916667,1010.4625,0.0,11.208333333333334
2014-11-30,36.78538,-119.77321,13.6,0.03,59.0,Fresno - Garland,13.799583208333333,48.714025666666664,5.833376827916666,1009.5833333333334,0.020833333333333332,88.16666666666667
2014-12-01,36.78538,-119.77321,10.7,0.026,54.0,Fresno - Garland,14.147499791666666,66.33547554166667,6.448494879166667,1017.9125,0.024999999999999998,64.79166666666667
2014-12-02,36.78538,-119.77321,13.9,0.013,60.0,Fresno - Garland,12.934999791666668,72.86242445833334,5.809866158333333,1012.9499999999999,0.5499999999999999,88.75
2014-12-03,36.78538,-119.77321,6.3,0.022,35.0,Fresno - Garland,14.814166583333334,83.037250375,13.163510125,1010.7958333333332,0.6666666666666666,58.958333333333336
2014-12-04,36.78538,-119.77321,6.3,0.027,35.0,Fresno - Garland,15.412083125,82.59109491666666,7.542684287499999,1013.35,0.10416666666666667,59.458333333333336
2014-12-05,36.78538,-119.77321,10.7,0.021,54.0,Fresno - Garland,14.645416583333335,82.53032516666666,6.319397195833333,1016.85,0.0,89.04166666666667
2014-12-06,36.78538,-119.77321,14.9,0.029,62.0,Fresno - Garland,15.020416541666668,80.85591345833333,4.06961023625,1020.6041666666666,0.025000000000000005,75.75
2014-12-07,36.78538,-119.77321,35.0,0.024,99.0,Fresno - Garland,14.114166375000002,79.54275354166667,3.7711043779166666,1022.5124999999999,0.0,84.375
2014-12-08,36.78538,-119.77321,22.0,0.018,75.0,Fresno - Garland,13.4954165,77.19427333333333,4.643163808333333,1021.1,0.0,48.208333333333336
2014-12-09,36.78538,-119.77321,27.9,0.008,86.0,Fresno - Garland,12.568333158333333,79.31676104166667,3.6935346125,1020.8874999999999,0.0,46.541666666666664
2014-12-10,36.78538,-119.77321,30.6,0.005,91.0,Fresno - Garland,12.1037498625,81.50501208333334,4.387957504166667,1017.6999999999999,0.0,76.58333333333333
2014-12-11,36.78538,-119.77321,25.2,0.04,81.0,Fresno - Garland,14.114166583333335,65.58840041666666,10.168505941666668,1009.5666666666666,0.0,95.29166666666667
2014-12-12,36.78538,-119.77321,4.3,0.04,24.0,Fresno - Garland,12.347499791666666,81.60537408333333,10.14197005,1007.1875,1.5958333333333332,98.16666666666667
2014-12-13,36.78538,-119.77321,8.6,0.032,48.0,Fresno - Garland,9.064166533333333,87.67667445833332,4.218424027916666,1019.6791666666667,0.07916666666666668,57.416666666666664
2014-12-14,36.78538,-119.77321,15.5,0.018,63.0,Fresno - Garland,8.770416458333333,81.33188025,4.920184632083333,1020.975,0.0,69.75
2014-12-15,36.78538,-119.77321,10.8,0.019,54.0,Fresno - Garland,8.689166483333333,75.01325533333333,6.7177873125000005,1015.8791666666666,0.029166666666666664,72.5
2014-12-16,36.78538,-119.77321,10.6,0.03,54.0,Fresno - Garland,10.951666487499999,78.29463154166666,8.621142704166667,1014.725,0.14583333333333334,65.25
2014-12-17,36.78538,-119.77321,9.2,0.032,51.0,Fresno - Garland,10.962083083333333,82.08035158333333,6.2320654074999995,1015.3333333333334,0.6416666666666667,89.16666666666667
2014-12-18,36.78538,-119.77321,7.5,0.033,42.0,Fresno - Garland,10.1329164875,83.66036779166667,4.797048502916667,1020.475,0.012499999999999999,79.08333333333333
2014-12-19,36.78538,-119.77321,10.0,0.019,53.0,Fresno - Garland,9.8537497875,76.61525995833334,5.6729115875,1022.2666666666668,0.0,82.58333333333333
2014-12-20,36.78538,-119.77321,6.7,0.023,37.0,Fresno - Garland,11.618333208333333,81.984833875,5.08630175,1021.85,0.008333333333333333,86.54166666666667
2014-12-21,36.78538,-119.77321,11.8,0.018,56.0,Fresno - Garland,10.9245830625,88.50184787500001,4.908233683333333,1024.4333333333334,0.0,93.41666666666667
2014-12-22,36.78538,-119.77321,11.8,0.018,56.0,Fresno - Garland,10.9245830625,88.50184787500001,4.908233683333333,1024.4333333333334,0.0,93.41666666666667
2014-12-23,36.78538,-119.77321,13.6,0.014,59.0,Fresno - Garland,13.105833124999998,89.34743829166666,4.4484991875,1022.2375000000001,0.0,85.375
2014-12-24,36.78538,-119.77321,14.4,0.029,61.0,Fresno - Garland,11.566249791666666,86.36983441666666,4.493164220833333,1018.8375,0.0,61.416666666666664
2014-12-25,36.78538,-119.77321,8.1,0.027,45.0,Fresno - Garland,10.099583158333333,66.61800704166667,16.514075791666667,1013.7708333333334,0.03333333333333333,15.875
2014-12-26,36.78538,-119.77321,23.2,0.024,77.0,Fresno - Garland,7.605833158333333,59.51386416666667,5.726470833333334,1018.5958333333333,0.0,0.25
2014-12-27,36.78538,-119.77321,26.2,0.026,83.0,Fresno - Garland,6.3891666124999995,64.34685133333333,4.9367948875000005,1025.7541666666666,0.0,22.625
2014-12-28,36.78538,-119.77321,23.7,0.025,78.0,Fresno - Garland,7.268333129166667,64.46759366666667,5.030646798749999,1026.8958333333333,0.0,41.75
2014-12-29,36.78538,-119.77321,21.9,0.024,75.0,Fresno - Garland,6.201666558333333,74.3106385,3.742559425,1023.3041666666667,0.0,0.5833333333333334
2014-12-30,36.78538,-119.77321,25.8,0.013,82.0,Fresno - Garland,6.0433332625,83.162690125,7.003347258333334,1018.4791666666666,0.02916666666666667,38.958333333333336
2014-12-31,36.78538,-119.77321,25.8,0.013,82.0,Fresno - Garland,6.0433332625,83.162690125,7.003347258333334,1018.4791666666666,0.02916666666666667,38.958333333333336
2015-01-01,36.78538,-119.77321,34.9,0.029,99.0,Fresno - Garland,3.3745832857666667,55.75319708333333,5.49547335,1020.3791666666666,0.0,14.791666666666666
2015-01-02,36.78538,-119.77321,26.6,0.023,84.0,Fresno - Garland,4.447500008333333,61.29372441666666,3.56214297375,1021.6208333333334,0.0,0.0
2015-01-03,36.78538,-119.77321,32.1,0.021,94.0,Fresno - Garland,4.3204166576250005,68.217108,4.1619034812499995,1022.9958333333334,0.0,0.041666666666666664
2015-01-04,36.78538,-119.77321,32.6,0.022,95.0,Fresno - Garland,5.501666616666667,66.81462016666667,4.041947708333333,1027.675,0.0,46.291666666666664
2015-01-05,36.78538,-119.77321,30.2,0.025,90.0,Fresno - Garland,5.764166649583333,75.69791054166667,3.3194903970833334,1028.8333333333333,0.0,30.041666666666668
2015-01-06,36.78538,-119.77321,46.4,0.021,128.0,Fresno - Garland,8.247499929166667,75.13345108333333,4.1249196249999995,1024.6291666666666,0.0,39.958333333333336
2015-01-07,36.78538,-119.77321,56.5,0.02,152.0,Fresno - Garland,9.524583320833333,76.91777900000001,4.7053837,1022.3541666666666,0.0,13.291666666666666
2015-01-08,36.78538,-119.77321,60.5,0.027,155.0,Fresno - Garland,9.912083233333332,75.90362966666667,3.8820057083333332,1018.6875,0.0,61.666666666666664
2015-01-09,36.78538,-119.77321,72.0,0.028,163.0,Fresno - Garland,10.912083270833334,75.36227050000001,4.827915141666667,1015.8333333333334,0.0,89.91666666666667
2015-01-10,36.78538,-119.77321,69.2,0.026,161.0,Fresno - Garland,11.072499800000001,75.02113395833334,4.056913532083333,1014.975,0.0,42.333333333333336
2015-01-11,36.78538,-119.77321,63.5,0.027,157.0,Fresno - Garland,11.007916495833333,76.25232654166666,4.67978465,1016.2708333333334,0.0,78.625
2015-01-12,36.78538,-119.77321,63.0,0.022,156.0,Fresno - Garland,11.6224999375,75.87682108333333,4.3570567124999995,1021.5541666666667,0.0,65.25
2015-01-13,36.78538,-119.77321,57.0,0.023,152.0,Fresno - Garland,10.42874985,81.56315358333333,4.42153008625,1022.0666666666666,0.0,15.0
2015-01-14,36.78538,-119.77321,32.5,0.017,95.0,Fresno - Garland,9.224583229166667,79.69977920833334,4.243005791666667,1022.3416666666667,0.0,18.458333333333332
2015-01-15,36.78538,-119.77321,19.8,0.009,71.0,Fresno - Garland,9.172499920833333,75.43121454166666,3.916197120833333,1025.1875,0.0,46.25
2015-01-16,36.78538,-119.77321,29.5,0.006,89.0,Fresno - Garland,10.155833158333333,66.327978125,5.294843420833334,1024.5666666666668,0.0,50.625
2015-01-17,36.78538,-119.77321,27.8,0.009,86.0,Fresno - Garland,10.405833091666667,74.487487375,4.581149754166667,1024.3999999999999,0.0,48.916666666666664
2015-01-18,36.78538,-119.77321,34.4,0.008,98.0,Fresno - Garland,11.684999812500001,72.00961925,3.6385421825,1024.6333333333334,0.0,75.625
2015-01-19,36.78538,-119.77321,20.0,0.01,71.0,Fresno - Garland,11.8204165,81.152653375,5.219588794583333,1024.4916666666666,0.0,71.04166666666667
2015-01-20,36.78538,-119.77321,14.1,0.009,60.0,Fresno - Garland,10.568333125,87.23178816666666,5.191835454166667,1021.0708333333333,0.0,88.08333333333333
2015-01-21,36.78538,-119.77321,10.8,0.01,54.0,Fresno - Garland,8.732916529166667,83.985697125,4.390668857083333,1019.4416666666666,0.0,41.0
2015-01-22,36.78538,-119.77321,22.4,0.01,76.0,Fresno - Garland,8.966249975,73.81176641666666,3.6545335875,1023.3291666666665,0.0,60.375
2015-01-23,36.78538,-119.77321,27.5,0.017,85.0,Fresno - Garland,9.003749891666667,72.809639125,5.26268065,1026.575,0.0,5.375
2015-01-24,36.78538,-119.77321,28.6,0.015,87.0,Fresno - Garland,9.503749870833333,67.528965,4.289679390833333,1023.7624999999999,0.0,13.291666666666666
2015-01-25,36.78538,-119.77321,18.5,0.008,69.0,Fresno - Garland,9.691249945833333,67.03481624999999,4.061306170833333,1020.6374999999999,0.0,2.2083333333333335
2015-01-26,36.78538,-119.77321,27.2,0.007,85.0,Fresno - Garland,11.014166595833332,64.72914008333333,3.993196656666667,1017.2208333333333,0.0,61.666666666666664
2015-01-27,36.78538,-119.77321,14.9,0.013,62.0,Fresno - Garland,13.864166375000002,66.13484316666667,6.556939729166667,1019.4458333333333,0.13749999999999998,87.5
2015-01-28,36.78538,-119.77321,18.8,0.009,69.0,Fresno - Garland,12.353749833333334,76.32232179166667,5.57346355,1023.1875,0.0,51.583333333333336
2015-01-29,36.78538,-119.77321,36.8,0.023,104.0,Fresno - Garland,11.922499920833333,71.26243562500001,4.84352315,1020.525,0.0,63.916666666666664
2015-01-30,36.78538,-119.77321,39.3,0.034,110.0,Fresno - Garland,11.522499841666667,73.62370908333334,5.4651739625,1016.0500000000001,0.0,29.916666666666668
2015-01-31,36.78538,-119.77321,44.3,0.028,123.0,Fresno - Garland,12.134999791666667,77.66058454166667,4.266838491666666,1013.0625,0.0,13.541666666666666
2015-02-01,36.78538,-119.77321,29.7,0.037,89.0,Fresno - Garland,11.428749945833333,75.5563505,4.7815085375,1018.7833333333333,0.0,42.375
2015-02-02,36.78538,-119.77321,29.7,0.026,89.0,Fresno - Garland,12.841249895833334,66.960763625,4.178765990416667,1020.5291666666667,0.0,86.70833333333333
2015-02-03,36.78538,-119.77321,39.9,0.029,112.0,Fresno - Garland,12.7016666125,69.21218166666667,4.033019316666667,1019.5916666666667,0.0,68.625
2015-02-04,36.78538,-119.77321,24.0,0.028,79.0,Fresno - Garland,13.743333229166666,63.69920904166667,5.070610683333333,1018.3249999999999,0.0,68.66666666666667
2015-02-05,36.78538,-119.77321,7.5,0.022,42.0,Fresno - Garland,15.482916583333335,50.18878208333334,6.3434774166666665,1015.6541666666667,0.0,85.125
2015-02-06,36.78538,-119.77321,7.7,0.026,43.0,Fresno - Garland,16.655833291666667,43.82994004166667,8.7794386625,1014.3458333333333,0.0,83.04166666666667
2015-02-07,36.78538,-119.77321,7.8,0.019,43.0,Fresno - Garland,16.164166583333333,72.90426329166667,11.442415558333332,1017.4666666666667,0.5333333333333333,81.0
2015-02-08,36.78538,-119.77321,4.0,0.022,22.0,Fresno - Garland,15.130833291666667,84.7849095,9.377764875,1018.1833333333334,0.09583333333333333,51.083333333333336
2015-02-09,36.78538,-119.77321,5.4,0.038,30.0,Fresno - Garland,15.30583325,82.28932616666667,8.7738905125,1020.0166666666668,0.5625,48.833333333333336
2015-02-10,36.78538,-119.77321,11.1,0.019,55.0,Fresno - Garland,12.559999908333333,74.630307625,9.3448237625,1020.8916666666668,0.0,18.25
2015-02-11,36.78538,-119.77321,11.1,0.019,55.0,Fresno - Garland,12.559999908333333,74.630307625,9.3448237625,1020.8916666666668,0.0,18.25
2015-02-12,36.78538,-119.77321,17.4,0.035,66.0,Fresno - Garland,13.505833195833333,73.66818279166667,4.162666583333333,1021.6291666666666,0.0,71.125
2015-02-13,36.78538,-119.77321,21.1,0.038,73.0,Fresno - Garland,14.112083229166666,71.58328158333333,4.275512254166666,1020.0791666666668,0.0,5.25
2015-02-14,36.78538,-119.77321,21.0,0.048,73.0,Fresno - Garland,15.241249791666666,72.80241925,4.390494940416667,1018.3541666666666,0.0,35.125
2015-02-15,36.78538,-119.77321,21.1,0.047,73.0,Fresno - Garland,14.559999916666667,81.18113529166666,4.067693982083333,1016.725,0.0,34.958333333333336
2015-02-16,36.78538,-119.77321,18.2,0.049,68.0,Fresno - Garland,14.809999875,77.71723316666667,4.05933462375,1015.1708333333332,0.0,52.208333333333336
2015-02-17,36.78538,-119.77321,20.4,0.043,72.0,Fresno - Garland,14.814166575,77.01403504166667,5.4012533625,1016.2875,0.0,17.833333333333332
2015-02-18,36.78538,-119.77321,21.9,0.014,75.0,Fresno - Garland,13.837083166666666,82.75468716666667,6.974605045833333,1020.1625,0.0,33.916666666666664
2015-02-19,36.78538,-119.77321,25.6,0.04,82.0,Fresno - Garland,13.628749916666665,84.245155125,5.7399476541666665,1019.6583333333333,0.0,54.625
2015-02-20,36.78538,-119.77321,15.8,0.021,63.0,Fresno - Garland,13.489166541666668,83.79360583333333,5.940230708333334,1017.0875,0.0,52.041666666666664
2015-02-21,36.78538,-119.77321,28.2,0.02,87.0,Fresno - Garland,12.6474998,76.99328762500001,3.0961741291666667,1014.0833333333334,0.0,15.5
2015-02-22,36.78538,-119.77321,19.5,0.02,70.0,Fresno - Garland,12.6829165,74.21030879166666,5.429454075,1009.7583333333333,0.05833333333333333,25.916666666666668
2015-02-23,36.78538,-119.77321,5.2,0.032,29.0,Fresno - Garland,9.953749870833333,82.76220558333334,7.370781745833334,1012.6750000000001,0.17916666666666667,55.583333333333336
2015-02-24,36.78538,-119.77321,12.6,0.032,58.0,Fresno - Garland,9.603749945833334,65.86893895833333,4.9815942,1023.9250000000001,0.0,4.166666666666667
2015-02-25,36.78538,-119.77321,19.1,0.044,70.0,Fresno - Garland,11.005833241666666,55.24508920833333,4.38331944875,1024.4416666666666,0.0,8.0
2015-02-26,36.78538,-119.77321,18.7,0.049,69.0,Fresno - Garland,11.562083241666668,67.41841825,5.679478120833333,1017.3458333333333,0.0,45.333333333333336
2015-02-27,36.78538,-119.77321,14.8,0.041,62.0,Fresno - Garland,12.455833233333335,71.89116895833332,5.445736525,1010.8541666666666,0.012500000000000002,16.625
2015-02-28,36.78538,-119.77321,4.0,0.036,22.0,Fresno - Garland,11.026666458333333,74.627661625,6.528324725,1007.9541666666668,0.1125,48.833333333333336
2015-03-01,36.78538,-119.77321,6.7,0.039,37.0,Fresno - Garland,10.762083145833335,62.672885208333334,4.711451220833333,1012.5124999999999,0.016666666666666666,45.541666666666664
2015-03-02,36.78538,-119.77321,5.8,0.036,32.0,Fresno - Garland,10.284999795833334,69.192222125,6.902034554166666,1011.7125,0.05416666666666667,42.208333333333336
2015-03-03,36.78538,-119.77321,9.0,0.038,50.0,Fresno - Garland,10.082916558333332,73.90803654166668,6.777827341666666,1014.3666666666667,0.05833333333333333,14.833333333333334
2015-03-04,36.78538,-119.77321,12.9,0.042,58.0,Fresno - Garland,11.4349998625,62.42120225,5.0829007625000004,1017.3916666666668,0.0,39.25
2015-03-05,36.78538,-119.77321,8.3,0.043,46.0,Fresno - Garland,12.514166583333333,60.191705791666664,4.447264195833333,1023.8458333333333,0.0,4.666666666666667
2015-03-06,36.78538,-119.77321,9.5,0.046,52.0,Fresno - Garland,13.339166579166667,59.134707,5.979699,1024.1708333333333,0.0,0.0
2015-03-07,36.78538,-119.77321,16.0,0.059,64.0,Fresno - Garland,15.0120832,57.882021375,4.3028259875,1019.4375,0.0,0.125
2015-03-08,36.78538,-119.77321,11.5,0.056,55.0,Fresno - Garland,16.022499874999998,58.75790283333333,5.16944665,1016.525,0.0,7.5
2015-03-09,36.78538,-119.77321,12.4,0.06,57.0,Fresno - Garland,16.887083166666667,62.296451708333336,4.633839316666667,1014.9583333333334,0.0,1.5416666666666667
2015-03-10,36.78538,-119.77321,12.7,0.055,58.0,Fresno - Garland,17.937083208333334,57.10709133333333,5.297505541666666,1013.2166666666667,0.0,53.666666666666664
2015-03-11,36.78538,-119.77321,9.7,0.04,52.0,Fresno - Garland,19.7225,36.712249416666666,6.2219424624999995,1015.8041666666667,0.0,92.5
2015-03-12,36.78538,-119.77321,11.6,0.037,56.0,Fresno - Garland,16.659999958333334,58.763762625,8.304796758333334,1021.375,0.0,6.333333333333333
2015-03-13,36.78538,-119.77321,16.8,0.057,65.0,Fresno - Garland,17.616249749999998,55.19927741666667,5.2129142208333334,1020.4333333333334,0.0,37.583333333333336
2015-03-14,36.78538,-119.77321,11.6,0.06,56.0,Fresno - Garland,20.551666583333333,45.24706016666667,4.502167095,1018.1291666666666,0.0,77.33333333333333
2015-03-15,36.78538,-119.77321,4.4,0.058,24.0,Fresno - Garland,22.120416666666667,37.790073666666665,6.792007179166667,1015.9125,0.0,84.66666666666667
2015-03-16,36.78538,-119.77321,4.6,0.048,26.0,Fresno - Garland,20.474583291666665,43.778336249999995,5.545255558333333,1014.8333333333334,0.0,90.375
2015-03-17,36.78538,-119.77321,5.1,0.05,28.0,Fresno - Garland,19.059999916666666,50.931582,10.107034095833333,1015.3833333333333,0.0,99.58333333333333
2015-03-18,36.78538,-119.77321,5.0,0.048,28.0,Fresno - Garland,17.945416625,53.71805229166667,8.946974058333334,1015.3833333333333,0.0,97.91666666666667
2015-03-19,36.78538,-119.77321,9.2,0.056,51.0,Fresno - Garland,18.464166541666668,44.71826879166667,5.539717575,1015.7416666666667,0.0,22.666666666666668
2015-03-20,36.78538,-119.77321,11.6,0.062,56.0,Fresno - Garland,19.257916541666667,46.574499,5.031316757083333,1016.5458333333332,0.0,41.125
2015-03-21,36.78538,-119.77321,5.7,0.051,32.0,Fresno - Garland,18.720416583333336,46.32591125,8.229764458333333,1018.3958333333334,0.0,81.75
2015-03-22,36.78538,-119.77321,4.9,0.049,27.0,Fresno - Garland,18.46833325,42.63638516666666,5.119830779166667,1018.6875,0.0,95.79166666666667
2015-03-23,36.78538,-119.77321,3.8,0.048,21.0,Fresno - Garland,17.445416583333333,55.832768791666666,12.3552045875,1021.2375000000001,0.008333333333333333,59.5
2015-03-24,36.78538,-119.77321,4.5,0.045,25.0,Fresno - Garland,16.284999875,48.09041904166667,14.676452895833334,1022.5833333333334,0.0,57.708333333333336
2015-03-25,36.78538,-119.77321,6.3,0.048,35.0,Fresno - Garland,17.289166541666667,56.42823179166667,10.203232254166666,1021.0541666666667,0.0,17.0
2015-03-26,36.78538,-119.77321,11.5,0.056,55.0,Fresno - Garland,20.303749875,44.50155745833334,4.939623777916666,1019.7875,0.0,17.666666666666668
2015-03-27,36.78538,-119.77321,7.6,0.061,42.0,Fresno - Garland,22.549583333333334,37.3298241875,4.352711916666666,1017.4458333333333,0.0,0.0
2015-03-28,36.78538,-119.77321,5.4,0.05,30.0,Fresno - Garland,22.205833333333334,43.923408083333335,9.664616854166667,1017.4125,0.0,0.5416666666666666
2015-03-29,36.78538,-119.77321,7.6,0.06,42.0,Fresno - Garland,21.707916625,40.253640875,7.463872703333333,1016.7958333333332,0.0,37.833333333333336
2015-03-30,36.78538,-119.77321,10.5,0.066,54.0,Fresno - Garland,22.374583333333334,37.07145083333334,4.736891229166667,1015.0375,0.0,7.916666666666667
2015-03-31,36.78538,-119.77321,5.4,0.052,30.0,Fresno - Garland,21.207916583333333,37.004412333333335,14.791877391666667,1015.2541666666666,0.0,41.166666666666664
2015-04-01,36.78538,-119.77321,5.6,0.05,31.0,Fresno - Garland,17.880833208333332,28.303386500000002,16.877540333333332,1017.4458333333333,0.0,12.583333333333334
2015-04-02,36.78538,-119.77321,5.9,0.05,33.0,Fresno - Garland,15.934999916666667,30.977051250000002,13.9566365625,1017.4125,0.0,6.625
2015-04-03,36.78538,-119.77321,6.4,0.055,36.0,Fresno - Garland,17.195416541666667,30.103234208333333,7.820597254166667,1019.775,0.0,7.541666666666667
2015-04-04,36.78538,-119.77321,7.7,0.06,43.0,Fresno - Garland,17.584999958333334,32.03315825,9.137756329166667,1015.7291666666666,0.0,0.6666666666666666
2015-04-05,36.78538,-119.77321,3.3,0.05,18.0,Fresno - Garland,16.803749916666664,31.260919875,13.221665229166666,1011.5166666666668,0.0,35.0
2015-04-06,36.78538,-119.77321,4.9,0.052,27.0,Fresno - Garland,13.912083166666667,47.96854266666667,11.474490670833333,1012.6416666666668,0.0,68.16666666666667
2015-04-07,36.78538,-119.77321,4.9,0.052,27.0,Fresno - Garland,13.912083166666667,47.96854266666667,11.474490670833333,1012.6416666666668,0.0,68.16666666666667
2015-04-08,36.78538,-119.77321,4.9,0.052,27.0,Fresno - Garland,13.912083166666667,47.96854266666667,11.474490670833333,1012.6416666666668,0.0,68.16666666666667
2015-04-09,36.78538,-119.77321,4.9,0.052,27.0,Fresno - Garland,13.912083166666667,47.96854266666667,11.474490670833333,1012.6416666666668,0.0,68.16666666666667
2015-04-10,36.78538,-119.77321,13.2,0.06,59.0,Fresno - Garland,15.949583241666666,49.963618458333336,6.132990808333333,1014.025,0.0,24.625
2015-04-11,36.78538,-119.77321,6.2,0.047,34.0,Fresno - Garland,17.124583208333334,46.96424666666667,9.947158841666667,1014.7125,0.0,43.958333333333336
2015-04-12,36.78538,-119.77321,7.4,0.054,41.0,Fresno - Garland,18.391249958333333,48.35515345833333,8.8343707375,1014.4375,0.0,12.5
2015-04-13,36.78538,-119.77321,9.1,0.064,51.0,Fresno - Garland,20.909999958333334,43.946509416666665,5.711556795833334,1014.4666666666667,0.0,0.08333333333333333
2015-04-14,36.78538,-119.77321,3.1,0.052,17.0,Fresno - Garland,17.895416583333333,40.6210034375,19.398117275,1019.025,0.0,2.4166666666666665
2015-04-15,36.78538,-119.77321,5.0,0.052,28.0,Fresno - Garland,15.499583208333334,25.31915825,10.879495958333335,1019.4625,0.0,10.25
2015-04-16,36.78538,-119.77321,8.2,0.065,46.0,Fresno - Garland,17.8975,26.221496958333333,6.564452333333333,1015.2083333333334,0.0,3.4583333333333335
2015-04-17,36.78538,-119.77321,8.0,0.07,44.0,Fresno - Garland,20.097499958333334,27.142458979166666,5.497148278333333,1016.1416666666668,0.0,0.0
2015-04-18,36.78538,-119.77321,10.4,0.075,53.0,Fresno - Garland,21.909999958333334,27.811070083333334,5.2785174125,1014.6625,0.0,2.0416666666666665
2015-04-19,36.78538,-119.77321,9.8,0.073,52.0,Fresno - Garland,22.874583333333334,30.177800833333333,5.3516512625,1011.0291666666667,0.0,5.208333333333333
2015-04-20,36.78538,-119.77321,11.4,0.06,55.0,Fresno - Garland,23.064166625,34.278147,8.026063833333334,1008.0041666666666,0.0,15.916666666666666
2015-04-21,36.78538,-119.77321,7.3,0.051,41.0,Fresno - Garland,22.176666583333333,39.01461116666667,9.139897733333333,1007.6625,0.0,90.54166666666667
2015-04-22,36.78538,-119.77321,9.2,0.052,51.0,Fresno - Garland,20.14333325,44.44932925,3.5510506916666666,1009.3416666666667,0.0,66.91666666666667
2015-04-23,36.78538,-119.77321,13.2,0.057,59.0,Fresno - Garland,20.530833333333334,46.919972333333334,5.293954240416666,1008.8416666666667,0.012500000000000002,71.25
2015-04-24,36.78538,-119.77321,7.3,0.053,41.0,Fresno - Garland,19.285,51.67323883333333,7.5774586,1010.8791666666666,0.13749999999999998,71.20833333333333
2015-04-25,36.78538,-119.77321,4.9,0.044,27.0,Fresno - Garland,15.899583291666666,54.0733525,10.388523812499999,1013.4708333333333,0.4458333333333333,74.91666666666667
2015-04-26,36.78538,-119.77321,4.9,0.051,27.0,Fresno - Garland,15.772499958333334,55.852637458333334,11.472869541666666,1015.8583333333332,0.0,26.625
2015-04-27,36.78538,-119.77321,12.3,0.063,57.0,Fresno - Garland,18.71833325,46.71957116666667,6.0779611749999995,1015.4875000000001,0.0,11.166666666666666
2015-04-28,36.78538,-119.77321,13.2,0.067,59.0,Fresno - Garland,22.81625,46.719958041666665,5.2722685625,1013.4875000000001,0.0,0.08333333333333333
2015-04-29,36.78538,-119.77321,10.2,0.069,53.0,Fresno - Garland,23.832916625,42.39023533333333,7.852623820833333,1012.3083333333334,0.0,55.166666666666664
2015-04-30,36.78538,-119.77321,11.6,0.082,56.0,Fresno - Garland,23.893333333333334,41.22182964583333,6.850620429166667,1009.5041666666666,0.0,64.375
2015-05-01,36.78538,-119.77321,9.9,0.071,52.0,Fresno - Garland,25.889166666666668,32.57386941666667,4.673877129166667,1008.2833333333333,0.0,34.583333333333336
2015-05-02,36.78538,-119.77321,6.1,0.065,34.0,Fresno - Garland,26.218333333333334,24.077831729166665,4.52495519875,1008.7208333333333,0.0,0.375
2015-05-03,36.78538,-119.77321,9.1,0.057,51.0,Fresno - Garland,24.670416666666668,20.816519475,5.2024058166666665,1008.0916666666667,0.0,0.25
2015-05-04,36.78538,-119.77321,10.0,0.063,53.0,Fresno - Garland,22.62249991666667,32.704575291666664,5.970497537500001,1009.6291666666666,0.0,3.1666666666666665
2015-05-05,36.78538,-119.77321,11.1,0.06,55.0,Fresno - Garland,21.46208329166667,37.789375791666664,9.861595541666667,1010.7916666666666,0.0,8.208333333333334
2015-05-06,36.78538,-119.77321,8.8,0.054,49.0,Fresno - Garland,19.64958325,37.816744541666665,9.128722345833333,1009.2041666666668,0.0,1.9583333333333333
2015-05-07,36.78538,-119.77321,10.0,0.04,53.0,Fresno - Garland,17.912083291666665,42.73861758333334,7.775415404166666,1006.2791666666667,0.0375,25.916666666666668
2015-05-08,36.78538,-119.77321,5.6,0.048,31.0,Fresno - Garland,14.641249958333333,55.821932125,7.6486309625,1009.8458333333333,0.06666666666666667,79.58333333333333
2015-05-09,36.78538,-119.77321,9.1,0.061,51.0,Fresno - Garland,18.08708329166667,43.69770966666667,5.337749811249999,1015.275,0.0,29.75
2015-05-10,36.78538,-119.77321,11.1,0.063,55.0,Fresno - Garland,21.037083291666665,45.381759499999994,7.2883199450000005,1014.8125,0.0,1.3333333333333333
2015-05-11,36.78538,-119.77321,6.4,0.058,36.0,Fresno - Garland,22.535,35.67727383333334,7.9560335958333335,1011.0583333333334,0.0,65.70833333333333
2015-05-12,36.78538,-119.77321,7.7,0.061,43.0,Fresno - Garland,18.689166583333336,35.290207333333335,12.89248235,1009.8416666666667,0.0,25.75
2015-05-13,36.78538,-119.77321,5.3,0.058,29.0,Fresno - Garland,17.84333325,33.78642275,11.0500582625,1011.5916666666667,0.0,71.375
2015-05-14,36.78538,-119.77321,5.9,0.049,33.0,Fresno - Garland,18.13083325,35.559848375,9.670919075,1009.2333333333332,0.008333333333333333,92.375
2015-05-15,36.78538,-119.77321,4.4,0.051,24.0,Fresno - Garland,15.053749875,65.72049333333334,6.636551179166666,1010.2083333333334,0.21666666666666667,83.16666666666667
2015-05-16,36.78538,-119.77321,7.2,0.058,40.0,Fresno - Garland,17.249583125,49.656297208333335,7.820691216666667,1012.8708333333334,0.0,22.458333333333332
2015-05-17,36.78538,-119.77321,6.0,0.051,33.0,Fresno - Garland,18.595416583333336,48.27597033333333,6.9175268125,1013.6374999999999,0.0,56.541666666666664
2015-05-18,36.78538,-119.77321,6.8,0.054,38.0,Fresno - Garland,18.480833291666666,50.79922220833333,11.565413504166665,1014.6166666666667,0.0,66.625
2015-05-19,36.78538,-119.77321,9.9,0.054,52.0,Fresno - Garland,18.485,45.5923065,11.797416400000001,1015.9125,0.0,5.0
2015-05-20,36.78538,-119.77321,6.2,0.057,34.0,Fresno - Garland,19.82458325,43.785103375000006,9.655244495833333,1011.9875000000001,0.0,59.583333333333336
2015-05-21,36.78538,-119.77321,6.6,0.045,37.0,Fresno - Garland,19.132916625,48.25626725,11.112353629166668,1011.25,0.016666666666666666,43.791666666666664
2015-05-22,36.78538,-119.77321,6.0,0.045,33.0,Fresno - Garland,17.749583291666667,59.395971624999994,9.657273320833333,1013.3583333333332,0.20833333333333334,84.41666666666667
2015-05-23,36.78538,-119.77321,8.5,0.052,47.0,Fresno - Garland,18.707916583333333,54.941465875,7.178285666666667,1015.7291666666666,0.0,46.708333333333336
2015-05-24,36.78538,-119.77321,7.3,0.053,41.0,Fresno - Garland,19.851666583333333,53.64051958333334,7.9438941666666665,1013.6875,0.0,14.0
2015-05-25,36.78538,-119.77321,7.1,0.055,39.0,Fresno - Garland,22.732916666666668,44.151870374999994,7.6736093625,1011.0458333333332,0.0,1.75
2015-05-26,36.78538,-119.77321,6.3,0.057,35.0,Fresno - Garland,23.059999875,43.114231875,9.734501416666667,1011.3708333333334,0.0,1.8333333333333333
2015-05-27,36.78538,-119.77321,6.0,0.064,33.0,Fresno - Garland,23.555833333333336,41.65871870833333,10.683641158333332,1012.1041666666666,0.0,2.0
2015-05-28,36.78538,-119.77321,7.9,0.056,44.0,Fresno - Garland,24.093333291666667,37.56704916666667,10.7130394,1012.5875,0.0,29.791666666666668
2015-05-29,36.78538,-119.77321,7.6,0.066,42.0,Fresno - Garland,25.41208333333333,36.82565104166667,8.758639029166666,1011.3833333333333,0.0,17.5
2015-05-30,36.78538,-119.77321,9.4,0.075,52.0,Fresno - Garland,27.08083333333333,30.961216208333337,7.811256258333334,1010.0541666666667,0.0,69.79166666666667
2015-05-31,36.78538,-119.77321,7.8,0.067,43.0,Fresno - Garland,28.03708333333333,30.0492830625,6.828487095833334,1008.7624999999999,0.0,6.291666666666667
2015-06-01,36.78538,-119.77321,4.6,0.043,26.0,Fresno - Garland,24.574583333333333,30.8166459375,12.463756791666667,1011.8291666666668,0.0,5.791666666666667
2015-06-02,36.78538,-119.77321,4.6,0.043,26.0,Fresno - Garland,24.574583333333333,30.8166459375,12.463756791666667,1011.8291666666668,0.0,5.791666666666667
2015-06-03,36.78538,-119.77321,4.5,0.052,25.0,Fresno - Garland,24.0725,35.34962625,11.965234541666668,1010.8375,0.0,38.625
2015-06-04,36.78538,-119.77321,5.0,0.048,28.0,Fresno - Garland,21.55583329166667,39.40869895833333,11.187755004166666,1008.2916666666666,0.0,41.916666666666664
2015-06-05,36.78538,-119.77321,8.3,0.063,46.0,Fresno - Garland,24.31833333333333,35.91753958333333,6.066651029166667,1007.0375,0.012499999999999999,32.041666666666664
2015-06-06,36.78538,-119.77321,6.9,0.067,38.0,Fresno - Garland,26.0975,38.56197683333333,6.2169766,1008.0208333333334,0.008333333333333333,35.5
2015-06-07,36.78538,-119.77321,6.0,0.07,33.0,Fresno - Garland,26.532916666666665,43.588388333333334,6.1023416875,1009.3916666666668,0.0,31.583333333333332
2015-06-08,36.78538,-119.77321,8.9,0.077,49.0,Fresno - Garland,30.564166666666665,30.27184229166667,6.044619375,1008.3625000000001,0.0,13.666666666666666
2015-06-09,36.78538,-119.77321,13.0,0.063,58.0,Fresno - Garland,31.493333333333336,25.084420229166668,5.768845504166666,1007.225,0.0,54.25
2015-06-10,36.78538,-119.77321,6.2,0.055,34.0,Fresno - Garland,27.262083333333333,43.959303041666665,8.222245758333333,1009.8166666666666,0.0,60.708333333333336
2015-06-11,36.78538,-119.77321,8.3,0.069,46.0,Fresno - Garland,26.16416666666667,48.012975875,7.325043566666667,1009.4125,0.004166666666666667,31.875
2015-06-12,36.78538,-119.77321,12.6,0.083,58.0,Fresno - Garland,29.88291666666667,40.185982833333334,5.8940729874999995,1007.1208333333334,0.004166666666666667,8.875
2015-06-13,36.78538,-119.77321,10.8,0.08,54.0,Fresno - Garland,32.189166666666665,34.358716875,4.5879109,1004.5833333333334,0.0,8.916666666666666
2015-06-14,36.78538,-119.77321,11.6,0.073,56.0,Fresno - Garland,30.918333333333333,25.981504958333332,10.235880275,1004.2958333333332,0.0,0.0
2015-06-15,36.78538,-119.77321,12.4,0.072,57.0,Fresno - Garland,29.143333333333334,26.212608041666666,10.318318066666667,1006.5791666666668,0.0,22.791666666666668
2015-06-16,36.78538,-119.77321,11.6,0.074,56.0,Fresno - Garland,27.980833333333333,25.910385354166667,10.910607841666668,1009.7041666666668,0.0,2.7083333333333335
2015-06-17,36.78538,-119.77321,9.9,0.08,52.0,Fresno - Garland,29.205833333333334,25.780703854166664,8.128529933333333,1009.7208333333333,0.0,15.291666666666666
2015-06-18,36.78538,-119.77321,8.9,0.07,49.0,Fresno - Garland,30.124583333333334,22.892068016666666,8.806985129166668,1010.1416666666668,0.0,8.375
2015-06-19,36.78538,-119.77321,4.2,0.065,23.0,Fresno - Garland,28.937083333333334,19.2826345,12.754812333333334,1011.4375,0.0,9.583333333333334
2015-06-20,36.78538,-119.77321,6.2,0.072,34.0,Fresno - Garland,29.243333333333336,21.867645741666667,9.689328104166668,1009.7083333333334,0.0,38.791666666666664
2015-06-21,36.78538,-119.77321,5.1,0.061,28.0,Fresno - Garland,29.851666666666663,20.166835854166667,9.175915245833334,1009.8041666666667,0.0,37.083333333333336
2015-06-22,36.78538,-119.77321,5.4,0.062,30.0,Fresno - Garland,27.689166666666665,20.548957725,12.202495075,1012.4875000000001,0.0,0.0
2015-06-23,36.78538,-119.77321,4.8,0.06,27.0,Fresno - Garland,27.726666666666663,23.087241000000002,10.6721091625,1012.2583333333333,0.0,0.0
2015-06-24,36.78538,-119.77321,8.3,0.065,46.0,Fresno - Garland,28.60375,27.439709458333336,9.658242125,1010.1333333333333,0.0,0.6666666666666666
2015-06-25,36.78538,-119.77321,13.6,0.079,59.0,Fresno - Garland,31.182916666666667,25.1563135,6.934863891666667,1009.2833333333333,0.0,1.0416666666666667
2015-06-26,36.78538,-119.77321,14.0,0.09,60.0,Fresno - Garland,33.11625,21.927161166666664,4.982716170833333,1009.4583333333334,0.0,18.166666666666668
2015-06-27,36.78538,-119.77321,9.3,0.062,51.0,Fresno - Garland,32.86416666666667,26.909479083333334,6.841043304166667,1010.6541666666667,0.0,69.5
2015-06-28,36.78538,-119.77321,8.3,0.063,46.0,Fresno - Garland,31.851666666666663,28.538023,8.319242495833334,1011.2958333333332,0.0,77.75
2015-06-29,36.78538,-119.77321,7.8,0.066,43.0,Fresno - Garland,30.151666666666667,33.71197595833333,9.705475462499999,1011.3916666666668,0.0,92.875
2015-06-30,36.78538,-119.77321,10.2,0.081,53.0,Fresno - Garland,32.39958333333333,26.096048791666664,8.217454191666667,1009.4208333333332,0.0,62.0
2015-07-01,36.78538,-119.77321,9.6,0.06,52.0,Fresno - Garland,34.3225,24.835479125000003,7.808737933333333,1008.1875,0.0,76.33333333333333
2015-07-02,36.78538,-119.77321,14.9,0.08,62.0,Fresno - Garland,33.23916666666667,27.609308958333333,5.655605077916667,1009.7541666666666,0.0,71.04166666666667
2015-07-03,36.78538,-119.77321,9.5,0.065,52.0,Fresno - Garland,32.60166666666667,40.44457983333333,7.8926425125,1009.9916666666667,0.0,33.166666666666664
2015-07-04,36.78538,-119.77321,12.8,0.067,58.0,Fresno - Garland,32.3725,38.66839958333333,10.544827175,1007.2291666666666,0.024999999999999998,39.125
2015-07-05,36.78538,-119.77321,7.1,0.059,39.0,Fresno - Garland,31.385,35.11239233333333,10.4695939125,1008.1999999999999,0.0,7.791666666666667
2015-07-06,36.78538,-119.77321,4.6,0.05,26.0,Fresno - Garland,29.28708333333333,39.14363345833333,13.251946916666666,1012.1875,0.0,0.16666666666666666
2015-07-07,36.78538,-119.77321,5.5,0.044,31.0,Fresno - Garland,28.230833333333333,37.145154416666664,13.628714458333333,1012.4125,0.0,3.8333333333333335
2015-07-08,36.78538,-119.77321,6.9,0.048,38.0,Fresno - Garland,27.19125,39.16866104166667,13.068716541666667,1008.3625000000001,0.0,6.666666666666667
2015-07-09,36.78538,-119.77321,5.2,0.044,29.0,Fresno - Garland,24.720416666666665,42.179354833333335,11.102779966666667,1007.8958333333334,0.012500000000000002,35.708333333333336
2015-07-10,36.78538,-119.77321,5.3,0.046,29.0,Fresno - Garland,24.205833333333334,50.19091795833333,11.070448524999998,1010.1958333333333,0.0,53.166666666666664
2015-07-11,36.78538,-119.77321,7.4,0.05,41.0,Fresno - Garland,25.584999999999997,45.780186875,10.615456658333335,1011.1750000000001,0.0,1.9583333333333333
2015-07-12,36.78538,-119.77321,5.8,0.055,32.0,Fresno - Garland,27.545416666666668,40.70226604166667,9.854188408333334,1012.8000000000001,0.0,30.833333333333332
2015-07-13,36.78538,-119.77321,7.1,0.056,39.0,Fresno - Garland,28.116249999999997,36.96202291666666,11.965371437500002,1012.5916666666667,0.0,60.333333333333336
2015-07-14,36.78538,-119.77321,7.0,0.054,39.0,Fresno - Garland,28.124583333333334,34.075042625,11.72633925,1009.5583333333334,0.0,7.333333333333333
2015-07-15,36.78538,-119.77321,6.5,0.058,36.0,Fresno - Garland,27.216250000000002,33.833458125,10.310487925,1008.7624999999999,0.0,0.0
2015-07-16,36.78538,-119.77321,8.2,0.07,46.0,Fresno - Garland,29.580833333333334,30.180858770833336,6.665431329166666,1009.2833333333333,0.0,0.0
2015-07-17,36.78538,-119.77321,8.9,0.077,49.0,Fresno - Garland,30.645416666666666,29.627599041666667,6.486820091666666,1007.4125,0.0,0.041666666666666664
2015-07-18,36.78538,-119.77321,9.4,0.059,52.0,Fresno - Garland,30.907916666666665,29.283467125,6.296601312499999,1007.6916666666666,0.0,3.0416666666666665
2015-07-19,36.78538,-119.77321,8.4,0.047,47.0,Fresno - Garland,29.37875,35.163069291666666,9.957346674166667,1014.2083333333334,0.0,67.25
2015-07-20,36.78538,-119.77321,8.4,0.047,47.0,Fresno - Garland,29.37875,35.163069291666666,9.957346674166667,1014.2083333333334,0.0,67.25
2015-07-21,36.78538,-119.77321,10.7,0.061,54.0,Fresno - Garland,31.420416666666668,39.16550866666667,5.720066920833333,1010.3458333333333,0.012499999999999999,34.5
2015-07-22,36.78538,-119.77321,8.0,0.048,44.0,Fresno - Garland,30.31625,33.29911820833333,9.218683204166666,1007.0291666666667,0.0,14.625
2015-07-23,36.78538,-119.77321,7.3,0.051,41.0,Fresno - Garland,27.41208333333333,28.50893579166667,10.862073491666665,1010.3874999999999,0.0,2.9583333333333335
2015-07-24,36.78538,-119.77321,6.7,0.048,37.0,Fresno - Garland,27.5975,28.907629791666665,10.288444116666666,1014.7541666666666,0.0,0.4166666666666667
2015-07-25,36.78538,-119.77321,4.2,0.048,23.0,Fresno - Garland,28.78916666666667,24.30058225,10.758161424999999,1014.9583333333334,0.0,0.0
2015-07-26,36.78538,-119.77321,4.6,0.051,26.0,Fresno - Garland,27.980833333333333,30.259525791666665,10.977637729166666,1011.3458333333333,0.0,0.0
2015-07-27,36.78538,-119.77321,7.8,0.058,43.0,Fresno - Garland,27.885,30.254569708333335,11.5775598125,1010.3958333333334,0.0,0.0
2015-07-28,36.78538,-119.77321,8.9,0.063,49.0,Fresno - Garland,29.85166666666667,25.956696395833333,8.1115519125,1009.5875,0.0,0.0
2015-07-29,36.78538,-119.77321,11.2,0.079,55.0,Fresno - Garland,32.10583333333333,21.875007020833333,6.5494204625,1009.1791666666667,0.0,0.08333333333333333
2015-07-30,36.78538,-119.77321,13.2,0.082,59.0,Fresno - Garland,33.412083333333335,21.950193958333333,6.801350737499999,1011.2291666666666,0.0,48.083333333333336
2015-07-31,36.78538,-119.77321,15.6,0.083,63.0,Fresno - Garland,33.003750000000004,26.324180083333335,9.727062254166666,1011.9875000000001,0.0,50.083333333333336
2015-08-01,36.78538,-119.77321,8.3,0.064,46.0,Fresno - Garland,30.614166666666666,33.821966124999996,10.967084179166667,1011.5,0.0,25.083333333333332
2015-08-02,36.78538,-119.77321,8.2,0.058,46.0,Fresno - Garland,30.372500000000002,32.992446541666666,11.758964433333333,1010.2125,0.0,45.541666666666664
2015-08-03,36.78538,-119.77321,8.8,0.055,49.0,Fresno - Garland,28.91625,35.413077791666666,11.574388854166665,1009.7083333333334,0.0,23.291666666666668
2015-08-04,36.78538,-119.77321,8.8,0.055,49.0,Fresno - Garland,28.91625,35.413077791666666,11.574388854166665,1009.7083333333334,0.0,23.291666666666668
2015-08-05,36.78538,-119.77321,7.9,0.055,44.0,Fresno - Garland,26.45375,40.59123133333333,10.203664104166666,1013.8166666666666,0.0,56.25
2015-08-06,36.78538,-119.77321,11.0,0.066,55.0,Fresno - Garland,28.25375,32.551732875,6.243813666666667,1010.5708333333333,0.0,99.54166666666667
2015-08-07,36.78538,-119.77321,12.9,0.069,58.0,Fresno - Garland,27.98708333333333,34.29134216666667,6.917790204166667,1008.3458333333333,0.0,29.166666666666668
2015-08-08,36.78538,-119.77321,13.2,0.066,59.0,Fresno - Garland,27.709999999999997,38.314059291666666,9.492260854166666,1009.7083333333334,0.0,0.0
2015-08-09,36.78538,-119.77321,12.4,0.06,57.0,Fresno - Garland,28.01625,36.888289375,9.580634012500001,1010.4,0.0,0.0
2015-08-10,36.78538,-119.77321,5.3,0.045,29.0,Fresno - Garland,28.589166666666667,33.646184,10.075894620833333,1009.7083333333334,0.0,3.6666666666666665
2015-08-11,36.78538,-119.77321,4.3,0.048,24.0,Fresno - Garland,26.9725,36.94292170833334,11.974518570833332,1009.9250000000001,0.0,0.0
2015-08-12,36.78538,-119.77321,5.3,0.06,29.0,Fresno - Garland,27.382916666666663,33.42349375,9.277851445833333,1012.7583333333333,0.0,0.0
2015-08-13,36.78538,-119.77321,6.6,0.063,37.0,Fresno - Garland,28.087083333333336,34.76163475,9.743505820833333,1013.7333333333332,0.0,1.9166666666666667
2015-08-14,36.78538,-119.77321,5.0,0.058,28.0,Fresno - Garland,27.814166666666665,33.537825,13.082904708333333,1013.6125000000001,0.0,16.916666666666668
2015-08-15,36.78538,-119.77321,9.7,0.073,52.0,Fresno - Garland,28.56833333333333,30.892995208333332,9.041203920833334,1012.9625,0.0,8.5
2015-08-16,36.78538,-119.77321,18.3,0.074,68.0,Fresno - Garland,31.780833333333334,21.205389375,6.6230559541666665,1010.4041666666667,0.0,76.66666666666667
2015-08-17,36.78538,-119.77321,16.5,0.082,65.0,Fresno - Garland,32.70583333333334,20.447295125,7.034034133333333,1008.125,0.0,3.625
2015-08-18,36.78538,-119.77321,23.8,0.09,78.0,Fresno - Garland,31.91,23.68453422916667,7.877320370833334,1008.6166666666667,0.0,4.541666666666667
2015-08-19,36.78538,-119.77321,16.2,0.073,64.0,Fresno - Garland,29.937083333333334,26.825880249999997,9.253312079166667,1009.3416666666667,0.0,6.375
2015-08-20,36.78538,-119.77321,14.0,0.068,60.0,Fresno - Garland,28.241249999999997,32.562643791666666,9.703336325,1009.15,0.0,0.0
2015-08-21,36.78538,-119.77321,18.1,0.07,68.0,Fresno - Garland,27.72666666666667,35.664237541666665,8.966069741666667,1008.2541666666666,0.0,0.0
2015-08-22,36.78538,-119.77321,11.6,0.064,56.0,Fresno - Garland,27.63291666666667,36.98667266666667,8.004225804166667,1009.3791666666666,0.0,0.0
2015-08-23,36.78538,-119.77321,14.1,0.067,60.0,Fresno - Garland,28.66208333333333,35.74612866666667,8.0081869125,1011.1333333333333,0.0,1.7083333333333333
2015-08-24,36.78538,-119.77321,10.0,0.066,53.0,Fresno - Garland,28.91208333333333,35.981748,9.495221837499999,1012.6791666666667,0.0,6.083333333333333
2015-08-25,36.78538,-119.77321,9.5,0.065,52.0,Fresno - Garland,29.403750000000002,32.22945216666667,8.273140666666666,1012.0,0.0,0.25
2015-08-26,36.78538,-119.77321,8.9,0.057,49.0,Fresno - Garland,30.649583333333336,26.869205750000003,8.281313129166668,1012.2583333333333,0.0,5.375
2015-08-27,36.78538,-119.77321,9.8,0.062,52.0,Fresno - Garland,30.918333333333333,25.13826308333333,7.9623565874999995,1013.5666666666666,0.0,8.541666666666666
2015-08-28,36.78538,-119.77321,10.0,0.076,53.0,Fresno - Garland,31.695416666666663,24.984040500000003,6.366407611666666,1011.2125,0.0,29.875
2015-08-29,36.78538,-119.77321,6.0,0.034,33.0,Fresno - Garland,30.5725,32.811112208333334,10.303917391666667,1010.5208333333334,0.0,46.541666666666664
2015-08-30,36.78538,-119.77321,4.3,0.046,24.0,Fresno - Garland,26.885,40.41684308333333,15.317753479166667,1012.6041666666666,0.0,37.083333333333336
2015-08-31,36.78538,-119.77321,7.9,0.057,44.0,Fresno - Garland,25.989166666666666,34.637307,10.218095612499999,1011.1041666666666,0.0,0.041666666666666664
2015-09-01,36.78538,-119.77321,10.0,0.07,53.0,Fresno - Garland,27.31625,28.331700375,6.516845145833333,1009.1416666666668,0.0,0.5416666666666666
2015-09-02,36.78538,-119.77321,7.8,0.059,43.0,Fresno - Garland,27.032916666666665,34.67149866666667,7.893623858333334,1009.9875000000001,0.0,27.083333333333332
2015-09-03,36.78538,-119.77321,4.9,0.049,27.0,Fresno - Garland,25.44541666666667,38.867780208333336,11.182750758333334,1009.8666666666667,0.0,3.2083333333333335
2015-09-04,36.78538,-119.77321,7.0,0.049,39.0,Fresno - Garland,24.41208333333333,35.65562729166667,9.073317979166667,1008.3416666666667,0.0,0.16666666666666666
2015-09-05,36.78538,-119.77321,7.0,0.052,39.0,Fresno - Garland,23.005833291666665,32.7869648125,10.692190191666667,1010.8083333333334,0.0,10.833333333333334
2015-09-06,36.78538,-119.77321,9.2,0.058,51.0,Fresno - Garland,24.41416666666667,21.655964645833333,7.973651679166667,1012.625,0.0,12.583333333333334
2015-09-07,36.78538,-119.77321,14.2,0.076,61.0,Fresno - Garland,26.155833333333334,18.5976324875,6.384555320833333,1011.525,0.0,7.625
2015-09-08,36.78538,-119.77321,19.9,0.079,71.0,Fresno - Garland,27.866249999999997,18.29854875,6.134841333333333,1010.25,0.0,0.0
2015-09-09,36.78538,-119.77321,27.7,0.078,86.0,Fresno - Garland,30.385,19.27487957916667,5.976511362499999,1008.9541666666668,0.0,2.875
2015-09-10,36.78538,-119.77321,20.8,0.098,73.0,Fresno - Garland,31.69333333333333,22.137081,4.957939775,1008.5500000000001,0.0,11.708333333333334
2015-09-11,36.78538,-119.77321,19.5,0.074,70.0,Fresno - Garland,31.92458333333333,22.822597291666668,7.258812529166666,1009.4583333333334,0.0,10.791666666666666
2015-09-12,36.78538,-119.77321,15.8,0.058,63.0,Fresno - Garland,31.01,21.542120458333333,8.706741875,1009.9208333333332,0.0,57.5
2015-09-13,36.78538,-119.77321,21.3,0.068,74.0,Fresno - Garland,29.499583333333334,22.246988333333334,7.303999033333334,1009.0916666666667,0.0,61.416666666666664
2015-09-14,36.78538,-119.77321,18.7,0.04,69.0,Fresno - Garland,27.19541666666667,31.935790375,5.378483019583332,1005.75,0.04583333333333334,32.041666666666664
2015-09-15,36.78538,-119.77321,10.4,0.048,53.0,Fresno - Garland,24.810000000000002,46.62058266666667,5.696266216666667,1008.3625000000001,0.012499999999999999,73.58333333333333
2015-09-16,36.78538,-119.77321,3.8,0.048,21.0,Fresno - Garland,21.339166625,41.46195125,11.736520633333333,1012.8208333333333,0.0,22.416666666666668
2015-09-17,36.78538,-119.77321,5.5,0.049,31.0,Fresno - Garland,21.341250000000002,40.49589808333334,11.758863645833335,1014.8833333333333,0.0,6.791666666666667
2015-09-18,36.78538,-119.77321,8.4,0.06,47.0,Fresno - Garland,22.439166625,45.300258875,8.727815045833333,1012.8916666666668,0.0,0.0
2015-09-19,36.78538,-119.77321,11.2,0.074,55.0,Fresno - Garland,24.741249999999997,36.571606083333336,6.150966595833332,1009.8916666666668,0.0,0.0
2015-09-20,36.78538,-119.77321,16.0,0.087,64.0,Fresno - Garland,27.61,26.7414315,4.726712677916667,1009.2875,0.0,0.0
2015-09-21,36.78538,-119.77321,16.0,0.087,64.0,Fresno - Garland,27.61,26.7414315,4.726712677916667,1009.2875,0.0,0.0
2015-09-22,36.78538,-119.77321,9.0,0.061,50.0,Fresno - Garland,29.395416666666666,26.513692583333334,5.896188404166666,1007.1,0.0,0.16666666666666666
2015-09-23,36.78538,-119.77321,8.9,0.06,49.0,Fresno - Garland,26.466250000000002,30.943360645833334,10.097307620833334,1011.5416666666666,0.0,2.625
2015-09-24,36.78538,-119.77321,13.5,0.078,59.0,Fresno - Garland,26.274583333333336,27.804592833333334,5.9716166374999995,1012.0708333333333,0.0,53.666666666666664
2015-09-25,36.78538,-119.77321,11.5,0.07,55.0,Fresno - Garland,28.653750000000002,25.22049525,5.836990733333334,1010.1333333333333,0.0,48.541666666666664
2015-09-26,36.78538,-119.77321,6.0,0.066,33.0,Fresno - Garland,28.701666666666668,25.73618552083333,9.460987354166667,1009.6791666666667,0.0,23.416666666666668
2015-09-27,36.78538,-119.77321,8.5,0.066,47.0,Fresno - Garland,28.376666666666665,30.200117875,6.5841591500000005,1007.65,0.0,78.625
2015-09-28,36.78538,-119.77321,13.0,0.048,58.0,Fresno - Garland,27.812083333333334,30.290243375,4.8122984375,1008.5916666666667,0.0,95.16666666666667
2015-09-29,36.78538,-119.77321,10.3,0.037,53.0,Fresno - Garland,25.41208333333333,34.146593875,7.555452995833334,1011.2666666666668,0.0,89.875
2015-09-30,36.78538,-119.77321,11.5,0.036,55.0,Fresno - Garland,23.235,36.100125166666665,9.074342545833334,1012.7541666666666,0.0,95.95833333333333
2015-10-01,36.78538,-119.77321,5.6,0.035,31.0,Fresno - Garland,22.049583333333334,44.35832379166666,8.6757200875,1012.8583333333332,0.06666666666666667,76.70833333333333
2015-10-02,36.78538,-119.77321,8.7,0.049,48.0,Fresno - Garland,21.289166666666667,57.19883179166666,9.2733725875,1014.2624999999999,0.0,3.125
2015-10-03,36.78538,-119.77321,9.3,0.066,51.0,Fresno - Garland,22.69541666666667,48.50505283333334,4.770347883333334,1006.3000000000001,0.0,0.0
2015-10-04,36.78538,-119.77321,8.7,0.047,48.0,Fresno - Garland,19.84958325,48.69941641666667,6.898188412500001,999.5958333333333,0.029166666666666664,25.416666666666668
2015-10-05,36.78538,-119.77321,6.5,0.053,36.0,Fresno - Garland,20.039166583333333,47.22814733333333,6.056124470833333,1007.4333333333334,0.0,21.833333333333332
2015-10-06,36.78538,-119.77321,7.3,0.059,41.0,Fresno - Garland,21.718333291666667,41.18824945833333,4.893244304166667,1015.3041666666667,0.0,4.166666666666667
2015-10-07,36.78538,-119.77321,11.3,0.069,55.0,Fresno - Garland,23.174583333333334,46.13323820833333,5.0611724375,1017.8958333333334,0.0,26.5
2015-10-08,36.78538,-119.77321,14.1,0.074,60.0,Fresno - Garland,25.310000000000002,43.30518870833333,5.3679625458333335,1017.7583333333333,0.0,88.125
2015-10-09,36.78538,-119.77321,18.7,0.086,69.0,Fresno - Garland,26.430833333333336,37.759131708333335,6.1444536916666666,1015.8166666666666,0.0,50.541666666666664
2015-10-10,36.78538,-119.77321,14.0,0.087,60.0,Fresno - Garland,27.028750000000002,31.638919875,5.358481854166667,1013.8791666666666,0.0,0.0
2015-10-11,36.78538,-119.77321,7.5,0.063,42.0,Fresno - Garland,26.841250000000002,39.04848929166666,7.10841335,1013.275,0.0,0.4583333333333333
2015-10-12,36.78538,-119.77321,12.3,0.069,57.0,Fresno - Garland,26.376666666666665,36.643521125,5.120789825,1013.1374999999999,0.0,0.0
2015-10-13,36.78538,-119.77321,12.9,0.066,58.0,Fresno - Garland,27.295416666666668,31.132535083333334,5.434280191666667,1013.8125,0.0,3.0
2015-10-14,36.78538,-119.77321,11.0,0.055,55.0,Fresno - Garland,27.04125,29.527928541666668,3.8364910875000002,1013.8208333333333,0.0,49.375
2015-10-15,36.78538,-119.77321,11.3,0.065,55.0,Fresno - Garland,26.237083333333334,37.006207625,5.444527004166667,1012.275,0.0,82.58333333333333
2015-10-16,36.78538,-119.77321,12.3,0.054,57.0,Fresno - Garland,24.993333333333336,55.30133804166667,5.3314277375,1011.9,0.012500000000000002,63.875
2015-10-17,36.78538,-119.77321,10.1,0.046,53.0,Fresno - Garland,24.470416666666665,49.305749999999996,6.225235625,1011.3000000000001,0.016666666666666666,13.708333333333334
2015-10-18,36.78538,-119.77321,2.8,0.044,16.0,Fresno - Garland,20.264166666666668,68.51617920833333,11.778669941666665,1012.7875,0.38749999999999996,41.416666666666664
2015-10-19,36.78538,-119.77321,2.8,0.044,16.0,Fresno - Garland,20.264166666666668,68.51617920833333,11.778669941666665,1012.7875,0.38749999999999996,41.416666666666664
2015-10-20,36.78538,-119.77321,9.0,0.044,50.0,Fresno - Garland,18.907916541666665,58.847853791666665,6.550643441666666,1013.4583333333334,0.0,6.75
2015-10-21,36.78538,-119.77321,11.2,0.052,55.0,Fresno - Garland,19.416249875000002,52.61299654166667,4.5150450583333335,1013.1458333333334,0.0,0.041666666666666664
2015-10-22,36.78538,-119.77321,13.4,0.057,59.0,Fresno - Garland,20.343333333333334,46.06073425,5.016681016666666,1012.6999999999999,0.0,2.8333333333333335
2015-10-23,36.78538,-119.77321,13.1,0.052,58.0,Fresno - Garland,20.87666666666667,40.94684454166667,5.416696991666666,1013.9791666666666,0.0,30.416666666666668
2015-10-24,36.78538,-119.77321,17.5,0.053,67.0,Fresno - Garland,21.41208333333333,42.26938741666667,4.2731936125,1014.625,0.0,78.16666666666667
2015-10-25,36.78538,-119.77321,17.6,0.043,67.0,Fresno - Garland,22.220416666666665,36.639611458333334,5.2124411041666665,1012.9666666666667,0.0,93.08333333333333
2015-10-26,36.78538,-119.77321,14.2,0.05,61.0,Fresno - Garland,20.407916583333336,43.20699116666666,5.097134575,1014.1833333333334,0.0,14.791666666666666
2015-10-27,36.78538,-119.77321,18.0,0.051,68.0,Fresno - Garland,19.997499958333332,36.1717405,4.7950895625,1013.8249999999999,0.0,83.79166666666667
2015-10-28,36.78538,-119.77321,6.6,0.043,37.0,Fresno - Garland,20.5225,45.99494475,8.4286865875,1014.9791666666666,0.0375,80.83333333333333
2015-10-29,36.78538,-119.77321,10.3,0.034,53.0,Fresno - Garland,17.941249833333334,65.14218975,11.3828063125,1013.1625,0.0,2.4583333333333335
2015-10-30,36.78538,-119.77321,15.3,0.047,63.0,Fresno - Garland,17.41833325,43.258194583333335,5.4316694241666665,1014.0041666666666,0.0,0.0
2015-10-31,36.78538,-119.77321,12.9,0.054,58.0,Fresno - Garland,18.38499979166667,36.854509625,4.1981297458333335,1017.3375,0.0,0.0
2015-11-01,36.78538,-119.77321,10.0,0.049,53.0,Fresno - Garland,19.424583291666668,43.35579512500001,6.435226858333333,1017.6374999999999,0.0,2.1666666666666665
2015-11-02,36.78538,-119.77321,4.3,0.033,24.0,Fresno - Garland,16.182916458333334,68.53038658333334,10.259849391666666,1011.3291666666668,0.5541666666666667,55.166666666666664
2015-11-03,36.78538,-119.77321,4.9,0.032,27.0,Fresno - Garland,12.128749916666665,81.17741879166667,5.3074912916666666,1010.3249999999999,0.14583333333333334,68.125
2015-11-04,36.78538,-119.77321,11.7,0.027,56.0,Fresno - Garland,12.272499833333333,63.012509625,5.550740883333333,1013.5541666666667,0.0,11.958333333333334
2015-11-05,36.78538,-119.77321,15.2,0.031,62.0,Fresno - Garland,11.445416625,53.92098683333333,5.094739879166666,1021.5500000000001,0.0,37.5
2015-11-06,36.78538,-119.77321,20.9,0.029,73.0,Fresno - Garland,12.541249791666667,50.014864375,5.387081358333333,1023.8916666666668,0.0,0.08333333333333333
2015-11-07,36.78538,-119.77321,26.8,0.036,84.0,Fresno - Garland,13.530833125000001,51.975007,4.1489125375,1021.2666666666668,0.0,4.708333333333333
2015-11-08,36.78538,-119.77321,17.2,0.046,66.0,Fresno - Garland,13.197499841666668,57.39850725,4.961093066666667,1015.8291666666668,0.0,21.166666666666668
2015-11-09,36.78538,-119.77321,5.6,0.031,31.0,Fresno - Garland,13.337083208333333,70.76989179166667,9.2270838125,1014.2541666666666,0.22083333333333333,61.125
2015-11-10,36.78538,-119.77321,7.3,0.034,41.0,Fresno - Garland,9.7204164875,80.95329475,5.954298770833333,1018.9291666666667,0.10416666666666667,58.916666666666664
2015-11-11,36.78538,-119.77321,17.0,0.033,66.0,Fresno - Garland,9.870416429166667,72.08595795833334,4.8485677375,1027.4916666666666,0.0,8.333333333333334
2015-11-12,36.78538,-119.77321,22.5,0.03,76.0,Fresno - Garland,10.087083162499999,71.44329620833334,6.3561537249999995,1024.3625,0.0,0.0
2015-11-13,36.78538,-119.77321,31.4,0.031,93.0,Fresno - Garland,11.5183332375,63.40031270833333,4.595978133333333,1019.3833333333333,0.0,0.0
2015-11-14,36.78538,-119.77321,41.9,0.039,117.0,Fresno - Garland,12.209999949999998,64.58166304166666,4.809652745833334,1014.9958333333334,0.0,4.208333333333333
2015-11-15,36.78538,-119.77321,29.5,0.025,89.0,Fresno - Garland,11.212083241666667,61.57828845833333,7.332552354166666,1010.6833333333334,0.46249999999999997,31.958333333333332
2015-11-16,36.78538,-119.77321,5.2,0.028,29.0,Fresno - Garland,8.657916608333332,66.25189333333334,15.780826504166667,1016.4791666666666,0.15833333333333335,14.75
2015-11-17,36.78538,-119.77321,13.4,0.028,59.0,Fresno - Garland,8.284999866666666,51.59894491666666,5.4708312958333325,1025.3875,0.0,22.041666666666668
2015-11-18,36.78538,-119.77321,25.0,0.029,81.0,Fresno - Garland,9.230833258333334,56.148959166666664,3.288291945833333,1024.0125,0.0,64.29166666666667
2015-11-19,36.78538,-119.77321,23.7,0.03,78.0,Fresno - Garland,10.7974998375,76.43631554166667,3.03090135,1020.8458333333333,0.0,31.416666666666668
2015-11-20,36.78538,-119.77321,28.7,0.032,88.0,Fresno - Garland,12.232916466666666,76.99801779166667,4.052434016666667,1018.8916666666668,0.0,37.041666666666664
2015-11-21,36.78538,-119.77321,34.3,0.043,98.0,Fresno - Garland,13.389166445833332,72.94967291666667,4.306962829166666,1017.8708333333334,0.0,11.625
2015-11-22,36.78538,-119.77321,37.8,0.039,107.0,Fresno - Garland,14.0058332375,69.51494133333334,4.972002720833333,1016.0541666666667,0.0,20.0
2015-11-23,36.78538,-119.77321,24.8,0.046,80.0,Fresno - Garland,15.264166666666668,56.185711125000005,5.230657141666667,1012.0708333333333,0.0,25.625
2015-11-24,36.78538,-119.77321,18.5,0.033,69.0,Fresno - Garland,12.982916533333333,67.25199825,7.209963608333333,1012.0666666666666,0.004166666666666667,24.25
2015-11-25,36.78538,-119.77321,13.1,0.03,58.0,Fresno - Garland,8.857916558333335,75.71060341666667,7.3559979916666665,1012.7624999999999,0.23750000000000002,43.125
2015-11-26,36.78538,-119.77321,19.3,0.031,70.0,Fresno - Garland,6.709999799999999,67.446006,5.791134408333334,1016.7333333333332,0.0,29.875
2015-11-27,36.78538,-119.77321,18.6,0.024,69.0,Fresno - Garland,6.9579165375,59.64917858333334,6.5340830625,1018.4041666666667,0.0,26.666666666666668
2015-11-28,36.78538,-119.77321,20.8,0.025,73.0,Fresno - Garland,7.345416554166667,56.88658479166667,5.828659929166666,1019.6458333333334,0.0,24.791666666666668
2015-11-29,36.78538,-119.77321,25.2,0.023,81.0,Fresno - Garland,7.224583245833333,55.688712333333335,4.564435920833334,1020.9916666666667,0.0,4.5
2015-11-30,36.78538,-119.77321,21.6,0.028,74.0,Fresno - Garland,6.470416552083333,55.85592141666667,4.7849219375,1022.4541666666668,0.0,25.833333333333332
2015-12-01,36.78538,-119.77321,22.0,0.017,75.0,Fresno - Garland,7.230833325,61.904219000000005,4.874810804166667,1022.8958333333334,0.0,29.833333333333332
2015-12-02,36.78538,-119.77321,34.4,0.018,98.0,Fresno - Garland,8.299583191666667,59.91313675,3.8203689,1022.875,0.0,66.45833333333333
2015-12-03,36.78538,-119.77321,16.5,0.028,65.0,Fresno - Garland,10.645416616666667,59.05456883333333,7.421276541666667,1017.8416666666667,0.0,80.83333333333333
2015-12-04,36.78538,-119.77321,5.7,0.03,32.0,Fresno - Garland,11.9974998625,70.84788433333334,10.9304998875,1019.8249999999999,0.07083333333333335,44.916666666666664
2015-12-05,36.78538,-119.77321,21.7,0.021,74.0,Fresno - Garland,9.368333179166667,71.65380412500001,4.540637908333333,1024.5083333333334,0.0,52.708333333333336
2015-12-06,36.78538,-119.77321,30.4,0.019,91.0,Fresno - Garland,10.8183331875,59.56380529166666,5.137554908333333,1024.6583333333333,0.0,77.41666666666667
2015-12-07,36.78538,-119.77321,24.8,0.027,80.0,Fresno - Garland,12.332916583333335,56.78812908333333,4.819383516666666,1024.7333333333333,0.0,85.41666666666667
2015-12-08,36.78538,-119.77321,29.6,0.021,89.0,Fresno - Garland,11.934999708333335,73.57215483333333,4.775897541666667,1023.3833333333333,0.0,92.33333333333333
2015-12-09,36.78538,-119.77321,27.3,0.026,85.0,Fresno - Garland,10.9516665,87.67758695833334,4.58892185,1021.3166666666666,0.0,99.29166666666667
2015-12-10,36.78538,-119.77321,27.9,0.012,86.0,Fresno - Garland,10.29333315,78.46472025,6.629701,1015.5666666666666,0.12916666666666665,93.20833333333333
2015-12-11,36.78538,-119.77321,11.5,0.031,55.0,Fresno - Garland,9.405833066666666,86.52754041666667,7.405874799999999,1011.6083333333332,0.33749999999999997,71.33333333333333
2015-12-12,36.78538,-119.77321,20.2,0.025,72.0,Fresno - Garland,8.437083216666666,74.40452054166667,6.168085041666667,1017.2541666666666,0.0,2.5416666666666665
2015-12-13,36.78538,-119.77321,15.7,0.024,63.0,Fresno - Garland,7.116249866666667,76.37956154166666,8.454752416666667,1019.8083333333334,0.24583333333333335,34.25
2015-12-14,36.78538,-119.77321,7.4,0.026,41.0,Fresno - Garland,5.187083208333333,83.34208591666666,8.992255345833334,1016.3458333333333,0.0375,21.041666666666668
2015-12-15,36.78538,-119.77321,18.9,0.023,69.0,Fresno - Garland,5.8183332666666665,58.88080204166667,6.19505205,1019.2958333333332,0.0,0.125
2015-12-16,36.78538,-119.77321,28.2,0.022,87.0,Fresno - Garland,4.893333304166666,61.320067333333334,4.901414787499999,1023.4583333333334,0.0,18.958333333333332
2015-12-17,36.78538,-119.77321,35.5,0.02,101.0,Fresno - Garland,5.691249945833333,63.207120083333336,3.2535395791666666,1024.9166666666667,0.0,43.125
2015-12-18,36.78538,-119.77321,24.9,0.022,80.0,Fresno - Garland,6.409999904166667,68.29790241666667,3.62003973625,1021.0166666666668,0.0,1.875
2015-12-19,36.78538,-119.77321,24.2,0.01,79.0,Fresno - Garland,6.0766666375,80.24878883333334,5.3097374125,1014.6291666666666,0.23750000000000002,48.166666666666664
2015-12-20,36.78538,-119.77321,14.4,0.019,61.0,Fresno - Garland,6.6120833125,87.82825633333334,5.282662954166667,1020.5124999999999,0.02916666666666667,60.041666666666664
2015-12-21,36.78538,-119.77321,7.3,0.023,41.0,Fresno - Garland,9.099583241666666,65.02574045833333,7.499107141666666,1022.75,0.016666666666666666,99.41666666666667
2015-12-22,36.78538,-119.77321,2.3,0.025,13.0,Fresno - Garland,11.718333041666668,91.86282129166666,9.401166904166667,1011.775,0.8708333333333332,99.66666666666667
2015-12-23,36.78538,-119.77321,4.7,0.029,26.0,Fresno - Garland,10.714166529166667,82.65811670833334,13.4889278125,1011.8708333333334,0.049999999999999996,64.29166666666667
2015-12-24,36.78538,-119.77321,15.1,0.016,62.0,Fresno - Garland,6.972499941666666,72.183855,9.654510304166667,1014.8791666666666,0.1416666666666667,40.666666666666664
2015-12-25,36.78538,-119.77321,15.6,0.029,63.0,Fresno - Garland,3.8037499227500002,84.30350425,5.7201191625000005,1019.2916666666666,0.09166666666666667,24.166666666666668
2015-12-26,36.78538,-119.77321,24.7,0.017,80.0,Fresno - Garland,3.824583291666667,67.62026595833333,5.555569754166666,1026.95,0.0,0.7083333333333334
2015-12-27,36.78538,-119.77321,30.1,0.017,90.0,Fresno - Garland,3.9745833058333333,58.89108754166667,4.824322299166667,1026.3791666666668,0.0,9.625
2015-12-28,36.78538,-119.77321,18.8,0.023,69.0,Fresno - Garland,4.939166591666667,70.92103891666666,6.78037475,1018.3208333333333,0.03333333333333333,64.54166666666667
2015-12-29,36.78538,-119.77321,89.6,0.024,175.0,Fresno - Garland,3.7287500191666667,79.44477216666667,4.254843376666667,1017.6999999999999,0.0,24.416666666666668
2015-12-30,36.78538,-119.77321,27.1,0.022,85.0,Fresno - Garland,4.251666684916667,76.6793725,4.078672829166667,1023.2125,0.0,11.208333333333334
2015-12-31,36.78538,-119.77321,27.1,0.022,85.0,Fresno - Garland,4.251666684916667,76.6793725,4.078672829166667,1023.2125,0.0,11.208333333333334
2016-01-01,36.78538,-119.77321,47.9,0.025,132.0,Fresno - Garland,4.984999993333333,72.76102483333334,4.993255016666667,1020.5,0.0,2.0
2016-01-02,36.78538,-119.77321,41.8,0.019,117.0,Fresno - Garland,7.291249775,64.79589141666666,3.61044775,1019.0458333333332,0.0,88.41666666666667
2016-01-03,36.78538,-119.77321,29.8,0.024,90.0,Fresno - Garland,7.837083220833333,64.77674541666666,4.0453657708333335,1013.9333333333334,0.0,77.16666666666667
2016-01-04,36.78538,-119.77321,34.3,0.007,98.0,Fresno - Garland,8.191249845833333,73.21957879166666,5.2397893458333336,1008.7833333333333,0.04583333333333333,94.375
2016-01-05,36.78538,-119.77321,11.1,0.023,55.0,Fresno - Garland,9.822499666666667,86.67590704166666,12.128157625,1006.8791666666666,0.7374999999999999,85.625
2016-01-06,36.78538,-119.77321,4.2,0.031,23.0,Fresno - Garland,8.028749895833334,92.11181412500001,11.779144879166665,1010.1833333333334,0.6041666666666666,81.75
2016-01-07,36.78538,-119.77321,4.4,0.034,24.0,Fresno - Garland,7.674583258333333,86.64580808333334,10.115986925,1010.8541666666666,0.16666666666666666,83.66666666666667
2016-01-08,36.78538,-119.77321,13.4,0.016,59.0,Fresno - Garland,6.9120831874999995,81.874247625,5.7784009958333336,1017.4291666666667,0.0,38.958333333333336
2016-01-09,36.78538,-119.77321,10.4,0.029,53.0,Fresno - Garland,7.5349998750000005,79.02395299999999,4.70752044875,1021.1958333333333,0.02916666666666667,96.5
2016-01-10,36.78538,-119.77321,15.1,0.032,62.0,Fresno - Garland,9.382916445833333,81.057292375,3.0872262916666666,1021.5166666666668,0.09583333333333333,73.95833333333333
2016-01-11,36.78538,-119.77321,16.3,0.024,64.0,Fresno - Garland,8.855833233333334,79.10772766666666,4.2854699875,1025.0958333333333,0.0,66.08333333333333
2016-01-12,36.78538,-119.77321,23.7,0.015,78.0,Fresno - Garland,8.295416608333333,76.66229604166666,5.998065279166667,1025.0375000000001,0.0,52.333333333333336
2016-01-13,36.78538,-119.77321,10.2,0.028,53.0,Fresno - Garland,9.709999954166667,69.97085545833333,7.0131516708333335,1020.8041666666667,0.15,83.0
2016-01-14,36.78538,-119.77321,11.4,0.011,55.0,Fresno - Garland,8.722499933333333,80.73527341666666,7.3926524250000005,1021.1833333333334,0.0,51.083333333333336
2016-01-15,36.78538,-119.77321,14.0,0.034,60.0,Fresno - Garland,10.407916529166666,78.9014575,5.855387977916667,1018.5124999999999,0.1708333333333333,73.66666666666667
2016-01-16,36.78538,-119.77321,16.8,0.031,65.0,Fresno - Garland,9.978749704166667,81.468366875,4.561776291666667,1021.7166666666667,0.0375,79.0
2016-01-17,36.78538,-119.77321,15.5,0.027,63.0,Fresno - Garland,10.437083225,81.43016266666667,5.9036284750000005,1021.5791666666668,0.0,72.70833333333333
2016-01-18,36.78538,-119.77321,7.5,0.023,42.0,Fresno - Garland,12.332916541666668,83.23810441666667,6.809552441666667,1020.2333333333332,0.42083333333333334,93.29166666666667
2016-01-19,36.78538,-119.77321,10.7,0.028,54.0,Fresno - Garland,10.680833158333334,89.47168020833334,9.550152365416666,1020.4958333333334,1.0666666666666667,97.66666666666667
2016-01-20,36.78538,-119.77321,8.3,0.023,46.0,Fresno - Garland,10.501666508333333,91.83760712499999,5.984833970833333,1022.4583333333334,0.008333333333333333,77.58333333333333
2016-01-21,36.78538,-119.77321,14.4,0.011,61.0,Fresno - Garland,10.914166495833333,82.39157083333333,4.212275545,1022.9916666666667,0.0,86.625
2016-01-22,36.78538,-119.77321,9.0,0.024,50.0,Fresno - Garland,11.0099999875,77.40239883333334,7.101432125,1019.0500000000001,0.03333333333333333,97.04166666666667
2016-01-23,36.78538,-119.77321,8.6,0.035,48.0,Fresno - Garland,11.870416458333333,82.92345241666666,9.729792766666668,1017.1583333333333,0.5125000000000001,87.75
2016-01-24,36.78538,-119.77321,9.3,0.033,51.0,Fresno - Garland,9.134999825,81.10567754166667,8.473235687499999,1020.6999999999999,0.0,29.166666666666668
2016-01-25,36.78538,-119.77321,16.7,0.018,65.0,Fresno - Garland,9.049583229166666,80.299855875,5.8062468124999995,1023.2166666666667,0.0,15.666666666666666
2016-01-26,36.78538,-119.77321,12.7,0.026,58.0,Fresno - Garland,9.170416483333334,81.6126525,3.9469906875,1025.6375,0.0,10.125
2016-01-27,36.78538,-119.77321,17.6,0.017,67.0,Fresno - Garland,9.7120831375,80.06046941666666,3.2424216125,1026.2791666666667,0.0,88.95833333333333
2016-01-28,36.78538,-119.77321,17.6,0.017,67.0,Fresno - Garland,9.7120831375,80.06046941666666,3.2424216125,1026.2791666666667,0.0,88.95833333333333
2016-01-29,36.78538,-119.77321,35.2,0.024,100.0,Fresno - Garland,11.159999866666666,80.76388058333333,4.4055096375,1022.4791666666666,0.0,80.04166666666667
2016-01-30,36.78538,-119.77321,14.7,0.029,61.0,Fresno - Garland,11.812083166666667,85.575821125,6.682718333333334,1016.5833333333334,0.1625,80.375
2016-01-31,36.78538,-119.77321,3.2,0.031,18.0,Fresno - Garland,9.0849997375,85.81948733333333,11.397950025,1011.0291666666667,0.8166666666666668,98.58333333333333
2016-02-01,36.78538,-119.77321,5.7,0.029,32.0,Fresno - Garland,6.620416583333333,59.05496333333334,14.853567166666666,1012.9791666666666,0.004166666666666667,31.333333333333332
2016-02-02,36.78538,-119.77321,17.7,0.023,67.0,Fresno - Garland,4.749583277208333,67.38002845833334,5.711392475,1024.5458333333333,0.0,43.083333333333336
2016-02-03,36.78538,-119.77321,24.1,0.031,79.0,Fresno - Garland,6.420416575,66.70242345833334,4.7506632458333335,1027.3166666666666,0.0,58.833333333333336
2016-02-04,36.78538,-119.77321,22.2,0.027,75.0,Fresno - Garland,7.38499985,71.57779045833333,4.3095811529166665,1029.9083333333333,0.0,51.125
2016-02-05,36.78538,-119.77321,22.5,0.026,76.0,Fresno - Garland,8.712083283333333,78.48869091666667,4.431158875,1029.3708333333334,0.0,47.666666666666664
2016-02-06,36.78538,-119.77321,24.9,0.03,80.0,Fresno - Garland,9.284999929166666,79.19845058333333,5.901714675,1028.6625000000001,0.0,22.5
2016-02-07,36.78538,-119.77321,33.0,0.038,96.0,Fresno - Garland,10.803749933333334,78.87160841666666,4.6984218208333335,1025.2041666666667,0.0,2.5833333333333335
2016-02-08,36.78538,-119.77321,24.8,0.04,80.0,Fresno - Garland,11.666249841666668,73.656367875,6.231365808333333,1023.2083333333334,0.0,6.625
2016-02-09,36.78538,-119.77321,13.2,0.034,59.0,Fresno - Garland,12.628749916666665,71.34740179166667,5.274923766666666,1022.5333333333333,0.0,19.083333333333332
2016-02-10,36.78538,-119.77321,13.2,0.034,59.0,Fresno - Garland,12.628749916666665,71.34740179166667,5.274923766666666,1022.5333333333333,0.0,19.083333333333332
2016-02-11,36.78538,-119.77321,27.0,0.036,84.0,Fresno - Garland,12.826666541666667,77.79104687499999,4.031670275,1020.8333333333334,0.0,53.333333333333336
2016-02-12,36.78538,-119.77321,25.0,0.034,81.0,Fresno - Garland,13.1683332625,75.60145633333333,4.843362445833333,1020.9916666666667,0.0,85.66666666666667
2016-02-13,36.78538,-119.77321,42.2,0.03,117.0,Fresno - Garland,12.86833325,79.461962125,5.973759677916667,1021.7208333333333,0.0,61.0
2016-02-14,36.78538,-119.77321,43.8,0.038,121.0,Fresno - Garland,13.280833125000001,74.72126725,4.6253437987499995,1023.0833333333334,0.0,40.166666666666664
2016-02-15,36.78538,-119.77321,34.8,0.041,99.0,Fresno - Garland,13.503749958333332,76.35358695833334,4.425268520833334,1020.9208333333332,0.0,47.375
2016-02-16,36.78538,-119.77321,33.2,0.048,96.0,Fresno - Garland,14.914166541666667,75.43270479166667,4.236471966666667,1015.85,0.0,30.333333333333332
2016-02-17,36.78538,-119.77321,11.6,0.032,56.0,Fresno - Garland,14.830833166666666,72.79535383333334,9.3173333875,1007.2624999999999,0.024999999999999998,81.79166666666667
2016-02-18,36.78538,-119.77321,4.9,0.037,27.0,Fresno - Garland,13.376666499999999,69.80552412499999,12.715564704166667,1010.3041666666667,0.3625,68.29166666666667
2016-02-19,36.78538,-119.77321,10.1,0.043,53.0,Fresno - Garland,10.901666545833335,64.5270385,5.6459834375,1018.275,0.0,13.416666666666666
2016-02-20,36.78538,-119.77321,10.5,0.03,54.0,Fresno - Garland,10.451666625,74.33728666666667,7.287820133333334,1021.7125,0.0,49.958333333333336
2016-02-21,36.78538,-119.77321,14.9,0.033,62.0,Fresno - Garland,10.632916608333334,79.265538,6.4467917875,1022.3541666666666,0.0,45.375
2016-02-22,36.78538,-119.77321,14.2,0.035,61.0,Fresno - Garland,11.532916558333334,73.95143758333333,7.213520116666667,1022.3249999999999,0.0,46.791666666666664
2016-02-23,36.78538,-119.77321,23.3,0.044,77.0,Fresno - Garland,12.964166462499998,68.941969375,4.49943705,1018.15,0.0,70.95833333333333
2016-02-24,36.78538,-119.77321,23.0,0.048,77.0,Fresno - Garland,13.926666641666666,67.79973566666666,4.703739995833334,1018.725,0.0,30.041666666666668
2016-02-25,36.78538,-119.77321,15.3,0.045,63.0,Fresno - Garland,14.220416566666666,66.63254291666667,4.584035129166667,1019.2666666666668,0.0,10.416666666666666
2016-02-26,36.78538,-119.77321,12.0,0.054,56.0,Fresno - Garland,15.168333187499998,69.342150375,4.671286483333334,1018.5666666666666,0.0,49.958333333333336
2016-02-27,36.78538,-119.77321,11.9,0.039,56.0,Fresno - Garland,15.439166583333332,70.84212029166666,8.040597941666666,1019.8041666666667,0.0,40.25
2016-02-28,36.78538,-119.77321,12.5,0.031,57.0,Fresno - Garland,14.353749833333334,70.13828845833334,6.379951383333334,1020.1125000000001,0.0,62.833333333333336
2016-02-29,36.78538,-119.77321,12.6,0.039,58.0,Fresno - Garland,14.112083166666666,68.15381608333333,6.115202733333334,1020.8249999999999,0.0,51.0
2016-03-01,36.78538,-119.77321,22.6,0.05,76.0,Fresno - Garland,15.920416541666667,61.93141079166667,4.84806031125,1019.5625,0.0,61.125
2016-03-02,36.78538,-119.77321,20.8,0.045,73.0,Fresno - Garland,15.889166583333333,62.5934995,4.979796133333333,1018.3041666666667,0.0,53.791666666666664
2016-03-03,36.78538,-119.77321,7.5,0.034,42.0,Fresno - Garland,15.56208325,65.39957295833334,6.051167408333334,1017.7458333333334,0.0,98.54166666666667
2016-03-04,36.78538,-119.77321,19.1,0.038,70.0,Fresno - Garland,15.984999833333333,73.64470675,5.778291654166666,1016.1791666666667,0.0,88.5
2016-03-05,36.78538,-119.77321,9.6,0.025,52.0,Fresno - Garland,15.647499958333334,85.68229358333333,9.125135158333334,1014.4,0.5,98.16666666666667
2016-03-06,36.78538,-119.77321,5.2,0.043,29.0,Fresno - Garland,13.599583166666667,82.386396625,12.871797616666667,1012.3208333333333,1.2541666666666667,70.29166666666667
2016-03-07,36.78538,-119.77321,2.7,0.04,15.0,Fresno - Garland,10.964166458333333,74.575327,10.722563270833334,1010.8249999999999,0.7374999999999999,80.91666666666667
2016-03-08,36.78538,-119.77321,8.7,0.035,48.0,Fresno - Garland,9.8620832125,78.92334220833334,7.392548458333334,1015.3666666666667,0.0375,38.416666666666664
2016-03-09,36.78538,-119.77321,17.9,0.043,67.0,Fresno - Garland,12.126666445833335,70.11265733333333,5.652593479166666,1019.1958333333333,0.0,42.916666666666664
2016-03-10,36.78538,-119.77321,15.4,0.035,63.0,Fresno - Garland,14.682916525000001,70.80451391666666,5.3126969375,1017.7666666666668,0.0,42.458333333333336
2016-03-11,36.78538,-119.77321,8.5,0.031,47.0,Fresno - Garland,14.641249916666666,75.042185625,7.520523670833334,1011.4958333333334,0.33749999999999997,94.20833333333333
2016-03-12,36.78538,-119.77321,5.6,0.037,31.0,Fresno - Garland,11.049583125,83.09576095833333,3.0749301166666663,1019.1750000000001,0.3416666666666666,81.25
2016-03-13,36.78538,-119.77321,4.9,0.032,27.0,Fresno - Garland,12.330833125,76.158227,6.986162883333333,1020.6291666666666,0.18333333333333335,97.45833333333333
2016-03-14,36.78538,-119.77321,3.0,0.04,17.0,Fresno - Garland,13.366249916666668,84.49615825,11.880610029166666,1019.7208333333333,0.14166666666666666,92.33333333333333
2016-03-15,36.78538,-119.77321,5.1,0.037,28.0,Fresno - Garland,11.541249920833332,69.28107641666666,10.104950275,1022.5208333333334,0.0,60.5
2016-03-16,36.78538,-119.77321,10.2,0.048,53.0,Fresno - Garland,13.684999916666667,63.96646391666667,6.575968745833333,1018.8416666666667,0.0,14.583333333333334
2016-03-17,36.78538,-119.77321,13.7,0.052,60.0,Fresno - Garland,14.849583208333334,73.878039,4.601728236666667,1014.2166666666667,0.0,17.75
2016-03-18,36.78538,-119.77321,9.7,0.047,52.0,Fresno - Garland,16.218333125,74.56800583333333,5.590620524999999,1012.8458333333333,0.0,23.291666666666668
2016-03-19,36.78538,-119.77321,9.9,0.052,52.0,Fresno - Garland,16.257916625,75.06447108333333,6.190978029166666,1014.7333333333332,0.0,94.83333333333333
2016-03-20,36.78538,-119.77321,3.1,0.05,17.0,Fresno - Garland,16.901666458333334,74.543733,4.6205535875,1015.8249999999999,0.0,62.833333333333336
2016-03-21,36.78538,-119.77321,4.0,0.038,22.0,Fresno - Garland,16.21208329166667,77.78306879166666,6.9471410125,1017.625,0.03333333333333333,76.58333333333333
2016-03-22,36.78538,-119.77321,5.5,0.04,31.0,Fresno - Garland,12.916249791666667,67.52440529166667,13.705289979166666,1020.0166666666668,0.008333333333333333,34.75
2016-03-23,36.78538,-119.77321,8.7,0.038,48.0,Fresno - Garland,12.149583270833332,58.03377054166666,8.673253891666667,1023.0791666666668,0.0,35.666666666666664
2016-03-24,36.78538,-119.77321,10.2,0.041,53.0,Fresno - Garland,13.751666458333332,60.148407125,6.67972925,1023.4708333333333,0.0,22.916666666666668
2016-03-25,36.78538,-119.77321,6.2,0.043,34.0,Fresno - Garland,15.122499833333334,69.72871970833333,7.428716225,1017.4083333333333,0.0,35.0
2016-03-26,36.78538,-119.77321,8.5,0.051,47.0,Fresno - Garland,15.90583325,62.64751208333333,6.550890875,1013.0375,0.0,3.9166666666666665
2016-03-27,36.78538,-119.77321,7.7,0.051,43.0,Fresno - Garland,16.049583333333334,63.89141245833333,5.918359665833333,1015.3208333333333,0.0,31.208333333333332
2016-03-28,36.78538,-119.77321,5.1,0.043,28.0,Fresno - Garland,14.718333208333334,52.23580620833334,14.889768250000001,1012.6333333333333,0.0375,57.708333333333336
2016-03-29,36.78538,-119.77321,7.0,0.041,39.0,Fresno - Garland,10.92249985,52.1599985,6.01256617375,1011.2708333333334,0.008333333333333333,17.208333333333332
2016-03-30,36.78538,-119.77321,4.9,0.043,27.0,Fresno - Garland,12.220416516666667,51.18960958333333,6.01417729875,1012.9625,0.0,18.333333333333332
2016-03-31,36.78538,-119.77321,6.1,0.046,34.0,Fresno - Garland,14.424583291666666,57.32093070833333,4.2327058541666664,1017.125,0.0,19.125
2016-04-01,36.78538,-119.77321,7.3,0.05,41.0,Fresno - Garland,16.266249875,60.53233495833334,5.576304079166667,1018.7833333333333,0.0,6.791666666666667
2016-04-02,36.78538,-119.77321,9.2,0.055,51.0,Fresno - Garland,18.049583333333334,61.082482999999996,5.286414266666667,1019.6041666666666,0.0,1.5
2016-04-03,36.78538,-119.77321,11.4,0.056,55.0,Fresno - Garland,19.847499916666667,53.929001,3.5282776916666667,1016.9125,0.0,52.833333333333336
2016-04-04,36.78538,-119.77321,4.8,0.045,27.0,Fresno - Garland,19.62458325,53.93101570833333,9.616850529166667,1018.3458333333333,0.0,35.375
2016-04-05,36.78538,-119.77321,10.0,0.058,53.0,Fresno - Garland,18.876666583333336,51.63938891666667,8.510123495833334,1020.3249999999999,0.0,0.0
2016-04-06,36.78538,-119.77321,10.0,0.058,53.0,Fresno - Garland,18.876666583333336,51.63938891666667,8.510123495833334,1020.3249999999999,0.0,0.0
2016-04-07,36.78538,-119.77321,14.7,0.061,61.0,Fresno - Garland,22.745416625,44.36201404166667,5.630245208333334,1012.6999999999999,0.0,98.91666666666667
2016-04-08,36.78538,-119.77321,10.5,0.036,54.0,Fresno - Garland,20.54958325,53.007225125,4.741472170833333,1010.1583333333333,0.0,89.95833333333333
2016-04-09,36.78538,-119.77321,1.0,0.031,6.0,Fresno - Garland,16.749583208333334,82.57156233333333,6.069541816666667,1011.8333333333334,1.4083333333333332,99.41666666666667
2016-04-10,36.78538,-119.77321,1.6,0.035,9.0,Fresno - Garland,15.37458325,77.59146887499999,7.266254866666666,1010.9708333333333,0.0,86.125
2016-04-11,36.78538,-119.77321,4.2,0.042,23.0,Fresno - Garland,15.841249875,72.820020375,7.341455283333333,1015.6958333333333,0.0,64.29166666666667
2016-04-12,36.78538,-119.77321,5.3,0.043,29.0,Fresno - Garland,16.849583166666665,70.12355358333333,6.716427595833333,1019.3791666666666,0.0,38.666666666666664
2016-04-13,36.78538,-119.77321,6.1,0.053,34.0,Fresno - Garland,16.139166541666665,67.03367083333333,11.937097375,1020.2416666666667,0.0,41.583333333333336
2016-04-14,36.78538,-119.77321,5.5,0.05,31.0,Fresno - Garland,15.399583208333333,55.85211054166667,13.984043691666665,1017.3791666666666,0.0,37.291666666666664
2016-04-15,36.78538,-119.77321,4.3,0.046,24.0,Fresno - Garland,14.570416375,50.493193416666664,18.387026041666665,1016.3458333333333,0.0,3.0416666666666665
2016-04-16,36.78538,-119.77321,10.5,0.062,54.0,Fresno - Garland,16.568333241666668,43.3022335,7.474971125,1017.225,0.0,0.0
2016-04-17,36.78538,-119.77321,9.5,0.065,52.0,Fresno - Garland,19.3975,45.578049291666666,5.948900845833333,1016.5500000000001,0.0,0.0
2016-04-18,36.78538,-119.77321,6.8,0.069,38.0,Fresno - Garland,21.89333320833333,42.14117975,4.924307045833333,1015.7041666666668,0.0,14.833333333333334
2016-04-19,36.78538,-119.77321,10.1,0.074,53.0,Fresno - Garland,22.716249958333332,41.49141216666667,4.124099265416667,1014.0541666666667,0.0,69.29166666666667
2016-04-20,36.78538,-119.77321,8.6,0.073,48.0,Fresno - Garland,23.76833333333333,30.545818708333332,3.8710749,1011.7541666666666,0.0,43.0
2016-04-21,36.78538,-119.77321,4.0,0.064,22.0,Fresno - Garland,21.045416541666665,40.670175375,6.214643966666667,1010.975,0.0,83.66666666666667
2016-04-22,36.78538,-119.77321,3.9,0.043,22.0,Fresno - Garland,19.999583333333334,51.99964433333333,10.412889195833333,1010.6166666666667,0.12916666666666665,32.541666666666664
2016-04-23,36.78538,-119.77321,3.3,0.054,18.0,Fresno - Garland,14.022499833333333,66.906132625,11.131067929166667,1018.9041666666667,0.1875,16.958333333333332
2016-04-24,36.78538,-119.77321,3.9,0.046,22.0,Fresno - Garland,16.147499958333334,57.376179875,11.455747525,1016.2916666666666,0.0,46.5
2016-04-25,36.78538,-119.77321,4.1,0.048,23.0,Fresno - Garland,14.916249916666667,48.38206229166667,15.858818833333332,1013.0,0.0,36.125
2016-04-26,36.78538,-119.77321,6.9,0.05,38.0,Fresno - Garland,15.353749916666667,41.30252,7.61122375,1015.4208333333332,0.0,34.25
2016-04-27,36.78538,-119.77321,5.9,0.054,33.0,Fresno - Garland,16.547499958333333,44.222518208333334,10.771370108333334,1013.4083333333333,0.0,43.833333333333336
2016-04-28,36.78538,-119.77321,7.0,0.044,39.0,Fresno - Garland,14.118333333333332,68.92238454166666,9.9261216625,1010.3416666666667,0.05833333333333334,50.958333333333336
2016-04-29,36.78538,-119.77321,8.6,0.055,48.0,Fresno - Garland,17.54124991666667,54.90961083333334,5.588820237499999,1013.5291666666667,0.0,30.708333333333332
2016-04-30,36.78538,-119.77321,7.6,0.052,42.0,Fresno - Garland,18.88499991666667,44.89463933333334,10.283850816666666,1009.4208333333332,0.0,16.791666666666668
2016-05-01,36.78538,-119.77321,7.6,0.056,42.0,Fresno - Garland,20.707916625,39.713843458333336,6.3172668750000005,1009.1041666666666,0.0,10.125
2016-05-02,36.78538,-119.77321,6.2,0.062,34.0,Fresno - Garland,22.882916666666663,33.98293685416667,5.106212866666667,1013.2791666666667,0.012499999999999999,34.083333333333336
2016-05-03,36.78538,-119.77321,10.4,0.065,53.0,Fresno - Garland,23.087083333333336,36.76457091666666,3.751639419583333,1013.0291666666667,0.0,61.916666666666664
2016-05-04,36.78538,-119.77321,8.9,0.056,49.0,Fresno - Garland,23.143333333333334,44.11184645833333,5.141897058333333,1009.3874999999999,0.0,92.29166666666667
2016-05-05,36.78538,-119.77321,5.4,0.043,30.0,Fresno - Garland,19.87875,54.50821920833334,6.084136558333333,1009.4041666666667,0.0,83.04166666666667
2016-05-06,36.78538,-119.77321,7.1,0.038,39.0,Fresno - Garland,16.293333291666666,75.86470787500001,5.8884405625000005,1009.8625000000001,0.44166666666666665,78.375
2016-05-07,36.78538,-119.77321,7.9,0.043,44.0,Fresno - Garland,17.039166625,64.759784,4.400358616666667,1011.8583333333332,0.012499999999999999,85.875
2016-05-08,36.78538,-119.77321,5.4,0.047,30.0,Fresno - Garland,17.282916541666665,63.01075266666666,7.477521716666666,1012.9499999999999,0.0,49.416666666666664
2016-05-09,36.78538,-119.77321,7.9,0.053,44.0,Fresno - Garland,19.982916624999998,56.71561129166667,5.630797345833333,1012.5041666666666,0.0,25.958333333333332
2016-05-10,36.78538,-119.77321,6.6,0.06,37.0,Fresno - Garland,21.470416625,57.560889833333334,9.2581278125,1011.6666666666666,0.0,0.75
2016-05-11,36.78538,-119.77321,8.7,0.064,48.0,Fresno - Garland,23.216249958333332,50.870209458333335,7.8484306125,1012.7833333333333,0.0,16.0
2016-05-12,36.78538,-119.77321,11.2,0.076,55.0,Fresno - Garland,25.647499999999997,45.2601465,6.185696745833333,1013.0958333333333,0.0,5.208333333333333
2016-05-13,36.78538,-119.77321,10.5,0.067,54.0,Fresno - Garland,26.209999999999997,43.18259941666667,7.108071116666667,1011.475,0.0,18.583333333333332
2016-05-14,36.78538,-119.77321,4.0,0.042,22.0,Fresno - Garland,22.780833333333334,43.03844533333333,15.662130437499998,1013.1666666666666,0.008333333333333333,27.25
2016-05-15,36.78538,-119.77321,2.9,0.046,16.0,Fresno - Garland,21.06833333333333,50.29076654166667,15.236994708333334,1012.1166666666667,0.0,7.666666666666667
2016-05-16,36.78538,-119.77321,3.7,0.048,21.0,Fresno - Garland,21.876666625,45.502910125,12.319503500000001,1011.5500000000001,0.0,1.7083333333333333
2016-05-17,36.78538,-119.77321,5.9,0.057,33.0,Fresno - Garland,24.055833333333336,36.60656316666667,7.354901533333333,1010.2125,0.0,6.375
2016-05-18,36.78538,-119.77321,6.9,0.06,38.0,Fresno - Garland,26.497500000000002,32.15978595833334,6.495223379166667,1011.5166666666668,0.0,1.5
2016-05-19,36.78538,-119.77321,7.5,0.056,42.0,Fresno - Garland,27.16416666666667,29.516440666666668,6.4045965916666665,1008.6458333333334,0.0,6.333333333333333
2016-05-20,36.78538,-119.77321,3.7,0.044,21.0,Fresno - Garland,19.18083329166667,35.576863583333335,13.799098191666666,1007.2541666666666,0.0,73.04166666666667
2016-05-21,36.78538,-119.77321,3.4,0.042,19.0,Fresno - Garland,16.459999916666668,44.181331416666666,12.750481475,1012.9499999999999,0.0,18.583333333333332
2016-05-22,36.78538,-119.77321,3.8,0.046,21.0,Fresno - Garland,17.222499791666667,47.15536866666667,11.881646145833335,1016.3458333333333,0.0,13.166666666666666
2016-05-23,36.78538,-119.77321,3.7,0.045,21.0,Fresno - Garland,18.93916666666667,42.857869,13.215824666666668,1012.5458333333332,0.0,9.458333333333334
2016-05-24,36.78538,-119.77321,2.8,0.036,16.0,Fresno - Garland,18.9579165,47.80582866666666,10.366384425,1011.0916666666667,0.029166666666666664,33.25
2016-05-25,36.78538,-119.77321,5.0,0.043,28.0,Fresno - Garland,19.570416625,47.594856375,11.941404949999999,1015.2541666666666,0.0,57.791666666666664
2016-05-26,36.78538,-119.77321,5.9,0.051,33.0,Fresno - Garland,20.814166541666665,46.49938316666667,8.70918885,1016.4333333333334,0.004166666666666667,17.333333333333332
2016-05-27,36.78538,-119.77321,6.7,0.057,37.0,Fresno - Garland,23.649583333333336,42.666473583333335,7.816071629166667,1011.9333333333334,0.0,4.708333333333333
2016-05-28,36.78538,-119.77321,8.2,0.065,46.0,Fresno - Garland,25.807916666666667,34.001916625,7.606274825,1007.8541666666666,0.0,27.166666666666668
2016-05-29,36.78538,-119.77321,11.3,0.068,55.0,Fresno - Garland,27.405833333333334,30.139714625,6.198727791666666,1009.9,0.0,52.916666666666664
2016-05-30,36.78538,-119.77321,11.0,0.069,55.0,Fresno - Garland,27.520416666666666,30.260120125,9.031960270833332,1011.5708333333333,0.0,17.666666666666668
2016-05-31,36.78538,-119.77321,9.0,0.066,50.0,Fresno - Garland,29.51,26.501778479166664,8.195572879166667,1009.125,0.0,7.375
2016-06-01,36.78538,-119.77321,13.5,0.07,59.0,Fresno - Garland,31.01,25.850684708333333,6.897902604166667,1007.7291666666666,0.0,3.0833333333333335
2016-06-02,36.78538,-119.77321,9.0,0.074,50.0,Fresno - Garland,30.88083333333333,22.945712625,7.015420370833334,1010.5375,0.0,38.208333333333336
2016-06-03,36.78538,-119.77321,10.5,0.076,54.0,Fresno - Garland,30.918333333333333,21.479181083333334,7.200984582499999,1012.5916666666667,0.0,5.625
2016-06-04,36.78538,-119.77321,12.9,0.086,58.0,Fresno - Garland,32.21208333333333,20.898598625,5.7996895366666665,1010.2541666666666,0.0,58.041666666666664
2016-06-05,36.78538,-119.77321,10.3,0.078,53.0,Fresno - Garland,31.651666666666667,25.127807958333335,5.490488219583334,1008.4333333333334,0.0,12.416666666666666
2016-06-06,36.78538,-119.77321,7.8,0.068,43.0,Fresno - Garland,30.60166666666667,24.4469856875,9.688357058333333,1005.8249999999999,0.0,3.4166666666666665
2016-06-07,36.78538,-119.77321,8.9,0.058,49.0,Fresno - Garland,30.649583333333336,31.430080520833332,10.973196375,1007.0500000000001,0.0,7.833333333333333
2016-06-08,36.78538,-119.77321,5.4,0.058,30.0,Fresno - Garland,28.949583333333333,34.63992295833334,12.960118833333333,1009.0916666666667,0.0,43.958333333333336
2016-06-09,36.78538,-119.77321,5.8,0.066,32.0,Fresno - Garland,26.98708333333333,31.588207208333333,12.977512541666668,1009.6374999999999,0.0,54.333333333333336
2016-06-10,36.78538,-119.77321,5.4,0.05,30.0,Fresno - Garland,26.50375,29.55102325,12.775567666666667,1010.5583333333334,0.0,89.75
2016-06-11,36.78538,-119.77321,6.3,0.054,35.0,Fresno - Garland,25.168333333333333,27.835019812499997,11.2186324875,1010.475,0.0,78.95833333333333
2016-06-12,36.78538,-119.77321,7.5,0.059,42.0,Fresno - Garland,25.726666666666663,34.35593804166667,6.442012002916666,1011.8791666666666,0.012500000000000002,57.416666666666664
2016-06-13,36.78538,-119.77321,8.5,0.06,47.0,Fresno - Garland,26.61,35.71819183333333,5.798064075,1014.8958333333334,0.0,7.875
2016-06-14,36.78538,-119.77321,4.8,0.06,27.0,Fresno - Garland,24.251666666666665,29.465682708333333,14.240565208333335,1013.4083333333333,0.0,4.333333333333333
2016-06-15,36.78538,-119.77321,4.1,0.049,23.0,Fresno - Garland,20.939166625000002,33.37273925,15.324331041666667,1012.1166666666667,0.0,7.041666666666667
2016-06-16,36.78538,-119.77321,3.3,0.046,18.0,Fresno - Garland,20.3225,34.788089416666665,13.933566220833333,1016.1291666666666,0.0,0.0
2016-06-17,36.78538,-119.77321,4.5,0.055,25.0,Fresno - Garland,23.845416666666665,33.70992820833333,6.88020475,1015.7624999999999,0.0,0.2916666666666667
2016-06-18,36.78538,-119.77321,7.4,0.046,41.0,Fresno - Garland,25.491249999999997,38.838893166666665,10.2836643125,1016.725,0.0,10.375
2016-06-19,36.78538,-119.77321,5.3,0.062,29.0,Fresno - Garland,27.307916666666667,32.18555908333333,9.1497718875,1016.0625,0.0,5.333333333333333
2016-06-20,36.78538,-119.77321,5.5,0.061,31.0,Fresno - Garland,30.524583333333336,23.69487433333333,11.336994520833334,1013.5124999999999,0.0,7.541666666666667
2016-06-21,36.78538,-119.77321,5.8,0.076,32.0,Fresno - Garland,31.47458333333333,16.181143470833334,10.681811537500002,1013.2624999999999,0.0,0.0
2016-06-22,36.78538,-119.77321,9.4,0.071,52.0,Fresno - Garland,31.837083333333336,17.52314522083333,10.975084733333333,1010.8291666666668,0.0,0.0
2016-06-23,36.78538,-119.77321,3.7,0.066,21.0,Fresno - Garland,29.799583333333334,18.6538057625,13.4649755,1012.4916666666667,0.0,0.0
2016-06-24,36.78538,-119.77321,3.3,0.068,18.0,Fresno - Garland,28.6725,25.875711129166664,14.000875566666666,1013.8791666666666,0.0,0.0
2016-06-25,36.78538,-119.77321,7.0,0.075,39.0,Fresno - Garland,28.72458333333333,25.461527166666666,10.996411079166668,1011.8291666666668,0.0,0.0
2016-06-26,36.78538,-119.77321,10.1,0.074,53.0,Fresno - Garland,30.851666666666663,22.19399291666667,9.170939045833334,1010.8083333333334,0.0,14.916666666666666
2016-06-27,36.78538,-119.77321,8.3,0.082,46.0,Fresno - Garland,32.02041666666667,22.752640579166666,11.4048281375,1011.35,0.0,2.5416666666666665
2016-06-28,36.78538,-119.77321,6.4,0.077,36.0,Fresno - Garland,33.128750000000004,22.859491666666667,9.752550533333332,1011.0083333333333,0.0,12.75
2016-06-29,36.78538,-119.77321,4.7,0.069,26.0,Fresno - Garland,33.19958333333333,22.724543812500002,8.597484020833333,1009.9125,0.0,15.458333333333334
2016-06-30,36.78538,-119.77321,10.1,0.076,53.0,Fresno - Garland,30.870416666666667,26.467284458333335,9.884028091666666,1008.525,0.0,0.125
2016-07-01,36.78538,-119.77321,14.6,0.094,61.0,Fresno - Garland,31.89125,28.21144225,7.094361583333334,1006.8874999999999,0.0,0.08333333333333333
2016-07-02,36.78538,-119.77321,9.9,0.082,52.0,Fresno - Garland,32.04333333333333,28.166414166666666,7.336051370833334,1008.7416666666667,0.0,0.7916666666666666
2016-07-03,36.78538,-119.77321,11.6,0.071,56.0,Fresno - Garland,31.1725,30.548155875000003,7.962194037500001,1011.2541666666666,0.0,0.375
2016-07-04,36.78538,-119.77321,11.7,0.075,56.0,Fresno - Garland,30.676666666666666,29.462272208333335,10.198058825,1011.8125,0.0,0.0
2016-07-05,36.78538,-119.77321,7.4,0.06,41.0,Fresno - Garland,29.92458333333333,28.885841125,11.034859875,1011.3541666666666,0.0,0.8333333333333334
2016-07-06,36.78538,-119.77321,9.8,0.061,52.0,Fresno - Garland,28.39125,30.081244583333334,10.428421520833334,1010.8541666666666,0.0,0.0
2016-07-07,36.78538,-119.77321,4.2,0.059,23.0,Fresno - Garland,27.387083333333333,33.028104625000005,11.991616241666668,1011.25,0.0,0.0
2016-07-08,36.78538,-119.77321,3.2,0.057,18.0,Fresno - Garland,27.57875,33.64188875,11.995403708333333,1011.8125,0.0,16.166666666666668
2016-07-09,36.78538,-119.77321,1.0,0.033,6.0,Fresno - Garland,28.31625,34.97645975,13.120882333333334,1013.8208333333333,0.0,31.916666666666668
2016-07-10,36.78538,-119.77321,4.3,0.046,24.0,Fresno - Garland,26.32875,32.94631170833333,16.271510333333335,1014.2791666666667,0.0,0.0
2016-07-11,36.78538,-119.77321,6.8,0.062,38.0,Fresno - Garland,26.087083333333336,28.052964625,11.2532564125,1011.6999999999999,0.0,0.0
2016-07-12,36.78538,-119.77321,4.2,0.06,23.0,Fresno - Garland,27.862083333333334,26.33416475,10.3081835,1010.1750000000001,0.0,0.0
2016-07-13,36.78538,-119.77321,7.3,0.066,41.0,Fresno - Garland,28.768333333333334,26.690241916666665,9.964822991666667,1011.4666666666667,0.0,0.0
2016-07-14,36.78538,-119.77321,8.3,0.082,46.0,Fresno - Garland,31.220416666666665,24.021423625,7.7441461333333335,1011.8041666666667,0.0,0.0
2016-07-15,36.78538,-119.77321,10.7,0.09,54.0,Fresno - Garland,31.9725,22.577864541666667,7.812740929166666,1009.9541666666668,0.0,0.6666666666666666
2016-07-16,36.78538,-119.77321,8.8,0.081,49.0,Fresno - Garland,31.864166666666666,25.982458270833334,7.264624329166666,1008.1083333333332,0.0,3.9166666666666665
2016-07-17,36.78538,-119.77321,6.6,0.066,37.0,Fresno - Garland,30.53708333333333,28.838563750000002,6.862568666666667,1008.6208333333334,0.0,0.5
2016-07-18,36.78538,-119.77321,4.5,0.053,25.0,Fresno - Garland,28.126666666666665,30.543098291666666,9.31490585,1012.6208333333334,0.0,0.0
2016-07-19,36.78538,-119.77321,7.1,0.062,39.0,Fresno - Garland,27.62875,32.605003833333335,11.06079675,1014.3583333333332,0.0,0.0
2016-07-20,36.78538,-119.77321,6.3,0.069,35.0,Fresno - Garland,28.655833333333334,27.054681125000002,10.176930866666666,1013.7833333333333,0.0,0.0
2016-07-21,36.78538,-119.77321,5.5,0.07,31.0,Fresno - Garland,29.91208333333333,25.101395083333333,10.550664458333333,1013.3375,0.0,3.5833333333333335
2016-07-22,36.78538,-119.77321,5.4,0.063,30.0,Fresno - Garland,29.69125,24.334685345833332,12.609241345833333,1015.1374999999999,0.0,3.5416666666666665
2016-07-23,36.78538,-119.77321,7.5,0.081,42.0,Fresno - Garland,30.120416666666667,22.198289183333333,11.332785616666667,1012.0708333333333,0.0,0.0
2016-07-24,36.78538,-119.77321,10.0,0.075,53.0,Fresno - Garland,31.714166666666667,21.194988541666667,7.286952429166667,1008.2708333333334,0.0,0.0
2016-07-25,36.78538,-119.77321,13.8,0.085,60.0,Fresno - Garland,33.312083333333334,20.261766104166664,4.697895708333333,1009.525,0.0,0.0
2016-07-26,36.78538,-119.77321,14.0,0.089,60.0,Fresno - Garland,33.11833333333333,24.2213515,6.663609441666666,1009.4333333333334,0.0,0.0
2016-07-27,36.78538,-119.77321,18.6,0.091,69.0,Fresno - Garland,34.0475,21.109419,7.260983783333334,1008.5625,0.0,0.5833333333333334
2016-07-28,36.78538,-119.77321,14.4,0.088,61.0,Fresno - Garland,34.839166666666664,20.181456083333334,8.821224216666666,1008.6083333333332,0.0,1.0416666666666667
2016-07-29,36.78538,-119.77321,10.2,0.087,53.0,Fresno - Garland,34.72666666666667,21.012923375,7.57791655,1007.1083333333332,0.0,1.3333333333333333
2016-07-30,36.78538,-119.77321,11.0,0.081,55.0,Fresno - Garland,34.874583333333334,20.807765979166668,7.6766998875,1005.4416666666666,0.0,0.0
2016-07-31,36.78538,-119.77321,13.1,0.064,58.0,Fresno - Garland,33.693333333333335,26.600793916666664,7.881112483333333,1007.0666666666666,0.0,0.0
2016-08-01,36.78538,-119.77321,15.1,0.07,62.0,Fresno - Garland,32.24333333333333,31.714770875,9.745923054166667,1009.3166666666666,0.0,0.0
2016-08-02,36.78538,-119.77321,11.6,0.07,56.0,Fresno - Garland,31.50375,29.737968249999998,10.131600966666666,1011.4458333333333,0.0,0.08333333333333333
2016-08-03,36.78538,-119.77321,10.1,0.072,53.0,Fresno - Garland,31.035,28.171138645833334,10.101965416666667,1011.1166666666667,0.0,0.0
2016-08-04,36.78538,-119.77321,11.0,0.077,55.0,Fresno - Garland,30.201666666666668,27.442264249999997,9.986698970833332,1009.3333333333334,0.0,1.3333333333333333
2016-08-05,36.78538,-119.77321,9.4,0.068,52.0,Fresno - Garland,27.803749999999997,33.224396291666665,10.9362286125,1008.65,0.0,0.0
2016-08-06,36.78538,-119.77321,11.7,0.075,56.0,Fresno - Garland,27.764166666666668,35.774253916666666,10.0609277125,1008.4,0.0,0.0
2016-08-07,36.78538,-119.77321,6.6,0.055,37.0,Fresno - Garland,27.7225,30.65400754166667,11.853678541666667,1008.0,0.0,0.0
2016-08-08,36.78538,-119.77321,6.2,0.068,34.0,Fresno - Garland,27.9725,27.38308004166667,8.846197349999999,1007.4208333333332,0.0,0.0
2016-08-09,36.78538,-119.77321,9.8,0.062,52.0,Fresno - Garland,28.26833333333333,29.000564125,8.298784187499999,1006.7083333333334,0.0,0.0
2016-08-10,36.78538,-119.77321,14.9,0.074,62.0,Fresno - Garland,29.218333333333334,29.54406966666667,4.887947258333333,1008.0500000000001,0.0,0.0
2016-08-11,36.78538,-119.77321,11.7,0.083,56.0,Fresno - Garland,29.41,30.06514783333333,6.252789758333333,1010.8625000000001,0.0,0.0
2016-08-12,36.78538,-119.77321,13.2,0.086,59.0,Fresno - Garland,30.089166666666667,30.553524291666665,7.754169783333334,1012.725,0.0,0.0
2016-08-13,36.78538,-119.77321,15.0,0.091,62.0,Fresno - Garland,31.170416666666668,25.637296604166664,8.577525191666668,1011.6750000000001,0.0,0.0
2016-08-14,36.78538,-119.77321,10.6,0.082,54.0,Fresno - Garland,32.472500000000004,21.88228877083333,7.153397691666666,1009.3541666666666,0.0,0.0
2016-08-15,36.78538,-119.77321,9.0,0.074,50.0,Fresno - Garland,32.11625,25.017089875,7.374494066666667,1008.9833333333332,0.0,0.0
2016-08-16,36.78538,-119.77321,13.2,0.08,59.0,Fresno - Garland,30.866249999999997,30.082487874999998,7.4570509,1009.0333333333333,0.0,0.0
2016-08-17,36.78538,-119.77321,16.9,0.086,66.0,Fresno - Garland,31.155833333333334,27.307864750000004,6.24631365,1007.9875000000001,0.0,0.0
2016-08-18,36.78538,-119.77321,21.3,0.087,74.0,Fresno - Garland,31.94333333333333,25.393065333333336,5.191381875,1007.0500000000001,0.0,0.5
2016-08-19,36.78538,-119.77321,22.1,0.084,75.0,Fresno - Garland,31.149583333333336,31.277470166666664,5.4436437375,1008.1416666666668,0.0,8.0
2016-08-20,36.78538,-119.77321,18.9,0.083,69.0,Fresno - Garland,30.79958333333333,31.32325475,7.190152633333334,1009.8166666666666,0.0,13.208333333333334
2016-08-21,36.78538,-119.77321,15.3,0.075,63.0,Fresno - Garland,30.2975,28.4357405625,9.097754741666668,1009.1708333333332,0.0,10.916666666666666
2016-08-22,36.78538,-119.77321,9.7,0.061,52.0,Fresno - Garland,29.45583333333333,29.581571625,10.221245791666666,1009.5124999999999,0.0,21.666666666666668
2016-08-23,36.78538,-119.77321,10.3,0.061,53.0,Fresno - Garland,29.3725,30.109951249999998,8.822815204166666,1012.5749999999999,0.0,1.5416666666666667
2016-08-24,36.78538,-119.77321,7.9,0.063,44.0,Fresno - Garland,28.89125,30.132577666666666,9.174221566666667,1014.6166666666667,0.0,0.0
2016-08-25,36.78538,-119.77321,7.6,0.066,42.0,Fresno - Garland,28.10375,30.347678625,8.353824574999999,1010.9041666666667,0.0,0.0
2016-08-26,36.78538,-119.77321,8.9,0.061,49.0,Fresno - Garland,27.607916666666668,35.34304204166667,7.650251941666666,1009.3291666666668,0.0,1.2083333333333333
2016-08-27,36.78538,-119.77321,9.5,0.061,52.0,Fresno - Garland,26.66416666666667,43.903161374999996,9.105770333333334,1011.6374999999999,0.0,0.4166666666666667
2016-08-28,36.78538,-119.77321,11.6,0.064,56.0,Fresno - Garland,27.212083333333336,40.781851208333336,9.193585408333332,1013.9958333333334,0.0,0.0
2016-08-29,36.78538,-119.77321,14.2,0.074,61.0,Fresno - Garland,27.699583333333333,37.76032391666667,9.431160079166666,1014.4958333333334,0.0,2.4166666666666665
2016-08-30,36.78538,-119.77321,7.6,0.066,42.0,Fresno - Garland,28.00583333333333,35.03816070833333,10.8265713,1012.225,0.0,10.458333333333334
2016-08-31,36.78538,-119.77321,3.7,0.051,21.0,Fresno - Garland,27.989166666666666,33.156530708333335,11.315498750000001,1009.7583333333333,0.0,9.291666666666666
2016-09-01,36.78538,-119.77321,6.3,0.058,35.0,Fresno - Garland,26.876666666666665,35.65348816666667,11.4293217625,1010.7791666666667,0.0,0.0
2016-09-02,36.78538,-119.77321,7.7,0.061,43.0,Fresno - Garland,26.862083333333334,34.87786870833333,9.649059158333333,1009.9083333333333,0.0,0.0
2016-09-03,36.78538,-119.77321,7.7,0.048,43.0,Fresno - Garland,26.745416666666667,33.081536,8.0692212125,1007.6,0.0,22.833333333333332
2016-09-04,36.78538,-119.77321,7.7,0.043,43.0,Fresno - Garland,22.39125,38.91436025,11.411102779166667,1007.8958333333334,0.0,1.5833333333333333
2016-09-05,36.78538,-119.77321,11.5,0.054,55.0,Fresno - Garland,22.522499999999997,44.168687541666664,9.9043866875,1007.875,0.0,6.208333333333333
2016-09-06,36.78538,-119.77321,14.5,0.068,61.0,Fresno - Garland,25.389166666666668,31.268967125,7.927068291666667,1008.6125000000001,0.0,0.0
2016-09-07,36.78538,-119.77321,19.4,0.088,70.0,Fresno - Garland,27.339166666666667,25.774356208333334,6.0443198,1009.9,0.0,0.0
2016-09-08,36.78538,-119.77321,16.4,0.079,65.0,Fresno - Garland,27.857916666666668,27.312570416666663,7.085076108333333,1013.6583333333333,0.0,0.0
2016-09-09,36.78538,-119.77321,15.8,0.075,63.0,Fresno - Garland,27.395416666666666,36.59283816666667,8.755752975,1013.25,0.0,0.375
2016-09-10,36.78538,-119.77321,18.1,0.091,68.0,Fresno - Garland,28.220416666666665,34.32492025,6.914998416666666,1013.4708333333333,0.0,4.083333333333333
2016-09-11,36.78538,-119.77321,8.3,0.057,46.0,Fresno - Garland,28.428749999999997,31.980916375000003,7.935831812499999,1014.0500000000001,0.0,12.208333333333334
2016-09-12,36.78538,-119.77321,8.7,0.054,48.0,Fresno - Garland,26.482916666666668,36.436545375,8.646549225,1009.9541666666668,0.0,0.20833333333333334
2016-09-13,36.78538,-119.77321,8.5,0.043,47.0,Fresno - Garland,20.418333333333333,40.498231624999995,10.721999441666668,1010.3833333333333,0.0,2.4583333333333335
2016-09-14,36.78538,-119.77321,8.5,0.043,47.0,Fresno - Garland,20.418333333333333,40.498231624999995,10.721999441666668,1010.3833333333333,0.0,2.4583333333333335
2016-09-15,36.78538,-119.77321,14.0,0.065,60.0,Fresno - Garland,22.862083333333334,39.389651791666665,7.123959595833334,1015.3833333333333,0.0,0.0
2016-09-16,36.78538,-119.77321,12.7,0.072,58.0,Fresno - Garland,24.387083333333333,37.11071495833333,8.392330908333333,1012.6041666666666,0.0,0.08333333333333333
2016-09-17,36.78538,-119.77321,15.3,0.082,63.0,Fresno - Garland,26.178749999999997,30.1088498125,6.7240245666666665,1012.7666666666668,0.0,0.0
2016-09-18,36.78538,-119.77321,14.8,0.078,62.0,Fresno - Garland,28.3225,23.8896385625,5.890705366666666,1012.625,0.0,0.0
2016-09-19,36.78538,-119.77321,12.3,0.08,57.0,Fresno - Garland,29.907916666666665,20.791464525,5.520359152916666,1011.6041666666666,0.0,0.0
2016-09-20,36.78538,-119.77321,23.6,0.065,78.0,Fresno - Garland,29.44333333333333,28.785528208333332,6.557857116666667,1011.9833333333332,0.0,1.8333333333333333
2016-09-21,36.78538,-119.77321,5.0,0.045,28.0,Fresno - Garland,27.5475,26.350265645833332,7.9141228,1010.0875,0.0,18.875
2016-09-22,36.78538,-119.77321,2.8,0.041,16.0,Fresno - Garland,20.359999958333333,35.34510158333333,16.625684145833333,1012.8708333333334,0.0,5.208333333333333
2016-09-23,36.78538,-119.77321,8.6,0.048,48.0,Fresno - Garland,19.874583291666667,37.391337291666666,8.436191058333334,1016.8916666666668,0.0,2.2083333333333335
2016-09-24,36.78538,-119.77321,13.6,0.057,59.0,Fresno - Garland,22.022499999999997,28.912651416666666,4.191610683333333,1018.2125,0.0,0.2916666666666667
2016-09-25,36.78538,-119.77321,13.6,0.057,59.0,Fresno - Garland,22.022499999999997,28.912651416666666,4.191610683333333,1018.2125,0.0,0.2916666666666667
2016-09-26,36.78538,-119.77321,13.6,0.057,59.0,Fresno - Garland,22.022499999999997,28.912651416666666,4.191610683333333,1018.2125,0.0,0.2916666666666667
2016-09-27,36.78538,-119.77321,13.6,0.057,59.0,Fresno - Garland,22.022499999999997,28.912651416666666,4.191610683333333,1018.2125,0.0,0.2916666666666667
2016-09-28,36.78538,-119.77321,13.3,0.082,59.0,Fresno - Garland,28.237083333333334,19.629561645833334,6.063506533333334,1009.5916666666667,0.0,0.8333333333333334
2016-09-29,36.78538,-119.77321,10.0,0.056,53.0,Fresno - Garland,28.397499999999997,23.91193416666667,6.03128056125,1012.9916666666667,0.0,2.4166666666666665
2016-09-30,36.78538,-119.77321,8.7,0.058,48.0,Fresno - Garland,25.593333333333334,31.645799916666665,6.821472295833334,1015.0333333333333,0.0,0.0
2016-10-01,36.78538,-119.77321,4.8,0.046,27.0,Fresno - Garland,21.39958329166667,35.59025383333333,14.687422291666666,1016.1125000000001,0.0,0.0
2016-10-02,36.78538,-119.77321,2.1,0.043,12.0,Fresno - Garland,19.372499958333332,36.09206941666667,13.210956666666666,1015.2208333333333,0.0,0.375
2016-10-03,36.78538,-119.77321,4.8,0.038,27.0,Fresno - Garland,17.134999958333335,48.93995508333333,13.267267566666668,1016.9958333333334,0.0,44.083333333333336
2016-10-04,36.78538,-119.77321,3.7,0.045,21.0,Fresno - Garland,17.13708325,47.7585195,8.630085733333333,1014.8625000000001,0.0,18.25
2016-10-05,36.78538,-119.77321,6.3,0.045,35.0,Fresno - Garland,17.907916541666665,50.04828079166666,11.414245791666666,1014.6541666666667,0.0,0.875
2016-10-06,36.78538,-119.77321,8.6,0.047,48.0,Fresno - Garland,18.909999916666667,33.33572808333333,7.7744532625,1015.8083333333334,0.0,8.625
2016-10-07,36.78538,-119.77321,15.5,0.054,63.0,Fresno - Garland,20.439166625000002,34.399065916666665,6.171373012499999,1014.6875,0.0,80.75
2016-10-08,36.78538,-119.77321,13.0,0.074,58.0,Fresno - Garland,22.124583291666667,30.53411758333333,4.756158702916667,1012.4250000000001,0.0,72.375
2016-10-09,36.78538,-119.77321,11.5,0.07,55.0,Fresno - Garland,23.935000000000002,23.447365658333336,4.0293451820833335,1012.3708333333334,0.0,3.0833333333333335
2016-10-10,36.78538,-119.77321,10.1,0.048,53.0,Fresno - Garland,24.497499958333336,22.220487916666666,3.7005354999999995,1012.4416666666666,0.0,50.625
2016-10-11,36.78538,-119.77321,7.3,0.052,41.0,Fresno - Garland,22.14958329166667,41.85777204166667,7.743084241666668,1013.7125,0.0,16.041666666666668
2016-10-12,36.78538,-119.77321,8.9,0.054,49.0,Fresno - Garland,20.612083333333334,46.870236500000004,8.276288687500001,1015.5958333333333,0.0,41.041666666666664
2016-10-13,36.78538,-119.77321,17.1,0.05,66.0,Fresno - Garland,20.395416625,45.897349416666664,5.582673877916666,1016.1958333333333,0.0,52.333333333333336
2016-10-14,36.78538,-119.77321,18.5,0.062,69.0,Fresno - Garland,22.014166666666668,36.71710741666667,4.992931354166667,1013.9666666666667,0.0,60.5
2016-10-15,36.78538,-119.77321,3.8,0.029,21.0,Fresno - Garland,22.6975,49.84073354166667,8.742921195833334,1013.0666666666666,0.004166666666666667,56.375
2016-10-16,36.78538,-119.77321,5.8,0.036,32.0,Fresno - Garland,21.66,64.81520720833333,14.171632145833334,1012.3208333333333,0.03333333333333333,78.20833333333333
2016-10-17,36.78538,-119.77321,5.8,0.045,32.0,Fresno - Garland,19.26625,67.67569191666666,11.006980391666666,1013.5708333333333,0.07916666666666666,56.083333333333336
2016-10-18,36.78538,-119.77321,4.5,0.04,25.0,Fresno - Garland,17.359999916666666,56.129632125,14.0238288125,1017.3874999999999,0.0,7.5
2016-10-19,36.78538,-119.77321,7.8,0.044,43.0,Fresno - Garland,17.291249875000002,47.85574641666667,9.043971925,1019.7541666666666,0.0,23.916666666666668
2016-10-20,36.78538,-119.77321,14.4,0.056,61.0,Fresno - Garland,19.078749833333333,44.511017375,6.4966864541666665,1018.8874999999999,0.0,4.291666666666667
2016-10-21,36.78538,-119.77321,19.2,0.066,70.0,Fresno - Garland,20.518333291666668,47.275141,5.7678439,1014.2583333333333,0.0,0.0
2016-10-22,36.78538,-119.77321,16.6,0.062,65.0,Fresno - Garland,21.420416666666668,45.73931354166666,5.207141640833333,1010.5833333333334,0.0,62.791666666666664
2016-10-23,36.78538,-119.77321,20.1,0.066,71.0,Fresno - Garland,22.16625,36.71838854166666,5.195808111666667,1010.9499999999999,0.0,88.04166666666667
2016-10-24,36.78538,-119.77321,7.4,0.036,41.0,Fresno - Garland,21.751666666666665,43.575070625,7.100504170833333,1013.4708333333333,0.004166666666666667,78.5
2016-10-25,36.78538,-119.77321,7.6,0.039,42.0,Fresno - Garland,19.068333166666665,50.346872875,6.127071791666666,1017.3125,0.0,20.625
2016-10-26,36.78538,-119.77321,8.8,0.043,49.0,Fresno - Garland,20.59333325,43.89926033333333,4.093537275,1016.1583333333333,0.0,2.375
2016-10-27,36.78538,-119.77321,15.0,0.031,62.0,Fresno - Garland,20.776666583333334,40.92954695833333,4.955056316666666,1014.3000000000001,0.020833333333333332,54.25
2016-10-28,36.78538,-119.77321,17.7,0.022,67.0,Fresno - Garland,19.12666666666667,78.331798875,6.765041779166666,1012.475,0.9125,88.95833333333333
2016-10-29,36.78538,-119.77321,12.8,0.034,58.0,Fresno - Garland,18.720416625,77.16239779166666,4.461787058333333,1014.1416666666668,0.0,34.291666666666664
2016-10-30,36.78538,-119.77321,6.4,0.029,36.0,Fresno - Garland,18.668333333333333,74.19976454166667,6.118917820833334,1012.6708333333332,0.5041666666666667,92.16666666666667
2016-10-31,36.78538,-119.77321,8.2,0.038,46.0,Fresno - Garland,15.597499916666665,75.649261875,6.4300451875,1017.3791666666666,0.029166666666666664,16.75
2016-11-01,36.78538,-119.77321,6.3,0.039,35.0,Fresno - Garland,15.926666541666668,63.315895041666664,6.060885779166667,1016.3333333333334,0.0,51.166666666666664
2016-11-02,36.78538,-119.77321,14.9,0.033,62.0,Fresno - Garland,14.841249833333334,70.10152537500001,4.989915975,1020.4458333333333,0.0,2.7083333333333335
2016-11-03,36.78538,-119.77321,24.1,0.033,79.0,Fresno - Garland,16.122499708333333,65.79851279166667,5.098250670833333,1020.975,0.0,0.2916666666666667
2016-11-04,36.78538,-119.77321,35.8,0.051,102.0,Fresno - Garland,16.937083125,64.695848,3.389077041666667,1019.375,0.0,68.20833333333333
2016-11-05,36.78538,-119.77321,40.8,0.056,114.0,Fresno - Garland,17.470416541666665,62.93030833333333,4.536463045833333,1018.4,0.0,18.541666666666668
2016-11-06,36.78538,-119.77321,50.3,0.032,137.0,Fresno - Garland,16.255833208333332,69.33619275,6.779645670833333,1017.4875000000001,0.0,65.45833333333333
2016-11-07,36.78538,-119.77321,31.2,0.045,92.0,Fresno - Garland,17.337083166666666,70.67738762500001,3.71344438125,1019.8791666666666,0.0,82.16666666666667
2016-11-08,36.78538,-119.77321,24.1,0.038,79.0,Fresno - Garland,18.007916541666667,68.59385041666667,4.571542683333333,1019.8458333333333,0.0,25.333333333333332
2016-11-09,36.78538,-119.77321,22.9,0.038,77.0,Fresno - Garland,18.601666583333333,66.67792025,4.863911275,1018.65,0.0,21.458333333333332
2016-11-10,36.78538,-119.77321,31.5,0.045,93.0,Fresno - Garland,19.26416645833333,60.08506808333333,4.217346865833334,1016.85,0.0,1.6666666666666667
2016-11-11,36.78538,-119.77321,34.4,0.057,98.0,Fresno - Garland,19.747499916666666,53.34345975,6.762436904166666,1017.0791666666668,0.0,15.958333333333334
2016-11-12,36.78538,-119.77321,24.1,0.039,79.0,Fresno - Garland,19.907916625000002,43.889808875,6.005008816666667,1017.8458333333333,0.0,81.25
2016-11-13,36.78538,-119.77321,21.9,0.04,75.0,Fresno - Garland,18.045416625,58.35722879166667,4.8750381166666665,1019.9333333333334,0.0,10.75
2016-11-14,36.78538,-119.77321,33.4,0.047,96.0,Fresno - Garland,17.559999875,55.10556595833333,4.040816483333333,1020.6458333333334,0.0,0.0
2016-11-15,36.78538,-119.77321,22.4,0.047,76.0,Fresno - Garland,16.707916541666666,58.12810829166667,6.2529483416666665,1018.3291666666668,0.0,0.0
2016-11-16,36.78538,-119.77321,3.9,0.04,22.0,Fresno - Garland,15.664166583333333,58.70509795833333,15.660628229166667,1015.8583333333332,0.0,60.458333333333336
2016-11-17,36.78538,-119.77321,17.3,0.031,66.0,Fresno - Garland,11.172499779166666,54.11228029166667,8.6873634,1017.7833333333333,0.0,0.5833333333333334
2016-11-18,36.78538,-119.77321,19.4,0.035,70.0,Fresno - Garland,11.801666591666667,48.452375875,6.1025233125,1018.0958333333333,0.0,15.5
2016-11-19,36.78538,-119.77321,17.6,0.039,67.0,Fresno - Garland,14.091249750000001,39.77549191666667,8.032540233333334,1015.4250000000001,0.0,28.375
2016-11-20,36.78538,-119.77321,12.0,0.032,56.0,Fresno - Garland,14.1891666,48.270693625,6.444316391666667,1013.6333333333333,0.07083333333333333,31.041666666666668
2016-11-21,36.78538,-119.77321,10.5,0.029,54.0,Fresno - Garland,13.382916541666667,82.49333695833333,7.864014404166667,1014.1041666666666,0.5958333333333333,74.04166666666667
2016-11-22,36.78538,-119.77321,19.1,0.02,70.0,Fresno - Garland,12.099583041666667,74.38195529166667,4.28860632375,1020.5875,0.0,33.583333333333336
2016-11-23,36.78538,-119.77321,11.7,0.034,56.0,Fresno - Garland,12.0287497375,68.94252808333333,7.917415683333334,1022.5791666666668,0.03333333333333333,56.708333333333336
2016-11-24,36.78538,-119.77321,25.0,0.028,81.0,Fresno - Garland,10.3058331125,65.51454604166666,7.102454799166666,1025.6833333333334,0.0,1.3333333333333333
2016-11-25,36.78538,-119.77321,36.3,0.026,103.0,Fresno - Garland,10.026666575,66.36656183333334,4.512585079166667,1020.0666666666666,0.0,32.333333333333336
2016-11-26,36.78538,-119.77321,10.0,0.034,53.0,Fresno - Garland,10.482916595833332,56.583589875,7.632565241666666,1013.3416666666667,0.15833333333333333,51.125
2016-11-27,36.78538,-119.77321,9.6,0.034,52.0,Fresno - Garland,9.593333166666666,86.79765145833333,8.211344670833332,1015.3000000000001,0.6708333333333334,74.04166666666667
2016-11-28,36.78538,-119.77321,8.0,0.033,44.0,Fresno - Garland,8.997499858333333,73.62844725000001,5.234422703333333,1017.7833333333333,0.020833333333333332,87.625
2016-11-29,36.78538,-119.77321,15.3,0.025,63.0,Fresno - Garland,9.29958315,81.38226616666667,6.363621658333333,1017.5833333333334,0.0,71.625
2016-11-30,36.78538,-119.77321,28.4,0.022,87.0,Fresno - Garland,9.047499816666667,73.93812670833334,4.837126433333333,1019.9833333333332,0.0,21.083333333333332
2016-12-01,36.78538,-119.77321,22.0,0.013,75.0,Fresno - Garland,8.866249833333333,77.58935804166667,7.076789070833333,1017.9875000000001,0.0,65.29166666666667
2016-12-02,36.78538,-119.77321,33.8,0.016,97.0,Fresno - Garland,8.3099998875,64.37435179166667,5.493990916666667,1019.7166666666667,0.0,1.0416666666666667
2016-12-03,36.78538,-119.77321,44.0,0.023,122.0,Fresno - Garland,7.251666604166666,61.26473158333334,4.188175045,1023.475,0.0,8.291666666666666
2016-12-04,36.78538,-119.77321,43.1,0.028,120.0,Fresno - Garland,8.870416520833333,61.49856816666667,3.7124778125,1021.8166666666666,0.0,15.541666666666666
2016-12-05,36.78538,-119.77321,29.5,0.02,89.0,Fresno - Garland,8.891249879166667,78.533956,6.3717971125,1018.3333333333334,0.0,64.33333333333333
2016-12-06,36.78538,-119.77321,24.9,0.01,80.0,Fresno - Garland,8.2912498875,84.30936954166667,6.6003543875,1017.0458333333332,0.0,83.66666666666667
2016-12-07,36.78538,-119.77321,30.8,0.015,91.0,Fresno - Garland,6.882916566666666,72.29003375,5.1557394387499995,1020.1416666666668,0.0,58.416666666666664
2016-12-08,36.78538,-119.77321,12.4,0.028,57.0,Fresno - Garland,8.803749845833332,77.83884270833333,6.954173279166667,1022.4166666666666,0.225,95.83333333333333
2016-12-09,36.78538,-119.77321,11.5,0.022,55.0,Fresno - Garland,12.428749833333333,86.4371325,6.014869066666667,1023.5875,0.004166666666666667,94.79166666666667
2016-12-10,36.78538,-119.77321,14.9,0.021,62.0,Fresno - Garland,13.666249875,89.26383054166666,5.006450045833334,1021.1333333333333,0.1708333333333333,82.25
2016-12-11,36.78538,-119.77321,4.2,0.028,23.0,Fresno - Garland,14.576666458333333,85.79503383333333,7.7214378083333335,1019.0791666666668,0.2708333333333333,79.75
2016-12-12,36.78538,-119.77321,19.4,0.009,70.0,Fresno - Garland,11.739166541666668,71.70756812500001,6.800175179166668,1019.9625,0.0,83.25
2016-12-13,36.78538,-119.77321,19.4,0.009,70.0,Fresno - Garland,11.739166541666668,71.70756812500001,6.800175179166668,1019.9625,0.0,83.25
2016-12-14,36.78538,-119.77321,15.7,0.022,63.0,Fresno - Garland,12.374583241666668,68.12606137499999,4.220811304166666,1018.1416666666668,0.0,82.5
2016-12-15,36.78538,-119.77321,9.6,0.024,52.0,Fresno - Garland,12.787083125,79.279274125,6.625605816666667,1015.0208333333334,0.29583333333333334,99.75
2016-12-16,36.78538,-119.77321,4.0,0.038,22.0,Fresno - Garland,12.014166416666667,81.67028125,15.334835833333335,1009.0041666666666,1.6833333333333333,64.54166666666667
2016-12-17,36.78538,-119.77321,19.9,0.02,71.0,Fresno - Garland,6.268333233333333,67.018853625,7.079748425000001,1020.0416666666666,0.0,4.541666666666667
2016-12-18,36.78538,-119.77321,24.6,0.024,80.0,Fresno - Garland,4.945416600000001,67.350570125,6.977425541666666,1026.0541666666666,0.0,0.0
2016-12-19,36.78538,-119.77321,34.1,0.017,98.0,Fresno - Garland,5.347499929166666,71.55581204166667,4.892048774166667,1028.875,0.0,1.625
2016-12-20,36.78538,-119.77321,35.1,0.018,99.0,Fresno - Garland,5.887083291666666,74.795611875,4.043498879166667,1027.1125,0.0,28.333333333333332
2016-12-21,36.78538,-119.77321,35.1,0.018,99.0,Fresno - Garland,5.887083291666666,74.795611875,4.043498879166667,1027.1125,0.0,28.333333333333332
2016-12-22,36.78538,-119.77321,52.7,0.017,143.0,Fresno - Garland,8.037083158333333,76.44705454166667,4.97142684875,1016.3708333333334,0.0,24.375
2016-12-23,36.78538,-119.77321,29.3,0.022,89.0,Fresno - Garland,7.364166604166667,84.9148585,8.847775183333333,1015.1958333333333,0.30833333333333335,73.58333333333333
2016-12-24,36.78538,-119.77321,7.3,0.033,41.0,Fresno - Garland,6.876666529166666,85.44310870833334,10.488624441666667,1009.8041666666667,0.6083333333333333,44.416666666666664
2016-12-25,36.78538,-119.77321,27.7,0.024,86.0,Fresno - Garland,5.405833258333334,78.22184333333333,5.850079841666666,1016.5041666666666,0.0,32.166666666666664
2016-12-26,36.78538,-119.77321,19.2,0.019,70.0,Fresno - Garland,5.024583275,69.14122304166666,7.034618466666667,1022.4666666666667,0.0,13.0
2016-12-27,36.78538,-119.77321,17.6,0.017,67.0,Fresno - Garland,5.9683333125,72.03594224999999,5.6023861875,1026.8916666666667,0.0,33.208333333333336
2016-12-28,36.78538,-119.77321,36.4,0.019,103.0,Fresno - Garland,6.587083304166666,75.1767015,4.6922779375,1025.9541666666667,0.0,10.166666666666666
2016-12-29,36.78538,-119.77321,37.3,0.02,105.0,Fresno - Garland,6.784999914166666,80.55935895833333,3.870856224166667,1023.0791666666668,0.0,23.375
2016-12-30,36.78538,-119.77321,50.4,0.012,138.0,Fresno - Garland,7.9558331791666665,81.53038458333333,4.87925165,1018.7875,0.03333333333333333,89.29166666666667
2016-12-31,36.78538,-119.77321,50.4,0.012,138.0,Fresno - Garland,7.9558331791666665,81.53038458333333,4.87925165,1018.7875,0.03333333333333333,89.29166666666667
2017-01-01,36.78538,-119.77321,10.2,0.031,53.0,Fresno - Garland,6.409999845833333,88.83682183333333,6.6813174375,1015.0291666666667,0.075,77.83333333333333
2017-01-02,36.78538,-119.77321,14.7,0.022,61.0,Fresno - Garland,7.187083170833333,77.34516599999999,5.945592308333333,1016.6291666666666,0.016666666666666666,91.875
2017-01-03,36.78538,-119.77321,4.4,0.032,24.0,Fresno - Garland,7.9870832,72.19270833333333,8.252791841666667,1020.1541666666667,0.004166666666666667,91.875
2017-01-04,36.78538,-119.77321,2.3,0.028,13.0,Fresno - Garland,10.905833208333334,83.64593208333334,18.447885,1017.3291666666668,0.725,99.875
2017-01-05,36.78538,-119.77321,3.7,0.031,21.0,Fresno - Garland,11.678749916666668,89.10104825,12.165637133333334,1014.7208333333333,0.20833333333333334,91.25
2017-01-06,36.78538,-119.77321,22.4,0.02,76.0,Fresno - Garland,4.20791662685,78.51443558333334,6.998642445833333,1019.2916666666666,0.0,22.541666666666668
2017-01-07,36.78538,-119.77321,9.5,0.017,52.0,Fresno - Garland,8.478749770833334,80.87553558333333,10.975235962500001,1019.025,0.6041666666666666,97.83333333333333
2017-01-08,36.78538,-119.77321,3.0,0.021,17.0,Fresno - Garland,14.851666541666667,84.48738133333333,15.731624916666666,1018.0958333333333,0.6416666666666667,99.75
2017-01-09,36.78538,-119.77321,1.7,0.031,9.0,Fresno - Garland,14.1704165,85.184832625,11.599962966666666,1017.125,0.8833333333333333,87.375
2017-01-10,36.78538,-119.77321,1.9,0.031,11.0,Fresno - Garland,11.774583041666666,79.59779679166667,12.554922904166666,1019.2541666666666,0.3458333333333334,99.91666666666667
2017-01-11,36.78538,-119.77321,2.6,0.032,14.0,Fresno - Garland,11.603749875,86.91910341666666,14.728078966666667,1012.9041666666667,0.8083333333333335,66.29166666666667
2017-01-12,36.78538,-119.77321,4.0,0.031,22.0,Fresno - Garland,10.18499975,87.15185133333334,11.043391374999999,1012.5958333333333,0.7583333333333333,88.95833333333333
2017-01-13,36.78538,-119.77321,10.7,0.023,54.0,Fresno - Garland,6.703749925,87.79807941666667,9.499824695833334,1017.9208333333332,0.0,24.875
2017-01-14,36.78538,-119.77321,15.8,0.017,63.0,Fresno - Garland,5.3162499500000004,89.45217858333332,4.827867241666667,1022.9250000000001,0.0,45.416666666666664
2017-01-15,36.78538,-119.77321,8.1,0.022,45.0,Fresno - Garland,5.0412499041666665,92.24732462499999,4.960844070833333,1020.9416666666666,0.0,68.91666666666667
2017-01-16,36.78538,-119.77321,25.3,0.022,81.0,Fresno - Garland,5.409999995833334,87.15398475,4.304071041666667,1021.5625,0.0,44.0
2017-01-17,36.78538,-119.77321,29.5,0.012,89.0,Fresno - Garland,5.4016665017916665,81.48147291666668,5.3689168125,1020.7833333333333,0.0,12.75
2017-01-18,36.78538,-119.77321,19.9,0.034,71.0,Fresno - Garland,7.8516664375000005,78.42578125,9.092436254166666,1019.6833333333334,0.075,95.54166666666667
2017-01-19,36.78538,-119.77321,5.5,0.034,31.0,Fresno - Garland,9.591249645833333,82.56905679166667,15.255167270833333,1013.4083333333333,0.7541666666666668,75.79166666666667
2017-01-20,36.78538,-119.77321,4.7,0.036,26.0,Fresno - Garland,9.0537498625,85.77639108333334,17.517030733333332,1004.0458333333332,0.7583333333333333,93.66666666666667
2017-01-21,36.78538,-119.77321,6.9,0.036,38.0,Fresno - Garland,7.7079164875,85.543149625,9.100835766666666,1005.1875,0.5791666666666667,67.54166666666667
2017-01-22,36.78538,-119.77321,2.0,0.031,11.0,Fresno - Garland,9.809999791666668,78.52872120833332,17.921680041666665,1012.4458333333333,0.37083333333333335,95.125
2017-01-23,36.78538,-119.77321,5.5,0.036,31.0,Fresno - Garland,8.641249833333333,83.407336125,10.904304766666668,1008.9541666666668,0.3958333333333333,83.41666666666667
2017-01-24,36.78538,-119.77321,5.5,0.036,31.0,Fresno - Garland,8.641249833333333,83.407336125,10.904304766666668,1008.9541666666668,0.3958333333333333,83.41666666666667
2017-01-25,36.78538,-119.77321,5.5,0.036,31.0,Fresno - Garland,8.641249833333333,83.407336125,10.904304766666668,1008.9541666666668,0.3958333333333333,83.41666666666667
2017-01-26,36.78538,-119.77321,5.5,0.036,31.0,Fresno - Garland,8.641249833333333,83.407336125,10.904304766666668,1008.9541666666668,0.3958333333333333,83.41666666666667
2017-01-27,36.78538,-119.77321,5.5,0.036,31.0,Fresno - Garland,8.641249833333333,83.407336125,10.904304766666668,1008.9541666666668,0.3958333333333333,83.41666666666667
2017-01-28,36.78538,-119.77321,5.5,0.036,31.0,Fresno - Garland,8.641249833333333,83.407336125,10.904304766666668,1008.9541666666668,0.3958333333333333,83.41666666666667
2017-01-29,36.78538,-119.77321,5.5,0.036,31.0,Fresno - Garland,8.641249833333333,83.407336125,10.904304766666668,1008.9541666666668,0.3958333333333333,83.41666666666667
2017-01-30,36.78538,-119.77321,5.5,0.036,31.0,Fresno - Garland,8.641249833333333,83.407336125,10.904304766666668,1008.9541666666668,0.3958333333333333,83.41666666666667
2017-01-31,36.78538,-119.77321,40.0,0.034,112.0,Fresno - Garland,7.64333325,84.276488625,5.401885241666666,1021.3291666666668,0.0,62.625
2017-02-01,36.78538,-119.77321,33.2,0.03,96.0,Fresno - Garland,10.097499895833334,78.068461625,8.160953045833333,1017.0541666666667,0.0,76.08333333333333
2017-02-02,36.78538,-119.77321,15.1,0.03,62.0,Fresno - Garland,12.612083125,72.71026670833334,8.636279879166667,1016.9708333333333,0.09999999999999999,96.0
2017-02-03,36.78538,-119.77321,5.7,0.03,32.0,Fresno - Garland,13.64958325,82.74225837499999,12.801040983333335,1016.0333333333333,0.8583333333333334,78.16666666666667
2017-02-04,36.78538,-119.77321,12.5,0.04,57.0,Fresno - Garland,12.199583208333332,85.86325791666667,7.677780579166666,1018.8083333333334,0.12916666666666668,55.291666666666664
2017-02-05,36.78538,-119.77321,11.2,0.027,55.0,Fresno - Garland,10.689166595833333,83.294067625,6.483645079166667,1016.9708333333333,0.0,75.29166666666667
2017-02-06,36.78538,-119.77321,2.7,0.029,15.0,Fresno - Garland,12.641249833333333,82.146094625,16.410128354166666,1012.9416666666666,0.7416666666666667,99.83333333333333
2017-02-07,36.78538,-119.77321,3.5,0.022,19.0,Fresno - Garland,13.468333166666667,86.50711775,18.09061375,1015.5208333333334,1.0458333333333334,99.5
2017-02-08,36.78538,-119.77321,4.1,0.016,23.0,Fresno - Garland,16.226666625,89.32883937499999,12.4120749375,1019.4291666666667,0.15,91.0
2017-02-09,36.78538,-119.77321,7.7,0.009,43.0,Fresno - Garland,15.928749833333333,87.13382083333333,10.5973251375,1016.9666666666667,0.0,99.66666666666667
2017-02-10,36.78538,-119.77321,4.1,0.028,23.0,Fresno - Garland,14.557916416666666,87.33067029166666,9.837441541666665,1016.2708333333334,0.8208333333333333,100.0
2017-02-11,36.78538,-119.77321,4.2,0.028,23.0,Fresno - Garland,11.776666416666666,85.01942020833333,13.526178454166667,1018.8666666666667,0.5458333333333333,71.66666666666667
2017-02-12,36.78538,-119.77321,15.2,0.031,62.0,Fresno - Garland,9.393333199999999,83.25809291666667,7.649678545833333,1022.3541666666666,0.0,8.75
2017-02-13,36.78538,-119.77321,15.1,0.032,62.0,Fresno - Garland,9.993333091666667,83.250016375,4.7571758625,1021.0833333333334,0.0,44.75
2017-02-14,36.78538,-119.77321,17.0,0.033,66.0,Fresno - Garland,10.955833133333334,87.19573058333333,5.108709270833334,1019.7708333333334,0.0,75.83333333333333
2017-02-15,36.78538,-119.77321,20.0,0.036,71.0,Fresno - Garland,12.253749891666667,79.79763541666667,7.473554658333334,1019.6875,0.0,64.58333333333333
2017-02-16,36.78538,-119.77321,5.9,0.034,33.0,Fresno - Garland,13.216249750000001,77.21649141666667,11.382941016666665,1015.8166666666666,0.12083333333333333,78.75
2017-02-17,36.78538,-119.77321,0.9,0.031,5.0,Fresno - Garland,11.801666500000001,83.61085291666667,17.877008458333332,1004.5333333333333,0.5666666666666667,90.45833333333333
2017-02-18,36.78538,-119.77321,1.6,0.044,9.0,Fresno - Garland,11.949583166666665,80.25919066666667,14.430590866666668,997.2166666666667,0.16666666666666666,75.45833333333333
2017-02-19,36.78538,-119.77321,4.3,0.038,24.0,Fresno - Garland,11.141249833333333,71.12090479166666,11.899947283333333,1009.6333333333333,0.0,72.08333333333333
2017-02-20,36.78538,-119.77321,2.0,0.032,11.0,Fresno - Garland,12.6829165,85.211189625,18.469669375,1016.8041666666667,0.625,95.33333333333333
2017-02-21,36.78538,-119.77321,2.8,0.041,16.0,Fresno - Garland,14.591249791666668,75.037252375,16.88347877083333,1021.9,0.35833333333333334,72.125
2017-02-22,36.78538,-119.77321,2.8,0.041,16.0,Fresno - Garland,14.591249791666668,75.037252375,16.88347877083333,1021.9,0.35833333333333334,72.125
2017-02-23,36.78538,-119.77321,1.4,0.041,8.0,Fresno - Garland,6.934999854166667,68.46419579166667,13.435529058333332,1021.5500000000001,0.004166666666666667,14.833333333333334
2017-02-24,36.78538,-119.77321,6.8,0.037,38.0,Fresno - Garland,5.572499906249999,66.21605575,8.448228433333332,1023.15,0.0,3.125
2017-02-25,36.78538,-119.77321,11.3,0.038,55.0,Fresno - Garland,6.7308332375,66.56690858333333,6.633219641666667,1021.8249999999999,0.0,21.166666666666668
2017-02-26,36.78538,-119.77321,22.4,0.044,76.0,Fresno - Garland,6.962083158333333,74.93265725,5.28806058625,1015.8874999999999,0.0,16.375
2017-02-27,36.78538,-119.77321,11.5,0.042,55.0,Fresno - Garland,8.778749829166665,73.09080679166667,7.407756520833334,1013.0625,0.1375,65.41666666666667
2017-02-28,36.78538,-119.77321,4.7,0.04,26.0,Fresno - Garland,7.2829166125,73.20611120833333,10.451461708333333,1017.4583333333334,0.0,9.416666666666666
2017-03-01,36.78538,-119.77321,9.9,0.038,52.0,Fresno - Garland,7.939166441666667,74.63278608333333,7.5547521458333335,1027.2124999999999,0.0,0.25
2017-03-02,36.78538,-119.77321,12.2,0.041,57.0,Fresno - Garland,9.430833241666667,77.48831291666666,6.53661057375,1027.0833333333333,0.0,13.208333333333334
2017-03-03,36.78538,-119.77321,20.7,0.043,73.0,Fresno - Garland,10.545416641666668,78.34439400000001,5.136172149166667,1021.1750000000001,0.0,49.625
2017-03-04,36.78538,-119.77321,16.8,0.048,65.0,Fresno - Garland,11.641249895833333,71.62159779166667,6.244198495833333,1014.8416666666667,0.0,35.0
2017-03-05,36.78538,-119.77321,5.7,0.041,32.0,Fresno - Garland,10.007916404166666,75.988553,13.806348229166666,1013.0333333333333,0.2916666666666667,39.583333333333336
2017-03-06,36.78538,-119.77321,4.3,0.045,24.0,Fresno - Garland,6.412083214166667,71.25350004166667,7.030899545833333,1022.975,0.020833333333333332,13.083333333333334
2017-03-07,36.78538,-119.77321,12.0,0.045,56.0,Fresno - Garland,8.255833158333333,72.938322,7.026042570833333,1026.3416666666667,0.0,35.25
2017-03-08,36.78538,-119.77321,12.8,0.035,58.0,Fresno - Garland,9.716249916666667,83.37103491666666,7.34862355,1025.5791666666667,0.0,54.708333333333336
2017-03-09,36.78538,-119.77321,18.6,0.051,69.0,Fresno - Garland,12.128749908333333,82.89828933333334,6.0001989875,1022.6,0.0,15.833333333333334
2017-03-10,36.78538,-119.77321,19.8,0.041,71.0,Fresno - Garland,13.54749975,88.033979,6.679357808333333,1021.0166666666668,0.0,89.83333333333333
2017-03-11,36.78538,-119.77321,20.0,0.047,71.0,Fresno - Garland,14.830833166666666,88.200003875,5.206850316666666,1019.4333333333334,0.004166666666666667,77.33333333333333
2017-03-12,36.78538,-119.77321,15.5,0.049,63.0,Fresno - Garland,14.939166416666666,86.32310962499999,6.0709086625,1020.225,0.0,49.125
2017-03-13,36.78538,-119.77321,15.5,0.052,63.0,Fresno - Garland,15.659999874999999,77.65752870833333,5.082149240833333,1019.2624999999999,0.0,0.16666666666666666
2017-03-14,36.78538,-119.77321,13.1,0.063,58.0,Fresno - Garland,17.25166654166667,70.503180375,5.014874495833333,1017.1333333333333,0.0,0.0
2017-03-15,36.78538,-119.77321,13.1,0.063,58.0,Fresno - Garland,17.25166654166667,70.503180375,5.014874495833333,1017.1333333333333,0.0,0.0
2017-03-16,36.78538,-119.77321,4.9,0.034,27.0,Fresno - Garland,17.245416666666667,74.514084625,12.005029583333334,1019.975,0.0,29.916666666666668
2017-03-17,36.78538,-119.77321,8.4,0.046,47.0,Fresno - Garland,16.309999833333332,81.38100829166667,5.837349066666667,1018.3125,0.0,57.625
2017-03-18,36.78538,-119.77321,16.5,0.057,65.0,Fresno - Garland,18.045416624999998,71.20378320833333,7.304373575,1015.875,0.0,86.75
2017-03-19,36.78538,-119.77321,16.4,0.046,65.0,Fresno - Garland,16.41624979166667,69.91860133333334,6.135742833333333,1016.7291666666666,0.0,94.79166666666667
2017-03-20,36.78538,-119.77321,6.5,0.041,36.0,Fresno - Garland,16.96625,70.45788654166667,6.962726583333333,1015.4666666666667,0.008333333333333333,92.83333333333333
2017-03-21,36.78538,-119.77321,4.9,0.034,27.0,Fresno - Garland,16.189166625000002,73.44211520833333,13.832946141666667,1015.2791666666667,0.7000000000000001,89.66666666666667
2017-03-22,36.78538,-119.77321,2.3,0.039,13.0,Fresno - Garland,13.370416458333333,79.08875483333334,9.811005433333333,1016.1125000000001,0.2625,68.375
2017-03-23,36.78538,-119.77321,5.2,0.043,29.0,Fresno - Garland,10.941249716666666,76.87343691666666,11.819861783333332,1020.1791666666667,0.008333333333333333,57.666666666666664
2017-03-24,36.78538,-119.77321,10.0,0.034,53.0,Fresno - Garland,11.487083125,71.90981458333333,9.476514058333334,1023.6291666666666,0.041666666666666664,54.875
2017-03-25,36.78538,-119.77321,5.0,0.043,28.0,Fresno - Garland,12.516249875,77.97342604166667,8.113134254166667,1020.8083333333334,0.3,91.5
2017-03-26,36.78538,-119.77321,5.5,0.044,31.0,Fresno - Garland,11.774583083333333,80.92658745833333,8.210458704166667,1019.0875,0.0,64.70833333333333
2017-03-27,36.78538,-119.77321,2.5,0.041,14.0,Fresno - Garland,12.518333166666666,74.79542720833334,14.512125458333331,1019.2666666666668,0.1708333333333333,44.333333333333336
2017-03-28,36.78538,-119.77321,5.2,0.041,29.0,Fresno - Garland,12.157916616666666,68.50303145833333,10.05264495,1020.8125,0.0,13.5
2017-03-29,36.78538,-119.77321,7.2,0.052,40.0,Fresno - Garland,13.105833166666665,74.51557595833333,6.637911645833333,1020.9666666666667,0.0,24.0
2017-03-30,36.78538,-119.77321,6.1,0.047,34.0,Fresno - Garland,15.057916458333333,72.69053283333334,16.263618945833333,1016.8958333333334,0.04583333333333334,42.916666666666664
2017-03-31,36.78538,-119.77321,6.1,0.047,34.0,Fresno - Garland,15.057916458333333,72.69053283333334,16.263618945833333,1016.8958333333334,0.04583333333333334,42.916666666666664
2017-04-01,36.78538,-119.77321,11.9,0.055,56.0,Fresno - Garland,13.695416520833334,63.29903645833334,6.1007079125,1014.8375,0.0,22.166666666666668
2017-04-02,36.78538,-119.77321,9.9,0.054,52.0,Fresno - Garland,16.176666541666666,67.47599475,7.537001087499999,1015.1791666666667,0.0,21.125
2017-04-03,36.78538,-119.77321,5.8,0.052,32.0,Fresno - Garland,16.920416624999998,66.13520070833333,11.805909308333334,1012.4708333333333,0.0,18.166666666666668
2017-04-04,36.78538,-119.77321,8.8,0.058,49.0,Fresno - Garland,15.728749875,56.74538554166667,8.500864208333333,1014.5333333333333,0.0,23.875
2017-04-05,36.78538,-119.77321,10.2,0.067,53.0,Fresno - Garland,17.47874991666667,59.9887,7.51982705,1016.2416666666667,0.0,80.20833333333333
2017-04-06,36.78538,-119.77321,9.2,0.045,51.0,Fresno - Garland,18.94333325,42.644532375000004,9.258098266666666,1013.1166666666667,0.0,94.25
2017-04-07,36.78538,-119.77321,1.4,0.039,8.0,Fresno - Garland,15.151666583333332,62.899094,15.334874020833333,1013.5041666666666,0.7583333333333333,99.58333333333333
2017-04-08,36.78538,-119.77321,2.4,0.046,13.0,Fresno - Garland,13.312083083333333,77.68055554166666,14.6331563125,1015.1083333333332,0.3333333333333333,56.625
2017-04-09,36.78538,-119.77321,5.5,0.051,31.0,Fresno - Garland,9.462083195833333,66.44839004166667,7.811198495833334,1021.5541666666667,0.016666666666666666,23.541666666666668
2017-04-10,36.78538,-119.77321,5.2,0.052,29.0,Fresno - Garland,12.087083237500002,57.93876641666666,9.491280495833333,1021.2916666666666,0.0,51.5
2017-04-11,36.78538,-119.77321,16.4,0.051,65.0,Fresno - Garland,13.762083208333335,66.046223375,7.033977195833334,1016.7208333333333,0.008333333333333333,69.29166666666667
2017-04-12,36.78538,-119.77321,9.1,0.041,51.0,Fresno - Garland,16.255833166666665,60.63597695833334,10.245144254166666,1015.2916666666666,0.0,39.5
2017-04-13,36.78538,-119.77321,2.9,0.041,16.0,Fresno - Garland,15.0579165,69.71935983333333,10.320187599999999,1014.9041666666667,0.3541666666666667,47.5
2017-04-14,36.78538,-119.77321,2.1,0.048,12.0,Fresno - Garland,11.8829166,62.185165000000005,18.52676052083333,1019.6125000000001,0.0,4.5
2017-04-15,36.78538,-119.77321,6.7,0.051,37.0,Fresno - Garland,12.184999912499999,55.458870375000004,7.928751582083333,1018.4541666666668,0.0,50.541666666666664
2017-04-16,36.78538,-119.77321,8.5,0.05,47.0,Fresno - Garland,15.834999958333334,63.236015916666666,8.577331195833333,1014.1374999999999,0.03333333333333333,86.5
2017-04-17,36.78538,-119.77321,4.2,0.041,23.0,Fresno - Garland,15.60374975,74.53278370833333,9.503409420833334,1016.6958333333333,0.23333333333333336,99.5
2017-04-18,36.78538,-119.77321,1.8,0.038,10.0,Fresno - Garland,15.784999958333332,82.70668708333334,9.4471104625,1017.2166666666667,0.1875,95.375
2017-04-19,36.78538,-119.77321,5.4,0.052,30.0,Fresno - Garland,15.114166583333335,75.34575454166666,8.9519714875,1021.4083333333333,0.0,16.25
2017-04-20,36.78538,-119.77321,9.1,0.053,51.0,Fresno - Garland,15.780833125000001,59.320600625,16.494898125000002,1022.4875000000001,0.0,3.8333333333333335
2017-04-21,36.78538,-119.77321,11.5,0.056,55.0,Fresno - Garland,15.276666624999999,59.309957499999996,9.829314491666667,1020.2624999999999,0.0,30.208333333333332
2017-04-22,36.78538,-119.77321,9.0,0.058,50.0,Fresno - Garland,18.041249833333335,63.03291545833333,7.0650525958333334,1014.7791666666667,0.0,50.916666666666664
2017-04-23,36.78538,-119.77321,3.4,0.054,19.0,Fresno - Garland,17.374583125,55.29559570833334,17.218941666666666,1013.3874999999999,0.0,44.75
2017-04-24,36.78538,-119.77321,4.8,0.046,27.0,Fresno - Garland,15.959999916666668,56.08988504166667,19.687769020833333,1014.8083333333334,0.0,70.58333333333333
2017-04-25,36.78538,-119.77321,4.1,0.055,23.0,Fresno - Garland,15.58083325,62.19262954166667,21.069425708333334,1015.5124999999999,0.0,66.08333333333333
2017-04-26,36.78538,-119.77321,4.9,0.038,27.0,Fresno - Garland,16.809999916666666,65.216414125,14.306936420833333,1016.4250000000001,0.0,86.375
2017-04-27,36.78538,-119.77321,5.0,0.055,28.0,Fresno - Garland,17.722499916666667,68.48298633333333,19.391626770833334,1014.1333333333333,0.0,52.416666666666664
2017-04-28,36.78538,-119.77321,5.7,0.057,32.0,Fresno - Garland,17.451666499999998,45.528456416666664,21.320333666666667,1012.9166666666666,0.0,12.625
2017-04-29,36.78538,-119.77321,7.2,0.067,40.0,Fresno - Garland,17.24333325,44.639125125,9.378162445833334,1015.6291666666666,0.0,0.16666666666666666
2017-04-30,36.78538,-119.77321,7.9,0.062,44.0,Fresno - Garland,19.751666541666665,44.281933458333334,7.2208916875,1018.5,0.0,0.0
2017-05-01,36.78538,-119.77321,8.7,0.066,48.0,Fresno - Garland,21.61833329166667,50.75257095833334,8.483870890833334,1015.3625000000001,0.0,0.0
2017-05-02,36.78538,-119.77321,12.0,0.071,56.0,Fresno - Garland,23.195416666666663,49.43388566666667,7.018487804166667,1012.3958333333334,0.0,21.0
2017-05-03,36.78538,-119.77321,13.3,0.078,59.0,Fresno - Garland,25.312083333333334,50.76902275,6.912727708333333,1011.9958333333334,0.0,22.25
2017-05-04,36.78538,-119.77321,11.0,0.071,55.0,Fresno - Garland,27.093333333333334,49.218556291666665,5.435044029166666,1011.0124999999999,0.0,23.25
2017-05-05,36.78538,-119.77321,6.8,0.039,38.0,Fresno - Garland,25.135,40.316727666666665,14.802913570833333,1009.7041666666668,0.0,80.83333333333333
2017-05-06,36.78538,-119.77321,6.1,0.047,34.0,Fresno - Garland,17.407916583333336,45.76421345833333,16.568360945833334,1007.9666666666667,0.0,62.833333333333336
2017-05-07,36.78538,-119.77321,7.0,0.05,39.0,Fresno - Garland,14.972499874999999,55.37580533333334,11.474320566666668,1007.0708333333333,0.049999999999999996,77.33333333333333
2017-05-08,36.78538,-119.77321,11.7,0.065,56.0,Fresno - Garland,17.357916499999998,53.41380508333333,5.009461399166667,1011.9625,0.0,28.166666666666668
2017-05-09,36.78538,-119.77321,13.3,0.072,59.0,Fresno - Garland,21.174583291666668,54.89422570833333,4.239572939166667,1009.4333333333334,0.0,39.833333333333336
2017-05-10,36.78538,-119.77321,10.0,0.064,53.0,Fresno - Garland,22.141249958333333,48.998532125,7.586604379166666,1011.3416666666667,0.0,40.208333333333336
2017-05-11,36.78538,-119.77321,7.9,0.055,44.0,Fresno - Garland,20.847499916666667,51.619496,12.090507133333332,1017.2833333333333,0.0,27.375
2017-05-12,36.78538,-119.77321,3.6,0.047,20.0,Fresno - Garland,18.564166583333336,47.229371291666666,20.4932475125,1017.3249999999999,0.0,34.083333333333336
2017-05-13,36.78538,-119.77321,3.6,0.052,20.0,Fresno - Garland,15.970416499999999,41.249197833333334,19.791306333333335,1016.0416666666666,0.0,1.0
2017-05-14,36.78538,-119.77321,6.5,0.049,36.0,Fresno - Garland,16.449583125,40.11708183333334,12.780383925,1011.8041666666667,0.0,25.875
2017-05-15,36.78538,-119.77321,7.0,0.044,39.0,Fresno - Garland,16.230833208333333,47.11976820833333,11.732715779166668,1010.1,0.008333333333333333,77.625
2017-05-16,36.78538,-119.77321,4.8,0.048,27.0,Fresno - Garland,16.497499791666666,53.70715833333333,8.061663679166667,1013.9916666666667,0.0,45.916666666666664
2017-05-17,36.78538,-119.77321,5.0,0.048,28.0,Fresno - Garland,17.632916583333333,53.82403020833333,19.23574425,1015.0041666666666,0.0,53.291666666666664
2017-05-18,36.78538,-119.77321,9.2,0.052,51.0,Fresno - Garland,19.241249958333334,37.54245916666667,9.3427426075,1013.0500000000001,0.0,0.0
2017-05-19,36.78538,-119.77321,7.6,0.058,42.0,Fresno - Garland,22.19958325,36.8631405,6.499876754166667,1012.5541666666667,0.0,0.0
2017-05-20,36.78538,-119.77321,9.0,0.071,50.0,Fresno - Garland,24.522499999999997,33.50805125,6.3758735,1012.1416666666665,0.0,0.0
2017-05-21,36.78538,-119.77321,10.0,0.069,53.0,Fresno - Garland,26.557916666666667,34.518987083333336,6.3166571875,1010.9791666666666,0.0,2.6666666666666665
2017-05-22,36.78538,-119.77321,8.1,0.072,45.0,Fresno - Garland,27.4225,29.006428875,7.2235201374999995,1011.7541666666666,0.0,1.2916666666666667
2017-05-23,36.78538,-119.77321,13.1,0.085,58.0,Fresno - Garland,28.70375,34.3139415,6.604119640416666,1010.9791666666666,0.0,0.041666666666666664
2017-05-24,36.78538,-119.77321,11.0,0.075,55.0,Fresno - Garland,28.401666666666667,32.45723329166667,10.472117383333334,1007.7458333333334,0.0,22.375
2017-05-25,36.78538,-119.77321,5.8,0.055,32.0,Fresno - Garland,22.701666666666668,37.56465691666667,13.347246266666666,1005.3041666666667,0.0,29.916666666666668
2017-05-26,36.78538,-119.77321,7.4,0.043,41.0,Fresno - Garland,19.772499916666668,51.451047249999995,6.949350758333334,1010.3291666666668,0.0,2.3333333333333335
2017-05-27,36.78538,-119.77321,8.9,0.053,49.0,Fresno - Garland,20.041249958333335,56.374538666666666,8.147389145833333,1015.4041666666667,0.0,4.625
2017-05-28,36.78538,-119.77321,8.6,0.058,48.0,Fresno - Garland,23.045416666666668,50.48261216666666,11.655841208333333,1015.5291666666667,0.0,0.041666666666666664
2017-05-29,36.78538,-119.77321,8.0,0.058,44.0,Fresno - Garland,25.087083333333336,44.968802333333336,13.541419291666665,1011.975,0.0,44.416666666666664
2017-05-30,36.78538,-119.77321,4.8,0.053,27.0,Fresno - Garland,24.407916666666665,40.91087266666667,15.809834479166668,1010.4958333333334,0.0,58.75
2017-05-31,36.78538,-119.77321,4.0,0.048,22.0,Fresno - Garland,20.799583333333334,46.49866758333334,15.652806529166666,1011.4541666666668,0.020833333333333332,92.91666666666667
2017-06-01,36.78538,-119.77321,1.8,0.047,10.0,Fresno - Garland,21.528750000000002,54.834965333333336,10.343725000000001,1011.7375000000001,0.0,4.0
2017-06-02,36.78538,-119.77321,5.7,0.061,32.0,Fresno - Garland,24.459999999999997,47.172810375000005,11.523929845833335,1011.4083333333333,0.0,2.75
2017-06-03,36.78538,-119.77321,10.1,0.073,53.0,Fresno - Garland,27.341250000000002,38.43227675,9.899600920833333,1009.6583333333333,0.0,49.291666666666664
2017-06-04,36.78538,-119.77321,4.1,0.069,23.0,Fresno - Garland,27.91625,26.3322596875,13.921667874999999,1009.475,0.0,0.3333333333333333
2017-06-05,36.78538,-119.77321,5.4,0.068,30.0,Fresno - Garland,25.493333333333336,25.540826312500002,13.4704800625,1010.2083333333334,0.0,2.2083333333333335
2017-06-06,36.78538,-119.77321,7.7,0.078,43.0,Fresno - Garland,26.591250000000002,29.18659739583333,8.2758492,1009.9416666666666,0.0,0.9583333333333334
2017-06-07,36.78538,-119.77321,6.7,0.066,37.0,Fresno - Garland,26.770416666666666,27.381787625,11.288983220833332,1009.5458333333332,0.0,6.666666666666667
2017-06-08,36.78538,-119.77321,3.4,0.05,19.0,Fresno - Garland,24.393333333333334,34.10303154166667,13.039346237499998,1012.2833333333333,0.0,76.16666666666667
2017-06-09,36.78538,-119.77321,3.7,0.038,21.0,Fresno - Garland,22.435000000000002,46.328959,12.136104099999999,1012.7166666666667,0.0,65.95833333333333
2017-06-10,36.78538,-119.77321,5.1,0.048,28.0,Fresno - Garland,20.037083208333332,42.32261033333334,18.661462083333333,1011.6916666666666,0.0,17.875
2017-06-11,36.78538,-119.77321,0.5,0.04,3.0,Fresno - Garland,18.593333291666667,40.104310416666664,17.2031800625,1011.525,0.0,6.083333333333333
2017-06-12,36.78538,-119.77321,1.3,0.043,7.0,Fresno - Garland,17.037083291666665,47.34020533333333,11.6044018125,1016.3958333333334,0.004166666666666667,17.083333333333332
2017-06-13,36.78538,-119.77321,6.7,0.05,37.0,Fresno - Garland,19.989166583333333,44.782547208333334,12.950033625000001,1016.5791666666668,0.0,0.041666666666666664
2017-06-14,36.78538,-119.77321,8.3,0.06,46.0,Fresno - Garland,24.060000000000002,39.31726070833333,9.727249270833333,1012.7416666666667,0.0,0.0
2017-06-15,36.78538,-119.77321,5.5,0.058,31.0,Fresno - Garland,26.9475,32.23138266666667,13.7923665,1012.4875000000001,0.0,0.0
2017-06-16,36.78538,-119.77321,8.0,0.076,44.0,Fresno - Garland,27.91208333333333,37.726259041666665,11.5080879125,1012.6,0.0,0.8333333333333334
2017-06-17,36.78538,-119.77321,7.3,0.068,41.0,Fresno - Garland,30.439166666666665,38.990456333333334,11.135570970833333,1009.9416666666666,0.0,2.25
2017-06-18,36.78538,-119.77321,8.6,0.074,48.0,Fresno - Garland,32.401666666666664,31.852357666666666,7.548198883333334,1007.1625,0.0,9.916666666666666
2017-06-19,36.78538,-119.77321,9.4,0.067,52.0,Fresno - Garland,33.876666666666665,34.38485145833334,7.4931180416666665,1005.8541666666666,0.0,5.125
2017-06-20,36.78538,-119.77321,10.5,0.072,54.0,Fresno - Garland,34.7475,33.23227725,8.781621175,1006.9666666666667,0.0,0.5416666666666666
2017-06-21,36.78538,-119.77321,12.7,0.072,58.0,Fresno - Garland,33.36416666666667,33.16674583333333,11.9362105,1005.625,0.0,0.4583333333333333
2017-06-22,36.78538,-119.77321,11.7,0.082,56.0,Fresno - Garland,33.82666666666667,36.066519541666665,7.474722533333334,1003.5375,0.0,0.0
2017-06-23,36.78538,-119.77321,12.5,0.095,57.0,Fresno - Garland,33.5475,31.38959854166667,10.061725516666668,1006.775,0.0,0.0
2017-06-24,36.78538,-119.77321,11.7,0.089,56.0,Fresno - Garland,31.78916666666667,32.52027125,12.183644591666665,1009.5166666666668,0.0,27.75
2017-06-25,36.78538,-119.77321,8.0,0.077,44.0,Fresno - Garland,31.512083333333333,37.767997875,10.321597133333333,1010.5291666666667,0.0,26.25
2017-06-26,36.78538,-119.77321,2.9,0.055,16.0,Fresno - Garland,29.3225,33.185172916666666,12.732841491666667,1012.4583333333334,0.0,0.0
2017-06-27,36.78538,-119.77321,4.2,0.061,23.0,Fresno - Garland,26.907916666666665,38.849639958333334,13.698241566666667,1011.5749999999999,0.0,0.0
2017-06-28,36.78538,-119.77321,3.9,0.057,22.0,Fresno - Garland,26.426666666666666,38.981530291666665,13.686214270833332,1010.1166666666667,0.0,0.125
2017-06-29,36.78538,-119.77321,5.5,0.059,31.0,Fresno - Garland,27.174583333333334,35.719866375,12.078681916666667,1010.3833333333333,0.0,0.08333333333333333
2017-06-30,36.78538,-119.77321,8.1,0.068,45.0,Fresno - Garland,27.16208333333333,34.29722404166667,13.2002344375,1011.0208333333334,0.0,0.0
2017-07-01,36.78538,-119.77321,8.8,0.066,49.0,Fresno - Garland,26.949583333333333,35.69467041666667,13.198926145833333,1009.1458333333334,0.0,0.041666666666666664
2017-07-02,36.78538,-119.77321,8.0,0.072,44.0,Fresno - Garland,26.76625,40.44880979166667,9.4759855875,1009.5708333333333,0.0,0.0
2017-07-03,36.78538,-119.77321,9.2,0.08,51.0,Fresno - Garland,28.61208333333333,38.65975233333334,8.2960422875,1012.4833333333332,0.0,0.0
2017-07-04,36.78538,-119.77321,21.9,0.081,75.0,Fresno - Garland,29.61,35.24571533333333,7.116028008333333,1012.4416666666666,0.0,0.0
2017-07-05,36.78538,-119.77321,10.8,0.087,54.0,Fresno - Garland,29.9975,31.18317983333333,10.846040004166667,1012.4541666666668,0.0,8.333333333333334
2017-07-06,36.78538,-119.77321,7.0,0.076,39.0,Fresno - Garland,30.743333333333336,29.17354125,11.084415083333333,1014.1750000000001,0.0,6.666666666666667
2017-07-07,36.78538,-119.77321,8.9,0.083,49.0,Fresno - Garland,32.45166666666667,24.045134958333335,13.688823416666667,1013.0083333333333,0.0,0.20833333333333334
2017-07-08,36.78538,-119.77321,8.2,0.074,46.0,Fresno - Garland,33.10583333333333,23.894970083333334,10.949034604166668,1010.0041666666666,0.0,7.291666666666667
2017-07-09,36.78538,-119.77321,10.3,0.079,53.0,Fresno - Garland,32.787083333333335,19.040079,10.14921335,1009.8791666666666,0.0,0.25
2017-07-10,36.78538,-119.77321,13.4,0.078,59.0,Fresno - Garland,32.30583333333333,27.772938291666666,7.076549887500001,1009.2166666666667,0.0,26.25
2017-07-11,36.78538,-119.77321,8.0,0.06,44.0,Fresno - Garland,31.61208333333333,30.029194041666667,8.711994508333333,1008.9250000000001,0.0,36.5
2017-07-12,36.78538,-119.77321,9.4,0.065,52.0,Fresno - Garland,30.29958333333333,28.416344624999997,11.331115795833334,1010.2916666666666,0.0,0.125
2017-07-13,36.78538,-119.77321,11.6,0.074,56.0,Fresno - Garland,30.084999999999997,32.814289125,8.365426904166666,1011.7291666666666,0.0,0.0
2017-07-14,36.78538,-119.77321,11.3,0.076,55.0,Fresno - Garland,30.53708333333333,31.005684125000002,8.972399516666666,1012.9625,0.0,8.333333333333334
2017-07-15,36.78538,-119.77321,9.2,0.073,51.0,Fresno - Garland,30.524583333333336,27.909632041666665,11.272763979166667,1013.1666666666666,0.0,4.0
2017-07-16,36.78538,-119.77321,10.4,0.075,53.0,Fresno - Garland,31.303749999999997,29.612721249999996,11.055801725,1010.8541666666666,0.0,41.041666666666664
2017-07-17,36.78538,-119.77321,11.3,0.074,55.0,Fresno - Garland,32.30583333333333,24.78970683333333,10.929083216666667,1008.0666666666666,0.0,0.5
2017-07-18,36.78538,-119.77321,8.4,0.049,47.0,Fresno - Garland,31.574583333333333,19.999104354166665,15.583332041666667,1010.4375,0.0,0.0
2017-07-19,36.78538,-119.77321,12.5,0.064,57.0,Fresno - Garland,28.86208333333333,25.13492175,13.480970387500001,1012.625,0.0,0.0
2017-07-20,36.78538,-119.77321,7.1,0.063,39.0,Fresno - Garland,27.778750000000002,30.21985045833333,11.959299083333333,1013.1458333333334,0.0,0.041666666666666664
2017-07-21,36.78538,-119.77321,6.5,0.057,36.0,Fresno - Garland,27.76625,33.70427485416666,11.67012825,1012.6833333333334,0.0,2.3333333333333335
2017-07-22,36.78538,-119.77321,8.7,0.074,48.0,Fresno - Garland,28.812083333333334,31.636887041666668,8.761280504166667,1010.875,0.0,0.0
2017-07-23,36.78538,-119.77321,10.5,0.087,54.0,Fresno - Garland,31.039166666666663,28.42623747916667,7.641811162500001,1008.0416666666666,0.0,1.5833333333333333
2017-07-24,36.78538,-119.77321,9.0,0.074,50.0,Fresno - Garland,31.053749999999997,28.79204597916667,7.473296554166667,1007.1875,0.0,15.5
2017-07-25,36.78538,-119.77321,8.0,0.06,44.0,Fresno - Garland,28.482916666666668,35.51698445833333,8.227854433333333,1010.0666666666666,0.0,3.0
2017-07-26,36.78538,-119.77321,8.0,0.06,44.0,Fresno - Garland,28.482916666666668,35.51698445833333,8.227854433333333,1010.0666666666666,0.0,3.0
2017-07-27,36.78538,-119.77321,5.8,0.065,32.0,Fresno - Garland,30.587083333333336,30.782461458333334,11.700938091666666,1012.1708333333332,0.0,0.4166666666666667
2017-07-28,36.78538,-119.77321,7.5,0.073,42.0,Fresno - Garland,31.47458333333333,26.001285291666665,8.994088358333334,1009.9250000000001,0.0,0.0
2017-07-29,36.78538,-119.77321,8.5,0.074,47.0,Fresno - Garland,31.393333333333334,24.720297666666667,9.773873329166667,1010.5875,0.0,0.0
2017-07-30,36.78538,-119.77321,8.1,0.068,45.0,Fresno - Garland,30.624583333333334,29.369303541666667,9.96491305,1013.1208333333334,0.0,0.0
2017-07-31,36.78538,-119.77321,3.2,0.069,18.0,Fresno - Garland,31.39125,24.038170875000002,11.9389628125,1013.5208333333334,0.0,0.25
2017-08-01,36.78538,-119.77321,10.5,0.096,54.0,Fresno - Garland,31.966250000000002,24.798793041666666,9.220710029166666,1010.8375,0.0,10.333333333333334
2017-08-02,36.78538,-119.77321,15.8,0.085,63.0,Fresno - Garland,33.876666666666665,30.73212129166667,7.1852367875,1009.3666666666667,0.0,34.25
2017-08-03,36.78538,-119.77321,12.8,0.074,58.0,Fresno - Garland,33.89958333333333,22.692227958333334,8.082827341666666,1011.2708333333334,0.0,91.91666666666667
2017-08-04,36.78538,-119.77321,10.7,0.061,54.0,Fresno - Garland,31.889166666666668,27.699935999999997,9.1466947,1011.9125,0.024999999999999998,79.45833333333333
2017-08-05,36.78538,-119.77321,13.7,0.068,60.0,Fresno - Garland,31.26625,34.41665154166667,12.520038999999999,1010.5083333333333,0.0,30.5
2017-08-06,36.78538,-119.77321,9.2,0.058,51.0,Fresno - Garland,30.39125,34.471224041666666,12.236919416666666,1009.9041666666667,0.0,5.708333333333333
2017-08-07,36.78538,-119.77321,11.4,0.066,55.0,Fresno - Garland,28.857916666666668,32.30443891666666,12.202275395833333,1010.5041666666666,0.0,2.0
2017-08-08,36.78538,-119.77321,13.0,0.066,58.0,Fresno - Garland,28.53916666666667,36.2038935,11.669295220833334,1011.3541666666666,0.0,0.0
2017-08-09,36.78538,-119.77321,11.8,0.067,56.0,Fresno - Garland,28.676666666666666,39.52600233333333,10.841602629166667,1010.5375,0.0,0.0
2017-08-10,36.78538,-119.77321,14.9,0.068,62.0,Fresno - Garland,28.053749999999997,44.72649370833333,11.778856208333332,1011.0375,0.0,0.0
2017-08-11,36.78538,-119.77321,16.5,0.067,65.0,Fresno - Garland,29.22666666666667,40.694655583333336,10.590440175,1010.6583333333333,0.0,0.0
2017-08-12,36.78538,-119.77321,14.0,0.074,60.0,Fresno - Garland,29.543333333333333,35.97482945833333,10.114722758333334,1009.6458333333334,0.0,0.0
2017-08-13,36.78538,-119.77321,8.2,0.058,46.0,Fresno - Garland,29.137083333333333,31.80064391666667,10.116009554166666,1009.9791666666666,0.0,0.0
2017-08-14,36.78538,-119.77321,2.7,0.033,15.0,Fresno - Garland,27.209999999999997,42.344289124999996,12.2621872,1008.9958333333334,0.0,16.458333333333332
2017-08-15,36.78538,-119.77321,9.0,0.049,50.0,Fresno - Garland,23.582916666666666,53.32739841666666,13.437122916666667,1008.8874999999999,0.0,19.0
2017-08-16,36.78538,-119.77321,14.5,0.058,61.0,Fresno - Garland,24.334999999999997,48.55125520833334,11.290414645833332,1011.1625,0.0,0.16666666666666666
2017-08-17,36.78538,-119.77321,13.6,0.07,59.0,Fresno - Garland,27.46625,43.06749291666667,8.963757629166667,1012.5666666666666,0.0,0.75
2017-08-18,36.78538,-119.77321,12.6,0.073,58.0,Fresno - Garland,29.637083333333333,39.003259,10.541199112500001,1012.3458333333333,0.0,6.0
2017-08-19,36.78538,-119.77321,19.0,0.077,69.0,Fresno - Garland,30.170416666666668,39.75734083333333,8.434201391666667,1010.2375000000001,0.0,2.1666666666666665
2017-08-20,36.78538,-119.77321,18.3,0.072,68.0,Fresno - Garland,28.820416666666663,40.018866124999995,10.2938525,1008.7708333333334,0.0,3.5416666666666665
2017-08-21,36.78538,-119.77321,17.8,0.056,67.0,Fresno - Garland,28.35166666666667,42.93020816666667,13.281456875000002,1011.0291666666667,0.0,25.833333333333332
2017-08-22,36.78538,-119.77321,12.5,0.065,57.0,Fresno - Garland,27.58083333333333,45.882492291666665,9.168863491666666,1013.8416666666667,0.0,1.9166666666666667
2017-08-23,36.78538,-119.77321,19.6,0.078,71.0,Fresno - Garland,28.82041666666667,40.342389958333335,9.868167329166667,1011.8000000000001,0.0,1.4166666666666667
2017-08-24,36.78538,-119.77321,20.2,0.08,72.0,Fresno - Garland,28.7225,39.72163366666667,12.045294104166667,1009.3541666666666,0.0,0.125
2017-08-25,36.78538,-119.77321,12.0,0.075,56.0,Fresno - Garland,28.94333333333333,35.072699291666666,11.1379889125,1007.7958333333332,0.0,0.75
2017-08-26,36.78538,-119.77321,19.8,0.093,71.0,Fresno - Garland,30.85375,29.39956825,9.391898111249999,1009.6458333333334,0.0,0.625
2017-08-27,36.78538,-119.77321,17.4,0.082,66.0,Fresno - Garland,32.026666666666664,30.191295916666665,6.557324416666667,1011.225,0.0,8.166666666666666
2017-08-28,36.78538,-119.77321,19.8,0.112,71.0,Fresno - Garland,32.25791666666667,30.512374041666664,7.328809770833334,1009.1125000000001,0.0,0.041666666666666664
2017-08-29,36.78538,-119.77321,16.3,0.085,64.0,Fresno - Garland,32.86625,34.939074166666664,7.615742762499999,1007.6583333333333,0.0,16.958333333333332
2017-08-30,36.78538,-119.77321,10.8,0.08,54.0,Fresno - Garland,32.3225,30.08190116666667,12.019732454166666,1008.1833333333334,0.0,36.083333333333336
2017-08-31,36.78538,-119.77321,17.0,0.083,66.0,Fresno - Garland,30.0975,28.598704333333334,9.874118508333334,1008.0833333333334,0.0,1.25
2017-09-01,36.78538,-119.77321,23.8,0.081,78.0,Fresno - Garland,31.482916666666668,30.739204375,8.2253500625,1008.15,0.0,3.75
2017-09-02,36.78538,-119.77321,35.1,0.096,99.0,Fresno - Garland,32.722500000000004,35.55399966666666,6.339744270833333,1008.1166666666667,0.0,7.125
2017-09-03,36.78538,-119.77321,33.2,0.081,96.0,Fresno - Garland,33.410000000000004,32.06228579166667,7.8296966333333335,1009.3666666666667,0.0,9.833333333333334
2017-09-04,36.78538,-119.77321,20.9,0.066,73.0,Fresno - Garland,32.318333333333335,40.77400095833333,6.3745129,1008.9625,0.0,43.791666666666664
2017-09-05,36.78538,-119.77321,16.4,0.068,65.0,Fresno - Garland,30.582916666666666,48.945517,9.536064158333334,1010.9208333333332,0.0,30.458333333333332
2017-09-06,36.78538,-119.77321,12.8,0.07,58.0,Fresno - Garland,29.957916666666666,51.069059708333334,6.585781720833334,1012.3375,0.0,3.5
2017-09-07,36.78538,-119.77321,15.6,0.059,63.0,Fresno - Garland,27.495416666666667,46.89355366666666,11.829315516666668,1012.0708333333333,0.0,1.5
2017-09-08,36.78538,-119.77321,17.7,0.062,67.0,Fresno - Garland,25.457916666666666,56.07379383333333,10.796278041666667,1010.4041666666667,0.0,3.625
2017-09-09,36.78538,-119.77321,17.3,0.072,66.0,Fresno - Garland,26.653750000000002,52.782734500000004,9.860862529166667,1011.6041666666666,0.0,13.041666666666666
2017-09-10,36.78538,-119.77321,17.2,0.076,66.0,Fresno - Garland,28.539166666666663,40.52307320833334,7.435574295833334,1012.6916666666666,0.0,23.041666666666668
2017-09-11,36.78538,-119.77321,18.3,0.069,68.0,Fresno - Garland,29.826666666666668,36.609007041666665,8.385914303333333,1010.3333333333334,0.008333333333333333,67.95833333333333
2017-09-12,36.78538,-119.77321,20.5,0.081,72.0,Fresno - Garland,28.449583333333333,51.121508041666665,7.16654325,1010.5375,0.016666666666666666,38.708333333333336
2017-09-13,36.78538,-119.77321,3.8,0.058,21.0,Fresno - Garland,26.616249999999997,52.00802829166667,10.790259020833332,1008.8208333333333,0.0,2.9583333333333335
2017-09-14,36.78538,-119.77321,7.4,0.059,41.0,Fresno - Garland,22.9725,60.03939154166667,11.4197093625,1009.6291666666666,0.0,40.333333333333336
2017-09-15,36.78538,-119.77321,12.7,0.053,58.0,Fresno - Garland,22.064166666666665,50.26665766666667,10.830277975,1011.1999999999999,0.0,1.25
2017-09-16,36.78538,-119.77321,15.2,0.066,62.0,Fresno - Garland,22.705833333333334,51.43018920833333,7.981111195833333,1011.2125,0.0,15.458333333333334
2017-09-17,36.78538,-119.77321,16.1,0.066,64.0,Fresno - Garland,24.72875,39.603594,9.990822254166668,1010.9833333333332,0.0,25.125
2017-09-18,36.78538,-119.77321,9.6,0.057,52.0,Fresno - Garland,23.387083333333333,39.85346075,10.827496916666666,1011.8375,0.0,2.25
2017-09-19,36.78538,-119.77321,6.9,0.05,38.0,Fresno - Garland,21.826666625,48.23885333333333,17.54111275,1012.9541666666668,0.0,9.333333333333334
2017-09-20,36.78538,-119.77321,5.5,0.043,31.0,Fresno - Garland,21.185,40.52152670833333,11.992123658333334,1012.2166666666667,0.0,0.0
2017-09-21,36.78538,-119.77321,6.4,0.043,36.0,Fresno - Garland,19.63708325,55.10564470833334,14.546587645833334,1010.0166666666668,0.2541666666666667,40.708333333333336
2017-09-22,36.78538,-119.77321,8.0,0.048,44.0,Fresno - Garland,16.789166625,52.407997125,9.158037358333333,1011.6333333333333,0.029166666666666664,4.708333333333333
2017-09-23,36.78538,-119.77321,10.2,0.047,53.0,Fresno - Garland,17.687083208333334,45.245051999999994,7.861691212499999,1010.7291666666666,0.0,1.125
2017-09-24,36.78538,-119.77321,10.5,0.05,54.0,Fresno - Garland,18.984999916666666,41.213437,6.123970745833333,1012.2958333333332,0.0,0.0
2017-09-25,36.78538,-119.77321,5.5,0.056,31.0,Fresno - Garland,20.49958325,38.24827283333333,6.440401590416666,1012.4875000000001,0.0,32.5
2017-09-26,36.78538,-119.77321,9.2,0.067,51.0,Fresno - Garland,21.39333320833333,37.764038125,7.219282266666667,1009.8249999999999,0.0,8.5
2017-09-27,36.78538,-119.77321,10.7,0.071,54.0,Fresno - Garland,23.08499983333333,34.955209958333334,6.466681804166666,1010.25,0.0,0.0
2017-09-28,36.78538,-119.77321,10.0,0.07,53.0,Fresno - Garland,23.768333333333334,36.565074083333336,6.979707479166667,1012.5208333333334,0.0,8.291666666666666
2017-09-29,36.78538,-119.77321,9.3,0.07,51.0,Fresno - Garland,24.057916625,31.887369958333334,7.304154654166666,1012.6125000000001,0.0,27.75
2017-09-30,36.78538,-119.77321,5.1,0.047,28.0,Fresno - Garland,22.857916666666668,48.36899758333334,12.775964416666667,1012.0124999999999,0.0,26.75
2017-10-01,36.78538,-119.77321,8.2,0.051,46.0,Fresno - Garland,21.872500000000002,45.82962008333333,12.3656011875,1010.8375,0.0,49.375
2017-10-02,36.78538,-119.77321,8.6,0.049,48.0,Fresno - Garland,19.739166625,25.421704666666667,10.770295645833334,1008.0416666666666,0.0,3.875
2017-10-03,36.78538,-119.77321,8.6,0.049,48.0,Fresno - Garland,19.739166625,25.421704666666667,10.770295645833334,1008.0416666666666,0.0,3.875
2017-10-04,36.78538,-119.77321,8.6,0.049,48.0,Fresno - Garland,19.739166625,25.421704666666667,10.770295645833334,1008.0416666666666,0.0,3.875
2017-10-05,36.78538,-119.77321,13.6,0.061,59.0,Fresno - Garland,18.13916658333333,38.87843891666667,6.952498308333333,1015.4208333333332,0.0,0.0
2017-10-06,36.78538,-119.77321,14.5,0.06,61.0,Fresno - Garland,19.195416625,33.94796208333333,6.585440008333333,1015.2624999999999,0.0,0.0
2017-10-07,36.78538,-119.77321,17.4,0.076,66.0,Fresno - Garland,20.455833333333334,37.71935979166667,6.5676380375,1012.9541666666668,0.0,5.25
2017-10-08,36.78538,-119.77321,15.6,0.059,63.0,Fresno - Garland,20.61833325,42.71941325,10.251923020833333,1007.4708333333333,0.0,0.875
2017-10-09,36.78538,-119.77321,10.7,0.043,54.0,Fresno - Garland,20.097499958333334,30.502469166666668,8.5289669,1009.8625000000001,0.0,0.0
2017-10-10,36.78538,-119.77321,17.3,0.05,66.0,Fresno - Garland,19.284999958333334,38.974611875,6.2036293250000005,1013.4125,0.0,4.5
2017-10-11,36.78538,-119.77321,37.5,0.066,106.0,Fresno - Garland,19.664166625,36.00426325,10.086800520833334,1011.125,0.0,39.416666666666664
2017-10-12,36.78538,-119.77321,30.1,0.045,90.0,Fresno - Garland,16.620416583333334,28.509952375,12.276958020833334,1015.2041666666665,0.0,2.6666666666666665
2017-10-13,36.78538,-119.77321,25.3,0.058,81.0,Fresno - Garland,15.253749916666665,37.78119725,6.117195966666667,1017.5041666666666,0.0,0.041666666666666664
2017-10-14,36.78538,-119.77321,35.9,0.061,102.0,Fresno - Garland,15.839166541666666,43.47419754166666,6.1285816625,1018.0166666666668,0.0,0.0
2017-10-15,36.78538,-119.77321,23.1,0.07,77.0,Fresno - Garland,17.518333208333335,44.22228075,5.144973558333334,1019.1,0.0,14.666666666666666
2017-10-16,36.78538,-119.77321,21.3,0.066,74.0,Fresno - Garland,18.626666583333336,40.14113641666666,5.298374241666667,1019.6625,0.0,41.083333333333336
2017-10-17,36.78538,-119.77321,31.0,0.07,92.0,Fresno - Garland,19.164166541666667,40.619862958333336,5.8237185125,1017.8249999999999,0.0,60.875
2017-10-18,36.78538,-119.77321,32.0,0.075,94.0,Fresno - Garland,19.232916541666665,46.102430875,6.09335,1016.0375,0.0,89.83333333333333
2017-10-19,36.78538,-119.77321,22.1,0.064,75.0,Fresno - Garland,17.845416583333336,44.334460291666666,8.342630658333333,1013.4916666666667,0.0,23.166666666666668
2017-10-20,36.78538,-119.77321,2.2,0.042,12.0,Fresno - Garland,17.057916625,60.99315375,15.292455133333334,1014.3458333333333,0.05416666666666667,38.666666666666664
2017-10-21,36.78538,-119.77321,14.7,0.04,61.0,Fresno - Garland,14.076666583333333,60.7261135,11.978570308333333,1020.5416666666666,0.0,34.583333333333336
2017-10-22,36.78538,-119.77321,14.4,0.048,61.0,Fresno - Garland,15.180833166666666,57.911247374999995,6.254029233333333,1025.1333333333334,0.0,1.7083333333333333
2017-10-23,36.78538,-119.77321,10.8,0.053,54.0,Fresno - Garland,16.41208325,66.13325658333333,5.757562679166667,1023.9083333333333,0.0,0.0
2017-10-24,36.78538,-119.77321,14.9,0.068,62.0,Fresno - Garland,19.30375,58.111534,4.0776414291666665,1021.0124999999999,0.0,0.0
2017-10-25,36.78538,-119.77321,17.3,0.068,66.0,Fresno - Garland,20.5204165,50.127018875000005,4.832132033333333,1015.9875000000001,0.0,0.0
2017-10-26,36.78538,-119.77321,17.4,0.07,66.0,Fresno - Garland,20.65375,50.522111625,6.219204979166666,1011.6291666666666,0.0,0.0
2017-10-27,36.78538,-119.77321,20.8,0.076,73.0,Fresno - Garland,20.74125,52.731649125,5.663118927916667,1013.5666666666666,0.0,4.916666666666667
2017-10-28,36.78538,-119.77321,18.1,0.077,68.0,Fresno - Garland,20.778749958333332,54.07077720833333,5.967582675,1012.6833333333334,0.0,0.0
2017-10-29,36.78538,-119.77321,23.0,0.068,77.0,Fresno - Garland,20.380833291666665,55.594641125,5.230430445833333,1010.5333333333333,0.0,17.458333333333332
2017-10-30,36.78538,-119.77321,21.9,0.053,75.0,Fresno - Garland,18.680833250000003,63.54139204166666,7.295626729166667,1009.1791666666667,0.0,69.625
2017-10-31,36.78538,-119.77321,7.3,0.039,41.0,Fresno - Garland,15.287083208333334,63.918979916666665,9.537589095833333,1011.1875,0.0,8.166666666666666
2017-11-01,36.78538,-119.77321,15.5,0.047,63.0,Fresno - Garland,15.391249875,68.31293529166668,4.950392095833333,1013.3041666666667,0.0,0.3333333333333333
2017-11-02,36.78538,-119.77321,29.7,0.019,89.0,Fresno - Garland,14.916249875,68.86700387500001,5.035499491666667,1014.4333333333334,0.0,20.333333333333332
2017-11-03,36.78538,-119.77321,14.3,0.038,61.0,Fresno - Garland,16.257916583333333,60.73727125,9.320634370833334,1017.2916666666666,0.0,70.58333333333333
2017-11-04,36.78538,-119.77321,6.3,0.035,35.0,Fresno - Garland,16.705833208333335,51.61250395833333,6.939089991666667,1016.15,0.0,91.29166666666667
2017-11-05,36.78538,-119.77321,2.8,0.04,16.0,Fresno - Garland,13.96208325,55.23871795833333,11.152279654166668,1017.9208333333332,0.0,41.666666666666664
2017-11-06,36.78538,-119.77321,10.9,0.039,54.0,Fresno - Garland,11.570416504166666,55.697648625,6.726426254166667,1019.4666666666667,0.0,28.291666666666668
2017-11-07,36.78538,-119.77321,20.7,0.04,73.0,Fresno - Garland,12.434999866666667,54.05152866666666,5.2570616375000006,1019.9166666666666,0.0,23.875
2017-11-08,36.78538,-119.77321,6.1,0.04,34.0,Fresno - Garland,14.582916625000001,41.649191916666666,7.093096004166667,1017.15,0.0,62.583333333333336
2017-11-09,36.78538,-119.77321,3.0,0.029,17.0,Fresno - Garland,17.462083125,66.98098220833333,9.899719625,1015.9416666666666,0.0,53.833333333333336
2017-11-10,36.78538,-119.77321,4.7,0.038,26.0,Fresno - Garland,16.587083208333333,68.87258833333333,9.34667835,1016.5625,0.0,67.125
2017-11-11,36.78538,-119.77321,8.3,0.035,46.0,Fresno - Garland,14.784999833333332,74.25672029166667,7.88234605,1017.5416666666666,0.0,43.583333333333336
2017-11-12,36.78538,-119.77321,20.5,0.034,72.0,Fresno - Garland,14.097499874999999,67.84440975,5.9458358125,1018.3333333333334,0.0,73.91666666666667
2017-11-13,36.78538,-119.77321,16.2,0.039,64.0,Fresno - Garland,13.941249904166668,62.35797016666667,5.508075325,1021.1791666666667,0.0,2.9166666666666665
2017-11-14,36.78538,-119.77321,11.2,0.028,55.0,Fresno - Garland,16.032916458333332,60.025595083333336,6.910168666666667,1021.6208333333334,0.0,59.5
2017-11-15,36.78538,-119.77321,17.0,0.037,66.0,Fresno - Garland,14.930833291666668,66.78932379166666,6.7439164575,1018.125,0.0,64.58333333333333
2017-11-16,36.78538,-119.77321,4.6,0.024,26.0,Fresno - Garland,18.266249875,48.033710375,12.774689583333334,1013.2624999999999,0.020833333333333332,90.04166666666667
2017-11-17,36.78538,-119.77321,4.2,0.039,23.0,Fresno - Garland,16.276666625,72.46243333333334,12.849654275,1016.2291666666666,0.4791666666666667,75.58333333333333
2017-11-18,36.78538,-119.77321,15.6,0.027,63.0,Fresno - Garland,11.099583224999998,71.96533441666666,5.8881634583333335,1022.1791666666667,0.0,11.333333333333334
2017-11-19,36.78538,-119.77321,33.7,0.034,97.0,Fresno - Garland,11.235,73.49208045833333,5.214061666666667,1020.5666666666666,0.0,60.625
2017-11-20,36.78538,-119.77321,23.8,0.043,78.0,Fresno - Garland,12.739166491666666,61.12112083333333,6.209901458333333,1019.0583333333334,0.0,72.41666666666667
2017-11-21,36.78538,-119.77321,28.1,0.041,86.0,Fresno - Garland,14.416249958333333,58.47775575,4.4921717825,1020.7375000000001,0.0,70.5
2017-11-22,36.78538,-119.77321,33.8,0.045,97.0,Fresno - Garland,15.174583208333333,71.17945933333333,4.8382603699999995,1020.4583333333334,0.0,23.875
2017-11-23,36.78538,-119.77321,33.8,0.045,97.0,Fresno - Garland,15.174583208333333,71.17945933333333,4.8382603699999995,1020.4583333333334,0.0,23.875
2017-11-24,36.78538,-119.77321,33.8,0.045,97.0,Fresno - Garland,15.174583208333333,71.17945933333333,4.8382603699999995,1020.4583333333334,0.0,23.875
2017-11-25,36.78538,-119.77321,33.8,0.045,97.0,Fresno - Garland,15.174583208333333,71.17945933333333,4.8382603699999995,1020.4583333333334,0.0,23.875
2017-11-26,36.78538,-119.77321,33.8,0.045,97.0,Fresno - Garland,15.174583208333333,71.17945933333333,4.8382603699999995,1020.4583333333334,0.0,23.875
2017-11-27,36.78538,-119.77321,33.8,0.045,97.0,Fresno - Garland,15.174583208333333,71.17945933333333,4.8382603699999995,1020.4583333333334,0.0,23.875
2017-11-28,36.78538,-119.77321,33.8,0.045,97.0,Fresno - Garland,15.174583208333333,71.17945933333333,4.8382603699999995,1020.4583333333334,0.0,23.875
2017-11-29,36.78538,-119.77321,31.8,0.023,93.0,Fresno - Garland,9.291249833333334,83.72871779166667,5.790221765416667,1020.1666666666666,0.0,78.25
2017-11-30,36.78538,-119.77321,36.5,0.028,103.0,Fresno - Garland,8.820416516666667,85.24811166666667,5.888317057083333,1020.7666666666668,0.0,29.666666666666668
2017-12-01,36.78538,-119.77321,57.7,0.029,153.0,Fresno - Garland,9.01208315,85.1740425,4.42218627,1019.3458333333333,0.0,56.583333333333336
2017-12-02,36.78538,-119.77321,57.4,0.029,152.0,Fresno - Garland,9.0954164875,81.74654225,4.740004790833333,1017.5124999999999,0.0,61.5
2017-12-03,36.78538,-119.77321,27.1,0.037,85.0,Fresno - Garland,10.907916583333334,72.54348904166666,11.811979808333334,1018.0958333333333,0.0,69.08333333333333
2017-12-04,36.78538,-119.77321,16.6,0.023,65.0,Fresno - Garland,7.557916591666667,72.22894195833334,9.356830650000001,1020.1291666666666,0.0,3.9583333333333335
2017-12-05,36.78538,-119.77321,41.3,0.022,115.0,Fresno - Garland,7.584999958333333,68.801436625,5.382174745833333,1022.6291666666666,0.0,0.0
2017-12-06,36.78538,-119.77321,27.7,0.025,86.0,Fresno - Garland,7.3724999083333325,61.8001955,5.806412854166666,1025.0083333333334,0.0,0.0
2017-12-07,36.78538,-119.77321,34.5,0.02,98.0,Fresno - Garland,8.0620831625,60.091083875,5.735583190833334,1028.0041666666666,0.0,0.0
2017-12-08,36.78538,-119.77321,30.8,0.027,91.0,Fresno - Garland,9.214166595833333,55.9433235,4.8514728825,1030.2625,0.0,36.208333333333336
2017-12-09,36.78538,-119.77321,43.4,0.025,120.0,Fresno - Garland,8.974583108333333,65.20158541666667,5.167682044583334,1027.4083333333333,0.0,44.041666666666664
2017-12-10,36.78538,-119.77321,57.7,0.03,153.0,Fresno - Garland,9.309999825,69.77558895833333,5.131165666666667,1025.7833333333333,0.0,64.16666666666667
2017-12-11,36.78538,-119.77321,45.1,0.016,125.0,Fresno - Garland,9.320416570833332,69.050144125,5.234103686666667,1025.3416666666667,0.0,79.5
2017-12-12,36.78538,-119.77321,49.6,0.026,136.0,Fresno - Garland,8.828749970833334,69.98755020833333,4.70708787375,1026.5041666666666,0.0,14.708333333333334
2017-12-13,36.78538,-119.77321,48.6,0.027,133.0,Fresno - Garland,8.649583266666667,70.6457795,3.699353789583333,1021.7333333333332,0.0,17.708333333333332
2017-12-14,36.78538,-119.77321,68.0,0.032,160.0,Fresno - Garland,7.320416641375,76.824546375,4.4909646025,1019.2041666666668,0.0,45.583333333333336
2017-12-15,36.78538,-119.77321,63.5,0.027,157.0,Fresno - Garland,9.2704164375,58.01857183333333,6.402069175,1021.1750000000001,0.0,38.291666666666664
2017-12-16,36.78538,-119.77321,45.6,0.023,126.0,Fresno - Garland,9.637083091666666,66.41988729166667,10.002387329166666,1012.8416666666667,0.0,48.5
2017-12-17,36.78538,-119.77321,37.3,0.029,105.0,Fresno - Garland,7.128749975000001,74.59506616666667,5.839356475,1014.6666666666666,0.0,23.791666666666668
2017-12-18,36.78538,-119.77321,20.7,0.023,73.0,Fresno - Garland,8.059999945833333,59.16148554166667,5.471308700000001,1020.9833333333332,0.0,20.291666666666668
2017-12-19,36.78538,-119.77321,33.2,0.022,96.0,Fresno - Garland,8.703749933333333,58.38055025,5.832583366666667,1021.9291666666667,0.0,19.625
2017-12-20,36.78538,-119.77321,9.0,0.034,50.0,Fresno - Garland,8.914166595833334,66.13868529166668,10.903991929166667,1020.6333333333333,0.12083333333333333,66.29166666666667
2017-12-21,36.78538,-119.77321,26.3,0.027,83.0,Fresno - Garland,5.2558332725,70.03497183333333,8.3998782375,1022.75,0.0,10.333333333333334
2017-12-22,36.78538,-119.77321,29.6,0.024,89.0,Fresno - Garland,3.859999945,63.850599916666674,7.329477462500001,1026.3708333333334,0.0,39.75
2017-12-23,36.78538,-119.77321,50.6,0.026,138.0,Fresno - Garland,7.2579165875,62.370907875,4.064828816666666,1025.6125,0.0,97.58333333333333
2017-12-24,36.78538,-119.77321,70.2,0.027,161.0,Fresno - Garland,7.747499875,57.957798,5.11478665,1023.0208333333334,0.0,94.08333333333333
2017-12-25,36.78538,-119.77321,63.9,0.025,157.0,Fresno - Garland,7.9849998541666665,57.611135,5.048463845833333,1022.3041666666667,0.0,86.20833333333333
2017-12-26,36.78538,-119.77321,65.7,0.032,158.0,Fresno - Garland,9.155833245833334,65.25821879166666,3.8888388583333335,1022.225,0.0,60.416666666666664
2017-12-27,36.78538,-119.77321,35.2,0.027,100.0,Fresno - Garland,8.2579165125,79.30374895833333,5.408768774166667,1024.4125000000001,0.0,44.958333333333336
2017-12-28,36.78538,-119.77321,54.4,0.027,148.0,Fresno - Garland,7.793333337499999,82.11670033333333,4.123571469583333,1024.5291666666667,0.0,45.708333333333336
2017-12-29,36.78538,-119.77321,78.7,0.029,167.0,Fresno - Garland,9.249583266666667,73.654089625,3.5258737541666663,1022.5875,0.0,79.66666666666667
2017-12-30,36.78538,-119.77321,65.6,0.035,158.0,Fresno - Garland,9.784999895833334,63.77950925,4.259337894583333,1020.3000000000001,0.0,89.95833333333333
2017-12-31,36.78538,-119.77321,65.6,0.035,158.0,Fresno - Garland,9.784999895833334,63.77950925,4.259337894583333,1020.3000000000001,0.0,89.95833333333333
2018-01-01,36.78538,-119.77321,96.9,0.03,180.0,Fresno - Garland,9.5099998875,71.07968425,6.724603958333333,1021.3874999999999,0.0,43.083333333333336
2018-01-02,36.78538,-119.77321,83.3,0.02,170.0,Fresno - Garland,11.274583179166667,62.52459966666667,4.765443708333334,1022.1333333333333,0.0,94.04166666666667
2018-01-03,36.78538,-119.77321,81.3,0.02,169.0,Fresno - Garland,9.862083295833333,69.89613733333333,7.290999658333334,1019.3416666666667,0.0,68.625
2018-01-04,36.78538,-119.77321,35.6,0.022,101.0,Fresno - Garland,13.3079165,66.60524266666667,8.790551433333333,1018.6875,0.27499999999999997,80.41666666666667
2018-01-05,36.78538,-119.77321,14.0,0.025,60.0,Fresno - Garland,14.418333208333332,85.30347825,7.639127120833333,1021.1166666666667,0.0,51.833333333333336
2018-01-06,36.78538,-119.77321,9.9,0.014,52.0,Fresno - Garland,14.684999833333334,85.38477458333334,5.915843758333334,1021.5,0.049999999999999996,99.125
2018-01-07,36.78538,-119.77321,18.2,0.019,68.0,Fresno - Garland,11.749583166666667,91.55129620833333,5.516188904166667,1020.9708333333333,0.0,94.0
2018-01-08,36.78538,-119.77321,8.1,0.021,45.0,Fresno - Garland,12.478749916666667,86.38096079166667,8.1595574625,1014.5500000000001,0.5375,94.625
2018-01-09,36.78538,-119.77321,5.7,0.033,32.0,Fresno - Garland,13.741249833333333,83.88119975,13.084944141666666,1004.4291666666667,0.8333333333333334,98.16666666666667
2018-01-10,36.78538,-119.77321,8.3,0.029,46.0,Fresno - Garland,11.534999874999999,82.74689454166666,8.781163454166666,1015.5416666666666,0.0,94.91666666666667
2018-01-11,36.78538,-119.77321,10.2,0.028,53.0,Fresno - Garland,9.951666408333333,87.91351191666666,4.4531386575,1024.7833333333333,0.0,65.0
2018-01-12,36.78538,-119.77321,18.9,0.02,69.0,Fresno - Garland,8.805833129166666,91.45574025,5.156586270833333,1026.9041666666667,0.0,80.875
2018-01-13,36.78538,-119.77321,28.0,0.018,86.0,Fresno - Garland,9.732916616666666,91.3283465,5.433848541666666,1025.2666666666667,0.0,88.95833333333333
2018-01-14,36.78538,-119.77321,35.5,0.013,101.0,Fresno - Garland,10.505833216666668,80.47066145833334,4.0615088825,1022.2791666666667,0.0,87.33333333333333
2018-01-15,36.78538,-119.77321,23.7,0.005,78.0,Fresno - Garland,12.243333291666666,72.81092716666667,6.342309708333333,1019.9333333333334,0.0,85.125
2018-01-16,36.78538,-119.77321,23.1,0.003,77.0,Fresno - Garland,11.359999862499999,79.88306891666666,6.3517834041666665,1021.4708333333333,0.008333333333333333,96.16666666666667
2018-01-17,36.78538,-119.77321,23.4,0.009,78.0,Fresno - Garland,10.441249870833333,83.59477308333334,5.104274320833333,1023.8666666666667,0.0,80.70833333333333
2018-01-18,36.78538,-119.77321,35.6,0.019,101.0,Fresno - Garland,11.737083195833334,74.88686495833333,6.068192979166667,1020.5833333333334,0.0,70.66666666666667
2018-01-19,36.78538,-119.77321,7.2,0.034,40.0,Fresno - Garland,11.874583125000001,76.204933375,12.844978750000001,1017.5458333333332,0.1875,87.41666666666667
2018-01-20,36.78538,-119.77321,12.2,0.025,57.0,Fresno - Garland,7.853749920833334,71.770674625,13.011651479166666,1018.3666666666667,0.0,23.791666666666668
2018-01-21,36.78538,-119.77321,25.9,0.028,82.0,Fresno - Garland,5.71833323125,78.34349629166667,6.323607733333333,1025.9375,0.0,26.791666666666668
2018-01-22,36.78538,-119.77321,18.6,0.029,69.0,Fresno - Garland,8.234999829166666,70.893536875,4.919220433333334,1027.9416666666666,0.0,71.45833333333333
2018-01-23,36.78538,-119.77321,13.3,0.022,59.0,Fresno - Garland,7.7724999,83.10430670833334,6.278098587500001,1025.4291666666666,0.0,44.25
2018-01-24,36.78538,-119.77321,21.1,0.035,73.0,Fresno - Garland,9.132916616666668,75.62905191666667,8.297153829166666,1021.1708333333332,0.0,46.166666666666664
2018-01-25,36.78538,-119.77321,5.7,0.04,32.0,Fresno - Garland,10.593333041666666,71.93077466666666,8.818991708333334,1018.25,0.22083333333333333,70.04166666666667
2018-01-26,36.78538,-119.77321,17.0,0.034,66.0,Fresno - Garland,7.237083237499999,76.13589175,7.22261085,1024.6458333333333,0.0,7.875
2018-01-27,36.78538,-119.77321,21.9,0.026,75.0,Fresno - Garland,7.132916645833333,77.35024187500001,7.921735358333333,1028.5666666666666,0.0,52.833333333333336
2018-01-28,36.78538,-119.77321,32.3,0.033,94.0,Fresno - Garland,8.030833191666668,79.18996095833333,4.024226287916666,1028.3333333333333,0.0,36.666666666666664
2018-01-29,36.78538,-119.77321,27.1,0.023,85.0,Fresno - Garland,10.214166529166667,75.96121570833334,5.500077483333333,1024.9750000000001,0.0,80.33333333333333
2018-01-30,36.78538,-119.77321,35.8,0.027,102.0,Fresno - Garland,10.174583145833333,83.19105479166667,5.530985887499999,1021.2041666666668,0.0,76.58333333333333
2018-01-31,36.78538,-119.77321,40.0,0.025,112.0,Fresno - Garland,10.1495832375,87.12564720833332,6.546838758333333,1018.6708333333332,0.0,56.958333333333336
2018-02-01,36.78538,-119.77321,53.4,0.036,145.0,Fresno - Garland,11.318333158333333,82.75073975,5.007400316666667,1018.4708333333333,0.0,92.375
2018-02-02,36.78538,-119.77321,47.9,0.043,132.0,Fresno - Garland,12.414166608333334,74.56569216666666,6.212264216666667,1020.7541666666666,0.0,64.95833333333333
2018-02-03,36.78538,-119.77321,54.2,0.052,147.0,Fresno - Garland,13.422499816666667,77.165279875,4.102872016666667,1020.7833333333333,0.0,15.583333333333334
2018-02-04,36.78538,-119.77321,43.9,0.05,122.0,Fresno - Garland,13.666249816666665,71.527334125,5.963434458333334,1019.2083333333334,0.0,39.25
2018-02-05,36.78538,-119.77321,35.9,0.04,102.0,Fresno - Garland,13.095416558333334,79.11203445833333,6.1032878041666665,1017.2291666666666,0.0,39.708333333333336
2018-02-06,36.78538,-119.77321,35.9,0.04,102.0,Fresno - Garland,13.095416558333334,79.11203445833333,6.1032878041666665,1017.2291666666666,0.0,39.708333333333336
2018-02-07,36.78538,-119.77321,35.9,0.04,102.0,Fresno - Garland,13.095416558333334,79.11203445833333,6.1032878041666665,1017.2291666666666,0.0,39.708333333333336
2018-02-08,36.78538,-119.77321,31.5,0.038,93.0,Fresno - Garland,14.409999874999999,73.10366795833333,6.130966291666667,1022.85,0.0,8.333333333333334
2018-02-09,36.78538,-119.77321,30.3,0.05,90.0,Fresno - Garland,14.682916583333332,66.66868566666666,5.379020665416667,1018.3291666666668,0.0,7.75
2018-02-10,36.78538,-119.77321,22.4,0.044,76.0,Fresno - Garland,14.184999816666666,68.60356912499999,6.786129916666667,1013.3791666666666,0.0,43.958333333333336
2018-02-11,36.78538,-119.77321,9.5,0.037,52.0,Fresno - Garland,12.434999854166668,51.81185725,7.484026108333333,1012.875,0.0,27.833333333333332
2018-02-12,36.78538,-119.77321,7.3,0.034,41.0,Fresno - Garland,10.3724998625,66.21984891666666,10.10117455,1009.9916666666667,0.0,18.375
2018-02-13,36.78538,-119.77321,11.0,0.034,55.0,Fresno - Garland,9.7745832375,62.881261583333334,5.505420390416667,1016.7416666666667,0.0,6.875
2018-02-14,36.78538,-119.77321,5.8,0.036,32.0,Fresno - Garland,9.83916655,51.54566333333333,7.893545095833333,1020.8583333333332,0.0,32.875
2018-02-15,36.78538,-119.77321,7.4,0.034,41.0,Fresno - Garland,10.86833325,53.6059305,12.139465125000001,1021.3625000000001,0.0,3.4583333333333335
2018-02-16,36.78538,-119.77321,16.0,0.041,64.0,Fresno - Garland,10.176666604166668,53.21433029166667,6.329828579166667,1024.0416666666667,0.0,0.0
2018-02-17,36.78538,-119.77321,22.7,0.051,76.0,Fresno - Garland,11.280833220833335,48.815084375,4.4150311208333335,1020.9875000000001,0.0,0.0
2018-02-18,36.78538,-119.77321,13.0,0.04,58.0,Fresno - Garland,11.99749995,52.110695416666665,10.116050454166666,1014.9583333333334,0.0,4.291666666666667
2018-02-19,36.78538,-119.77321,5.3,0.04,29.0,Fresno - Garland,8.0766665875,47.42871170833333,16.223671920833333,1013.5791666666668,0.008333333333333333,16.166666666666668
2018-02-20,36.78538,-119.77321,10.2,0.035,53.0,Fresno - Garland,5.357916639583333,50.18717220833333,7.6584967029166675,1020.5041666666666,0.0,7.458333333333333
2018-02-21,36.78538,-119.77321,15.5,0.041,63.0,Fresno - Garland,6.7433332725,41.519134208333334,6.151091891666667,1021.8916666666668,0.0,29.125
2018-02-22,36.78538,-119.77321,7.6,0.039,42.0,Fresno - Garland,7.49958321,44.99712658333333,5.842765687499999,1022.4,0.004166666666666667,33.916666666666664
2018-02-23,36.78538,-119.77321,6.2,0.038,34.0,Fresno - Garland,6.437083266666666,72.68247391666667,9.545977904166667,1023.9541666666668,0.18333333333333335,57.333333333333336
2018-02-24,36.78538,-119.77321,10.5,0.038,54.0,Fresno - Garland,5.6933332341666665,45.630332583333335,6.8068428208333325,1028.6875,0.0,5.25
2018-02-25,36.78538,-119.77321,13.8,0.039,60.0,Fresno - Garland,8.018333241666666,50.908618249999996,5.9977808,1025.75,0.0,12.5
2018-02-26,36.78538,-119.77321,11.8,0.034,56.0,Fresno - Garland,7.7245831916666665,58.21682454166666,6.807240154166667,1019.5208333333334,0.07083333333333335,54.791666666666664
2018-02-27,36.78538,-119.77321,9.7,0.027,52.0,Fresno - Garland,6.337083258333333,84.225255125,4.424156249166667,1013.9916666666667,0.25416666666666665,99.66666666666667
2018-02-28,36.78538,-119.77321,11.8,0.039,56.0,Fresno - Garland,6.755833270833333,69.46336612500001,6.983846704166666,1021.4541666666668,0.0,36.083333333333336
2018-03-01,36.78538,-119.77321,6.0,0.031,33.0,Fresno - Garland,9.201666441666665,67.20787262500001,14.482808816666667,1019.4625,0.4375,96.29166666666667
2018-03-02,36.78538,-119.77321,0.3,0.036,2.0,Fresno - Garland,11.041249791666667,81.44824404166667,18.393099791666668,1014.4166666666666,1.0166666666666666,84.45833333333333
2018-03-03,36.78538,-119.77321,3.1,0.041,17.0,Fresno - Garland,9.559999695833334,75.00719241666667,9.3072070125,1015.9416666666666,0.4041666666666666,68.54166666666667
2018-03-04,36.78538,-119.77321,4.2,0.042,23.0,Fresno - Garland,7.532916604166666,74.00797541666667,7.1414224,1022.2708333333334,0.09166666666666667,30.833333333333332
2018-03-05,36.78538,-119.77321,6.9,0.037,38.0,Fresno - Garland,7.3704165291666675,72.31067145833333,6.511095699999999,1025.5458333333333,0.0,14.958333333333334
2018-03-06,36.78538,-119.77321,7.8,0.036,43.0,Fresno - Garland,9.439166575,64.80668241666667,5.604213045833333,1020.8041666666667,0.0,70.16666666666667
2018-03-07,36.78538,-119.77321,12.4,0.031,57.0,Fresno - Garland,11.839166604166666,62.15410895833333,7.005219579166667,1017.5208333333334,0.0,95.16666666666667
2018-03-08,36.78538,-119.77321,2.3,0.043,13.0,Fresno - Garland,12.776666516666666,57.246048,6.83628542375,1018.125,0.0,55.958333333333336
2018-03-09,36.78538,-119.77321,6.3,0.042,35.0,Fresno - Garland,14.726666625,73.79360712500001,6.233667883333333,1016.0375,0.004166666666666667,81.45833333333333
2018-03-10,36.78538,-119.77321,7.9,0.029,44.0,Fresno - Garland,15.157916541666665,68.43270466666667,6.888974195833334,1013.6041666666666,0.0,100.0
2018-03-11,36.78538,-119.77321,8.6,0.043,48.0,Fresno - Garland,13.307916458333333,85.81376475,5.895241708333334,1016.6625,0.09166666666666667,85.45833333333333
2018-03-12,36.78538,-119.77321,7.0,0.039,39.0,Fresno - Garland,15.116249708333333,75.16560199999999,8.10508325,1018.3541666666666,0.0,55.333333333333336
2018-03-13,36.78538,-119.77321,2.8,0.033,16.0,Fresno - Garland,17.428749958333334,78.40239162499999,12.342790191666666,1014.9666666666667,0.6791666666666667,87.41666666666667
2018-03-14,36.78538,-119.77321,1.0,0.037,6.0,Fresno - Garland,12.818333208333334,82.35478879166666,7.495684462500001,1014.5958333333333,0.7291666666666666,81.16666666666667
2018-03-15,36.78538,-119.77321,2.9,0.044,16.0,Fresno - Garland,10.043333120833333,73.24563445833333,9.756497145833334,1016.2041666666668,0.05833333333333334,42.0
2018-03-16,36.78538,-119.77321,5.5,0.033,31.0,Fresno - Garland,10.909999749999999,64.94405020833334,13.549084125,1014.6083333333332,0.4041666666666666,86.125
2018-03-17,36.78538,-119.77321,6.4,0.04,36.0,Fresno - Garland,8.153749866666667,78.58825991666667,5.446933866666666,1015.4625,0.20000000000000004,42.125
2018-03-18,36.78538,-119.77321,5.8,0.04,32.0,Fresno - Garland,8.372499816666666,75.42917183333333,6.088878133333334,1020.0,0.016666666666666666,50.041666666666664
2018-03-19,36.78538,-119.77321,7.0,0.041,39.0,Fresno - Garland,10.0308330875,70.16031687499999,5.8885949375,1020.8541666666666,0.0,47.75
2018-03-20,36.78538,-119.77321,10.0,0.031,53.0,Fresno - Garland,12.422499983333333,62.55912004166667,7.317219670833333,1016.4958333333334,0.004166666666666667,91.95833333333333
2018-03-21,36.78538,-119.77321,3.7,0.026,21.0,Fresno - Garland,13.591249791666668,86.02507054166666,14.698202924999999,1013.8208333333333,1.2750000000000001,100.0
2018-03-22,36.78538,-119.77321,1.9,0.035,11.0,Fresno - Garland,15.339166541666666,87.89495941666667,16.472018958333333,1011.7624999999999,2.341666666666667,98.375
2018-03-23,36.78538,-119.77321,4.6,0.046,26.0,Fresno - Garland,11.0912498375,67.94464808333333,13.786350925,1020.0791666666668,0.5333333333333333,49.125
2018-03-24,36.78538,-119.77321,1.3,0.047,7.0,Fresno - Garland,10.455833154166667,67.84208995833333,8.700773970833334,1018.65,0.016666666666666666,13.625
2018-03-25,36.78538,-119.77321,2.3,0.045,13.0,Fresno - Garland,10.4099998,63.82819716666666,14.0905443125,1018.875,0.012500000000000002,40.875
2018-03-26,36.78538,-119.77321,3.1,0.039,17.0,Fresno - Garland,8.957916525,63.79666420833333,10.085966908333333,1019.7833333333333,0.0,2.0
2018-03-27,36.78538,-119.77321,9.9,0.047,52.0,Fresno - Garland,10.662083254166667,65.79760845833333,6.7532427833333335,1022.1999999999999,0.0,11.041666666666666
2018-03-28,36.78538,-119.77321,11.0,0.055,55.0,Fresno - Garland,13.216249858333333,67.387864625,6.1967183875,1020.8958333333334,0.0,26.583333333333332
2018-03-29,36.78538,-119.77321,12.8,0.062,58.0,Fresno - Garland,16.118333083333333,68.539816375,5.60639197,1018.2458333333334,0.0,17.333333333333332
2018-03-30,36.78538,-119.77321,14.6,0.064,61.0,Fresno - Garland,17.730833291666666,71.28904250000001,5.992579983333333,1017.6041666666666,0.0,48.291666666666664
2018-03-31,36.78538,-119.77321,12.1,0.051,57.0,Fresno - Garland,18.251666583333332,71.71192058333334,6.555589524999999,1015.9083333333333,0.0,95.375
2018-04-01,36.78538,-119.77321,8.2,0.051,46.0,Fresno - Garland,17.689166583333336,67.81961316666667,7.495224783333334,1013.0166666666668,0.0,37.958333333333336
2018-04-02,36.78538,-119.77321,5.4,0.041,30.0,Fresno - Garland,17.341249916666666,62.0422055,11.754893958333334,1010.2875,0.0,30.666666666666668
2018-04-03,36.78538,-119.77321,6.8,0.056,38.0,Fresno - Garland,17.178749916666668,65.389615,7.693457275,1012.5916666666667,0.0,41.25
2018-04-04,36.78538,-119.77321,8.2,0.054,46.0,Fresno - Garland,17.543333208333333,53.08297708333333,6.857127345833334,1015.3625000000001,0.0,59.166666666666664
2018-04-05,36.78538,-119.77321,2.3,0.05,13.0,Fresno - Garland,18.355833291666666,42.269311333333334,10.9400925,1016.6666666666666,0.0,82.04166666666667
2018-04-06,36.78538,-119.77321,5.6,0.037,31.0,Fresno - Garland,16.028749875,60.796396791666666,10.278483325,1016.3083333333334,0.15833333333333333,95.75
2018-04-07,36.78538,-119.77321,5.3,0.038,29.0,Fresno - Garland,16.5266665,80.26375329166667,10.764207695833335,1014.4291666666667,0.875,93.79166666666667
2018-04-08,36.78538,-119.77321,6.1,0.045,34.0,Fresno - Garland,15.359999875,63.63504333333333,17.989510895833334,1018.5124999999999,0.0,5.916666666666667
2018-04-09,36.78538,-119.77321,7.9,0.046,44.0,Fresno - Garland,15.270416416666668,60.25815691666667,7.7844321333333335,1018.6833333333334,0.0,24.791666666666668
2018-04-10,36.78538,-119.77321,8.9,0.054,49.0,Fresno - Garland,20.01208325,52.57178679166666,7.1266663125,1015.7416666666667,0.0,74.79166666666667
2018-04-11,36.78538,-119.77321,3.5,0.049,19.0,Fresno - Garland,17.5225,60.759756708333335,13.707385495833334,1015.7833333333333,0.0,64.33333333333333
2018-04-12,36.78538,-119.77321,3.0,0.052,17.0,Fresno - Garland,13.620416541666666,53.59094825,21.267175041666665,1018.7041666666668,0.049999999999999996,32.291666666666664
2018-04-13,36.78538,-119.77321,6.7,0.049,37.0,Fresno - Garland,12.589166604166666,52.61183995833333,12.870323458333333,1026.0625,0.0,0.0
2018-04-14,36.78538,-119.77321,9.5,0.06,52.0,Fresno - Garland,15.387083241666666,53.24579591666667,4.605059479166667,1025.4375,0.0,13.583333333333334
2018-04-15,36.78538,-119.77321,9.4,0.054,52.0,Fresno - Garland,19.478749833333335,51.538014125,7.3414516875,1015.7875,0.0,74.16666666666667
2018-04-16,36.78538,-119.77321,3.4,0.044,19.0,Fresno - Garland,15.274583208333333,47.622531333333335,14.095587429166665,1014.0333333333333,0.1875,60.166666666666664
2018-04-17,36.78538,-119.77321,3.9,0.047,22.0,Fresno - Garland,9.591249908333333,71.74099129166667,7.333036133333334,1022.6624999999999,0.05416666666666667,21.5
2018-04-18,36.78538,-119.77321,4.3,0.043,24.0,Fresno - Garland,12.428749866666665,60.74881545833333,6.132547604166667,1019.6583333333333,0.0,65.04166666666667
2018-04-19,36.78538,-119.77321,3.6,0.048,20.0,Fresno - Garland,13.514166541666667,49.68737612499999,17.042714041666667,1015.5,0.012500000000000002,38.458333333333336
2018-04-20,36.78538,-119.77321,8.9,0.052,49.0,Fresno - Garland,14.924583208333333,53.81902479166666,8.44248994875,1019.2833333333333,0.0,0.875
2018-04-21,36.78538,-119.77321,8.7,0.056,48.0,Fresno - Garland,18.43708325,58.235384333333336,4.4286160325,1018.9125,0.0,2.2083333333333335
2018-04-22,36.78538,-119.77321,8.4,0.062,47.0,Fresno - Garland,21.03083325,54.45018804166667,6.520008025,1014.4916666666667,0.0,10.541666666666666
2018-04-23,36.78538,-119.77321,7.1,0.065,39.0,Fresno - Garland,22.857916583333335,52.29373929166667,5.957596491666667,1012.5583333333334,0.0,28.208333333333332
2018-04-24,36.78538,-119.77321,11.9,0.068,56.0,Fresno - Garland,23.314166625,43.67696879166667,7.682996003333333,1013.0500000000001,0.0,26.625
2018-04-25,36.78538,-119.77321,13.0,0.065,58.0,Fresno - Garland,23.312083333333334,41.95182566666667,8.7706817375,1013.9499999999999,0.0,30.125
2018-04-26,36.78538,-119.77321,10.4,0.059,53.0,Fresno - Garland,22.345416625,40.28912054166667,11.675342320833332,1013.6,0.0,18.791666666666668
2018-04-27,36.78538,-119.77321,5.7,0.051,32.0,Fresno - Garland,19.451666541666665,42.7418955,15.898266125,1015.1750000000001,0.0,0.75
2018-04-28,36.78538,-119.77321,2.2,0.051,12.0,Fresno - Garland,17.4225,46.355580124999996,17.623608458333333,1016.5041666666666,0.0,0.041666666666666664
2018-04-29,36.78538,-119.77321,0.8,0.046,4.0,Fresno - Garland,16.664166625,46.94692954166667,18.452587041666664,1015.9791666666666,0.0,25.333333333333332
2018-04-30,36.78538,-119.77321,1.9,0.043,11.0,Fresno - Garland,15.901666583333332,52.746501583333334,12.651309058333334,1015.5791666666665,0.0,56.416666666666664
2018-05-01,36.78538,-119.77321,9.1,0.043,51.0,Fresno - Garland,15.849583208333334,50.793561833333335,12.580816804166666,1010.4458333333333,0.0,50.375
2018-05-02,36.78538,-119.77321,5.6,0.05,31.0,Fresno - Garland,17.30374983333333,53.90590391666667,5.889994308333333,1011.7291666666666,0.004166666666666667,34.208333333333336
2018-05-03,36.78538,-119.77321,6.4,0.052,36.0,Fresno - Garland,19.862083291666668,46.318533374999994,7.502827766666667,1018.8333333333334,0.0,4.583333333333333
2018-05-04,36.78538,-119.77321,10.8,0.062,54.0,Fresno - Garland,22.082916625,45.480179541666665,7.41824825,1020.8541666666666,0.0,32.916666666666664
2018-05-05,36.78538,-119.77321,12.5,0.069,57.0,Fresno - Garland,24.270416666666666,43.30306695833334,6.992564604166667,1016.1999999999999,0.0,77.08333333333333
2018-05-06,36.78538,-119.77321,6.5,0.052,36.0,Fresno - Garland,23.232916666666668,36.020668791666665,13.109604066666668,1014.25,0.0,89.375
2018-05-07,36.78538,-119.77321,4.9,0.055,27.0,Fresno - Garland,22.857916666666668,36.12709879166667,13.230908033333334,1016.6541666666667,0.0,30.291666666666668
2018-05-08,36.78538,-119.77321,7.4,0.061,41.0,Fresno - Garland,24.69125,35.174441875,9.741741920833332,1015.3708333333334,0.0,27.416666666666668
2018-05-09,36.78538,-119.77321,4.4,0.045,24.0,Fresno - Garland,24.29125,38.32451004166666,15.497917791666666,1014.9250000000001,0.012499999999999999,11.708333333333334
2018-05-10,36.78538,-119.77321,6.5,0.05,36.0,Fresno - Garland,22.278749916666666,37.698579708333334,15.637970895833334,1012.35,0.0,18.75
2018-05-11,36.78538,-119.77321,5.7,0.052,32.0,Fresno - Garland,22.218333291666667,39.34476491666667,14.200773354166666,1008.0916666666667,0.0,72.125
2018-05-12,36.78538,-119.77321,6.3,0.053,35.0,Fresno - Garland,21.226666666666667,29.028932541666666,9.07431405,1007.4625,0.0,2.8333333333333335
2018-05-13,36.78538,-119.77321,4.6,0.051,26.0,Fresno - Garland,21.130833291666665,41.978081958333334,8.096411995833334,1012.0541666666667,0.0,22.333333333333332
2018-05-14,36.78538,-119.77321,5.8,0.052,32.0,Fresno - Garland,21.264166666666664,41.799074,12.566015604166667,1012.6541666666667,0.0,8.0
2018-05-15,36.78538,-119.77321,4.6,0.051,26.0,Fresno - Garland,20.889166624999998,44.152868833333336,13.265343495833333,1013.1750000000001,0.0,15.208333333333334
2018-05-16,36.78538,-119.77321,2.9,0.043,16.0,Fresno - Garland,18.847499958333334,48.7956295,13.042634058333334,1015.6458333333334,0.0,11.5
2018-05-17,36.78538,-119.77321,4.9,0.05,27.0,Fresno - Garland,18.82458325,46.89293416666666,13.366813416666666,1015.1374999999999,0.0,4.166666666666667
2018-05-18,36.78538,-119.77321,3.5,0.051,19.0,Fresno - Garland,21.047499958333333,48.23155429166667,13.323508291666668,1012.7208333333333,0.0,5.0
2018-05-19,36.78538,-119.77321,2.8,0.05,16.0,Fresno - Garland,22.799583291666668,45.342689416666666,13.298319874999999,1011.2333333333332,0.0,37.833333333333336
2018-05-20,36.78538,-119.77321,3.8,0.047,21.0,Fresno - Garland,20.664166583333333,44.15465183333333,15.661414291666667,1011.2833333333333,0.0,48.125
2018-05-21,36.78538,-119.77321,4.6,0.046,26.0,Fresno - Garland,18.859999958333333,48.945216458333334,13.925157208333333,1009.9458333333333,0.0,75.70833333333333
2018-05-22,36.78538,-119.77321,9.6,0.055,52.0,Fresno - Garland,21.587083333333336,47.63774491666666,6.740622925,1009.2416666666667,0.0,32.5
2018-05-23,36.78538,-119.77321,6.3,0.052,35.0,Fresno - Garland,21.96624991666667,48.40879958333333,11.7615457,1010.15,0.0,6.75
2018-05-24,36.78538,-119.77321,2.2,0.05,12.0,Fresno - Garland,21.47874991666667,47.17908920833333,11.946404945833335,1013.3291666666668,0.0,1.5
2018-05-25,36.78538,-119.77321,2.7,0.038,15.0,Fresno - Garland,17.480833083333334,58.97606416666667,11.638499574999999,1017.1,0.03333333333333333,73.70833333333333
2018-05-26,36.78538,-119.77321,6.0,0.045,33.0,Fresno - Garland,17.972499875,53.33800904166667,11.677259095833334,1016.8416666666667,0.0,51.333333333333336
2018-05-27,36.78538,-119.77321,6.8,0.045,38.0,Fresno - Garland,20.362083291666668,52.137491875,11.609765116666667,1014.0625,0.0,31.083333333333332
2018-05-28,36.78538,-119.77321,8.5,0.059,47.0,Fresno - Garland,24.820416666666663,44.139470125,6.070293441666667,1012.1291666666666,0.0,0.3333333333333333
2018-05-29,36.78538,-119.77321,11.5,0.067,55.0,Fresno - Garland,28.199583333333333,34.3548755,5.622638870833334,1008.1958333333333,0.0,2.9166666666666665
2018-05-30,36.78538,-119.77321,9.4,0.052,52.0,Fresno - Garland,27.868333333333336,28.21404952083333,12.622990104166666,1004.7666666666668,0.0,38.291666666666664
2018-05-31,36.78538,-119.77321,6.1,0.05,34.0,Fresno - Garland,19.566249916666667,37.01218766666667,16.26742691666667,1010.1666666666666,0.0,0.375
2018-06-01,36.78538,-119.77321,7.0,0.055,39.0,Fresno - Garland,19.23708325,43.84045741666667,12.848007458333333,1015.15,0.0,0.0
2018-06-02,36.78538,-119.77321,11.9,0.069,56.0,Fresno - Garland,24.985,34.5729245,7.049852654166667,1014.2875,0.0,0.0
2018-06-03,36.78538,-119.77321,9.4,0.071,52.0,Fresno - Garland,29.212083333333336,30.018787583333335,6.2567113625,1010.6458333333334,0.0,0.0
2018-06-04,36.78538,-119.77321,7.0,0.053,39.0,Fresno - Garland,30.430833333333336,24.589956833333332,13.841089250000001,1008.6583333333333,0.0,0.0
2018-06-05,36.78538,-119.77321,6.9,0.066,38.0,Fresno - Garland,26.368333333333336,21.554212375000002,15.5938786875,1008.85,0.0,28.583333333333332
2018-06-06,36.78538,-119.77321,7.3,0.055,41.0,Fresno - Garland,23.707916666666666,31.882653833333336,13.535033725,1008.9791666666666,0.0,10.666666666666666
2018-06-07,36.78538,-119.77321,7.3,0.058,41.0,Fresno - Garland,21.676666666666666,45.27019383333334,14.980769445833333,1011.7375000000001,0.0,2.4166666666666665
2018-06-08,36.78538,-119.77321,5.9,0.062,33.0,Fresno - Garland,24.216249958333332,31.8278308125,13.838545104166668,1014.1666666666666,0.0,0.0
2018-06-09,36.78538,-119.77321,1.6,0.043,9.0,Fresno - Garland,24.66208333333333,36.77184595833334,19.348685958333334,1014.0291666666667,0.0,13.791666666666666
2018-06-10,36.78538,-119.77321,3.8,0.046,21.0,Fresno - Garland,21.184999916666666,31.513519833333334,19.7542661875,1014.8958333333334,0.0,70.75
2018-06-11,36.78538,-119.77321,2.4,0.058,13.0,Fresno - Garland,23.099583291666665,28.770496354166667,11.932582679166666,1012.3916666666668,0.0,5.041666666666667
2018-06-12,36.78538,-119.77321,9.9,0.068,52.0,Fresno - Garland,26.8475,31.68739475,6.758980808333334,1008.6708333333332,0.0,3.2916666666666665
2018-06-13,36.78538,-119.77321,10.7,0.072,54.0,Fresno - Garland,29.741249999999997,30.61578283333333,6.424928075,1006.7208333333333,0.0,0.0
2018-06-14,36.78538,-119.77321,8.0,0.059,44.0,Fresno - Garland,29.97458333333333,27.42262314583333,10.488221716666667,1005.6041666666666,0.0,0.0
2018-06-15,36.78538,-119.77321,7.3,0.072,41.0,Fresno - Garland,28.00375,25.818728645833332,8.919812816666667,1004.7208333333333,0.0,0.0
2018-06-16,36.78538,-119.77321,5.6,0.058,31.0,Fresno - Garland,24.153750000000002,37.39150120833333,10.4813983375,1004.0375,0.0,1.0416666666666667
2018-06-17,36.78538,-119.77321,8.0,0.042,44.0,Fresno - Garland,21.907916666666665,43.31348108333333,7.80277765,1008.3541666666666,0.0,10.291666666666666
2018-06-18,36.78538,-119.77321,5.5,0.053,31.0,Fresno - Garland,22.51,44.503927833333336,9.987035983333334,1013.8416666666667,0.0,3.9583333333333335
2018-06-19,36.78538,-119.77321,7.6,0.056,42.0,Fresno - Garland,26.32875,35.58950375,10.4899294375,1013.5208333333334,0.0,8.5
2018-06-20,36.78538,-119.77321,5.4,0.064,30.0,Fresno - Garland,28.22875,34.59879133333333,12.401139458333333,1012.1374999999999,0.0,0.0
2018-06-21,36.78538,-119.77321,2.6,0.063,14.0,Fresno - Garland,28.026666666666667,24.98026858333333,14.332591416666666,1012.0875,0.0,0.5833333333333334
2018-06-22,36.78538,-119.77321,7.3,0.076,41.0,Fresno - Garland,28.8475,26.239515645833333,10.027360925,1011.0958333333333,0.0,0.0
2018-06-23,36.78538,-119.77321,7.6,0.07,42.0,Fresno - Garland,30.61,25.346298229166667,10.9793362625,1006.3666666666667,0.0,0.0
2018-06-24,36.78538,-119.77321,5.9,0.062,33.0,Fresno - Garland,30.845416666666665,27.265717499999997,9.365851045833333,1005.9666666666667,0.0,0.0
2018-06-25,36.78538,-119.77321,5.0,0.059,28.0,Fresno - Garland,27.97666666666667,39.88932891666666,13.532099125,1010.4208333333332,0.0,0.2916666666666667
2018-06-26,36.78538,-119.77321,8.5,0.07,47.0,Fresno - Garland,28.72875,34.756691833333335,8.778192679166667,1010.8291666666668,0.0,0.0
2018-06-27,36.78538,-119.77321,8.8,0.067,49.0,Fresno - Garland,28.75375,23.676604666666666,10.329959120833333,1010.3041666666667,0.0,10.208333333333334
2018-06-28,36.78538,-119.77321,6.0,0.055,33.0,Fresno - Garland,26.270416666666666,32.52267783333333,13.452307041666666,1010.3333333333334,0.0,2.1666666666666665
2018-06-29,36.78538,-119.77321,11.1,0.061,55.0,Fresno - Garland,25.866249999999997,37.22836770833333,13.65983,1009.9666666666667,0.0,0.0
2018-06-30,36.78538,-119.77321,6.2,0.062,34.0,Fresno - Garland,29.376666666666665,30.497990166666668,8.384518170833333,1009.1708333333332,0.0,0.041666666666666664
2018-07-01,36.78538,-119.77321,10.1,0.072,53.0,Fresno - Garland,30.81,30.796513291666667,9.831403783333334,1010.1583333333333,0.0,0.16666666666666666
2018-07-02,36.78538,-119.77321,21.1,0.068,73.0,Fresno - Garland,29.601666666666663,35.32392879166667,12.332957145833333,1010.6791666666667,0.0,0.0
2018-07-03,36.78538,-119.77321,11.9,0.065,56.0,Fresno - Garland,28.782916666666665,35.83894525,9.574607954166668,1008.1333333333333,0.0,0.0
2018-07-04,36.78538,-119.77321,14.3,0.059,61.0,Fresno - Garland,26.857916666666668,37.644126416666666,9.342399774999999,1010.4250000000001,0.0,0.0
2018-07-05,36.78538,-119.77321,13.5,0.062,59.0,Fresno - Garland,27.364166666666666,35.479677708333334,8.8017270625,1015.5083333333333,0.0,10.791666666666666
2018-07-06,36.78538,-119.77321,7.5,0.066,42.0,Fresno - Garland,30.232916666666668,25.939001291666667,13.146466016666666,1017.3208333333333,0.0,50.583333333333336
2018-07-07,36.78538,-119.77321,9.1,0.07,51.0,Fresno - Garland,31.401666666666667,24.339060833333335,13.955843741666667,1013.7708333333334,0.0,7.833333333333333
2018-07-08,36.78538,-119.77321,4.9,0.064,27.0,Fresno - Garland,32.01833333333333,16.993489083333333,14.950436791666666,1011.6041666666666,0.0,0.041666666666666664
2018-07-09,36.78538,-119.77321,8.0,0.061,44.0,Fresno - Garland,31.334999999999997,13.773238208333334,16.211442625,1013.1833333333334,0.0,29.791666666666668
2018-07-10,36.78538,-119.77321,8.5,0.073,47.0,Fresno - Garland,31.29125,21.437989875,13.950443083333333,1013.1916666666666,0.0,51.958333333333336
2018-07-11,36.78538,-119.77321,4.4,0.063,24.0,Fresno - Garland,30.81625,25.319552729166663,9.282651408333333,1009.9416666666666,0.0,2.7083333333333335
2018-07-12,36.78538,-119.77321,5.7,0.061,32.0,Fresno - Garland,31.2225,27.610921291666667,7.255515158333334,1009.4458333333333,0.0,46.375
2018-07-13,36.78538,-119.77321,8.2,0.065,46.0,Fresno - Garland,32.0725,29.53089841666667,8.665393429166667,1012.8083333333334,0.0,38.291666666666664
2018-07-14,36.78538,-119.77321,9.5,0.063,52.0,Fresno - Garland,32.224583333333335,26.03796008333333,14.234978937500001,1012.9458333333333,0.0,0.20833333333333334
2018-07-15,36.78538,-119.77321,5.2,0.046,29.0,Fresno - Garland,32.32666666666667,28.483180333333333,13.957569,1011.1833333333334,0.0,0.375
2018-07-16,36.78538,-119.77321,11.2,0.063,55.0,Fresno - Garland,31.94125,24.637442250000003,13.193581958333333,1011.1333333333333,0.0,7.25
2018-07-17,36.78538,-119.77321,12.2,0.076,57.0,Fresno - Garland,32.505833333333335,23.021615416666666,13.034973,1011.3708333333334,0.0,8.833333333333334
2018-07-18,36.78538,-119.77321,8.8,0.079,49.0,Fresno - Garland,32.818333333333335,20.89151358333333,10.444353829166667,1011.4083333333333,0.0,49.208333333333336
2018-07-19,36.78538,-119.77321,10.5,0.074,54.0,Fresno - Garland,32.95583333333334,27.193266708333336,7.489659266666667,1010.3541666666666,0.0,68.83333333333333
2018-07-20,36.78538,-119.77321,7.9,0.076,44.0,Fresno - Garland,32.51625,25.547713083333335,9.1369599375,1009.275,0.0,4.333333333333333
2018-07-21,36.78538,-119.77321,10.0,0.05,53.0,Fresno - Garland,31.518333333333334,37.249741,11.658005770833334,1010.9666666666667,0.0,21.958333333333332
2018-07-22,36.78538,-119.77321,6.6,0.055,37.0,Fresno - Garland,31.105833333333333,34.111618666666665,14.250035979166666,1013.775,0.0,60.625
2018-07-23,36.78538,-119.77321,10.2,0.061,53.0,Fresno - Garland,31.618333333333336,34.57839875,14.7506303125,1014.4708333333333,0.0,8.916666666666666
2018-07-24,36.78538,-119.77321,5.7,0.059,32.0,Fresno - Garland,32.41416666666667,31.785122375,15.015196666666666,1013.25,0.0,17.708333333333332
2018-07-25,36.78538,-119.77321,9.0,0.067,50.0,Fresno - Garland,32.32041666666667,29.346955520833333,13.184539329166666,1013.6999999999999,0.0,23.916666666666668
2018-07-26,36.78538,-119.77321,14.9,0.069,62.0,Fresno - Garland,32.4225,26.035864833333335,10.195738879166667,1012.4541666666668,0.0,50.791666666666664
2018-07-27,36.78538,-119.77321,17.4,0.068,66.0,Fresno - Garland,31.841250000000002,30.672448166666666,12.046413083333334,1010.5166666666668,0.0,0.0
2018-07-28,36.78538,-119.77321,34.0,0.077,97.0,Fresno - Garland,30.622500000000002,31.205023291666667,10.5756482625,1010.2916666666666,0.0,0.041666666666666664
2018-07-29,36.78538,-119.77321,37.5,0.085,106.0,Fresno - Garland,31.40375,35.050290833333335,9.724794941666667,1011.275,0.0,40.333333333333336
2018-07-30,36.78538,-119.77321,31.0,0.065,92.0,Fresno - Garland,30.432916666666667,32.19069104166667,11.234590345833332,1011.7375000000001,0.0,32.5
2018-07-31,36.78538,-119.77321,49.7,0.069,136.0,Fresno - Garland,31.0725,34.683785666666665,8.083634879166667,1010.9375,0.0,21.958333333333332
2018-08-01,36.78538,-119.77321,32.0,0.075,94.0,Fresno - Garland,31.12875,33.55995004166667,10.317536200000001,1010.7333333333332,0.0,10.375
2018-08-02,36.78538,-119.77321,14.3,0.073,61.0,Fresno - Garland,30.60166666666667,25.643814458333335,12.824385625,1010.5458333333332,0.0,47.625
2018-08-03,36.78538,-119.77321,22.5,0.07,76.0,Fresno - Garland,29.437083333333334,28.218013916666667,11.313222216666666,1010.75,0.0,0.0
2018-08-04,36.78538,-119.77321,44.9,0.083,124.0,Fresno - Garland,29.476666666666663,34.094766791666665,10.8228852625,1010.3958333333334,0.0,2.1666666666666665
2018-08-05,36.78538,-119.77321,20.9,0.066,73.0,Fresno - Garland,29.16208333333333,24.383295145833333,14.944646479166666,1010.4541666666668,0.0,0.0
2018-08-06,36.78538,-119.77321,55.5,0.074,151.0,Fresno - Garland,28.001666666666665,31.8784375,13.205581520833334,1012.2125,0.0,0.0
2018-08-07,36.78538,-119.77321,43.8,0.083,121.0,Fresno - Garland,28.639166666666668,33.06886879166667,10.410225004166668,1010.6,0.0,0.0
2018-08-08,36.78538,-119.77321,48.3,0.087,133.0,Fresno - Garland,28.618333333333336,36.933321291666665,7.289815533333333,1009.975,0.0,0.0
2018-08-09,36.78538,-119.77321,49.9,0.099,136.0,Fresno - Garland,29.555833333333336,36.150637249999996,7.0902057874999995,1010.9083333333333,0.0,0.0
2018-08-10,36.78538,-119.77321,37.8,0.086,107.0,Fresno - Garland,31.387083333333333,32.43477089583333,8.637864691666666,1011.5458333333332,0.0,0.16666666666666666
2018-08-11,36.78538,-119.77321,16.0,0.054,64.0,Fresno - Garland,30.720416666666665,29.561615583333335,9.544216475,1012.25,0.0,35.375
2018-08-12,36.78538,-119.77321,2.9,0.059,16.0,Fresno - Garland,30.330833333333334,23.874136375000003,7.261410770833333,1011.1583333333333,0.0,23.833333333333332
2018-08-13,36.78538,-119.77321,12.5,0.061,57.0,Fresno - Garland,29.587083333333336,27.410122208333334,8.6501277625,1011.0749999999999,0.0,0.7083333333333334
2018-08-14,36.78538,-119.77321,7.1,0.065,39.0,Fresno - Garland,28.79125,31.097962125,11.6450117125,1009.8708333333334,0.0,1.1666666666666667
2018-08-15,36.78538,-119.77321,14.9,0.064,62.0,Fresno - Garland,27.334999999999997,38.461833,11.635061808333333,1010.2583333333333,0.0,1.375
2018-08-16,36.78538,-119.77321,18.6,0.066,69.0,Fresno - Garland,28.053749999999997,38.713649708333335,10.666068366666666,1012.5458333333332,0.0,0.0
2018-08-17,36.78538,-119.77321,15.5,0.07,63.0,Fresno - Garland,29.94125,30.551978083333335,10.189811895833333,1014.4916666666667,0.0,0.0
2018-08-18,36.78538,-119.77321,11.2,0.061,55.0,Fresno - Garland,31.657916666666665,27.008719125,10.723059633333333,1014.2416666666667,0.0,0.0
2018-08-19,36.78538,-119.77321,22.3,0.072,76.0,Fresno - Garland,31.024583333333336,20.1767361875,9.342349454166667,1012.1041666666666,0.0,9.416666666666666
2018-08-20,36.78538,-119.77321,23.3,0.069,77.0,Fresno - Garland,29.530833333333334,27.489174000000002,7.315152216666667,1009.0416666666666,0.0,28.041666666666668
2018-08-21,36.78538,-119.77321,25.3,0.075,81.0,Fresno - Garland,26.72666666666667,38.89498458333333,10.123150766666667,1010.6208333333334,0.0,48.5
2018-08-22,36.78538,-119.77321,16.5,0.067,65.0,Fresno - Garland,25.19125,46.29436441666667,9.952929220833333,1013.3791666666666,0.0,25.833333333333332
2018-08-23,36.78538,-119.77321,20.5,0.07,72.0,Fresno - Garland,25.45375,45.66097070833334,10.673030558333332,1014.1416666666668,0.0,0.0
2018-08-24,36.78538,-119.77321,44.4,0.073,123.0,Fresno - Garland,24.735,44.107155500000005,12.210280495833333,1012.7624999999999,0.0,0.0
2018-08-25,36.78538,-119.77321,33.0,0.076,96.0,Fresno - Garland,25.362083333333334,44.510921708333335,9.007224479166666,1011.3375,0.0,13.875
2018-08-26,36.78538,-119.77321,24.2,0.074,79.0,Fresno - Garland,26.27875,36.957192,9.064247295833333,1012.275,0.0,14.041666666666666
2018-08-27,36.78538,-119.77321,16.4,0.066,65.0,Fresno - Garland,24.841250000000002,38.19482733333333,9.766236883333333,1011.5041666666666,0.0,6.75
2018-08-28,36.78538,-119.77321,15.0,0.053,62.0,Fresno - Garland,23.685000000000002,51.14397495833333,11.1515408375,1011.1999999999999,0.0,1.7916666666666667
2018-08-29,36.78538,-119.77321,10.8,0.056,54.0,Fresno - Garland,23.866249999999997,51.09091433333333,9.680149725,1012.85,0.0,43.625
2018-08-30,36.78538,-119.77321,12.1,0.055,57.0,Fresno - Garland,23.807916666666667,49.05455783333333,11.584564133333332,1014.3249999999999,0.0,57.041666666666664
2018-08-31,36.78538,-119.77321,14.2,0.062,61.0,Fresno - Garland,23.485,47.94110666666666,13.145965791666667,1014.2208333333333,0.0,0.5416666666666666
2018-09-01,36.78538,-119.77321,8.4,0.059,47.0,Fresno - Garland,24.95375,44.56836870833333,10.493896,1010.0708333333333,0.0,2.7083333333333335
2018-09-02,36.78538,-119.77321,18.6,0.075,69.0,Fresno - Garland,26.647499999999997,43.90716466666667,6.634947225,1007.6541666666667,0.0,0.0
2018-09-03,36.78538,-119.77321,17.6,0.073,67.0,Fresno - Garland,27.651666666666667,39.07202670833333,8.562304654166667,1008.3958333333334,0.0,0.041666666666666664
2018-09-04,36.78538,-119.77321,22.0,0.081,75.0,Fresno - Garland,27.78916666666667,39.60893204166667,7.502761553333333,1008.6208333333334,0.0,0.041666666666666664
2018-09-05,36.78538,-119.77321,20.1,0.072,71.0,Fresno - Garland,28.732916666666668,35.78707525,8.160262204166667,1009.8416666666667,0.0,0.08333333333333333
2018-09-06,36.78538,-119.77321,14.2,0.068,61.0,Fresno - Garland,27.285,38.892479375,11.828834079166667,1013.6083333333332,0.0,0.16666666666666666
2018-09-07,36.78538,-119.77321,16.7,0.076,65.0,Fresno - Garland,27.61,36.3547525,9.097979058333333,1013.9875000000001,0.0,0.0
2018-09-08,36.78538,-119.77321,9.7,0.054,52.0,Fresno - Garland,28.507916666666663,31.689422833333335,10.4973205375,1012.1,0.0,0.0
2018-09-09,36.78538,-119.77321,6.1,0.066,34.0,Fresno - Garland,26.893333333333334,30.056342208333334,10.067295591666666,1009.8083333333334,0.0,2.2083333333333335
2018-09-10,36.78538,-119.77321,9.0,0.069,50.0,Fresno - Garland,26.245416666666667,33.057432416666664,8.928330266666666,1009.525,0.0,2.0
2018-09-11,36.78538,-119.77321,10.5,0.063,54.0,Fresno - Garland,26.264166666666668,32.20064972916666,9.512467758333333,1008.8125,0.0,0.0
2018-09-12,36.78538,-119.77321,5.9,0.052,33.0,Fresno - Garland,25.220416666666665,26.156218791666664,13.458705429166665,1009.3958333333334,0.0,1.6666666666666667
2018-09-13,36.78538,-119.77321,6.4,0.048,36.0,Fresno - Garland,22.020416625,38.08215383333333,12.584761920833335,1012.1083333333332,0.0,0.0
2018-09-14,36.78538,-119.77321,4.1,0.059,23.0,Fresno - Garland,21.891249958333333,38.174082750000004,9.2240253125,1012.0749999999999,0.0,4.166666666666667
2018-09-15,36.78538,-119.77321,4.1,0.059,23.0,Fresno - Garland,21.891249958333333,38.174082750000004,9.2240253125,1012.0749999999999,0.0,4.166666666666667
2018-09-16,36.78538,-119.77321,1.9,0.047,11.0,Fresno - Garland,21.207916583333333,41.12952670833334,13.186805958333332,1012.5166666666668,0.0,0.0
2018-09-17,36.78538,-119.77321,7.5,0.057,42.0,Fresno - Garland,22.024583250000003,39.487442333333334,8.644614233333334,1012.4666666666667,0.0,0.0
2018-09-18,36.78538,-119.77321,7.7,0.057,43.0,Fresno - Garland,22.25583333333333,41.46904716666666,11.81249765,1011.525,0.0,0.0
2018-09-19,36.78538,-119.77321,9.4,0.062,52.0,Fresno - Garland,22.505833291666665,39.972495583333334,11.207541525000002,1009.8958333333334,0.0,0.0
2018-09-20,36.78538,-119.77321,15.5,0.075,63.0,Fresno - Garland,22.91208325,36.913353979166665,7.475918579166667,1009.1791666666667,0.0,0.0
2018-09-21,36.78538,-119.77321,11.0,0.086,55.0,Fresno - Garland,25.31833333333333,28.856029833333334,4.871697266666667,1011.6833333333334,0.0,0.0
2018-09-22,36.78538,-119.77321,12.9,0.08,58.0,Fresno - Garland,25.33499995833333,30.288435958333334,5.971867445,1012.5708333333333,0.0,1.25
2018-09-23,36.78538,-119.77321,10.7,0.068,54.0,Fresno - Garland,26.12875,30.254532375,7.4058370325,1010.225,0.0,22.583333333333332
2018-09-24,36.78538,-119.77321,10.7,0.068,54.0,Fresno - Garland,26.12875,30.254532375,7.4058370325,1010.225,0.0,22.583333333333332
2018-09-25,36.78538,-119.77321,11.8,0.07,56.0,Fresno - Garland,24.485,32.4165185,7.890649616666667,1010.4,0.0,7.083333333333333
2018-09-26,36.78538,-119.77321,15.7,0.075,63.0,Fresno - Garland,25.743333333333336,29.002232458333335,6.5046746791666665,1012.8333333333334,0.0,15.291666666666666
2018-09-27,36.78538,-119.77321,18.6,0.076,69.0,Fresno - Garland,26.41208333333333,32.184862375,6.264846670833333,1011.6875,0.0,43.083333333333336
2018-09-28,36.78538,-119.77321,19.7,0.076,71.0,Fresno - Garland,25.551666666666666,37.41303704166666,7.069617619583333,1008.6666666666666,0.0,72.45833333333333
2018-09-29,36.78538,-119.77321,10.5,0.045,54.0,Fresno - Garland,22.393333291666668,47.19815716666667,10.653288875,1009.6125000000001,0.0,11.083333333333334
2018-09-30,36.78538,-119.77321,8.5,0.047,47.0,Fresno - Garland,20.595416625000002,54.078753250000005,7.6233267125,1011.4041666666667,0.0,42.333333333333336
2018-10-01,36.78538,-119.77321,9.7,0.05,52.0,Fresno - Garland,22.407916666666665,47.30196879166667,4.519391766666667,1010.1583333333333,0.0,31.708333333333332
2018-10-02,36.78538,-119.77321,7.8,0.047,43.0,Fresno - Garland,23.368333333333336,44.077999375,5.626044716666667,1007.7958333333332,0.012500000000000002,42.916666666666664
2018-10-03,36.78538,-119.77321,5.9,0.021,33.0,Fresno - Garland,22.807916666666667,54.89000958333333,8.444027816666667,1010.5124999999999,0.012500000000000002,65.625
2018-10-04,36.78538,-119.77321,5.9,0.021,33.0,Fresno - Garland,22.807916666666667,54.89000958333333,8.444027816666667,1010.5124999999999,0.012500000000000002,65.625
2018-10-05,36.78538,-119.77321,3.0,0.04,17.0,Fresno - Garland,19.728749958333335,64.35781158333333,11.237142416666666,1015.6374999999999,0.0,16.125
2018-10-06,36.78538,-119.77321,5.5,0.04,31.0,Fresno - Garland,20.320416666666667,60.16697070833334,12.649900583333334,1011.9916666666667,0.0,10.75
2018-10-07,36.78538,-119.77321,6.5,0.042,36.0,Fresno - Garland,19.505833208333332,49.84598208333333,9.151872166666667,1008.375,0.0,1.25
2018-10-08,36.78538,-119.77321,9.9,0.046,52.0,Fresno - Garland,19.31208325,40.12292183333333,6.403290420833333,1008.9916666666667,0.0,0.0
2018-10-09,36.78538,-119.77321,8.5,0.058,47.0,Fresno - Garland,19.851666583333333,39.88158954166666,5.959051454166667,1008.1875,0.0,1.125
2018-10-10,36.78538,-119.77321,10.3,0.044,53.0,Fresno - Garland,19.726666541666667,52.10886433333334,6.528775499999999,1007.4583333333334,0.0,3.9583333333333335
2018-10-11,36.78538,-119.77321,8.5,0.042,47.0,Fresno - Garland,19.009999875000002,57.788037124999995,5.199648925,1008.8375,0.0,24.583333333333332
2018-10-12,36.78538,-119.77321,9.5,0.044,52.0,Fresno - Garland,19.16,58.446813416666664,6.673998683333333,1010.4,0.0,0.625
2018-10-13,36.78538,-119.77321,12.3,0.055,57.0,Fresno - Garland,21.226666666666667,42.11607016666667,5.592339125,1009.0208333333334,0.0,1.4583333333333333
2018-10-14,36.78538,-119.77321,10.7,0.05,54.0,Fresno - Garland,20.184999958333332,39.74240141666667,5.773242658333333,1010.6833333333334,0.0,0.0
2018-10-15,36.78538,-119.77321,12.3,0.043,57.0,Fresno - Garland,19.851666541666667,37.91704735416666,7.514911516666667,1016.5041666666666,0.0,0.0
2018-10-16,36.78538,-119.77321,12.8,0.049,58.0,Fresno - Garland,18.397499916666664,30.1655956875,5.977654466666666,1018.2166666666667,0.0,0.0
2018-10-17,36.78538,-119.77321,11.6,0.055,56.0,Fresno - Garland,18.691249916666667,29.631751583333337,6.7836043833333335,1017.4166666666666,0.0,0.0
2018-10-18,36.78538,-119.77321,8.9,0.056,49.0,Fresno - Garland,19.203749916666666,29.496808354166664,5.424097795833333,1017.8249999999999,0.0,0.0
2018-10-19,36.78538,-119.77321,15.8,0.06,63.0,Fresno - Garland,20.155833333333334,33.38262325,6.3318960625,1018.2624999999999,0.0,0.0
2018-10-20,36.78538,-119.77321,17.4,0.066,66.0,Fresno - Garland,20.320416625,33.56649279166667,4.170411520833333,1015.9,0.0,0.0
2018-10-21,36.78538,-119.77321,10.3,0.058,53.0,Fresno - Garland,19.934999875,37.003431875,7.0206561333333335,1013.0749999999999,0.0,0.9166666666666666
2018-10-22,36.78538,-119.77321,15.9,0.065,64.0,Fresno - Garland,19.318333208333332,43.27629329166667,7.151342779166666,1012.0291666666667,0.0,0.0
2018-10-23,36.78538,-119.77321,13.7,0.044,60.0,Fresno - Garland,18.405833291666667,49.77390341666666,8.09633395,1013.3458333333333,0.0,7.75
2018-10-24,36.78538,-119.77321,11.4,0.044,55.0,Fresno - Garland,17.1766665,54.504431583333336,6.896454074166667,1015.1958333333333,0.0,29.166666666666668
2018-10-25,36.78538,-119.77321,18.5,0.049,69.0,Fresno - Garland,17.597499875,53.499330791666665,6.828003225,1017.3833333333333,0.0,12.5
2018-10-26,36.78538,-119.77321,17.0,0.064,66.0,Fresno - Garland,19.03291666666667,50.30544916666667,4.441874211666667,1018.1041666666666,0.0,16.5
2018-10-27,36.78538,-119.77321,22.0,0.07,75.0,Fresno - Garland,20.103749958333335,45.384034750000005,4.3832550125,1016.375,0.0,72.45833333333333
2018-10-28,36.78538,-119.77321,15.7,0.045,63.0,Fresno - Garland,19.71208325,53.88703629166667,9.588631416666667,1016.5708333333333,0.0,40.625
2018-10-29,36.78538,-119.77321,5.4,0.032,30.0,Fresno - Garland,18.409999958333334,57.46495566666667,14.512384345833333,1018.3249999999999,0.0,41.875
2018-10-30,36.78538,-119.77321,1.2,0.036,7.0,Fresno - Garland,15.599583208333334,42.022240125,8.884671304166666,1017.2791666666667,0.0,3.2916666666666665
2018-10-31,36.78538,-119.77321,15.9,0.041,64.0,Fresno - Garland,14.81833325,50.98055566666667,7.095799566666667,1018.3666666666667,0.0,27.041666666666668
2018-11-01,36.78538,-119.77321,11.8,0.044,56.0,Fresno - Garland,16.553749916666664,43.37710441666667,5.3521153625,1019.4708333333333,0.0,75.875
2018-11-02,36.78538,-119.77321,12.6,0.05,58.0,Fresno - Garland,17.757916666666667,38.138052333333334,6.008544979166667,1020.1458333333334,0.0,52.041666666666664
2018-11-03,36.78538,-119.77321,26.5,0.053,83.0,Fresno - Garland,17.924583291666668,47.19334975,5.296774491666667,1018.0,0.0,28.083333333333332
2018-11-04,36.78538,-119.77321,18.4,0.054,68.0,Fresno - Garland,18.164166541666667,48.083709666666664,4.945629858333334,1016.2166666666667,0.0,77.375
2018-11-05,36.78538,-119.77321,9.7,0.045,52.0,Fresno - Garland,17.6454165,46.256558041666665,9.040967445833333,1012.8125,0.0,25.375
2018-11-06,36.78538,-119.77321,15.7,0.04,63.0,Fresno - Garland,15.291249904166667,46.78461908333333,8.051159279166667,1013.3291666666668,0.0,2.4166666666666665
2018-11-07,36.78538,-119.77321,12.9,0.049,58.0,Fresno - Garland,15.634999875,42.670360375,5.088434783333334,1015.7375000000001,0.0,0.0
2018-11-08,36.78538,-119.77321,13.3,0.036,59.0,Fresno - Garland,13.493333191666666,37.646586375,6.8005871,1016.4,0.0,0.0
2018-11-09,36.78538,-119.77321,25.7,0.046,82.0,Fresno - Garland,13.055833,41.034100333333335,6.323501453333333,1020.225,0.0,0.0
2018-11-10,36.78538,-119.77321,39.5,0.038,111.0,Fresno - Garland,12.824583191666667,39.54535204166667,4.76044333625,1017.5458333333332,0.0,1.2916666666666667
2018-11-11,36.78538,-119.77321,46.8,0.047,129.0,Fresno - Garland,11.0745832375,48.18481916666667,7.046546845833333,1017.1291666666666,0.0,0.75
2018-11-12,36.78538,-119.77321,36.1,0.042,102.0,Fresno - Garland,11.5266665375,41.600486499999995,5.250645049166667,1023.9875000000001,0.0,1.625
2018-11-13,36.78538,-119.77321,28.1,0.032,86.0,Fresno - Garland,11.920416537500001,41.844750749999996,6.088348079166667,1028.1958333333334,0.0,57.875
2018-11-14,36.78538,-119.77321,35.8,0.029,102.0,Fresno - Garland,11.9891664875,46.765679750000004,7.269312225,1027.3458333333333,0.0,42.875
2018-11-15,36.78538,-119.77321,49.4,0.037,135.0,Fresno - Garland,11.568333241666666,46.396477125,5.364757183333334,1022.2666666666668,0.0,43.541666666666664
2018-11-16,36.78538,-119.77321,68.6,0.038,160.0,Fresno - Garland,12.0266665125,41.54022758333333,4.3575448825,1017.3000000000001,0.0,56.333333333333336
2018-11-17,36.78538,-119.77321,71.4,0.05,162.0,Fresno - Garland,11.8099998875,45.72142391666667,5.867021066666666,1015.8416666666667,0.0,48.25
2018-11-18,36.78538,-119.77321,78.1,0.052,167.0,Fresno - Garland,11.6787499125,53.05684454166666,7.100567625,1017.5749999999999,0.0,0.20833333333333334
2018-11-19,36.78538,-119.77321,95.7,0.035,179.0,Fresno - Garland,12.691249874999999,48.07022391666666,5.8137953375,1017.4416666666666,0.0,75.04166666666667
2018-11-20,36.78538,-119.77321,59.0,0.041,153.0,Fresno - Garland,12.793333295833333,45.14817770833333,5.957915875,1016.125,0.0,29.291666666666668
2018-11-21,36.78538,-119.77321,20.9,0.028,73.0,Fresno - Garland,12.895416595833334,43.89091825,9.0529861125,1016.6958333333333,0.004166666666666667,70.625
2018-11-22,36.78538,-119.77321,14.1,0.025,60.0,Fresno - Garland,13.491249708333333,80.80847429166667,9.9950469,1019.1999999999999,1.175,65.04166666666667
2018-11-23,36.78538,-119.77321,13.9,0.02,60.0,Fresno - Garland,11.9204165,80.96993095833334,7.7021087125,1022.9208333333332,0.10416666666666667,76.08333333333333
2018-11-24,36.78538,-119.77321,6.8,0.027,38.0,Fresno - Garland,13.62458325,86.2715685,7.743196240833334,1017.6958333333333,0.17083333333333336,81.70833333333333
2018-11-25,36.78538,-119.77321,10.4,0.014,53.0,Fresno - Garland,12.814166541666665,88.04226670833333,6.5922659333333335,1017.1999999999999,0.0,57.583333333333336
2018-11-26,36.78538,-119.77321,21.6,0.016,74.0,Fresno - Garland,12.151666416666666,87.49144554166666,4.534035783333334,1021.2583333333333,0.0,32.291666666666664
2018-11-27,36.78538,-119.77321,27.6,0.024,85.0,Fresno - Garland,12.826666541666667,78.76080179166667,6.284934966666667,1019.6374999999999,0.0,69.20833333333333
2018-11-28,36.78538,-119.77321,25.6,0.022,82.0,Fresno - Garland,12.849583125,82.09993733333333,8.433587283333333,1014.5291666666667,0.8333333333333334,95.91666666666667
2018-11-29,36.78538,-119.77321,6.4,0.028,36.0,Fresno - Garland,12.730833250000002,87.35629116666667,17.536755208333332,1006.1583333333333,1.2583333333333333,85.33333333333333
2018-11-30,36.78538,-119.77321,6.0,0.026,33.0,Fresno - Garland,11.762083166666665,84.56031045833333,11.1969092625,1010.7416666666667,0.2708333333333333,82.08333333333333
2018-12-01,36.78538,-119.77321,16.4,0.013,65.0,Fresno - Garland,8.303749841666667,86.0525025,8.899502041666667,1017.8000000000001,0.125,34.916666666666664
2018-12-02,36.78538,-119.77321,13.1,0.027,58.0,Fresno - Garland,7.064166579166667,86.09601925,8.298847304166665,1017.5458333333332,0.0,21.166666666666668
2018-12-03,36.78538,-119.77321,13.1,0.025,58.0,Fresno - Garland,7.480833283333333,75.62273495833334,5.0533441875,1022.1666666666666,0.0,48.791666666666664
2018-12-04,36.78538,-119.77321,14.1,0.014,60.0,Fresno - Garland,9.437083179166667,63.14263808333334,5.756620920833334,1018.2875,0.0,98.20833333333333
2018-12-05,36.78538,-119.77321,7.9,0.022,44.0,Fresno - Garland,10.047499916666666,75.10079320833334,6.107594191666667,1013.0458333333332,0.12083333333333333,92.16666666666667
2018-12-06,36.78538,-119.77321,14.6,0.009,61.0,Fresno - Garland,9.916249783333333,89.324665875,6.530216229166666,1012.775,0.07916666666666666,96.41666666666667
2018-12-07,36.78538,-119.77321,22.1,0.017,75.0,Fresno - Garland,9.866249854166666,93.725184625,4.393778211666667,1018.6541666666667,0.008333333333333333,83.45833333333333
2018-12-08,36.78538,-119.77321,25.8,0.015,82.0,Fresno - Garland,8.034999866666666,94.4116075,4.187217104166667,1025.7291666666667,0.0,57.166666666666664
2018-12-09,36.78538,-119.77321,25.6,0.019,82.0,Fresno - Garland,7.7079165375,91.189706375,4.077208111666667,1026.9083333333333,0.0,86.45833333333333
2018-12-10,36.78538,-119.77321,21.6,0.015,74.0,Fresno - Garland,7.334999841666666,93.58822270833333,7.2080266,1023.8916666666668,0.0,93.5
2018-12-11,36.78538,-119.77321,21.7,0.013,74.0,Fresno - Garland,8.153749791666668,88.49493891666667,4.453041216666667,1022.3666666666667,0.0,90.58333333333333
2018-12-12,36.78538,-119.77321,23.7,0.019,78.0,Fresno - Garland,6.4224999375,88.63193916666667,4.411479170833333,1023.6791666666667,0.0,60.583333333333336
2018-12-13,36.78538,-119.77321,25.6,0.018,82.0,Fresno - Garland,6.3204166625000004,84.54679850000001,5.883513233333333,1025.9291666666666,0.0,28.75
2018-12-14,36.78538,-119.77321,27.8,0.007,86.0,Fresno - Garland,8.799583154166667,72.5741275,9.248422845833334,1021.1916666666666,0.0,83.125
2018-12-15,36.78538,-119.77321,23.5,0.021,78.0,Fresno - Garland,8.280833141666667,69.490999875,7.358847241666667,1019.8208333333333,0.0,24.708333333333332
2018-12-16,36.78538,-119.77321,18.0,0.025,68.0,Fresno - Garland,9.507916558333333,64.32598116666666,10.067012779166667,1019.3249999999999,0.0,24.0
2018-12-17,36.78538,-119.77321,9.1,0.026,51.0,Fresno - Garland,12.307916375,80.931805375,7.941667224166667,1020.2291666666666,0.525,95.79166666666667
2018-12-18,36.78538,-119.77321,13.5,0.018,59.0,Fresno - Garland,10.014166404166668,87.54697,5.210960829166667,1025.6166666666666,0.0,83.16666666666667
2018-12-19,36.78538,-119.77321,20.2,0.023,72.0,Fresno - Garland,8.978749695833333,89.96975400000001,5.019671478333334,1026.2041666666667,0.0,64.95833333333333
2018-12-20,36.78538,-119.77321,27.5,0.016,85.0,Fresno - Garland,7.4433332666666665,89.82850670833334,4.739569675,1021.9166666666666,0.0,56.0
2018-12-21,36.78538,-119.77321,27.2,0.01,85.0,Fresno - Garland,10.1016665,87.64342983333334,5.959814383333334,1018.9499999999999,0.0,77.20833333333333
2018-12-22,36.78538,-119.77321,15.0,0.013,62.0,Fresno - Garland,10.364166583333335,89.15325775000001,6.0844465375,1019.6666666666666,0.0,82.66666666666667
2018-12-23,36.78538,-119.77321,18.0,0.014,68.0,Fresno - Garland,9.080833179166666,91.74816770833333,5.5880454083333335,1023.1958333333333,0.0,88.25
2018-12-24,36.78538,-119.77321,24.0,0.022,79.0,Fresno - Garland,8.818333116666667,91.45449991666668,5.522858204166667,1022.6374999999999,0.0,65.5
2018-12-25,36.78538,-119.77321,18.1,0.028,68.0,Fresno - Garland,10.047499875,87.61363120833333,10.966222270833333,1012.8249999999999,0.46249999999999997,80.58333333333333
2018-12-26,36.78538,-119.77321,18.1,0.028,68.0,Fresno - Garland,10.047499875,87.61363120833333,10.966222270833333,1012.8249999999999,0.46249999999999997,80.58333333333333
2018-12-27,36.78538,-119.77321,18.1,0.028,68.0,Fresno - Garland,10.047499875,87.61363120833333,10.966222270833333,1012.8249999999999,0.46249999999999997,80.58333333333333
2018-12-28,36.78538,-119.77321,28.1,0.013,86.0,Fresno - Garland,4.462083262,76.84089016666667,6.5267213875,1020.0791666666668,0.0,16.083333333333332
2018-12-29,36.78538,-119.77321,37.1,0.025,105.0,Fresno - Garland,3.862083307625,66.066056125,6.712125279166667,1027.125,0.0,20.833333333333332
2018-12-30,36.78538,-119.77321,36.5,0.027,103.0,Fresno - Garland,4.6308332808333335,72.0211745,6.110959983333333,1024.3583333333333,0.0,10.625
2018-12-31,36.78538,-119.77321,36.5,0.027,103.0,Fresno - Garland,4.6308332808333335,72.0211745,6.110959983333333,1024.3583333333333,0.0,10.625
2019-01-01,36.78538,-119.77321,47.1,0.018,130.0,Fresno - Garland,4.4579165626,76.47934525000001,4.619013683333333,1020.1750000000001,0.0,3.2916666666666665
2019-01-02,36.78538,-119.77321,39.0,0.021,110.0,Fresno - Garland,3.007916660416667,62.513592208333336,6.630268445833334,1024.4875,0.0,16.75
2019-01-03,36.78538,-119.77321,30.8,0.02,91.0,Fresno - Garland,5.018333233333333,63.48221291666667,4.963559197916667,1024.4333333333334,0.0,17.041666666666668
2019-01-04,36.78538,-119.77321,33.2,0.019,96.0,Fresno - Garland,6.032916554166667,72.52443004166666,7.356985233333333,1018.6458333333334,0.0,24.791666666666668
2019-01-05,36.78538,-119.77321,12.5,0.026,57.0,Fresno - Garland,6.974583229166666,70.844358375,11.200811508333333,1012.025,0.09583333333333334,66.79166666666667
2019-01-06,36.78538,-119.77321,6.1,0.031,34.0,Fresno - Garland,7.557916616666667,84.799161125,13.701142154166666,1015.3666666666667,0.30833333333333335,77.66666666666667
2019-01-07,36.78538,-119.77321,5.0,0.026,28.0,Fresno - Garland,11.35374975,81.77824333333334,18.285699425,1018.8583333333332,0.6958333333333333,74.20833333333333
2019-01-08,36.78538,-119.77321,10.7,0.021,54.0,Fresno - Garland,12.545416541666667,76.84938091666668,8.912259933333333,1019.6541666666667,0.0,97.83333333333333
2019-01-09,36.78538,-119.77321,10.6,0.019,54.0,Fresno - Garland,11.572499708333332,82.8694675,10.515767958333333,1018.4250000000001,0.19999999999999998,88.70833333333333
2019-01-10,36.78538,-119.77321,10.9,0.01,54.0,Fresno - Garland,9.351666470833333,92.85204974999999,6.28245075,1021.5791666666668,0.008333333333333333,64.75
2019-01-11,36.78538,-119.77321,13.8,0.012,60.0,Fresno - Garland,8.730833216666666,88.99829116666666,9.042796658333334,1017.8000000000001,0.0,73.79166666666667
2019-01-12,36.78538,-119.77321,14.9,0.033,62.0,Fresno - Garland,10.547499733333334,78.73273920833333,7.4533248625,1014.2083333333334,0.0,76.41666666666667
2019-01-13,36.78538,-119.77321,8.6,0.028,48.0,Fresno - Garland,9.962083154166667,80.750028375,7.443068275000001,1017.2541666666666,0.0,33.916666666666664
2019-01-14,36.78538,-119.77321,10.1,0.006,53.0,Fresno - Garland,9.582916525,71.82456633333334,6.1867209875,1014.2916666666666,0.09583333333333333,86.66666666666667
2019-01-15,36.78538,-119.77321,5.8,0.026,32.0,Fresno - Garland,8.9745832,83.20224179166667,11.651442795833333,1013.4541666666668,0.19583333333333333,89.375
2019-01-16,36.78538,-119.77321,4.1,0.021,23.0,Fresno - Garland,12.391249833333333,78.98682483333333,15.729115083333333,1015.9125,0.24583333333333335,98.58333333333333
2019-01-17,36.78538,-119.77321,5.5,0.022,31.0,Fresno - Garland,14.23708325,82.95129966666667,17.594204774999998,1015.8249999999999,0.65,92.08333333333333
2019-01-18,36.78538,-119.77321,7.3,0.028,41.0,Fresno - Garland,11.832916583333335,87.16294175,8.573591570833333,1024.5,0.012499999999999999,59.291666666666664
2019-01-19,36.78538,-119.77321,14.8,0.026,62.0,Fresno - Garland,11.3245832375,84.194412375,5.2723297625,1028.0458333333333,0.0,84.0
2019-01-20,36.78538,-119.77321,13.7,0.029,60.0,Fresno - Garland,11.39749975,81.77315254166668,6.555302491666666,1021.7583333333333,0.0,96.08333333333333
2019-01-21,36.78538,-119.77321,3.3,0.033,18.0,Fresno - Garland,9.697499970833332,81.9661975,9.927051845833333,1019.4208333333332,0.43333333333333335,66.0
2019-01-22,36.78538,-119.77321,17.9,0.025,67.0,Fresno - Garland,6.970416670833333,77.35255316666667,7.159206670833334,1026.1541666666667,0.0,28.125
2019-01-23,36.78538,-119.77321,17.6,0.025,67.0,Fresno - Garland,7.178749933333333,70.93887679166667,4.1078230074999995,1030.1583333333333,0.0,34.791666666666664
2019-01-24,36.78538,-119.77321,23.1,0.027,77.0,Fresno - Garland,7.628749933333334,80.06360408333333,4.630279795833333,1025.5416666666667,0.0,6.25
2019-01-25,36.78538,-119.77321,31.5,0.024,93.0,Fresno - Garland,8.447499883333334,84.54679,5.8655046875,1023.9083333333333,0.0,6.791666666666667
2019-01-26,36.78538,-119.77321,34.9,0.027,99.0,Fresno - Garland,8.401666591666666,88.19608158333334,4.8438689083333335,1025.2250000000001,0.0,70.45833333333333
2019-01-27,36.78538,-119.77321,30.2,0.031,90.0,Fresno - Garland,10.055833266666665,83.498308875,5.792631966666666,1023.8249999999999,0.0,76.66666666666667
2019-01-28,36.78538,-119.77321,34.6,0.025,99.0,Fresno - Garland,9.814166458333334,88.41143070833334,5.20170695,1018.3583333333332,0.0,73.25
2019-01-29,36.78538,-119.77321,33.5,0.023,96.0,Fresno - Garland,10.953749908333334,79.99734295833333,5.66097682375,1015.5458333333332,0.008333333333333333,82.625
2019-01-30,36.78538,-119.77321,28.4,0.029,87.0,Fresno - Garland,11.514166479166667,88.334434375,5.426641541666666,1014.3125,0.0375,74.95833333333333
2019-01-31,36.78538,-119.77321,19.3,0.029,70.0,Fresno - Garland,13.005833125,77.85790129166666,7.1143913075,1011.7375000000001,0.13333333333333333,75.41666666666667
2019-02-01,36.78538,-119.77321,15.8,0.025,63.0,Fresno - Garland,11.826666458333333,83.85907266666666,9.071552041666667,1013.6208333333334,0.0,62.958333333333336
2019-02-02,36.78538,-119.77321,5.7,0.034,32.0,Fresno - Garland,13.072499875,79.40081816666667,20.819693416666667,1005.3958333333334,0.7958333333333334,93.70833333333333
2019-02-03,36.78538,-119.77321,2.2,0.031,12.0,Fresno - Garland,11.399583166666666,79.447061,24.99785904166667,1005.8708333333334,0.5458333333333333,80.04166666666667
2019-02-04,36.78538,-119.77321,1.0,0.034,6.0,Fresno - Garland,10.901666416666666,82.083029125,16.762055125,1006.525,0.8333333333333334,62.291666666666664
2019-02-05,36.78538,-119.77321,4.0,0.036,22.0,Fresno - Garland,6.5329166,82.9833055,8.55933545,1009.3166666666666,0.625,67.91666666666667
2019-02-06,36.78538,-119.77321,11.8,0.032,56.0,Fresno - Garland,3.71624986125,77.34682037500001,6.956137616666666,1019.4833333333332,0.0,22.583333333333332
2019-02-07,36.78538,-119.77321,15.5,0.032,63.0,Fresno - Garland,4.109999926791667,65.53471783333333,6.76537115,1025.3458333333333,0.0,20.0
2019-02-08,36.78538,-119.77321,9.4,0.034,52.0,Fresno - Garland,5.001666630833333,70.50761316666667,7.995394766666667,1021.7791666666667,0.0,15.875
2019-02-09,36.78538,-119.77321,4.3,0.035,24.0,Fresno - Garland,8.334999829166668,76.07833391666667,11.660465625,1015.2125,0.30833333333333335,72.29166666666667
2019-02-10,36.78538,-119.77321,5.7,0.039,32.0,Fresno - Garland,7.9058331375,74.32800033333334,16.3854284375,1014.7083333333334,0.4083333333333334,74.25
2019-02-11,36.78538,-119.77321,10.2,0.034,53.0,Fresno - Garland,3.3079165066666665,76.27591545833333,6.620834508333334,1022.6374999999999,0.0,5.875
2019-02-12,36.78538,-119.77321,11.4,0.025,55.0,Fresno - Garland,4.164166530541666,71.48781829166667,8.5016592375,1020.9166666666666,0.0,48.166666666666664
2019-02-13,36.78538,-119.77321,5.0,0.03,28.0,Fresno - Garland,9.628749808333334,64.74489466666667,13.415730708333333,1011.0416666666666,0.3541666666666667,98.95833333333333
2019-02-14,36.78538,-119.77321,2.4,0.035,13.0,Fresno - Garland,15.101666625,77.64636283333333,21.46755404166667,1003.6958333333333,0.6666666666666666,89.83333333333333
2019-02-15,36.78538,-119.77321,4.8,0.031,27.0,Fresno - Garland,9.468333187499999,82.000533375,10.282911054166666,1014.1833333333334,0.525,74.29166666666667
2019-02-16,36.78538,-119.77321,6.9,0.033,38.0,Fresno - Garland,6.874583229166667,83.740126875,6.8238975291666675,1020.7041666666668,0.39166666666666666,61.041666666666664
2019-02-17,36.78538,-119.77321,8.7,0.033,48.0,Fresno - Garland,5.426666608333334,88.21435708333333,6.517850258333333,1019.2916666666666,0.3666666666666667,62.5
2019-02-18,36.78538,-119.77321,11.7,0.029,56.0,Fresno - Garland,4.401666664583334,79.74414208333333,8.180973541666667,1019.6875,0.0,30.208333333333332
2019-02-19,36.78538,-119.77321,11.8,0.031,56.0,Fresno - Garland,4.05374988135,75.313957625,7.455732270833334,1022.8541666666666,0.0,15.208333333333334
2019-02-20,36.78538,-119.77321,11.3,0.025,55.0,Fresno - Garland,5.005833235416667,71.11498583333334,5.907838777916667,1017.7875,0.03333333333333333,62.458333333333336
2019-02-21,36.78538,-119.77321,4.6,0.031,26.0,Fresno - Garland,5.639166583333334,75.83719529166667,7.954830433333334,1006.4,0.16666666666666666,57.416666666666664
2019-02-22,36.78538,-119.77321,11.1,0.032,55.0,Fresno - Garland,4.939166621125,72.857057875,6.228289475,1013.8833333333333,0.0,9.416666666666666
2019-02-23,36.78538,-119.77321,23.5,0.033,78.0,Fresno - Garland,5.0849999986666665,69.549976625,4.919596920833333,1025.0125,0.0,15.25
2019-02-24,36.78538,-119.77321,21.1,0.038,73.0,Fresno - Garland,7.934999833333333,66.41612029166667,5.2330528916666665,1024.9333333333332,0.0,49.291666666666664
2019-02-25,36.78538,-119.77321,8.9,0.036,49.0,Fresno - Garland,10.3870832125,66.31074966666667,8.539684702916666,1018.2041666666668,0.0,75.20833333333333
2019-02-26,36.78538,-119.77321,6.7,0.03,37.0,Fresno - Garland,12.509999875,66.61374870833333,10.595399500000001,1016.8249999999999,0.0,92.0
2019-02-27,36.78538,-119.77321,4.0,0.028,22.0,Fresno - Garland,12.695416541666667,69.71625729166666,12.781478404166668,1017.0708333333333,0.18333333333333335,92.125
2019-02-28,36.78538,-119.77321,5.2,0.028,29.0,Fresno - Garland,13.232916458333333,83.33588495833332,6.6192924458333335,1019.025,0.2041666666666667,63.458333333333336
2019-03-01,36.78538,-119.77321,9.5,0.026,52.0,Fresno - Garland,11.364166570833333,82.77776383333334,6.926764662499999,1018.9333333333334,0.016666666666666666,96.83333333333333
2019-03-02,36.78538,-119.77321,4.0,0.026,22.0,Fresno - Garland,12.270416416666668,87.0077235,12.757890187500001,1013.2666666666668,0.8833333333333333,91.83333333333333
2019-03-03,36.78538,-119.77321,1.5,0.028,8.0,Fresno - Garland,13.922499875,85.5607175,12.116078645833333,1015.9250000000001,0.15833333333333335,70.08333333333333
2019-03-04,36.78538,-119.77321,3.5,0.037,19.0,Fresno - Garland,12.524583166666666,77.32737949999999,10.3647406,1018.5375,0.029166666666666664,70.625
2019-03-05,36.78538,-119.77321,3.5,0.037,19.0,Fresno - Garland,12.524583166666666,77.32737949999999,10.3647406,1018.5375,0.029166666666666664,70.625
2019-03-06,36.78538,-119.77321,2.7,0.034,15.0,Fresno - Garland,13.487083125,78.97145766666667,19.6884936875,1009.2833333333333,0.8333333333333334,86.04166666666667
2019-03-07,36.78538,-119.77321,3.0,0.031,17.0,Fresno - Garland,11.803749875,80.736333625,10.48314055,1015.1916666666666,0.5,87.58333333333333
2019-03-08,36.78538,-119.77321,2.9,0.04,16.0,Fresno - Garland,9.453749791666667,77.70759220833334,8.198776254166667,1016.5291666666667,0.125,64.54166666666667
2019-03-09,36.78538,-119.77321,5.4,0.035,30.0,Fresno - Garland,7.897499920833333,71.1512395,8.724487975,1017.4125,0.0,49.375
2019-03-10,36.78538,-119.77321,6.6,0.041,37.0,Fresno - Garland,8.8204164875,77.01963195833333,7.824135975,1014.3000000000001,0.125,82.95833333333333
2019-03-11,36.78538,-119.77321,4.2,0.034,23.0,Fresno - Garland,9.041249945833334,76.04696120833333,8.830305375,1016.0749999999999,0.0,28.416666666666668
2019-03-12,36.78538,-119.77321,7.2,0.036,40.0,Fresno - Garland,10.0933332625,74.17562558333334,8.6378534325,1012.3041666666667,0.0,2.7083333333333335
2019-03-13,36.78538,-119.77321,3.8,0.038,21.0,Fresno - Garland,9.674583304166667,61.429821874999995,15.460752779166667,1016.1083333333332,0.05833333333333334,15.625
2019-03-14,36.78538,-119.77321,9.4,0.041,52.0,Fresno - Garland,8.843333195833333,66.38716445833333,7.3444635583333335,1023.2375000000001,0.0,0.0
2019-03-15,36.78538,-119.77321,8.8,0.043,49.0,Fresno - Garland,10.7599999375,67.61235004166666,6.813867833333333,1023.4583333333334,0.0,22.75
2019-03-16,36.78538,-119.77321,9.6,0.048,52.0,Fresno - Garland,11.770416591666667,69.987628625,6.2642354283333335,1020.7416666666667,0.0,0.0
2019-03-17,36.78538,-119.77321,9.8,0.047,52.0,Fresno - Garland,12.805833225,70.35871145833333,6.200702558333333,1019.1708333333332,0.0,8.333333333333334
2019-03-18,36.78538,-119.77321,10.8,0.05,54.0,Fresno - Garland,14.487083279166667,65.88191483333334,7.5718351625,1015.6333333333333,0.0,56.416666666666664
2019-03-19,36.78538,-119.77321,7.6,0.047,42.0,Fresno - Garland,16.145416583333333,60.50979720833333,7.605704925,1012.3458333333333,0.0,67.83333333333333
2019-03-20,36.78538,-119.77321,5.3,0.04,29.0,Fresno - Garland,14.364166458333335,64.91278175000001,12.9438189875,1014.2375000000001,0.19583333333333333,74.95833333333333
2019-03-21,36.78538,-119.77321,4.8,0.04,27.0,Fresno - Garland,11.632916520833334,83.007965625,6.022234158333333,1018.1458333333334,0.06666666666666667,64.5
2019-03-22,36.78538,-119.77321,6.0,0.042,33.0,Fresno - Garland,11.316249829166667,77.44126683333333,5.832840315416667,1021.15,0.0,55.0
2019-03-23,36.78538,-119.77321,7.4,0.043,41.0,Fresno - Garland,12.659999708333332,74.109460875,6.9462634625,1021.0500000000001,0.075,91.54166666666667
2019-03-24,36.78538,-119.77321,11.8,0.044,56.0,Fresno - Garland,10.912083179166666,75.702601125,7.121998858333334,1022.7958333333332,0.0,28.291666666666668
2019-03-25,36.78538,-119.77321,9.0,0.049,50.0,Fresno - Garland,12.437083270833334,64.89126395833334,9.425210979166666,1019.9833333333332,0.0,72.08333333333333
2019-03-26,36.78538,-119.77321,6.9,0.038,38.0,Fresno - Garland,14.6495832,65.99564258333334,8.91804965,1016.9499999999999,0.0,80.33333333333333
2019-03-27,36.78538,-119.77321,4.9,0.032,27.0,Fresno - Garland,15.530833291666667,70.95770354166667,11.408917770833334,1014.8708333333334,0.44999999999999996,80.625
2019-03-28,36.78538,-119.77321,3.5,0.043,19.0,Fresno - Garland,14.434999833333334,68.24858679166667,9.986498870833334,1020.9541666666668,0.225,57.208333333333336
2019-03-29,36.78538,-119.77321,4.6,0.043,26.0,Fresno - Garland,13.197499833333334,63.38496354166667,15.506899229166669,1024.7541666666666,0.020833333333333332,21.416666666666668
2019-03-30,36.78538,-119.77321,5.4,0.039,30.0,Fresno - Garland,11.909999937499999,68.46730537500001,10.240155454166667,1023.4458333333333,0.0,12.583333333333334
2019-03-31,36.78538,-119.77321,6.6,0.04,37.0,Fresno - Garland,13.83499985,69.49873733333332,7.7866024708333335,1020.6125000000001,0.0,22.916666666666668
2019-04-01,36.78538,-119.77321,7.5,0.046,42.0,Fresno - Garland,15.707916500000001,68.775828,6.9792928708333335,1016.3416666666667,0.0,84.5
2019-04-02,36.78538,-119.77321,3.6,0.035,20.0,Fresno - Garland,15.980833250000002,71.8014265,8.889977183333334,1011.7916666666666,0.15416666666666667,66.375
2019-04-03,36.78538,-119.77321,3.6,0.035,20.0,Fresno - Garland,15.980833250000002,71.8014265,8.889977183333334,1011.7916666666666,0.15416666666666667,66.375
2019-04-04,36.78538,-119.77321,4.8,0.033,27.0,Fresno - Garland,14.601666583333333,71.8063535,6.142841637499999,1016.2708333333334,0.0,84.95833333333333
2019-04-05,36.78538,-119.77321,3.1,0.031,17.0,Fresno - Garland,13.824583124999998,69.54673783333332,7.571689479166667,1015.6583333333333,0.004166666666666667,75.95833333333333
2019-04-06,36.78538,-119.77321,3.6,0.045,20.0,Fresno - Garland,13.670416533333333,72.86260458333334,7.1956877125,1018.3208333333333,0.008333333333333333,46.458333333333336
2019-04-07,36.78538,-119.77321,3.5,0.04,19.0,Fresno - Garland,17.32458325,66.87066908333334,8.677427775,1022.4833333333332,0.0,77.375
2019-04-08,36.78538,-119.77321,6.7,0.033,37.0,Fresno - Garland,18.470416583333336,74.338062375,7.37669716125,1022.0875,0.0,96.58333333333333
2019-04-09,36.78538,-119.77321,2.3,0.045,13.0,Fresno - Garland,17.6475,63.63459808333334,22.321853833333336,1020.1458333333334,0.012500000000000002,54.583333333333336
2019-04-10,36.78538,-119.77321,2.2,0.043,12.0,Fresno - Garland,14.384999791666667,46.28010879166666,21.11567833333333,1021.3416666666667,0.0,2.625
2019-04-11,36.78538,-119.77321,7.2,0.04,40.0,Fresno - Garland,13.953749945833332,58.86096641666666,10.384199687499999,1020.0625,0.0,32.041666666666664
2019-04-12,36.78538,-119.77321,5.3,0.041,29.0,Fresno - Garland,14.291249916666667,58.28317058333334,14.882005729166666,1012.5291666666667,0.0,20.0
2019-04-13,36.78538,-119.77321,8.3,0.054,46.0,Fresno - Garland,16.064166500000002,56.34070245833333,5.899193441666667,1013.9291666666667,0.0,27.0
2019-04-14,36.78538,-119.77321,6.1,0.052,34.0,Fresno - Garland,18.343333208333334,56.218434791666674,5.692830495833333,1013.4166666666666,0.0,50.166666666666664
2019-04-15,36.78538,-119.77321,3.0,0.052,17.0,Fresno - Garland,18.441249916666667,40.737111166666665,14.168968291666667,1009.9916666666667,0.0,52.458333333333336
2019-04-16,36.78538,-119.77321,5.5,0.037,31.0,Fresno - Garland,13.970416499999999,71.55789908333334,11.2802198125,1013.6583333333333,0.25,85.04166666666667
2019-04-17,36.78538,-119.77321,6.8,0.045,38.0,Fresno - Garland,15.63083325,64.28519708333333,7.910257466666667,1020.3208333333333,0.0,15.416666666666666
2019-04-18,36.78538,-119.77321,11.0,0.063,55.0,Fresno - Garland,18.514166625,60.351580125,4.345797995833333,1020.1875,0.0,19.875
2019-04-19,36.78538,-119.77321,15.2,0.062,62.0,Fresno - Garland,21.63083333333333,55.80120891666667,5.443295933333334,1013.975,0.0,72.54166666666667
2019-04-20,36.78538,-119.77321,4.6,0.037,26.0,Fresno - Garland,20.901666625,51.84294225,13.848615125,1010.1750000000001,0.0,56.5
2019-04-21,36.78538,-119.77321,7.0,0.04,39.0,Fresno - Garland,16.026666541666668,57.38619616666667,14.272840208333333,1015.8625000000001,0.0,21.125
2019-04-22,36.78538,-119.77321,11.2,0.049,55.0,Fresno - Garland,18.474583208333332,57.537361125,8.087083733333333,1016.4083333333333,0.0,2.0416666666666665
2019-04-23,36.78538,-119.77321,13.9,0.061,60.0,Fresno - Garland,21.378749958333334,46.71431879166667,6.722422412499999,1015.0916666666667,0.0,11.458333333333334
2019-04-24,36.78538,-119.77321,12.9,0.067,58.0,Fresno - Garland,23.89749995833333,41.2911835,6.0614023625,1012.875,0.0,0.75
2019-04-25,36.78538,-119.77321,9.8,0.054,52.0,Fresno - Garland,25.805833333333336,46.25814020833334,5.653493608333334,1011.375,0.0,9.333333333333334
2019-04-26,36.78538,-119.77321,9.3,0.051,51.0,Fresno - Garland,26.401666666666667,40.43620895833333,10.065576554166666,1011.5,0.0,12.708333333333334
2019-04-27,36.78538,-119.77321,11.2,0.051,55.0,Fresno - Garland,24.824583333333333,44.739619624999996,9.2658056625,1011.1958333333333,0.0,46.583333333333336
2019-04-28,36.78538,-119.77321,9.0,0.051,50.0,Fresno - Garland,22.226666625000004,39.465768625,9.825087408333333,1009.0583333333334,0.0,9.0
2019-04-29,36.78538,-119.77321,9.7,0.045,52.0,Fresno - Garland,21.524583333333336,40.56616616666667,11.9391045125,1006.1208333333334,0.0,44.541666666666664
2019-04-30,36.78538,-119.77321,8.8,0.04,49.0,Fresno - Garland,19.368333208333333,51.252438000000005,7.627361825,1009.8625000000001,0.0,29.5
2019-05-01,36.78538,-119.77321,9.3,0.053,51.0,Fresno - Garland,17.903749958333332,50.20126454166667,8.312071937499999,1014.3000000000001,0.0,15.791666666666666
2019-05-02,36.78538,-119.77321,7.3,0.06,41.0,Fresno - Garland,20.07666658333333,33.9372815,8.325237549999999,1014.7875,0.0,4.666666666666667
2019-05-03,36.78538,-119.77321,8.5,0.062,47.0,Fresno - Garland,21.857916583333335,30.7492773125,7.382970954166667,1013.0333333333333,0.0,39.0
2019-05-04,36.78538,-119.77321,8.1,0.06,45.0,Fresno - Garland,22.578749916666666,29.018246875,9.138184395833333,1010.5083333333333,0.0,13.833333333333334
2019-05-05,36.78538,-119.77321,5.4,0.05,30.0,Fresno - Garland,20.843333333333334,32.84463233333333,12.683148520833333,1007.9499999999999,0.0,10.375
2019-05-06,36.78538,-119.77321,4.8,0.046,27.0,Fresno - Garland,18.81625,48.39672291666667,12.797151962500001,1009.6625,0.0,46.5
2019-05-07,36.78538,-119.77321,5.9,0.045,33.0,Fresno - Garland,18.909999958333334,53.076821458333335,11.366696558333333,1014.2958333333332,0.0,27.25
2019-05-08,36.78538,-119.77321,7.8,0.049,43.0,Fresno - Garland,20.909999958333334,50.499108,9.9471626625,1014.0625,0.0,30.291666666666668
2019-05-09,36.78538,-119.77321,10.2,0.05,53.0,Fresno - Garland,22.276666666666667,51.886276708333334,10.243237,1007.6833333333334,0.0,41.583333333333336
2019-05-10,36.78538,-119.77321,6.5,0.044,36.0,Fresno - Garland,18.878749916666667,64.89318779166668,10.21481865,1006.8625000000001,0.2125,72.20833333333333
2019-05-11,36.78538,-119.77321,8.2,0.054,46.0,Fresno - Garland,20.437083291666667,60.309118624999996,4.84941065,1012.25,0.0,10.208333333333334
2019-05-12,36.78538,-119.77321,9.4,0.057,52.0,Fresno - Garland,23.512083333333333,47.04332725,6.203581254166667,1011.8375,0.0,2.0416666666666665
2019-05-13,36.78538,-119.77321,4.6,0.046,26.0,Fresno - Garland,24.093333333333334,32.307375541666666,13.824205833333332,1012.9875000000001,0.0,24.958333333333332
2019-05-14,36.78538,-119.77321,5.8,0.046,32.0,Fresno - Garland,23.187083291666667,35.84817366666667,12.879898958333333,1013.9125,0.0,54.25
2019-05-15,36.78538,-119.77321,4.5,0.034,25.0,Fresno - Garland,20.89125,46.577898375,12.178017850000002,1011.4,0.1125,97.04166666666667
2019-05-16,36.78538,-119.77321,2.2,0.043,12.0,Fresno - Garland,16.351666625,68.51761633333334,11.641466041666668,1010.0291666666667,1.3833333333333335,81.91666666666667
2019-05-17,36.78538,-119.77321,4.4,0.042,24.0,Fresno - Garland,14.695416416666667,60.048618041666664,13.841889979166666,1017.5625,0.13749999999999998,67.625
2019-05-18,36.78538,-119.77321,4.8,0.039,27.0,Fresno - Garland,15.268333208333333,61.57999191666667,7.958197833333333,1015.3000000000001,0.004166666666666667,59.5
2019-05-19,36.78538,-119.77321,1.0,0.041,6.0,Fresno - Garland,13.23499975,80.56095158333333,9.763301929166667,1010.3958333333334,1.2041666666666666,93.95833333333333
2019-05-20,36.78538,-119.77321,3.3,0.046,18.0,Fresno - Garland,12.97458325,71.48821270833334,7.355201695833333,1012.8041666666667,0.0625,57.5
2019-05-21,36.78538,-119.77321,2.5,0.039,14.0,Fresno - Garland,14.245416624999999,65.85503804166667,10.54944485,1013.5124999999999,0.08749999999999998,47.625
2019-05-22,36.78538,-119.77321,3.1,0.035,17.0,Fresno - Garland,13.137083166666665,75.67755129166666,11.016458883333334,1009.3333333333334,0.32916666666666666,77.29166666666667
2019-05-23,36.78538,-119.77321,5.3,0.035,29.0,Fresno - Garland,15.518333208333333,68.84014629166667,11.42121125,1009.0749999999999,0.0375,83.58333333333333
2019-05-24,36.78538,-119.77321,6.6,0.04,37.0,Fresno - Garland,16.920416541666665,75.86841079166668,5.723209566666667,1014.4625,0.05833333333333334,51.25
2019-05-25,36.78538,-119.77321,8.5,0.047,47.0,Fresno - Garland,19.047499958333333,65.42984820833333,7.3522102875,1009.9291666666667,0.012500000000000002,38.458333333333336
2019-05-26,36.78538,-119.77321,3.8,0.038,21.0,Fresno - Garland,14.774583291666666,67.22847858333334,8.243682275,1009.2208333333333,0.875,76.91666666666667
2019-05-27,36.78538,-119.77321,4.3,0.038,24.0,Fresno - Garland,12.159999958333332,74.43742858333333,5.867325057083334,1016.0791666666668,0.025000000000000005,63.25
2019-05-28,36.78538,-119.77321,11.4,0.035,55.0,Fresno - Garland,15.772499833333335,68.08772366666666,6.5933552791666665,1015.9958333333334,0.004166666666666667,72.20833333333333
2019-05-29,36.78538,-119.77321,13.8,0.054,60.0,Fresno - Garland,18.685,68.5992845,5.328839582083333,1011.9875000000001,0.0,74.0
2019-05-30,36.78538,-119.77321,11.4,0.053,55.0,Fresno - Garland,21.670416625,65.56404024999999,7.048556349999999,1009.8083333333334,0.0,4.041666666666667
2019-05-31,36.78538,-119.77321,7.5,0.053,42.0,Fresno - Garland,21.566249916666667,59.080565666666665,9.973904029166667,1010.0958333333333,0.0,21.916666666666668
2019-06-01,36.78538,-119.77321,6.8,0.061,38.0,Fresno - Garland,23.285,57.8381475,6.895526774166666,1007.9541666666668,0.004166666666666667,20.25
2019-06-02,36.78538,-119.77321,8.8,0.052,49.0,Fresno - Garland,24.499583333333334,51.428582375,7.077416933333333,1007.8791666666666,0.008333333333333333,25.083333333333332
2019-06-03,36.78538,-119.77321,8.8,0.06,49.0,Fresno - Garland,24.6975,53.771152666666666,9.479422225,1009.9041666666667,0.0,12.833333333333334
2019-06-04,36.78538,-119.77321,13.8,0.065,60.0,Fresno - Garland,27.270416666666666,57.91513095833333,6.6419518166666665,1010.3249999999999,0.0,12.583333333333334
2019-06-05,36.78538,-119.77321,14.5,0.067,61.0,Fresno - Garland,29.991249999999997,49.80399570833333,6.629110808333333,1009.4333333333334,0.0,17.833333333333332
2019-06-06,36.78538,-119.77321,5.2,0.046,29.0,Fresno - Garland,29.220416666666665,31.446687083333334,15.321626354166668,1009.0958333333333,0.0,41.208333333333336
2019-06-07,36.78538,-119.77321,5.2,0.046,29.0,Fresno - Garland,29.220416666666665,31.446687083333334,15.321626354166668,1009.0958333333333,0.0,41.208333333333336
2019-06-08,36.78538,-119.77321,5.1,0.055,28.0,Fresno - Garland,22.476666583333337,22.077190541666667,12.586612916666667,1013.0541666666667,0.0,5.208333333333333
2019-06-09,36.78538,-119.77321,8.8,0.062,49.0,Fresno - Garland,25.793333291666666,30.18897964583333,8.174437454166666,1013.9625,0.0,54.75
2019-06-10,36.78538,-119.77321,11.2,0.069,55.0,Fresno - Garland,28.982916666666668,28.298279833333336,5.5744012625,1014.2583333333333,0.0,92.91666666666667
2019-06-11,36.78538,-119.77321,14.2,0.08,61.0,Fresno - Garland,30.924583333333334,29.351196208333334,5.625270166666667,1014.025,0.0,58.625
2019-06-12,36.78538,-119.77321,12.5,0.065,57.0,Fresno - Garland,32.08291666666667,28.67032360416667,5.5225874458333335,1011.0375,0.0,45.875
2019-06-13,36.78538,-119.77321,11.0,0.069,55.0,Fresno - Garland,30.257916666666663,29.851503229166667,14.1905698125,1008.9416666666666,0.0,4.125
2019-06-14,36.78538,-119.77321,6.4,0.053,36.0,Fresno - Garland,27.762083333333333,33.9721345,13.299926304166666,1009.9125,0.0,16.875
2019-06-15,36.78538,-119.77321,8.0,0.056,44.0,Fresno - Garland,26.95375,35.75998920833333,11.695872845833334,1010.4875000000001,0.0,14.0
2019-06-16,36.78538,-119.77321,7.1,0.055,39.0,Fresno - Garland,25.14125,39.52431908333333,12.7123157125,1009.5291666666667,0.0,36.5
2019-06-17,36.78538,-119.77321,9.4,0.059,52.0,Fresno - Garland,27.50791666666667,39.328756375,9.169792358333334,1007.4875000000001,0.0,21.125
2019-06-18,36.78538,-119.77321,11.5,0.064,55.0,Fresno - Garland,29.812083333333334,38.981386666666666,8.677844575,1009.1916666666666,0.0,19.041666666666668
2019-06-19,36.78538,-119.77321,11.1,0.072,55.0,Fresno - Garland,30.997500000000002,36.63793554166667,9.8633650625,1009.8125,0.0,0.4583333333333333
2019-06-20,36.78538,-119.77321,6.1,0.057,34.0,Fresno - Garland,28.476666666666663,35.741775458333336,13.547891429166667,1008.9125,0.0,1.3333333333333333
2019-06-21,36.78538,-119.77321,8.4,0.054,47.0,Fresno - Garland,24.795416666666668,41.35265441666667,13.499272895833334,1008.8083333333334,0.0,0.08333333333333333
2019-06-22,36.78538,-119.77321,7.9,0.057,44.0,Fresno - Garland,26.214166666666667,30.642354458333333,9.096819245833332,1010.6791666666667,0.0,0.0
2019-06-23,36.78538,-119.77321,8.7,0.068,48.0,Fresno - Garland,28.814166666666665,27.142322041666663,5.581912841666667,1012.1374999999999,0.0,0.125
2019-06-24,36.78538,-119.77321,8.0,0.067,44.0,Fresno - Garland,30.589166666666667,25.678347833333333,8.8295698625,1009.4458333333333,0.0,23.541666666666668
2019-06-25,36.78538,-119.77321,5.4,0.048,30.0,Fresno - Garland,29.401666666666667,25.618331833333333,12.541210541666667,1007.1374999999999,0.0,47.583333333333336
2019-06-26,36.78538,-119.77321,5.2,0.043,29.0,Fresno - Garland,26.489166666666666,28.523659229166668,15.815499979166667,1010.3000000000001,0.0,3.8333333333333335
2019-06-27,36.78538,-119.77321,3.6,0.046,20.0,Fresno - Garland,23.35375,37.279746125,16.361553625,1015.0124999999999,0.0,17.708333333333332
2019-06-28,36.78538,-119.77321,4.2,0.046,23.0,Fresno - Garland,24.241249999999997,34.87984775,13.301856216666666,1014.7458333333334,0.0,12.416666666666666
2019-06-29,36.78538,-119.77321,5.4,0.058,30.0,Fresno - Garland,24.651666666666667,31.80536725,10.343354541666667,1014.7166666666667,0.0,20.791666666666668
2019-06-30,36.78538,-119.77321,4.5,0.06,25.0,Fresno - Garland,27.618333333333336,23.49065566666667,10.139396608333334,1013.7833333333333,0.0,0.2916666666666667
2019-07-01,36.78538,-119.77321,7.5,0.056,42.0,Fresno - Garland,27.207916666666666,25.965136833333332,14.103823687500002,1014.0749999999999,0.0,0.0
2019-07-02,36.78538,-119.77321,5.7,0.054,32.0,Fresno - Garland,26.749583333333334,26.271235145833334,13.3562481875,1012.5,0.0,12.708333333333334
2019-07-03,36.78538,-119.77321,8.3,0.053,46.0,Fresno - Garland,25.57041666666667,35.566248916666666,12.566328758333334,1010.4083333333333,0.0,16.875
2019-07-04,36.78538,-119.77321,35.8,0.056,102.0,Fresno - Garland,25.995416666666667,33.111626375,12.596468,1010.3791666666666,0.0,0.0
2019-07-05,36.78538,-119.77321,10.9,0.061,54.0,Fresno - Garland,28.555833333333336,32.099215208333334,9.339769729166667,1012.0791666666668,0.0,1.5416666666666667
2019-07-06,36.78538,-119.77321,10.3,0.064,53.0,Fresno - Garland,29.620416666666667,25.856335458333334,8.848141233333333,1012.5958333333333,0.0,0.375
2019-07-07,36.78538,-119.77321,9.0,0.047,50.0,Fresno - Garland,28.022499999999997,27.59987704166667,10.892126075,1010.6208333333334,0.0,57.708333333333336
2019-07-08,36.78538,-119.77321,7.2,0.053,40.0,Fresno - Garland,25.520416666666666,33.506967958333334,12.8253168125,1011.4958333333334,0.0,13.666666666666666
2019-07-09,36.78538,-119.77321,7.3,0.051,41.0,Fresno - Garland,25.137083333333333,37.5770645,11.979028704166666,1013.7833333333333,0.0,0.5
2019-07-10,36.78538,-119.77321,7.1,0.049,39.0,Fresno - Garland,27.0475,38.67926575,12.174995479166666,1015.2458333333334,0.0,5.833333333333333
2019-07-11,36.78538,-119.77321,4.8,0.046,27.0,Fresno - Garland,29.399583333333336,33.87278779166667,12.580687708333334,1014.5749999999999,0.0,0.0
2019-07-12,36.78538,-119.77321,6.0,0.052,33.0,Fresno - Garland,30.16208333333333,31.076869791666667,12.230847875,1011.4041666666667,0.0,0.0
2019-07-13,36.78538,-119.77321,8.9,0.06,49.0,Fresno - Garland,31.524583333333336,29.881137874999997,9.762943333333334,1008.8208333333333,0.0,0.0
2019-07-14,36.78538,-119.77321,5.4,0.051,30.0,Fresno - Garland,32.6725,23.617907875,12.288518166666668,1010.65,0.0,0.0
2019-07-15,36.78538,-119.77321,5.4,0.047,30.0,Fresno - Garland,31.345416666666665,25.0380733125,14.974679291666666,1012.6583333333333,0.0,0.0
2019-07-16,36.78538,-119.77321,4.3,0.04,24.0,Fresno - Garland,29.743333333333336,31.193273166666668,14.624398,1010.1583333333333,0.0,0.0
2019-07-17,36.78538,-119.77321,4.8,0.044,27.0,Fresno - Garland,27.97875,31.416258833333334,12.75064645,1009.9166666666666,0.0,38.708333333333336
2019-07-18,36.78538,-119.77321,8.3,0.057,46.0,Fresno - Garland,29.87875,25.933452208333335,5.569374725,1010.3541666666666,0.0,39.333333333333336
2019-07-19,36.78538,-119.77321,6.2,0.05,34.0,Fresno - Garland,28.4475,39.357292125,8.665855366666667,1009.3541666666666,0.0,0.125
2019-07-20,36.78538,-119.77321,8.9,0.053,49.0,Fresno - Garland,27.807916666666667,38.32546466666667,10.394338445833332,1009.8833333333333,0.0,0.0
2019-07-21,36.78538,-119.77321,7.8,0.056,43.0,Fresno - Garland,29.230833333333333,33.494175166666665,7.858960129166667,1010.1,0.0,1.1666666666666667
2019-07-22,36.78538,-119.77321,11.3,0.066,55.0,Fresno - Garland,31.749583333333334,31.540957000000002,6.3751565291666665,1010.9458333333333,0.0,19.791666666666668
2019-07-23,36.78538,-119.77321,10.8,0.07,54.0,Fresno - Garland,33.11208333333334,24.617213958333334,6.961772833333334,1012.2958333333332,0.0,24.791666666666668
2019-07-24,36.78538,-119.77321,11.4,0.068,55.0,Fresno - Garland,33.30375,20.682854875,8.547110570833333,1012.8791666666666,0.0,9.958333333333334
2019-07-25,36.78538,-119.77321,12.9,0.073,58.0,Fresno - Garland,34.559999999999995,17.06151995833333,7.939112416666667,1010.85,0.0,53.208333333333336
2019-07-26,36.78538,-119.77321,8.9,0.066,49.0,Fresno - Garland,33.92875,20.958233083333333,7.381597879166667,1012.1750000000001,0.0,49.75
2019-07-27,36.78538,-119.77321,10.6,0.071,54.0,Fresno - Garland,32.564166666666665,24.11012595833333,9.620796808333333,1013.5583333333334,0.0,0.0
2019-07-28,36.78538,-119.77321,10.9,0.066,54.0,Fresno - Garland,33.99333333333333,23.125356666666665,6.827794386250001,1011.3375,0.0,2.7916666666666665
2019-07-29,36.78538,-119.77321,10.0,0.066,53.0,Fresno - Garland,33.182916666666664,23.9740828125,7.894072558333334,1009.5749999999999,0.0,39.25
2019-07-30,36.78538,-119.77321,10.0,0.066,53.0,Fresno - Garland,33.182916666666664,23.9740828125,7.894072558333334,1009.5749999999999,0.0,39.25
2019-07-31,36.78538,-119.77321,10.0,0.066,53.0,Fresno - Garland,33.182916666666664,23.9740828125,7.894072558333334,1009.5749999999999,0.0,39.25
2019-08-01,36.78538,-119.77321,9.0,0.066,50.0,Fresno - Garland,29.532916666666665,26.509734708333337,8.834497883333333,1012.4666666666667,0.0,0.0
2019-08-02,36.78538,-119.77321,7.0,0.055,39.0,Fresno - Garland,28.024583333333336,37.408594875,13.838439041666668,1013.9958333333334,0.0,0.2916666666666667
2019-08-03,36.78538,-119.77321,9.5,0.068,52.0,Fresno - Garland,29.812083333333334,32.584202,8.3779947625,1012.1666666666666,0.0,40.041666666666664
2019-08-04,36.78538,-119.77321,6.9,0.067,38.0,Fresno - Garland,31.407916666666665,25.665886625,8.164381829166667,1011.1,0.0,45.5
2019-08-05,36.78538,-119.77321,6.8,0.062,38.0,Fresno - Garland,30.901666666666667,31.583944708333334,12.322172041666667,1011.4916666666667,0.0,73.83333333333333
2019-08-06,36.78538,-119.77321,11.4,0.077,55.0,Fresno - Garland,31.593333333333334,27.458069708333337,8.452362829166667,1010.3000000000001,0.0,20.041666666666668
2019-08-07,36.78538,-119.77321,10.3,0.068,53.0,Fresno - Garland,31.678749999999997,24.808375645833333,10.18510055,1009.6875,0.0,12.75
2019-08-08,36.78538,-119.77321,8.5,0.058,47.0,Fresno - Garland,28.737083333333334,28.070823666666666,14.563211104166667,1010.8375,0.0,5.583333333333333
2019-08-09,36.78538,-119.77321,6.3,0.053,35.0,Fresno - Garland,26.176666666666666,34.20242016666666,13.740957250000001,1011.725,0.0,22.416666666666668
2019-08-10,36.78538,-119.77321,3.6,0.035,20.0,Fresno - Garland,26.735,41.413179416666665,13.276579562499998,1011.8791666666666,0.0,0.7916666666666666
2019-08-11,36.78538,-119.77321,4.7,0.046,26.0,Fresno - Garland,25.957916666666666,42.56287854166667,16.150320354166666,1013.8041666666667,0.0,0.6666666666666666
2019-08-12,36.78538,-119.77321,7.8,0.056,43.0,Fresno - Garland,27.991249999999997,30.452270624999997,9.904510745833333,1013.5,0.0,0.0
2019-08-13,36.78538,-119.77321,9.4,0.069,52.0,Fresno - Garland,30.112083333333334,25.550708083333333,8.194953583333334,1012.2708333333334,0.0,0.0
2019-08-14,36.78538,-119.77321,11.5,0.077,55.0,Fresno - Garland,32.06,22.344832333333333,8.073546870833333,1012.1500000000001,0.0,0.0
2019-08-15,36.78538,-119.77321,13.1,0.079,58.0,Fresno - Garland,33.35375,22.588724875,7.917086050000001,1011.4458333333333,0.0,0.0
2019-08-16,36.78538,-119.77321,9.5,0.074,52.0,Fresno - Garland,33.67041666666667,20.963121166666667,6.4756851583333335,1008.75,0.0,0.0
2019-08-17,36.78538,-119.77321,10.7,0.073,54.0,Fresno - Garland,31.464166666666667,26.359339833333333,8.2259069875,1006.7375000000001,0.0,0.0
2019-08-18,36.78538,-119.77321,7.8,0.053,43.0,Fresno - Garland,27.614166666666666,35.963842229166666,9.612256045833334,1008.0041666666666,0.0,0.3333333333333333
2019-08-19,36.78538,-119.77321,7.7,0.056,43.0,Fresno - Garland,26.47666666666667,42.01788654166666,9.52604725,1011.1999999999999,0.0,31.333333333333332
2019-08-20,36.78538,-119.77321,9.6,0.056,52.0,Fresno - Garland,26.864166666666666,39.625077499999996,11.6619505875,1012.4708333333333,0.0,0.0
2019-08-21,36.78538,-119.77321,8.3,0.061,46.0,Fresno - Garland,27.459999999999997,38.72436495833333,13.2835151875,1012.1374999999999,0.0,0.0
2019-08-22,36.78538,-119.77321,10.2,0.056,53.0,Fresno - Garland,28.874583333333334,39.75317458333333,10.7099561875,1007.8791666666666,0.0,31.5
2019-08-23,36.78538,-119.77321,14.6,0.057,61.0,Fresno - Garland,31.189166666666665,38.899736499999996,5.599415066666666,1005.625,0.0,28.708333333333332
2019-08-24,36.78538,-119.77321,9.7,0.07,52.0,Fresno - Garland,31.062083333333334,38.133088916666665,9.048824304166667,1008.9499999999999,0.0,29.833333333333332
2019-08-25,36.78538,-119.77321,8.2,0.063,46.0,Fresno - Garland,32.30375,28.365804666666666,9.830862595833333,1011.9958333333334,0.0,7.0
2019-08-26,36.78538,-119.77321,9.3,0.063,51.0,Fresno - Garland,32.997499999999995,24.866896229166667,12.112617333333333,1010.1791666666667,0.0,26.708333333333332
2019-08-27,36.78538,-119.77321,8.8,0.071,49.0,Fresno - Garland,33.255833333333335,24.28287308333333,9.952819783333334,1007.5875,0.0,13.416666666666666
2019-08-28,36.78538,-119.77321,7.9,0.065,44.0,Fresno - Garland,32.714166666666664,18.319525395833335,11.000998762499998,1008.6166666666667,0.0,2.25
2019-08-29,36.78538,-119.77321,8.0,0.048,44.0,Fresno - Garland,29.635,34.386197,13.888840312500001,1012.525,0.0,0.0
2019-08-30,36.78538,-119.77321,9.7,0.057,52.0,Fresno - Garland,28.407916666666665,40.62347141666667,12.130515408333332,1013.8125,0.0,0.0
2019-08-31,36.78538,-119.77321,10.2,0.061,53.0,Fresno - Garland,29.47458333333333,33.91841816666667,7.984108008333333,1011.9916666666667,0.0,0.0
2019-09-01,36.78538,-119.77321,9.4,0.069,52.0,Fresno - Garland,30.497500000000002,24.324364208333332,8.417666491666667,1010.8041666666667,0.0,3.2916666666666665
2019-09-02,36.78538,-119.77321,9.0,0.073,50.0,Fresno - Garland,32.02041666666667,24.560136270833336,7.140093560416666,1010.9583333333334,0.0,7.125
2019-09-03,36.78538,-119.77321,6.4,0.061,36.0,Fresno - Garland,31.149583333333336,28.30428541666667,12.948023291666667,1011.8458333333333,0.0,6.166666666666667
2019-09-04,36.78538,-119.77321,8.6,0.074,48.0,Fresno - Garland,31.095416666666665,24.2271920625,8.0630609375,1010.0749999999999,0.0,10.666666666666666
2019-09-05,36.78538,-119.77321,9.2,0.068,51.0,Fresno - Garland,31.8475,24.521618333333336,7.7869021583333335,1010.5500000000001,0.0,30.583333333333332
2019-09-06,36.78538,-119.77321,5.6,0.055,31.0,Fresno - Garland,30.332916666666666,28.831099979166666,11.095253754166668,1014.2375000000001,0.0,7.208333333333333
2019-09-07,36.78538,-119.77321,8.5,0.057,47.0,Fresno - Garland,28.535,28.206978583333335,12.970765383333335,1014.0833333333334,0.0,23.5
2019-09-08,36.78538,-119.77321,3.3,0.039,18.0,Fresno - Garland,22.153750000000002,53.29548608333334,14.49918965,1013.8000000000001,0.0,1.8333333333333333
2019-09-09,36.78538,-119.77321,4.7,0.045,26.0,Fresno - Garland,23.535,46.04283508333333,11.242971595833334,1012.4250000000001,0.0,0.0
2019-09-10,36.78538,-119.77321,3.5,0.045,19.0,Fresno - Garland,22.564166666666665,45.78295754166667,13.171428666666666,1010.875,0.0,0.875
2019-09-11,36.78538,-119.77321,6.5,0.055,36.0,Fresno - Garland,22.353749958333335,50.27768279166667,10.448378079166668,1013.9458333333333,0.0,0.0
2019-09-12,36.78538,-119.77321,9.8,0.069,52.0,Fresno - Garland,25.574583333333333,32.587390104166666,5.488771575,1015.2875,0.0,0.0
2019-09-13,36.78538,-119.77321,11.2,0.077,55.0,Fresno - Garland,27.86,24.765134375000002,7.1185616375,1014.2624999999999,0.0,12.708333333333334
2019-09-14,36.78538,-119.77321,13.0,0.077,58.0,Fresno - Garland,28.81833333333333,20.575624,6.794981529166667,1012.4333333333334,0.0,30.166666666666668
2019-09-15,36.78538,-119.77321,9.4,0.072,52.0,Fresno - Garland,28.607916666666668,22.714540958333334,5.783449454166667,1009.3666666666667,0.0,59.666666666666664
2019-09-16,36.78538,-119.77321,3.1,0.034,17.0,Fresno - Garland,24.168333333333333,48.69829485416667,12.404803962499999,1010.8375,0.004166666666666667,52.958333333333336
2019-09-17,36.78538,-119.77321,5.5,0.045,31.0,Fresno - Garland,20.539166625,54.05223016666667,13.273772874999999,1015.0375,0.0,35.625
2019-09-18,36.78538,-119.77321,5.7,0.05,32.0,Fresno - Garland,22.099583291666665,39.627060375,8.133784566666668,1013.3249999999999,0.0,0.08333333333333333
2019-09-19,36.78538,-119.77321,4.1,0.039,23.0,Fresno - Garland,22.0725,51.89845220833333,16.288548062500002,1011.9208333333332,0.0,13.541666666666666
2019-09-20,36.78538,-119.77321,6.3,0.045,35.0,Fresno - Garland,21.180833333333332,41.622619125,9.458179658333334,1012.4791666666666,0.0,0.0
2019-09-21,36.78538,-119.77321,7.2,0.057,40.0,Fresno - Garland,22.66,35.4299295,6.063123032083333,1012.6875,0.0,1.625
2019-09-22,36.78538,-119.77321,8.1,0.065,45.0,Fresno - Garland,24.676666666666666,32.306176416666666,5.0287335825,1012.0500000000001,0.0,0.0
2019-09-23,36.78538,-119.77321,4.8,0.045,27.0,Fresno - Garland,25.26625,38.274144791666664,10.853647958333333,1011.4250000000001,0.0,14.541666666666666
2019-09-24,36.78538,-119.77321,11.6,0.067,56.0,Fresno - Garland,25.4475,37.52287125,7.152241666666666,1013.6166666666667,0.0,0.0
2019-09-25,36.78538,-119.77321,14.0,0.084,60.0,Fresno - Garland,27.16208333333333,28.253271770833333,6.6682835958333335,1009.0458333333332,0.0,13.666666666666666
2019-09-26,36.78538,-119.77321,14.5,0.071,61.0,Fresno - Garland,28.528750000000002,29.35076225,6.559846720833334,1007.9958333333334,0.0,4.375
2019-09-27,36.78538,-119.77321,9.1,0.049,51.0,Fresno - Garland,25.826666666666668,47.290339499999995,12.458903291666667,1010.8458333333333,0.0,0.2916666666666667
2019-09-28,36.78538,-119.77321,3.5,0.04,19.0,Fresno - Garland,21.4225,48.781426,10.391146441666667,1006.9,0.0,7.75
2019-09-29,36.78538,-119.77321,3.4,0.038,19.0,Fresno - Garland,17.18708325,48.05646516666667,11.515081700000001,1010.0500000000001,0.0,7.875
2019-09-30,36.78538,-119.77321,5.2,0.04,29.0,Fresno - Garland,16.816249958333334,43.98613529166667,11.529198429166668,1012.9625,0.0,6.541666666666667
2019-10-01,36.78538,-119.77321,5.7,0.04,32.0,Fresno - Garland,15.94333325,43.61862658333334,12.155431625,1013.275,0.0,0.25
2019-10-02,36.78538,-119.77321,8.2,0.046,46.0,Fresno - Garland,16.23708325,34.26107041666666,6.531534570833333,1015.1750000000001,0.0,0.0
2019-10-03,36.78538,-119.77321,9.5,0.05,52.0,Fresno - Garland,18.755833166666665,35.86650383333333,6.167766749999999,1014.0666666666666,0.0,0.0
2019-10-04,36.78538,-119.77321,5.9,0.044,33.0,Fresno - Garland,18.993333166666666,39.272483083333334,13.975073458333334,1016.2208333333333,0.0,8.708333333333334
2019-10-05,36.78538,-119.77321,10.5,0.052,54.0,Fresno - Garland,18.047499916666666,36.20050208333333,5.9193709708333335,1018.7125,0.0,0.08333333333333333
2019-10-06,36.78538,-119.77321,11.2,0.065,55.0,Fresno - Garland,21.014166624999998,33.07848091666667,5.301911120833333,1016.4333333333334,0.0,3.75
2019-10-07,36.78538,-119.77321,11.2,0.065,55.0,Fresno - Garland,21.014166624999998,33.07848091666667,5.301911120833333,1016.4333333333334,0.0,3.75
2019-10-08,36.78538,-119.77321,17.6,0.064,67.0,Fresno - Garland,22.86,27.872919125,7.412606620833333,1010.9708333333333,0.0,13.958333333333334
2019-10-09,36.78538,-119.77321,12.5,0.045,57.0,Fresno - Garland,21.89749995833333,29.210676791666668,12.210865458333332,1009.0958333333333,0.0,3.0
2019-10-10,36.78538,-119.77321,8.4,0.038,47.0,Fresno - Garland,17.73083325,28.107161208333334,9.089957020833333,1012.525,0.0,4.583333333333333
2019-10-11,36.78538,-119.77321,11.4,0.047,55.0,Fresno - Garland,18.734999875,27.456437583333337,4.963695965416666,1015.4458333333333,0.0,82.41666666666667
2019-10-12,36.78538,-119.77321,16.9,0.059,66.0,Fresno - Garland,18.776666625,27.903273875,4.6156613,1013.1750000000001,0.0,27.666666666666668
2019-10-13,36.78538,-119.77321,14.7,0.062,61.0,Fresno - Garland,18.901666625,26.686086741666667,5.626493212500001,1010.3333333333334,0.0,14.875
2019-10-14,36.78538,-119.77321,15.9,0.054,64.0,Fresno - Garland,18.98083325,29.066435458333334,7.374378208333333,1011.4625,0.0,6.25
2019-10-15,36.78538,-119.77321,17.0,0.063,66.0,Fresno - Garland,19.295416666666664,30.474915624999998,5.2491732749999995,1016.0875,0.0,0.0
2019-10-16,36.78538,-119.77321,21.0,0.062,73.0,Fresno - Garland,19.470416625000002,32.48887602083334,6.4275100583333336,1014.7416666666667,0.0,55.083333333333336
2019-10-17,36.78538,-119.77321,3.7,0.039,21.0,Fresno - Garland,19.453749958333333,47.701340458333334,15.522251924999999,1010.9375,0.0,41.916666666666664
2019-10-18,36.78538,-119.77321,9.0,0.04,50.0,Fresno - Garland,16.653749833333332,47.83395070833333,12.507205054166667,1014.9708333333333,0.0,13.708333333333334
2019-10-19,36.78538,-119.77321,6.0,0.039,33.0,Fresno - Garland,16.699583166666667,51.511449875000004,9.610233375,1016.9041666666667,0.0,10.791666666666666
2019-10-20,36.78538,-119.77321,6.1,0.037,34.0,Fresno - Garland,18.591249958333332,62.56630683333333,13.486239333333332,1016.6583333333333,0.0,35.791666666666664
2019-10-21,36.78538,-119.77321,13.3,0.046,59.0,Fresno - Garland,17.509999958333335,52.43718116666667,6.08248763625,1019.1541666666667,0.0,3.3333333333333335
2019-10-22,36.78538,-119.77321,11.2,0.053,55.0,Fresno - Garland,19.62666666666667,44.70889491666667,5.665929995833333,1020.6833333333334,0.0,0.125
2019-10-23,36.78538,-119.77321,11.3,0.042,55.0,Fresno - Garland,20.751666583333336,42.321350708333334,5.8487583333333335,1015.9,0.0,0.5
2019-10-24,36.78538,-119.77321,14.0,0.058,60.0,Fresno - Garland,21.77874991666667,39.54233266666667,5.647012920833333,1014.7708333333334,0.0,16.625
2019-10-25,36.78538,-119.77321,17.2,0.06,66.0,Fresno - Garland,21.512083333333333,36.113550583333335,5.25832545,1018.0375,0.0,31.375
2019-10-26,36.78538,-119.77321,14.8,0.061,62.0,Fresno - Garland,20.326666541666665,33.897893125,6.164607458333333,1012.7375000000001,0.0,13.791666666666666
2019-10-27,36.78538,-119.77321,24.8,0.033,80.0,Fresno - Garland,18.545416625,26.770814312499997,10.779046862500001,1006.5124999999999,0.0,1.625
2019-10-28,36.78538,-119.77321,17.1,0.034,66.0,Fresno - Garland,14.359999933333334,27.44785029166667,6.756385391666666,1015.2166666666667,0.0,3.4166666666666665
2019-10-29,36.78538,-119.77321,21.8,0.043,75.0,Fresno - Garland,13.90999995,31.022443874999997,7.896472233333333,1014.0291666666667,0.0,0.0
2019-10-30,36.78538,-119.77321,23.8,0.036,78.0,Fresno - Garland,12.997499904166666,33.458274833333334,5.618906454166667,1017.8249999999999,0.0,0.0
2019-10-31,36.78538,-119.77321,19.2,0.04,70.0,Fresno - Garland,13.318333258333332,20.030187645833333,5.923081275,1023.0541666666667,0.0,0.0
2019-11-01,36.78538,-119.77321,23.8,0.043,78.0,Fresno - Garland,13.024583254166666,35.593778,5.644811408333333,1021.2458333333334,0.0,0.0
2019-11-02,36.78538,-119.77321,23.3,0.053,77.0,Fresno - Garland,14.872499895833334,38.07311120833334,4.421308954166666,1020.1166666666667,0.0,0.0
2019-11-03,36.78538,-119.77321,27.1,0.058,85.0,Fresno - Garland,14.955833275000002,35.706261833333336,5.835443049999999,1016.7916666666666,0.0,0.0
2019-11-04,36.78538,-119.77321,21.8,0.059,75.0,Fresno - Garland,15.426666570833333,33.890427020833336,6.2206291445833335,1014.9125,0.0,0.0
2019-11-05,36.78538,-119.77321,27.7,0.059,86.0,Fresno - Garland,17.03083325,31.167123041666667,4.9954942,1016.1374999999999,0.0,0.0
2019-11-06,36.78538,-119.77321,24.0,0.062,79.0,Fresno - Garland,16.50583333333333,32.689399208333334,5.652099145833334,1015.7125,0.0,13.625
2019-11-07,36.78538,-119.77321,26.1,0.06,83.0,Fresno - Garland,17.793333208333333,35.224086125,5.5386112416666675,1016.8041666666667,0.0,25.833333333333332
2019-11-08,36.78538,-119.77321,31.7,0.05,93.0,Fresno - Garland,17.455833208333335,40.59023766666667,5.443262341666667,1020.4375,0.0,0.0
2019-11-09,36.78538,-119.77321,31.3,0.057,92.0,Fresno - Garland,17.31416654166667,44.561921000000005,5.534847020833333,1019.9583333333334,0.0,0.0
2019-11-10,36.78538,-119.77321,32.0,0.057,94.0,Fresno - Garland,16.039166570833334,46.69634204166667,5.669441854166667,1017.6125000000001,0.0,6.0
2019-11-11,36.78538,-119.77321,28.5,0.059,87.0,Fresno - Garland,16.499583291666667,43.129799875,4.976741191666666,1016.5583333333334,0.0,12.0
2019-11-12,36.78538,-119.77321,28.5,0.059,87.0,Fresno - Garland,16.499583291666667,43.129799875,4.976741191666666,1016.5583333333334,0.0,12.0
2019-11-13,36.78538,-119.77321,33.7,0.049,97.0,Fresno - Garland,17.247499958333332,37.07993091666666,5.290109641666667,1015.625,0.0,94.20833333333333
2019-11-14,36.78538,-119.77321,21.7,0.046,74.0,Fresno - Garland,16.77458325,39.418401958333334,4.281586823333334,1015.6208333333334,0.0,88.625
2019-11-15,36.78538,-119.77321,13.8,0.03,60.0,Fresno - Garland,15.220416458333332,68.98914704166667,10.815268566666667,1020.2333333333332,0.0,52.5
2019-11-16,36.78538,-119.77321,24.6,0.04,80.0,Fresno - Garland,14.078749945833332,68.72437395833333,5.4737641083333335,1020.2666666666668,0.0,0.08333333333333333
2019-11-17,36.78538,-119.77321,29.9,0.047,90.0,Fresno - Garland,15.293333250000002,65.959068625,4.797770916666667,1019.0291666666667,0.0,20.791666666666668
2019-11-18,36.78538,-119.77321,31.6,0.05,93.0,Fresno - Garland,15.509999833333334,56.03521383333333,6.0458259791666675,1015.6041666666666,0.0,0.0
2019-11-19,36.78538,-119.77321,31.6,0.05,93.0,Fresno - Garland,15.509999833333334,56.03521383333333,6.0458259791666675,1015.6041666666666,0.0,0.0
2019-11-20,36.78538,-119.77321,4.1,0.021,23.0,Fresno - Garland,12.6954165,74.03770233333334,7.8048744,1000.4083333333333,0.0,39.958333333333336
2019-11-21,36.78538,-119.77321,8.4,0.03,47.0,Fresno - Garland,12.659999791666666,70.724625125,9.79143145,1007.6625,0.0,41.583333333333336
2019-11-22,36.78538,-119.77321,14.4,0.029,61.0,Fresno - Garland,12.387083270833335,62.476280124999995,5.63386934875,1018.5124999999999,0.0,7.333333333333333
2019-11-23,36.78538,-119.77321,17.9,0.033,67.0,Fresno - Garland,12.432916570833333,65.26426445833333,7.202440425,1022.1958333333333,0.0,0.16666666666666666
2019-11-24,36.78538,-119.77321,30.4,0.035,91.0,Fresno - Garland,12.445416454166667,62.69854675,6.261525008333333,1021.4166666666666,0.0,0.125
2019-11-25,36.78538,-119.77321,24.6,0.033,80.0,Fresno - Garland,11.820416658333334,60.61050933333333,12.071277965833334,1016.4499999999999,0.0,5.916666666666667
2019-11-26,36.78538,-119.77321,11.3,0.029,55.0,Fresno - Garland,9.295416583333333,35.361547208333334,12.102519475000001,1014.9499999999999,0.0,26.916666666666668
2019-11-27,36.78538,-119.77321,6.4,0.025,36.0,Fresno - Garland,8.597499754166668,63.54538491666667,14.878283291666667,1003.7375000000001,0.7208333333333333,92.33333333333333
2019-11-28,36.78538,-119.77321,5.3,0.027,29.0,Fresno - Garland,6.5620832,82.59192954166666,8.719443508333333,1002.4541666666668,0.32083333333333336,89.83333333333333
2019-11-29,36.78538,-119.77321,5.3,0.028,29.0,Fresno - Garland,6.57249995,83.5792575,5.918314916666667,1006.875,0.19583333333333333,70.625
2019-11-30,36.78538,-119.77321,5.1,0.025,28.0,Fresno - Garland,5.31208315,65.21946120833333,10.015293695833334,1018.6333333333333,0.05416666666666667,65.04166666666667
2019-12-01,36.78538,-119.77321,9.3,0.014,51.0,Fresno - Garland,9.0058331375,86.89863195833334,14.274813166666666,1017.8208333333333,1.0833333333333333,99.95833333333333
2019-12-02,36.78538,-119.77321,5.0,0.024,28.0,Fresno - Garland,11.991249666666667,71.03917212500001,8.961001233333333,1018.1374999999999,0.04583333333333334,93.41666666666667
2019-12-03,36.78538,-119.77321,18.3,0.005,68.0,Fresno - Garland,11.1391665,86.72754404166666,5.665185804166666,1019.6999999999999,0.024999999999999998,70.29166666666667
2019-12-04,36.78538,-119.77321,14.7,0.013,61.0,Fresno - Garland,10.995416541666666,88.19484533333333,6.2488662125,1013.3249999999999,0.6041666666666666,97.66666666666667
2019-12-05,36.78538,-119.77321,8.0,0.023,44.0,Fresno - Garland,11.234999854166666,82.40339691666667,8.240181545833334,1016.7624999999999,0.004166666666666667,41.541666666666664
2019-12-06,36.78538,-119.77321,7.5,0.025,42.0,Fresno - Garland,11.518333175,76.765613875,9.4374534,1018.5500000000001,0.0,44.625
2019-12-07,36.78538,-119.77321,4.2,0.021,23.0,Fresno - Garland,13.466249916666667,78.65701595833333,11.704046012500001,1018.0,0.18333333333333335,62.458333333333336
2019-12-08,36.78538,-119.77321,5.1,0.027,28.0,Fresno - Garland,13.230833249999998,86.761650375,10.752759208333332,1016.4625,0.525,63.458333333333336
2019-12-09,36.78538,-119.77321,13.3,0.013,59.0,Fresno - Garland,10.3183331,91.68238870833333,6.158800841666667,1019.8666666666667,0.0,56.333333333333336
2019-12-10,36.78538,-119.77321,36.4,0.012,103.0,Fresno - Garland,10.032916545833332,88.02977941666667,3.6795857833333336,1023.8791666666666,0.0,72.16666666666667
2019-12-11,36.78538,-119.77321,24.7,0.006,80.0,Fresno - Garland,9.222499829166667,87.17468520833334,6.699831166666667,1024.6291666666666,0.004166666666666667,69.58333333333333
2019-12-12,36.78538,-119.77321,19.9,0.021,71.0,Fresno - Garland,11.299583158333334,74.41935420833333,5.506809958333334,1025.1208333333334,0.0,87.20833333333333
2019-12-13,36.78538,-119.77321,15.5,0.021,63.0,Fresno - Garland,11.849583104166667,84.984860375,5.4982848875,1023.9916666666667,0.0,46.125
2019-12-14,36.78538,-119.77321,4.9,0.031,27.0,Fresno - Garland,12.378749916666665,89.03143816666666,8.4099643125,1017.9083333333333,0.0375,84.66666666666667
2019-12-15,36.78538,-119.77321,4.8,0.032,27.0,Fresno - Garland,8.8933333,75.89420495833333,11.143442879166665,1019.1708333333332,0.004166666666666667,30.125
2019-12-16,36.78538,-119.77321,12.3,0.023,57.0,Fresno - Garland,6.9162499,80.39521808333333,5.908599433333333,1025.9291666666666,0.0,47.5
2019-12-17,36.78538,-119.77321,9.2,0.017,51.0,Fresno - Garland,6.54958315,70.086285,4.8555395625,1025.8166666666666,0.0,84.83333333333333
2019-12-18,36.78538,-119.77321,10.1,0.018,53.0,Fresno - Garland,8.5620832,45.083551625000005,10.159331325,1019.0416666666666,0.0,63.333333333333336
2019-12-19,36.78538,-119.77321,14.4,0.023,61.0,Fresno - Garland,8.687083266666667,53.469270458333334,5.206462370833333,1021.1708333333332,0.0,50.958333333333336
2019-12-20,36.78538,-119.77321,13.5,0.022,59.0,Fresno - Garland,7.970416475,69.92308745833334,6.623077058333333,1024.75,0.0,80.33333333333333
2019-12-21,36.78538,-119.77321,12.6,0.021,58.0,Fresno - Garland,10.324583245833333,58.530700625,10.508039354166668,1019.4625,0.0,99.875
2019-12-22,36.78538,-119.77321,7.5,0.024,42.0,Fresno - Garland,10.678749916666668,50.830306791666665,10.324888933333334,1011.2624999999999,0.18333333333333335,80.83333333333333
2019-12-23,36.78538,-119.77321,7.5,0.024,42.0,Fresno - Garland,10.678749916666668,50.830306791666665,10.324888933333334,1011.2624999999999,0.18333333333333335,80.83333333333333
2019-12-24,36.78538,-119.77321,7.5,0.024,42.0,Fresno - Garland,10.678749916666668,50.830306791666665,10.324888933333334,1011.2624999999999,0.18333333333333335,80.83333333333333
2019-12-25,36.78538,-119.77321,7.5,0.024,42.0,Fresno - Garland,10.678749916666668,50.830306791666665,10.324888933333334,1011.2624999999999,0.18333333333333335,80.83333333333333
2019-12-26,36.78538,-119.77321,7.5,0.024,42.0,Fresno - Garland,10.678749916666668,50.830306791666665,10.324888933333334,1011.2624999999999,0.18333333333333335,80.83333333333333
2019-12-27,36.78538,-119.77321,7.5,0.024,42.0,Fresno - Garland,10.678749916666668,50.830306791666665,10.324888933333334,1011.2624999999999,0.18333333333333335,80.83333333333333
2019-12-28,36.78538,-119.77321,28.3,0.024,87.0,Fresno - Garland,5.674583270833334,79.00895041666666,6.394239714166666,1020.5833333333334,0.0,21.458333333333332
2019-12-29,36.78538,-119.77321,28.3,0.024,87.0,Fresno - Garland,5.674583270833334,79.00895041666666,6.394239714166666,1020.5833333333334,0.0,21.458333333333332
2019-12-30,36.78538,-119.77321,22.2,0.009,75.0,Fresno - Garland,8.937083225,74.54182887500001,9.170445904166668,1017.975,0.0,60.416666666666664
2019-12-31,36.78538,-119.77321,22.2,0.009,75.0,Fresno - Garland,8.937083225,74.54182887500001,9.170445904166668,1017.975,0.0,60.416666666666664
2020-01-01,36.78538,-119.77321,42.3,0.022,118.0,Fresno - Garland,7.9620832375,80.34836633333333,4.639382854166667,1020.9499999999999,0.0,59.541666666666664
2020-01-02,36.78538,-119.77321,35.9,0.014,102.0,Fresno - Garland,8.189166520833334,85.57663187499999,5.200076466666666,1018.9666666666667,0.0,66.375
2020-01-03,36.78538,-119.77321,29.6,0.019,89.0,Fresno - Garland,7.5849999375,84.70164475,7.677580554166667,1023.0833333333334,0.0,93.125
2020-01-04,36.78538,-119.77321,9.4,0.025,52.0,Fresno - Garland,10.4745831625,71.68459170833333,8.937628004166667,1026.2916666666667,0.0,88.45833333333333
2020-01-05,36.78538,-119.77321,13.8,0.022,60.0,Fresno - Garland,9.834999925,86.189599875,12.721010479166667,1030.6875,0.0,77.29166666666667
2020-01-06,36.78538,-119.77321,18.7,0.019,69.0,Fresno - Garland,6.947499854166666,85.29377229166667,5.9329241249999995,1032.4125000000001,0.0,30.875
2020-01-07,36.78538,-119.77321,18.3,0.014,68.0,Fresno - Garland,6.151666614166667,83.46877008333333,4.4437480958333335,1025.9916666666666,0.0,50.666666666666664
2020-01-08,36.78538,-119.77321,18.8,0.009,69.0,Fresno - Garland,7.739166445833333,83.35161608333333,9.598208099999999,1019.8416666666667,0.0,48.708333333333336
2020-01-09,36.78538,-119.77321,11.0,0.021,55.0,Fresno - Garland,6.914166420833333,87.413777875,6.692717433333333,1018.2583333333333,0.27499999999999997,86.5
2020-01-10,36.78538,-119.77321,11.3,0.02,55.0,Fresno - Garland,7.2329164666666665,86.53726354166668,7.5583401624999995,1024.1416666666667,0.0,74.0
2020-01-11,36.78538,-119.77321,14.5,0.026,61.0,Fresno - Garland,6.5620832375,80.50640841666667,5.781605020833333,1025.2375,0.0,31.0
2020-01-12,36.78538,-119.77321,18.3,0.023,68.0,Fresno - Garland,5.7974999687499995,87.37671104166667,7.582101704166667,1022.5416666666666,0.0,52.5
2020-01-13,36.78538,-119.77321,18.8,0.014,69.0,Fresno - Garland,5.4454166187499995,86.96252975,5.954784458333333,1022.1958333333333,0.0,34.5
2020-01-14,36.78538,-119.77321,15.8,0.021,63.0,Fresno - Garland,6.3870832,83.457995125,7.705047003333333,1022.875,0.0,30.791666666666668
2020-01-15,36.78538,-119.77321,14.1,0.022,60.0,Fresno - Garland,5.022499983333334,82.35483229166667,7.505320666666667,1020.5416666666666,0.0,33.375
2020-01-16,36.78538,-119.77321,9.7,0.029,52.0,Fresno - Garland,7.6808331249999995,71.47425016666666,14.113920233333333,1014.0875,0.15416666666666667,73.66666666666667
2020-01-17,36.78538,-119.77321,8.6,0.02,48.0,Fresno - Garland,6.462083275,87.08494387500001,5.780332104166667,1022.3958333333334,0.30833333333333335,65.95833333333333
2020-01-18,36.78538,-119.77321,17.8,0.013,67.0,Fresno - Garland,5.407916608333333,85.13048225,4.736618933333333,1027.0708333333334,0.0,91.95833333333333
2020-01-19,36.78538,-119.77321,22.5,0.017,76.0,Fresno - Garland,5.037083254166666,87.9476955,5.082917908333333,1024.2250000000001,0.0,82.83333333333333
2020-01-20,36.78538,-119.77321,20.3,0.004,72.0,Fresno - Garland,7.7308331875,77.42977279166666,5.4879567541666665,1018.1666666666666,0.0,97.04166666666667
2020-01-21,36.78538,-119.77321,26.2,0.021,83.0,Fresno - Garland,10.272499958333333,79.63807808333333,5.305563104166667,1019.3000000000001,0.004166666666666667,79.54166666666667
2020-01-22,36.78538,-119.77321,21.3,0.026,74.0,Fresno - Garland,11.491249666666667,76.15034095833333,5.027141275,1022.9291666666667,0.020833333333333332,70.125
2020-01-23,36.78538,-119.77321,14.8,0.02,62.0,Fresno - Garland,10.097499695833333,89.50066695833334,4.231947554166667,1024.0083333333334,0.0,69.54166666666667
2020-01-24,36.78538,-119.77321,22.7,0.016,76.0,Fresno - Garland,10.126666529166668,90.25084533333334,6.417704545833334,1021.0166666666668,0.0,75.625
2020-01-25,36.78538,-119.77321,28.9,0.022,88.0,Fresno - Garland,10.732916479166667,89.80392795833335,4.798554654166667,1021.1166666666667,0.0,68.08333333333333
2020-01-26,36.78538,-119.77321,19.3,0.026,70.0,Fresno - Garland,11.287083,86.33442774999999,4.863510954166666,1021.35,0.07083333333333333,68.29166666666667
2020-01-27,36.78538,-119.77321,12.6,0.014,58.0,Fresno - Garland,10.732916541666667,83.515044875,8.571675154166668,1026.2583333333334,0.0,12.791666666666666
2020-01-28,36.78538,-119.77321,13.1,0.028,58.0,Fresno - Garland,9.3516664875,84.87820308333333,7.808830729166666,1027.7333333333333,0.0,44.0
2020-01-29,36.78538,-119.77321,8.4,0.018,47.0,Fresno - Garland,10.249583058333334,80.654154125,8.1418790875,1023.7916666666666,0.0,58.541666666666664
2020-01-30,36.78538,-119.77321,17.8,0.023,67.0,Fresno - Garland,8.151666529166667,78.00625491666666,5.960101395833333,1023.6083333333332,0.0,65.375
2020-01-31,36.78538,-119.77321,26.2,0.025,83.0,Fresno - Garland,9.816249916666667,80.556474875,5.324765494583334,1025.9958333333334,0.0,62.791666666666664
2020-02-01,36.78538,-119.77321,31.0,0.029,92.0,Fresno - Garland,11.216249812500001,79.34726366666666,3.4660952016666666,1026.6833333333334,0.0,21.875
2020-02-02,36.78538,-119.77321,15.1,0.029,62.0,Fresno - Garland,10.839166520833333,87.46357991666667,10.130845691666666,1019.0375,0.004166666666666667,61.916666666666664
2020-02-03,36.78538,-119.77321,5.5,0.03,31.0,Fresno - Garland,6.2974998875,60.22170025,15.852071208333333,1017.3208333333333,0.004166666666666667,4.958333333333333
2020-02-04,36.78538,-119.77321,19.1,0.03,70.0,Fresno - Garland,4.203749949166666,59.352013166666666,8.532374345833334,1021.3833333333333,0.0,6.25
2020-02-05,36.78538,-119.77321,23.9,0.03,79.0,Fresno - Garland,4.3704165504166665,55.37838933333333,7.526858816666667,1024.8958333333333,0.0,28.083333333333332
2020-02-06,36.78538,-119.77321,25.0,0.035,81.0,Fresno - Garland,6.307916633333334,61.48669733333333,5.0716136333333335,1022.8416666666667,0.0,8.166666666666666
2020-02-07,36.78538,-119.77321,24.4,0.035,80.0,Fresno - Garland,8.299583241666667,69.05425129166666,5.138764725000001,1020.5708333333333,0.0,0.9583333333333334
2020-02-08,36.78538,-119.77321,22.0,0.044,75.0,Fresno - Garland,9.701666654166667,71.87016695833333,6.555219162499999,1018.4375,0.0,0.0
2020-02-09,36.78538,-119.77321,12.2,0.03,57.0,Fresno - Garland,9.445416558333333,65.84852033333333,8.432079858333333,1012.7916666666666,0.0,8.208333333333334
2020-02-10,36.78538,-119.77321,22.7,0.026,76.0,Fresno - Garland,9.9808332125,35.72304179166667,12.204750941666667,1014.4958333333334,0.0,0.041666666666666664
2020-02-11,36.78538,-119.77321,16.6,0.031,65.0,Fresno - Garland,9.470416533333333,49.25161666666667,7.136643683333333,1017.475,0.0,6.125
2020-02-12,36.78538,-119.77321,14.2,0.036,61.0,Fresno - Garland,10.551666595833334,52.37441629166667,7.438901519999999,1017.6416666666668,0.0,4.833333333333333
2020-02-13,36.78538,-119.77321,14.2,0.039,61.0,Fresno - Garland,11.212083300000002,54.734614541666666,6.299623145833333,1017.3666666666667,0.0,25.458333333333332
2020-02-14,36.78538,-119.77321,16.7,0.035,65.0,Fresno - Garland,11.239166604166668,69.9080855,6.823191245833333,1017.7208333333333,0.0,21.666666666666668
2020-02-15,36.78538,-119.77321,20.7,0.037,73.0,Fresno - Garland,11.409999979166665,74.94946083333333,6.004155623750001,1021.2291666666666,0.0,41.75
2020-02-16,36.78538,-119.77321,14.1,0.036,60.0,Fresno - Garland,12.789166591666666,68.428256125,8.011770966666667,1021.9125,0.0,51.166666666666664
2020-02-17,36.78538,-119.77321,12.3,0.027,57.0,Fresno - Garland,12.264166604166666,64.21247583333333,7.668317478333333,1018.6041666666666,0.0,47.833333333333336
2020-02-18,36.78538,-119.77321,19.2,0.035,70.0,Fresno - Garland,12.728749808333333,65.04657066666667,5.980608125,1016.8375,0.0,57.375
2020-02-19,36.78538,-119.77321,17.9,0.037,67.0,Fresno - Garland,11.6870832375,59.45164654166666,6.669536929166667,1017.7166666666667,0.0,9.625
2020-02-20,36.78538,-119.77321,15.1,0.039,62.0,Fresno - Garland,12.620416479166666,52.5704405,4.681981516666666,1019.4333333333334,0.0,7.0
2020-02-21,36.78538,-119.77321,17.4,0.03,66.0,Fresno - Garland,12.453749908333334,55.62272229166666,6.559919004166667,1018.1458333333334,0.004166666666666667,41.833333333333336
2020-02-22,36.78538,-119.77321,9.0,0.031,50.0,Fresno - Garland,14.605833250000002,57.437723291666664,7.5388210791666666,1014.8541666666666,0.0375,83.29166666666667
2020-02-23,36.78538,-119.77321,11.4,0.033,55.0,Fresno - Garland,12.951666583333335,72.93441016666667,6.987609066666667,1021.9583333333334,0.0,62.75
2020-02-24,36.78538,-119.77321,13.8,0.031,60.0,Fresno - Garland,11.982916574999999,74.79904533333332,6.620520545833333,1026.7166666666667,0.0,32.541666666666664
2020-02-25,36.78538,-119.77321,16.6,0.037,65.0,Fresno - Garland,12.0141665875,69.20398275000001,6.280627079166667,1024.8875,0.0,0.5833333333333334
2020-02-26,36.78538,-119.77321,10.5,0.039,54.0,Fresno - Garland,14.470416579166667,57.60235,6.303054704166667,1025.6791666666666,0.0,3.0833333333333335
2020-02-27,36.78538,-119.77321,12.0,0.041,56.0,Fresno - Garland,15.42458325,51.33727483333333,6.328360090833333,1023.725,0.0,21.75
2020-02-28,36.78538,-119.77321,13.8,0.039,60.0,Fresno - Garland,17.216249875,45.99131541666667,5.809555016666667,1020.5541666666667,0.0,89.83333333333333
2020-02-29,36.78538,-119.77321,9.4,0.043,52.0,Fresno - Garland,17.351666625,43.720365541666666,7.180477604166666,1016.1791666666667,0.0,69.83333333333333
2020-03-01,36.78538,-119.77321,7.2,0.035,40.0,Fresno - Garland,12.830833166666666,49.052370375,13.246673454166666,1014.4875000000001,0.0,67.66666666666667
2020-03-02,36.78538,-119.77321,13.7,0.034,60.0,Fresno - Garland,9.430833183333332,65.73650587499999,7.2953124125,1014.8166666666666,0.0,16.416666666666668
2020-03-03,36.78538,-119.77321,13.5,0.039,59.0,Fresno - Garland,11.8787499,47.13681483333334,6.1791902875,1016.5833333333334,0.0,0.0
2020-03-04,36.78538,-119.77321,14.0,0.043,60.0,Fresno - Garland,14.537083245833335,50.85784929166667,7.335152483333334,1017.1,0.0,53.041666666666664
2020-03-05,36.78538,-119.77321,12.5,0.045,57.0,Fresno - Garland,16.478749833333335,48.499958666666664,5.290952002916667,1018.5541666666667,0.0,51.166666666666664
2020-03-06,36.78538,-119.77321,12.0,0.035,56.0,Fresno - Garland,16.418333208333333,59.26998616666666,5.041291283333334,1015.6333333333333,0.0,73.625
2020-03-07,36.78538,-119.77321,3.4,0.028,19.0,Fresno - Garland,15.018333166666666,58.322901916666666,11.591192620833333,1013.0541666666667,0.0,91.83333333333333
2020-03-08,36.78538,-119.77321,5.0,0.029,28.0,Fresno - Garland,12.080833158333334,61.784016875,8.398196895833333,1014.8541666666666,0.0,46.833333333333336
2020-03-09,36.78538,-119.77321,4.6,0.031,26.0,Fresno - Garland,13.303749791666666,47.669600583333334,4.9453720612500005,1017.8041666666667,0.0,92.83333333333333
2020-03-10,36.78538,-119.77321,6.6,0.025,37.0,Fresno - Garland,13.916249916666667,58.64906291666667,8.355749429166666,1016.6625,0.020833333333333332,80.125
2020-03-11,36.78538,-119.77321,7.8,0.033,43.0,Fresno - Garland,14.76833325,73.23669241666666,6.606923354166667,1017.15,0.225,60.958333333333336
2020-03-12,36.78538,-119.77321,10.4,0.036,53.0,Fresno - Garland,15.897499916666668,68.96031175,5.7989575124999995,1012.75,0.0,18.666666666666668
2020-03-13,36.78538,-119.77321,8.6,0.034,48.0,Fresno - Garland,17.19333325,59.11478941666667,11.201238495833332,1006.5875,0.0,51.791666666666664
2020-03-14,36.78538,-119.77321,4.5,0.03,25.0,Fresno - Garland,14.657916583333334,62.13416916666667,17.501084125000002,1014.0833333333334,0.05416666666666667,41.125
2020-03-15,36.78538,-119.77321,2.9,0.03,16.0,Fresno - Garland,12.520416416666668,66.16935712499999,16.832293375,1017.025,0.16666666666666666,55.958333333333336
2020-03-16,36.78538,-119.77321,2.2,0.027,12.0,Fresno - Garland,10.612083166666666,86.94165504166666,11.588679854166665,1014.6666666666666,0.9874999999999999,92.45833333333333
2020-03-17,36.78538,-119.77321,2.5,0.034,14.0,Fresno - Garland,6.678749920833333,84.52428295833333,6.797873091666666,1015.2083333333334,0.23750000000000002,65.0
2020-03-18,36.78538,-119.77321,3.9,0.037,22.0,Fresno - Garland,8.818333195833334,69.12018208333333,6.672538912499999,1013.1041666666666,0.0,47.833333333333336
2020-03-19,36.78538,-119.77321,4.3,0.032,24.0,Fresno - Garland,10.001666575,75.63567695833333,8.468750729166667,1014.2208333333333,0.25833333333333336,66.08333333333333
2020-03-20,36.78538,-119.77321,4.0,0.037,22.0,Fresno - Garland,10.026666587500001,69.35429245833333,7.201887441666667,1021.5041666666666,0.004166666666666667,19.916666666666668
2020-03-21,36.78538,-119.77321,4.3,0.031,24.0,Fresno - Garland,11.774583208333333,67.40544566666667,6.0594215375000005,1020.8208333333333,0.03333333333333333,71.66666666666667
2020-03-22,36.78538,-119.77321,5.3,0.034,29.0,Fresno - Garland,12.74333325,69.73011066666668,5.8293333875,1019.2416666666667,0.0,39.083333333333336
2020-03-23,36.78538,-119.77321,2.1,0.035,12.0,Fresno - Garland,13.749583083333334,71.82232141666667,6.969699570833334,1017.2291666666666,0.39166666666666666,89.70833333333333
2020-03-24,36.78538,-119.77321,3.1,0.031,17.0,Fresno - Garland,12.470416499999999,74.50576012500001,8.8888221375,1020.9458333333333,0.07083333333333335,71.29166666666667
2020-03-25,36.78538,-119.77321,1.0,0.034,6.0,Fresno - Garland,11.678749791666666,68.106509875,7.9813788875,1018.5875,0.18333333333333335,74.91666666666667
2020-03-26,36.78538,-119.77321,2.7,0.037,15.0,Fresno - Garland,8.664166529166666,72.89131054166667,7.775454983333333,1017.0333333333333,0.14166666666666666,33.708333333333336
2020-03-27,36.78538,-119.77321,5.0,0.035,28.0,Fresno - Garland,8.903749750000001,66.88942916666666,7.3547906625,1018.8208333333333,0.025000000000000005,22.75
2020-03-28,36.78538,-119.77321,7.8,0.038,43.0,Fresno - Garland,9.841249866666667,69.62124870833334,7.165163132499999,1022.5708333333333,0.0,58.833333333333336
2020-03-29,36.78538,-119.77321,5.7,0.039,32.0,Fresno - Garland,11.837083125,74.20626695833333,4.999032241666667,1020.4583333333334,0.08750000000000001,79.20833333333333
2020-03-30,36.78538,-119.77321,6.1,0.038,34.0,Fresno - Garland,12.312083233333333,71.12492379166666,5.583121333333334,1023.0625,0.016666666666666666,3.6666666666666665
2020-03-31,36.78538,-119.77321,3.2,0.032,18.0,Fresno - Garland,13.978749916666667,70.85283908333334,9.739265029166667,1022.5083333333333,0.0,0.08333333333333333
2020-04-01,36.78538,-119.77321,3.2,0.04,18.0,Fresno - Garland,15.309999875,67.46873370833333,13.942116833333332,1014.5375,0.0,1.6666666666666667
2020-04-02,36.78538,-119.77321,4.6,0.038,26.0,Fresno - Garland,12.322499875,48.628889875,14.608303770833333,1015.1999999999999,0.0,0.0
2020-04-03,36.78538,-119.77321,2.8,0.037,16.0,Fresno - Garland,12.3516666,45.198324791666664,10.255712479166666,1016.8208333333333,0.0,17.583333333333332
2020-04-04,36.78538,-119.77321,3.7,0.036,21.0,Fresno - Garland,13.155833199999998,52.923094791666664,9.844778775,1012.9208333333332,0.0,9.708333333333334
2020-04-05,36.78538,-119.77321,2.4,0.029,13.0,Fresno - Garland,12.9829165,71.93656141666666,14.000697741666668,1008.8083333333334,0.425,71.58333333333333
2020-04-06,36.78538,-119.77321,1.8,0.033,10.0,Fresno - Garland,10.7683331,81.26473179166668,13.505824183333333,1009.0708333333333,1.0250000000000001,82.25
2020-04-07,36.78538,-119.77321,1.1,0.034,6.0,Fresno - Garland,10.782916483333333,80.037070125,5.623085929166667,1016.7916666666666,0.024999999999999998,53.208333333333336
2020-04-08,36.78538,-119.77321,4.4,0.029,24.0,Fresno - Garland,13.147499875000001,73.70204683333334,8.8973246,1014.3249999999999,0.125,91.20833333333333
2020-04-09,36.78538,-119.77321,1.5,0.032,8.0,Fresno - Garland,11.06833325,81.47010458333334,17.289607666666665,1017.2375000000001,0.46249999999999997,99.25
2020-04-10,36.78538,-119.77321,6.1,0.035,34.0,Fresno - Garland,12.249583216666666,70.62984683333333,5.865050775,1017.5041666666666,0.0,54.25
2020-04-11,36.78538,-119.77321,10.7,0.035,54.0,Fresno - Garland,14.605833208333332,68.82838475,5.1689984,1015.9250000000001,0.0,32.375
2020-04-12,36.78538,-119.77321,8.0,0.033,44.0,Fresno - Garland,15.1829165,74.97961354166667,6.543515652916667,1015.0124999999999,0.0,28.166666666666668
2020-04-13,36.78538,-119.77321,7.1,0.033,39.0,Fresno - Garland,16.274583125,70.03927900000001,9.883786358333333,1017.3208333333333,0.0,35.625
2020-04-14,36.78538,-119.77321,9.5,0.045,52.0,Fresno - Garland,15.770416583333335,69.46310716666666,6.695347254166666,1021.0,0.0,1.2083333333333333
2020-04-15,36.78538,-119.77321,8.4,0.049,47.0,Fresno - Garland,17.23083325,54.413887458333335,5.588215304166667,1019.3249999999999,0.0,0.041666666666666664
2020-04-16,36.78538,-119.77321,8.9,0.051,49.0,Fresno - Garland,18.855833166666667,51.38339366666667,5.566448,1011.9291666666667,0.0,67.75
2020-04-17,36.78538,-119.77321,5.6,0.031,31.0,Fresno - Garland,18.374583208333334,55.248521875,10.138894258333334,1010.9625,0.0,80.95833333333333
2020-04-18,36.78538,-119.77321,6.1,0.031,34.0,Fresno - Garland,15.972499916666669,71.28406854166667,9.569385795833334,1015.6125000000001,0.2916666666666667,94.20833333333333
2020-04-19,36.78538,-119.77321,7.5,0.035,42.0,Fresno - Garland,15.2579165,70.31907087500001,6.4707186750000005,1017.2166666666667,0.0,33.958333333333336
2020-04-20,36.78538,-119.77321,6.0,0.024,33.0,Fresno - Garland,15.751666541666665,61.68825566666666,10.972561933333333,1016.8666666666667,0.016666666666666666,48.416666666666664
2020-04-21,36.78538,-119.77321,6.7,0.036,37.0,Fresno - Garland,15.587083291666668,65.2258725,13.832850774999999,1020.5208333333334,0.03333333333333333,27.916666666666668
2020-04-22,36.78538,-119.77321,9.5,0.042,52.0,Fresno - Garland,18.047499791666667,60.45228491666666,7.399381033333333,1022.7208333333333,0.0,11.708333333333334
2020-04-23,36.78538,-119.77321,5.6,0.045,31.0,Fresno - Garland,21.457916666666666,55.864286625,15.543266895833334,1020.6625,0.0,9.5
2020-04-24,36.78538,-119.77321,9.5,0.05,52.0,Fresno - Garland,21.549583291666664,44.46840591666666,10.547717704166667,1017.4208333333332,0.0,12.5
2020-04-25,36.78538,-119.77321,17.1,0.049,66.0,Fresno - Garland,23.11208320833333,49.536376749999995,6.437918308333334,1015.7333333333332,0.0,67.70833333333333
2020-04-26,36.78538,-119.77321,5.0,0.042,28.0,Fresno - Garland,24.084999999999997,42.789552291666666,10.2541737125,1014.4375,0.0,80.95833333333333
2020-04-27,36.78538,-119.77321,5.0,0.043,28.0,Fresno - Garland,22.678749999999997,30.504187208333335,15.599250875000001,1016.1625,0.0,17.833333333333332
2020-04-28,36.78538,-119.77321,10.2,0.053,53.0,Fresno - Garland,23.12875,45.37850649999999,8.535085445833333,1016.7416666666667,0.0,18.041666666666668
2020-04-29,36.78538,-119.77321,10.6,0.051,54.0,Fresno - Garland,24.993333333333336,49.587865875,5.207395279166667,1014.0291666666667,0.0,46.125
2020-04-30,36.78538,-119.77321,2.8,0.049,16.0,Fresno - Garland,23.897499999999997,38.38080995833334,19.432065333333334,1015.1583333333333,0.0,41.041666666666664
2020-05-01,36.78538,-119.77321,5.8,0.052,32.0,Fresno - Garland,21.634999958333335,22.915046145833333,17.50516364583333,1016.0958333333333,0.0,20.25
2020-05-02,36.78538,-119.77321,2.9,0.03,16.0,Fresno - Garland,21.316249958333334,39.66668970833333,14.520506958333334,1016.4833333333332,0.0,14.291666666666666
2020-05-03,36.78538,-119.77321,3.8,0.043,21.0,Fresno - Garland,20.549583291666668,50.94729479166667,16.2916225,1018.4791666666666,0.0,3.375
2020-05-04,36.78538,-119.77321,4.2,0.051,23.0,Fresno - Garland,20.059999958333332,34.87566145833333,12.589874333333334,1019.0666666666666,0.0,4.333333333333333
2020-05-05,36.78538,-119.77321,5.7,0.052,32.0,Fresno - Garland,21.916249958333335,27.097664958333336,11.0129751625,1017.5583333333334,0.0,4.083333333333333
2020-05-06,36.78538,-119.77321,6.3,0.049,35.0,Fresno - Garland,22.020416541666666,36.94111579166667,18.44882702083333,1018.3208333333333,0.0,71.20833333333333
2020-05-07,36.78538,-119.77321,8.0,0.058,44.0,Fresno - Garland,22.666249958333335,24.1704625,7.465871978333333,1014.5,0.0,39.708333333333336
2020-05-08,36.78538,-119.77321,14.3,0.067,61.0,Fresno - Garland,25.35375,35.182217125,5.7283214525,1010.7208333333333,0.0,34.333333333333336
2020-05-09,36.78538,-119.77321,15.1,0.072,62.0,Fresno - Garland,27.64125,30.360327604166667,6.870428254166666,1009.5916666666667,0.0,48.625
2020-05-10,36.78538,-119.77321,7.2,0.057,40.0,Fresno - Garland,26.341250000000002,29.727368708333334,7.195169366666666,1010.1708333333332,0.0,35.541666666666664
2020-05-11,36.78538,-119.77321,4.9,0.05,27.0,Fresno - Garland,22.872500000000002,28.505310291666664,10.947664394583333,1012.2125,0.0,28.166666666666668
2020-05-12,36.78538,-119.77321,4.6,0.037,26.0,Fresno - Garland,21.235,39.163437208333335,8.044576136249999,1013.3625000000001,0.0,46.333333333333336
2020-05-13,36.78538,-119.77321,3.2,0.044,18.0,Fresno - Garland,18.691249833333334,44.03641495833333,15.67311125,1015.7666666666668,0.0,25.291666666666668
2020-05-14,36.78538,-119.77321,3.7,0.039,21.0,Fresno - Garland,20.035,45.490090333333335,16.874040041666667,1017.3041666666667,0.0,36.541666666666664
2020-05-15,36.78538,-119.77321,4.1,0.038,23.0,Fresno - Garland,20.034999875,50.61268166666667,17.687022187500002,1016.8625000000001,0.0,26.958333333333332
2020-05-16,36.78538,-119.77321,6.4,0.045,36.0,Fresno - Garland,22.22458333333333,40.81757279166667,11.710479433333333,1013.5208333333334,0.0,72.58333333333333
2020-05-17,36.78538,-119.77321,2.9,0.032,16.0,Fresno - Garland,23.10166666666667,39.018167416666664,10.135394745833333,1010.0166666666668,0.0,61.666666666666664
2020-05-18,36.78538,-119.77321,1.9,0.035,11.0,Fresno - Garland,20.7725,57.28552808333333,10.697453670833333,1011.1750000000001,0.22916666666666666,66.79166666666667
2020-05-19,36.78538,-119.77321,2.7,0.037,15.0,Fresno - Garland,16.009999875000002,65.32310483333333,11.581046054166668,1015.0375,0.03333333333333333,41.666666666666664
2020-05-20,36.78538,-119.77321,4.3,0.042,24.0,Fresno - Garland,17.180833208333333,56.995560250000004,9.5421098125,1018.2541666666666,0.0,12.25
2020-05-21,36.78538,-119.77321,6.4,0.046,36.0,Fresno - Garland,20.064166625000002,49.89219116666666,9.131945345833334,1016.1958333333333,0.0,12.25
2020-05-22,36.78538,-119.77321,4.6,0.048,26.0,Fresno - Garland,22.22666666666667,39.01480275,12.1533770125,1011.3625000000001,0.0,23.625
2020-05-23,36.78538,-119.77321,5.2,0.052,29.0,Fresno - Garland,21.005833291666665,32.873213625,11.388581254166667,1011.7458333333334,0.0,2.2083333333333335
2020-05-24,36.78538,-119.77321,6.8,0.047,38.0,Fresno - Garland,23.322499958333335,29.763430958333334,7.139180066666667,1013.0708333333333,0.0,10.333333333333334
2020-05-25,36.78538,-119.77321,10.8,0.059,54.0,Fresno - Garland,26.36,35.03395154166667,5.706947791666667,1011.4958333333334,0.0,4.166666666666667
2020-05-26,36.78538,-119.77321,10.3,0.063,53.0,Fresno - Garland,29.526666666666667,30.634377999999998,5.9603872125,1010.0333333333333,0.0,0.0
2020-05-27,36.78538,-119.77321,9.6,0.053,52.0,Fresno - Garland,32.10166666666667,31.061717291666668,7.790716354166666,1009.4208333333332,0.0,0.0
2020-05-28,36.78538,-119.77321,8.6,0.063,48.0,Fresno - Garland,32.474583333333335,26.745545791666668,9.546708604166666,1009.1625,0.0,0.041666666666666664
2020-05-29,36.78538,-119.77321,7.8,0.046,43.0,Fresno - Garland,29.905833333333334,28.3769925,9.418008983333333,1008.8583333333332,0.0,36.708333333333336
2020-05-30,36.78538,-119.77321,3.1,0.029,17.0,Fresno - Garland,24.3475,39.42386191666667,13.5794751375,1011.8208333333333,0.0,41.375
2020-05-31,36.78538,-119.77321,5.1,0.036,28.0,Fresno - Garland,21.597499958333334,50.268078083333336,7.898988295,1013.3291666666668,0.0,65.5
2020-06-01,36.78538,-119.77321,7.4,0.043,41.0,Fresno - Garland,24.07875,40.76600208333333,7.6218376291666665,1013.2916666666666,0.0,85.20833333333333
2020-06-02,36.78538,-119.77321,9.0,0.05,50.0,Fresno - Garland,26.5725,36.40317695833333,9.1618351,1013.2291666666666,0.0,88.41666666666667
2020-06-03,36.78538,-119.77321,13.9,0.061,60.0,Fresno - Garland,29.824583333333333,32.723942541666666,6.113476891666667,1012.8833333333333,0.0,29.333333333333332
2020-06-04,36.78538,-119.77321,9.8,0.063,52.0,Fresno - Garland,32.17666666666667,23.602859041666665,11.055441220833332,1007.5166666666668,0.0,8.958333333333334
2020-06-05,36.78538,-119.77321,8.6,0.043,48.0,Fresno - Garland,28.178749999999997,29.556004583333333,13.737529591666666,1004.6208333333334,0.0,39.833333333333336
2020-06-06,36.78538,-119.77321,5.0,0.039,28.0,Fresno - Garland,21.29541658333333,41.60554179166667,15.339307195833333,1010.2041666666668,0.0,29.291666666666668
2020-06-07,36.78538,-119.77321,4.7,0.035,26.0,Fresno - Garland,19.159999875,36.77198533333333,21.9654524375,1015.6625,0.0,0.6666666666666666
2020-06-08,36.78538,-119.77321,4.7,0.04,26.0,Fresno - Garland,19.99958325,29.818144291666666,18.1131059375,1018.0583333333334,0.0,4.791666666666667
2020-06-09,36.78538,-119.77321,6.5,0.049,36.0,Fresno - Garland,23.474583291666665,22.274815125,8.0230983,1019.5749999999999,0.0,0.5
2020-06-10,36.78538,-119.77321,10.5,0.055,54.0,Fresno - Garland,27.25583333333333,25.919839125,7.831241154166666,1015.7166666666667,0.0,8.041666666666666
2020-06-11,36.78538,-119.77321,9.9,0.065,52.0,Fresno - Garland,29.709999999999997,26.5559004375,6.7277544125,1012.9166666666666,0.0,23.958333333333332
2020-06-12,36.78538,-119.77321,4.4,0.038,24.0,Fresno - Garland,27.9225,29.334672629166665,12.707449537499999,1013.3125,0.0,59.125
2020-06-13,36.78538,-119.77321,2.9,0.039,16.0,Fresno - Garland,20.168333333333333,45.20584483333334,18.334787958333333,1016.8625000000001,0.0,19.875
2020-06-14,36.78538,-119.77321,3.4,0.036,19.0,Fresno - Garland,21.562083333333334,39.776003124999995,14.613502458333334,1014.4791666666666,0.0,23.75
2020-06-15,36.78538,-119.77321,3.7,0.032,21.0,Fresno - Garland,25.339166666666667,38.931879375,13.383589520833333,1013.3000000000001,0.0,47.708333333333336
2020-06-16,36.78538,-119.77321,7.5,0.042,42.0,Fresno - Garland,24.132916666666663,33.815251958333334,17.72340225,1012.9041666666667,0.0,20.708333333333332
2020-06-17,36.78538,-119.77321,6.5,0.048,36.0,Fresno - Garland,23.866249999999997,32.35093808333333,13.80128725,1012.4375,0.0,0.0
2020-06-18,36.78538,-119.77321,8.1,0.054,45.0,Fresno - Garland,25.92458333333333,24.5281001125,6.322301525,1011.3874999999999,0.0,0.0
2020-06-19,36.78538,-119.77321,7.9,0.061,44.0,Fresno - Garland,28.9475,21.40614558333333,8.194012675,1009.4458333333333,0.0,18.833333333333332
2020-06-20,36.78538,-119.77321,7.8,0.056,43.0,Fresno - Garland,30.105833333333333,24.676418020833335,11.718075733333334,1010.8083333333334,0.0,5.916666666666667
2020-06-21,36.78538,-119.77321,6.1,0.041,34.0,Fresno - Garland,29.170416666666668,30.014911291666667,13.160975562500001,1011.5875,0.0,13.041666666666666
2020-06-22,36.78538,-119.77321,6.5,0.044,36.0,Fresno - Garland,30.024583333333336,34.14626941666666,11.189790954166668,1010.9208333333332,0.0,0.0
2020-06-23,36.78538,-119.77321,9.3,0.055,51.0,Fresno - Garland,31.805833333333336,29.856509625,9.854137383333333,1009.8458333333333,0.0,0.0
2020-06-24,36.78538,-119.77321,10.3,0.056,53.0,Fresno - Garland,32.41625,28.351924416666666,10.878024429166667,1007.275,0.0,10.833333333333334
2020-06-25,36.78538,-119.77321,13.0,0.055,58.0,Fresno - Garland,31.72458333333333,32.96898195833334,9.529292175,1005.1875,0.0,0.0
2020-06-26,36.78538,-119.77321,11.5,0.067,55.0,Fresno - Garland,31.86,31.878702416666666,10.5617707375,1007.5,0.0,14.458333333333334
2020-06-27,36.78538,-119.77321,10.6,0.067,54.0,Fresno - Garland,33.66833333333333,30.818586375,9.716470466666667,1007.775,0.0,2.0
2020-06-28,36.78538,-119.77321,9.9,0.051,52.0,Fresno - Garland,29.66208333333333,27.46893014583333,12.918946029166667,1005.0124999999999,0.0,32.5
2020-06-29,36.78538,-119.77321,8.7,0.048,48.0,Fresno - Garland,22.61208320833333,38.411844708333334,11.231364916666665,1007.3416666666667,0.0,0.25
2020-06-30,36.78538,-119.77321,7.0,0.048,39.0,Fresno - Garland,26.685000000000002,28.589313416666666,7.684395254166667,1011.1916666666666,0.0,0.0
2020-07-01,36.78538,-119.77321,7.3,0.056,41.0,Fresno - Garland,28.493333333333336,26.962669083333335,6.926261954166667,1007.7958333333332,0.0,0.0
2020-07-02,36.78538,-119.77321,7.6,0.058,42.0,Fresno - Garland,27.25375,33.10690789583334,6.891261387499999,1008.3958333333334,0.0,0.5
2020-07-03,36.78538,-119.77321,7.9,0.059,44.0,Fresno - Garland,27.435,32.70587366666667,7.674560179166666,1012.2375000000001,0.0,0.0
2020-07-04,36.78538,-119.77321,20.2,0.062,72.0,Fresno - Garland,29.012083333333333,24.211595266666667,9.386632804166668,1014.2583333333333,0.0,0.0
2020-07-05,36.78538,-119.77321,10.8,0.048,54.0,Fresno - Garland,30.824583333333333,19.287086625,11.816920354166667,1012.75,0.0,0.0
2020-07-06,36.78538,-119.77321,16.5,0.06,65.0,Fresno - Garland,29.770416666666666,19.29084365,13.032919375,1010.65,0.0,0.0
2020-07-07,36.78538,-119.77321,8.8,0.054,49.0,Fresno - Garland,26.999583333333334,24.3943528125,14.042658375,1011.4458333333333,0.0,0.0
2020-07-08,36.78538,-119.77321,10.0,0.062,53.0,Fresno - Garland,28.34958333333333,25.050753395833336,8.9969584375,1009.7624999999999,0.0,0.0
2020-07-09,36.78538,-119.77321,5.7,0.057,32.0,Fresno - Garland,29.59958333333333,26.536273395833334,9.104894866666667,1009.0666666666666,0.0,0.0
2020-07-10,36.78538,-119.77321,7.9,0.058,44.0,Fresno - Garland,31.272499999999997,22.4916626875,9.2090573875,1011.8291666666668,0.0,41.916666666666664
2020-07-11,36.78538,-119.77321,8.1,0.067,45.0,Fresno - Garland,32.785000000000004,17.541377375,7.888655504166667,1012.9250000000001,0.0,3.4166666666666665
2020-07-12,36.78538,-119.77321,7.7,0.064,43.0,Fresno - Garland,34.630833333333335,13.9605826875,9.444395520833334,1011.0416666666666,0.0,0.0
2020-07-13,36.78538,-119.77321,6.8,0.049,38.0,Fresno - Garland,33.82458333333333,16.586433770833334,10.502694045833334,1007.7125,0.0,0.0
2020-07-14,36.78538,-119.77321,9.6,0.056,52.0,Fresno - Garland,28.997500000000002,32.363695041666666,10.4122975875,1009.4708333333333,0.0,0.0
2020-07-15,36.78538,-119.77321,10.5,0.056,54.0,Fresno - Garland,28.86,33.555995375,9.252902075,1009.8916666666668,0.0,0.0
2020-07-16,36.78538,-119.77321,9.7,0.059,52.0,Fresno - Garland,30.118333333333336,31.447209833333332,9.868506691666667,1009.0541666666667,0.0,0.0
2020-07-17,36.78538,-119.77321,7.7,0.058,43.0,Fresno - Garland,30.368333333333336,29.744454416666667,11.299483729166667,1010.4958333333334,0.0,0.0
2020-07-18,36.78538,-119.77321,9.3,0.057,51.0,Fresno - Garland,30.366249999999997,32.98291966666667,10.123461320833334,1011.6625,0.0,0.0
2020-07-19,36.78538,-119.77321,8.6,0.057,48.0,Fresno - Garland,31.41625,28.446610104166666,10.060529141666667,1011.2583333333333,0.0,0.0
2020-07-20,36.78538,-119.77321,8.0,0.055,44.0,Fresno - Garland,30.44541666666667,29.8891191875,14.054922499999998,1011.7958333333332,0.0,0.041666666666666664
2020-07-21,36.78538,-119.77321,13.0,0.049,58.0,Fresno - Garland,29.955833333333334,29.201432999999998,12.313695125,1009.375,0.0,24.75
2020-07-22,36.78538,-119.77321,8.8,0.055,49.0,Fresno - Garland,28.151666666666667,34.39553866666667,9.415312854166666,1007.5833333333334,0.0,16.125
2020-07-23,36.78538,-119.77321,6.8,0.055,38.0,Fresno - Garland,26.899583333333336,38.62529779166667,9.523072341666667,1008.9166666666666,0.0,0.25
2020-07-24,36.78538,-119.77321,8.3,0.048,46.0,Fresno - Garland,28.79125,32.36800783333333,9.0225457125,1009.5,0.0,0.0
2020-07-25,36.78538,-119.77321,7.8,0.047,43.0,Fresno - Garland,29.29958333333333,31.726461166666667,10.63821155,1009.9958333333334,0.0,0.041666666666666664
2020-07-26,36.78538,-119.77321,9.8,0.055,52.0,Fresno - Garland,30.87875,26.56803358333333,8.465253179166666,1010.0958333333333,0.0,3.5
2020-07-27,36.78538,-119.77321,9.6,0.06,52.0,Fresno - Garland,31.62875,23.853451083333336,9.7220787375,1010.0541666666667,0.0,0.2916666666666667
2020-07-28,36.78538,-119.77321,6.2,0.056,34.0,Fresno - Garland,31.5975,23.5188598125,12.076868766666665,1009.1916666666666,0.0,0.0
2020-07-29,36.78538,-119.77321,11.2,0.064,55.0,Fresno - Garland,32.30166666666667,23.208468291666666,10.540168645833333,1008.9375,0.0,0.0
2020-07-30,36.78538,-119.77321,9.5,0.067,52.0,Fresno - Garland,31.987083333333334,22.106179854166665,9.732070420833333,1011.0333333333333,0.0,0.0
2020-07-31,36.78538,-119.77321,7.7,0.06,43.0,Fresno - Garland,31.90375,21.607161625,12.281706775000002,1011.9083333333333,0.0,0.0
2020-08-01,36.78538,-119.77321,6.8,0.053,38.0,Fresno - Garland,30.905833333333334,20.282425070833334,13.702637583333333,1012.7916666666666,0.0,0.0
2020-08-02,36.78538,-119.77321,7.0,0.048,39.0,Fresno - Garland,30.59958333333333,21.1857011375,10.209070500000001,1013.1208333333334,0.0,0.0
2020-08-03,36.78538,-119.77321,10.6,0.049,54.0,Fresno - Garland,31.151666666666667,22.579854387500003,12.939774125,1013.2624999999999,0.0,0.0
2020-08-04,36.78538,-119.77321,4.4,0.049,24.0,Fresno - Garland,29.864166666666666,29.73066270833333,12.401653445833333,1012.0625,0.0,0.0
2020-08-05,36.78538,-119.77321,9.3,0.045,51.0,Fresno - Garland,27.153750000000002,35.295773958333335,13.548973583333334,1011.1541666666667,0.0,1.5833333333333333
2020-08-06,36.78538,-119.77321,6.3,0.042,35.0,Fresno - Garland,23.866249999999997,45.667708166666664,13.394163316666665,1010.9041666666667,0.0,0.4583333333333333
2020-08-07,36.78538,-119.77321,6.3,0.047,35.0,Fresno - Garland,26.514166666666668,39.97177695833333,8.433097791666667,1010.9333333333334,0.0,0.041666666666666664
2020-08-08,36.78538,-119.77321,9.0,0.055,50.0,Fresno - Garland,29.105833333333333,30.815026958333334,7.294023800000001,1011.5875,0.0,4.875
2020-08-09,36.78538,-119.77321,10.3,0.058,53.0,Fresno - Garland,31.114166666666666,30.417020375000003,7.941512395833333,1011.0416666666666,0.0,0.041666666666666664
2020-08-10,36.78538,-119.77321,9.3,0.064,51.0,Fresno - Garland,32.589166666666664,25.89815225,8.741042825,1009.5916666666667,0.0,0.25
2020-08-11,36.78538,-119.77321,9.3,0.052,51.0,Fresno - Garland,31.170416666666668,28.175842083333333,11.330665666666667,1009.7375000000001,0.0,0.041666666666666664
2020-08-12,36.78538,-119.77321,10.8,0.06,54.0,Fresno - Garland,30.795416666666668,29.713198958333333,8.922264870833333,1010.3708333333333,0.0,0.0
2020-08-13,36.78538,-119.77321,11.4,0.054,55.0,Fresno - Garland,31.680833333333336,23.8394025625,8.366879795833333,1010.8833333333333,0.0,40.25
2020-08-14,36.78538,-119.77321,13.1,0.072,58.0,Fresno - Garland,32.69541666666667,27.723546291666665,5.394517433333333,1011.2125,0.0,43.041666666666664
2020-08-15,36.78538,-119.77321,13.1,0.065,58.0,Fresno - Garland,36.216249999999995,20.969771291666667,4.101543253333333,1009.5749999999999,0.0,37.625
2020-08-16,36.78538,-119.77321,13.1,0.065,58.0,Fresno - Garland,36.216249999999995,20.969771291666667,4.101543253333333,1009.5749999999999,0.0,37.625
2020-08-17,36.78538,-119.77321,15.5,0.099,63.0,Fresno - Garland,36.44541666666667,25.168610208333334,10.915193170833334,1010.2833333333333,0.0,26.833333333333332
2020-08-18,36.78538,-119.77321,24.9,0.08,80.0,Fresno - Garland,36.27041666666667,25.531681208333335,12.2267984375,1011.5166666666668,0.0,26.625
2020-08-19,36.78538,-119.77321,30.3,0.054,90.0,Fresno - Garland,36.85791666666667,18.766494666666667,15.60761675,1009.9791666666666,0.0,1.125
2020-08-20,36.78538,-119.77321,72.8,0.074,163.0,Fresno - Garland,34.276666666666664,15.8197924375,15.463233270833333,1008.8916666666668,0.0,0.16666666666666666
2020-08-21,36.78538,-119.77321,121.9,0.087,198.0,Fresno - Garland,31.56833333333333,23.564651458333334,12.157669508333333,1008.0124999999999,0.0,0.2916666666666667
2020-08-22,36.78538,-119.77321,137.6,0.093,213.0,Fresno - Garland,32.120416666666664,27.790594541666664,9.865714483333333,1008.9041666666667,0.0,66.66666666666667
2020-08-23,36.78538,-119.77321,99.1,0.069,182.0,Fresno - Garland,32.23083333333333,28.022270333333335,6.006305833333333,1008.9416666666666,0.0,20.458333333333332
2020-08-24,36.78538,-119.77321,98.1,0.09,181.0,Fresno - Garland,32.57458333333333,32.78781979166667,6.497995620833334,1008.6208333333334,0.0,18.875
2020-08-25,36.78538,-119.77321,32.3,0.066,94.0,Fresno - Garland,31.53916666666667,37.387345333333336,8.915563075,1008.0166666666668,0.0,0.041666666666666664
2020-08-26,36.78538,-119.77321,30.7,0.058,91.0,Fresno - Garland,30.751666666666665,39.74215579166667,11.066862866666668,1007.4708333333333,0.0,0.041666666666666664
2020-08-27,36.78538,-119.77321,17.2,0.064,66.0,Fresno - Garland,29.330833333333334,32.19830029166667,11.459578133333332,1006.8083333333334,0.0,0.2916666666666667
2020-08-28,36.78538,-119.77321,19.0,0.066,69.0,Fresno - Garland,29.805833333333336,29.670490041666667,7.159439195833333,1006.6916666666666,0.0,0.0
2020-08-29,36.78538,-119.77321,27.9,0.076,86.0,Fresno - Garland,30.370416666666667,28.957804749999998,6.771302220833333,1007.6374999999999,0.0,0.0
2020-08-30,36.78538,-119.77321,36.3,0.066,103.0,Fresno - Garland,29.79125,30.8748851875,9.082546945833334,1008.1999999999999,0.0,0.08333333333333333
2020-08-31,36.78538,-119.77321,41.8,0.075,117.0,Fresno - Garland,30.10375,28.802725125,8.339537720833333,1007.4208333333332,0.0,0.125
2020-09-01,36.78538,-119.77321,40.0,0.075,112.0,Fresno - Garland,29.543333333333333,30.018541583333334,10.112360633333333,1009.0375,0.0,0.0
2020-09-02,36.78538,-119.77321,25.7,0.064,82.0,Fresno - Garland,28.399583333333336,36.713786750000004,11.373144095833332,1013.1625,0.0,0.0
2020-09-03,36.78538,-119.77321,26.7,0.069,84.0,Fresno - Garland,28.345416666666665,37.89048175,10.491009775,1013.8708333333334,0.0,0.0
2020-09-04,36.78538,-119.77321,26.6,0.072,84.0,Fresno - Garland,29.72875,34.043641625,9.624735512500001,1012.6416666666668,0.0,0.0
2020-09-05,36.78538,-119.77321,29.1,0.082,88.0,Fresno - Garland,31.639166666666668,28.932569541666666,7.013765116666666,1012.9208333333332,0.0,0.16666666666666666
2020-09-06,36.78538,-119.77321,30.1,0.066,90.0,Fresno - Garland,34.412083333333335,25.28532841666667,6.613163124166667,1012.6,0.0,0.041666666666666664
2020-09-07,36.78538,-119.77321,41.8,0.085,117.0,Fresno - Garland,34.995416666666664,19.518905416666666,8.848778662500001,1008.8541666666666,0.0,0.0
2020-09-08,36.78538,-119.77321,59.0,0.069,153.0,Fresno - Garland,34.04125,19.443201958333333,11.688964270833333,1002.3041666666667,0.0,5.0
2020-09-09,36.78538,-119.77321,58.4,0.042,153.0,Fresno - Garland,29.851666666666663,17.7474233125,9.854674366666666,1005.8375,0.0,1.2083333333333333
2020-09-10,36.78538,-119.77321,35.2,0.02,100.0,Fresno - Garland,28.062083333333334,27.50111929166667,6.613454908333334,1012.4875000000001,0.0,13.458333333333334
2020-09-11,36.78538,-119.77321,46.7,0.015,129.0,Fresno - Garland,26.564166666666665,31.86264429166667,5.778901683333333,1015.0500000000001,0.0,14.708333333333334
2020-09-12,36.78538,-119.77321,74.8,0.039,165.0,Fresno - Garland,26.332916666666666,27.47503970833333,4.062745316666667,1013.0124999999999,0.0,0.0
2020-09-13,36.78538,-119.77321,135.8,0.051,211.0,Fresno - Garland,27.928749999999997,25.353927625,4.37320438625,1010.975,0.0,0.0
2020-09-14,36.78538,-119.77321,163.2,0.083,238.0,Fresno - Garland,27.968333333333334,31.817487458333332,6.716539999999999,1012.1625,0.0,0.0
2020-09-15,36.78538,-119.77321,94.2,0.069,178.0,Fresno - Garland,28.251666666666665,31.811366479166665,7.490989745833333,1014.7041666666668,0.0,0.0
2020-09-16,36.78538,-119.77321,89.2,0.075,175.0,Fresno - Garland,27.801666666666666,30.90850983333333,6.256487683333333,1014.7958333333332,0.0,0.0
2020-09-17,36.78538,-119.77321,65.9,0.059,158.0,Fresno - Garland,26.837083333333336,33.558933125,7.86931435,1013.0916666666667,0.0,28.0
2020-09-18,36.78538,-119.77321,11.1,0.033,55.0,Fresno - Garland,26.751666666666665,39.25958454166666,12.418512770833333,1013.1458333333334,0.0,77.08333333333333
2020-09-19,36.78538,-119.77321,9.8,0.044,52.0,Fresno - Garland,23.999583333333334,50.6670465,14.304589270833333,1013.1583333333333,0.0,20.0
2020-09-20,36.78538,-119.77321,27.0,0.055,84.0,Fresno - Garland,24.92458333333333,37.54058979166667,5.370495453333334,1011.4291666666667,0.0,16.25
2020-09-21,36.78538,-119.77321,41.1,0.073,115.0,Fresno - Garland,26.682916666666667,30.617763770833335,4.15259075,1011.0875,0.0,0.0
2020-09-22,36.78538,-119.77321,28.5,0.067,87.0,Fresno - Garland,26.993333333333336,30.019432499999997,9.026240741666667,1012.9833333333332,0.0,11.041666666666666
2020-09-23,36.78538,-119.77321,8.0,0.056,44.0,Fresno - Garland,26.199583333333333,26.911443541666667,9.9157237125,1015.9666666666667,0.0,12.333333333333334
2020-09-24,36.78538,-119.77321,5.5,0.04,31.0,Fresno - Garland,25.576666666666668,41.10374383333333,12.692501541666667,1015.0291666666667,0.0,0.4583333333333333
2020-09-25,36.78538,-119.77321,7.1,0.045,39.0,Fresno - Garland,25.14333333333333,40.479683916666666,12.293067529166665,1013.5666666666666,0.0,2.8333333333333335
2020-09-26,36.78538,-119.77321,16.7,0.047,65.0,Fresno - Garland,24.251666666666665,41.499352333333334,10.745640999999999,1014.4958333333334,0.0,0.8333333333333334
2020-09-27,36.78538,-119.77321,21.0,0.052,73.0,Fresno - Garland,26.497500000000002,36.982685875,5.7821093875,1011.5791666666668,0.0,53.666666666666664
2020-09-28,36.78538,-119.77321,20.9,0.057,73.0,Fresno - Garland,27.616249999999997,35.988226041666664,5.725651500000001,1011.5708333333333,0.0,0.0
2020-09-29,36.78538,-119.77321,29.3,0.068,89.0,Fresno - Garland,29.499583333333334,27.808026416666667,5.516447875,1013.4041666666667,0.0,0.0
2020-09-30,36.78538,-119.77321,36.1,0.066,102.0,Fresno - Garland,29.178749999999997,27.733014833333332,8.540547541666667,1015.0833333333334,0.0,0.0
2020-10-01,36.78538,-119.77321,50.7,0.075,138.0,Fresno - Garland,28.645416666666666,28.58928345833333,5.394048349999999,1014.5416666666666,0.0,0.0
2020-10-02,36.78538,-119.77321,69.8,0.081,161.0,Fresno - Garland,28.280833333333334,27.177627895833336,6.5575822624999995,1013.5875,0.0,0.0
2020-10-03,36.78538,-119.77321,81.4,0.091,169.0,Fresno - Garland,27.66,26.64847370833333,6.81074357375,1011.8208333333333,0.0,0.0
2020-10-04,36.78538,-119.77321,61.8,0.076,155.0,Fresno - Garland,27.307916666666667,26.722302312500002,5.367279016666667,1012.6458333333334,0.0,0.0
2020-10-05,36.78538,-119.77321,54.9,0.063,149.0,Fresno - Garland,26.480833333333333,23.341723791666666,6.733012570833334,1014.2916666666666,0.0,19.708333333333332
2020-10-06,36.78538,-119.77321,43.0,0.054,119.0,Fresno - Garland,26.053749999999997,25.45601529166667,6.395575833333333,1014.4041666666667,0.0,47.458333333333336
2020-10-07,36.78538,-119.77321,36.7,0.071,104.0,Fresno - Garland,25.866249999999997,25.211736458333334,4.756930486666667,1011.8249999999999,0.0,24.666666666666668
2020-10-08,36.78538,-119.77321,22.7,0.047,76.0,Fresno - Garland,23.899583333333336,30.452883916666668,8.313010008333334,1011.1916666666666,0.0,65.29166666666667
2020-10-09,36.78538,-119.77321,20.5,0.04,72.0,Fresno - Garland,20.65583325,50.48763804166666,10.204080420833334,1013.0458333333332,0.0,16.333333333333332
2020-10-10,36.78538,-119.77321,8.7,0.039,48.0,Fresno - Garland,20.551666625,52.449754874999996,7.0061205375,1013.3291666666668,0.0,44.833333333333336
2020-10-11,36.78538,-119.77321,4.6,0.035,26.0,Fresno - Garland,21.64958329166667,61.122539625,12.485955645833334,1015.4375,0.0,34.041666666666664
2020-10-12,36.78538,-119.77321,10.1,0.05,53.0,Fresno - Garland,21.707916625,38.404700291666664,6.549628545833333,1018.2833333333333,0.0,0.0
2020-10-13,36.78538,-119.77321,15.1,0.056,62.0,Fresno - Garland,22.714166583333334,34.378601833333335,6.463959725,1017.0708333333333,0.0,0.0
2020-10-14,36.78538,-119.77321,22.9,0.057,77.0,Fresno - Garland,23.687083333333334,32.34875916666667,5.85040455,1017.1,0.0,0.0
2020-10-15,36.78538,-119.77321,21.1,0.068,73.0,Fresno - Garland,24.555833333333336,33.329562833333334,4.712665040416667,1015.5166666666668,0.0,0.0
2020-10-16,36.78538,-119.77321,23.2,0.075,77.0,Fresno - Garland,24.801666666666666,32.20711491666667,5.87455855,1014.25,0.0,5.5
2020-10-17,36.78538,-119.77321,31.4,0.074,93.0,Fresno - Garland,25.074583333333333,29.209064208333334,5.152076857083333,1013.1958333333333,0.0,10.041666666666666
2020-10-18,36.78538,-119.77321,26.7,0.068,84.0,Fresno - Garland,25.3225,28.76042204166667,6.267848679166666,1013.7916666666666,0.0,0.0
2020-10-19,36.78538,-119.77321,19.8,0.069,71.0,Fresno - Garland,24.001666666666665,30.489789583333334,7.1568010125,1014.0791666666668,0.0,0.0
2020-10-20,36.78538,-119.77321,21.8,0.064,75.0,Fresno - Garland,23.2225,33.862921166666666,7.107845650000001,1011.9333333333334,0.0,0.0
2020-10-21,36.78538,-119.77321,23.6,0.057,78.0,Fresno - Garland,22.537083291666665,33.996879916666664,6.061266266666666,1009.4916666666667,0.0,0.0
2020-10-22,36.78538,-119.77321,21.0,0.06,73.0,Fresno - Garland,21.926666666666666,30.581257708333336,5.961245933333333,1008.4666666666667,0.0,0.7083333333333334
2020-10-23,36.78538,-119.77321,13.8,0.045,60.0,Fresno - Garland,20.193333291666665,28.032735958333333,7.5727889416666665,1011.8125,0.0,3.0833333333333335
2020-10-24,36.78538,-119.77321,14.2,0.046,61.0,Fresno - Garland,18.91624991666667,38.30205579166667,7.922180558333333,1014.1374999999999,0.0,27.458333333333332
2020-10-25,36.78538,-119.77321,9.4,0.038,52.0,Fresno - Garland,17.937083291666667,60.59203645833333,10.975433683333334,1012.0791666666668,0.0,15.916666666666666
2020-10-26,36.78538,-119.77321,11.9,0.025,56.0,Fresno - Garland,15.024583291666666,37.38075625,9.1631726,1015.9041666666667,0.0,24.958333333333332
2020-10-27,36.78538,-119.77321,18.6,0.035,69.0,Fresno - Garland,14.557916416666666,32.379673458333336,6.2951411125000005,1019.6791666666667,0.0,46.875
2020-10-28,36.78538,-119.77321,23.2,0.051,77.0,Fresno - Garland,16.393333291666668,34.38184770833333,5.602925866666666,1018.7166666666667,0.0,0.0
2020-10-29,36.78538,-119.77321,19.6,0.05,71.0,Fresno - Garland,16.966249916666666,29.769243854166664,4.230645441666667,1017.7708333333334,0.0,0.0
2020-10-30,36.78538,-119.77321,30.3,0.053,90.0,Fresno - Garland,18.116249958333334,29.609849125,5.285919791666667,1016.7875,0.0,0.0
2020-10-31,36.78538,-119.77321,49.8,0.06,136.0,Fresno - Garland,17.845416583333336,33.637146666666666,5.574510529166666,1017.7624999999999,0.0,0.0
2020-11-01,36.78538,-119.77321,38.0,0.057,107.0,Fresno - Garland,18.307916625,33.112257291666666,6.147774883333334,1019.7375000000001,0.0,39.541666666666664
2020-11-02,36.78538,-119.77321,48.3,0.044,133.0,Fresno - Garland,19.562083208333334,30.668129750000002,5.784854200000001,1019.1833333333334,0.0,28.458333333333332
2020-11-03,36.78538,-119.77321,44.4,0.057,123.0,Fresno - Garland,19.643333291666668,28.040768875,5.853591575,1016.8125,0.0,2.2916666666666665
2020-11-04,36.78538,-119.77321,32.7,0.056,95.0,Fresno - Garland,18.439166583333332,34.99350525,6.684191995833333,1020.0708333333333,0.0,0.0
2020-11-05,36.78538,-119.77321,27.5,0.048,85.0,Fresno - Garland,18.032916666666665,40.897152625,5.2508718708333335,1021.0541666666667,0.0,10.583333333333334
2020-11-06,36.78538,-119.77321,16.7,0.036,65.0,Fresno - Garland,17.222499875,39.510491208333335,12.439007129166667,1009.2208333333333,0.0,66.0
2020-11-07,36.78538,-119.77321,6.4,0.031,36.0,Fresno - Garland,11.514166416666667,63.80968491666667,9.1724133375,1005.625,0.1125,61.583333333333336
2020-11-08,36.78538,-119.77321,7.2,0.03,40.0,Fresno - Garland,9.745416541666666,71.26368945833333,9.009128545833333,1008.2958333333332,0.28750000000000003,53.75
2020-11-09,36.78538,-119.77321,9.3,0.028,51.0,Fresno - Garland,6.568333255833333,74.17758679166667,4.5769099875,1017.0583333333334,0.0,14.166666666666666
2020-11-10,36.78538,-119.77321,18.0,0.028,68.0,Fresno - Garland,7.678749858333333,61.033279541666666,3.9515837375,1024.2124999999999,0.0,33.5
2020-11-11,36.78538,-119.77321,24.0,0.033,79.0,Fresno - Garland,8.33083325,58.74643533333333,5.439453879166667,1020.1958333333333,0.0,58.666666666666664
2020-11-12,36.78538,-119.77321,27.7,0.036,86.0,Fresno - Garland,10.214166608333334,58.90740508333334,4.7173972875,1018.4499999999999,0.0,48.583333333333336
2020-11-13,36.78538,-119.77321,27.7,0.04,86.0,Fresno - Garland,10.862083175,53.663506041666665,5.388845720833333,1019.6458333333334,0.0,20.083333333333332
2020-11-14,36.78538,-119.77321,10.5,0.026,54.0,Fresno - Garland,13.843333208333334,56.04879379166667,7.745835137499999,1022.0,0.0,47.208333333333336
2020-11-15,36.78538,-119.77321,19.5,0.031,70.0,Fresno - Garland,11.276666583333332,76.85917208333333,5.488934729166666,1024.9041666666667,0.0,20.958333333333332
2020-11-16,36.78538,-119.77321,26.1,0.035,83.0,Fresno - Garland,12.384999841666668,61.8566075,4.146823049166667,1021.0,0.0,8.125
2020-11-17,36.78538,-119.77321,11.5,0.025,55.0,Fresno - Garland,15.812083291666667,45.84175925,9.741276490833334,1013.9499999999999,0.0,60.583333333333336
2020-11-18,36.78538,-119.77321,5.0,0.021,28.0,Fresno - Garland,16.203749875,58.65084341666667,9.836588970833334,1016.0291666666667,0.5541666666666667,95.0
2020-11-19,36.78538,-119.77321,6.4,0.029,36.0,Fresno - Garland,13.143333166666666,79.47334408333333,11.425713866666667,1022.2375000000001,0.0,10.041666666666666
2020-11-20,36.78538,-119.77321,17.8,0.018,67.0,Fresno - Garland,10.299583225,76.78296233333333,5.597384261666666,1023.7791666666667,0.0,71.0
2020-11-21,36.78538,-119.77321,39.3,0.027,110.0,Fresno - Garland,9.859999870833333,78.00630829166667,4.824160291666667,1023.0583333333334,0.0,48.458333333333336
2020-11-22,36.78538,-119.77321,37.2,0.028,105.0,Fresno - Garland,9.889166620833334,75.79627870833333,7.5338195,1018.6916666666666,0.0,8.041666666666666
2020-11-23,36.78538,-119.77321,28.3,0.025,87.0,Fresno - Garland,10.35583315,69.84158508333333,8.575713991666666,1015.4625,0.0,29.208333333333332
2020-11-24,36.78538,-119.77321,29.3,0.026,89.0,Fresno - Garland,9.739166604166668,75.75246641666666,6.3081122291666665,1018.3583333333332,0.0,0.041666666666666664
2020-11-25,36.78538,-119.77321,18.9,0.03,69.0,Fresno - Garland,10.203749854166666,74.25886858333332,6.463474949999999,1020.3874999999999,0.0,2.7083333333333335
2020-11-26,36.78538,-119.77321,21.8,0.024,75.0,Fresno - Garland,8.987083075,63.092049083333336,8.61209513625,1021.5083333333333,0.0,3.125
2020-11-27,36.78538,-119.77321,27.6,0.028,85.0,Fresno - Garland,8.316249916666667,61.20688633333333,5.644016866666667,1023.475,0.0,0.0
2020-11-28,36.78538,-119.77321,31.7,0.029,93.0,Fresno - Garland,9.570416612499999,48.50172795833333,3.994492325,1024.2208333333333,0.0,0.0
2020-11-29,36.78538,-119.77321,36.3,0.026,103.0,Fresno - Garland,8.999583264708333,56.22016525,5.518062512499999,1022.6750000000001,0.0,4.666666666666667
2020-11-30,36.78538,-119.77321,26.9,0.027,84.0,Fresno - Garland,10.645416525,52.45071683333333,4.592209391666667,1023.7666666666668,0.0,46.25
2020-12-01,36.78538,-119.77321,30.7,0.03,91.0,Fresno - Garland,8.880833133333333,64.82081108333334,4.27928048625,1023.7833333333333,0.0,0.0
2020-12-02,36.78538,-119.77321,35.4,0.032,100.0,Fresno - Garland,10.237083241666667,57.974443541666666,4.119850437499999,1020.3874999999999,0.0,10.916666666666666
2020-12-03,36.78538,-119.77321,27.2,0.035,85.0,Fresno - Garland,10.318333208333334,51.21794422916667,7.5808544625,1022.5375,0.0,9.166666666666666
2020-12-04,36.78538,-119.77321,33.9,0.023,97.0,Fresno - Garland,10.647499820833334,41.96935791666667,5.182938933333333,1025.3,0.0,41.041666666666664
2020-12-05,36.78538,-119.77321,32.0,0.033,94.0,Fresno - Garland,10.6329166,41.872306125,5.8521561166666665,1023.7791666666667,0.0,17.208333333333332
2020-12-06,36.78538,-119.77321,35.3,0.032,100.0,Fresno - Garland,10.787083129166668,45.25970629166667,5.90752147,1025.0541666666666,0.0,70.45833333333333
2020-12-07,36.78538,-119.77321,42.7,0.029,119.0,Fresno - Garland,8.278750005833333,73.073817625,8.233636975,1021.2208333333333,0.0,20.291666666666668
2020-12-08,36.78538,-119.77321,40.0,0.031,112.0,Fresno - Garland,8.741249929166667,61.437583999999994,7.542823054166667,1022.5083333333333,0.0,13.0
2020-12-09,36.78538,-119.77321,37.3,0.031,105.0,Fresno - Garland,11.097499891666667,48.17349891666667,4.7984103625,1019.8708333333334,0.0,45.458333333333336
2020-12-10,36.78538,-119.77321,41.5,0.019,116.0,Fresno - Garland,10.072499925,54.924821916666666,6.069404279166666,1016.1291666666666,0.0,47.833333333333336
2020-12-11,36.78538,-119.77321,31.6,0.026,93.0,Fresno - Garland,8.268333125,62.69645791666667,6.740595266666666,1020.275,0.0,41.291666666666664
2020-12-12,36.78538,-119.77321,21.3,0.024,74.0,Fresno - Garland,10.014166470833333,75.75242220833333,6.864515320833333,1020.3333333333334,0.44166666666666665,90.5
2020-12-13,36.78538,-119.77321,10.2,0.021,53.0,Fresno - Garland,7.978749891666666,90.92167325000001,8.554192195833334,1023.5791666666668,0.1125,75.29166666666667
2020-12-14,36.78538,-119.77321,6.2,0.024,34.0,Fresno - Garland,8.8808332,86.65980904166666,11.747797216666667,1022.875,0.13749999999999998,54.75
2020-12-15,36.78538,-119.77321,18.9,0.019,69.0,Fresno - Garland,6.924583245833333,83.90124541666667,6.627002729166667,1026.1499999999999,0.0,40.791666666666664
2020-12-16,36.78538,-119.77321,30.9,0.017,92.0,Fresno - Garland,6.753749916666667,82.05281833333333,3.4532890333333337,1026.0708333333334,0.0,46.125
2020-12-17,36.78538,-119.77321,22.3,0.026,76.0,Fresno - Garland,8.339166591666666,75.76923058333334,7.480382029166667,1018.2333333333332,0.05833333333333334,73.20833333333333
2020-12-18,36.78538,-119.77321,24.6,0.011,80.0,Fresno - Garland,7.676666591666667,89.18046299999999,6.710610775,1022.5708333333333,0.0,45.25
2020-12-19,36.78538,-119.77321,34.3,0.019,98.0,Fresno - Garland,6.7933332250000005,82.96876679166667,4.113865077916667,1028.45,0.0,15.375
2020-12-20,36.78538,-119.77321,32.7,0.004,95.0,Fresno - Garland,5.634999920833334,90.18749470833335,4.512470873333333,1028.05,0.0,49.416666666666664
2020-12-21,36.78538,-119.77321,26.3,0.01,83.0,Fresno - Garland,5.9745832808333335,84.686908,2.65218546875,1021.3166666666666,0.0,32.166666666666664
2020-12-22,36.78538,-119.77321,14.6,0.01,61.0,Fresno - Garland,5.728749979166667,88.88452912500001,6.997621687500001,1019.6,0.0,34.25
2020-12-23,36.78538,-119.77321,19.9,0.017,71.0,Fresno - Garland,6.470416579166667,91.32369204166667,4.243021729166666,1023.6,0.0,63.916666666666664
2020-12-24,36.78538,-119.77321,29.8,0.006,90.0,Fresno - Garland,6.262083212499999,74.698146625,4.745463790833333,1025.95,0.0,97.0
2020-12-25,36.78538,-119.77321,26.5,0.013,83.0,Fresno - Garland,7.884999916666666,59.24069641666666,7.721936045833334,1022.3249999999999,0.0,61.375
2020-12-26,36.78538,-119.77321,7.9,0.029,44.0,Fresno - Garland,10.743333241666667,63.590273249999996,9.221390775,1021.5749999999999,0.03333333333333333,79.375
2020-12-27,36.78538,-119.77321,15.2,0.024,62.0,Fresno - Garland,8.597499875,83.57247983333333,8.441187020833334,1017.9541666666668,0.004166666666666667,87.08333333333333
2020-12-28,36.78538,-119.77321,7.0,0.033,39.0,Fresno - Garland,9.482916416666667,79.174297625,11.369145495833335,1008.9375,0.3458333333333334,87.125
2020-12-29,36.78538,-119.77321,15.7,0.021,63.0,Fresno - Garland,7.699583212499999,85.02939595833332,7.090969404166667,1019.0749999999999,0.0,30.0
2020-12-30,36.78538,-119.77321,25.4,0.022,81.0,Fresno - Garland,5.866249854166667,81.89154733333334,6.13286445,1027.5,0.0,46.833333333333336
2020-12-31,36.78538,-119.77321,25.4,0.022,81.0,Fresno - Garland,5.866249854166667,81.89154733333334,6.13286445,1027.5,0.0,46.833333333333336
2021-01-01,36.78538,-119.77321,23.5,0.023,78.0,Fresno - Garland,7.182916612500001,79.6681475,6.434520033333333,1021.5,0.0,44.708333333333336
2021-01-02,36.78538,-119.77321,27.4,0.02,85.0,Fresno - Garland,7.4849999125,73.67945925,5.92272025,1024.1291666666666,0.0,67.91666666666667
2021-01-03,36.78538,-119.77321,20.9,0.019,73.0,Fresno - Garland,10.0370832375,73.04825554166666,4.816868670833333,1024.0708333333334,0.0,89.79166666666667
2021-01-04,36.78538,-119.77321,15.6,0.022,63.0,Fresno - Garland,11.072499875,77.13416016666666,6.983767253333333,1022.2958333333332,0.029166666666666664,91.25
2021-01-05,36.78538,-119.77321,8.5,0.022,47.0,Fresno - Garland,10.324583091666666,81.07274695833333,8.228171445833334,1023.5749999999999,0.016666666666666666,31.75
2021-01-06,36.78538,-119.77321,20.8,0.016,73.0,Fresno - Garland,8.305833125,84.50247591666667,5.141916370833333,1023.7916666666666,0.0,81.79166666666667
2021-01-07,36.78538,-119.77321,21.2,0.015,74.0,Fresno - Garland,7.001666595833334,86.43021491666667,4.38849883625,1024.3041666666666,0.0,68.66666666666667
2021-01-08,36.78538,-119.77321,22.9,0.013,77.0,Fresno - Garland,7.364166616666666,84.57110891666666,5.876196225,1023.8291666666668,0.0,57.916666666666664
2021-01-09,36.78538,-119.77321,35.1,0.01,99.0,Fresno - Garland,7.7683332,86.27747691666667,7.177571433333334,1024.8833333333334,0.0,54.583333333333336
2021-01-10,36.78538,-119.77321,28.4,0.021,87.0,Fresno - Garland,6.243333304166666,86.40451383333334,5.580568945833334,1025.1958333333334,0.0,67.41666666666667
2021-01-11,36.78538,-119.77321,35.7,0.018,101.0,Fresno - Garland,7.557916620833333,82.59742875,5.491420770833333,1025.1291666666666,0.0,63.875
2021-01-12,36.78538,-119.77321,42.8,0.009,119.0,Fresno - Garland,7.930833245833334,75.126792625,6.094495366666667,1025.0208333333333,0.0,91.70833333333333
2021-01-13,36.78538,-119.77321,42.0,0.023,117.0,Fresno - Garland,8.772499933333334,71.83887529166667,6.137446933333333,1028.1083333333333,0.0,83.125
2021-01-14,36.78538,-119.77321,30.4,0.016,91.0,Fresno - Garland,9.530833195833333,72.030971125,4.695476879166667,1027.3458333333333,0.0,12.916666666666666
2021-01-15,36.78538,-119.77321,32.6,0.025,95.0,Fresno - Garland,10.776666529166667,74.40199216666666,5.626488341666666,1026.3500000000001,0.0,17.541666666666668
2021-01-16,36.78538,-119.77321,53.8,0.022,146.0,Fresno - Garland,10.420416570833334,82.84149441666666,5.9854793375,1022.8083333333334,0.0,49.208333333333336
2021-01-17,36.78538,-119.77321,56.2,0.034,151.0,Fresno - Garland,11.8391664875,73.45754558333333,5.176870624166667,1019.9458333333333,0.0,14.333333333333334
2021-01-18,36.78538,-119.77321,33.7,0.027,97.0,Fresno - Garland,12.2349998875,73.17696295833333,7.011231866666667,1014.5124999999999,0.0,19.208333333333332
2021-01-19,36.78538,-119.77321,16.7,0.03,65.0,Fresno - Garland,12.66833315,48.81083402083333,8.7116828125,1009.0375,0.0,10.916666666666666
2021-01-20,36.78538,-119.77321,19.2,0.023,70.0,Fresno - Garland,9.951666495833333,45.62886695833333,6.627962279166667,1017.475,0.0,0.0
2021-01-21,36.78538,-119.77321,24.5,0.029,80.0,Fresno - Garland,9.882916508333333,54.864365375,6.621174104166666,1018.5041666666666,0.0,4.375
2021-01-22,36.78538,-119.77321,10.1,0.023,53.0,Fresno - Garland,10.745416562499999,49.982773875,7.621824991666667,1013.9708333333333,0.09166666666666667,70.58333333333333
2021-01-23,36.78538,-119.77321,11.7,0.026,56.0,Fresno - Garland,7.799583162499999,82.25640054166666,7.5312891791666665,1013.1083333333332,0.1708333333333333,66.83333333333333
2021-01-24,36.78538,-119.77321,18.6,0.027,69.0,Fresno - Garland,7.9787498291666665,71.1252585,6.895785833333334,1014.0541666666667,0.0,59.541666666666664
2021-01-25,36.78538,-119.77321,5.3,0.027,29.0,Fresno - Garland,7.228749929166667,78.28023900000001,11.379891454166668,1009.4583333333334,0.4708333333333334,78.54166666666667
2021-01-26,36.78538,-119.77321,13.4,0.033,59.0,Fresno - Garland,4.74541659575,76.02329533333334,8.079406254166667,1013.2833333333333,0.004166666666666667,34.791666666666664
2021-01-27,36.78538,-119.77321,3.9,0.025,22.0,Fresno - Garland,7.587083141666667,71.79058883333333,20.0594537375,1014.9166666666666,1.1583333333333334,98.75
2021-01-28,36.78538,-119.77321,6.1,0.03,34.0,Fresno - Garland,10.359999875,70.20033620833333,20.772981400000003,1011.0291666666667,1.2125000000000001,99.41666666666667
2021-01-29,36.78538,-119.77321,8.2,0.03,46.0,Fresno - Garland,8.353749925,87.48331254166668,11.974283583333333,1011.3125,0.9874999999999999,81.66666666666667
2021-01-30,36.78538,-119.77321,14.3,0.029,61.0,Fresno - Garland,6.274583170833334,84.25625270833334,4.960476229166667,1020.6374999999999,0.0,40.041666666666664
2021-01-31,36.78538,-119.77321,12.8,0.028,58.0,Fresno - Garland,8.53916665,66.09764979166667,6.613769308333333,1022.6416666666668,0.0,52.333333333333336
2021-02-01,36.78538,-119.77321,8.3,0.032,46.0,Fresno - Garland,13.047499791666667,60.124545833333336,9.482955466666667,1018.4208333333332,0.008333333333333333,78.25
2021-02-02,36.78538,-119.77321,3.7,0.029,21.0,Fresno - Garland,12.439166479166667,65.43818900000001,8.941646470833334,1018.2125,0.0,41.0
2021-02-03,36.78538,-119.77321,3.8,0.032,21.0,Fresno - Garland,11.045416520833333,77.85316995833334,13.827429341666667,1021.6541666666667,0.004166666666666667,31.291666666666668
2021-02-04,36.78538,-119.77321,12.7,0.022,58.0,Fresno - Garland,7.947499854166666,76.55963762500001,8.293560783333334,1022.8458333333333,0.0,13.083333333333334
2021-02-05,36.78538,-119.77321,27.2,0.028,85.0,Fresno - Garland,8.203749925,74.90735608333334,6.020420870833334,1023.7375000000001,0.0,0.20833333333333334
2021-02-06,36.78538,-119.77321,32.4,0.037,94.0,Fresno - Garland,8.768333283333334,76.41526070833334,4.8257928083333335,1020.0791666666668,0.0,0.0
2021-02-07,36.78538,-119.77321,40.2,0.041,113.0,Fresno - Garland,9.964166566666668,79.16631687499999,4.182602624166667,1016.8958333333334,0.0,14.416666666666666
2021-02-08,36.78538,-119.77321,33.2,0.037,96.0,Fresno - Garland,10.314166470833333,75.716953,5.300280941666666,1014.6125000000001,0.0,63.375
2021-02-09,36.78538,-119.77321,30.9,0.027,92.0,Fresno - Garland,11.607916529166667,76.81550458333334,5.2546986125,1015.3458333333333,0.0,91.91666666666667
2021-02-10,36.78538,-119.77321,15.8,0.03,63.0,Fresno - Garland,12.362083158333334,78.14791233333334,7.2438152916666665,1017.3458333333333,0.0,52.541666666666664
2021-02-11,36.78538,-119.77321,19.4,0.026,70.0,Fresno - Garland,11.599583241666666,81.87771308333333,6.330278982083333,1018.6833333333334,0.0,66.95833333333333
2021-02-12,36.78538,-119.77321,7.5,0.03,42.0,Fresno - Garland,12.343333125000001,78.47160245833334,12.648733575,1015.4666666666667,0.48333333333333334,62.625
2021-02-13,36.78538,-119.77321,6.1,0.032,34.0,Fresno - Garland,10.457916479166666,80.77887729166666,5.987375058333334,1016.7125,0.05416666666666667,71.20833333333333
2021-02-14,36.78538,-119.77321,4.6,0.029,26.0,Fresno - Garland,9.762083174999999,74.13467833333333,12.725557375000001,1016.5541666666667,0.0,44.916666666666664
2021-02-15,36.78538,-119.77321,6.4,0.024,36.0,Fresno - Garland,10.2016665,67.859859875,5.691741669583333,1019.6958333333333,0.041666666666666664,94.66666666666667
2021-02-16,36.78538,-119.77321,5.5,0.031,31.0,Fresno - Garland,10.3516665625,83.17637054166666,11.1133857625,1018.8125,0.012500000000000002,50.458333333333336
2021-02-17,36.78538,-119.77321,7.5,0.029,42.0,Fresno - Garland,8.94958315,72.49553575,11.2650986125,1019.8666666666667,0.0,0.125
2021-02-18,36.78538,-119.77321,16.9,0.037,66.0,Fresno - Garland,8.526666608333334,60.66994654166666,8.642344433333333,1025.1125,0.0,10.291666666666666
2021-02-19,36.78538,-119.77321,13.2,0.036,59.0,Fresno - Garland,10.280833229166666,54.76533379166667,4.4396068125,1026.9291666666666,0.0,61.916666666666664
2021-02-20,36.78538,-119.77321,2.9,0.035,16.0,Fresno - Garland,11.520416570833333,69.24619725000001,14.414390354166665,1024.5833333333333,0.008333333333333333,34.875
2021-02-21,36.78538,-119.77321,10.6,0.032,54.0,Fresno - Garland,8.530833095833334,71.21936025000001,7.4650110625,1029.3791666666666,0.0,0.5833333333333334
2021-02-22,36.78538,-119.77321,11.2,0.034,55.0,Fresno - Garland,10.0558332875,71.789310875,5.574319054166666,1027.4166666666667,0.0,0.2916666666666667
2021-02-23,36.78538,-119.77321,12.8,0.032,58.0,Fresno - Garland,12.318333279166666,65.4936855,5.7694694575000005,1020.75,0.0,50.75
2021-02-24,36.78538,-119.77321,13.4,0.037,59.0,Fresno - Garland,11.889166600000001,67.85787675,7.148768633333333,1019.2291666666666,0.0,0.0
2021-02-25,36.78538,-119.77321,9.9,0.036,52.0,Fresno - Garland,10.478749991666666,46.269986208333336,8.0632830375,1022.1833333333334,0.0,4.333333333333333
2021-02-26,36.78538,-119.77321,14.6,0.04,61.0,Fresno - Garland,9.924583270833333,62.48315658333333,7.138062754166666,1021.0749999999999,0.0,0.375
2021-02-27,36.78538,-119.77321,6.1,0.037,34.0,Fresno - Garland,11.178749820833334,54.73010295833333,16.20890891666667,1017.5666666666666,0.0,0.4166666666666667
2021-02-28,36.78538,-119.77321,14.7,0.038,61.0,Fresno - Garland,10.8245832875,41.68823379166667,8.612848241666667,1020.5916666666667,0.0,20.333333333333332
2021-03-01,36.78538,-119.77321,8.7,0.041,48.0,Fresno - Garland,11.8870833,44.767070187499996,9.280047475,1021.7125,0.0,0.0
2021-03-02,36.78538,-119.77321,10.1,0.042,53.0,Fresno - Garland,12.299583229166666,37.54341872916667,7.408776633333333,1015.1791666666667,0.0,55.708333333333336
2021-03-03,36.78538,-119.77321,16.5,0.027,65.0,Fresno - Garland,12.568333104166667,46.54062391666667,5.882308837500001,1008.0375,0.0,94.45833333333333
2021-03-04,36.78538,-119.77321,11.2,0.042,55.0,Fresno - Garland,12.562083270833334,49.57714295833333,6.216494520833333,1019.1541666666667,0.0,15.333333333333334
2021-03-05,36.78538,-119.77321,15.7,0.047,63.0,Fresno - Garland,13.155833175,49.32278766666667,4.474624627916667,1022.4458333333333,0.0,21.291666666666668
2021-03-06,36.78538,-119.77321,2.8,0.037,16.0,Fresno - Garland,13.945416541666667,52.49793425000001,11.872396316666666,1017.775,0.0,58.75
2021-03-07,36.78538,-119.77321,5.2,0.032,29.0,Fresno - Garland,11.797499933333333,55.735745875,11.122007312500001,1018.5083333333333,0.0,44.75
2021-03-08,36.78538,-119.77321,7.6,0.038,42.0,Fresno - Garland,12.168333208333335,51.636638874999996,8.2895854375,1019.3791666666666,0.0,45.666666666666664
2021-03-09,36.78538,-119.77321,3.4,0.039,19.0,Fresno - Garland,11.139166541666667,50.658561875000004,9.917693058333333,1021.3541666666666,0.0,83.91666666666667
2021-03-10,36.78538,-119.77321,2.8,0.032,16.0,Fresno - Garland,9.976666520833334,64.59747654166667,15.402829041666665,1016.2333333333332,0.6124999999999999,94.04166666666667
2021-03-11,36.78538,-119.77321,3.7,0.033,21.0,Fresno - Garland,7.337083216666667,78.25090329166666,7.241468145833333,1016.8416666666667,0.05833333333333334,87.25
2021-03-12,36.78538,-119.77321,10.5,0.034,54.0,Fresno - Garland,8.674583166666666,68.98334245833333,6.581637383333334,1020.15,0.024999999999999998,81.75
2021-03-13,36.78538,-119.77321,10.0,0.039,53.0,Fresno - Garland,9.8099998,65.66550829166667,6.897734270833333,1023.0541666666667,0.0,3.3333333333333335
2021-03-14,36.78538,-119.77321,6.4,0.037,36.0,Fresno - Garland,10.6891665625,69.38279266666667,8.283382708333333,1023.9541666666668,0.0,41.166666666666664
2021-03-15,36.78538,-119.77321,2.4,0.034,13.0,Fresno - Garland,9.4620830375,72.68957979166667,9.07730055,1017.2416666666667,0.8458333333333333,79.70833333333333
2021-03-16,36.78538,-119.77321,8.8,0.031,49.0,Fresno - Garland,6.137083212499999,77.78667916666667,7.092857558333333,1017.3125,0.012500000000000002,30.041666666666668
2021-03-17,36.78538,-119.77321,10.5,0.033,54.0,Fresno - Garland,8.370416554166667,70.78949508333334,5.8085406625000005,1019.4125,0.0,33.375
2021-03-18,36.78538,-119.77321,10.9,0.044,54.0,Fresno - Garland,13.362083208333333,57.902433374999994,5.722707433333333,1018.8125,0.012499999999999999,83.83333333333333
2021-03-19,36.78538,-119.77321,7.0,0.028,39.0,Fresno - Garland,14.61625,73.65304091666667,6.446128316666666,1020.2958333333332,0.24166666666666667,85.91666666666667
2021-03-20,36.78538,-119.77321,2.8,0.04,16.0,Fresno - Garland,11.837083158333334,75.65590420833333,14.814766354166666,1022.6958333333333,0.18333333333333335,47.666666666666664
2021-03-21,36.78538,-119.77321,5.4,0.034,30.0,Fresno - Garland,9.9808331375,65.181366125,10.566042341666668,1022.9791666666666,0.0,0.4166666666666667
2021-03-22,36.78538,-119.77321,7.5,0.036,42.0,Fresno - Garland,11.509999899999999,61.299655916666666,6.069948595833334,1021.75,0.0,15.958333333333334
2021-03-23,36.78538,-119.77321,4.8,0.042,27.0,Fresno - Garland,12.555833241666667,64.20804866666667,15.475499062499999,1015.2041666666668,0.0,15.625
2021-03-24,36.78538,-119.77321,8.8,0.043,49.0,Fresno - Garland,12.372499866666667,37.78584058333333,11.570615275,1015.9833333333332,0.0,21.833333333333332
2021-03-25,36.78538,-119.77321,8.8,0.043,49.0,Fresno - Garland,12.372499866666667,37.78584058333333,11.570615275,1015.9833333333332,0.0,21.833333333333332
2021-03-26,36.78538,-119.77321,9.1,0.037,51.0,Fresno - Garland,11.759999866666666,66.62673445833333,7.724983691666666,1012.5541666666667,0.0,18.791666666666668
2021-03-27,36.78538,-119.77321,11.1,0.049,55.0,Fresno - Garland,13.391249816666667,59.31739833333334,6.5342306,1022.375,0.0,0.0
2021-03-28,36.78538,-119.77321,9.6,0.051,52.0,Fresno - Garland,16.4745832375,54.01494783333334,4.315728827916667,1023.9250000000001,0.0,0.0
2021-03-29,36.78538,-119.77321,6.0,0.042,33.0,Fresno - Garland,17.553749958333334,50.51623045833333,9.087474649999999,1017.0291666666667,0.0,0.0
2021-03-30,36.78538,-119.77321,7.3,0.042,41.0,Fresno - Garland,16.455833166666668,39.706385375,9.600254829166667,1013.8291666666668,0.0,0.0
2021-03-31,36.78538,-119.77321,8.4,0.052,47.0,Fresno - Garland,17.122499958333332,49.205356083333335,6.879067654166666,1018.5166666666668,0.0,0.0
2021-04-01,36.78538,-119.77321,8.7,0.053,48.0,Fresno - Garland,18.9891665,40.66940325,4.9383796875,1015.5500000000001,0.0,0.0
2021-04-02,36.78538,-119.77321,9.0,0.06,50.0,Fresno - Garland,19.751666583333336,37.29518475,6.41258815,1012.8916666666668,0.0,9.458333333333334
2021-04-03,36.78538,-119.77321,9.9,0.046,52.0,Fresno - Garland,18.55583329166667,42.8657215,9.393586125,1016.8625000000001,0.0,25.166666666666668
2021-04-04,36.78538,-119.77321,8.7,0.042,48.0,Fresno - Garland,16.807916541666668,49.65198970833333,12.568328091666666,1019.9291666666667,0.0,52.291666666666664
2021-04-05,36.78538,-119.77321,5.5,0.04,31.0,Fresno - Garland,16.453749916666666,53.08019241666667,12.824900708333333,1016.6791666666667,0.0,22.291666666666668
2021-04-06,36.78538,-119.77321,5.5,0.04,31.0,Fresno - Garland,16.453749916666666,53.08019241666667,12.824900708333333,1016.6791666666667,0.0,22.291666666666668
2021-04-07,36.78538,-119.77321,7.9,0.045,44.0,Fresno - Garland,17.939166625000002,52.68583270833333,8.544800558333334,1017.8958333333334,0.0,31.666666666666668
2021-04-08,36.78538,-119.77321,5.9,0.041,33.0,Fresno - Garland,17.101666541666667,41.073216375,14.9211208125,1018.9499999999999,0.0,7.708333333333333
2021-04-09,36.78538,-119.77321,6.6,0.043,37.0,Fresno - Garland,17.75583325,41.588000375,10.0934723375,1017.6750000000001,0.0,35.833333333333336
2021-04-10,36.78538,-119.77321,9.4,0.042,52.0,Fresno - Garland,16.774583291666666,44.97335929166667,14.389932925000002,1016.4291666666667,0.0,17.583333333333332
2021-04-11,36.78538,-119.77321,11.4,0.043,55.0,Fresno - Garland,18.472499833333334,48.52005466666666,9.234680825,1011.775,0.0,47.708333333333336
2021-04-12,36.78538,-119.77321,9.3,0.049,51.0,Fresno - Garland,19.603749958333335,43.790776666666666,9.353671833333333,1008.4291666666667,0.0,36.375
2021-04-13,36.78538,-119.77321,9.9,0.045,52.0,Fresno - Garland,19.426666666666666,39.280272333333336,10.530139295833333,1008.1666666666666,0.0,19.666666666666668
2021-04-14,36.78538,-119.77321,10.0,0.045,53.0,Fresno - Garland,15.174583125,47.94824916666667,11.318155437500002,1011.6958333333333,0.0,7.833333333333333
2021-04-15,36.78538,-119.77321,8.2,0.046,46.0,Fresno - Garland,16.089166541666668,44.376859625,8.335436495833333,1015.0541666666667,0.0,0.5833333333333334
2021-04-16,36.78538,-119.77321,8.8,0.046,49.0,Fresno - Garland,17.86625,33.501456875,11.168325775,1014.35,0.0,0.0
2021-04-17,36.78538,-119.77321,9.3,0.044,51.0,Fresno - Garland,19.145416583333333,39.80522729166667,11.058050933333334,1014.2666666666668,0.0,2.6666666666666665
2021-04-18,36.78538,-119.77321,9.1,0.051,51.0,Fresno - Garland,20.81833325,36.859168125,6.4217047875,1016.8458333333333,0.0,0.2916666666666667
2021-04-19,36.78538,-119.77321,9.8,0.049,52.0,Fresno - Garland,22.039166583333337,27.406414020833335,8.217957325,1016.5958333333333,0.0,6.333333333333333
2021-04-20,36.78538,-119.77321,7.4,0.043,41.0,Fresno - Garland,21.407916583333332,33.89844770833333,11.7084239125,1012.0833333333334,0.0,17.333333333333332
2021-04-21,36.78538,-119.77321,6.7,0.041,37.0,Fresno - Garland,16.96624975,52.514514999999996,9.587741679166667,1009.4375,0.029166666666666664,27.25
2021-04-22,36.78538,-119.77321,10.4,0.046,53.0,Fresno - Garland,18.984999875,45.68040129166667,8.759329616666667,1010.4833333333332,0.0,7.333333333333333
2021-04-23,36.78538,-119.77321,10.0,0.044,53.0,Fresno - Garland,18.020416541666666,47.895386374999994,11.997081066666667,1012.85,0.0,4.583333333333333
2021-04-24,36.78538,-119.77321,5.3,0.043,29.0,Fresno - Garland,18.064166625000002,42.38326045833333,11.3705738875,1014.4250000000001,0.0,52.708333333333336
2021-04-25,36.78538,-119.77321,4.9,0.03,27.0,Fresno - Garland,16.322499875000002,48.494038708333335,12.249449229166666,1012.4416666666666,0.04583333333333334,96.29166666666667
2021-04-26,36.78538,-119.77321,1.4,0.042,8.0,Fresno - Garland,13.71833325,66.89408729166666,11.132891683333334,1011.6750000000001,0.2916666666666667,61.208333333333336
2021-04-27,36.78538,-119.77321,3.9,0.039,22.0,Fresno - Garland,14.97874975,47.069929708333326,13.137920429166668,1012.725,0.0,25.375
2021-04-28,36.78538,-119.77321,7.7,0.049,43.0,Fresno - Garland,18.001666625000002,39.984966916666664,6.565585195833333,1018.9583333333334,0.0,2.8333333333333335
2021-04-29,36.78538,-119.77321,11.2,0.063,55.0,Fresno - Garland,21.176666583333333,34.76654683333333,5.643761041666667,1020.8291666666668,0.0,38.083333333333336
2021-04-30,36.78538,-119.77321,10.5,0.059,54.0,Fresno - Garland,24.50999991666667,33.118677041666665,7.575612425,1018.775,0.0,58.75
2021-05-01,36.78538,-119.77321,4.2,0.039,23.0,Fresno - Garland,23.50583333333333,28.092882916666667,16.936530583333333,1014.0875,0.0,64.125
2021-05-02,36.78538,-119.77321,5.5,0.039,31.0,Fresno - Garland,20.057916666666667,45.59167933333333,17.794836749999998,1011.2875,0.0,1.375
2021-05-03,36.78538,-119.77321,7.8,0.046,43.0,Fresno - Garland,22.443333291666665,35.6149445,12.405917766666667,1009.9250000000001,0.0,0.25
2021-05-04,36.78538,-119.77321,9.6,0.05,52.0,Fresno - Garland,24.157916666666665,26.4988335,6.186958758333333,1011.9499999999999,0.0,8.375
2021-05-05,36.78538,-119.77321,13.0,0.06,58.0,Fresno - Garland,26.064166666666665,28.526140979166666,5.632657315416666,1011.1458333333334,0.0,0.0
2021-05-06,36.78538,-119.77321,7.0,0.045,39.0,Fresno - Garland,26.695416666666663,25.72798579166667,12.629349283333333,1012.4666666666667,0.0,15.416666666666666
2021-05-07,36.78538,-119.77321,5.6,0.046,31.0,Fresno - Garland,22.282916666666665,35.49688385416667,17.008115125,1014.475,0.0,2.1666666666666665
2021-05-08,36.78538,-119.77321,8.7,0.047,48.0,Fresno - Garland,21.743333250000003,34.184762604166664,12.470593195833333,1013.8625000000001,0.0,0.0
2021-05-09,36.78538,-119.77321,7.9,0.042,44.0,Fresno - Garland,23.25791666666667,22.967202541666666,10.459828095833332,1011.9208333333332,0.0,24.291666666666668
2021-05-10,36.78538,-119.77321,6.6,0.046,37.0,Fresno - Garland,24.50375,27.644876583333332,11.3958210125,1008.8458333333333,0.0,0.0
2021-05-11,36.78538,-119.77321,8.5,0.054,47.0,Fresno - Garland,25.964166666666667,24.866995979166663,7.988333479166666,1009.9208333333332,0.0,0.0
2021-05-12,36.78538,-119.77321,15.6,0.063,63.0,Fresno - Garland,26.95583333333333,20.57022825,7.975196337500001,1011.3874999999999,0.0,0.0
2021-05-13,36.78538,-119.77321,9.9,0.06,52.0,Fresno - Garland,27.743333333333336,21.400001729166664,11.792762916666668,1012.9625,0.0,25.75
2021-05-14,36.78538,-119.77321,10.4,0.053,53.0,Fresno - Garland,25.970416666666665,28.272677666666667,11.472818525000001,1011.3208333333333,0.0,23.333333333333332
2021-05-15,36.78538,-119.77321,6.4,0.037,36.0,Fresno - Garland,21.11625,39.051596375,14.026120274999998,1009.8125,0.0,19.791666666666668
2021-05-16,36.78538,-119.77321,5.4,0.043,30.0,Fresno - Garland,20.039166625,47.03182483333333,8.784320020833333,1010.8041666666667,0.0,20.916666666666668
2021-05-17,36.78538,-119.77321,6.7,0.045,37.0,Fresno - Garland,21.818333291666665,44.49260954166667,9.915738020833333,1013.6666666666666,0.0,16.916666666666668
2021-05-18,36.78538,-119.77321,5.8,0.042,32.0,Fresno - Garland,22.082916625,39.42379841666666,14.855201125,1015.5416666666666,0.0,1.125
2021-05-19,36.78538,-119.77321,6.5,0.053,36.0,Fresno - Garland,22.305833250000003,23.332368833333334,16.943692333333335,1012.6458333333334,0.0,4.666666666666667
2021-05-20,36.78538,-119.77321,5.4,0.045,30.0,Fresno - Garland,17.270416541666666,33.515849520833335,21.063583875,1012.8166666666666,0.0,0.041666666666666664
2021-05-21,36.78538,-119.77321,7.9,0.04,44.0,Fresno - Garland,17.1641665,27.510773895833335,16.183177958333335,1012.7291666666666,0.004166666666666667,28.25
2021-05-22,36.78538,-119.77321,12.3,0.041,57.0,Fresno - Garland,17.487083291666668,34.89218458333333,7.6997305,1015.475,0.0,56.875
2021-05-23,36.78538,-119.77321,7.2,0.043,40.0,Fresno - Garland,20.105833291666666,35.16789358333333,9.4888073,1017.7791666666667,0.0,13.25
2021-05-24,36.78538,-119.77321,11.8,0.047,56.0,Fresno - Garland,22.32458325,36.12574516666667,10.847748395833333,1017.4833333333332,0.0,11.458333333333334
2021-05-25,36.78538,-119.77321,3.8,0.04,21.0,Fresno - Garland,24.84958333333333,30.964897958333335,15.110549729166666,1015.2208333333333,0.0,12.291666666666666
2021-05-26,36.78538,-119.77321,7.0,0.052,39.0,Fresno - Garland,23.834999999999997,32.78557354166667,14.431397650000001,1014.0666666666666,0.0,4.708333333333333
2021-05-27,36.78538,-119.77321,8.3,0.054,46.0,Fresno - Garland,24.845416666666665,25.128568425,13.95209825,1015.2125,0.0,14.291666666666666
2021-05-28,36.78538,-119.77321,7.0,0.045,39.0,Fresno - Garland,24.19541666666667,39.76266666666667,13.139088570833332,1014.5,0.0,1.4583333333333333
2021-05-29,36.78538,-119.77321,11.3,0.043,55.0,Fresno - Garland,24.480833333333333,35.58209004166667,14.324670708333334,1010.7833333333333,0.0,40.416666666666664
2021-05-30,36.78538,-119.77321,13.3,0.046,59.0,Fresno - Garland,24.495416666666667,38.00627620833333,12.616587520833333,1010.1625,0.0,1.5833333333333333
2021-05-31,36.78538,-119.77321,17.5,0.061,67.0,Fresno - Garland,29.524583333333336,29.478127541666666,6.583151245833334,1009.5583333333334,0.0,1.375
2021-06-01,36.78538,-119.77321,15.8,0.059,63.0,Fresno - Garland,32.39333333333333,23.19503602083333,9.082390116666668,1010.2458333333334,0.0,13.0
2021-06-02,36.78538,-119.77321,11.9,0.055,56.0,Fresno - Garland,32.312083333333334,22.59015691666667,12.319079945833332,1009.0,0.0,18.25
2021-06-03,36.78538,-119.77321,7.9,0.051,44.0,Fresno - Garland,30.91,26.188799208333336,11.362919016666666,1007.4375,0.0,5.458333333333333
2021-06-04,36.78538,-119.77321,14.2,0.05,61.0,Fresno - Garland,31.043333333333333,24.343810729166666,12.29105875,1008.725,0.0,1.875
2021-06-05,36.78538,-119.77321,7.4,0.054,41.0,Fresno - Garland,29.26,25.30504025,11.58553385,1009.9166666666666,0.0,0.0
2021-06-06,36.78538,-119.77321,13.8,0.056,60.0,Fresno - Garland,28.214166666666667,27.3522095,9.921870462500001,1007.1208333333334,0.0,32.625
2021-06-07,36.78538,-119.77321,8.1,0.049,45.0,Fresno - Garland,24.084999999999997,29.936229958333332,13.7686103125,1008.1625,0.0,38.041666666666664
2021-06-08,36.78538,-119.77321,3.5,0.042,19.0,Fresno - Garland,20.180833291666666,35.80859383333333,14.644897466666668,1013.0,0.0,0.875
2021-06-09,36.78538,-119.77321,3.4,0.041,19.0,Fresno - Garland,19.574583291666666,34.010337875,13.447679154166666,1017.0291666666667,0.0,2.2083333333333335
2021-06-10,36.78538,-119.77321,2.4,0.044,13.0,Fresno - Garland,18.662083166666665,35.486758333333334,19.52367154166667,1020.7875,0.0,10.958333333333334
2021-06-11,36.78538,-119.77321,3.6,0.051,20.0,Fresno - Garland,21.18083325,27.965042791666665,14.556821854166666,1017.0416666666666,0.0,6.333333333333333
2021-06-12,36.78538,-119.77321,4.4,0.044,24.0,Fresno - Garland,24.272499999999997,35.020237875,13.865816625,1013.4625,0.0,2.75
2021-06-13,36.78538,-119.77321,4.2,0.034,23.0,Fresno - Garland,27.67458333333333,41.22390791666667,12.664283066666668,1010.5208333333334,0.0,0.0
2021-06-14,36.78538,-119.77321,3.7,0.032,21.0,Fresno - Garland,26.712083333333336,42.120376416666666,16.2735190625,1013.1958333333333,0.0,0.0
2021-06-15,36.78538,-119.77321,4.7,0.048,26.0,Fresno - Garland,26.497500000000002,30.984415416666668,18.35302975,1014.9958333333333,0.0,0.0
2021-06-16,36.78538,-119.77321,9.2,0.06,51.0,Fresno - Garland,28.299583333333334,18.884155125,12.059461779166668,1013.5208333333334,0.0,64.54166666666667
2021-06-17,36.78538,-119.77321,13.3,0.078,59.0,Fresno - Garland,31.176666666666666,12.645677808333334,7.7142814,1008.4708333333333,0.0,63.375
2021-06-18,36.78538,-119.77321,18.1,0.081,68.0,Fresno - Garland,35.69541666666667,12.589694279166666,6.624607883333333,1004.8833333333333,0.0,15.375
2021-06-19,36.78538,-119.77321,17.5,0.086,67.0,Fresno - Garland,35.485,14.959394375,7.392172266666667,1003.8791666666666,0.0,0.20833333333333334
2021-06-20,36.78538,-119.77321,11.9,0.069,56.0,Fresno - Garland,34.59125,18.305793916666666,10.212941116666666,1005.3083333333334,0.0,0.0
2021-06-21,36.78538,-119.77321,7.4,0.05,41.0,Fresno - Garland,31.887083333333333,24.1698126875,10.647570833333333,1008.75,0.0,0.0
2021-06-22,36.78538,-119.77321,5.9,0.045,33.0,Fresno - Garland,28.86,31.754006145833333,10.633246787500001,1010.1,0.0,0.0
2021-06-23,36.78538,-119.77321,7.4,0.039,41.0,Fresno - Garland,27.528750000000002,38.23471670833333,11.4186584,1010.0458333333332,0.0,0.0
2021-06-24,36.78538,-119.77321,5.8,0.044,32.0,Fresno - Garland,27.001666666666665,38.96111616666666,11.177073158333334,1012.4708333333333,0.0,0.0
2021-06-25,36.78538,-119.77321,9.0,0.048,50.0,Fresno - Garland,27.2225,37.12302404166667,12.012157420833333,1012.6750000000001,0.0,0.0
2021-06-26,36.78538,-119.77321,12.0,0.048,56.0,Fresno - Garland,29.970416666666665,32.563830333333335,12.351577733333334,1010.6125000000001,0.0,0.16666666666666666
2021-06-27,36.78538,-119.77321,14.2,0.064,61.0,Fresno - Garland,33.51416666666667,27.379825,9.094478650000001,1006.6166666666667,0.0,0.4166666666666667
2021-06-28,36.78538,-119.77321,8.1,0.049,45.0,Fresno - Garland,32.14958333333333,29.089480854166666,16.6670374375,1004.7458333333334,0.0,19.166666666666668
2021-06-29,36.78538,-119.77321,8.2,0.052,46.0,Fresno - Garland,32.01416666666667,26.343016125000002,14.409865083333335,1005.5749999999999,0.0,38.791666666666664
2021-06-30,36.78538,-119.77321,11.2,0.059,55.0,Fresno - Garland,33.91833333333333,24.797089875,8.031918525,1006.5625,0.0,54.916666666666664
2021-07-01,36.78538,-119.77321,10.3,0.053,53.0,Fresno - Garland,30.595416666666665,34.382316333333335,11.662496120833334,1009.125,0.0,0.16666666666666666
2021-07-02,36.78538,-119.77321,11.8,0.055,56.0,Fresno - Garland,30.651666666666667,33.260828708333335,10.878197329166667,1009.15,0.0,0.0
2021-07-03,36.78538,-119.77321,9.2,0.053,51.0,Fresno - Garland,31.035,32.41987425,9.009954825,1009.7541666666666,0.0,9.5
2021-07-04,36.78538,-119.77321,17.6,0.059,67.0,Fresno - Garland,30.262083333333333,32.449553,8.803018037500001,1010.9166666666666,0.0,2.6666666666666665
2021-07-05,36.78538,-119.77321,12.9,0.06,58.0,Fresno - Garland,29.866249999999997,29.889255708333334,10.173311320833333,1011.4125,0.0,0.0
2021-07-06,36.78538,-119.77321,8.1,0.054,45.0,Fresno - Garland,29.91,29.689455125,13.984594583333333,1011.9458333333333,0.0,0.0
2021-07-07,36.78538,-119.77321,8.0,0.057,44.0,Fresno - Garland,29.76625,25.546329854166668,15.230503874999998,1010.375,0.0,9.5
2021-07-08,36.78538,-119.77321,10.8,0.066,54.0,Fresno - Garland,32.182916666666664,23.631911375,10.029941391666666,1007.5583333333334,0.0,11.041666666666666
2021-07-09,36.78538,-119.77321,10.8,0.073,54.0,Fresno - Garland,36.249583333333334,14.335982791666666,8.86999355,1008.3333333333334,0.0,3.625
2021-07-10,36.78538,-119.77321,10.5,0.07,54.0,Fresno - Garland,37.372499999999995,13.173164520833334,12.788892704166665,1009.8666666666667,0.0,7.0
2021-07-11,36.78538,-119.77321,7.6,0.063,42.0,Fresno - Garland,38.470416666666665,12.029807683333333,15.177459749999999,1008.1583333333333,0.0,4.083333333333333
2021-07-12,36.78538,-119.77321,11.0,0.073,55.0,Fresno - Garland,35.41416666666667,17.1097279375,14.297065791666666,1007.6208333333334,0.0,0.20833333333333334
2021-07-13,36.78538,-119.77321,14.8,0.069,62.0,Fresno - Garland,33.10166666666667,22.215142508333333,10.661988716666666,1007.9541666666668,0.0,8.5
2021-07-14,36.78538,-119.77321,11.9,0.059,56.0,Fresno - Garland,30.489166666666666,29.726739249999998,10.199195095833334,1009.7375000000001,0.0,0.125
2021-07-15,36.78538,-119.77321,9.9,0.06,52.0,Fresno - Garland,30.13291666666667,29.665970708333333,8.895649554166667,1011.525,0.0,0.16666666666666666
2021-07-16,36.78538,-119.77321,7.6,0.06,42.0,Fresno - Garland,29.12875,29.5670788125,9.6105601125,1010.6958333333333,0.0,0.041666666666666664
2021-07-17,36.78538,-119.77321,11.9,0.067,56.0,Fresno - Garland,30.507916666666663,24.542546541666667,7.7870527874999995,1010.1791666666667,0.0,0.0
2021-07-18,36.78538,-119.77321,12.6,0.067,58.0,Fresno - Garland,32.751666666666665,21.014799208333333,7.847637540416667,1011.4375,0.0,42.166666666666664
2021-07-19,36.78538,-119.77321,9.6,0.068,52.0,Fresno - Garland,32.999583333333334,20.0592794375,5.8579548125,1013.0458333333332,0.0,30.333333333333332
2021-07-20,36.78538,-119.77321,8.0,0.057,44.0,Fresno - Garland,33.11625,21.1111045,10.946772733333333,1012.8458333333333,0.0,1.625
2021-07-21,36.78538,-119.77321,5.8,0.062,32.0,Fresno - Garland,31.31833333333333,20.803281883333334,14.510165208333333,1010.6708333333332,0.0,0.0
2021-07-22,36.78538,-119.77321,8.5,0.068,47.0,Fresno - Garland,31.812083333333334,17.033349025,9.825379333333332,1009.9333333333334,0.0,8.791666666666666
2021-07-23,36.78538,-119.77321,11.5,0.067,55.0,Fresno - Garland,31.647499999999997,19.678193070833334,10.893007783333333,1012.275,0.0,54.583333333333336
2021-07-24,36.78538,-119.77321,11.5,0.065,55.0,Fresno - Garland,32.19541666666667,18.8003705,9.0351534625,1012.0541666666667,0.0,42.166666666666664
2021-07-25,36.78538,-119.77321,8.2,0.058,46.0,Fresno - Garland,32.67458333333333,18.841138708333332,11.2342003,1010.2083333333334,0.0,80.25
2021-07-26,36.78538,-119.77321,7.4,0.054,41.0,Fresno - Garland,31.932916666666667,20.230699041666664,11.787120858333333,1009.35,0.0,41.041666666666664
2021-07-27,36.78538,-119.77321,8.7,0.061,48.0,Fresno - Garland,32.36625,22.419226499999997,8.157939545833333,1012.1708333333332,0.0,40.125
2021-07-28,36.78538,-119.77321,16.0,0.066,64.0,Fresno - Garland,32.82458333333333,24.838085666666668,9.791181008333334,1012.8916666666668,0.0,11.333333333333334
2021-07-29,36.78538,-119.77321,14.1,0.063,60.0,Fresno - Garland,33.370416666666664,25.612280249999998,9.354624666666666,1011.2875,0.0,9.291666666666666
2021-07-30,36.78538,-119.77321,14.3,0.06,61.0,Fresno - Garland,34.69958333333333,23.64151435416667,9.227721716666666,1009.1958333333333,0.0,51.625
2021-07-31,36.78538,-119.77321,11.9,0.06,56.0,Fresno - Garland,33.90375,23.333188375000002,9.660244066666667,1011.8291666666668,0.0,81.75
2021-08-01,36.78538,-119.77321,8.3,0.053,46.0,Fresno - Garland,32.05583333333333,25.403589395833333,8.962320354166666,1013.8291666666668,0.0,10.416666666666666
2021-08-02,36.78538,-119.77321,14.7,0.061,61.0,Fresno - Garland,30.470416666666665,30.420714166666667,11.209806279166665,1015.0833333333334,0.0,2.9583333333333335
2021-08-03,36.78538,-119.77321,20.9,0.07,73.0,Fresno - Garland,31.843333333333334,18.5852405625,10.612548195833334,1013.4333333333334,0.0,0.0
2021-08-04,36.78538,-119.77321,13.5,0.073,59.0,Fresno - Garland,33.062083333333334,15.410827312499999,11.252039775,1010.4791666666666,0.0,0.0
2021-08-05,36.78538,-119.77321,10.7,0.055,54.0,Fresno - Garland,30.418333333333333,23.7262485,16.143868625,1011.4041666666667,0.0,0.4166666666666667
2021-08-06,36.78538,-119.77321,14.7,0.057,61.0,Fresno - Garland,28.61,28.8768976875,12.183919604166666,1011.9291666666667,0.0,0.0
2021-08-07,36.78538,-119.77321,44.1,0.064,122.0,Fresno - Garland,30.653750000000002,23.932408645833334,6.340796433333334,1009.9916666666667,0.0,0.0
2021-08-08,36.78538,-119.77321,32.9,0.067,95.0,Fresno - Garland,31.420416666666668,24.363101874999998,7.8078858083333325,1008.5291666666667,0.0,0.0
2021-08-09,36.78538,-119.77321,20.0,0.061,71.0,Fresno - Garland,31.03708333333333,31.441806541666665,8.169426279166666,1008.9625,0.0,0.0
2021-08-10,36.78538,-119.77321,13.9,0.062,60.0,Fresno - Garland,31.91625,21.180670458333335,7.4190980458333335,1009.9375,0.0,0.0
2021-08-11,36.78538,-119.77321,10.7,0.061,54.0,Fresno - Garland,33.67458333333333,20.094520833333334,9.72718725,1010.7291666666666,0.0,0.7083333333333334
2021-08-12,36.78538,-119.77321,7.5,0.045,42.0,Fresno - Garland,34.01416666666667,19.183108708333332,12.981676391666667,1011.1041666666666,0.0,18.25
2021-08-13,36.78538,-119.77321,11.2,0.051,55.0,Fresno - Garland,33.4225,22.023856145833335,13.576396875,1012.5458333333332,0.0,1.6666666666666667
2021-08-14,36.78538,-119.77321,17.4,0.054,66.0,Fresno - Garland,32.753750000000004,25.937227208333336,10.91859335,1014.5833333333334,0.0,5.416666666666667
2021-08-15,36.78538,-119.77321,23.4,0.053,78.0,Fresno - Garland,33.64958333333333,26.861509875,10.102134333333334,1012.4875000000001,0.0,9.708333333333334
2021-08-16,36.78538,-119.77321,31.0,0.057,92.0,Fresno - Garland,34.23083333333333,27.354837875,9.775310233333334,1007.3625000000001,0.0,3.5833333333333335
2021-08-17,36.78538,-119.77321,10.8,0.047,54.0,Fresno - Garland,32.503750000000004,25.404238625,10.7755990625,1005.5791666666668,0.0,0.0
2021-08-18,36.78538,-119.77321,40.8,0.057,114.0,Fresno - Garland,26.982916666666668,34.386174000000004,11.8621843875,1006.6416666666668,0.0,3.7916666666666665
2021-08-19,36.78538,-119.77321,55.8,0.041,151.0,Fresno - Garland,26.42458333333333,34.670652249999996,10.9223138125,1010.0041666666666,0.0,0.0
2021-08-20,36.78538,-119.77321,49.0,0.07,134.0,Fresno - Garland,27.189166666666665,35.183802541666665,5.0288969625,1008.7333333333332,0.0,0.0
2021-08-21,36.78538,-119.77321,31.8,0.059,93.0,Fresno - Garland,27.39125,37.386338125,9.9564114125,1006.0749999999999,0.0,0.041666666666666664
2021-08-22,36.78538,-119.77321,17.7,0.053,67.0,Fresno - Garland,24.926666666666666,45.325411333333335,11.2075102875,1007.3041666666667,0.0,0.0
2021-08-23,36.78538,-119.77321,17.8,0.062,67.0,Fresno - Garland,26.839166666666667,32.524202708333334,9.488502183333333,1007.7833333333333,0.0,0.0
2021-08-24,36.78538,-119.77321,21.4,0.073,74.0,Fresno - Garland,26.94541666666667,36.081788374999995,9.681932162499999,1009.7541666666666,0.0,0.0
2021-08-25,36.78538,-119.77321,19.3,0.07,70.0,Fresno - Garland,27.44541666666667,34.43234270833333,8.567476495833334,1012.0083333333333,0.0,0.0
2021-08-26,36.78538,-119.77321,15.6,0.069,63.0,Fresno - Garland,28.14125,25.2374393125,10.169770204166666,1012.2375000000001,0.0,0.0
2021-08-27,36.78538,-119.77321,40.1,0.079,112.0,Fresno - Garland,29.045416666666668,21.480223499999997,7.112490058333333,1008.0583333333334,0.0,0.0
2021-08-28,36.78538,-119.77321,64.4,0.093,157.0,Fresno - Garland,30.899583333333336,19.755759704166667,6.168048395833334,1005.2333333333332,0.0,0.0
2021-08-29,36.78538,-119.77321,49.6,0.087,136.0,Fresno - Garland,31.91416666666667,18.777804854166668,6.06013187375,1006.0458333333332,0.0,0.0
2021-08-30,36.78538,-119.77321,34.1,0.086,98.0,Fresno - Garland,33.093333333333334,19.138036729166668,7.708369458333333,1005.1666666666666,0.0,0.0
2021-08-31,36.78538,-119.77321,17.2,0.069,66.0,Fresno - Garland,32.372499999999995,17.6785715625,10.6219868375,1003.2125,0.0,0.0
2021-09-01,36.78538,-119.77321,10.4,0.063,53.0,Fresno - Garland,26.968333333333334,28.193721691666667,10.6351493,1005.5875,0.0,0.0
2021-09-02,36.78538,-119.77321,15.2,0.059,62.0,Fresno - Garland,24.30374995833333,38.267845604166666,9.647380854166666,1010.1958333333333,0.0,0.0
2021-09-03,36.78538,-119.77321,19.2,0.066,70.0,Fresno - Garland,25.06625,35.66203995833333,7.602093679166667,1011.8291666666668,0.0,0.0
2021-09-04,36.78538,-119.77321,17.4,0.069,66.0,Fresno - Garland,26.905833333333334,27.168477895833334,6.707733270833334,1011.7541666666666,0.0,0.0
2021-09-05,36.78538,-119.77321,18.7,0.072,69.0,Fresno - Garland,28.66,20.199810833333334,7.05451945,1011.6916666666666,0.0,1.25
2021-09-06,36.78538,-119.77321,16.9,0.07,66.0,Fresno - Garland,30.337083333333336,16.495521958333335,6.981101570833334,1011.6750000000001,0.0,90.0
2021-09-07,36.78538,-119.77321,18.5,0.076,69.0,Fresno - Garland,32.735,16.343165875,8.178269541666667,1010.8625000000001,0.0,3.5833333333333335
2021-09-08,36.78538,-119.77321,18.0,0.075,68.0,Fresno - Garland,32.44958333333333,18.878186958333334,9.580338045833333,1009.5958333333333,0.0,0.041666666666666664
2021-09-09,36.78538,-119.77321,14.9,0.056,62.0,Fresno - Garland,33.003750000000004,23.575663416666668,6.414437716666666,1008.0166666666668,0.0,7.416666666666667
2021-09-10,36.78538,-119.77321,8.1,0.053,45.0,Fresno - Garland,32.04333333333333,24.950005166666667,11.252262470833335,1009.7708333333334,0.0,13.916666666666666
2021-09-11,36.78538,-119.77321,5.9,0.049,33.0,Fresno - Garland,29.076666666666668,31.785365875,12.030328237500001,1013.3708333333334,0.0,0.4166666666666667
2021-09-12,36.78538,-119.77321,7.9,0.056,44.0,Fresno - Garland,28.901666666666667,30.43833604166667,7.877440166666666,1012.1374999999999,0.0,0.0
2021-09-13,36.78538,-119.77321,11.5,0.066,55.0,Fresno - Garland,29.1725,25.180574875,7.7515707875,1010.3249999999999,0.0,0.0
2021-09-14,36.78538,-119.77321,15.9,0.069,64.0,Fresno - Garland,28.705833333333334,24.709656083333332,7.3590319625000005,1009.3083333333334,0.0,0.0
2021-09-15,36.78538,-119.77321,16.3,0.06,64.0,Fresno - Garland,28.959999999999997,23.193855187500002,7.316344408333333,1009.5166666666668,0.0,0.0
2021-09-16,36.78538,-119.77321,17.1,0.067,66.0,Fresno - Garland,26.91625,31.359048041666668,10.420612783333334,1008.1458333333334,0.0,0.0
2021-09-17,36.78538,-119.77321,15.6,0.066,63.0,Fresno - Garland,24.918333333333333,42.90721895833334,9.509067645833333,1010.275,0.0,0.0
2021-09-18,36.78538,-119.77321,12.9,0.049,58.0,Fresno - Garland,24.39125,40.287520416666666,10.669962883333334,1014.3708333333334,0.0,0.041666666666666664
2021-09-19,36.78538,-119.77321,3.7,0.038,21.0,Fresno - Garland,23.12875,51.831796708333336,16.119587541666665,1015.6999999999999,0.0,0.25
2021-09-20,36.78538,-119.77321,8.7,0.049,48.0,Fresno - Garland,23.04125,39.571173,8.697711504166667,1013.9166666666666,0.0,0.16666666666666666
2021-09-21,36.78538,-119.77321,22.3,0.047,76.0,Fresno - Garland,26.264166666666668,30.74542825,5.848085054166667,1015.7541666666666,0.0,0.0
2021-09-22,36.78538,-119.77321,39.4,0.086,111.0,Fresno - Garland,28.147499999999997,21.638279416666666,6.887488733333334,1016.9541666666668,0.0,1.5
2021-09-23,36.78538,-119.77321,21.3,0.076,74.0,Fresno - Garland,28.705833333333334,25.99625945833333,8.915818974999999,1012.0958333333333,0.0,6.916666666666667
2021-09-24,36.78538,-119.77321,25.6,0.054,82.0,Fresno - Garland,28.16208333333333,29.871161416666666,5.228955816666667,1010.8291666666668,0.0,49.0
2021-09-25,36.78538,-119.77321,45.3,0.062,125.0,Fresno - Garland,27.843333333333334,29.811490875,6.503029608333333,1011.9875000000001,0.0,0.0
2021-09-26,36.78538,-119.77321,12.2,0.042,57.0,Fresno - Garland,26.107916666666668,36.59519354166667,11.121067808333335,1012.8625000000001,0.0,12.916666666666666
2021-09-27,36.78538,-119.77321,5.7,0.04,32.0,Fresno - Garland,23.60166666666667,41.355440875,12.414321591666665,1014.625,0.0,0.0
2021-09-28,36.78538,-119.77321,8.0,0.041,44.0,Fresno - Garland,21.482916666666668,49.030449000000004,19.160208,1014.2208333333333,0.0,17.666666666666668
2021-09-29,36.78538,-119.77321,6.9,0.047,38.0,Fresno - Garland,20.274583333333336,29.03779975,9.667981175,1013.6958333333333,0.0,30.083333333333332
2021-09-30,36.78538,-119.77321,19.5,0.06,70.0,Fresno - Garland,21.54333325,29.5689535625,5.666678895833333,1014.8833333333333,0.0,0.0
2021-10-01,36.78538,-119.77321,41.7,0.072,116.0,Fresno - Garland,23.239166625,24.7550780625,6.266897541666666,1014.1833333333334,0.0,0.0
2021-10-02,36.78538,-119.77321,53.5,0.072,145.0,Fresno - Garland,24.705833333333334,20.868024645833334,5.6334407,1014.4166666666666,0.0,0.0
2021-10-03,36.78538,-119.77321,99.9,0.04,182.0,Fresno - Garland,24.60166666666667,21.945645875,7.165244454166667,1013.9333333333334,0.0,0.0
2021-10-04,36.78538,-119.77321,73.2,0.052,163.0,Fresno - Garland,24.741249999999997,19.4948198125,6.768874554166666,1011.975,0.0,22.166666666666668
2021-10-05,36.78538,-119.77321,63.2,0.055,156.0,Fresno - Garland,25.7225,20.649875583333333,7.261441425,1011.5,0.0,40.041666666666664
2021-10-06,36.78538,-119.77321,10.8,0.042,54.0,Fresno - Garland,23.389166666666668,33.80441320833334,10.478983062500001,1013.375,0.0,76.625
2021-10-07,36.78538,-119.77321,7.2,0.041,40.0,Fresno - Garland,21.543333333333333,34.261863041666665,9.505323995833333,1013.3791666666666,0.0,48.5
2021-10-08,36.78538,-119.77321,6.6,0.034,37.0,Fresno - Garland,18.07458325,49.77864091666667,10.1524222125,1015.8083333333334,0.26666666666666666,53.75
2021-10-09,36.78538,-119.77321,5.0,0.039,28.0,Fresno - Garland,15.56208325,58.79462991666667,10.200730941666666,1020.3249999999999,0.0,4.208333333333333
2021-10-10,36.78538,-119.77321,14.8,0.048,62.0,Fresno - Garland,16.397499916666664,52.638101125,5.970333533333334,1019.4791666666666,0.0,3.3333333333333335
2021-10-11,36.78538,-119.77321,16.5,0.034,65.0,Fresno - Garland,16.69749979166667,43.36172295833333,17.966255874999998,1011.7208333333333,0.0,8.375
2021-10-12,36.78538,-119.77321,4.8,0.035,27.0,Fresno - Garland,15.120416541666666,23.50151495833333,21.690187779166667,1011.1333333333333,0.0,0.16666666666666666
2021-10-13,36.78538,-119.77321,11.1,0.041,55.0,Fresno - Garland,12.520416533333332,39.10747254166667,7.069355566666666,1016.0124999999999,0.0,13.875
2021-10-14,36.78538,-119.77321,9.9,0.042,52.0,Fresno - Garland,14.701666625000001,41.80640458333333,8.029851870833333,1016.6208333333334,0.0,0.4166666666666667
2021-10-15,36.78538,-119.77321,17.4,0.049,66.0,Fresno - Garland,16.264166612500002,45.72929791666667,5.7811573625,1019.725,0.0,0.0
2021-10-16,36.78538,-119.77321,15.4,0.053,63.0,Fresno - Garland,18.405833208333334,41.749248208333334,4.9312971249999995,1017.4250000000001,0.0,0.0
2021-10-17,36.78538,-119.77321,10.1,0.046,53.0,Fresno - Garland,18.04124991666667,34.61845845833333,10.001134875,1012.5291666666667,0.0,29.166666666666668
2021-10-18,36.78538,-119.77321,3.0,0.037,17.0,Fresno - Garland,15.2579165,56.558001708333336,14.319454020833334,1014.1458333333334,0.03333333333333333,51.791666666666664
2021-10-19,36.78538,-119.77321,8.6,0.036,48.0,Fresno - Garland,12.847499862500001,57.237842625000006,7.331573124999999,1016.4875000000001,0.0,10.958333333333334
2021-10-20,36.78538,-119.77321,9.9,0.04,52.0,Fresno - Garland,16.0579165,41.79577691666667,9.142187325,1017.3208333333333,0.0,79.66666666666667
2021-10-21,36.78538,-119.77321,11.3,0.05,55.0,Fresno - Garland,18.901666625,44.596042375,5.1601218541666665,1018.7916666666666,0.0,93.33333333333333
2021-10-22,36.78538,-119.77321,6.0,0.026,33.0,Fresno - Garland,18.028749958333332,66.968799,6.253521575000001,1015.7875,0.1125,76.29166666666667
2021-10-23,36.78538,-119.77321,6.5,0.034,36.0,Fresno - Garland,16.082916666666666,69.41097175,12.869190958333334,1013.9,0.07083333333333333,66.25
2021-10-24,36.78538,-119.77321,7.7,0.027,43.0,Fresno - Garland,15.726666583333333,60.5034905,13.38494745,1011.0708333333333,0.06666666666666667,96.83333333333333
2021-10-25,36.78538,-119.77321,5.9,0.03,33.0,Fresno - Garland,16.60791658333333,74.883938,17.086794508333334,1007.9708333333333,1.0708333333333333,95.04166666666667
2021-10-26,36.78538,-119.77321,9.6,0.031,52.0,Fresno - Garland,11.687083145833334,82.61206175,8.099101420833334,1019.1958333333333,0.012499999999999999,16.666666666666668
2021-10-27,36.78538,-119.77321,18.1,0.035,68.0,Fresno - Garland,13.557916583333332,74.821920875,4.645375702916667,1025.0833333333333,0.0,2.5416666666666665
2021-10-28,36.78538,-119.77321,20.2,0.042,72.0,Fresno - Garland,14.895416541666668,79.458619875,4.310533552916667,1022.1916666666666,0.0,1.4166666666666667
2021-10-29,36.78538,-119.77321,40.7,0.049,114.0,Fresno - Garland,16.689166625000002,78.14961225,4.3042446283333335,1015.8291666666668,0.0,16.708333333333332
2021-10-30,36.78538,-119.77321,30.2,0.042,90.0,Fresno - Garland,17.343333166666667,80.38182058333334,6.0840908166666665,1012.7208333333333,0.0,48.0
2021-10-31,36.78538,-119.77321,14.0,0.028,60.0,Fresno - Garland,16.197499958333335,79.17443883333333,9.110615183333334,1014.6458333333334,0.0,55.625
2021-11-01,36.78538,-119.77321,22.6,0.025,76.0,Fresno - Garland,15.324583083333332,78.66236054166667,7.2759285875,1017.15,0.0,74.70833333333333
2021-11-02,36.78538,-119.77321,7.8,0.026,43.0,Fresno - Garland,16.766249791666667,76.27415304166666,5.476325754166666,1021.2375000000001,0.0,69.625
2021-11-03,36.78538,-119.77321,11.0,0.026,55.0,Fresno - Garland,16.11208325,84.636525125,6.445466833333334,1021.1,0.0,34.875
2021-11-04,36.78538,-119.77321,17.2,0.029,66.0,Fresno - Garland,16.480833208333333,83.338860625,8.297089462499999,1019.0749999999999,0.0,35.166666666666664
2021-11-05,36.78538,-119.77321,8.9,0.03,49.0,Fresno - Garland,14.199583208333332,80.95620470833333,6.634390808333333,1018.4333333333334,0.0,48.291666666666664
2021-11-06,36.78538,-119.77321,8.3,0.037,46.0,Fresno - Garland,13.79958325,78.50851275000001,8.3053872125,1018.1999999999999,0.0,73.66666666666667
2021-11-07,36.78538,-119.77321,6.4,0.032,36.0,Fresno - Garland,13.676666583333335,70.74009174999999,12.368238791666668,1019.7791666666667,0.0,48.166666666666664
2021-11-08,36.78538,-119.77321,12.0,0.03,56.0,Fresno - Garland,10.997499745833332,58.865877375,8.2583180125,1019.3708333333334,0.0,68.08333333333333
2021-11-09,36.78538,-119.77321,12.0,0.029,56.0,Fresno - Garland,13.741249833333333,70.03375683333333,10.541135879166667,1020.725,0.8583333333333334,93.16666666666667
2021-11-10,36.78538,-119.77321,13.2,0.014,59.0,Fresno - Garland,12.903749833333334,86.83979070833334,8.286723120833333,1024.5458333333333,0.0,42.333333333333336
2021-11-11,36.78538,-119.77321,20.6,0.026,72.0,Fresno - Garland,13.68708325,86.51198325,4.2048211916666665,1024.9791666666667,0.0,58.25
2021-11-12,36.78538,-119.77321,27.9,0.028,86.0,Fresno - Garland,13.203749875,86.09009887500001,3.717662195833333,1023.7291666666666,0.0,51.041666666666664
2021-11-13,36.78538,-119.77321,30.1,0.022,90.0,Fresno - Garland,12.989166458333335,90.03169700000001,5.2888148783333335,1022.4541666666668,0.0,57.375
2021-11-14,36.78538,-119.77321,30.7,0.02,91.0,Fresno - Garland,12.828749916666666,84.70835041666668,3.57722191875,1021.7208333333333,0.0,55.833333333333336
2021-11-15,36.78538,-119.77321,29.6,0.016,89.0,Fresno - Garland,13.232916583333333,86.88889933333333,4.045650158333333,1019.9208333333332,0.0,73.0
2021-11-16,36.78538,-119.77321,17.3,0.01,66.0,Fresno - Garland,13.389166583333333,86.63212887499999,6.773716308333333,1018.4625,0.0,62.0
2021-11-17,36.78538,-119.77321,25.3,0.024,81.0,Fresno - Garland,11.687083166666667,86.471550625,5.1423817029166665,1017.4875000000001,0.0,63.833333333333336
2021-11-18,36.78538,-119.77321,31.7,0.024,93.0,Fresno - Garland,12.507916375,78.94510070833333,4.111215694583334,1018.7458333333334,0.0,71.91666666666667
2021-11-19,36.78538,-119.77321,36.6,0.014,104.0,Fresno - Garland,12.484999708333334,84.34192416666666,7.425693145833333,1019.6833333333334,0.0,76.29166666666667
2021-11-20,36.78538,-119.77321,26.0,0.018,82.0,Fresno - Garland,12.076666458333333,87.656455,8.063848275,1020.9333333333334,0.0,66.625
2021-11-21,36.78538,-119.77321,44.7,0.024,124.0,Fresno - Garland,11.226666633333332,85.00617091666668,4.391731170833333,1022.9875000000001,0.0,45.958333333333336
2021-11-22,36.78538,-119.77321,22.7,0.008,76.0,Fresno - Garland,11.5620831125,81.94481683333333,4.5118268875,1022.3791666666666,0.0,29.25
2021-11-23,36.78538,-119.77321,18.2,0.015,68.0,Fresno - Garland,11.5412498625,70.303467875,5.387393908333333,1017.3791666666666,0.0,23.583333333333332
2021-11-24,36.78538,-119.77321,33.1,0.019,96.0,Fresno - Garland,9.776666433333334,86.87566766666667,7.276759225,1019.6041666666666,0.0,58.458333333333336
2021-11-25,36.78538,-119.77321,41.5,0.026,116.0,Fresno - Garland,8.672499891666666,80.68381775,5.213367554166667,1026.8833333333334,0.0,41.458333333333336
2021-11-26,36.78538,-119.77321,34.8,0.026,99.0,Fresno - Garland,10.0474999375,73.850446375,4.510497291666667,1025.5125,0.0,60.166666666666664
2021-11-27,36.78538,-119.77321,37.3,0.034,105.0,Fresno - Garland,9.468333233333334,79.97962704166666,4.11254736875,1021.2083333333334,0.0,57.416666666666664
2021-11-28,36.78538,-119.77321,36.7,0.038,104.0,Fresno - Garland,11.201666554166666,66.89923908333334,4.527654054166667,1022.6208333333334,0.0,0.125
2021-11-29,36.78538,-119.77321,29.0,0.03,88.0,Fresno - Garland,12.209999875000001,67.281572,3.6994539491666667,1021.9583333333334,0.0,1.2916666666666667
2021-11-30,36.78538,-119.77321,43.9,0.035,122.0,Fresno - Garland,11.666249854166667,82.04013595833334,4.6945745033333335,1020.3416666666667,0.0,25.875
2021-12-01,36.78538,-119.77321,41.7,0.04,116.0,Fresno - Garland,13.407916541666667,68.165237625,3.5792730654166665,1020.0083333333333,0.0,0.0
2021-12-02,36.78538,-119.77321,43.2,0.038,120.0,Fresno - Garland,13.434999920833334,58.28136008333333,5.229061000000001,1019.2125,0.0,30.791666666666668
2021-12-03,36.78538,-119.77321,48.4,0.031,133.0,Fresno - Garland,12.195416425,73.08641787500001,5.1300644625,1018.7583333333333,0.0,81.45833333333333
2021-12-04,36.78538,-119.77321,24.1,0.019,79.0,Fresno - Garland,10.270416625000001,90.580012125,6.5731934333333335,1020.7958333333332,0.0,63.666666666666664
2021-12-05,36.78538,-119.77321,27.7,0.019,86.0,Fresno - Garland,8.953749925,91.10524604166666,3.84569633625,1024.8416666666667,0.0,71.25
2021-12-06,36.78538,-119.77321,18.7,0.017,69.0,Fresno - Garland,7.684999745833333,81.48340424999999,4.331148402916667,1022.1958333333333,0.0,81.75
2021-12-07,36.78538,-119.77321,27.3,0.014,85.0,Fresno - Garland,9.901666529166667,78.43344370833334,4.344384095833333,1016.475,0.0,94.45833333333333
2021-12-08,36.78538,-119.77321,24.6,0.016,80.0,Fresno - Garland,8.751666445833333,83.296214625,4.994141178333334,1017.6708333333332,0.0,42.541666666666664
2021-12-09,36.78538,-119.77321,7.2,0.032,40.0,Fresno - Garland,11.039166416666667,81.58252475,7.27149555,1014.1833333333334,0.6083333333333333,96.41666666666667
2021-12-10,36.78538,-119.77321,13.5,0.018,59.0,Fresno - Garland,7.1724998625000005,88.251878375,6.5532603033333325,1019.6875,0.008333333333333333,60.166666666666664
2021-12-11,36.78538,-119.77321,27.8,0.021,86.0,Fresno - Garland,6.645416508333334,80.290884625,5.146154395833333,1024.1166666666666,0.0,70.75
2021-12-12,36.78538,-119.77321,16.3,0.021,64.0,Fresno - Garland,7.0349998625,71.15943254166667,8.1729943375,1018.4541666666668,0.0,46.541666666666664
2021-12-13,36.78538,-119.77321,4.7,0.031,26.0,Fresno - Garland,10.2954165,61.797313624999994,15.703866304166667,1014.4791666666666,0.21666666666666667,100.0
2021-12-14,36.78538,-119.77321,4.7,0.031,26.0,Fresno - Garland,10.2954165,61.797313624999994,15.703866304166667,1014.4791666666666,0.21666666666666667,100.0
2021-12-15,36.78538,-119.77321,9.6,0.027,52.0,Fresno - Garland,5.2829166625,85.47993729166666,6.527939641666666,1021.7708333333334,0.0375,48.708333333333336
2021-12-16,36.78538,-119.77321,5.6,0.026,31.0,Fresno - Garland,7.330833216666666,68.65805829166666,14.667353729166665,1021.1708333333332,0.25,75.33333333333333
2021-12-17,36.78538,-119.77321,10.6,0.013,54.0,Fresno - Garland,6.257916591666667,91.14342270833333,7.050279279166666,1022.9,0.0,52.541666666666664
2021-12-18,36.78538,-119.77321,11.3,0.021,55.0,Fresno - Garland,5.124583270833333,88.21098170833334,2.6363891833333333,1026.0083333333334,0.0,60.5
2021-12-19,36.78538,-119.77321,20.3,0.015,72.0,Fresno - Garland,4.9704166249999995,82.04078516666667,4.695705816666667,1020.9,0.0,59.916666666666664
2021-12-20,36.78538,-119.77321,18.9,0.007,69.0,Fresno - Garland,4.803749952083334,86.67074804166667,5.548841995833333,1020.7916666666666,0.0,72.0
2021-12-21,36.78538,-119.77321,35.8,0.01,102.0,Fresno - Garland,5.57041664125,83.85092991666666,4.514594383333333,1021.1791666666667,0.0,94.04166666666667
2021-12-22,36.78538,-119.77321,15.8,0.018,63.0,Fresno - Garland,7.3641665041666675,76.36834333333333,8.108581895833334,1019.8958333333334,0.04583333333333334,83.5
2021-12-23,36.78538,-119.77321,3.7,0.023,21.0,Fresno - Garland,11.378749874999999,90.43643466666667,13.645942750000001,1012.6458333333334,1.7708333333333333,99.95833333333333
2021-12-24,36.78538,-119.77321,5.7,0.028,32.0,Fresno - Garland,11.457916458333335,89.40660366666667,11.347663095833333,1008.1125000000001,0.2708333333333333,78.58333333333333
2021-12-25,36.78538,-119.77321,9.2,0.029,51.0,Fresno - Garland,7.830833054166667,85.93802891666667,10.999008708333333,1014.3666666666667,0.15000000000000002,63.041666666666664
2021-12-26,36.78538,-119.77321,7.6,0.033,42.0,Fresno - Garland,7.376666512499999,81.7362135,7.998936337500001,1015.3000000000001,0.33749999999999997,51.958333333333336
2021-12-27,36.78538,-119.77321,4.3,0.027,24.0,Fresno - Garland,6.5745832,70.29282645833334,11.017022175000001,1016.4291666666667,0.2708333333333333,91.45833333333333
2021-12-28,36.78538,-119.77321,8.0,0.029,44.0,Fresno - Garland,5.649583308333334,88.33901825,4.4359829783333335,1013.0208333333334,0.12083333333333333,84.875
2021-12-29,36.78538,-119.77321,4.5,0.027,25.0,Fresno - Garland,5.6016666125,80.16760266666667,12.414937929166667,1010.3125,0.4208333333333334,93.45833333333333
2021-12-30,36.78538,-119.77321,8.9,0.013,49.0,Fresno - Garland,6.484999916666666,85.94476175,8.270416608333333,1011.4916666666667,0.016666666666666666,38.833333333333336
2021-12-31,36.78538,-119.77321,8.9,0.013,49.0,Fresno - Garland,6.484999916666666,85.94476175,8.270416608333333,1011.4916666666667,0.016666666666666666,38.833333333333336
2022-01-01,36.78538,-119.77321,43.2,0.023,120.0,Fresno - Garland,4.722499916666667,85.00985995833334,8.165117829166666,1018.2166666666667,0.0,54.125
2022-01-02,36.78538,-119.77321,22.5,0.023,76.0,Fresno - Garland,4.9662498990833335,79.31942679166667,7.085387104166666,1026.0333333333333,0.0,6.875
2022-01-03,36.78538,-119.77321,18.9,0.021,69.0,Fresno - Garland,5.095416608333333,69.84707404166666,6.404461945833333,1023.6166666666667,0.0,44.416666666666664
2022-01-04,36.78538,-119.77321,18.0,0.022,68.0,Fresno - Garland,6.626666566666667,73.32116541666666,4.6485231916666665,1026.0583333333334,0.0,81.5
2022-01-05,36.78538,-119.77321,20.3,0.017,72.0,Fresno - Garland,8.3079164875,90.67945454166666,4.21508334875,1025.925,0.0,71.25
2022-01-06,36.78538,-119.77321,18.0,0.022,68.0,Fresno - Garland,8.455833220833334,91.14559441666667,4.156560524166667,1021.125,0.0,78.70833333333333
2022-01-07,36.78538,-119.77321,28.3,0.014,87.0,Fresno - Garland,8.853749837499999,87.62304987499999,3.8853378241666667,1015.1541666666667,0.0,65.79166666666667
2022-01-08,36.78538,-119.77321,11.2,0.02,55.0,Fresno - Garland,9.547499820833334,91.24433729166667,6.0967275333333335,1017.9625,0.016666666666666666,97.0
2022-01-09,36.78538,-119.77321,20.0,0.021,71.0,Fresno - Garland,7.1016665875,89.69452666666666,5.3566394,1024.3958333333333,0.0,55.291666666666664
2022-01-10,36.78538,-119.77321,23.4,0.008,78.0,Fresno - Garland,7.970416583333333,85.15047929166667,4.0249843499999995,1029.3291666666667,0.0,88.125
2022-01-11,36.78538,-119.77321,33.5,0.014,96.0,Fresno - Garland,7.532916591666667,87.70072649999999,4.058562024166666,1029.3958333333333,0.0,41.25
2022-01-12,36.78538,-119.77321,33.5,0.014,96.0,Fresno - Garland,7.532916591666667,87.70072649999999,4.058562024166666,1029.3958333333333,0.0,41.25
2022-01-13,36.78538,-119.77321,33.5,0.014,96.0,Fresno - Garland,7.532916591666667,87.70072649999999,4.058562024166666,1029.3958333333333,0.0,41.25
2022-01-14,36.78538,-119.77321,53.3,0.01,145.0,Fresno - Garland,7.920416533333333,89.89596325000001,6.010891820833333,1023.0583333333334,0.0,97.875
2022-01-15,36.78538,-119.77321,53.3,0.01,145.0,Fresno - Garland,7.920416533333333,89.89596325000001,6.010891820833333,1023.0583333333334,0.0,97.875
2022-01-16,36.78538,-119.77321,53.3,0.01,145.0,Fresno - Garland,7.920416533333333,89.89596325000001,6.010891820833333,1023.0583333333334,0.0,97.875
2022-01-17,36.78538,-119.77321,39.2,0.023,110.0,Fresno - Garland,11.005833158333333,68.68395154166667,3.152646616666667,1018.1666666666666,0.0,89.95833333333333
2022-01-18,36.78538,-119.77321,39.2,0.023,110.0,Fresno - Garland,11.005833158333333,68.68395154166667,3.152646616666667,1018.1666666666666,0.0,89.95833333333333
2022-01-19,36.78538,-119.77321,39.2,0.023,110.0,Fresno - Garland,11.005833158333333,68.68395154166667,3.152646616666667,1018.1666666666666,0.0,89.95833333333333
2022-01-20,36.78538,-119.77321,41.4,0.026,116.0,Fresno - Garland,9.1891664875,87.26057374999999,3.8899163125,1025.8999999999999,0.0,33.125
2022-01-21,36.78538,-119.77321,37.0,0.012,105.0,Fresno - Garland,9.278749812500001,87.72532145833333,7.4865803375,1022.4791666666666,0.0,57.166666666666664
2022-01-22,36.78538,-119.77321,37.5,0.027,106.0,Fresno - Garland,7.9079166,80.655681125,6.1989845125,1019.8666666666667,0.0,81.04166666666667
2022-01-23,36.78538,-119.77321,32.5,0.028,95.0,Fresno - Garland,8.568333154166666,64.31781620833333,4.774188633333334,1023.3958333333334,0.0,3.9583333333333335
2022-01-24,36.78538,-119.77321,24.1,0.029,79.0,Fresno - Garland,8.616249979166666,73.98160379166667,5.21518779875,1022.5958333333333,0.0,7.375
2022-01-25,36.78538,-119.77321,27.0,0.025,84.0,Fresno - Garland,8.541249916666667,84.89492591666666,5.0742623,1017.8041666666667,0.0,43.875
2022-01-26,36.78538,-119.77321,24.4,0.031,80.0,Fresno - Garland,8.58708335,75.38553945833333,4.233771241666667,1019.6875,0.0,0.08333333333333333
2022-01-27,36.78538,-119.77321,23.2,0.032,77.0,Fresno - Garland,8.778749991666666,77.47376170833333,6.414119358333333,1022.4583333333334,0.0,17.666666666666668
2022-01-28,36.78538,-119.77321,21.4,0.032,74.0,Fresno - Garland,9.653749941666666,65.62032945833333,4.845313070833334,1025.6375,0.0,45.291666666666664
2022-01-29,36.78538,-119.77321,29.0,0.022,88.0,Fresno - Garland,9.701666620833334,60.10768516666667,5.878390558333333,1023.4083333333333,0.0,84.0
2022-01-30,36.78538,-119.77321,33.1,0.033,96.0,Fresno - Garland,8.226666610416666,68.52020645833333,5.15042535,1022.8625000000001,0.0,12.791666666666666
2022-01-31,36.78538,-119.77321,28.0,0.028,86.0,Fresno - Garland,8.505833258333334,76.16632570833333,5.9096375708333335,1022.3874999999999,0.0,80.79166666666667
2022-02-01,36.78538,-119.77321,29.3,0.02,89.0,Fresno - Garland,8.528749875,79.02147533333333,6.668556145833333,1016.6,0.0,78.375
2022-02-02,36.78538,-119.77321,33.3,0.025,96.0,Fresno - Garland,6.032916552500001,75.95096008333333,5.414041645833334,1017.8916666666668,0.0,27.166666666666668
2022-02-03,36.78538,-119.77321,27.7,0.027,86.0,Fresno - Garland,7.112083337624999,60.090510458333334,6.578538225,1023.2083333333334,0.0,19.416666666666668
2022-02-04,36.78538,-119.77321,13.3,0.031,59.0,Fresno - Garland,7.999583275,64.05913145833334,5.780063170833333,1027.9291666666666,0.0,22.541666666666668
2022-02-05,36.78538,-119.77321,31.2,0.028,92.0,Fresno - Garland,9.3224998875,61.592497875,5.851424970833333,1027.3416666666667,0.0,48.166666666666664
2022-02-06,36.78538,-119.77321,22.8,0.035,77.0,Fresno - Garland,9.153749925,59.55868208333334,4.309133162916667,1024.7833333333333,0.0,5.166666666666667
2022-02-07,36.78538,-119.77321,19.9,0.034,71.0,Fresno - Garland,10.343333225,60.318405500000004,4.535956258333333,1025.9583333333333,0.0,0.0
2022-02-08,36.78538,-119.77321,19.3,0.032,70.0,Fresno - Garland,10.941249866666666,69.48329808333334,7.3544319375,1025.3,0.0,0.0
2022-02-09,36.78538,-119.77321,22.7,0.033,76.0,Fresno - Garland,11.849583258333332,62.68355308333333,4.67798076,1023.15,0.0,9.958333333333334
2022-02-10,36.78538,-119.77321,21.5,0.043,74.0,Fresno - Garland,12.657916591666668,61.30881475,5.860964166666666,1021.0916666666667,0.0,7.041666666666667
2022-02-11,36.78538,-119.77321,23.4,0.042,78.0,Fresno - Garland,14.087083174999998,57.550561416666675,6.278791675,1019.2541666666666,0.0,0.0
2022-02-12,36.78538,-119.77321,21.6,0.044,74.0,Fresno - Garland,14.812083283333335,59.732986000000004,4.9964504075,1019.2333333333332,0.0,25.5
2022-02-13,36.78538,-119.77321,19.2,0.045,70.0,Fresno - Garland,15.407916441666666,48.827819000000005,4.5355851666666664,1022.3625000000001,0.0,7.583333333333333
2022-02-14,36.78538,-119.77321,15.3,0.042,63.0,Fresno - Garland,14.607916533333333,56.12362470833333,5.6690412375,1019.85,0.0,63.291666666666664
2022-02-15,36.78538,-119.77321,3.2,0.03,18.0,Fresno - Garland,12.603749858333332,57.494087541666666,16.364540104166668,1012.9833333333332,0.0,31.166666666666668
2022-02-16,36.78538,-119.77321,5.7,0.03,32.0,Fresno - Garland,9.257916383333333,53.92917725,8.028883716666668,1014.3625000000001,0.0,5.958333333333333
2022-02-17,36.78538,-119.77321,11.8,0.035,56.0,Fresno - Garland,10.041249866666666,56.13233266666666,6.932493050000001,1022.2416666666667,0.0,0.0
2022-02-18,36.78538,-119.77321,19.9,0.036,71.0,Fresno - Garland,11.3912498875,51.17649829166667,4.842976091666666,1025.4041666666667,0.0,13.833333333333334
2022-02-19,36.78538,-119.77321,19.5,0.037,70.0,Fresno - Garland,12.3704165,52.65524745833333,5.2825764625,1021.2583333333333,0.0,3.75
2022-02-20,36.78538,-119.77321,20.1,0.039,71.0,Fresno - Garland,12.614166562500001,60.06640504166666,6.978813129166666,1015.7291666666666,0.0,35.541666666666664
2022-02-21,36.78538,-119.77321,4.9,0.029,27.0,Fresno - Garland,11.887083208333332,57.24735954166667,11.780056408333332,1012.7458333333334,0.0,37.541666666666664
2022-02-22,36.78538,-119.77321,2.6,0.031,14.0,Fresno - Garland,8.3120832875,60.63862700000001,7.1236670125,1015.1458333333334,0.44166666666666665,53.125
2022-02-23,36.78538,-119.77321,5.9,0.027,33.0,Fresno - Garland,5.2974999,77.240054625,7.3065656375,1015.5416666666666,0.012500000000000002,54.916666666666664
2022-02-24,36.78538,-119.77321,5.9,0.027,33.0,Fresno - Garland,5.2974999,77.240054625,7.3065656375,1015.5416666666666,0.012500000000000002,54.916666666666664
2022-02-25,36.78538,-119.77321,5.9,0.027,33.0,Fresno - Garland,5.2974999,77.240054625,7.3065656375,1015.5416666666666,0.012500000000000002,54.916666666666664
2022-02-26,36.78538,-119.77321,5.9,0.027,33.0,Fresno - Garland,5.2974999,77.240054625,7.3065656375,1015.5416666666666,0.012500000000000002,54.916666666666664
2022-02-27,36.78538,-119.77321,5.9,0.027,33.0,Fresno - Garland,5.2974999,77.240054625,7.3065656375,1015.5416666666666,0.012500000000000002,54.916666666666664
2022-02-28,36.78538,-119.77321,5.9,0.027,33.0,Fresno - Garland,5.2974999,77.240054625,7.3065656375,1015.5416666666666,0.012500000000000002,54.916666666666664
2022-03-01,36.78538,-119.77321,5.9,0.027,33.0,Fresno - Garland,5.2974999,77.240054625,7.3065656375,1015.5416666666666,0.012500000000000002,54.916666666666664
2022-03-02,36.78538,-119.77321,5.9,0.027,33.0,Fresno - Garland,5.2974999,77.240054625,7.3065656375,1015.5416666666666,0.012500000000000002,54.916666666666664
2022-03-03,36.78538,-119.77321,13.1,0.035,58.0,Fresno - Garland,15.157916533333333,58.78703108333334,7.127162366666667,1012.7458333333334,0.0,89.625
2022-03-04,36.78538,-119.77321,7.4,0.027,41.0,Fresno - Garland,14.989166500000001,62.39173816666667,11.820001249999999,1011.0458333333332,0.19166666666666665,95.875
2022-03-05,36.78538,-119.77321,5.2,0.032,29.0,Fresno - Garland,8.418333141666666,69.94326683333334,9.344525516666666,1017.875,0.39999999999999997,67.125
2022-03-06,36.78538,-119.77321,8.9,0.03,49.0,Fresno - Garland,7.799583204166666,64.50225783333333,8.280470383333332,1022.8375,0.0,28.833333333333332
2022-03-07,36.78538,-119.77321,11.3,0.034,55.0,Fresno - Garland,8.501666566666666,66.697373875,6.880090466666666,1025.8041666666666,0.0,2.0833333333333335
2022-03-08,36.78538,-119.77321,11.1,0.038,55.0,Fresno - Garland,10.3662499125,58.88094279166666,7.2144985,1023.35,0.0,4.958333333333333
2022-03-09,36.78538,-119.77321,8.6,0.04,48.0,Fresno - Garland,12.397499937500001,48.76908095833334,6.128950504166667,1016.5458333333332,0.0,1.4583333333333333
2022-03-10,36.78538,-119.77321,4.1,0.035,23.0,Fresno - Garland,14.099583166666667,47.903799666666664,14.691316333333333,1013.8791666666666,0.0,0.7916666666666666
2022-03-11,36.78538,-119.77321,8.9,0.04,49.0,Fresno - Garland,12.45166665,41.323535291666666,7.2272921708333335,1023.7458333333334,0.0,0.0
2022-03-12,36.78538,-119.77321,8.0,0.045,44.0,Fresno - Garland,14.024583279166668,43.583407875,5.8785522125,1024.5208333333333,0.0,0.0
2022-03-13,36.78538,-119.77321,2.7,0.036,15.0,Fresno - Garland,15.566249916666665,40.369396270833334,14.0877269375,1020.6625,0.0,68.58333333333333
2022-03-14,36.78538,-119.77321,7.0,0.041,39.0,Fresno - Garland,14.05791655,45.25321483333334,8.089524829166667,1023.4625,0.0,38.541666666666664
2022-03-15,36.78538,-119.77321,6.0,0.031,33.0,Fresno - Garland,14.430833333333334,49.969109374999995,7.435519582083334,1023.7291666666666,0.004166666666666667,40.458333333333336
2022-03-16,36.78538,-119.77321,3.8,0.034,21.0,Fresno - Garland,15.507916541666667,66.34810979166666,14.4099775875,1021.0375,0.0,12.833333333333334
2022-03-17,36.78538,-119.77321,7.0,0.035,39.0,Fresno - Garland,15.395416574999999,52.51781558333334,8.188823329166667,1020.025,0.0,60.833333333333336
2022-03-18,36.78538,-119.77321,7.7,0.04,43.0,Fresno - Garland,15.612083158333334,47.60792920833333,6.771306233333333,1019.0875,0.0,4.541666666666667
2022-03-19,36.78538,-119.77321,5.4,0.029,30.0,Fresno - Garland,16.330833333333334,44.42740204166666,7.151902220833333,1014.875,0.020833333333333332,90.66666666666667
2022-03-20,36.78538,-119.77321,4.6,0.027,26.0,Fresno - Garland,12.6704165,70.48113320833333,17.12511745833333,1016.7041666666668,0.17916666666666667,65.54166666666667
2022-03-21,36.78538,-119.77321,6.8,0.038,38.0,Fresno - Garland,12.828749929166667,60.51172920833333,4.722058282083333,1021.7791666666667,0.0,53.458333333333336
2022-03-22,36.78538,-119.77321,9.5,0.046,52.0,Fresno - Garland,16.153749916666666,53.434900875000004,5.877702370833333,1020.35,0.0,11.833333333333334
2022-03-23,36.78538,-119.77321,9.0,0.043,50.0,Fresno - Garland,19.570416583333333,47.47753779166666,6.317977066666667,1019.3166666666666,0.0,0.0
2022-03-24,36.78538,-119.77321,8.3,0.046,46.0,Fresno - Garland,21.12666666666667,46.23927483333333,5.815705950000001,1017.2458333333334,0.0,8.208333333333334
2022-03-25,36.78538,-119.77321,8.0,0.048,44.0,Fresno - Garland,21.912083166666665,43.45497904166667,6.717625000000001,1015.0791666666668,0.0,16.333333333333332
2022-03-26,36.78538,-119.77321,8.7,0.05,48.0,Fresno - Garland,22.009999958333335,40.907668791666666,6.461251245833334,1011.8041666666667,0.0,84.45833333333333
2022-03-27,36.78538,-119.77321,4.0,0.038,22.0,Fresno - Garland,21.432916541666668,36.37231675,8.843719670833332,1006.7791666666667,0.0,89.95833333333333
2022-03-28,36.78538,-119.77321,3.3,0.032,18.0,Fresno - Garland,15.159999916666665,58.81054654166667,16.625400945833334,1006.9333333333334,0.46249999999999997,78.79166666666667
2022-03-29,36.78538,-119.77321,5.9,0.03,33.0,Fresno - Garland,12.39749975,80.99649483333333,8.113323316666667,1012.3000000000001,0.09166666666666667,70.79166666666667
2022-03-30,36.78538,-119.77321,7.7,0.034,43.0,Fresno - Garland,14.501666541666667,72.20907375,5.194768883333333,1018.7916666666666,0.0,73.95833333333333
2022-03-31,36.78538,-119.77321,10.1,0.026,53.0,Fresno - Garland,14.39958325,65.81626108333333,11.297304375000001,1014.5708333333333,0.0,88.875
2022-04-01,36.78538,-119.77321,11.5,0.041,55.0,Fresno - Garland,15.666249875,63.791772916666666,6.0688505416666665,1012.0333333333333,0.0,21.875
2022-04-02,36.78538,-119.77321,9.0,0.041,50.0,Fresno - Garland,18.120416666666667,53.74403508333333,7.467019779166667,1013.6916666666666,0.0,29.708333333333332
2022-04-03,36.78538,-119.77321,5.7,0.043,32.0,Fresno - Garland,19.684999916666666,37.56630104166667,10.747052179166667,1013.0833333333334,0.0,86.29166666666667
2022-04-04,36.78538,-119.77321,6.1,0.036,34.0,Fresno - Garland,18.082916583333333,34.77349225,16.168252604166668,1015.0500000000001,0.0,45.25
2022-04-05,36.78538,-119.77321,3.3,0.039,18.0,Fresno - Garland,18.739166625,52.627457041666666,16.57651325,1018.3666666666667,0.0,1.875
2022-04-06,36.78538,-119.77321,8.9,0.045,49.0,Fresno - Garland,18.48291658333333,29.069931083333334,8.8811960875,1018.5375,0.0,2.9583333333333335
2022-04-07,36.78538,-119.77321,8.9,0.045,49.0,Fresno - Garland,18.48291658333333,29.069931083333334,8.8811960875,1018.5375,0.0,2.9583333333333335
2022-04-08,36.78538,-119.77321,13.6,0.05,59.0,Fresno - Garland,24.491249916666664,31.905674520833333,7.027763586666667,1016.2333333333332,0.0,4.458333333333333
2022-04-09,36.78538,-119.77321,6.6,0.04,37.0,Fresno - Garland,23.137083291666666,30.9191895,18.150955333333332,1011.975,0.0,24.0
2022-04-10,36.78538,-119.77321,2.5,0.038,14.0,Fresno - Garland,18.455833333333334,16.515403958333334,14.990316520833332,1012.2666666666668,0.0,45.916666666666664
2022-04-11,36.78538,-119.77321,4.4,0.036,24.0,Fresno - Garland,13.728749666666666,48.545367104166665,12.8821229625,1012.2083333333334,0.049999999999999996,74.41666666666667
2022-04-12,36.78538,-119.77321,4.4,0.036,24.0,Fresno - Garland,13.728749666666666,48.545367104166665,12.8821229625,1012.2083333333334,0.049999999999999996,74.41666666666667
2022-04-13,36.78538,-119.77321,2.9,0.046,16.0,Fresno - Garland,11.732916666666668,41.328660291666665,15.171553791666668,1022.3249999999999,0.0,8.375
2022-04-14,36.78538,-119.77321,3.4,0.035,19.0,Fresno - Garland,14.29124975,41.540123125,11.431639587500001,1018.9333333333334,0.0,72.5
2022-04-15,36.78538,-119.77321,1.9,0.032,11.0,Fresno - Garland,15.614166541666668,59.78121029166667,11.441496899999999,1015.9666666666667,0.0,41.791666666666664
2022-04-16,36.78538,-119.77321,2.7,0.027,15.0,Fresno - Garland,17.324583291666666,51.171205750000006,12.15384265,1014.6583333333333,0.4833333333333334,86.70833333333333
2022-04-17,36.78538,-119.77321,4.2,0.04,23.0,Fresno - Garland,16.34958325,56.66386295833333,8.8176825625,1020.5541666666667,0.0,3.5
2022-04-18,36.78538,-119.77321,5.3,0.042,29.0,Fresno - Garland,17.143333166666668,41.147865875,8.947870929166667,1017.85,0.0,54.583333333333336
2022-04-19,36.78538,-119.77321,2.7,0.035,15.0,Fresno - Garland,18.072499958333335,49.04985679166666,13.801086125,1015.6791666666667,0.012500000000000002,78.41666666666667
2022-04-20,36.78538,-119.77321,2.9,0.041,16.0,Fresno - Garland,16.384999833333335,49.702372249999996,10.04026364875,1014.4958333333334,0.0,53.125
2022-04-21,36.78538,-119.77321,3.4,0.032,19.0,Fresno - Garland,16.720416500000002,48.07186070833333,10.975039245833335,1013.7375000000001,0.3958333333333333,47.0
2022-04-22,36.78538,-119.77321,2.5,0.04,14.0,Fresno - Garland,13.253749916666665,72.449222875,9.673633616666667,1015.5583333333334,0.7166666666666667,61.333333333333336
2022-04-23,36.78538,-119.77321,3.6,0.039,20.0,Fresno - Garland,14.359999833333333,56.81892620833333,11.916131108333333,1020.9125,0.0,9.125
2022-04-24,36.78538,-119.77321,6.9,0.043,38.0,Fresno - Garland,16.95166658333333,52.10018791666667,7.813105129166666,1018.8541666666666,0.0,1.625
2022-04-25,36.78538,-119.77321,7.0,0.053,39.0,Fresno - Garland,19.845416625000002,40.43428204166667,6.455914558333333,1016.8541666666666,0.0,20.708333333333332
2022-04-26,36.78538,-119.77321,12.4,0.048,57.0,Fresno - Garland,20.816249958333334,33.587504958333334,14.085671279166666,1013.3583333333332,0.0,70.0
2022-04-27,36.78538,-119.77321,7.6,0.051,42.0,Fresno - Garland,19.14749983333333,36.49592454166667,13.738060083333332,1013.1,0.0,36.791666666666664
2022-04-28,36.78538,-119.77321,5.7,0.047,32.0,Fresno - Garland,17.382916583333333,35.490467833333334,17.727482666666667,1014.4499999999999,0.0,34.333333333333336
2022-04-29,36.78538,-119.77321,6.4,0.046,36.0,Fresno - Garland,17.007916625,42.51494016666667,13.604986295833333,1017.5708333333333,0.0,8.666666666666666
2022-04-30,36.78538,-119.77321,5.3,0.041,29.0,Fresno - Garland,20.328749916666666,32.22729275,10.691509370833332,1015.0958333333333,0.0,6.583333333333333
2022-05-01,36.78538,-119.77321,6.3,0.042,35.0,Fresno - Garland,19.35375,41.670125875000004,18.798688604166667,1011.1291666666666,0.0,0.0
2022-05-02,36.78538,-119.77321,4.6,0.037,26.0,Fresno - Garland,21.045416583333335,32.087515312499995,11.131429025000001,1012.6166666666667,0.0,15.666666666666666
2022-05-03,36.78538,-119.77321,5.0,0.042,28.0,Fresno - Garland,19.305833291666666,33.136035291666666,14.2694525625,1013.5,0.0,12.041666666666666
2022-05-04,36.78538,-119.77321,8.6,0.054,48.0,Fresno - Garland,21.52249995833333,30.631717416666664,6.283722170833333,1013.3249999999999,0.0,0.25
2022-05-05,36.78538,-119.77321,9.0,0.05,50.0,Fresno - Garland,24.514166625,26.256217958333334,7.963598533333333,1012.775,0.0,46.166666666666664
2022-05-06,36.78538,-119.77321,4.6,0.037,26.0,Fresno - Garland,22.976666624999996,41.17039116666667,16.009983375,1015.5583333333334,0.0,54.666666666666664
2022-05-07,36.78538,-119.77321,4.2,0.041,23.0,Fresno - Garland,21.401666583333334,45.33129483333334,19.945002479166664,1014.6166666666667,0.0,20.958333333333332
2022-05-08,36.78538,-119.77321,5.1,0.044,28.0,Fresno - Garland,17.334999791666664,36.7131525,20.685909916666667,1012.8166666666666,0.0,19.041666666666668
2022-05-09,36.78538,-119.77321,3.1,0.043,17.0,Fresno - Garland,13.859999875,37.616390458333335,18.155816458333334,1015.6750000000001,0.0,13.125
2022-05-10,36.78538,-119.77321,1.1,0.041,6.0,Fresno - Garland,13.451666583333333,39.3867425,14.104643125,1018.4166666666666,0.0,30.458333333333332
2022-05-11,36.78538,-119.77321,3.2,0.041,18.0,Fresno - Garland,14.06833325,38.20284254166667,17.375085416666668,1020.9708333333333,0.0,2.375
2022-05-12,36.78538,-119.77321,3.2,0.043,18.0,Fresno - Garland,16.93708325,35.12386427083333,12.427041416666667,1023.6,0.0,24.5
2022-05-13,36.78538,-119.77321,7.1,0.043,39.0,Fresno - Garland,19.487083291666668,35.483431333333336,13.365930504166668,1021.2458333333334,0.0,0.0
2022-05-14,36.78538,-119.77321,7.1,0.048,39.0,Fresno - Garland,23.7975,40.78082416666667,11.234215054166667,1016.8833333333333,0.0,0.0
2022-05-15,36.78538,-119.77321,7.8,0.041,43.0,Fresno - Garland,26.601666666666663,28.97323904166667,10.273073304166667,1012.3416666666667,0.0,35.833333333333336
2022-05-16,36.78538,-119.77321,2.9,0.047,16.0,Fresno - Garland,24.705833333333334,29.84877660416667,20.353541375,1013.4083333333333,0.0,32.791666666666664
2022-05-17,36.78538,-119.77321,6.8,0.046,38.0,Fresno - Garland,22.491249999999997,35.02012191666667,15.9679091875,1013.7958333333332,0.0,7.708333333333333
2022-05-18,36.78538,-119.77321,10.3,0.055,53.0,Fresno - Garland,25.430833333333336,29.963808791666665,11.961449945833332,1014.3625000000001,0.0,8.333333333333334
2022-05-19,36.78538,-119.77321,6.3,0.044,35.0,Fresno - Garland,28.435000000000002,25.496959625,14.248023270833334,1011.3333333333334,0.0,34.416666666666664
2022-05-20,36.78538,-119.77321,7.9,0.048,44.0,Fresno - Garland,24.397499999999997,20.410814416666668,19.315947041666664,1005.9625,0.0,10.0
2022-05-21,36.78538,-119.77321,6.6,0.051,37.0,Fresno - Garland,22.253749958333334,16.97802175,6.795144129166666,1009.4958333333334,0.0,0.0
2022-05-22,36.78538,-119.77321,5.4,0.047,30.0,Fresno - Garland,24.593333333333334,18.887852962500002,9.628491320833334,1013.1958333333333,0.0,14.208333333333334
2022-05-23,36.78538,-119.77321,7.2,0.048,40.0,Fresno - Garland,26.132916666666663,23.6888831875,13.637350500000002,1011.9875000000001,0.0,27.0
2022-05-24,36.78538,-119.77321,8.5,0.053,47.0,Fresno - Garland,27.670416666666668,24.18283070833333,9.702202316666666,1008.6458333333334,0.0,13.5
2022-05-25,36.78538,-119.77321,14.7,0.064,61.0,Fresno - Garland,30.19541666666667,18.173509291666665,6.864723516666667,1007.4708333333333,0.0,23.25
2022-05-26,36.78538,-119.77321,12.7,0.056,58.0,Fresno - Garland,30.449583333333333,23.992175458333335,10.463837679166668,1007.5666666666666,0.0,32.75
2022-05-27,36.78538,-119.77321,7.3,0.043,41.0,Fresno - Garland,24.805833333333336,40.16688614583333,15.537852708333332,1012.4,0.0,73.875
2022-05-28,36.78538,-119.77321,3.1,0.037,17.0,Fresno - Garland,23.04125,38.90972166666666,16.717152625,1012.3583333333332,0.0,79.83333333333333
2022-05-29,36.78538,-119.77321,2.5,0.043,14.0,Fresno - Garland,21.199583208333333,45.806296145833336,22.263071749999998,1011.1291666666666,0.0,20.458333333333332
2022-05-30,36.78538,-119.77321,4.6,0.042,26.0,Fresno - Garland,21.659999958333334,29.24389789583333,16.910715083333333,1010.6458333333334,0.0,0.5
2022-05-31,36.78538,-119.77321,5.2,0.047,29.0,Fresno - Garland,22.32041666666667,28.177028791666668,13.849136325000002,1010.1041666666666,0.0,0.3333333333333333
2022-06-01,36.78538,-119.77321,7.0,0.057,39.0,Fresno - Garland,25.60166666666667,19.916034854166668,6.545514675,1011.0416666666666,0.0,0.0
2022-06-02,36.78538,-119.77321,4.8,0.038,27.0,Fresno - Garland,28.251666666666665,18.11350858333333,12.17175175,1008.6374999999999,0.0,42.875
2022-06-03,36.78538,-119.77321,4.0,0.032,22.0,Fresno - Garland,27.13083333333333,28.464449562499997,16.440170291666664,1008.2416666666667,0.0,55.75
2022-06-04,36.78538,-119.77321,3.6,0.041,20.0,Fresno - Garland,24.512083333333333,38.80517533333333,16.843285791666666,1010.7166666666667,0.0,96.20833333333333
2022-06-05,36.78538,-119.77321,2.8,0.028,16.0,Fresno - Garland,25.430833333333336,35.758423916666665,14.4020511875,1012.3125,0.0,70.08333333333333
2022-06-06,36.78538,-119.77321,4.9,0.052,27.0,Fresno - Garland,25.870416666666667,47.268433125,17.871050041666667,1011.8583333333332,0.0,2.7083333333333335
2022-06-07,36.78538,-119.77321,6.3,0.058,35.0,Fresno - Garland,26.60375,29.215435520833335,13.453146124999998,1010.3833333333333,0.0,6.625
2022-06-08,36.78538,-119.77321,4.1,0.037,23.0,Fresno - Garland,27.616249999999997,24.179454208333336,15.202323125,1010.6,0.0,39.0
2022-06-09,36.78538,-119.77321,6.7,0.045,37.0,Fresno - Garland,28.45583333333333,33.29755620833333,14.502208541666667,1009.4208333333332,0.0,89.0
2022-06-10,36.78538,-119.77321,7.7,0.057,43.0,Fresno - Garland,31.451666666666668,26.65910225,10.057399929166666,1010.1999999999999,0.0,11.125
2022-06-11,36.78538,-119.77321,3.0,0.04,17.0,Fresno - Garland,33.1225,26.021580866666667,15.703641562500001,1010.7624999999999,0.0,9.0
2022-06-12,36.78538,-119.77321,3.2,0.03,18.0,Fresno - Garland,31.29958333333333,31.879379583333332,15.056408095833334,1008.5958333333333,0.0,6.958333333333333
2022-06-13,36.78538,-119.77321,3.9,0.049,22.0,Fresno - Garland,24.79125,41.78409020833333,22.267357541666666,1010.5416666666666,0.0,11.0
2022-06-14,36.78538,-119.77321,6.4,0.053,36.0,Fresno - Garland,24.82041666666667,18.585545004166665,13.8527645875,1012.7208333333333,0.0,0.0
2022-06-15,36.78538,-119.77321,7.2,0.06,40.0,Fresno - Garland,27.420416666666668,14.981319145833334,9.823139529166667,1010.2416666666667,0.0,0.0
2022-06-16,36.78538,-119.77321,7.1,0.057,39.0,Fresno - Garland,28.685,16.094192083333333,14.531081345833334,1008.4083333333333,0.0,0.0
2022-06-17,36.78538,-119.77321,5.5,0.041,31.0,Fresno - Garland,21.614166625,35.761894500000004,14.608964195833332,1008.8874999999999,0.0,53.5
2022-06-18,36.78538,-119.77321,5.1,0.04,28.0,Fresno - Garland,20.00583325,39.90750525,13.650734962500001,1012.2791666666667,0.0,0.25
2022-06-19,36.78538,-119.77321,5.5,0.042,31.0,Fresno - Garland,21.828749958333333,31.840175000000002,15.192539833333333,1015.1291666666666,0.0,0.0
2022-06-20,36.78538,-119.77321,6.4,0.048,36.0,Fresno - Garland,25.526666666666667,26.23409854166667,11.153948191666666,1014.6333333333333,0.0,11.75
2022-06-21,36.78538,-119.77321,9.9,0.059,52.0,Fresno - Garland,28.889166666666668,18.296902604166664,8.519652983333334,1010.6166666666667,0.0,0.08333333333333333
2022-06-22,36.78538,-119.77321,8.9,0.048,49.0,Fresno - Garland,31.635,17.875123479166664,12.701962554166668,1010.0166666666668,0.0,39.75
2022-06-23,36.78538,-119.77321,7.5,0.057,42.0,Fresno - Garland,31.649583333333336,20.427551166666667,6.0746057916666665,1010.1083333333332,0.0,15.125
2022-06-24,36.78538,-119.77321,14.7,0.064,61.0,Fresno - Garland,32.385,20.086304729166667,8.234464270833334,1008.6999999999999,0.0,0.125
2022-06-25,36.78538,-119.77321,6.9,0.059,38.0,Fresno - Garland,33.347500000000004,16.225885166666668,10.118900654166668,1009.0124999999999,0.0,0.0
2022-06-26,36.78538,-119.77321,6.1,0.054,34.0,Fresno - Garland,33.099583333333335,13.779329691666668,12.173353266666666,1011.7291666666666,0.0,0.0
2022-06-27,36.78538,-119.77321,5.4,0.06,30.0,Fresno - Garland,33.753750000000004,14.914003429166668,13.136765141666666,1013.5166666666668,0.0,0.0
2022-06-28,36.78538,-119.77321,5.3,0.055,29.0,Fresno - Garland,33.589166666666664,14.8022096375,15.952732666666668,1013.4916666666667,0.0,0.0
2022-06-29,36.78538,-119.77321,6.3,0.056,35.0,Fresno - Garland,32.626666666666665,12.242268304166666,12.751249395833334,1012.5625,0.0,0.0
2022-06-30,36.78538,-119.77321,6.6,0.056,37.0,Fresno - Garland,28.94125,26.001750962499997,12.695406820833334,1013.1916666666666,0.0,0.0
2022-07-01,36.78538,-119.77321,8.2,0.048,46.0,Fresno - Garland,27.749583333333334,28.756039312499997,12.746604416666665,1012.7666666666668,0.0,0.5833333333333334
2022-07-02,36.78538,-119.77321,4.6,0.046,26.0,Fresno - Garland,27.01,26.710397458333333,14.963741833333332,1011.3166666666666,0.0,2.5833333333333335
2022-07-03,36.78538,-119.77321,7.9,0.039,44.0,Fresno - Garland,23.407916666666665,39.37906395833333,16.724733270833333,1012.2041666666668,0.0,0.0
2022-07-04,36.78538,-119.77321,8.0,0.032,44.0,Fresno - Garland,23.557916625,37.402084208333335,14.626827041666667,1012.6458333333334,0.0,0.0
2022-07-05,36.78538,-119.77321,8.2,0.035,46.0,Fresno - Garland,26.430833333333336,45.68571870833333,11.406592958333334,1012.0708333333333,0.0,0.5833333333333334
2022-07-06,36.78538,-119.77321,6.0,0.039,33.0,Fresno - Garland,26.180833333333336,45.97754329166667,14.296478970833334,1011.7875,0.0,0.2916666666666667
2022-07-07,36.78538,-119.77321,4.9,0.044,27.0,Fresno - Garland,26.16,42.09438395833333,12.603720725,1012.9250000000001,0.0,0.08333333333333333
2022-07-08,36.78538,-119.77321,6.4,0.052,36.0,Fresno - Garland,29.2975,31.15734666666667,10.972859958333332,1013.4041666666667,0.0,30.791666666666668
2022-07-09,36.78538,-119.77321,6.8,0.044,38.0,Fresno - Garland,29.37875,32.439180791666665,14.435900445833333,1015.725,0.0,50.458333333333336
2022-07-10,36.78538,-119.77321,6.6,0.051,37.0,Fresno - Garland,29.772499999999997,28.863957708333334,13.159972791666666,1016.0958333333333,0.0,0.0
2022-07-11,36.78538,-119.77321,10.8,0.065,54.0,Fresno - Garland,32.14541666666667,20.835296833333334,7.47402105,1011.0791666666668,0.0,0.0
2022-07-12,36.78538,-119.77321,10.4,0.065,53.0,Fresno - Garland,32.876666666666665,21.85765533333333,9.776069104166666,1008.1791666666667,0.0,0.3333333333333333
2022-07-13,36.78538,-119.77321,6.8,0.056,38.0,Fresno - Garland,29.989166666666666,31.876712666666666,13.129730041666667,1009.9625,0.0,0.0
2022-07-14,36.78538,-119.77321,9.7,0.059,52.0,Fresno - Garland,31.257916666666663,26.421605541666665,11.343745325,1010.8291666666668,0.0,0.0
2022-07-15,36.78538,-119.77321,9.2,0.06,51.0,Fresno - Garland,32.20791666666667,22.195611062500003,13.724276416666667,1011.1458333333334,0.0,0.0
2022-07-16,36.78538,-119.77321,12.0,0.063,56.0,Fresno - Garland,33.651666666666664,18.348923187500002,11.422708854166666,1010.4291666666667,0.0,0.0
2022-07-17,36.78538,-119.77321,10.4,0.061,53.0,Fresno - Garland,35.79958333333333,15.993061895833334,8.683001304166668,1007.2791666666667,0.0,0.0
2022-07-18,36.78538,-119.77321,11.0,0.053,55.0,Fresno - Garland,35.26625,16.168382416666667,10.212020554166667,1008.9041666666667,0.0,6.125
2022-07-19,36.78538,-119.77321,7.6,0.058,42.0,Fresno - Garland,34.099583333333335,16.489555916666667,11.163547262500002,1012.0083333333333,0.0,2.125
2022-07-20,36.78538,-119.77321,7.6,0.058,42.0,Fresno - Garland,34.099583333333335,16.489555916666667,11.163547262500002,1012.0083333333333,0.0,2.125
2022-07-21,36.78538,-119.77321,7.6,0.058,42.0,Fresno - Garland,34.099583333333335,16.489555916666667,11.163547262500002,1012.0083333333333,0.0,2.125
2022-07-22,36.78538,-119.77321,6.7,0.056,37.0,Fresno - Garland,32.912083333333335,13.986164995833335,16.0140141875,1010.4250000000001,0.0,13.083333333333334
2022-07-23,36.78538,-119.77321,6.7,0.056,37.0,Fresno - Garland,32.912083333333335,13.986164995833335,16.0140141875,1010.4250000000001,0.0,13.083333333333334
2022-07-24,36.78538,-119.77321,6.7,0.056,37.0,Fresno - Garland,32.912083333333335,13.986164995833335,16.0140141875,1010.4250000000001,0.0,13.083333333333334
2022-07-25,36.78538,-119.77321,9.3,0.061,51.0,Fresno - Garland,31.118333333333336,23.926396208333333,10.454265595833332,1008.6625,0.0,0.0
2022-07-26,36.78538,-119.77321,9.3,0.061,51.0,Fresno - Garland,31.118333333333336,23.926396208333333,10.454265595833332,1008.6625,0.0,0.0
2022-07-27,36.78538,-119.77321,9.3,0.061,51.0,Fresno - Garland,31.118333333333336,23.926396208333333,10.454265595833332,1008.6625,0.0,0.0
2022-07-28,36.78538,-119.77321,7.0,0.058,39.0,Fresno - Garland,32.435,19.333266625,12.829449041666669,1010.0333333333333,0.0,18.75
2022-07-29,36.78538,-119.77321,7.0,0.058,39.0,Fresno - Garland,32.435,19.333266625,12.829449041666669,1010.0333333333333,0.0,18.75
2022-07-30,36.78538,-119.77321,7.0,0.058,39.0,Fresno - Garland,32.435,19.333266625,12.829449041666669,1010.0333333333333,0.0,18.75
2022-07-31,36.78538,-119.77321,6.9,0.056,38.0,Fresno - Garland,32.253750000000004,32.62542441666667,9.398273025,1011.2291666666666,0.0,48.916666666666664
2022-08-01,36.78538,-119.77321,6.9,0.056,38.0,Fresno - Garland,32.253750000000004,32.62542441666667,9.398273025,1011.2291666666666,0.0,48.916666666666664
2022-08-02,36.78538,-119.77321,6.9,0.056,38.0,Fresno - Garland,32.253750000000004,32.62542441666667,9.398273025,1011.2291666666666,0.0,48.916666666666664
2022-08-03,36.78538,-119.77321,8.1,0.053,45.0,Fresno - Garland,33.07875,28.165069791666667,14.301641291666668,1011.1583333333333,0.0,15.291666666666666
2022-08-04,36.78538,-119.77321,8.1,0.053,45.0,Fresno - Garland,33.07875,28.165069791666667,14.301641291666668,1011.1583333333333,0.0,15.291666666666666
2022-08-05,36.78538,-119.77321,8.1,0.053,45.0,Fresno - Garland,33.07875,28.165069791666667,14.301641291666668,1011.1583333333333,0.0,15.291666666666666
2022-08-06,36.78538,-119.77321,6.7,0.056,37.0,Fresno - Garland,27.94125,47.96391345833334,10.428859595833334,1012.6416666666668,0.0,41.625
2022-08-07,36.78538,-119.77321,7.4,0.052,41.0,Fresno - Garland,28.989166666666666,35.54796866666667,13.176961499999999,1012.4958333333334,0.0,0.0
2022-08-08,36.78538,-119.77321,5.9,0.051,33.0,Fresno - Garland,29.170416666666668,32.310452833333336,14.664846291666665,1012.6750000000001,0.0,13.666666666666666
2022-08-09,36.78538,-119.77321,6.3,0.058,35.0,Fresno - Garland,29.57875,31.336842916666665,12.660185079166666,1011.7208333333333,0.0,20.25
2022-08-10,36.78538,-119.77321,8.0,0.052,44.0,Fresno - Garland,27.862083333333334,34.84920508333334,13.839035837499999,1014.1416666666668,0.0,1.3333333333333333
2022-08-11,36.78538,-119.77321,9.8,0.056,52.0,Fresno - Garland,29.3225,31.451881583333332,10.45158735,1014.6583333333333,0.0,0.0
2022-08-12,36.78538,-119.77321,11.4,0.058,55.0,Fresno - Garland,29.47666666666667,27.63611627083333,12.877522608333335,1013.3708333333334,0.0,0.8333333333333334
2022-08-13,36.78538,-119.77321,6.7,0.058,37.0,Fresno - Garland,29.730833333333333,23.6471615,12.134505708333334,1013.2125,0.0,0.0
2022-08-14,36.78538,-119.77321,8.8,0.062,49.0,Fresno - Garland,30.089166666666667,20.31925077083333,11.456012604166666,1012.3458333333333,0.0,0.0
2022-08-15,36.78538,-119.77321,13.4,0.071,59.0,Fresno - Garland,31.137083333333333,19.277917041666665,9.811884879166668,1009.3874999999999,0.0,0.0
2022-08-16,36.78538,-119.77321,15.5,0.083,63.0,Fresno - Garland,32.503750000000004,16.885239720833333,7.498622745833333,1007.2375000000001,0.0,0.041666666666666664
2022-08-17,36.78538,-119.77321,22.2,0.069,75.0,Fresno - Garland,34.57875,13.877888108333332,7.996592220833333,1007.725,0.0,32.041666666666664
2022-08-18,36.78538,-119.77321,18.7,0.069,69.0,Fresno - Garland,33.60166666666667,20.101240583333333,10.526440595833334,1009.6958333333333,0.0,2.2083333333333335
2022-08-19,36.78538,-119.77321,15.0,0.067,62.0,Fresno - Garland,33.02041666666667,20.736809354166667,13.143612270833332,1008.3916666666668,0.0,0.0
2022-08-20,36.78538,-119.77321,13.9,0.065,60.0,Fresno - Garland,32.51,21.007109958333334,8.865198525,1006.0708333333333,0.0,0.0
2022-08-21,36.78538,-119.77321,14.8,0.066,62.0,Fresno - Garland,32.48708333333333,23.06447025,7.9142894791666665,1009.7916666666666,0.0,0.0
2022-08-22,36.78538,-119.77321,9.7,0.052,52.0,Fresno - Garland,30.85166666666667,28.707106166666666,12.605052375,1013.225,0.0,0.0
2022-08-23,36.78538,-119.77321,11.5,0.053,55.0,Fresno - Garland,31.032916666666665,33.73798754166666,10.875579716666666,1009.6583333333333,0.0,0.0
2022-08-24,36.78538,-119.77321,15.3,0.066,63.0,Fresno - Garland,32.49125,26.671665208333334,6.848697145833333,1006.4791666666666,0.0,0.0
2022-08-25,36.78538,-119.77321,13.8,0.063,60.0,Fresno - Garland,32.059999999999995,24.758618666666667,8.364894433333333,1009.6958333333333,0.0,0.0
2022-08-26,36.78538,-119.77321,13.3,0.062,59.0,Fresno - Garland,30.616249999999997,29.795708916666666,10.130757983333334,1011.4541666666668,0.0,0.0
2022-08-27,36.78538,-119.77321,14.0,0.061,60.0,Fresno - Garland,30.89333333333333,27.161899916666666,8.850886058333334,1008.2291666666666,0.0,0.0
2022-08-28,36.78538,-119.77321,14.9,0.055,62.0,Fresno - Garland,29.024583333333336,33.54068304166667,11.274191683333333,1006.7916666666666,0.0,0.0
2022-08-29,36.78538,-119.77321,20.8,0.056,73.0,Fresno - Garland,29.339166666666667,29.551699416666665,9.350011604166667,1008.475,0.0,0.0
2022-08-30,36.78538,-119.77321,11.2,0.062,55.0,Fresno - Garland,30.607916666666668,27.344303083333333,8.622317133333334,1011.4166666666666,0.0,0.0
2022-08-31,36.78538,-119.77321,18.3,0.066,68.0,Fresno - Garland,30.714166666666667,29.13994435416667,9.380672708333334,1012.025,0.0,0.0
2022-09-01,36.78538,-119.77321,19.5,0.071,70.0,Fresno - Garland,31.785,21.214804458333333,8.898580566666666,1009.6999999999999,0.0,0.0
2022-09-02,36.78538,-119.77321,18.1,0.077,68.0,Fresno - Garland,34.01625,19.21564079166667,9.100487175,1007.1583333333333,0.0,0.0
2022-09-03,36.78538,-119.77321,13.6,0.073,59.0,Fresno - Garland,34.13916666666667,13.940117479166666,15.139866374999999,1009.4,0.0,0.16666666666666666
2022-09-04,36.78538,-119.77321,12.4,0.067,57.0,Fresno - Garland,33.566250000000004,17.795683291666666,7.836546683333334,1010.3333333333334,0.0,0.20833333333333334
2022-09-05,36.78538,-119.77321,16.0,0.071,64.0,Fresno - Garland,34.8975,16.777472687499998,6.9210678125,1007.3166666666666,0.0,3.0416666666666665
2022-09-06,36.78538,-119.77321,21.9,0.072,75.0,Fresno - Garland,36.17458333333334,15.543440420833333,7.249401429166666,1006.3583333333332,0.0,0.041666666666666664
2022-09-07,36.78538,-119.77321,16.8,0.065,65.0,Fresno - Garland,36.74333333333333,16.634348754166666,8.136051591666666,1009.5749999999999,0.0,0.08333333333333333
2022-09-08,36.78538,-119.77321,15.1,0.08,62.0,Fresno - Garland,35.67458333333333,14.95270625,10.086969065833333,1008.0500000000001,0.0,0.25
2022-09-09,36.78538,-119.77321,20.9,0.071,73.0,Fresno - Garland,34.78916666666667,18.7028416875,5.746924562499999,1000.25,0.0,1.3333333333333333
2022-09-10,36.78538,-119.77321,18.3,0.05,68.0,Fresno - Garland,34.8225,24.197573000000002,10.001978866666667,1003.7833333333333,0.0,89.20833333333333
2022-09-11,36.78538,-119.77321,14.4,0.053,61.0,Fresno - Garland,30.264166666666668,37.28710983333333,11.306731050000002,1012.85,0.0,42.875
2022-09-12,36.78538,-119.77321,10.8,0.059,54.0,Fresno - Garland,30.043333333333333,28.549489124999997,11.611043383333334,1012.5333333333333,0.0,24.041666666666668
2022-09-13,36.78538,-119.77321,11.2,0.044,55.0,Fresno - Garland,27.9225,30.64057095833333,14.803768583333335,1009.5500000000001,0.0,14.75
2022-09-14,36.78538,-119.77321,12.3,0.046,57.0,Fresno - Garland,23.212083333333336,43.73899604166667,13.772611312499999,1010.8666666666667,0.0,4.541666666666667
2022-09-15,36.78538,-119.77321,14.4,0.049,61.0,Fresno - Garland,22.64125,48.07143341666667,12.8419324375,1013.5333333333333,0.0,0.0
2022-09-16,36.78538,-119.77321,14.2,0.05,61.0,Fresno - Garland,22.397499999999997,48.37944366666667,11.92645565,1013.7791666666667,0.0,0.125
2022-09-17,36.78538,-119.77321,10.0,0.054,53.0,Fresno - Garland,23.220416666666665,44.976893499999996,8.175069979166667,1009.1416666666668,0.0,0.0
2022-09-18,36.78538,-119.77321,7.2,0.034,40.0,Fresno - Garland,22.126666666666665,45.458958875,13.852465375,1005.8541666666666,0.0,50.166666666666664
2022-09-19,36.78538,-119.77321,4.3,0.028,24.0,Fresno - Garland,19.50375,71.38942945833334,7.128931020833334,1009.2458333333334,0.24166666666666667,94.70833333333333
2022-09-20,36.78538,-119.77321,3.8,0.038,21.0,Fresno - Garland,19.337083333333336,80.613951875,4.6389951541666665,1011.9166666666666,0.8708333333333332,68.29166666666667
2022-09-21,36.78538,-119.77321,7.6,0.047,42.0,Fresno - Garland,20.305833333333336,63.897828,5.997581645833333,1012.7541666666666,0.0,20.458333333333332
2022-09-22,36.78538,-119.77321,5.4,0.049,30.0,Fresno - Garland,20.028749958333332,62.556806916666666,11.147645395833335,1015.5,0.0,1.0
2022-09-23,36.78538,-119.77321,8.5,0.064,47.0,Fresno - Garland,20.77875,62.45469608333334,7.239514570833333,1014.1458333333334,0.0,0.0
2022-09-24,36.78538,-119.77321,12.5,0.073,57.0,Fresno - Garland,23.309999958333332,55.72097175,5.902202629166666,1014.3249999999999,0.0,0.0
2022-09-25,36.78538,-119.77321,10.2,0.065,53.0,Fresno - Garland,24.676666666666666,52.779027250000006,7.355071445833333,1014.6833333333334,0.0,0.041666666666666664
2022-09-26,36.78538,-119.77321,9.7,0.068,52.0,Fresno - Garland,25.339166666666667,53.383026916666665,7.760479570833334,1012.5875,0.0,0.125
2022-09-27,36.78538,-119.77321,10.1,0.067,53.0,Fresno - Garland,25.082916666666666,48.615080791666664,10.070873895833333,1012.1041666666666,0.0,0.9583333333333334
2022-09-28,36.78538,-119.77321,9.9,0.06,52.0,Fresno - Garland,23.705833291666668,46.639728625000004,8.9249786125,1013.6416666666668,0.0,2.0416666666666665
2022-09-29,36.78538,-119.77321,5.3,0.047,29.0,Fresno - Garland,23.893333333333334,48.544369375,11.250310687499999,1014.9583333333334,0.0,41.625
2022-09-30,36.78538,-119.77321,8.9,0.057,49.0,Fresno - Garland,23.435000000000002,51.20955333333333,7.625130329166667,1010.9125,0.0,0.0
2022-10-01,36.78538,-119.77321,9.4,0.066,52.0,Fresno - Garland,23.251666666666665,46.07787258333334,7.585566841666666,1007.8166666666666,0.0,0.0
2022-10-02,36.78538,-119.77321,8.9,0.05,49.0,Fresno - Garland,22.51625,55.206968625,10.739032770833333,1010.9291666666667,0.0,12.375
2022-10-03,36.78538,-119.77321,9.8,0.052,52.0,Fresno - Garland,22.362083291666668,54.169169833333335,9.0451275,1014.35,0.0,0.0
2022-10-04,36.78538,-119.77321,12.8,0.064,58.0,Fresno - Garland,22.79125,51.92536983333333,7.600294395833334,1014.4,0.0,0.0
2022-10-05,36.78538,-119.77321,13.7,0.063,60.0,Fresno - Garland,23.362083333333334,49.943969208333336,6.6605084916666675,1014.025,0.0,0.0
2022-10-06,36.78538,-119.77321,14.4,0.062,61.0,Fresno - Garland,25.176666666666666,40.916378083333335,5.974482491666667,1014.8416666666667,0.0,0.0
2022-10-07,36.78538,-119.77321,15.0,0.066,62.0,Fresno - Garland,24.85375,38.706881333333335,7.1857927875,1015.8000000000001,0.0,0.0
2022-10-08,36.78538,-119.77321,14.0,0.065,60.0,Fresno - Garland,25.220416666666665,36.08697241666667,7.1487710416666665,1015.7416666666667,0.0,0.0
2022-10-09,36.78538,-119.77321,14.0,0.068,60.0,Fresno - Garland,24.997500000000002,38.39285591666667,6.9362831,1014.7083333333334,0.0,0.0
2022-10-10,36.78538,-119.77321,10.9,0.064,54.0,Fresno - Garland,24.730833333333333,40.5696965,8.110520129166668,1013.3833333333333,0.0,0.8333333333333334
2022-10-11,36.78538,-119.77321,9.7,0.058,52.0,Fresno - Garland,24.651666666666667,35.334548500000004,7.419376666666667,1012.1541666666667,0.0,0.5416666666666666
2022-10-12,36.78538,-119.77321,9.7,0.058,52.0,Fresno - Garland,24.651666666666667,35.334548500000004,7.419376666666667,1012.1541666666667,0.0,0.5416666666666666
2022-10-13,36.78538,-119.77321,9.7,0.058,52.0,Fresno - Garland,24.651666666666667,35.334548500000004,7.419376666666667,1012.1541666666667,0.0,0.5416666666666666
2022-10-14,36.78538,-119.77321,17.7,0.06,67.0,Fresno - Garland,22.72458333333333,48.100528708333336,6.861308524999999,1010.4375,0.0,0.041666666666666664
2022-10-15,36.78538,-119.77321,14.5,0.061,61.0,Fresno - Garland,23.093333291666667,48.98547129166667,7.4663119125,1008.3708333333334,0.0,0.0
2022-10-16,36.78538,-119.77321,10.7,0.044,54.0,Fresno - Garland,20.50375,59.21941129166667,11.5229876875,1013.3041666666667,0.0,0.0
2022-10-17,36.78538,-119.77321,10.2,0.05,53.0,Fresno - Garland,19.484999916666666,60.972378375,7.6568525875,1017.2416666666667,0.0,1.8333333333333333
2022-10-18,36.78538,-119.77321,10.2,0.05,53.0,Fresno - Garland,19.484999916666666,60.972378375,7.6568525875,1017.2416666666667,0.0,1.8333333333333333
2022-10-19,36.78538,-119.77321,10.2,0.05,53.0,Fresno - Garland,19.484999916666666,60.972378375,7.6568525875,1017.2416666666667,0.0,1.8333333333333333
2022-10-20,36.78538,-119.77321,15.1,0.064,62.0,Fresno - Garland,22.82875,38.95643770833333,5.614148958333334,1014.5124999999999,0.0,68.08333333333333
2022-10-21,36.78538,-119.77321,15.1,0.064,62.0,Fresno - Garland,22.82875,38.95643770833333,5.614148958333334,1014.5124999999999,0.0,68.08333333333333
2022-10-22,36.78538,-119.77321,5.3,0.034,29.0,Fresno - Garland,20.293333333333333,47.70852420833333,11.558451570833334,1007.5958333333333,0.004166666666666667,44.625
2022-10-23,36.78538,-119.77321,4.5,0.035,25.0,Fresno - Garland,16.35583325,43.80648208333333,14.220368208333333,1009.6916666666666,0.0,7.0
2022-10-24,36.78538,-119.77321,6.7,0.033,37.0,Fresno - Garland,14.7329164375,34.89456175,7.169899195833334,1019.1958333333333,0.0,0.0
2022-10-25,36.78538,-119.77321,6.3,0.044,35.0,Fresno - Garland,15.814166624999999,34.880219708333335,5.1571857375,1020.6999999999999,0.0,20.208333333333332
2022-10-26,36.78538,-119.77321,5.7,0.038,32.0,Fresno - Garland,15.822499875,52.236693958333326,10.538587608333334,1016.5958333333333,0.0,11.291666666666666
2022-10-27,36.78538,-119.77321,14.1,0.036,60.0,Fresno - Garland,14.587083125,42.15266595833334,6.325658524166666,1016.5333333333333,0.0,9.0
2022-10-28,36.78538,-119.77321,6.9,0.045,38.0,Fresno - Garland,15.637083124999998,39.861883,4.265675225,1019.0458333333332,0.0,20.708333333333332
2022-10-29,36.78538,-119.77321,14.3,0.043,61.0,Fresno - Garland,16.19958325,44.46979120833333,8.596189129166666,1021.4958333333334,0.0,22.25
2022-10-30,36.78538,-119.77321,19.1,0.057,70.0,Fresno - Garland,15.803749916666668,45.87070395833334,5.727525719583333,1019.8541666666666,0.0,21.083333333333332
2022-10-31,36.78538,-119.77321,20.5,0.044,72.0,Fresno - Garland,15.859999875,46.84397825,5.375623625,1015.0333333333333,0.0,61.583333333333336
2022-11-01,36.78538,-119.77321,11.2,0.035,55.0,Fresno - Garland,16.137083291666666,48.55023504166667,7.639548433333334,1010.1333333333333,0.004166666666666667,80.91666666666667
2022-11-02,36.78538,-119.77321,2.4,0.035,13.0,Fresno - Garland,11.6120832,72.531390375,10.3982020375,1017.2458333333334,0.1875,62.416666666666664
2022-11-03,36.78538,-119.77321,5.7,0.03,32.0,Fresno - Garland,9.453749825000001,76.08758058333333,9.0411025125,1019.5916666666667,0.07083333333333335,31.541666666666668
2022-11-04,36.78538,-119.77321,13.9,0.029,60.0,Fresno - Garland,9.234999883333334,62.40480304166667,6.0850649375,1026.2833333333333,0.0,67.54166666666667
2022-11-05,36.78538,-119.77321,15.2,0.033,62.0,Fresno - Garland,10.2204165,62.20425254166667,5.7840533375000005,1023.3583333333332,0.0,82.125
2022-11-06,36.78538,-119.77321,9.7,0.034,52.0,Fresno - Garland,13.39333325,65.54993529166667,6.884473458333333,1014.6458333333334,0.004166666666666667,82.5
2022-11-07,36.78538,-119.77321,4.7,0.031,26.0,Fresno - Garland,13.122499750000001,85.27368370833334,6.9219516125,1011.625,0.6583333333333333,100.0
2022-11-08,36.78538,-119.77321,1.2,0.025,7.0,Fresno - Garland,10.520416583333335,82.15439854166667,15.078299337499999,1008.3666666666667,0.23750000000000002,79.625
2022-11-09,36.78538,-119.77321,2.9,0.032,16.0,Fresno - Garland,8.982916533333333,80.76862125,9.426476858333332,1014.1999999999999,0.8958333333333334,68.5
2022-11-10,36.78538,-119.77321,10.4,0.02,53.0,Fresno - Garland,8.037083304166666,77.45830170833334,7.532190391666667,1023.8541666666666,0.0,2.6666666666666665
2022-11-11,36.78538,-119.77321,21.3,0.023,74.0,Fresno - Garland,8.172499875,75.30354545833333,5.3011887875,1021.9166666666666,0.0,73.04166666666667
2022-11-12,36.78538,-119.77321,19.5,0.033,70.0,Fresno - Garland,9.7308331125,70.74692070833333,4.9837435625,1019.2541666666666,0.0,23.791666666666668
2022-11-13,36.78538,-119.77321,24.0,0.02,79.0,Fresno - Garland,9.087083162499999,79.97168733333334,10.158027504166666,1019.1666666666666,0.0,15.75
2022-11-14,36.78538,-119.77321,20.8,0.03,73.0,Fresno - Garland,8.070416570833332,70.89380954166667,5.028092875,1021.3625000000001,0.0,16.541666666666668
2022-11-15,36.78538,-119.77321,18.2,0.024,68.0,Fresno - Garland,8.5245832625,75.32357441666666,7.746233975,1021.3791666666666,0.0,4.458333333333333
2022-11-16,36.78538,-119.77321,22.9,0.037,77.0,Fresno - Garland,9.9245832375,66.804357375,4.251804790416666,1026.6541666666667,0.0,0.0
2022-11-17,36.78538,-119.77321,22.9,0.037,77.0,Fresno - Garland,9.9245832375,66.804357375,4.251804790416666,1026.6541666666667,0.0,0.0
2022-11-18,36.78538,-119.77321,28.7,0.025,88.0,Fresno - Garland,8.780833170833333,77.73986520833334,6.497260075,1019.7624999999999,0.0,34.916666666666664
2022-11-19,36.78538,-119.77321,43.4,0.029,120.0,Fresno - Garland,8.6079165875,75.46303358333334,4.438740112500001,1020.2083333333334,0.0,5.958333333333333
2022-11-20,36.78538,-119.77321,31.0,0.037,92.0,Fresno - Garland,9.232916525,65.527711625,4.354107565416666,1023.9541666666668,0.0,1.5
2022-11-21,36.78538,-119.77321,29.8,0.026,90.0,Fresno - Garland,7.839166612500001,73.49629275,4.710012494583333,1023.1541666666667,0.0,55.208333333333336
2022-11-22,36.78538,-119.77321,33.4,0.032,96.0,Fresno - Garland,8.343333222916668,70.716229125,5.2763223,1021.8125,0.0,38.666666666666664
2022-11-23,36.78538,-119.77321,43.1,0.031,120.0,Fresno - Garland,8.834999933333334,70.26295858333333,4.82637166125,1021.5416666666666,0.0,76.45833333333333
2022-11-24,36.78538,-119.77321,49.7,0.044,136.0,Fresno - Garland,9.701666620833334,66.37398483333332,5.6846364,1022.4083333333333,0.0,10.541666666666666
2022-11-25,36.78538,-119.77321,53.5,0.037,145.0,Fresno - Garland,12.039166620833333,52.18131279166667,3.3132245033333336,1025.3,0.0,26.958333333333332
2022-11-26,36.78538,-119.77321,43.7,0.035,121.0,Fresno - Garland,10.814166625,54.403299000000004,3.7702482404166666,1022.6999999999999,0.0,24.375
2022-11-27,36.78538,-119.77321,44.8,0.039,124.0,Fresno - Garland,9.287083216666668,66.01073345833333,5.817651320833334,1019.9,0.0,28.208333333333332
2022-11-28,36.78538,-119.77321,27.9,0.034,86.0,Fresno - Garland,9.707916466666665,66.635871,6.682623270833333,1015.4208333333332,0.0,66.25
2022-11-29,36.78538,-119.77321,10.8,0.027,54.0,Fresno - Garland,8.093333154166666,73.46825566666666,8.494855091666667,1015.2125,0.0,11.541666666666666
2022-11-30,36.78538,-119.77321,10.8,0.027,54.0,Fresno - Garland,8.093333154166666,73.46825566666666,8.494855091666667,1015.2125,0.0,11.541666666666666
2022-12-01,36.78538,-119.77321,8.1,0.028,45.0,Fresno - Garland,9.003749816666668,72.33710045833334,12.714479858333334,1013.9583333333334,0.2708333333333333,75.58333333333333
2022-12-02,36.78538,-119.77321,7.5,0.026,42.0,Fresno - Garland,7.337083150000001,82.873483875,10.202975316666667,1018.6208333333334,0.47500000000000003,44.0
2022-12-03,36.78538,-119.77321,11.0,0.021,55.0,Fresno - Garland,8.6516665375,88.230096875,7.8638900949999995,1018.9166666666666,0.7291666666666666,99.75
2022-12-04,36.78538,-119.77321,2.3,0.029,13.0,Fresno - Garland,13.593333208333334,86.38961833333333,10.277871733333333,1016.8958333333334,1.2291666666666667,90.16666666666667
2022-12-05,36.78538,-119.77321,6.5,0.032,36.0,Fresno - Garland,10.759999791666667,81.68109279166667,6.948488825000001,1017.9166666666666,0.004166666666666667,78.625
2022-12-06,36.78538,-119.77321,9.1,0.021,51.0,Fresno - Garland,9.180833191666666,76.213184,5.8876215145833335,1016.8666666666667,0.0,24.916666666666668
2022-12-07,36.78538,-119.77321,19.6,0.02,71.0,Fresno - Garland,8.1933331875,89.16816804166666,5.47360745,1020.9041666666667,0.004166666666666667,69.04166666666667
2022-12-08,36.78538,-119.77321,20.3,0.021,72.0,Fresno - Garland,7.3349998916666665,86.61465112500001,4.602193829166667,1025.9916666666666,0.0,55.0
2022-12-09,36.78538,-119.77321,13.5,0.027,59.0,Fresno - Garland,8.547499833333333,74.94311520833334,7.183299379166667,1023.475,0.0,73.75
2022-12-10,36.78538,-119.77321,3.9,0.031,22.0,Fresno - Garland,9.645416445833334,71.84289529166666,16.612026483333334,1016.8708333333334,0.2041666666666667,92.0
2022-12-11,36.78538,-119.77321,1.9,0.035,11.0,Fresno - Garland,10.764166283333333,81.42861341666666,16.1864104,1009.475,1.0541666666666667,69.41666666666667
2022-12-12,36.78538,-119.77321,4.5,0.032,25.0,Fresno - Garland,7.6849999625,75.34944545833334,13.065357629166668,1011.9041666666667,0.22083333333333333,75.08333333333333
2022-12-13,36.78538,-119.77321,14.4,0.02,61.0,Fresno - Garland,5.097499941666666,84.002315125,6.6549206125,1017.9291666666667,0.0,20.0
2022-12-14,36.78538,-119.77321,27.7,0.022,86.0,Fresno - Garland,5.014166570833333,85.72921616666667,4.5539314541666664,1023.1833333333334,0.0,40.958333333333336
2022-12-15,36.78538,-119.77321,30.8,0.014,91.0,Fresno - Garland,5.274583304166667,88.33314458333332,4.453704725000001,1023.1750000000001,0.0,79.08333333333333
2022-12-16,36.78538,-119.77321,33.1,0.021,96.0,Fresno - Garland,4.9308332625,91.27308408333333,3.6697095333333336,1022.5458333333332,0.0,72.5
2022-12-17,36.78538,-119.77321,37.5,0.015,106.0,Fresno - Garland,4.391249868333333,87.513884125,3.3189457333333334,1020.9250000000001,0.0,53.625
2022-12-18,36.78538,-119.77321,25.8,0.012,82.0,Fresno - Garland,4.01208329375,90.478006875,4.149903370833333,1017.9499999999999,0.0,58.041666666666664
2022-12-19,36.78538,-119.77321,27.9,0.015,86.0,Fresno - Garland,3.3912499845833337,86.65518300000001,4.2783865,1023.3333333333334,0.0,67.20833333333333
2022-12-20,36.78538,-119.77321,32.6,0.007,95.0,Fresno - Garland,5.143333262666666,78.58257675,4.018094425,1027.3458333333333,0.0,73.125
2022-12-21,36.78538,-119.77321,32.6,0.007,95.0,Fresno - Garland,5.143333262666666,78.58257675,4.018094425,1027.3458333333333,0.0,73.125
2022-12-22,36.78538,-119.77321,26.9,0.012,84.0,Fresno - Garland,4.309999933333334,89.06522529166666,4.422071745833333,1023.0958333333333,0.0,93.33333333333333
2022-12-23,36.78538,-119.77321,33.1,0.004,96.0,Fresno - Garland,5.8224999749999995,85.3174615,4.476265658333333,1023.2875,0.0,81.83333333333333
2022-12-24,36.78538,-119.77321,30.0,0.005,90.0,Fresno - Garland,5.409999929166666,91.50537725,5.128074020833333,1028.1625000000001,0.0,63.083333333333336
2022-12-25,36.78538,-119.77321,23.6,0.01,78.0,Fresno - Garland,5.826666608333333,91.22019341666667,4.2934301875,1027.9416666666666,0.0,99.83333333333333
2022-12-26,36.78538,-119.77321,16.4,0.005,65.0,Fresno - Garland,5.705833233333333,90.694686875,6.153637620833333,1022.7333333333332,0.0,92.625
2022-12-27,36.78538,-119.77321,8.2,0.03,46.0,Fresno - Garland,9.655832916666666,87.29566899999999,10.360983133333333,1016.8166666666666,1.0291666666666666,100.0
2022-12-28,36.78538,-119.77321,9.0,0.026,50.0,Fresno - Garland,9.507916470833333,89.53908816666666,8.045786633333334,1014.1916666666666,0.23750000000000002,59.75
2022-12-29,36.78538,-119.77321,7.6,0.025,42.0,Fresno - Garland,8.399583250000001,88.16832245833332,7.7715693375,1015.0916666666667,0.35833333333333334,99.91666666666667
2022-12-30,36.78538,-119.77321,4.3,0.021,24.0,Fresno - Garland,10.178749791666666,91.689019625,10.55616295,1017.2708333333334,0.30833333333333335,100.0
2022-12-31,36.78538,-119.77321,4.3,0.021,24.0,Fresno - Garland,10.178749791666666,91.689019625,10.55616295,1017.2708333333334,0.30833333333333335,100.0
2023-01-01,36.78538,-119.77321,4.5,0.028,25.0,Fresno - Garland,10.849583125,82.67083891666667,18.8538545,1006.4250000000001,0.7166666666666667,74.375
2023-01-02,36.78538,-119.77321,8.8,0.027,49.0,Fresno - Garland,6.626666654166667,80.04389620833334,7.3131284249999995,1013.1458333333334,0.0,61.083333333333336
2023-01-03,36.78538,-119.77321,4.5,0.03,25.0,Fresno - Garland,9.314166587499999,76.29388675,10.97317065,1014.9499999999999,0.22083333333333333,93.29166666666667
2023-01-04,36.78538,-119.77321,4.2,0.036,23.0,Fresno - Garland,9.905833166666666,71.09519683333333,12.090123108333332,1015.1166666666667,0.04583333333333334,94.66666666666667
2023-01-05,36.78538,-119.77321,2.7,0.034,15.0,Fresno - Garland,13.147499958333334,80.12675316666666,21.678252666666666,1011.6916666666666,0.9916666666666667,99.66666666666667
2023-01-06,36.78538,-119.77321,6.8,0.03,38.0,Fresno - Garland,8.403749795833333,89.58527008333333,6.286137008333333,1023.6166666666667,0.15833333333333335,59.208333333333336
2023-01-07,36.78538,-119.77321,5.2,0.029,29.0,Fresno - Garland,8.703749816666667,78.59863175,9.278999829166667,1021.75,0.0,96.29166666666667
2023-01-08,36.78538,-119.77321,1.7,0.033,9.0,Fresno - Garland,11.78708325,66.530738375,14.133199895833334,1018.5833333333334,1.0958333333333334,97.33333333333333
2023-01-09,36.78538,-119.77321,1.9,0.028,11.0,Fresno - Garland,12.903749791666668,82.91774475,17.681170650000002,1013.875,1.7708333333333333,100.0
2023-01-10,36.78538,-119.77321,1.9,0.028,11.0,Fresno - Garland,12.903749791666668,82.91774475,17.681170650000002,1013.875,1.7708333333333333,100.0
2023-01-11,36.78538,-119.77321,4.4,0.026,24.0,Fresno - Garland,8.278749779166667,80.79016125,11.399236520833334,1021.0208333333334,0.02916666666666667,82.45833333333333
2023-01-12,36.78538,-119.77321,4.4,0.026,24.0,Fresno - Garland,8.278749779166667,80.79016125,11.399236520833334,1021.0208333333334,0.02916666666666667,82.45833333333333
2023-01-13,36.78538,-119.77321,4.5,0.03,25.0,Fresno - Garland,11.145416404166667,74.93243895833332,9.620928766666667,1019.1291666666666,0.09166666666666667,100.0
2023-01-14,36.78538,-119.77321,2.2,0.033,12.0,Fresno - Garland,11.472499791666666,85.018592875,13.9586008125,1013.7583333333333,1.2166666666666666,98.04166666666667
2023-01-15,36.78538,-119.77321,2.0,0.035,11.0,Fresno - Garland,9.2954163875,87.823789625,10.676389841666667,1008.3666666666667,0.30833333333333335,89.79166666666667
2023-01-16,36.78538,-119.77321,1.9,0.035,11.0,Fresno - Garland,8.693333125,82.21919233333334,19.568746649999998,1003.1999999999999,0.8624999999999999,98.41666666666667
2023-01-17,36.78538,-119.77321,12.0,0.025,56.0,Fresno - Garland,7.241249933333333,89.16940304166667,5.288930858333333,1012.9916666666667,0.3541666666666667,89.125
2023-01-18,36.78538,-119.77321,12.0,0.025,56.0,Fresno - Garland,7.241249933333333,89.16940304166667,5.288930858333333,1012.9916666666667,0.3541666666666667,89.125
2023-01-19,36.78538,-119.77321,8.8,0.028,49.0,Fresno - Garland,7.741249862499999,76.50703349999999,6.7254579083333335,1021.8375,0.1625,80.375
2023-01-20,36.78538,-119.77321,9.9,0.026,52.0,Fresno - Garland,5.932916458333334,82.78731016666667,7.655417441666667,1023.9208333333332,0.0,17.416666666666668
2023-01-21,36.78538,-119.77321,27.8,0.021,86.0,Fresno - Garland,5.060000004166667,88.15034820833334,5.0686855,1028.8541666666667,0.0,27.208333333333332
2023-01-22,36.78538,-119.77321,22.3,0.028,76.0,Fresno - Garland,5.305833291666667,87.968839125,7.339839745833333,1024.4583333333333,0.0,59.541666666666664
2023-01-23,36.78538,-119.77321,24.3,0.025,79.0,Fresno - Garland,4.512083200125,69.22830075,6.025550012499999,1019.2375000000001,0.0,47.458333333333336
2023-01-24,36.78538,-119.77321,22.7,0.026,76.0,Fresno - Garland,5.191249967,72.00463516666666,4.521331095,1026.1708333333333,0.0,0.0
2023-01-25,36.78538,-119.77321,27.8,0.027,86.0,Fresno - Garland,6.457916604166667,79.46093891666666,5.06599166,1028.375,0.0,0.2916666666666667
2023-01-26,36.78538,-119.77321,24.6,0.033,80.0,Fresno - Garland,7.128749858333333,77.80532279166667,4.3586162533333335,1029.2083333333333,0.0,2.375
2023-01-27,36.78538,-119.77321,21.4,0.035,74.0,Fresno - Garland,7.897499920833333,74.95454041666666,4.794272854166667,1026.4624999999999,0.0,0.0
2023-01-28,36.78538,-119.77321,36.2,0.036,103.0,Fresno - Garland,7.347499879166667,84.74951129166666,5.826798158333333,1016.8333333333334,0.0,24.208333333333332
2023-01-29,36.78538,-119.77321,21.3,0.024,74.0,Fresno - Garland,6.4204166208333335,84.97994949999999,6.159267183333333,1012.6833333333334,0.004166666666666667,41.541666666666664
2023-01-30,36.78538,-119.77321,7.2,0.024,40.0,Fresno - Garland,6.762083212499999,83.60377391666667,8.0987737375,1014.1958333333333,0.02916666666666667,46.916666666666664
2023-01-31,36.78538,-119.77321,7.2,0.024,40.0,Fresno - Garland,6.762083212499999,83.60377391666667,8.0987737375,1014.1958333333333,0.02916666666666667,46.916666666666664
2023-02-01,36.78538,-119.77321,17.3,0.025,66.0,Fresno - Garland,5.976666533333333,70.82659745833334,4.884802129166666,1023.0166666666668,0.0,5.666666666666667
2023-02-02,36.78538,-119.77321,4.2,0.023,23.0,Fresno - Garland,7.068333204583333,70.25729520833333,7.849541741666666,1024.6083333333333,0.0,52.666666666666664
2023-02-03,36.78538,-119.77321,9.5,0.03,52.0,Fresno - Garland,9.701666595833332,64.79304645833334,7.86688865,1024.3458333333333,0.0,97.29166666666667
2023-02-04,36.78538,-119.77321,13.9,0.034,60.0,Fresno - Garland,9.449583275,75.03510395833334,7.1343296125,1022.4791666666666,0.0,69.875
2023-02-05,36.78538,-119.77321,3.9,0.037,22.0,Fresno - Garland,11.532916533333333,80.55901645833333,8.4057392875,1021.3249999999999,0.8583333333333333,61.291666666666664
2023-02-06,36.78538,-119.77321,3.9,0.037,22.0,Fresno - Garland,11.532916533333333,80.55901645833333,8.4057392875,1021.3249999999999,0.8583333333333333,61.291666666666664
2023-02-07,36.78538,-119.77321,14.8,0.027,62.0,Fresno - Garland,5.4954165625,84.37663791666667,6.061645020833333,1028.2625,0.0,27.208333333333332
2023-02-08,36.78538,-119.77321,1.0,0.028,6.0,Fresno - Garland,7.751666545833333,86.92739337500001,5.342415144583334,1027.7041666666667,0.0,55.083333333333336
2023-02-09,36.78538,-119.77321,21.6,0.039,74.0,Fresno - Garland,8.887083270833333,81.15429620833334,4.837190841666667,1026.5,0.0,10.875
2023-02-10,36.78538,-119.77321,19.5,0.039,70.0,Fresno - Garland,10.087083179166667,81.84616212499999,6.6270718083333335,1022.9291666666667,0.0,43.458333333333336
2023-02-11,36.78538,-119.77321,3.4,0.038,19.0,Fresno - Garland,10.062083208333332,70.80944629166667,10.1426582,1016.2291666666666,0.0,47.375
2023-02-12,36.78538,-119.77321,10.1,0.03,53.0,Fresno - Garland,7.874583208333333,77.88793920833334,6.511683154166666,1014.125,0.024999999999999998,48.958333333333336
2023-02-13,36.78538,-119.77321,10.1,0.03,53.0,Fresno - Garland,7.874583208333333,77.88793920833334,6.511683154166666,1014.125,0.024999999999999998,48.958333333333336
2023-02-14,36.78538,-119.77321,4.0,0.036,22.0,Fresno - Garland,9.3579166125,60.781362333333334,17.677721391666665,1013.3416666666667,0.004166666666666667,63.875
2023-02-15,36.78538,-119.77321,4.0,0.036,22.0,Fresno - Garland,9.3579166125,60.781362333333334,17.677721391666665,1013.3416666666667,0.004166666666666667,63.875
2023-02-16,36.78538,-119.77321,9.1,0.029,51.0,Fresno - Garland,5.016249920833333,66.75731779166667,7.532529345833333,1025.8916666666667,0.0,42.375
2023-02-17,36.78538,-119.77321,12.5,0.034,57.0,Fresno - Garland,7.132916583433333,59.210527125,7.031030729166666,1020.9791666666666,0.0,99.54166666666667
2023-02-18,36.78538,-119.77321,17.3,0.035,66.0,Fresno - Garland,6.693333229166666,69.64817458333333,7.916200520833333,1018.5625,0.0,15.041666666666666
2023-02-19,36.78538,-119.77321,23.4,0.041,78.0,Fresno - Garland,8.824583174999999,74.330111,6.0061863833333335,1018.5541666666667,0.0,33.583333333333336
2023-02-20,36.78538,-119.77321,15.5,0.043,63.0,Fresno - Garland,9.851666637500001,66.15453000000001,5.7638947125,1020.25,0.0,41.583333333333336
2023-02-21,36.78538,-119.77321,10.4,0.042,53.0,Fresno - Garland,10.4183332125,70.576071,7.4623239125000005,1013.25,0.0,61.041666666666664
2023-02-22,36.78538,-119.77321,1.0,0.036,6.0,Fresno - Garland,6.843333275,58.17498774999999,14.440172579166665,1006.3791666666666,0.12083333333333335,40.458333333333336
2023-02-23,36.78538,-119.77321,3.2,0.034,18.0,Fresno - Garland,4.4329165875,75.67933091666667,11.477496862499999,1012.2208333333333,0.24583333333333335,63.875
2023-02-24,36.78538,-119.77321,0.7,0.037,4.0,Fresno - Garland,6.389166604166667,72.45973416666666,22.0623408875,1009.9541666666668,1.0958333333333334,75.83333333333333
2023-02-25,36.78538,-119.77321,5.6,0.033,31.0,Fresno - Garland,3.5454166395833333,93.79131870833334,5.517723383333333,1010.9583333333334,1.7916666666666667,100.0
2023-02-26,36.78538,-119.77321,12.1,0.033,57.0,Fresno - Garland,4.978749991666667,86.71296245833334,7.433801475,1017.2958333333332,0.09166666666666667,82.58333333333333
2023-02-27,36.78538,-119.77321,3.1,0.033,17.0,Fresno - Garland,8.524583220833334,73.81556966666666,15.966317445833333,1017.2708333333334,0.3541666666666667,97.625
2023-02-28,36.78538,-119.77321,3.0,0.032,17.0,Fresno - Garland,6.3120833,85.382227,10.915352949999999,1016.7041666666668,0.21666666666666667,86.83333333333333
2023-03-01,36.78538,-119.77321,1.9,0.035,11.0,Fresno - Garland,6.572499954166666,80.171685375,17.541344541666668,1008.8916666666668,0.4666666666666666,65.83333333333333
2023-03-02,36.78538,-119.77321,7.6,0.036,42.0,Fresno - Garland,5.2120832375,69.59047375,9.582067208333333,1018.2583333333333,0.0,43.125
2023-03-03,36.78538,-119.77321,12.5,0.041,57.0,Fresno - Garland,7.053749908333334,72.60308479166666,5.080453779166667,1018.9708333333333,0.0,12.083333333333334
2023-03-04,36.78538,-119.77321,11.2,0.035,55.0,Fresno - Garland,8.470416541666667,74.62677995833333,8.101013704166666,1013.4958333333334,0.016666666666666666,87.91666666666667
2023-03-05,36.78538,-119.77321,4.1,0.034,23.0,Fresno - Garland,8.212083175,79.637666875,11.009788033333335,1015.1708333333332,0.42500000000000004,81.95833333333333
2023-03-06,36.78538,-119.77321,3.3,0.042,18.0,Fresno - Garland,7.749583304166666,78.90781795833333,4.297206090833334,1020.4583333333334,0.19583333333333333,69.16666666666667
2023-03-07,36.78538,-119.77321,3.7,0.039,21.0,Fresno - Garland,7.747499958333333,69.43005825,8.014700187499999,1021.75,0.0,31.416666666666668
2023-03-08,36.78538,-119.77321,4.7,0.039,26.0,Fresno - Garland,7.189166591666667,72.07188833333333,7.256879508333333,1021.1750000000001,0.004166666666666667,15.875
2023-03-09,36.78538,-119.77321,6.8,0.034,38.0,Fresno - Garland,7.534999804166667,73.96157704166667,8.09592025,1020.0041666666666,0.020833333333333332,64.5
2023-03-10,36.78538,-119.77321,1.4,0.02,8.0,Fresno - Garland,12.51624975,86.96826112500001,17.752548125,1012.3874999999999,1.4875,99.83333333333333
2023-03-11,36.78538,-119.77321,2.2,0.028,12.0,Fresno - Garland,13.920416416666667,88.18704695833333,10.593554945833334,1013.9583333333334,1.3083333333333333,96.25
2023-03-12,36.78538,-119.77321,1.4,0.033,8.0,Fresno - Garland,13.368333291666666,84.79465595833334,11.2712903125,1018.6291666666666,1.5958333333333332,91.41666666666667
2023-03-13,36.78538,-119.77321,1.8,0.035,10.0,Fresno - Garland,13.272499945833333,81.54327183333334,8.647617412499999,1019.475,0.525,70.625
2023-03-14,36.78538,-119.77321,2.0,0.025,11.0,Fresno - Garland,14.178749833333335,83.22494666666667,14.897208929166666,1013.2624999999999,0.46249999999999997,98.20833333333333
2023-03-15,36.78538,-119.77321,3.0,0.036,17.0,Fresno - Garland,12.853749916666667,82.532902875,15.323573208333334,1012.1958333333333,0.2041666666666667,59.875
2023-03-16,36.78538,-119.77321,6.3,0.039,35.0,Fresno - Garland,11.139166595833332,78.084938125,6.001636016666667,1016.7583333333333,0.0,33.041666666666664
2023-03-17,36.78538,-119.77321,7.5,0.041,42.0,Fresno - Garland,12.5474999,76.545731,3.883763091666667,1017.4333333333334,0.004166666666666667,42.916666666666664
2023-03-18,36.78538,-119.77321,9.7,0.045,52.0,Fresno - Garland,12.720416591666668,73.257790875,8.904466058333332,1017.5333333333333,0.0,69.66666666666667
2023-03-19,36.78538,-119.77321,3.9,0.039,22.0,Fresno - Garland,13.989166541666668,63.87359179166666,14.331768474999999,1012.8791666666666,0.4583333333333333,98.41666666666667
2023-03-20,36.78538,-119.77321,0.8,0.039,4.0,Fresno - Garland,13.091249708333335,80.92606254166667,8.544733958333333,1012.2958333333332,0.22916666666666666,78.375
2023-03-21,36.78538,-119.77321,1.2,0.043,7.0,Fresno - Garland,12.028749750000001,76.69793279166667,14.584062062500001,1003.2208333333333,0.6125,96.375
2023-03-22,36.78538,-119.77321,0.6,0.041,3.0,Fresno - Garland,9.232916591666667,79.509570625,20.668806625,1008.8291666666668,0.2833333333333333,89.0
2023-03-23,36.78538,-119.77321,2.8,0.037,16.0,Fresno - Garland,9.5099999125,84.02392962500001,10.052507441666668,1020.9416666666666,0.07916666666666666,53.5
2023-03-24,36.78538,-119.77321,2.6,0.043,14.0,Fresno - Garland,9.066249916666667,73.364533125,14.549170566666668,1026.9125000000001,0.004166666666666667,21.666666666666668
2023-03-25,36.78538,-119.77321,3.7,0.042,21.0,Fresno - Garland,8.528749854166668,62.210083375,15.248126999999998,1025.2749999999999,0.0,23.916666666666668
2023-03-26,36.78538,-119.77321,4.9,0.043,27.0,Fresno - Garland,8.309999783333334,60.66535770833334,15.857929708333332,1022.8541666666666,0.0,1.75
2023-03-27,36.78538,-119.77321,7.1,0.044,39.0,Fresno - Garland,8.059999958333334,65.83452120833333,7.667284725000001,1023.7291666666666,0.0,19.25
2023-03-28,36.78538,-119.77321,6.3,0.037,35.0,Fresno - Garland,10.630833270833334,62.30845595833333,12.744626125000002,1018.0416666666666,0.12083333333333333,68.5
2023-03-29,36.78538,-119.77321,1.4,0.041,8.0,Fresno - Garland,10.247499812500001,76.55764866666667,12.753847191666667,1012.1791666666667,0.7541666666666668,79.08333333333333
2023-03-30,36.78538,-119.77321,2.4,0.039,13.0,Fresno - Garland,8.684999908333333,78.18661616666667,8.449951658333333,1012.5124999999999,0.23750000000000002,94.375
2023-03-31,36.78538,-119.77321,4.8,0.045,27.0,Fresno - Garland,9.464166591666666,72.66609633333333,5.273416825,1021.2416666666667,0.0,9.083333333333334
2023-04-01,36.78538,-119.77321,5.3,0.042,29.0,Fresno - Garland,10.334999875,73.30256604166667,7.816301479166666,1022.9,0.0,10.291666666666666
2023-04-02,36.78538,-119.77321,2.8,0.038,16.0,Fresno - Garland,12.005833166666667,75.930818625,8.816996829166667,1020.0749999999999,0.0,18.125
2023-04-03,36.78538,-119.77321,1.0,0.04,6.0,Fresno - Garland,10.0870831375,59.96089058333333,22.775910645833335,1016.7125,0.0,24.166666666666668
2023-04-04,36.78538,-119.77321,2.3,0.041,13.0,Fresno - Garland,7.9683331875,59.04908070833333,16.22361875416667,1020.4625,0.0,6.083333333333333
2023-04-05,36.78538,-119.77321,4.8,0.042,27.0,Fresno - Garland,8.141249904166667,61.50839416666667,6.7907987625,1022.5875,0.0,45.583333333333336
2023-04-06,36.78538,-119.77321,7.8,0.048,43.0,Fresno - Garland,10.493333233333333,67.97898825,7.0658542875,1020.7083333333334,0.0,28.25
2023-04-07,36.78538,-119.77321,7.7,0.043,43.0,Fresno - Garland,13.941249833333332,60.867581666666666,5.531887691666667,1016.8791666666666,0.0,96.33333333333333
2023-04-08,36.78538,-119.77321,2.6,0.038,14.0,Fresno - Garland,14.37458325,72.02801175,6.143671191666667,1017.8333333333334,0.0,89.75
2023-04-09,36.78538,-119.77321,5.8,0.039,32.0,Fresno - Garland,15.182916624999999,71.23217604166668,7.4514025625,1020.3208333333333,0.0,25.041666666666668
2023-04-10,36.78538,-119.77321,10.5,0.061,54.0,Fresno - Garland,17.647499916666668,66.93570716666666,6.417402175,1017.7666666666668,0.0,0.0
2023-04-11,36.78538,-119.77321,2.0,0.033,11.0,Fresno - Garland,17.857916541666665,68.55161620833333,15.0909852,1016.4,0.0,40.875
2023-04-12,36.78538,-119.77321,5.9,0.049,33.0,Fresno - Garland,14.880833208333334,58.351407375,15.9804315,1013.6333333333333,0.0,31.958333333333332
2023-04-13,36.78538,-119.77321,3.2,0.047,18.0,Fresno - Garland,12.018333195833334,55.791199541666664,13.806664875000001,1010.1875,0.0,6.583333333333333
2023-04-14,36.78538,-119.77321,5.4,0.05,30.0,Fresno - Garland,12.282916633333334,58.117936875,7.355552295833333,1012.1,0.0,6.958333333333333
2023-04-15,36.78538,-119.77321,6.4,0.048,36.0,Fresno - Garland,14.187083241666668,63.137871958333335,6.774320629166667,1017.4416666666666,0.0,1.0416666666666667
2023-04-16,36.78538,-119.77321,5.7,0.044,32.0,Fresno - Garland,15.687083125000001,64.31807066666666,11.709215608333333,1018.6083333333332,0.0,6.5
2023-04-17,36.78538,-119.77321,4.5,0.047,25.0,Fresno - Garland,15.1641665,60.00771545833333,15.376131916666665,1015.9708333333333,0.0,48.375
2023-04-18,36.78538,-119.77321,3.6,0.045,20.0,Fresno - Garland,12.595416575,57.24973870833333,14.305620775,1015.9416666666666,0.0,51.833333333333336
2023-04-19,36.78538,-119.77321,3.1,0.049,17.0,Fresno - Garland,11.6349999125,47.811502999999995,17.016705791666666,1019.8000000000001,0.0,9.25
2023-04-20,36.78538,-119.77321,6.8,0.049,38.0,Fresno - Garland,12.751666583333334,51.791801041666666,9.8189341375,1023.9916666666667,0.0,11.625
2023-04-21,36.78538,-119.77321,10.2,0.053,53.0,Fresno - Garland,15.966249916666667,49.38897991666667,7.312833025,1024.0708333333334,0.0,9.541666666666666
2023-04-22,36.78538,-119.77321,9.8,0.053,52.0,Fresno - Garland,18.995416625,64.17893929166667,8.180914416666667,1016.3708333333334,0.0,52.833333333333336
2023-04-23,36.78538,-119.77321,1.7,0.039,9.0,Fresno - Garland,20.57875,54.477653374999996,12.401978583333333,1010.6166666666667,0.0,32.166666666666664
2023-04-24,36.78538,-119.77321,2.8,0.053,16.0,Fresno - Garland,19.57875,56.125368916666666,13.131323075,1012.0749999999999,0.0,38.083333333333336
2023-04-25,36.78538,-119.77321,7.5,0.056,42.0,Fresno - Garland,19.039166583333333,49.82895837499999,9.666418425,1012.2833333333333,0.0,42.166666666666664
2023-04-26,36.78538,-119.77321,11.4,0.065,55.0,Fresno - Garland,20.89958325,53.73306304166667,4.929264110416667,1013.2958333333332,0.0,2.5
2023-04-27,36.78538,-119.77321,12.2,0.074,57.0,Fresno - Garland,22.662083291666665,47.0046855,6.055048458333334,1012.475,0.0,6.083333333333333
2023-04-28,36.78538,-119.77321,13.2,0.073,59.0,Fresno - Garland,23.91208333333333,46.163862333333334,6.063220165833333,1011.5708333333333,0.0,4.375
2023-04-29,36.78538,-119.77321,11.8,0.07,56.0,Fresno - Garland,24.959999999999997,41.94570625,8.3429911625,1013.3249999999999,0.0,67.95833333333333
2023-04-30,36.78538,-119.77321,4.7,0.037,26.0,Fresno - Garland,23.897499999999997,36.352090374999996,15.985730854166667,1011.0375,0.0,89.70833333333333
2023-05-01,36.78538,-119.77321,3.0,0.038,17.0,Fresno - Garland,16.341249916666666,49.39315133333333,16.229421666666667,1009.2666666666668,0.0,20.833333333333332
2023-05-02,36.78538,-119.77321,1.2,0.037,7.0,Fresno - Garland,13.243332916666667,56.89385645833334,12.277703804166668,1009.7833333333333,0.06666666666666667,80.54166666666667
2023-05-03,36.78538,-119.77321,2.3,0.038,13.0,Fresno - Garland,13.4579166125,58.57410920833333,11.477790529166667,1010.7416666666667,0.016666666666666666,63.416666666666664
2023-05-04,36.78538,-119.77321,2.4,0.04,13.0,Fresno - Garland,13.426666416666668,62.605947333333326,6.516022958333333,1010.4375,0.09166666666666667,89.04166666666667
2023-05-05,36.78538,-119.77321,3.0,0.038,17.0,Fresno - Garland,14.043333208333332,68.12768683333333,5.346009558333333,1015.7375000000001,0.10833333333333334,69.625
2023-05-06,36.78538,-119.77321,2.7,0.039,15.0,Fresno - Garland,14.897499916666668,62.606358625000006,9.639060045833334,1017.9,0.0,83.04166666666667
2023-05-07,36.78538,-119.77321,2.4,0.039,13.0,Fresno - Garland,15.470416583333334,63.662330375,9.344527708333333,1018.525,0.0,48.375
2023-05-08,36.78538,-119.77321,2.1,0.041,12.0,Fresno - Garland,16.453749958333333,56.13277620833333,13.406427354166667,1017.4208333333332,0.0,5.458333333333333
2023-05-09,36.78538,-119.77321,4.5,0.042,25.0,Fresno - Garland,16.409999916666667,56.126483916666665,12.922199062499999,1015.2583333333333,0.0,92.0
2023-05-10,36.78538,-119.77321,3.0,0.045,17.0,Fresno - Garland,16.82666658333333,55.26024854166667,13.513918895833333,1015.0583333333334,0.0,3.8333333333333335
2023-05-11,36.78538,-119.77321,3.6,0.05,20.0,Fresno - Garland,17.101666583333333,52.76426841666666,13.465027583333333,1016.2833333333333,0.0,4.5
2023-05-12,36.78538,-119.77321,9.5,0.052,52.0,Fresno - Garland,19.955833291666668,53.10017204166667,11.265552808333332,1014.9791666666666,0.0,19.583333333333332
2023-05-13,36.78538,-119.77321,14.1,0.066,60.0,Fresno - Garland,23.345416666666665,55.754425,6.266714590416666,1012.2125,0.0,0.9583333333333334
2023-05-14,36.78538,-119.77321,11.0,0.063,55.0,Fresno - Garland,26.635,45.59559970833333,9.249499779166667,1007.8874999999999,0.0,5.125
2023-05-15,36.78538,-119.77321,7.5,0.064,42.0,Fresno - Garland,25.689166666666665,42.661067,9.527195008333333,1013.6666666666666,0.0,6.083333333333333
2023-05-16,36.78538,-119.77321,10.1,0.068,53.0,Fresno - Garland,25.780833333333334,41.473664750000005,11.657163170833334,1014.35,0.0,73.54166666666667
2023-05-17,36.78538,-119.77321,10.9,0.068,54.0,Fresno - Garland,27.080833333333334,37.060324666666666,10.755298550000001,1011.4166666666666,0.0,6.041666666666667
2023-05-18,36.78538,-119.77321,9.1,0.064,51.0,Fresno - Garland,26.678749999999997,35.378827541666666,12.604711895833333,1009.6,0.0,0.125
2023-05-19,36.78538,-119.77321,7.1,0.055,39.0,Fresno - Garland,25.66,38.43015183333333,12.36503715,1012.4458333333333,0.0,1.375
2023-05-20,36.78538,-119.77321,4.6,0.049,26.0,Fresno - Garland,24.895416666666666,39.854390708333334,13.691092875,1015.2416666666667,0.0,1.0416666666666667
2023-05-21,36.78538,-119.77321,5.4,0.052,30.0,Fresno - Garland,24.805833333333336,42.052592708333336,11.674675225,1014.5749999999999,0.0,21.0
2023-05-22,36.78538,-119.77321,7.1,0.06,39.0,Fresno - Garland,26.9225,38.853665791666664,8.3716928125,1010.6625,0.0,23.416666666666668
2023-05-23,36.78538,-119.77321,8.8,0.048,49.0,Fresno - Garland,25.489166666666666,37.14986429166667,11.006873354166666,1008.2833333333333,0.0,19.041666666666668
2023-05-24,36.78538,-119.77321,8.0,0.051,44.0,Fresno - Garland,20.305833333333336,47.39414366666667,11.446702,1010.1374999999999,0.0,29.291666666666668
2023-05-25,36.78538,-119.77321,7.9,0.052,44.0,Fresno - Garland,19.88083325,50.870606,9.874848887499999,1009.2875,0.0,0.0
2023-05-26,36.78538,-119.77321,6.3,0.049,35.0,Fresno - Garland,20.062083291666667,51.32083766666667,13.1452233125,1010.6583333333333,0.0,0.3333333333333333
2023-05-27,36.78538,-119.77321,5.7,0.052,32.0,Fresno - Garland,21.69541666666667,48.68850308333333,11.394231479166669,1012.2458333333334,0.0,0.3333333333333333
2023-05-28,36.78538,-119.77321,5.5,0.045,31.0,Fresno - Garland,22.772499999999997,44.955709541666664,11.610753379166667,1010.6791666666667,0.0,32.0
2023-05-29,36.78538,-119.77321,5.9,0.041,33.0,Fresno - Garland,21.359999958333333,48.356066125000005,11.744745766666666,1010.9083333333333,0.0,83.79166666666667
2023-05-30,36.78538,-119.77321,4.2,0.043,23.0,Fresno - Garland,20.737083291666668,49.65474283333333,13.199358312500001,1012.1666666666666,0.0,64.875
2023-05-31,36.78538,-119.77321,3.9,0.046,22.0,Fresno - Garland,20.612083291666668,50.10378266666667,12.078231541666668,1010.9708333333333,0.0,21.583333333333332
2023-06-01,36.78538,-119.77321,8.5,0.053,47.0,Fresno - Garland,21.718333333333334,42.15604891666667,11.647193783333334,1009.2458333333334,0.0,0.125
2023-06-02,36.78538,-119.77321,9.1,0.058,51.0,Fresno - Garland,21.464166583333334,42.63028908333333,11.615564945833334,1012.0,0.0,0.0
2023-06-03,36.78538,-119.77321,12.0,0.063,56.0,Fresno - Garland,24.387083333333333,39.300437333333335,9.161820591666666,1011.5958333333333,0.0,0.0
2023-06-04,36.78538,-119.77321,11.3,0.064,55.0,Fresno - Garland,27.35375,31.599475416666667,9.465616566666666,1008.5291666666667,0.0,0.0
2023-06-05,36.78538,-119.77321,11.5,0.058,55.0,Fresno - Garland,27.120416666666667,31.64593066666667,12.147108270833334,1005.6041666666666,0.0,47.458333333333336
2023-06-06,36.78538,-119.77321,8.3,0.05,46.0,Fresno - Garland,22.60166666666667,50.906132750000005,8.012425341666667,1007.8833333333333,0.10833333333333334,92.29166666666667
2023-06-07,36.78538,-119.77321,5.5,0.043,31.0,Fresno - Garland,19.649583333333336,63.20042529166667,6.667066225,1011.5541666666667,0.05833333333333333,97.20833333333333
2023-06-08,36.78538,-119.77321,6.6,0.05,37.0,Fresno - Garland,21.020416666666666,59.84608920833333,6.106665783333334,1014.3833333333333,0.012500000000000002,33.958333333333336
2023-06-09,36.78538,-119.77321,6.5,0.054,36.0,Fresno - Garland,23.457916666666666,47.26880108333333,11.050852658333334,1013.7624999999999,0.0,34.916666666666664
2023-06-10,36.78538,-119.77321,4.9,0.05,27.0,Fresno - Garland,21.764166666666668,48.21899204166667,13.408456729166666,1011.1750000000001,0.1958333333333333,96.16666666666667
2023-06-11,36.78538,-119.77321,6.1,0.052,34.0,Fresno - Garland,21.435000000000002,49.77518154166666,8.656230965416666,1008.5541666666667,0.0,91.58333333333333
2023-06-12,36.78538,-119.77321,5.4,0.049,30.0,Fresno - Garland,21.418333333333333,56.10606966666666,6.103119441666666,1012.3041666666667,0.0,47.666666666666664
2023-06-13,36.78538,-119.77321,5.7,0.054,32.0,Fresno - Garland,23.151666666666667,50.096480500000006,9.958752358333333,1013.9250000000001,0.0,42.625
2023-06-14,36.78538,-119.77321,6.5,0.054,36.0,Fresno - Garland,24.857916666666668,46.351306541666666,10.949968208333333,1011.1750000000001,0.0,54.625
2023-06-15,36.78538,-119.77321,8.8,0.054,49.0,Fresno - Garland,26.122500000000002,43.86416875,10.631831308333334,1008.3583333333332,0.0,49.833333333333336
2023-06-16,36.78538,-119.77321,8.7,0.061,48.0,Fresno - Garland,26.31833333333333,42.017111291666666,12.257351524999999,1010.2291666666666,0.0,32.333333333333336
2023-06-17,36.78538,-119.77321,8.5,0.06,47.0,Fresno - Garland,27.524583333333336,36.02910710416666,8.743093866666667,1012.3458333333333,0.0,1.6666666666666667
2023-06-18,36.78538,-119.77321,4.1,0.037,23.0,Fresno - Garland,27.785,33.24065695833333,13.033083541666665,1009.1958333333333,0.0,37.291666666666664
2023-06-19,36.78538,-119.77321,3.2,0.047,18.0,Fresno - Garland,21.878749958333334,35.45780095833333,17.237915208333334,1011.0833333333334,0.0,1.625
2023-06-20,36.78538,-119.77321,2.5,0.045,14.0,Fresno - Garland,19.955833291666668,37.349091125,16.845158458333334,1015.9791666666666,0.0,0.0
2023-06-21,36.78538,-119.77321,4.8,0.05,27.0,Fresno - Garland,21.293333291666666,30.926736583333334,10.750801558333334,1015.1833333333334,0.0,5.875
2023-06-22,36.78538,-119.77321,7.7,0.047,43.0,Fresno - Garland,22.145416583333333,36.40749954166667,9.790116962499999,1011.2166666666667,0.0,34.291666666666664
2023-06-23,36.78538,-119.77321,5.9,0.045,33.0,Fresno - Garland,20.299583333333334,48.61302620833334,12.340949166666666,1014.1208333333334,0.0,19.166666666666668
2023-06-24,36.78538,-119.77321,6.1,0.049,34.0,Fresno - Garland,22.182916625,44.647979416666665,9.581557545833332,1015.0541666666667,0.0,37.666666666666664
2023-06-25,36.78538,-119.77321,5.4,0.048,30.0,Fresno - Garland,22.874583333333334,42.75979454166667,13.134773454166668,1014.9499999999999,0.0,13.041666666666666
2023-06-26,36.78538,-119.77321,4.7,0.054,26.0,Fresno - Garland,22.637083333333333,43.741315333333326,13.5803556375,1013.8625000000001,0.0,0.0
2023-06-27,36.78538,-119.77321,10.2,0.053,53.0,Fresno - Garland,23.38083333333333,40.434714916666664,11.325690862500002,1010.5833333333334,0.0,38.958333333333336
2023-06-28,36.78538,-119.77321,6.4,0.05,36.0,Fresno - Garland,24.935000000000002,39.043679833333336,11.597139595833333,1009.4250000000001,0.0,32.416666666666664
2023-06-29,36.78538,-119.77321,7.6,0.06,42.0,Fresno - Garland,26.732916666666668,38.713788541666666,10.003864591666668,1010.4458333333333,0.0,0.041666666666666664
2023-06-30,36.78538,-119.77321,15.7,0.08,63.0,Fresno - Garland,30.157916666666665,35.002965375,5.680426225000001,1010.3625000000001,0.0,0.0
2023-07-01,36.78538,-119.77321,15.0,0.079,62.0,Fresno - Garland,33.312083333333334,27.104346625,8.956610333333334,1009.2666666666668,0.0,0.0
2023-07-02,36.78538,-119.77321,12.8,0.082,58.0,Fresno - Garland,34.95375,19.55417841666667,10.429155620833333,1008.3249999999999,0.0,14.833333333333334
2023-07-03,36.78538,-119.77321,6.4,0.067,36.0,Fresno - Garland,34.09125,16.682393708333333,12.367527141666665,1008.3874999999999,0.0,28.291666666666668
2023-07-04,36.78538,-119.77321,18.6,0.065,69.0,Fresno - Garland,30.737083333333334,20.26572845833333,10.739036175,1008.8458333333333,0.0,3.8333333333333335
2023-07-05,36.78538,-119.77321,10.8,0.061,54.0,Fresno - Garland,29.4725,25.324293770833332,10.702682329166668,1009.9375,0.0,0.0
2023-07-06,36.78538,-119.77321,10.8,0.061,54.0,Fresno - Garland,29.4725,25.324293770833332,10.702682329166668,1009.9375,0.0,0.0
2023-07-07,36.78538,-119.77321,6.4,0.056,36.0,Fresno - Garland,26.289166666666663,36.33069058333333,12.36288175,1008.7375000000001,0.0,0.0
2023-07-08,36.78538,-119.77321,5.1,0.05,28.0,Fresno - Garland,25.793333333333333,33.520383458333335,15.525960812500001,1009.0541666666667,0.0,0.0
2023-07-09,36.78538,-119.77321,3.0,0.05,17.0,Fresno - Garland,24.324583333333333,35.585158541666665,14.740360291666667,1010.4666666666667,0.0,0.0
2023-07-10,36.78538,-119.77321,3.1,0.056,17.0,Fresno - Garland,24.10166666666667,39.216843708333336,12.969092041666668,1012.5833333333334,0.0,0.0
2023-07-11,36.78538,-119.77321,8.5,0.07,47.0,Fresno - Garland,27.5975,26.406350291666666,6.6025406237499995,1012.2833333333333,0.0,0.0
2023-07-12,36.78538,-119.77321,6.0,0.064,33.0,Fresno - Garland,29.701666666666668,21.901975958333335,6.662775320833333,1012.375,0.0,0.041666666666666664
2023-07-13,36.78538,-119.77321,5.3,0.058,29.0,Fresno - Garland,30.201666666666668,21.93208597916667,11.125800166666666,1012.4458333333333,0.0,0.0
2023-07-14,36.78538,-119.77321,7.1,0.064,39.0,Fresno - Garland,30.94125,25.5028524375,11.469918729166666,1011.3291666666668,0.0,0.0
2023-07-15,36.78538,-119.77321,12.6,0.079,58.0,Fresno - Garland,32.745416666666664,26.73669483333333,8.038076929166666,1009.5625,0.0,0.0
2023-07-16,36.78538,-119.77321,15.9,0.08,64.0,Fresno - Garland,34.61,23.399432020833334,7.208265186249999,1007.9708333333333,0.0,62.708333333333336
2023-07-17,36.78538,-119.77321,12.6,0.079,58.0,Fresno - Garland,35.684999999999995,23.373766145833333,6.808804220833333,1008.0833333333334,0.0,25.708333333333332
2023-07-18,36.78538,-119.77321,10.0,0.068,53.0,Fresno - Garland,34.599583333333335,21.067646666666665,7.445331041666667,1009.6583333333333,0.0,21.791666666666668
2023-07-19,36.78538,-119.77321,17.6,0.073,67.0,Fresno - Garland,32.59125,24.201091625,9.0152699375,1011.775,0.0,12.666666666666666
2023-07-20,36.78538,-119.77321,14.5,0.072,61.0,Fresno - Garland,31.96625,22.797902500000003,10.4160081875,1012.7541666666666,0.0,0.0
2023-07-21,36.78538,-119.77321,15.8,0.074,63.0,Fresno - Garland,32.682916666666664,20.773171770833333,9.445884404166668,1011.2791666666667,0.0,0.0
2023-07-22,36.78538,-119.77321,15.7,0.074,63.0,Fresno - Garland,34.468333333333334,21.399167791666667,7.8174798125,1008.375,0.0,56.291666666666664
2023-07-23,36.78538,-119.77321,14.7,0.084,61.0,Fresno - Garland,35.505833333333335,18.71455825,7.856185562499999,1007.4666666666667,0.0,54.75
2023-07-24,36.78538,-119.77321,5.9,0.05,33.0,Fresno - Garland,33.38916666666667,19.1413510625,11.641753133333333,1011.9375,0.0,69.66666666666667
2023-07-25,36.78538,-119.77321,6.3,0.059,35.0,Fresno - Garland,31.48708333333333,20.5851220875,12.292974583333333,1013.9458333333333,0.0,19.333333333333332
2023-07-26,36.78538,-119.77321,6.8,0.066,38.0,Fresno - Garland,32.17875,19.980798583333335,8.159039204166666,1012.1583333333333,0.0,3.0833333333333335
2023-07-27,36.78538,-119.77321,6.5,0.052,36.0,Fresno - Garland,31.97458333333333,23.529437916666666,10.623999495833333,1011.5333333333333,0.0,0.375
2023-07-28,36.78538,-119.77321,8.1,0.058,45.0,Fresno - Garland,30.85166666666667,21.918589166666667,13.269109020833334,1012.2708333333334,0.0,0.0
2023-07-29,36.78538,-119.77321,4.6,0.057,26.0,Fresno - Garland,30.991249999999997,18.570321437500002,11.102058712500002,1013.3666666666667,0.0,14.041666666666666
2023-07-30,36.78538,-119.77321,6.3,0.057,35.0,Fresno - Garland,31.564166666666665,18.2787959875,13.1659926125,1012.9041666666667,0.0,64.79166666666667
2023-07-31,36.78538,-119.77321,6.9,0.056,38.0,Fresno - Garland,31.91,14.905070354166668,10.441345258333333,1012.0041666666666,0.0,69.83333333333333
2023-08-01,36.78538,-119.77321,8.2,0.058,46.0,Fresno - Garland,31.02875,19.9242776,9.7381178,1012.0791666666668,0.0,62.041666666666664
2023-08-02,36.78538,-119.77321,7.1,0.052,39.0,Fresno - Garland,27.741249999999997,30.263748875,9.728265408333334,1013.4375,0.0,24.666666666666668
2023-08-03,36.78538,-119.77321,6.3,0.049,35.0,Fresno - Garland,25.485,37.084420791666666,13.1588704375,1014.875,0.0,1.125
2023-08-04,36.78538,-119.77321,11.0,0.052,55.0,Fresno - Garland,25.897499999999997,40.54800879166667,13.001292666666666,1014.4541666666668,0.0,0.0
2023-08-05,36.78538,-119.77321,11.9,0.056,56.0,Fresno - Garland,29.04958333333333,31.792323541666665,10.878070108333333,1012.3874999999999,0.0,0.041666666666666664
2023-08-06,36.78538,-119.77321,14.5,0.063,61.0,Fresno - Garland,30.814166666666665,29.247065125000002,10.370475875,1012.4250000000001,0.0,0.0
2023-08-07,36.78538,-119.77321,10.9,0.059,54.0,Fresno - Garland,31.72875,23.635297750000003,6.53508915,1011.9333333333334,0.0,0.0
2023-08-08,36.78538,-119.77321,7.7,0.059,43.0,Fresno - Garland,31.17458333333333,24.779855875,7.654069079166667,1011.7125,0.0,0.0
2023-08-09,36.78538,-119.77321,7.7,0.057,43.0,Fresno - Garland,28.689166666666665,33.101847916666664,9.146963045833333,1011.1125000000001,0.0,0.0
2023-08-10,36.78538,-119.77321,9.4,0.051,52.0,Fresno - Garland,28.4725,31.861195249999998,8.2479356,1010.4416666666666,0.0,12.666666666666666
2023-08-11,36.78538,-119.77321,7.4,0.052,41.0,Fresno - Garland,28.089166666666667,43.423100375,8.324821329166666,1012.4375,0.0,49.916666666666664
2023-08-12,36.78538,-119.77321,6.4,0.05,36.0,Fresno - Garland,29.32041666666667,33.04481283333333,8.200803791666667,1013.0124999999999,0.0,8.416666666666666
2023-08-13,36.78538,-119.77321,6.8,0.054,38.0,Fresno - Garland,31.749583333333334,26.692144,7.956310204166667,1012.0166666666668,0.0,40.125
2023-08-14,36.78538,-119.77321,9.0,0.065,50.0,Fresno - Garland,32.57458333333333,31.471615291666666,6.824656216666667,1010.4958333333334,0.0,26.875
2023-08-15,36.78538,-119.77321,11.9,0.07,56.0,Fresno - Garland,33.6475,24.719098333333335,7.141527908333334,1011.2083333333334,0.0,4.916666666666667
2023-08-16,36.78538,-119.77321,10.8,0.071,54.0,Fresno - Garland,34.16833333333333,25.729865854166665,6.212156133333333,1010.9208333333332,0.0,16.458333333333332
2023-08-17,36.78538,-119.77321,11.2,0.066,55.0,Fresno - Garland,33.39125,29.280826625,5.579133029166666,1008.1958333333333,0.0,6.625
2023-08-18,36.78538,-119.77321,8.6,0.052,48.0,Fresno - Garland,32.120416666666664,31.212102458333334,8.617128779166666,1007.1875,0.0,0.041666666666666664
2023-08-19,36.78538,-119.77321,9.2,0.06,51.0,Fresno - Garland,30.959999999999997,31.571047166666663,9.321916208333333,1006.6541666666667,0.0,22.333333333333332
2023-08-20,36.78538,-119.77321,11.6,0.036,56.0,Fresno - Garland,27.40375,53.53106604166666,8.184147144583333,1006.7208333333333,0.05833333333333333,99.625
2023-08-21,36.78538,-119.77321,5.2,0.048,29.0,Fresno - Garland,24.145416666666666,72.52271520833334,11.141700158333334,1008.1458333333334,0.5916666666666667,47.5
2023-08-22,36.78538,-119.77321,7.9,0.059,44.0,Fresno - Garland,24.576666666666668,65.00968675,6.278410141666666,1014.2875,0.020833333333333332,20.125
2023-08-23,36.78538,-119.77321,8.0,0.067,44.0,Fresno - Garland,26.959999999999997,48.77181708333333,4.96604245,1012.1541666666667,0.0,1.2083333333333333
2023-08-24,36.78538,-119.77321,11.1,0.071,55.0,Fresno - Garland,28.493333333333336,41.834465916666666,5.483605262499999,1009.8208333333333,0.0,1.125
2023-08-25,36.78538,-119.77321,10.7,0.059,54.0,Fresno - Garland,27.98708333333333,40.86756429166667,9.491188625,1011.6708333333332,0.0,1.5
2023-08-26,36.78538,-119.77321,10.5,0.06,54.0,Fresno - Garland,27.607916666666668,38.250971791666665,7.388105070833333,1012.3916666666668,0.0,0.0
2023-08-27,36.78538,-119.77321,8.5,0.063,47.0,Fresno - Garland,28.226666666666663,32.21719120833333,9.6022476875,1013.5291666666667,0.0,0.0
2023-08-28,36.78538,-119.77321,8.7,0.062,48.0,Fresno - Garland,27.795416666666668,27.133555041666668,9.5334137625,1012.9416666666666,0.0,0.0
2023-08-29,36.78538,-119.77321,8.0,0.054,44.0,Fresno - Garland,28.62875,25.04524675,11.086886583333333,1012.0,0.0,0.0
2023-08-30,36.78538,-119.77321,19.3,0.067,70.0,Fresno - Garland,27.32041666666667,27.350341333333333,8.488897254166668,1010.7541666666666,0.0,0.0
2023-08-31,36.78538,-119.77321,18.3,0.067,68.0,Fresno - Garland,28.324583333333333,29.960289808333332,8.302266362500001,1006.7708333333334,0.0,0.0
2023-09-01,36.78538,-119.77321,17.7,0.044,67.0,Fresno - Garland,26.9475,36.238072816666666,10.264247995833333,1006.5208333333334,0.0,11.041666666666666
2023-09-02,36.78538,-119.77321,5.2,0.034,29.0,Fresno - Garland,23.95375,53.15622258333334,9.640774349166668,1011.7624999999999,0.008333333333333333,45.166666666666664
2023-09-03,36.78538,-119.77321,6.1,0.03,34.0,Fresno - Garland,23.043333333333333,58.68457645833333,10.377788520833333,1015.0,0.08333333333333333,53.75
2023-09-04,36.78538,-119.77321,6.1,0.03,34.0,Fresno - Garland,23.043333333333333,58.68457645833333,10.377788520833333,1015.0,0.08333333333333333,53.75
2023-09-05,36.78538,-119.77321,8.7,0.056,48.0,Fresno - Garland,24.201666666666668,51.90873066666666,4.961769075,1010.6875,0.0,0.0
2023-09-06,36.78538,-119.77321,6.9,0.057,38.0,Fresno - Garland,26.276666666666667,40.42874008333333,6.278836399999999,1010.725,0.0,0.0
2023-09-07,36.78538,-119.77321,8.7,0.062,48.0,Fresno - Garland,26.243333333333336,42.240471,7.640292612500001,1011.9333333333334,0.0,0.0
2023-09-08,36.78538,-119.77321,9.3,0.062,51.0,Fresno - Garland,27.2225,38.17578616666667,5.613301750000001,1013.4458333333333,0.0,0.0
2023-09-09,36.78538,-119.77321,8.6,0.056,48.0,Fresno - Garland,29.00583333333333,31.216331999999998,10.8925541,1014.7583333333333,0.012499999999999999,27.958333333333332
2023-09-10,36.78538,-119.77321,4.9,0.049,27.0,Fresno - Garland,28.32875,38.006932,9.790787725,1014.2291666666666,0.004166666666666667,29.291666666666668
2023-09-11,36.78538,-119.77321,6.3,0.054,35.0,Fresno - Garland,28.307916666666667,27.124168666666666,9.768647366666666,1012.7875,0.0,26.041666666666668
2023-09-12,36.78538,-119.77321,7.8,0.055,43.0,Fresno - Garland,27.09958333333333,33.29463391666667,9.351343008333332,1011.6416666666668,0.0,8.333333333333334
2023-09-13,36.78538,-119.77321,8.2,0.056,46.0,Fresno - Garland,25.9725,38.45774425,8.0156504875,1011.0708333333333,0.0,0.0
2023-09-14,36.78538,-119.77321,9.8,0.064,52.0,Fresno - Garland,27.01625,38.551416833333334,6.1749981458333325,1010.6666666666666,0.0,0.0
2023-09-15,36.78538,-119.77321,12.0,0.067,56.0,Fresno - Garland,27.743333333333336,40.7603485,8.878015720833334,1011.0583333333334,0.0,0.0
2023-09-16,36.78538,-119.77321,10.8,0.051,54.0,Fresno - Garland,27.064166666666665,44.33002483333333,11.107115325,1011.3249999999999,0.0,0.4583333333333333
2023-09-17,36.78538,-119.77321,11.6,0.044,56.0,Fresno - Garland,24.6725,51.423001125000006,13.6640084375,1012.5833333333334,0.0,30.791666666666668
2023-09-18,36.78538,-119.77321,6.5,0.044,36.0,Fresno - Garland,23.491249999999997,49.654478125,13.635370145833333,1013.4375,0.0,12.916666666666666
2023-09-19,36.78538,-119.77321,6.7,0.047,37.0,Fresno - Garland,23.814166666666665,46.48773175,10.874139733333335,1012.6625,0.0,0.041666666666666664
2023-09-20,36.78538,-119.77321,16.8,0.051,65.0,Fresno - Garland,24.47666666666667,49.30478775,7.4147450375,1009.4166666666666,0.0,1.9166666666666667
2023-09-21,36.78538,-119.77321,31.8,0.047,93.0,Fresno - Garland,22.743333333333336,47.42108795833334,10.31601455,1008.9083333333333,0.0,0.625
2023-09-22,36.78538,-119.77321,25.5,0.054,82.0,Fresno - Garland,21.516249958333333,50.56579975,5.236844379166667,1012.9125,0.0,0.0
2023-09-23,36.78538,-119.77321,24.9,0.053,80.0,Fresno - Garland,22.578749958333333,42.63570370833333,6.665733245833334,1014.0041666666666,0.0,31.75
2023-09-24,36.78538,-119.77321,20.4,0.058,72.0,Fresno - Garland,22.526666583333334,39.96956083333333,5.879309737500001,1014.3000000000001,0.0,0.0
2023-09-25,36.78538,-119.77321,8.7,0.053,48.0,Fresno - Garland,22.064166458333332,43.247727,8.280637079166667,1015.4375,0.0,33.333333333333336
2023-09-26,36.78538,-119.77321,3.4,0.042,19.0,Fresno - Garland,22.320416583333337,46.079378375,11.2590996125,1017.7416666666667,0.0,12.833333333333334
2023-09-27,36.78538,-119.77321,5.0,0.044,28.0,Fresno - Garland,22.389166666666668,50.135334666666665,13.654676791666667,1015.9333333333334,0.0,0.0
2023-09-28,36.78538,-119.77321,6.8,0.045,38.0,Fresno - Garland,22.00583333333333,51.354705333333335,11.603178858333335,1012.2291666666666,0.0,2.5833333333333335
2023-09-29,36.78538,-119.77321,8.7,0.043,48.0,Fresno - Garland,21.8225,36.086826916666666,5.866710049999999,1009.2458333333334,0.0,0.0
2023-09-30,36.78538,-119.77321,2.4,0.028,13.0,Fresno - Garland,19.80375,61.190761625,10.985762891666667,1008.0625,0.3458333333333334,68.33333333333333
2023-10-01,36.78538,-119.77321,9.2,0.033,51.0,Fresno - Garland,17.420416541666665,60.329406416666664,7.017548575,1009.6625,0.004166666666666667,45.875
2023-10-02,36.78538,-119.77321,6.9,0.038,38.0,Fresno - Garland,19.31833333333333,56.881746625,6.351097066666667,1014.0,0.0,35.125
2023-10-03,36.78538,-119.77321,9.4,0.049,52.0,Fresno - Garland,19.66,53.46799154166666,5.013478575,1015.5583333333334,0.0,11.583333333333334
2023-10-04,36.78538,-119.77321,10.9,0.052,54.0,Fresno - Garland,21.647499916666664,47.356123249999996,4.847679529166666,1013.7416666666667,0.0,0.0
2023-10-05,36.78538,-119.77321,11.3,0.057,55.0,Fresno - Garland,23.778749958333332,44.782464583333336,5.358815404166666,1014.8416666666667,0.0,0.0
2023-10-06,36.78538,-119.77321,17.5,0.063,67.0,Fresno - Garland,24.39125,48.25645120833334,5.698016316666667,1014.4291666666667,0.0,0.0
2023-10-07,36.78538,-119.77321,17.9,0.069,67.0,Fresno - Garland,24.782916666666665,47.36262820833333,6.693480441666666,1011.7458333333334,0.0,0.0
2023-10-08,36.78538,-119.77321,13.9,0.062,60.0,Fresno - Garland,25.437083333333334,38.9125265,5.867817877916667,1010.3458333333333,0.0,0.75
2023-10-09,36.78538,-119.77321,10.0,0.037,53.0,Fresno - Garland,23.32875,42.423740375,9.418183729166666,1009.0666666666666,0.0,34.75
2023-10-10,36.78538,-119.77321,5.4,0.036,30.0,Fresno - Garland,19.632916541666667,58.155792416666664,10.339435654166666,1009.1208333333334,0.0,24.416666666666668
2023-10-11,36.78538,-119.77321,5.1,0.036,28.0,Fresno - Garland,18.84125,54.429257541666665,20.40386691666667,1008.3625000000001,0.0,8.416666666666666
2023-10-12,36.78538,-119.77321,13.1,0.036,58.0,Fresno - Garland,17.26833325,43.758421625000004,8.420352658333334,1009.4833333333332,0.0,8.708333333333334
2023-10-13,36.78538,-119.77321,11.7,0.042,56.0,Fresno - Garland,18.618333208333333,45.086286124999994,5.973453508333333,1010.875,0.0,63.666666666666664
2023-10-14,36.78538,-119.77321,12.6,0.045,58.0,Fresno - Garland,19.787083291666665,38.47433079166667,5.860691304166667,1014.9208333333332,0.0,27.041666666666668
2023-10-15,36.78538,-119.77321,12.2,0.058,57.0,Fresno - Garland,19.749583208333334,47.30214470833334,5.17956997,1018.1041666666666,0.0,3.0
2023-10-16,36.78538,-119.77321,11.1,0.048,55.0,Fresno - Garland,20.980833333333333,47.06960966666667,6.258223883333334,1017.0416666666666,0.0,12.25
2023-10-17,36.78538,-119.77321,11.6,0.05,56.0,Fresno - Garland,20.62666666666667,58.47168829166667,8.841415229166666,1015.6125000000001,0.0,19.0
2023-10-18,36.78538,-119.77321,16.5,0.059,65.0,Fresno - Garland,20.745416583333334,52.536164625,4.76681787,1013.8041666666667,0.0,0.0
2023-10-19,36.78538,-119.77321,24.4,0.061,80.0,Fresno - Garland,22.516249916666666,49.471168416666664,4.5738565695833335,1013.8958333333334,0.0,0.0
2023-10-20,36.78538,-119.77321,22.5,0.068,76.0,Fresno - Garland,23.293333291666666,40.27969533333333,5.8971043708333335,1012.5041666666666,0.0,5.625
2023-10-21,36.78538,-119.77321,9.9,0.043,52.0,Fresno - Garland,22.084999999999997,51.494428875000004,9.859455633333333,1010.6750000000001,0.0,15.375
2023-10-22,36.78538,-119.77321,4.0,0.026,22.0,Fresno - Garland,19.31625,59.525714125,8.396956536666666,1010.3291666666668,0.004166666666666667,24.25
2023-10-23,36.78538,-119.77321,5.8,0.019,32.0,Fresno - Garland,18.56833325,71.14411695833333,13.798033116666666,1008.5916666666667,0.13749999999999998,60.875
2023-10-24,36.78538,-119.77321,9.5,0.037,52.0,Fresno - Garland,17.514166624999998,72.44073491666667,5.588444529166666,1010.5708333333333,0.0,34.458333333333336
2023-10-25,36.78538,-119.77321,9.5,0.037,52.0,Fresno - Garland,17.514166624999998,72.44073491666667,5.588444529166666,1010.5708333333333,0.0,34.458333333333336
2023-10-26,36.78538,-119.77321,9.5,0.037,52.0,Fresno - Garland,17.514166624999998,72.44073491666667,5.588444529166666,1010.5708333333333,0.0,34.458333333333336
2023-10-27,36.78538,-119.77321,8.9,0.037,49.0,Fresno - Garland,13.991249791666666,56.70511108333333,7.135549020833333,1018.0041666666666,0.0,38.5
2023-10-28,36.78538,-119.77321,13.2,0.039,59.0,Fresno - Garland,12.914166625,48.454738291666665,9.8858055875,1018.4083333333333,0.0,16.958333333333332
2023-10-29,36.78538,-119.77321,23.7,0.041,78.0,Fresno - Garland,12.9287499875,49.184752624999994,5.485597145833334,1019.7791666666667,0.0,0.0
2023-10-30,36.78538,-119.77321,12.5,0.042,57.0,Fresno - Garland,13.114166591666667,45.19071970833334,5.21698047375,1021.3166666666666,0.0,0.20833333333333334
2023-10-31,36.78538,-119.77321,11.2,0.043,55.0,Fresno - Garland,14.5141666125,40.96807379166666,3.8776631325,1020.1750000000001,0.0,28.458333333333332
2023-11-01,36.78538,-119.77321,15.2,0.041,62.0,Fresno - Garland,14.993333195833335,47.33508145833333,4.851498879166667,1019.0375,0.0,9.458333333333334
2023-11-02,36.78538,-119.77321,17.5,0.049,67.0,Fresno - Garland,14.989166574999999,47.223453041666666,5.384415466666667,1018.7416666666667,0.0,24.25
2023-11-03,36.78538,-119.77321,26.1,0.041,83.0,Fresno - Garland,16.276666541666668,43.975276666666666,6.50280045,1019.2666666666668,0.0,50.458333333333336
2023-11-04,36.78538,-119.77321,28.7,0.052,88.0,Fresno - Garland,16.278749833333332,51.40654545833333,5.7358556541666665,1018.3000000000001,0.0,51.25
2023-11-05,36.78538,-119.77321,24.5,0.055,80.0,Fresno - Garland,17.441249833333334,51.10181741666667,5.269509695833333,1016.1291666666666,0.0,61.375
2023-11-06,36.78538,-119.77321,12.8,0.043,58.0,Fresno - Garland,17.6954165,58.49573216666667,7.774297270833333,1013.4375,0.0,52.041666666666664
2023-11-07,36.78538,-119.77321,4.1,0.033,23.0,Fresno - Garland,16.2725,71.10933391666667,14.95185825,1016.0291666666667,0.1625,43.208333333333336
2023-11-08,36.78538,-119.77321,10.3,0.027,53.0,Fresno - Garland,12.841249791666668,70.98777675000001,7.613690195833333,1021.225,0.0,1.2916666666666667
2023-11-09,36.78538,-119.77321,15.4,0.033,63.0,Fresno - Garland,11.680833283333333,67.06953045833333,5.433464520833333,1022.5625,0.0,12.541666666666666
2023-11-10,36.78538,-119.77321,19.5,0.033,70.0,Fresno - Garland,11.837083145833333,63.55488945833333,5.9756759,1020.3375,0.0,62.208333333333336
2023-11-11,36.78538,-119.77321,24.7,0.037,80.0,Fresno - Garland,12.0579164875,62.35599066666666,4.737545845833334,1020.725,0.0,36.833333333333336
2023-11-12,36.78538,-119.77321,21.4,0.041,74.0,Fresno - Garland,12.3933333,63.62024158333333,8.208042870833333,1018.3291666666668,0.0,21.458333333333332
2023-11-13,36.78538,-119.77321,11.7,0.032,56.0,Fresno - Garland,14.676666583333335,40.437716583333334,7.794758854166666,1014.4291666666667,0.0,71.875
2023-11-14,36.78538,-119.77321,11.2,0.036,55.0,Fresno - Garland,14.009999833333334,45.644193541666674,8.286220349999999,1014.5708333333333,0.0,19.125
2023-11-15,36.78538,-119.77321,11.5,0.021,55.0,Fresno - Garland,13.557916533333334,46.12534058333333,9.181583824999999,1011.5583333333334,0.04583333333333334,92.0
2023-11-16,36.78538,-119.77321,11.5,0.021,55.0,Fresno - Garland,13.557916533333334,46.12534058333333,9.181583824999999,1011.5583333333334,0.04583333333333334,92.0
2023-11-17,36.78538,-119.77321,8.9,0.03,49.0,Fresno - Garland,15.164166625,73.04017575,7.480223482083333,1014.5166666666668,0.0,54.041666666666664
2023-11-18,36.78538,-119.77321,5.2,0.025,29.0,Fresno - Garland,15.58083325,77.05252929166666,11.933889279166666,1013.5500000000001,0.25833333333333336,89.91666666666667
2023-11-19,36.78538,-119.77321,3.7,0.03,21.0,Fresno - Garland,12.895416416666665,81.95067208333333,12.342886216666665,1021.9416666666666,0.4791666666666667,32.125
2023-11-20,36.78538,-119.77321,11.5,0.026,55.0,Fresno - Garland,9.618333083333333,70.74318749999999,8.209469262499999,1023.65,0.0,10.416666666666666
2023-11-21,36.78538,-119.77321,12.7,0.025,58.0,Fresno - Garland,10.314166475,67.07931154166667,5.041746783333333,1026.175,0.0,23.041666666666668
2023-11-22,36.78538,-119.77321,21.1,0.025,73.0,Fresno - Garland,10.751666604166667,76.26753458333333,5.801206119583334,1024.7791666666667,0.0,70.66666666666667
2023-11-23,36.78538,-119.77321,41.3,0.031,115.0,Fresno - Garland,12.057916458333333,74.49315299999999,5.751974733333333,1014.6750000000001,0.0,60.166666666666664
2023-11-24,36.78538,-119.77321,16.9,0.023,66.0,Fresno - Garland,9.857916516666666,68.04415379166666,7.937917724999999,1012.225,0.0,0.9166666666666666
2023-11-25,36.78538,-119.77321,29.3,0.022,89.0,Fresno - Garland,8.887083091666666,78.23512704166667,5.610763941666666,1017.7958333333332,0.0,1.8333333333333333
2023-11-26,36.78538,-119.77321,30.8,0.025,91.0,Fresno - Garland,8.284999841666666,73.75704449999999,5.864607720833334,1020.2833333333333,0.0,32.083333333333336
2023-11-27,36.78538,-119.77321,15.3,0.025,63.0,Fresno - Garland,8.08499993125,70.09896145833333,5.175447466666667,1020.0500000000001,0.0,21.583333333333332
2023-11-28,36.78538,-119.77321,17.6,0.022,67.0,Fresno - Garland,9.032916649999999,57.20409895833333,4.8327562041666665,1021.0958333333333,0.0,23.416666666666668
2023-11-29,36.78538,-119.77321,11.4,0.026,55.0,Fresno - Garland,9.197499879166667,53.193781666666666,7.295789654166666,1016.9916666666667,0.0,9.5
2023-11-30,36.78538,-119.77321,13.3,0.027,59.0,Fresno - Garland,9.359999925,72.36646983333334,7.816589545833334,1014.9625,0.0,31.875
2023-12-01,36.78538,-119.77321,11.3,0.029,55.0,Fresno - Garland,9.893333129166667,74.423580625,9.917431441666666,1018.1374999999999,0.020833333333333332,43.291666666666664
2023-12-02,36.78538,-119.77321,19.4,0.024,70.0,Fresno - Garland,8.759999883333334,72.21147016666667,7.233011712500001,1023.6958333333333,0.0,62.875
2023-12-03,36.78538,-119.77321,24.7,0.022,80.0,Fresno - Garland,9.220416454166667,78.64545545833333,5.5133115041666665,1025.7458333333334,0.0,93.20833333333333
2023-12-04,36.78538,-119.77321,16.2,0.027,64.0,Fresno - Garland,11.014166520833333,78.19282991666667,4.524580420833334,1024.6791666666666,0.0,90.91666666666667
2023-12-05,36.78538,-119.77321,19.1,0.025,70.0,Fresno - Garland,10.939166466666668,76.88791679166667,5.15248679875,1023.4499999999999,0.0,0.5833333333333334
2023-12-06,36.78538,-119.77321,19.1,0.025,70.0,Fresno - Garland,10.939166466666668,76.88791679166667,5.15248679875,1023.4499999999999,0.0,0.5833333333333334
2023-12-07,36.78538,-119.77321,2.5,0.032,14.0,Fresno - Garland,12.653749958333334,77.830590375,15.273925812500002,1020.9291666666667,0.0,36.958333333333336
2023-12-08,36.78538,-119.77321,13.0,0.015,58.0,Fresno - Garland,9.574583033333333,74.96015120833333,14.0836500625,1022.5,0.0,44.583333333333336
2023-12-09,36.78538,-119.77321,30.4,0.019,91.0,Fresno - Garland,6.493333229166667,81.43202704166667,4.066054129166667,1025.9541666666667,0.0,53.833333333333336
2023-12-10,36.78538,-119.77321,31.1,0.022,92.0,Fresno - Garland,8.057916650000001,72.07445129166666,5.1896744083333335,1026.9833333333333,0.0,84.25
2023-12-11,36.78538,-119.77321,37.6,0.021,106.0,Fresno - Garland,7.764166579166666,76.62110841666667,5.54365065,1020.6083333333332,0.0,86.83333333333333
2023-12-12,36.78538,-119.77321,27.6,0.022,85.0,Fresno - Garland,7.3391666395833335,74.52042924999999,5.1104002,1015.75,0.0,27.125
2023-12-13,36.78538,-119.77321,33.8,0.024,97.0,Fresno - Garland,8.199583254166667,69.03369266666667,5.1680965,1017.4166666666666,0.0,0.0
2023-12-14,36.78538,-119.77321,33.8,0.024,97.0,Fresno - Garland,8.199583254166667,69.03369266666667,5.1680965,1017.4166666666666,0.0,0.0
2023-12-15,36.78538,-119.77321,39.1,0.023,110.0,Fresno - Garland,9.82041655,59.737409541666665,4.799314941666666,1022.3249999999999,0.0,99.95833333333333
2023-12-16,36.78538,-119.77321,36.6,0.022,104.0,Fresno - Garland,10.489166504166667,53.65629204166667,5.256830232083334,1019.9875000000001,0.0,58.541666666666664
2023-12-17,36.78538,-119.77321,36.3,0.02,103.0,Fresno - Garland,10.595416483333333,51.02762316666667,6.5304309583333335,1018.4541666666668,0.004166666666666667,87.375
2023-12-18,36.78538,-119.77321,33.3,0.017,96.0,Fresno - Garland,12.74333325,60.840787625,9.2463515875,1014.7041666666668,0.7374999999999999,94.0
2023-12-19,36.78538,-119.77321,4.0,0.021,22.0,Fresno - Garland,14.201666541666667,84.62046408333333,14.176845895833333,1011.1583333333333,0.1708333333333333,90.29166666666667
2023-12-20,36.78538,-119.77321,4.0,0.021,22.0,Fresno - Garland,14.201666541666667,84.62046408333333,14.176845895833333,1011.1583333333333,0.1708333333333333,90.29166666666667
2023-12-21,36.78538,-119.77321,5.4,0.016,30.0,Fresno - Garland,12.287083,90.98921408333332,7.367786166666666,1013.7624999999999,0.41250000000000003,99.91666666666667
2023-12-22,36.78538,-119.77321,16.6,0.007,65.0,Fresno - Garland,11.222499749999999,92.45680375,6.024369691666667,1015.1125000000001,0.0,94.625
2023-12-23,36.78538,-119.77321,20.4,0.009,72.0,Fresno - Garland,10.0266664,90.30087766666666,5.954441737500001,1016.6750000000001,0.0,61.166666666666664
2023-12-24,36.78538,-119.77321,33.5,0.017,96.0,Fresno - Garland,9.120416433333334,88.57811075000001,5.3962381375,1021.5458333333332,0.0,47.166666666666664
2023-12-25,36.78538,-119.77321,28.5,0.026,87.0,Fresno - Garland,8.499583191666668,90.35931845833333,4.387750916666667,1024.0125,0.0,78.375
2023-12-26,36.78538,-119.77321,42.4,0.018,118.0,Fresno - Garland,9.312083208333332,87.86855679166666,4.684633683333334,1022.4166666666666,0.0,93.91666666666667
2023-12-27,36.78538,-119.77321,25.6,0.023,82.0,Fresno - Garland,11.001666416666666,79.64944041666666,8.725149904166667,1019.7541666666666,0.0,99.625
2023-12-28,36.78538,-119.77321,16.3,0.028,64.0,Fresno - Garland,11.693333083333334,74.25929720833334,7.9652328875,1021.6666666666666,0.0,58.958333333333336
2023-12-29,36.78538,-119.77321,9.2,0.03,51.0,Fresno - Garland,11.9120833,75.12084320833334,9.05572735,1018.625,0.0,57.333333333333336
2023-12-30,36.78538,-119.77321,9.1,0.027,51.0,Fresno - Garland,12.118333125,82.53643245833334,8.110490658333333,1017.2416666666667,1.0416666666666667,94.70833333333333
2023-12-31,36.78538,-119.77321,9.1,0.027,51.0,Fresno - Garland,12.118333125,82.53643245833334,8.110490658333333,1017.2416666666667,1.0416666666666667,94.70833333333333
2024-01-01,36.78538,-119.77321,14.6,0.01,61.0,Fresno - Garland,9.58083315,85.8405975,5.772689416666666,1020.2875,0.0,73.41666666666667
2024-01-02,36.78538,-119.77321,15.8,0.017,63.0,Fresno - Garland,7.655833270833334,88.30737495833334,6.922209895833333,1023.7208333333333,0.0,42.458333333333336
2024-01-03,36.78538,-119.77321,6.3,0.029,35.0,Fresno - Garland,9.6204165,82.78910579166667,8.647417604166668,1020.1291666666666,0.3541666666666667,73.875
2024-01-04,36.78538,-119.77321,11.0,0.019,55.0,Fresno - Garland,6.7162498375,86.858584875,6.882620604166667,1024.0,0.0,27.916666666666668
2024-01-05,36.78538,-119.77321,19.5,0.023,70.0,Fresno - Garland,6.462083225000001,76.78970541666666,6.0416641958333335,1025.7875000000001,0.0,36.75
2024-01-06,36.78538,-119.77321,17.1,0.019,66.0,Fresno - Garland,5.4370832375,81.44232320833333,7.0584895,1023.5749999999999,0.0,57.333333333333336
2024-01-07,36.78538,-119.77321,10.5,0.022,54.0,Fresno - Garland,5.50999995,83.76012770833333,10.635496420833332,1017.1374999999999,0.10833333333333334,49.583333333333336
2024-01-08,36.78538,-119.77321,13.0,0.023,58.0,Fresno - Garland,3.7620832517666667,76.74971475,6.859383841666666,1023.9041666666667,0.0,14.791666666666666
2024-01-09,36.78538,-119.77321,10.0,0.022,53.0,Fresno - Garland,4.370416613333333,72.09032158333333,5.366918833333333,1028.1958333333334,0.0,45.583333333333336
2024-01-10,36.78538,-119.77321,6.6,0.027,37.0,Fresno - Garland,7.407916512500001,74.26953954166667,7.082517033333333,1020.9916666666667,0.0,66.91666666666667
2024-01-11,36.78538,-119.77321,6.5,0.025,36.0,Fresno - Garland,6.8558331875,79.44404095833333,9.533871183333334,1017.1083333333332,0.4458333333333333,51.041666666666664
2024-01-12,36.78538,-119.77321,13.8,0.02,60.0,Fresno - Garland,4.080833312725,76.81897525000001,6.4434667875,1024.6625000000001,0.0,69.70833333333333
2024-01-13,36.78538,-119.77321,22.7,0.013,76.0,Fresno - Garland,4.3350000125,79.19616583333332,6.010872516666667,1023.275,0.06666666666666667,81.125
2024-01-14,36.78538,-119.77321,14.7,0.025,61.0,Fresno - Garland,7.287083175,84.11913691666666,4.526375770833334,1019.9666666666667,0.016666666666666666,78.0
2024-01-15,36.78538,-119.77321,5.6,0.016,31.0,Fresno - Garland,8.380833166666667,93.23634066666666,5.5046246041666675,1020.4333333333334,0.0,96.95833333333333
2024-01-16,36.78538,-119.77321,11.5,0.008,55.0,Fresno - Garland,7.074583274999999,88.991208875,4.8236564374999995,1020.5833333333334,0.0,84.04166666666667
2024-01-17,36.78538,-119.77321,15.1,0.02,62.0,Fresno - Garland,10.922499916666666,80.3189125,5.133212879166667,1017.8458333333333,0.24166666666666667,90.95833333333333
2024-01-18,36.78538,-119.77321,15.4,0.014,63.0,Fresno - Garland,9.1558332375,88.95187979166667,6.739242029166667,1019.4458333333333,0.0,93.58333333333333
2024-01-19,36.78538,-119.77321,16.6,0.017,65.0,Fresno - Garland,10.478749825,83.65820975,6.848016879166667,1016.6458333333334,0.0,100.0
2024-01-20,36.78538,-119.77321,5.4,0.025,30.0,Fresno - Garland,13.170416583333333,76.31070004166666,10.602392970833334,1011.4375,0.14166666666666666,95.58333333333333
2024-01-21,36.78538,-119.77321,1.9,0.033,11.0,Fresno - Garland,12.776666375,83.637063875,11.3257318875,1010.7791666666667,0.15833333333333333,87.95833333333333
2024-01-22,36.78538,-119.77321,2.9,0.027,16.0,Fresno - Garland,12.662083125,78.74909508333333,10.098303758333333,1008.3000000000001,0.7958333333333334,99.91666666666667
2024-01-23,36.78538,-119.77321,2.9,0.027,16.0,Fresno - Garland,12.662083125,78.74909508333333,10.098303758333333,1008.3000000000001,0.7958333333333334,99.91666666666667
2024-01-24,36.78538,-119.77321,11.5,0.017,55.0,Fresno - Garland,10.47666645,93.10361529166666,7.784045549999999,1019.5749999999999,0.35000000000000003,91.66666666666667
2024-01-25,36.78538,-119.77321,5.6,0.028,31.0,Fresno - Garland,11.101666316666666,87.82621408333334,8.667202145833334,1020.7458333333334,0.04583333333333334,44.541666666666664
2024-01-26,36.78538,-119.77321,10.7,0.027,54.0,Fresno - Garland,9.168333291666666,84.69335533333333,6.707992604166667,1024.9708333333333,0.0,56.291666666666664
2024-01-27,36.78538,-119.77321,14.0,0.024,60.0,Fresno - Garland,10.94124985,81.98448154166667,5.112492866666667,1026.3291666666667,0.0,99.0
2024-01-28,36.78538,-119.77321,21.4,0.028,74.0,Fresno - Garland,10.874583316666666,86.13827445833334,4.017195458333334,1023.5166666666668,0.0,79.0
2024-01-29,36.78538,-119.77321,20.8,0.029,73.0,Fresno - Garland,12.905833320833333,76.41169433333333,5.9157339375,1020.7583333333333,0.0,43.458333333333336
2024-01-30,36.78538,-119.77321,16.0,0.026,64.0,Fresno - Garland,14.118333208333333,73.54128145833333,5.915229012499999,1018.1041666666666,0.0,30.833333333333332
2024-01-31,36.78538,-119.77321,6.8,0.032,38.0,Fresno - Garland,14.370416541666666,67.59389645833333,10.1787912625,1012.7166666666667,0.0,81.58333333333333
2024-02-01,36.78538,-119.77321,3.6,0.033,20.0,Fresno - Garland,12.847499708333332,75.73317083333333,12.56577675,1006.0500000000001,0.7791666666666667,88.0
2024-02-02,36.78538,-119.77321,5.0,0.031,28.0,Fresno - Garland,9.35374975,88.67237875000001,5.845955804166667,1010.5958333333333,0.42500000000000004,69.33333333333333
2024-02-03,36.78538,-119.77321,7.8,0.03,43.0,Fresno - Garland,8.699583258333334,83.63428858333333,4.376508199166667,1016.5541666666667,0.09583333333333334,85.83333333333333
2024-02-04,36.78538,-119.77321,1.7,0.028,9.0,Fresno - Garland,10.959999833333333,73.18145741666667,16.9743588,1009.6291666666666,0.4916666666666667,98.08333333333333
2024-02-05,36.78538,-119.77321,1.9,0.032,11.0,Fresno - Garland,12.528749833333334,76.14957791666667,16.585534133333333,1008.3541666666666,0.31666666666666665,45.5
2024-02-06,36.78538,-119.77321,1.4,0.03,8.0,Fresno - Garland,10.79958325,84.64759725,5.27473573625,1006.5791666666668,0.17500000000000002,92.20833333333333
2024-02-07,36.78538,-119.77321,2.8,0.028,16.0,Fresno - Garland,8.382916466666666,88.57756829166668,9.244336895833333,1008.4208333333332,0.14583333333333334,58.75
2024-02-08,36.78538,-119.77321,8.6,0.024,48.0,Fresno - Garland,6.9537498125,86.26030920833334,8.326468395833333,1013.4250000000001,0.5291666666666667,91.08333333333333
2024-02-09,36.78538,-119.77321,6.3,0.028,35.0,Fresno - Garland,5.728749952083334,78.85513708333333,5.966194641666667,1019.6750000000001,0.0,39.041666666666664
2024-02-10,36.78538,-119.77321,15.8,0.023,63.0,Fresno - Garland,6.322500016666667,79.74316720833333,7.554470345833334,1019.4708333333333,0.0,25.708333333333332
2024-02-11,36.78538,-119.77321,18.1,0.03,68.0,Fresno - Garland,6.270416647916666,76.00488545833333,6.5930746625,1023.0333333333333,0.0,20.416666666666668
2024-02-12,36.78538,-119.77321,14.1,0.029,60.0,Fresno - Garland,7.616250020833333,78.48484733333333,5.335735645833334,1022.3166666666666,0.0,30.625
2024-02-13,36.78538,-119.77321,13.4,0.029,59.0,Fresno - Garland,8.674583170833333,78.27146508333333,5.311089816666667,1017.7708333333334,0.0,58.083333333333336
2024-02-14,36.78538,-119.77321,13.7,0.031,60.0,Fresno - Garland,9.170416495833333,76.30184458333333,7.178480674999999,1018.4499999999999,0.0,73.0
2024-02-15,36.78538,-119.77321,6.0,0.028,33.0,Fresno - Garland,11.501666583333334,79.51209658333333,7.833757662499999,1021.6916666666666,0.1875,75.54166666666667
2024-02-16,36.78538,-119.77321,15.3,0.025,63.0,Fresno - Garland,10.655833125,81.2598005,4.508828679166666,1021.6583333333333,0.0,82.16666666666667
2024-02-17,36.78538,-119.77321,7.6,0.022,42.0,Fresno - Garland,11.251666416666666,81.618264125,7.662970957083334,1017.9499999999999,0.024999999999999998,97.54166666666667
2024-02-18,36.78538,-119.77321,3.3,0.034,18.0,Fresno - Garland,12.539166458333334,79.10340458333333,12.42453685,1016.275,0.25,50.25
2024-02-19,36.78538,-119.77321,3.3,0.031,18.0,Fresno - Garland,14.401666624999999,78.09662791666666,19.732412333333333,1012.5083333333333,0.7125,70.375
2024-02-20,36.78538,-119.77321,4.2,0.033,23.0,Fresno - Garland,12.728749958333333,73.042290875,11.292568070833333,1017.7916666666666,0.0375,29.958333333333332
2024-02-21,36.78538,-119.77321,4.8,0.033,27.0,Fresno - Garland,11.728749791666667,80.68965795833334,7.953488908333333,1019.3791666666666,0.2916666666666667,73.375
2024-02-22,36.78538,-119.77321,7.1,0.032,39.0,Fresno - Garland,10.018333241666666,79.41229854166666,7.358921804166666,1023.7416666666667,0.0,39.25
2024-02-23,36.78538,-119.77321,9.6,0.027,52.0,Fresno - Garland,10.020416516666666,80.00265691666667,6.656431566666666,1022.1541666666667,0.0,67.29166666666667
2024-02-24,36.78538,-119.77321,15.5,0.031,63.0,Fresno - Garland,11.555833195833335,81.67944795833334,5.7460790458333335,1018.3916666666668,0.0,61.75
2024-02-25,36.78538,-119.77321,12.2,0.039,57.0,Fresno - Garland,12.214166570833333,76.4498195,5.409997320833334,1016.975,0.0,2.9583333333333335
2024-02-26,36.78538,-119.77321,10.3,0.023,53.0,Fresno - Garland,12.501666550000001,79.73860979166666,6.435035541666667,1016.225,0.008333333333333333,50.125
2024-02-27,36.78538,-119.77321,3.9,0.031,22.0,Fresno - Garland,12.099583208333334,82.18956841666666,10.635754654166666,1015.3874999999999,0.04583333333333333,53.5
2024-02-28,36.78538,-119.77321,11.3,0.035,55.0,Fresno - Garland,10.937083220833335,82.2556395,6.296248141666666,1018.2208333333333,0.0,19.541666666666668
2024-02-29,36.78538,-119.77321,7.2,0.03,40.0,Fresno - Garland,12.555833070833332,72.42622716666666,8.607332241666667,1016.9708333333333,0.0,34.25
2024-03-01,36.78538,-119.77321,1.7,0.027,9.0,Fresno - Garland,12.678749791666666,76.95892233333333,17.974298416666667,1017.2458333333334,1.375,76.79166666666667
2024-03-02,36.78538,-119.77321,1.6,0.031,9.0,Fresno - Garland,11.262083124999998,83.24296491666666,15.188319108333333,1012.7583333333333,0.9500000000000001,79.95833333333333
2024-03-03,36.78538,-119.77321,2.1,0.036,12.0,Fresno - Garland,9.605833141666666,78.53294454166667,9.648810729166668,1015.9,0.5583333333333333,90.20833333333333
2024-03-04,36.78538,-119.77321,3.0,0.037,17.0,Fresno - Garland,9.730833262500001,73.861836,9.012207670833334,1019.5708333333333,0.0,54.5
2024-03-05,36.78538,-119.77321,7.6,0.034,42.0,Fresno - Garland,9.9474998625,71.61766795833334,6.023662033333333,1019.2666666666668,0.0,80.45833333333333
2024-03-06,36.78538,-119.77321,4.8,0.031,27.0,Fresno - Garland,11.105833208333335,68.76982945833333,6.98433645,1013.1875,0.004166666666666667,53.625
2024-03-07,36.78538,-119.77321,4.3,0.026,24.0,Fresno - Garland,10.672499779166666,86.20410466666668,10.187479187500001,1012.5416666666666,0.020833333333333332,62.916666666666664
2024-03-08,36.78538,-119.77321,6.6,0.031,37.0,Fresno - Garland,10.441249854166667,80.42717029166667,8.367841791666667,1019.9833333333332,0.004166666666666667,12.0
2024-03-09,36.78538,-119.77321,7.5,0.034,42.0,Fresno - Garland,11.768333241666667,69.32317854166666,5.202235036666667,1020.7708333333334,0.0,46.291666666666664
2024-03-10,36.78538,-119.77321,6.3,0.032,35.0,Fresno - Garland,11.914166600000001,79.92045383333333,6.464344108333333,1018.9958333333334,0.0,80.45833333333333
2024-03-11,36.78538,-119.77321,3.7,0.037,21.0,Fresno - Garland,13.062083125000001,71.81052325,6.7632809499999995,1017.3125,0.020833333333333332,49.333333333333336
2024-03-12,36.78538,-119.77321,3.5,0.032,19.0,Fresno - Garland,12.549583166666666,74.38309241666667,8.681177020833333,1020.0666666666666,0.19166666666666665,90.79166666666667
2024-03-13,36.78538,-119.77321,3.8,0.031,21.0,Fresno - Garland,11.662083283333333,79.70323716666667,15.2241356875,1020.0083333333333,0.0,62.0
2024-03-14,36.78538,-119.77321,5.3,0.036,29.0,Fresno - Garland,11.230833166666665,65.49434325,11.133106416666665,1015.0124999999999,0.0,13.708333333333334
2024-03-15,36.78538,-119.77321,4.7,0.035,26.0,Fresno - Garland,12.280833295833332,53.72949966666667,11.704732758333334,1009.9083333333333,0.0,9.041666666666666
2024-03-16,36.78538,-119.77321,5.8,0.038,32.0,Fresno - Garland,12.509999875,59.316364666666665,7.383219141666667,1013.4958333333334,0.0,31.625
2024-03-17,36.78538,-119.77321,7.5,0.04,42.0,Fresno - Garland,13.787083104166667,68.792292625,6.549442877083333,1017.5166666666668,0.0,17.75
2024-03-18,36.78538,-119.77321,8.8,0.042,49.0,Fresno - Garland,14.539166666666667,72.56870258333333,6.245926602916666,1018.1791666666667,0.0,40.708333333333336
2024-03-19,36.78538,-119.77321,8.7,0.043,48.0,Fresno - Garland,15.955833291666666,72.120364125,5.901862195833334,1017.3000000000001,0.0,4.833333333333333
2024-03-20,36.78538,-119.77321,4.9,0.043,27.0,Fresno - Garland,16.25583325,69.11857679166667,8.269528870833334,1016.35,0.0,1.9583333333333333
2024-03-21,36.78538,-119.77321,3.1,0.037,17.0,Fresno - Garland,15.772499791666666,57.56977816666667,11.1877201875,1017.9208333333332,0.0,32.5
2024-03-22,36.78538,-119.77321,6.4,0.042,36.0,Fresno - Garland,16.324583208333333,65.73117795833333,6.724169320833333,1017.2583333333333,0.0,67.45833333333333
2024-03-23,36.78538,-119.77321,1.3,0.035,7.0,Fresno - Garland,15.087083166666666,63.303894291666666,12.064790825000001,1011.975,0.55,62.625
2024-03-24,36.78538,-119.77321,4.0,0.032,22.0,Fresno - Garland,9.830833137499999,85.02818366666666,6.544178187499999,1010.7208333333333,0.32083333333333336,73.20833333333333
2024-03-25,36.78538,-119.77321,5.3,0.032,29.0,Fresno - Garland,10.820416570833332,72.724997625,7.986570466666667,1014.0208333333334,0.012500000000000002,51.666666666666664
2024-03-26,36.78538,-119.77321,4.4,0.038,24.0,Fresno - Garland,12.066249908333333,71.62371845833333,10.974994375,1017.0500000000001,0.0,31.75
2024-03-27,36.78538,-119.77321,7.7,0.041,43.0,Fresno - Garland,12.464166533333334,73.58876429166666,7.645750179166666,1020.1999999999999,0.0,50.166666666666664
2024-03-28,36.78538,-119.77321,3.3,0.036,18.0,Fresno - Garland,13.030833041666666,78.45758020833334,9.275224920833333,1018.4166666666666,0.3125,92.66666666666667
2024-03-29,36.78538,-119.77321,4.3,0.033,24.0,Fresno - Garland,11.345416533333333,68.55419691666667,10.426689383333333,1012.7333333333332,0.024999999999999998,93.70833333333333
2024-03-30,36.78538,-119.77321,3.2,0.038,18.0,Fresno - Garland,11.795416458333333,74.26813341666667,15.073451791666665,1004.625,0.49583333333333335,69.29166666666667
2024-03-31,36.78538,-119.77321,2.9,0.035,16.0,Fresno - Garland,11.762083229166668,73.28843758333333,7.107525704166666,1006.6625,0.004166666666666667,76.41666666666667
2024-04-01,36.78538,-119.77321,4.8,0.036,27.0,Fresno - Garland,11.882916595833334,78.754610375,5.3907762625,1012.6583333333333,0.004166666666666667,39.208333333333336
2024-04-02,36.78538,-119.77321,9.4,0.042,52.0,Fresno - Garland,14.409999916666665,63.65721533333333,7.1307710250000005,1022.5541666666667,0.0,0.16666666666666666
2024-04-03,36.78538,-119.77321,5.2,0.045,29.0,Fresno - Garland,16.157916625000002,64.01933691666666,6.2284796,1022.125,0.0,0.4583333333333333
2024-04-04,36.78538,-119.77321,2.4,0.033,13.0,Fresno - Garland,12.749583166666667,68.90161433333334,14.243811079166667,1012.0291666666667,0.22916666666666666,83.875
2024-04-05,36.78538,-119.77321,1.6,0.035,9.0,Fresno - Garland,7.362083095833333,76.006146125,14.671910195833334,1011.0124999999999,0.2916666666666667,72.5
2024-04-06,36.78538,-119.77321,5.5,0.038,31.0,Fresno - Garland,7.599583270833333,75.75854283333334,5.3132680125,1022.5500000000001,0.004166666666666667,9.166666666666666
2024-04-07,36.78538,-119.77321,3.7,0.039,21.0,Fresno - Garland,10.097499829166667,65.001066,10.221970229166667,1022.65,0.0,34.041666666666664
2024-04-08,36.78538,-119.77321,7.2,0.037,40.0,Fresno - Garland,10.737083291666666,67.27083779166666,7.557470974166667,1017.9541666666668,0.0,2.5416666666666665
2024-04-09,36.78538,-119.77321,7.0,0.047,39.0,Fresno - Garland,13.351666533333335,65.33567558333333,6.1559323,1019.9625,0.0,0.625
2024-04-10,36.78538,-119.77321,8.9,0.047,49.0,Fresno - Garland,15.903749875,63.568022375,5.549014566666667,1019.2624999999999,0.0,20.541666666666668
2024-04-11,36.78538,-119.77321,13.3,0.055,59.0,Fresno - Garland,18.216249958333332,70.19553591666666,5.2854740125,1014.6,0.0,36.833333333333336
2024-04-12,36.78538,-119.77321,10.2,0.046,53.0,Fresno - Garland,20.172499916666666,59.722545875,10.778216620833334,1006.5333333333333,0.0,1.125
2024-04-13,36.78538,-119.77321,4.4,0.049,24.0,Fresno - Garland,15.182916458333333,62.365832250000004,18.1570715,1011.4499999999999,0.2625,38.25
2024-04-14,36.78538,-119.77321,2.0,0.039,11.0,Fresno - Garland,8.418333200000001,84.423376625,12.2967060375,1018.0916666666667,0.8666666666666667,88.66666666666667
2024-04-15,36.78538,-119.77321,4.1,0.041,23.0,Fresno - Garland,11.426666479166668,73.01075829166666,7.5385993625,1020.6958333333333,0.0,59.666666666666664
2024-04-16,36.78538,-119.77321,6.5,0.039,36.0,Fresno - Garland,13.75374995,74.8093145,5.393099204166667,1020.0833333333334,0.0,12.666666666666666
2024-04-17,36.78538,-119.77321,11.6,0.046,56.0,Fresno - Garland,16.55374970833333,77.68453604166668,5.420386149166667,1017.0583333333334,0.0,79.875
2024-04-18,36.78538,-119.77321,10.4,0.05,53.0,Fresno - Garland,18.878749958333334,73.14078158333334,4.315579745833333,1013.5333333333333,0.0,32.333333333333336
2024-04-19,36.78538,-119.77321,8.6,0.049,48.0,Fresno - Garland,19.701666666666668,65.71942175,8.636572395833333,1012.0083333333333,0.0,42.958333333333336
2024-04-20,36.78538,-119.77321,7.2,0.041,40.0,Fresno - Garland,19.557916625,67.11264845833334,9.742579529166667,1014.2624999999999,0.0,24.833333333333332
2024-04-21,36.78538,-119.77321,8.1,0.043,45.0,Fresno - Garland,19.40375,65.94092216666667,8.404552657083334,1016.0166666666668,0.0,18.208333333333332
2024-04-22,36.78538,-119.77321,11.5,0.056,55.0,Fresno - Garland,21.662083291666665,67.26545558333333,5.686631625,1009.9583333333334,0.0,13.25
2024-04-23,36.78538,-119.77321,8.9,0.046,49.0,Fresno - Garland,19.38499991666667,62.561820250000004,9.485843183333333,1010.6374999999999,0.0,12.25
2024-04-24,36.78538,-119.77321,8.0,0.036,44.0,Fresno - Garland,16.782916583333336,62.868112708333335,9.984824808333334,1015.85,0.0,66.45833333333333
2024-04-25,36.78538,-119.77321,5.1,0.038,28.0,Fresno - Garland,16.276666625,62.172571375,13.0474539375,1016.4791666666666,0.0,35.041666666666664
2024-04-26,36.78538,-119.77321,2.9,0.037,16.0,Fresno - Garland,16.264166541666665,61.280263875,19.187637125,1015.2166666666667,0.008333333333333333,60.583333333333336
2024-04-27,36.78538,-119.77321,3.6,0.034,20.0,Fresno - Garland,15.414166625,61.889642458333334,13.029760833333334,1015.5833333333334,0.0,31.125
2024-04-28,36.78538,-119.77321,3.3,0.036,18.0,Fresno - Garland,16.94958325,58.421125999999994,13.080775229166667,1017.6083333333332,0.0,4.833333333333333
2024-04-29,36.78538,-119.77321,3.8,0.046,21.0,Fresno - Garland,17.857916499999998,51.717878541666664,16.478389083333333,1015.9125,0.0,0.16666666666666666
2024-04-30,36.78538,-119.77321,6.4,0.045,36.0,Fresno - Garland,17.826666625,44.03191475,15.766691083333333,1013.8083333333334,0.0,0.16666666666666666
2024-05-01,36.78538,-119.77321,4.0,0.043,22.0,Fresno - Garland,17.874583291666667,41.24248704166667,15.641106125,1012.6833333333334,0.0,0.125
2024-05-02,36.78538,-119.77321,6.5,0.044,36.0,Fresno - Garland,18.339166541666668,37.35370158333333,9.614407204166666,1012.9291666666667,0.0,13.958333333333334
2024-05-03,36.78538,-119.77321,4.1,0.039,23.0,Fresno - Garland,20.028749958333332,54.5354785,12.539902583333335,1011.0458333333332,0.0,0.0
2024-05-04,36.78538,-119.77321,3.2,0.03,18.0,Fresno - Garland,17.75583325,57.96901995833333,12.229500862500002,1009.3416666666667,0.07083333333333335,51.0
2024-05-05,36.78538,-119.77321,3.4,0.039,19.0,Fresno - Garland,10.9683331625,71.50927633333333,13.739371875000002,1014.2208333333333,0.28750000000000003,26.166666666666668
2024-05-06,36.78538,-119.77321,3.1,0.042,17.0,Fresno - Garland,12.903749895833334,55.17406220833333,12.718055083333333,1018.9875000000001,0.0,12.083333333333334
2024-05-07,36.78538,-119.77321,4.4,0.045,24.0,Fresno - Garland,15.778749875,60.106714375,12.997421833333334,1016.6625,0.0,7.458333333333333
2024-05-08,36.78538,-119.77321,7.1,0.043,39.0,Fresno - Garland,16.989166541666666,47.732070541666666,9.8891307625,1012.5500000000001,0.0,0.875
2024-05-09,36.78538,-119.77321,8.8,0.053,49.0,Fresno - Garland,19.387083208333333,52.88350429166667,7.103278558333333,1010.85,0.0,0.875
2024-05-10,36.78538,-119.77321,6.4,0.047,36.0,Fresno - Garland,21.81833325,41.11906758333333,5.9395060125,1012.6625,0.0,3.9583333333333335
2024-05-11,36.78538,-119.77321,5.9,0.05,33.0,Fresno - Garland,22.626666625,48.136381625000006,5.709615404166667,1011.5749999999999,0.0,2.4583333333333335
2024-05-12,36.78538,-119.77321,6.1,0.052,34.0,Fresno - Garland,24.235,45.01625983333333,8.0609252,1011.1083333333332,0.0,0.5
2024-05-13,36.78538,-119.77321,4.3,0.05,24.0,Fresno - Garland,24.426666666666666,38.49175783333333,14.224676604166667,1010.4583333333334,0.0,14.083333333333334
2024-05-14,36.78538,-119.77321,7.1,0.053,39.0,Fresno - Garland,23.94333333333333,36.720085708333336,13.644299633333333,1009.9333333333334,0.0,40.416666666666664
2024-05-15,36.78538,-119.77321,10.2,0.057,53.0,Fresno - Garland,24.780833333333334,40.84978733333333,10.916689191666668,1008.8125,0.0,16.75
2024-05-16,36.78538,-119.77321,7.7,0.051,43.0,Fresno - Garland,24.957916666666666,44.85941220833333,10.759436791666667,1009.8708333333334,0.0,1.4583333333333333
2024-05-17,36.78538,-119.77321,5.4,0.05,30.0,Fresno - Garland,23.678749999999997,47.981636791666666,11.410107187500001,1010.1916666666666,0.0,4.583333333333333
2024-05-18,36.78538,-119.77321,6.5,0.047,36.0,Fresno - Garland,23.345416666666665,49.964323666666665,9.668870920833333,1010.3166666666666,0.0,5.875
2024-05-19,36.78538,-119.77321,5.6,0.048,31.0,Fresno - Garland,22.93083329166667,47.03452575,12.3652504,1012.8458333333333,0.0,0.16666666666666666
2024-05-20,36.78538,-119.77321,8.7,0.05,48.0,Fresno - Garland,21.09333325,42.576876500000004,12.471933604166667,1011.725,0.0,0.7083333333333334
2024-05-21,36.78538,-119.77321,7.4,0.052,41.0,Fresno - Garland,21.772499999999997,35.97039229166666,11.063362341666666,1011.9166666666666,0.0,8.25
2024-05-22,36.78538,-119.77321,6.6,0.056,37.0,Fresno - Garland,23.1975,29.627374791666668,7.129369344583334,1011.4833333333332,0.0,0.0
2024-05-23,36.78538,-119.77321,6.0,0.05,33.0,Fresno - Garland,22.6725,39.928621916666664,12.6083750625,1010.0916666666667,0.0,0.0
2024-05-24,36.78538,-119.77321,7.4,0.042,41.0,Fresno - Garland,21.776666666666667,34.64921725,10.587436033333333,1009.5375,0.0,14.833333333333334
2024-05-25,36.78538,-119.77321,3.0,0.035,17.0,Fresno - Garland,18.332916625,50.84052279166667,11.986115420833334,1012.5416666666666,0.0,7.666666666666667
2024-05-26,36.78538,-119.77321,5.2,0.047,29.0,Fresno - Garland,19.96,46.26295625,11.870420854166667,1014.5666666666666,0.0,0.0
2024-05-27,36.78538,-119.77321,6.7,0.049,37.0,Fresno - Garland,23.264166666666668,41.73316141666667,7.924967608333333,1013.9083333333333,0.0,0.0
2024-05-28,36.78538,-119.77321,6.7,0.049,37.0,Fresno - Garland,23.264166666666668,41.73316141666667,7.924967608333333,1013.9083333333333,0.0,0.0
2024-05-29,36.78538,-119.77321,6.7,0.049,37.0,Fresno - Garland,23.264166666666668,41.73316141666667,7.924967608333333,1013.9083333333333,0.0,0.0
2024-05-30,36.78538,-119.77321,7.1,0.05,39.0,Fresno - Garland,25.089166666666667,30.460907583333334,10.7807333875,1013.2541666666666,0.0,9.25
2024-05-31,36.78538,-119.77321,8.2,0.056,46.0,Fresno - Garland,26.649583333333336,30.042422000000002,8.476082695833334,1009.4166666666666,0.0,3.5
2024-06-01,36.78538,-119.77321,8.0,0.044,44.0,Fresno - Garland,27.095416666666665,28.353849874999998,10.401835616666666,1008.3416666666667,0.0,0.125
2024-06-02,36.78538,-119.77321,7.3,0.041,41.0,Fresno - Garland,23.468333291666667,41.153140791666665,15.912411687499999,1010.6958333333333,0.0,35.541666666666664
2024-06-03,36.78538,-119.77321,4.3,0.024,24.0,Fresno - Garland,24.864166666666666,44.85485658333334,15.552356208333334,1011.5333333333333,0.0,60.833333333333336
2024-06-04,36.78538,-119.77321,10.2,0.043,53.0,Fresno - Garland,24.466250000000002,48.19771616666667,11.7289888375,1011.0416666666666,0.0,47.541666666666664
2024-06-05,36.78538,-119.77321,12.4,0.059,57.0,Fresno - Garland,29.089166666666667,41.50704470833333,5.362138020833334,1009.6208333333334,0.0,0.0
2024-06-06,36.78538,-119.77321,12.9,0.06,58.0,Fresno - Garland,32.1475,35.06885545833333,7.412554766666666,1007.1333333333333,0.0,0.125
2024-06-07,36.78538,-119.77321,9.4,0.053,52.0,Fresno - Garland,31.857916666666668,25.54795220833333,10.240617483333333,1006.1291666666666,0.0,0.3333333333333333
2024-06-08,36.78538,-119.77321,10.1,0.043,53.0,Fresno - Garland,27.44125,33.467631000000004,12.741195433333333,1008.0791666666668,0.0,42.75
2024-06-09,36.78538,-119.77321,7.3,0.041,41.0,Fresno - Garland,25.780833333333334,34.08410383333334,10.789546079166668,1009.9458333333333,0.0,38.25
2024-06-10,36.78538,-119.77321,10.6,0.049,54.0,Fresno - Garland,26.218333333333334,35.852686291666664,10.6665044125,1010.8249999999999,0.0,2.0
2024-06-11,36.78538,-119.77321,14.2,0.064,61.0,Fresno - Garland,29.772499999999997,37.665925208333334,7.454270833333333,1009.5625,0.0,5.541666666666667
2024-06-12,36.78538,-119.77321,17.1,0.08,66.0,Fresno - Garland,32.03916666666667,31.639194375000002,7.287684666666666,1007.5749999999999,0.0,6.75
2024-06-13,36.78538,-119.77321,9.1,0.062,51.0,Fresno - Garland,28.872500000000002,33.5021305,10.450964345833333,1009.5124999999999,0.0,7.083333333333333
2024-06-14,36.78538,-119.77321,9.1,0.062,51.0,Fresno - Garland,28.872500000000002,33.5021305,10.450964345833333,1009.5124999999999,0.0,7.083333333333333
2024-06-15,36.78538,-119.77321,9.1,0.062,51.0,Fresno - Garland,28.872500000000002,33.5021305,10.450964345833333,1009.5124999999999,0.0,7.083333333333333
2024-06-16,36.78538,-119.77321,5.2,0.003,29.0,Fresno - Garland,25.718333333333334,26.420757708333337,16.702927166666665,1008.8666666666667,0.0,0.0
2024-06-17,36.78538,-119.77321,5.2,0.003,29.0,Fresno - Garland,25.718333333333334,26.420757708333337,16.702927166666665,1008.8666666666667,0.0,0.0
2024-06-18,36.78538,-119.77321,7.1,0.05,39.0,Fresno - Garland,23.995416625,16.812800541666665,10.464764595833334,1007.4041666666667,0.0,24.958333333333332
2024-06-19,36.78538,-119.77321,10.5,0.056,54.0,Fresno - Garland,25.214166666666667,18.65297760416667,9.753603525,1008.0916666666667,0.0,20.125
2024-06-20,36.78538,-119.77321,8.3,0.054,46.0,Fresno - Garland,25.66625,26.64907129166667,12.252861916666667,1008.3708333333334,0.0,0.3333333333333333
2024-06-21,36.78538,-119.77321,10.1,0.054,53.0,Fresno - Garland,27.320416666666663,26.675834041666665,10.605417504166667,1006.7875,0.0,0.125
2024-06-22,36.78538,-119.77321,15.9,0.071,64.0,Fresno - Garland,30.01625,28.224790125,6.24920006125,1006.7541666666666,0.0,0.0
2024-06-23,36.78538,-119.77321,11.3,0.068,55.0,Fresno - Garland,32.345416666666665,22.81426654166667,7.0394901875,1008.4041666666667,0.0,0.041666666666666664
2024-06-24,36.78538,-119.77321,9.0,0.053,50.0,Fresno - Garland,33.566250000000004,19.301135041666665,7.509277608333334,1009.2083333333334,0.0,12.666666666666666
2024-06-25,36.78538,-119.77321,7.9,0.057,44.0,Fresno - Garland,32.876666666666665,25.614266833333332,9.501186441666666,1009.1833333333334,0.0,18.583333333333332
2024-06-26,36.78538,-119.77321,4.0,0.053,22.0,Fresno - Garland,31.774583333333336,15.559522416666667,15.829292500000001,1011.0375,0.004166666666666667,5.291666666666667
2024-06-27,36.78538,-119.77321,2.6,0.049,14.0,Fresno - Garland,29.4475,20.009171791666667,15.666518333333334,1010.4541666666668,0.0,0.0
2024-06-28,36.78538,-119.77321,6.8,0.053,38.0,Fresno - Garland,28.214166666666667,23.991787229166665,9.555917195833333,1007.0166666666668,0.0,0.0
2024-06-29,36.78538,-119.77321,9.8,0.064,52.0,Fresno - Garland,29.81625,24.303598770833332,6.6158466625,1007.475,0.0,0.0
2024-06-30,36.78538,-119.77321,7.4,0.047,41.0,Fresno - Garland,30.51625,26.622753416666665,11.722381770833332,1010.65,0.0,0.0
2024-07-01,36.78538,-119.77321,6.3,0.05,35.0,Fresno - Garland,30.657916666666665,29.45233383333333,12.8922226875,1010.2166666666667,0.0,0.0
2024-07-02,36.78538,-119.77321,8.3,0.059,46.0,Fresno - Garland,32.35375,21.28528175,9.620697254166666,1007.4458333333333,0.0,0.0
2024-07-03,36.78538,-119.77321,14.9,0.074,62.0,Fresno - Garland,34.089166666666664,19.284065208333335,7.574355945833333,1007.275,0.0,0.0
2024-07-04,36.78538,-119.77321,24.0,0.073,79.0,Fresno - Garland,34.86625,19.3749925,10.313701779166667,1010.2458333333334,0.0,0.0
2024-07-05,36.78538,-119.77321,13.6,0.067,59.0,Fresno - Garland,35.626666666666665,16.444251583333333,15.160189208333334,1010.7708333333334,0.0,0.16666666666666666
2024-07-06,36.78538,-119.77321,17.3,0.075,66.0,Fresno - Garland,35.374583333333334,21.190040229166666,7.723519320833333,1008.3000000000001,0.0,0.0
2024-07-07,36.78538,-119.77321,17.9,0.078,67.0,Fresno - Garland,36.620416666666664,23.041910958333332,8.584156441666666,1007.6666666666666,0.0,0.0
2024-07-08,36.78538,-119.77321,11.9,0.07,56.0,Fresno - Garland,36.253750000000004,20.311657583333332,10.505961525,1007.0583333333334,0.0,0.0
2024-07-09,36.78538,-119.77321,11.9,0.07,56.0,Fresno - Garland,36.253750000000004,20.311657583333332,10.505961525,1007.0583333333334,0.0,0.0
2024-07-10,36.78538,-119.77321,13.1,0.067,58.0,Fresno - Garland,33.526666666666664,27.278042312500002,8.6808642625,1008.2791666666667,0.0,0.0
2024-07-11,36.78538,-119.77321,16.4,0.079,65.0,Fresno - Garland,35.21208333333333,20.723736125,5.720591404166666,1008.3708333333334,0.0,0.0
2024-07-12,36.78538,-119.77321,17.3,0.085,66.0,Fresno - Garland,36.187083333333334,19.033118679166666,7.497611775,1007.2875,0.0,24.125
2024-07-13,36.78538,-119.77321,15.8,0.073,63.0,Fresno - Garland,36.57458333333333,18.855359687500002,8.763337312500001,1007.6083333333332,0.0,26.666666666666668
2024-07-14,36.78538,-119.77321,8.9,0.063,49.0,Fresno - Garland,34.403749999999995,23.4443341875,7.956667745833333,1011.6166666666667,0.0,4.875
2024-07-15,36.78538,-119.77321,9.2,0.06,51.0,Fresno - Garland,33.216249999999995,27.054356958333333,11.462245516666668,1012.6750000000001,0.0,4.833333333333333
2024-07-16,36.78538,-119.77321,8.5,0.06,47.0,Fresno - Garland,31.385,28.8679465,12.461885291666666,1011.8666666666667,0.0,1.75
2024-07-17,36.78538,-119.77321,6.0,0.057,33.0,Fresno - Garland,28.87875,31.2315275,13.438503091666666,1012.9416666666666,0.0,0.0
2024-07-18,36.78538,-119.77321,8.1,0.057,45.0,Fresno - Garland,30.39125,25.76445,10.726915758333334,1012.4333333333334,0.0,5.25
2024-07-19,36.78538,-119.77321,12.4,0.06,57.0,Fresno - Garland,32.5225,21.585072458333332,9.060928175,1012.5375,0.0,2.2916666666666665
2024-07-20,36.78538,-119.77321,11.8,0.056,56.0,Fresno - Garland,34.193333333333335,19.44933908333333,7.312130020833333,1010.5666666666666,0.0,0.16666666666666666
2024-07-21,36.78538,-119.77321,11.8,0.056,56.0,Fresno - Garland,34.193333333333335,19.44933908333333,7.312130020833333,1010.5666666666666,0.0,0.16666666666666666
2024-07-22,36.78538,-119.77321,13.3,0.066,59.0,Fresno - Garland,33.5475,25.13228266666667,8.192298854166667,1008.25,0.0,1.8333333333333333
2024-07-23,36.78538,-119.77321,11.7,0.067,56.0,Fresno - Garland,35.968333333333334,20.53964572916667,7.396820325,1008.0708333333333,0.0,4.875
2024-07-24,36.78538,-119.77321,8.8,0.067,49.0,Fresno - Garland,37.03916666666667,17.046692375,12.072261833333334,1011.65,0.0,9.416666666666666
2024-07-25,36.78538,-119.77321,8.4,0.048,47.0,Fresno - Garland,35.95791666666667,17.748049416666667,11.691879333333333,1013.8291666666668,0.0,3.8333333333333335
2024-07-26,36.78538,-119.77321,7.0,0.047,39.0,Fresno - Garland,34.435,16.28976366666667,11.463455941666666,1010.6125000000001,0.0,0.625
2024-07-27,36.78538,-119.77321,8.7,0.047,48.0,Fresno - Garland,29.12875,25.386730208333333,12.611009133333333,1009.0,0.0,0.4583333333333333
2024-07-28,36.78538,-119.77321,8.0,0.047,44.0,Fresno - Garland,26.012083333333333,38.07490154166667,11.664708037499999,1010.225,0.0,0.0
2024-07-29,36.78538,-119.77321,10.0,0.053,53.0,Fresno - Garland,27.920416666666668,31.6561695,9.1364794625,1011.7875,0.0,0.0
2024-07-30,36.78538,-119.77321,9.7,0.053,52.0,Fresno - Garland,28.53708333333333,31.779371333333334,11.240476129166666,1012.1875,0.0,0.0
2024-07-31,36.78538,-119.77321,7.1,0.044,39.0,Fresno - Garland,29.44333333333333,34.5434205,9.266345095833334,1011.125,0.0,0.0
2024-08-01,36.78538,-119.77321,11.5,0.068,55.0,Fresno - Garland,31.16208333333333,26.564085125000002,6.6622127833333336,1011.8708333333334,0.0,13.916666666666666
2024-08-02,36.78538,-119.77321,8.9,0.041,49.0,Fresno - Garland,32.657916666666665,22.748776208333336,8.520058954166666,1014.4333333333334,0.0,80.91666666666667
2024-08-03,36.78538,-119.77321,12.0,0.064,56.0,Fresno - Garland,31.524583333333336,29.913099375,8.189985891666668,1013.5291666666667,0.0,21.125
2024-08-04,36.78538,-119.77321,9.5,0.061,52.0,Fresno - Garland,33.66625,22.684920583333334,7.8593185708333335,1009.7458333333334,0.0,0.25
2024-08-05,36.78538,-119.77321,14.6,0.063,61.0,Fresno - Garland,33.407916666666665,22.7812758125,9.5540722125,1009.6291666666666,0.0,4.625
2024-08-06,36.78538,-119.77321,15.3,0.063,63.0,Fresno - Garland,33.21625,23.215097291666666,9.768825104166666,1011.1583333333333,0.0,19.25
2024-08-07,36.78538,-119.77321,12.4,0.066,57.0,Fresno - Garland,34.48291666666667,16.1345022375,7.5190646125,1010.8583333333332,0.0,1.625
2024-08-08,36.78538,-119.77321,10.2,0.057,53.0,Fresno - Garland,34.23291666666667,13.7654993125,12.586439766666667,1009.8166666666666,0.0,5.791666666666667
2024-08-09,36.78538,-119.77321,16.8,0.056,65.0,Fresno - Garland,32.88916666666667,17.140677291666666,12.002390083333333,1009.525,0.0,0.0
2024-08-10,36.78538,-119.77321,7.8,0.053,43.0,Fresno - Garland,32.714166666666664,17.684121870833334,12.5136575,1010.0749999999999,0.0,3.2083333333333335
2024-08-11,36.78538,-119.77321,8.3,0.045,46.0,Fresno - Garland,32.70166666666667,18.269623616666667,9.6154489875,1010.7416666666667,0.0,31.875
2024-08-12,36.78538,-119.77321,6.7,0.046,37.0,Fresno - Garland,31.29125,24.901073866666668,12.06993155,1010.5458333333332,0.0,3.3333333333333335
2024-08-13,36.78538,-119.77321,5.1,0.045,28.0,Fresno - Garland,29.543333333333333,21.212161791666666,12.2831707625,1011.1708333333332,0.0,5.0
2024-08-14,36.78538,-119.77321,5.4,0.041,30.0,Fresno - Garland,29.151666666666667,25.000219416666667,11.812822491666667,1013.0,0.0,0.0
2024-08-15,36.78538,-119.77321,4.2,0.039,23.0,Fresno - Garland,29.20375,26.256390916666664,14.869797895833335,1013.6083333333332,0.0,0.0
2024-08-16,36.78538,-119.77321,4.9,0.04,27.0,Fresno - Garland,28.66416666666667,30.888407333333333,9.8883719375,1011.3625000000001,0.0,0.0
2024-08-17,36.78538,-119.77321,3.5,0.031,19.0,Fresno - Garland,28.85166666666667,30.624674625,12.046084625,1009.9125,0.0,0.0
2024-08-18,36.78538,-119.77321,2.8,0.034,16.0,Fresno - Garland,26.182916666666667,47.02947879166667,13.810115787500001,1012.6958333333333,0.0,0.0
2024-08-19,36.78538,-119.77321,6.9,0.048,38.0,Fresno - Garland,27.301666666666666,33.073202375,8.972442183333333,1013.6999999999999,0.0,0.0
2024-08-20,36.78538,-119.77321,4.6,0.049,26.0,Fresno - Garland,28.301666666666666,25.03580902083333,11.740133633333334,1014.4583333333334,0.0,0.0
2024-08-21,36.78538,-119.77321,2.8,0.04,16.0,Fresno - Garland,28.27875,28.448622625,11.615895075,1013.9791666666666,0.0,0.0
2024-08-22,36.78538,-119.77321,4.5,0.041,25.0,Fresno - Garland,27.153750000000002,30.238791791666667,11.208299062500002,1011.1833333333334,0.0,0.0
2024-08-23,36.78538,-119.77321,7.3,0.035,41.0,Fresno - Garland,23.397499999999997,44.363908458333334,15.418075854166666,1012.875,0.0,19.875
2024-08-24,36.78538,-119.77321,5.5,0.035,31.0,Fresno - Garland,23.03708333333333,38.29808475,12.61033825,1015.2291666666666,0.0,54.0
2024-08-25,36.78538,-119.77321,6.1,0.042,34.0,Fresno - Garland,23.22875,41.40333104166667,12.847076916666666,1017.2333333333332,0.0,1.625
2024-08-26,36.78538,-119.77321,10.1,0.051,53.0,Fresno - Garland,25.105833333333333,31.598822645833334,6.372643329166667,1017.4041666666667,0.0,0.375
2024-08-27,36.78538,-119.77321,10.8,0.057,54.0,Fresno - Garland,28.03916666666667,25.420177062500002,7.296153090833333,1014.2375000000001,0.0,0.0
2024-08-28,36.78538,-119.77321,10.6,0.063,54.0,Fresno - Garland,30.035,21.526417791666663,8.484471225,1010.9416666666666,0.0,0.0
2024-08-29,36.78538,-119.77321,11.2,0.064,55.0,Fresno - Garland,30.00791666666667,20.02175670833333,8.407814729166667,1011.0708333333333,0.0,0.0
2024-08-30,36.78538,-119.77321,14.0,0.064,60.0,Fresno - Garland,29.58083333333333,23.334441625,9.82499015,1013.3333333333334,0.0,0.0
2024-08-31,36.78538,-119.77321,12.1,0.063,57.0,Fresno - Garland,29.999583333333334,27.738791979166667,8.525928445833333,1013.1333333333333,0.0,0.0
2024-09-01,36.78538,-119.77321,12.4,0.058,57.0,Fresno - Garland,30.045416666666668,28.833963625,8.137884675,1011.1916666666666,0.0,5.75
2024-09-02,36.78538,-119.77321,12.4,0.058,57.0,Fresno - Garland,30.045416666666668,28.833963625,8.137884675,1011.1916666666666,0.0,5.75
2024-09-03,36.78538,-119.77321,10.4,0.056,53.0,Fresno - Garland,28.66416666666667,30.509202875,8.431693970833333,1011.5749999999999,0.0,0.0
2024-09-04,36.78538,-119.77321,14.2,0.05,61.0,Fresno - Garland,30.949583333333333,26.582605458333333,6.686151566666666,1011.6750000000001,0.0,0.0
2024-09-05,36.78538,-119.77321,9.8,0.055,52.0,Fresno - Garland,31.716250000000002,24.525958,7.9276999833333335,1013.4958333333334,0.0,0.0
2024-09-06,36.78538,-119.77321,9.6,0.065,52.0,Fresno - Garland,32.655833333333334,18.34804516666667,9.641961645833334,1012.4875000000001,0.0,3.0833333333333335
2024-09-07,36.78538,-119.77321,7.8,0.051,43.0,Fresno - Garland,32.307916666666664,16.8592536,9.92670025,1010.3291666666668,0.0,1.0416666666666667
2024-09-08,36.78538,-119.77321,6.8,0.053,38.0,Fresno - Garland,31.6975,21.490398,8.9324978375,1009.0291666666667,0.0,0.125
2024-09-09,36.78538,-119.77321,6.8,0.052,38.0,Fresno - Garland,31.56625,18.6350260625,6.6292147375,1009.4625,0.0,0.0
2024-09-10,36.78538,-119.77321,7.3,0.046,41.0,Fresno - Garland,29.293333333333333,28.5710511875,8.9489789375,1008.5958333333333,0.0,3.2916666666666665
2024-09-11,36.78538,-119.77321,6.1,0.036,34.0,Fresno - Garland,25.714166666666667,32.79858154166667,13.497048145833332,1007.8249999999999,0.0,2.6666666666666665
2024-09-12,36.78538,-119.77321,5.0,0.037,28.0,Fresno - Garland,23.528750000000002,48.50737933333334,15.618448833333334,1007.4041666666667,0.0,0.041666666666666664
2024-09-13,36.78538,-119.77321,9.5,0.046,52.0,Fresno - Garland,24.484999958333333,35.188485875000005,5.9857223333333325,1007.2416666666667,0.0,0.0
2024-09-14,36.78538,-119.77321,9.6,0.052,52.0,Fresno - Garland,25.94333333333333,31.423808374999997,6.447770807083334,1008.1125000000001,0.0,0.125
2024-09-15,36.78538,-119.77321,4.2,0.035,23.0,Fresno - Garland,25.584999999999997,32.52496145833333,10.420964970833333,1007.8791666666666,0.0,10.958333333333334
2024-09-16,36.78538,-119.77321,4.5,0.033,25.0,Fresno - Garland,19.872499958333332,47.553829375,11.407080454166667,1009.1875,0.0,46.958333333333336
2024-09-17,36.78538,-119.77321,7.8,0.037,43.0,Fresno - Garland,19.05583329166667,51.52561733333334,8.449650408333333,1013.1374999999999,0.0,14.291666666666666
2024-09-18,36.78538,-119.77321,9.8,0.035,52.0,Fresno - Garland,21.693333291666665,45.818206124999996,7.446707,1010.9416666666666,0.0,70.58333333333333
2024-09-19,36.78538,-119.77321,5.8,0.039,32.0,Fresno - Garland,22.22875,48.03905841666667,10.03708485,1009.4458333333333,0.0,43.25
2024-09-20,36.78538,-119.77321,9.2,0.043,51.0,Fresno - Garland,23.230833333333333,45.93854629166666,7.272736520833334,1009.8625000000001,0.0,16.541666666666668
2024-09-21,36.78538,-119.77321,9.8,0.057,52.0,Fresno - Garland,24.62875,42.003967458333335,5.410452729166667,1010.25,0.0,0.2916666666666667
2024-09-22,36.78538,-119.77321,9.1,0.055,51.0,Fresno - Garland,26.112083333333334,41.46017245833333,6.62017745,1010.8874999999999,0.0,0.0
2024-09-23,36.78538,-119.77321,11.3,0.058,55.0,Fresno - Garland,27.32875,38.291088145833335,6.0399799666666665,1010.0875,0.0,0.0
2024-09-24,36.78538,-119.77321,14.0,0.064,60.0,Fresno - Garland,28.124583333333334,32.399796875,7.137673120833334,1007.6999999999999,0.0,0.7916666666666666
2024-09-25,36.78538,-119.77321,10.6,0.054,54.0,Fresno - Garland,28.44541666666667,31.237850958333336,6.076812895833334,1006.5500000000001,0.0,18.416666666666668
2024-09-26,36.78538,-119.77321,9.4,0.051,52.0,Fresno - Garland,25.239166666666666,39.446422958333336,9.7991657375,1009.2916666666666,0.0,0.0
2024-09-27,36.78538,-119.77321,11.0,0.056,55.0,Fresno - Garland,25.205833333333334,37.77377116666667,6.442152804166667,1010.4041666666667,0.0,0.0
2024-09-28,36.78538,-119.77321,11.6,0.055,56.0,Fresno - Garland,26.2975,31.544045708333332,5.937867583333333,1007.9708333333333,0.0,0.0
2024-09-29,36.78538,-119.77321,5.6,0.044,31.0,Fresno - Garland,25.903750000000002,34.368969041666666,9.273734025000001,1010.3791666666666,0.0,0.0
2024-09-30,36.78538,-119.77321,10.6,0.053,54.0,Fresno - Garland,25.8225,36.490684458333334,6.7637824916666665,1011.35,0.0,0.0
2024-10-01,36.78538,-119.77321,17.2,0.059,66.0,Fresno - Garland,27.185000000000002,31.51927860416667,6.542273079166667,1012.8708333333334,0.0,0.0
2024-10-02,36.78538,-119.77321,20.1,0.068,71.0,Fresno - Garland,28.735,27.1108174375,7.561679537500001,1011.125,0.0,0.0
2024-10-03,36.78538,-119.77321,18.1,0.066,68.0,Fresno - Garland,29.6225,22.631966583333334,7.941632729166667,1007.8458333333333,0.0,0.0
2024-10-04,36.78538,-119.77321,12.0,0.06,56.0,Fresno - Garland,30.12875,20.082047958333334,7.341393679166667,1009.1374999999999,0.0,6.458333333333333
2024-10-05,36.78538,-119.77321,11.0,0.058,55.0,Fresno - Garland,29.435000000000002,18.024851270833334,7.166886825,1012.7624999999999,0.0,0.6666666666666666
2024-10-06,36.78538,-119.77321,13.1,0.051,58.0,Fresno - Garland,28.857916666666668,24.795047770833335,6.473708679166666,1013.2624999999999,0.0,17.708333333333332
2024-10-07,36.78538,-119.77321,16.7,0.062,65.0,Fresno - Garland,28.301666666666666,26.917932041666663,7.6641733499999996,1011.0333333333333,0.0,20.5
2024-10-08,36.78538,-119.77321,15.1,0.06,62.0,Fresno - Garland,28.11,23.37790929166667,6.163292108333334,1008.2083333333334,0.0,1.625
2024-10-09,36.78538,-119.77321,11.7,0.058,56.0,Fresno - Garland,26.81,27.902207708333336,7.173463233333333,1010.6125000000001,0.0,1.0833333333333333
2024-10-10,36.78538,-119.77321,9.2,0.045,51.0,Fresno - Garland,25.274583333333336,34.440758208333335,8.104218895833332,1013.6958333333333,0.0,79.83333333333333
2024-10-11,36.78538,-119.77321,8.9,0.043,49.0,Fresno - Garland,23.764166666666668,33.92936954166667,6.157353366666666,1014.7958333333332,0.0,45.125
2024-10-12,36.78538,-119.77321,5.1,0.034,28.0,Fresno - Garland,22.957916666666666,38.45271591666667,10.149818645833333,1016.7875,0.0,25.25
2024-10-13,36.78538,-119.77321,7.3,0.035,41.0,Fresno - Garland,21.666249958333335,59.87915591666667,9.762353204166667,1016.85,0.0,1.7083333333333333
2024-10-14,36.78538,-119.77321,11.7,0.038,56.0,Fresno - Garland,21.953749958333333,54.959088125,6.8580581625,1016.4208333333332,0.0,0.0
2024-10-15,36.78538,-119.77321,9.5,0.041,52.0,Fresno - Garland,22.687083291666667,54.672361583333334,6.820972645833333,1016.0541666666667,0.0,0.0
2024-10-16,36.78538,-119.77321,5.1,0.028,28.0,Fresno - Garland,22.00375,53.759260833333336,10.358565379166667,1013.8958333333334,0.07916666666666666,28.708333333333332
2024-10-17,36.78538,-119.77321,4.0,0.036,22.0,Fresno - Garland,19.662083291666665,66.700643,10.3292379375,1011.0791666666668,0.4875,3.875
2024-10-18,36.78538,-119.77321,5.8,0.033,32.0,Fresno - Garland,17.61833325,32.496070375,13.239841729166665,1012.8708333333334,0.0,1.375
2024-10-19,36.78538,-119.77321,10.7,0.038,54.0,Fresno - Garland,16.220416625000002,35.516942541666666,7.9561866666666665,1018.1750000000001,0.0,8.708333333333334
2024-10-20,36.78538,-119.77321,8.4,0.043,47.0,Fresno - Garland,17.626666458333332,30.963175916666668,6.504648933333333,1018.3833333333333,0.0,2.375
2024-10-21,36.78538,-119.77321,9.1,0.045,51.0,Fresno - Garland,19.36833329166667,26.78721979166667,5.190791645833333,1017.8958333333334,0.0,34.5
2024-10-22,36.78538,-119.77321,11.4,0.046,55.0,Fresno - Garland,18.620416666666667,33.057049291666665,6.896108474999999,1017.85,0.0,1.2083333333333333
2024-10-23,36.78538,-119.77321,10.2,0.042,53.0,Fresno - Garland,18.270416625,48.596857875000005,6.918872729166666,1018.375,0.0,0.0
2024-10-24,36.78538,-119.77321,10.6,0.034,54.0,Fresno - Garland,18.124583166666667,40.72678895833334,6.7299247625000005,1016.2083333333334,0.0,37.916666666666664
2024-10-25,36.78538,-119.77321,10.6,0.034,54.0,Fresno - Garland,18.124583166666667,40.72678895833334,6.7299247625000005,1016.2083333333334,0.0,37.916666666666664
2024-10-26,36.78538,-119.77321,10.6,0.034,54.0,Fresno - Garland,18.124583166666667,40.72678895833334,6.7299247625000005,1016.2083333333334,0.0,37.916666666666664
2024-10-27,36.78538,-119.77321,10.6,0.034,54.0,Fresno - Garland,18.124583166666667,40.72678895833334,6.7299247625000005,1016.2083333333334,0.0,37.916666666666664
2024-10-28,36.78538,-119.77321,10.6,0.034,54.0,Fresno - Garland,18.124583166666667,40.72678895833334,6.7299247625000005,1016.2083333333334,0.0,37.916666666666664
2024-10-29,36.78538,-119.77321,5.7,0.026,32.0,Fresno - Garland,14.155833166666667,60.72444654166667,11.684400020833332,1014.25,0.0,4.75
2024-10-30,36.78538,-119.77321,9.8,0.03,52.0,Fresno - Garland,12.628749695833333,56.88617425,7.1488039875,1018.6916666666666,0.0,23.375
2024-10-31,36.78538,-119.77321,5.5,0.03,31.0,Fresno - Garland,13.003749895833332,47.62872608333333,7.3796940541666665,1018.7083333333334,0.0,51.208333333333336
2024-11-01,36.78538,-119.77321,9.2,0.028,51.0,Fresno - Garland,12.826666520833333,63.837157499999996,8.286673354166666,1017.4333333333334,0.0,62.25
2024-11-02,36.78538,-119.77321,8.0,0.031,44.0,Fresno - Garland,14.237083291666666,59.35274729166667,6.24885276625,1013.8333333333334,0.012500000000000002,72.25
2024-11-03,36.78538,-119.77321,11.8,0.023,56.0,Fresno - Garland,13.287083125,65.82481091666666,12.157084045833335,1014.6666666666666,0.0,1.2916666666666667
2024-11-04,36.78538,-119.77321,12.7,0.029,58.0,Fresno - Garland,12.559999812500001,64.53764341666667,5.904031079166667,1018.8708333333334,0.0,1.25
2024-11-05,36.78538,-119.77321,11.9,0.029,56.0,Fresno - Garland,12.972499866666666,54.58096220833334,6.1649682875,1018.8666666666667,0.0,51.791666666666664
2024-11-06,36.78538,-119.77321,14.3,0.027,61.0,Fresno - Garland,13.097499958333335,54.009004833333336,6.6714217458333325,1014.0833333333334,0.0,80.5
2024-11-07,36.78538,-119.77321,12.8,0.03,58.0,Fresno - Garland,12.726666658333334,50.676331833333336,5.083027740833333,1019.7166666666667,0.0,5.75
2024-11-08,36.78538,-119.77321,14.3,0.032,61.0,Fresno - Garland,12.641249966666665,42.58409316666667,6.154132545833334,1021.4333333333334,0.0,0.0
2024-11-09,36.78538,-119.77321,20.4,0.036,72.0,Fresno - Garland,12.9266664625,44.103811791666665,4.3794458625,1016.9791666666666,0.0,21.25
2024-11-10,36.78538,-119.77321,24.1,0.039,79.0,Fresno - Garland,13.514166529166667,42.807289,4.108538890833334,1015.7333333333332,0.0,18.375
2024-11-11,36.78538,-119.77321,12.8,0.032,58.0,Fresno - Garland,13.626666525,43.83629754166666,6.322892954583334,1016.1958333333333,0.125,28.958333333333332
2024-11-12,36.78538,-119.77321,10.8,0.023,54.0,Fresno - Garland,9.620416483333333,83.81802083333334,7.44525355,1021.4291666666667,0.08750000000000001,13.041666666666666
2024-11-13,36.78538,-119.77321,17.1,0.024,66.0,Fresno - Garland,10.387083204166666,77.67791662500001,4.086610499583333,1021.5,0.0,65.83333333333333
2024-11-14,36.78538,-119.77321,11.9,0.025,56.0,Fresno - Garland,11.882916366666665,72.56267595833333,4.3432976875,1018.375,0.0,29.333333333333332
2024-11-15,36.78538,-119.77321,5.0,0.023,28.0,Fresno - Garland,10.9620832,75.70093275,8.89390215,1013.275,0.03333333333333333,26.708333333333332
2024-11-16,36.78538,-119.77321,16.6,0.021,65.0,Fresno - Garland,7.962083266666666,78.334558625,4.23773981375,1016.4666666666667,0.004166666666666667,3.625
2024-11-17,36.78538,-119.77321,21.8,0.025,75.0,Fresno - Garland,8.214166591666666,62.125132666666666,3.7963637416666667,1018.7875,0.0,7.875
2024-11-18,36.78538,-119.77321,7.3,0.025,41.0,Fresno - Garland,11.176666374999998,57.817815249999995,8.830859029166666,1018.5291666666667,0.0,57.291666666666664
2024-11-19,36.78538,-119.77321,11.5,0.018,55.0,Fresno - Garland,8.5787499,56.158567125,8.799363870416666,1020.5124999999999,0.0,65.83333333333333
2024-11-20,36.78538,-119.77321,7.7,0.028,43.0,Fresno - Garland,11.580833208333333,50.21088379166667,8.2224295375,1020.15,0.0,99.54166666666667
2024-11-21,36.78538,-119.77321,7.2,0.029,40.0,Fresno - Garland,13.887083124999998,37.955499333333336,10.114051845833334,1020.125,0.0,43.416666666666664
2024-11-22,36.78538,-119.77321,7.2,0.029,40.0,Fresno - Garland,13.887083124999998,37.955499333333336,10.114051845833334,1020.125,0.0,43.416666666666664
2024-11-23,36.78538,-119.77321,4.5,0.024,25.0,Fresno - Garland,15.891249875,66.94860358333334,10.766447616666667,1013.5541666666667,0.4291666666666667,97.04166666666667
2024-11-24,36.78538,-119.77321,8.0,0.028,44.0,Fresno - Garland,11.989166333333332,81.3349925,3.5919119245833335,1016.3541666666666,0.020833333333333332,54.125
2024-11-25,36.78538,-119.77321,4.1,0.03,23.0,Fresno - Garland,11.21208325,78.50524204166668,9.3901439125,1019.0958333333333,0.3916666666666666,75.66666666666667
2024-11-26,36.78538,-119.77321,3.6,0.029,20.0,Fresno - Garland,12.795416583333333,91.39849299999999,9.234054120833333,1019.0166666666668,1.1,100.0
2024-11-27,36.78538,-119.77321,10.9,0.016,54.0,Fresno - Garland,10.799583208333333,88.11519354166667,6.363402316666666,1020.5,0.016666666666666666,71.20833333333333
2024-11-28,36.78538,-119.77321,15.5,0.013,63.0,Fresno - Garland,8.626666545833332,85.81385004166667,4.744947880833333,1020.75,0.0,23.666666666666668
2024-11-29,36.78538,-119.77321,16.8,0.023,65.0,Fresno - Garland,8.074583245833333,87.51584404166665,2.5092217995833335,1020.7708333333334,0.0,94.95833333333333
2024-11-30,36.78538,-119.77321,22.6,0.016,76.0,Fresno - Garland,8.247499883333333,88.39267104166667,3.233094459583333,1021.0416666666666,0.0,98.33333333333333
2024-12-01,36.78538,-119.77321,27.1,0.015,85.0,Fresno - Garland,10.1829165125,82.87860333333333,4.235440641666667,1020.9875000000001,0.024999999999999998,83.125
2024-12-02,36.78538,-119.77321,33.6,0.021,97.0,Fresno - Garland,10.257916583333333,83.91617604166667,2.4625034529166667,1021.5541666666667,0.0,28.791666666666668
2024-12-03,36.78538,-119.77321,39.2,0.024,110.0,Fresno - Garland,10.768333175,82.99619887499999,2.37752326625,1020.7208333333333,0.0,41.625
2024-12-04,36.78538,-119.77321,44.8,0.027,124.0,Fresno - Garland,10.545416616666666,83.883263125,2.4849991754166667,1022.2666666666668,0.0,14.083333333333334
2024-12-05,36.78538,-119.77321,46.1,0.031,127.0,Fresno - Garland,10.857916604166666,84.88606625,2.706209272083333,1023.1791666666667,0.0,46.333333333333336
2024-12-06,36.78538,-119.77321,50.6,0.035,138.0,Fresno - Garland,10.284999929166666,88.50496650000001,3.2733244999999997,1022.7416666666667,0.0,8.916666666666666
2024-12-07,36.78538,-119.77321,52.8,0.03,144.0,Fresno - Garland,10.132916383333333,86.048105,3.3829997541666668,1021.9125,0.0,9.291666666666666
2024-12-08,36.78538,-119.77321,41.4,0.022,116.0,Fresno - Garland,9.839166554166667,88.80987675,3.210418364583333,1020.5375,0.0,93.54166666666667
2024-12-09,36.78538,-119.77321,39.2,0.024,110.0,Fresno - Garland,7.874583183333333,90.716397375,2.03163487375,1021.6666666666666,0.0,35.75
2024-12-10,36.78538,-119.77321,29.7,0.024,89.0,Fresno - Garland,7.2620832,91.73783520833332,3.15049110625,1027.0291666666667,0.0,55.583333333333336
2024-12-11,36.78538,-119.77321,30.6,0.019,91.0,Fresno - Garland,7.5454165374999995,74.21010229166667,1.946370555,1025.4833333333333,0.0,76.5
2024-12-12,36.78538,-119.77321,19.8,0.028,71.0,Fresno - Garland,7.672499820833333,76.37256658333332,6.635377666666667,1015.4041666666667,0.37916666666666665,64.79166666666667
2024-12-13,36.78538,-119.77321,9.0,0.024,50.0,Fresno - Garland,9.645416566666666,84.053396875,4.899659954166666,1020.275,0.0,90.375
2024-12-14,36.78538,-119.77321,3.6,0.039,20.0,Fresno - Garland,11.568333125,69.25737554166666,12.959202179166667,1019.6458333333334,0.5583333333333333,88.41666666666667
2024-12-15,36.78538,-119.77321,13.2,0.02,59.0,Fresno - Garland,8.582916441666667,82.28560283333333,5.361046104166667,1024.8541666666667,0.024999999999999998,22.0
2024-12-16,36.78538,-119.77321,9.4,0.022,52.0,Fresno - Garland,7.9120831916666665,82.57352045833333,5.008785132916667,1023.1333333333333,0.0,86.41666666666667
2024-12-17,36.78538,-119.77321,3.5,0.019,19.0,Fresno - Garland,10.528749779166667,83.036380125,7.237704341666666,1023.8874999999999,0.0,96.75
2024-12-18,36.78538,-119.77321,18.2,0.02,68.0,Fresno - Garland,7.6933332125,94.40584366666667,3.2178703708333334,1027.0333333333333,0.0,68.25
2024-12-19,36.78538,-119.77321,26.5,0.016,83.0,Fresno - Garland,7.918333058333334,93.24908266666667,3.0066532875000003,1023.5375,0.0,85.58333333333333
2024-12-20,36.78538,-119.77321,18.7,0.007,69.0,Fresno - Garland,7.680833154166667,93.37257479166668,3.042369299166667,1021.1333333333333,0.0,65.08333333333333
2024-12-21,36.78538,-119.77321,18.7,0.007,69.0,Fresno - Garland,7.680833154166667,93.37257479166668,3.042369299166667,1021.1333333333333,0.0,65.08333333333333
2024-12-22,36.78538,-119.77321,18.7,0.007,69.0,Fresno - Garland,7.680833154166667,93.37257479166668,3.042369299166667,1021.1333333333333,0.0,65.08333333333333
2024-12-23,36.78538,-119.77321,18.7,0.007,69.0,Fresno - Garland,7.680833154166667,93.37257479166668,3.042369299166667,1021.1333333333333,0.0,65.08333333333333
2024-12-24,36.78538,-119.77321,18.7,0.007,69.0,Fresno - Garland,7.680833154166667,93.37257479166668,3.042369299166667,1021.1333333333333,0.0,65.08333333333333
2024-12-25,36.78538,-119.77321,18.7,0.007,69.0,Fresno - Garland,7.680833154166667,93.37257479166668,3.042369299166667,1021.1333333333333,0.0,65.08333333333333
2024-12-26,36.78538,-119.77321,18.7,0.007,69.0,Fresno - Garland,7.680833154166667,93.37257479166668,3.042369299166667,1021.1333333333333,0.0,65.08333333333333
2024-12-27,36.78538,-119.77321,18.7,0.007,69.0,Fresno - Garland,7.680833154166667,93.37257479166668,3.042369299166667,1021.1333333333333,0.0,65.08333333333333
2024-12-28,36.78538,-119.77321,18.7,0.007,69.0,Fresno - Garland,7.680833154166667,93.37257479166668,3.042369299166667,1021.1333333333333,0.0,65.08333333333333
2024-12-29,36.78538,-119.77321,18.7,0.007,69.0,Fresno - Garland,7.680833154166667,93.37257479166668,3.042369299166667,1021.1333333333333,0.0,65.08333333333333
2024-12-30,36.78538,-119.77321,18.7,0.007,69.0,Fresno - Garland,7.680833154166667,93.37257479166668,3.042369299166667,1021.1333333333333,0.0,65.08333333333333
2024-12-31,36.78538,-119.77321,18.7,0.007,69.0,Fresno - Garland,7.680833154166667,93.37257479166668,3.042369299166667,1021.1333333333333,0.0,65.08333333333333
2025-01-01,36.78538,-119.77321,35.6,0.028,101.0,Fresno - Garland,6.964166554166667,90.11962904166667,3.3000538416666667,1022.9,0.0,76.625
2025-01-02,36.78538,-119.77321,24.9,0.024,80.0,Fresno - Garland,7.559999870833334,90.546419125,3.0498622500000003,1022.7916666666666,0.0,82.58333333333333
2025-01-03,36.78538,-119.77321,18.0,0.023,68.0,Fresno - Garland,10.149583241666667,79.98670541666667,5.8062957583333334,1017.7333333333332,0.0,68.83333333333333
2025-01-04,36.78538,-119.77321,9.0,0.026,50.0,Fresno - Garland,9.982916425,84.76527287500001,12.183450708333334,1021.6750000000001,0.03333333333333333,49.291666666666664
2025-01-05,36.78538,-119.77321,16.3,0.024,64.0,Fresno - Garland,7.820416629166666,89.42345191666668,3.2507073749999997,1025.9958333333334,0.0,79.54166666666667
2025-01-06,36.78538,-119.77321,14.0,0.027,60.0,Fresno - Garland,7.9391665625,89.74497308333333,2.6373502995833333,1024.2166666666667,0.0,54.0
2025-01-07,36.78538,-119.77321,14.9,0.019,62.0,Fresno - Garland,10.4933331875,87.120041125,5.248180439166666,1020.2541666666666,0.0,68.70833333333333
2025-01-08,36.78538,-119.77321,20.2,0.017,72.0,Fresno - Garland,9.5329163625,77.46487070833334,3.59818854125,1022.6083333333332,0.0,86.875
2025-01-09,36.78538,-119.77321,18.1,0.027,68.0,Fresno - Garland,7.762083320833334,73.27360070833333,2.9614015804166667,1022.9125,0.0,4.875
2025-01-10,36.78538,-119.77321,19.8,0.029,71.0,Fresno - Garland,8.6037498625,71.81973675,4.284412114166667,1025.9333333333334,0.0,0.4583333333333333
2025-01-11,36.78538,-119.77321,19.8,0.029,71.0,Fresno - Garland,8.6037498625,71.81973675,4.284412114166667,1025.9333333333334,0.0,0.4583333333333333
2025-01-12,36.78538,-119.77321,19.8,0.029,71.0,Fresno - Garland,8.6037498625,71.81973675,4.284412114166667,1025.9333333333334,0.0,0.4583333333333333
2025-01-13,36.78538,-119.77321,15.0,0.03,62.0,Fresno - Garland,7.3808332625,68.8266995,4.684044594166667,1022.6291666666666,0.0,8.375
2025-01-14,36.78538,-119.77321,15.9,0.028,64.0,Fresno - Garland,7.149583216666667,64.40281370833334,3.119002203333333,1027.9,0.0,22.0
2025-01-15,36.78538,-119.77321,18.8,0.027,69.0,Fresno - Garland,8.126666616666666,61.926000125,3.27874716625,1025.6208333333334,0.0,2.6666666666666665
2025-01-16,36.78538,-119.77321,20.2,0.029,72.0,Fresno - Garland,8.866249845833334,61.01553570833334,2.4051418583333333,1022.9833333333332,0.0,0.0
2025-01-17,36.78538,-119.77321,17.9,0.033,67.0,Fresno - Garland,8.657916633333334,63.207247083333336,3.0453916383333333,1021.6166666666667,0.0,0.0
2025-01-18,36.78538,-119.77321,27.5,0.031,85.0,Fresno - Garland,8.720416579166667,69.06340941666666,4.668015052916666,1023.8125,0.0,1.625
2025-01-19,36.78538,-119.77321,29.8,0.039,90.0,Fresno - Garland,8.2058331875,64.34094483333332,2.46200022375,1024.2083333333333,0.0,0.041666666666666664
2025-01-20,36.78538,-119.77321,28.7,0.025,88.0,Fresno - Garland,7.3891664625,78.84631995833332,4.854995541666667,1022.5416666666666,0.0,35.208333333333336
2025-01-21,36.78538,-119.77321,26.8,0.036,84.0,Fresno - Garland,8.15791655,60.603572083333326,3.0131081837500004,1031.3708333333334,0.0,0.25
2025-01-22,36.78538,-119.77321,25.1,0.028,81.0,Fresno - Garland,8.153749804166667,63.71448645833333,5.421416225000001,1029.6208333333334,0.0,10.833333333333334
2025-01-23,36.78538,-119.77321,28.6,0.031,87.0,Fresno - Garland,9.389166537500001,51.662871833333334,2.4752791041666664,1027.6791666666666,0.0,0.0
2025-01-24,36.78538,-119.77321,22.0,0.036,75.0,Fresno - Garland,9.93291645,49.571450125000005,3.1062946083333336,1021.6291666666666,0.0,13.833333333333334
2025-01-25,36.78538,-119.77321,19.3,0.035,70.0,Fresno - Garland,10.676666608333333,53.111301875,7.205890858333333,1008.9458333333333,0.0,80.75
2025-01-26,36.78538,-119.77321,4.2,0.034,23.0,Fresno - Garland,7.893333208333334,79.79473433333334,9.083377341666667,1013.5124999999999,0.5125000000000001,68.58333333333333
2025-01-27,36.78538,-119.77321,9.7,0.029,52.0,Fresno - Garland,7.1412499333333335,81.66736358333334,4.991336295833333,1019.8583333333332,0.016666666666666666,66.5
2025-01-28,36.78538,-119.77321,14.2,0.034,61.0,Fresno - Garland,6.366249920833333,76.56338754166667,4.602583829166667,1020.6791666666667,0.0,0.3333333333333333
2025-01-29,36.78538,-119.77321,12.4,0.038,57.0,Fresno - Garland,7.637083141666667,69.19795066666667,4.689867408333334,1019.4916666666667,0.0,7.5
2025-01-30,36.78538,-119.77321,21.5,0.035,74.0,Fresno - Garland,7.464166608333334,71.99283849999999,2.0636561125,1022.5291666666667,0.0,0.0
2025-01-31,36.78538,-119.77321,27.1,0.039,85.0,Fresno - Garland,8.503749925,68.16427441666667,4.054381140416667,1024.6083333333333,0.0,70.625
2025-02-01,36.78538,-119.77321,25.5,0.037,82.0,Fresno - Garland,11.743333208333333,67.35311287500001,5.444419904166666,1022.9708333333333,0.025000000000000005,96.875
2025-02-02,36.78538,-119.77321,13.1,0.035,58.0,Fresno - Garland,13.676666458333335,76.81276475,6.704362499999999,1019.15,0.020833333333333332,63.916666666666664
2025-02-03,36.78538,-119.77321,9.1,0.026,51.0,Fresno - Garland,13.847499874999999,65.99851533333333,5.651505541666666,1014.0333333333333,0.0,96.20833333333333
2025-02-04,36.78538,-119.77321,2.3,0.037,13.0,Fresno - Garland,13.953749875,65.47869091666666,12.9766781875,1011.1875,0.2125,73.16666666666667
2025-02-05,36.78538,-119.77321,3.8,0.04,21.0,Fresno - Garland,11.776666562499999,67.74604062499999,14.049690520833332,1014.9625,0.3458333333333334,73.875
2025-02-06,36.78538,-119.77321,5.9,0.03,33.0,Fresno - Garland,8.807916525,78.37249525,8.737911854166667,1014.7041666666668,0.19999999999999998,39.458333333333336
2025-02-07,36.78538,-119.77321,2.8,0.041,16.0,Fresno - Garland,13.3516665,75.84953833333333,14.765821104166667,1016.0166666666668,0.13333333333333333,81.16666666666667
2025-02-08,36.78538,-119.77321,6.5,0.026,36.0,Fresno - Garland,9.1391664625,76.864478875,11.812812583333333,1023.7541666666666,0.0,8.041666666666666
2025-02-09,36.78538,-119.77321,10.0,0.033,53.0,Fresno - Garland,6.922499904166667,77.05101295833333,6.263169420833333,1023.5,0.0,21.125
2025-02-10,36.78538,-119.77321,8.7,0.033,48.0,Fresno - Garland,6.562083195833334,80.434106625,5.477563750000001,1020.3916666666668,0.0,16.791666666666668
2025-02-11,36.78538,-119.77321,7.9,0.038,44.0,Fresno - Garland,7.1245830916666675,70.66003583333334,6.578325225,1017.4666666666667,0.0,38.708333333333336
2025-02-12,36.78538,-119.77321,7.9,0.038,44.0,Fresno - Garland,7.1245830916666675,70.66003583333334,6.578325225,1017.4666666666667,0.0,38.708333333333336
2025-02-13,36.78538,-119.77321,7.9,0.038,44.0,Fresno - Garland,7.1245830916666675,70.66003583333334,6.578325225,1017.4666666666667,0.0,38.708333333333336
2025-02-14,36.78538,-119.77321,7.9,0.038,44.0,Fresno - Garland,7.1245830916666675,70.66003583333334,6.578325225,1017.4666666666667,0.0,38.708333333333336
2025-02-15,36.78538,-119.77321,11.6,0.033,56.0,Fresno - Garland,8.664166529166666,81.24851316666667,6.672745905416666,1025.7,0.0,54.0
2025-02-16,36.78538,-119.77321,9.9,0.04,52.0,Fresno - Garland,9.787083175000001,81.32567804166666,2.5959900208333333,1023.7666666666668,0.016666666666666666,75.375
2025-02-17,36.78538,-119.77321,4.4,0.041,24.0,Fresno - Garland,11.087083158333334,79.26956616666666,8.920829183333334,1018.3833333333333,0.0,61.791666666666664
2025-02-18,36.78538,-119.77321,7.7,0.031,43.0,Fresno - Garland,10.041249629166666,81.48434425,8.542430333333334,1020.0666666666666,0.0,56.208333333333336
2025-02-19,36.78538,-119.77321,11.1,0.041,55.0,Fresno - Garland,11.3016666125,80.3087345,4.278328341666667,1021.85,0.0,93.625
2025-02-20,36.78538,-119.77321,8.7,0.026,48.0,Fresno - Garland,12.072499958333333,79.52506283333334,11.303261822916667,1020.7291666666666,0.0,35.458333333333336
2025-02-21,36.78538,-119.77321,10.6,0.036,54.0,Fresno - Garland,10.572499745833333,81.919478,3.364731041666667,1020.8208333333333,0.0,43.666666666666664
2025-02-22,36.78538,-119.77321,13.8,0.045,60.0,Fresno - Garland,11.884999795833332,80.55454004166667,3.335779825,1023.1708333333332,0.0,48.0
2025-02-23,36.78538,-119.77321,14.0,0.049,60.0,Fresno - Garland,13.2808331875,74.93086541666666,3.4607187420833334,1025.2083333333333,0.0,20.958333333333332
2025-02-24,36.78538,-119.77321,9.4,0.046,52.0,Fresno - Garland,14.843333291666667,77.25560429166667,5.561824237500001,1022.4458333333333,0.0,91.0
2025-02-25,36.78538,-119.77321,8.0,0.029,44.0,Fresno - Garland,13.824583166666665,79.29718658333333,11.400029341666666,1021.6125000000001,0.0,71.75
2025-02-26,36.78538,-119.77321,15.3,0.045,63.0,Fresno - Garland,12.493333208333333,79.80245341666667,4.607169464166667,1019.1166666666667,0.0,17.291666666666668
2025-02-27,36.78538,-119.77321,13.1,0.047,58.0,Fresno - Garland,13.853749783333333,75.85120633333334,3.1564689470833334,1018.5958333333333,0.0,39.875
2025-02-28,36.78538,-119.77321,9.1,0.04,51.0,Fresno - Garland,15.853749916666667,57.593638875,6.3705737875,1014.5208333333334,0.0,69.66666666666667
2025-03-01,36.78538,-119.77321,8.4,0.05,47.0,Fresno - Garland,16.287083125,53.272575625,7.417436358333333,1012.4916666666667,0.0,33.291666666666664
2025-03-02,36.78538,-119.77321,2.7,0.043,15.0,Fresno - Garland,13.459999791666666,65.12110945833334,10.071576695833334,1016.4958333333334,0.23750000000000002,77.33333333333333
2025-03-03,36.78538,-119.77321,3.6,0.037,20.0,Fresno - Garland,9.022499733333333,83.14604970833334,5.2599837625,1019.9666666666667,0.25833333333333336,80.875
2025-03-04,36.78538,-119.77321,5.2,0.041,29.0,Fresno - Garland,9.716249854166668,75.08448633333333,4.404962629166667,1023.3791666666666,0.0,63.25
2025-03-05,36.78538,-119.77321,3.8,0.037,21.0,Fresno - Garland,10.322499791666667,85.32527520833334,3.830490576666667,1017.5500000000001,0.4375,81.5
2025-03-06,36.78538,-119.77321,2.3,0.045,13.0,Fresno - Garland,8.5683331375,85.74385491666668,3.358411749583333,1011.4833333333332,0.375,76.875
2025-03-07,36.78538,-119.77321,8.6,0.037,48.0,Fresno - Garland,8.151666529166667,76.473230875,3.961298128333333,1016.3625000000001,0.008333333333333333,18.125
2025-03-08,36.78538,-119.77321,8.6,0.045,48.0,Fresno - Garland,9.853749895833333,69.52630816666667,6.588370108333333,1024.2833333333333,0.0,0.0
2025-03-09,36.78538,-119.77321,8.6,0.045,48.0,Fresno - Garland,9.853749895833333,69.52630816666667,6.588370108333333,1024.2833333333333,0.0,0.0
2025-03-10,36.78538,-119.77321,8.6,0.045,48.0,Fresno - Garland,9.853749895833333,69.52630816666667,6.588370108333333,1024.2833333333333,0.0,0.0
2025-03-11,36.78538,-119.77321,8.6,0.045,48.0,Fresno - Garland,9.853749895833333,69.52630816666667,6.588370108333333,1024.2833333333333,0.0,0.0
2025-03-12,36.78538,-119.77321,4.1,0.044,23.0,Fresno - Garland,12.820416625,69.41427954166666,9.863790770833333,1010.225,0.1125,52.0
2025-03-13,36.78538,-119.77321,1.6,0.045,9.0,Fresno - Garland,9.826666399999999,79.60911195833333,9.508153716666667,1009.9291666666667,0.9958333333333332,98.91666666666667
2025-03-14,36.78538,-119.77321,1.6,0.045,9.0,Fresno - Garland,9.826666399999999,79.60911195833333,9.508153716666667,1009.9291666666667,0.9958333333333332,98.91666666666667
2025-03-15,36.78538,-119.77321,8.3,0.046,46.0,Fresno - Garland,8.755833225,80.778752875,4.768131108333333,1018.0625,0.07916666666666666,61.291666666666664
2025-03-16,36.78538,-119.77321,7.8,0.043,43.0,Fresno - Garland,10.562083245833334,74.05197858333334,6.159711245833333,1020.9041666666667,0.0,47.958333333333336
2025-03-17,36.78538,-119.77321,4.0,0.042,22.0,Fresno - Garland,12.403749833333334,77.149793875,10.028499608333334,1017.3458333333333,0.6541666666666667,91.66666666666667
2025-03-18,36.78538,-119.77321,2.2,0.045,12.0,Fresno - Garland,9.195416583333333,80.08920141666667,7.25821705,1024.5083333333334,0.325,68.58333333333333
2025-03-19,36.78538,-119.77321,5.3,0.044,29.0,Fresno - Garland,10.089166479166666,69.99445616666667,6.172003687499999,1028.2291666666667,0.0,33.083333333333336
2025-03-20,36.78538,-119.77321,2.1,0.048,12.0,Fresno - Garland,12.759999958333333,67.82295208333333,10.674529958333332,1023.9041666666667,0.0,84.25
2025-03-21,36.78538,-119.77321,3.7,0.043,21.0,Fresno - Garland,11.832916604166668,75.8124,7.3427321375000005,1021.6875,0.0,66.58333333333333
2025-03-22,36.78538,-119.77321,3.6,0.04,20.0,Fresno - Garland,13.074583166666665,69.89946558333334,9.807923216666667,1019.4958333333334,0.0,74.66666666666667
2025-03-23,36.78538,-119.77321,5.6,0.043,31.0,Fresno - Garland,13.8079165,80.33627249999999,7.994184695833333,1019.0833333333334,0.0,35.083333333333336
2025-03-24,36.78538,-119.77321,8.1,0.05,45.0,Fresno - Garland,16.59958325,77.63291691666667,3.9023903499999997,1019.4541666666668,0.0,19.0
2025-03-25,36.78538,-119.77321,9.2,0.057,51.0,Fresno - Garland,19.09541654166667,73.52972475,4.0474275083333335,1015.4250000000001,0.0,0.5833333333333334
2025-03-26,36.78538,-119.77321,8.4,0.049,47.0,Fresno - Garland,20.551666625,70.20949833333333,4.997318145833334,1011.7166666666667,0.0,18.791666666666668
2025-03-27,36.78538,-119.77321,4.2,0.045,23.0,Fresno - Garland,17.909999916666667,63.58437033333333,7.4796153625,1015.4583333333334,0.0,61.458333333333336
2025-03-28,36.78538,-119.77321,4.2,0.045,23.0,Fresno - Garland,15.407916458333332,61.74899795833333,12.204441579166668,1016.1041666666666,0.1125,78.0
2025-03-29,36.78538,-119.77321,4.2,0.05,23.0,Fresno - Garland,13.3537498625,59.789738416666665,12.993111325000001,1016.3291666666668,0.0,30.791666666666668
2025-03-30,36.78538,-119.77321,4.8,0.046,27.0,Fresno - Garland,14.245416541666666,56.983727875,10.066010570833333,1014.9125,0.12916666666666668,98.875
2025-03-31,36.78538,-119.77321,3.1,0.048,17.0,Fresno - Garland,14.587083166666666,79.48178025,10.048108804166667,1015.6708333333332,0.8375,92.16666666666667
2025-04-01,36.78538,-119.77321,3.1,0.043,17.0,Fresno - Garland,10.553749804166666,75.730942,5.893263508333334,1017.0500000000001,0.225,70.83333333333333
2025-04-02,36.78538,-119.77321,2.1,0.042,12.0,Fresno - Garland,8.537083145833334,82.01856479166666,6.176899922916667,1013.0124999999999,0.16666666666666666,45.416666666666664
2025-04-03,36.78538,-119.77321,4.7,0.046,26.0,Fresno - Garland,14.5975,54.780823,9.224011,1010.5,0.0,17.0
2025-04-04,36.78538,-119.77321,4.7,0.046,26.0,Fresno - Garland,14.5975,54.780823,9.224011,1010.5,0.0,17.0
