date,latitude,longitude,pm2.5,aqi,city,temperature_2m,relative_humidity_2m,wind_speed_10m,pressure_msl,precipitation,cloud_cover
2014-01-01,33.996360000875,-117.4924,72.9,163.0,Mira Loma (Van Buren),11.507970570588235,38.97154888235294,4.369180235294118,1019.0470588235294,0.0,1.1176470588235294
2014-01-02,33.996360000875,-117.4924,16.5,65.0,Mira Loma (Van Buren),13.933583429166667,39.527163875,5.857018783333333,1017.8000000000001,0.0,15.166666666666666
2014-01-03,33.996360000875,-117.4924,25.9,82.0,Mira Loma (Van Buren),14.291916608333333,43.191789416666666,4.8670898,1015.6291666666666,0.0,40.5
2014-01-04,33.996360000875,-117.4924,40.0,112.0,Mira Loma (Van Buren),14.937750124999999,48.976926625000004,5.668378183333334,1014.3333333333334,0.0,94.70833333333333
2014-01-05,33.996360000875,-117.4924,10.9,54.0,Mira Loma (Van Buren),12.7940000125,46.5217251875,5.7742864958333335,1017.1833333333334,0.0,26.083333333333332
2014-01-06,33.996360000875,-117.4924,3.5,19.0,Mira Loma (Van Buren),12.237750041666667,27.4071708375,8.2011632375,1020.4833333333332,0.0,1.375
2014-01-07,33.996360000875,-117.4924,20.0,71.0,Mira Loma (Van Buren),11.9690000375,27.506070624999996,5.416765712499999,1019.1374999999999,0.0,38.708333333333336
2014-01-08,33.996360000875,-117.4924,29.2,88.0,Mira Loma (Van Buren),13.554416791666666,28.129495541666667,5.928640541666667,1018.0375,0.0,76.75
2014-01-09,33.996360000875,-117.4924,41.4,116.0,Mira Loma (Van Buren),11.902333375,52.729640958333334,5.915188304166667,1017.6374999999999,0.0,61.208333333333336
2014-01-10,33.996360000875,-117.4924,52.4,143.0,Mira Loma (Van Buren),11.679416708333333,58.57255245833333,5.121189154166667,1017.6708333333332,0.0,39.583333333333336
2014-01-11,33.996360000875,-117.4924,51.2,140.0,Mira Loma (Van Buren),13.604416791666667,47.820192666666664,4.845967479166666,1019.0541666666667,0.0,35.125
2014-01-12,33.996360000875,-117.4924,39.0,110.0,Mira Loma (Van Buren),14.037749925,51.645052541666665,4.902987741666666,1018.1458333333334,0.0,69.33333333333333
2014-01-13,33.996360000875,-117.4924,2.6,14.0,Mira Loma (Van Buren),13.112750083333333,31.372281416666667,6.973443695833333,1022.3249999999999,0.0,14.25
2014-01-14,33.996360000875,-117.4924,6.1,34.0,Mira Loma (Van Buren),14.1565,28.470258625,8.3492252125,1024.3083333333332,0.0,0.0
2014-01-15,33.996360000875,-117.4924,2.0,11.0,Mira Loma (Van Buren),15.456500095833334,22.11314403333333,8.317999725,1022.5583333333334,0.0,0.0
2014-01-16,33.996360000875,-117.4924,3.3,18.0,Mira Loma (Van Buren),16.202333358333334,23.254758604166668,7.0853064,1019.1958333333333,0.0,0.0
2014-01-17,33.996360000875,-117.4924,7.0,39.0,Mira Loma (Van Buren),16.221083458333336,16.244429862500002,6.9048387625,1018.1166666666667,0.0,0.0
2014-01-18,33.996360000875,-117.4924,16.0,64.0,Mira Loma (Van Buren),16.114833416666666,19.665084045833336,5.684800145833333,1017.3916666666668,0.0,52.833333333333336
2014-01-19,33.996360000875,-117.4924,19.6,71.0,Mira Loma (Van Buren),16.077333416666665,19.15852488333333,5.355618929166667,1017.6541666666667,0.0,72.5
2014-01-20,33.996360000875,-117.4924,16.3,64.0,Mira Loma (Van Buren),15.931499875,21.18917731666667,4.308283933333334,1018.9416666666666,0.0,28.125
2014-01-21,33.996360000875,-117.4924,11.1,55.0,Mira Loma (Van Buren),15.746083416666666,21.35986898333333,5.453101329166667,1020.0333333333333,0.0,74.625
2014-01-22,33.996360000875,-117.4924,17.5,67.0,Mira Loma (Van Buren),16.93775008333333,24.657859312499998,5.733601825,1016.3166666666666,0.0,54.291666666666664
2014-01-23,33.996360000875,-117.4924,28.2,87.0,Mira Loma (Van Buren),15.954416858333333,32.42576141666667,6.1215389875,1013.3333333333334,0.0,40.375
2014-01-24,33.996360000875,-117.4924,20.4,72.0,Mira Loma (Van Buren),15.244000333333332,24.605549375,5.550504812500001,1019.1333333333333,0.0,99.5
2014-01-25,33.996360000875,-117.4924,13.3,59.0,Mira Loma (Van Buren),17.262749958333334,27.533986666666667,4.7043178616666665,1021.7791666666667,0.0,69.54166666666667
2014-01-26,33.996360000875,-117.4924,25.9,82.0,Mira Loma (Van Buren),15.92316675,39.92203325,5.418610583333333,1019.6625,0.0,53.916666666666664
2014-01-27,33.996360000875,-117.4924,23.4,78.0,Mira Loma (Van Buren),14.379416916666665,63.788027125000006,4.820477020833334,1017.5958333333333,0.0,62.833333333333336
2014-01-28,33.996360000875,-117.4924,35.9,102.0,Mira Loma (Van Buren),14.85025025,52.777417791666664,4.938290608333333,1018.2666666666668,0.0,74.41666666666667
2014-01-29,33.996360000875,-117.4924,45.9,127.0,Mira Loma (Van Buren),16.289833441666666,38.313968875,4.4867445625,1017.6166666666667,0.0,62.75
2014-01-30,33.996360000875,-117.4924,29.8,90.0,Mira Loma (Van Buren),14.387750375000001,57.876667708333336,7.5774965,1013.7666666666668,0.06666666666666667,82.41666666666667
2014-01-31,33.996360000875,-117.4924,8.4,47.0,Mira Loma (Van Buren),11.844000208333334,83.45413854166667,9.5218233625,1012.7624999999999,0.041666666666666664,84.625
2014-02-01,33.996360000875,-117.4924,4.7,26.0,Mira Loma (Van Buren),10.525250166666668,61.36324066666666,7.4117110125,1014.6416666666668,0.0,21.833333333333332
2014-02-02,33.996360000875,-117.4924,7.3,41.0,Mira Loma (Van Buren),7.550250163333334,45.54916775,8.2066656625,1017.2916666666666,0.0,23.583333333333332
2014-02-03,33.996360000875,-117.4924,8.1,45.0,Mira Loma (Van Buren),8.446083408333333,71.16088329166666,6.5554862875,1014.1208333333334,0.20833333333333334,57.5
2014-02-04,33.996360000875,-117.4924,8.1,45.0,Mira Loma (Van Buren),9.279416970833333,79.55775120833333,7.633307383333334,1015.75,0.0,39.375
2014-02-05,33.996360000875,-117.4924,13.6,59.0,Mira Loma (Van Buren),10.925250416666666,71.86095808333333,4.7020058125,1017.9250000000001,0.004166666666666667,44.5
2014-02-06,33.996360000875,-117.4924,23.4,78.0,Mira Loma (Van Buren),10.187750291666667,79.84045058333334,7.040970875,1017.3458333333333,0.029166666666666664,77.875
2014-02-07,33.996360000875,-117.4924,15.5,63.0,Mira Loma (Van Buren),10.460667083333334,85.85592295833334,6.757917166666666,1018.3625000000001,0.24583333333333335,89.875
2014-02-08,33.996360000875,-117.4924,20.9,73.0,Mira Loma (Van Buren),10.325250179166668,83.26096954166667,4.9344459375000005,1022.7833333333333,0.0,57.958333333333336
2014-02-09,33.996360000875,-117.4924,25.2,81.0,Mira Loma (Van Buren),11.360666916666666,85.09234983333333,4.961683416666666,1022.5583333333334,0.0,69.75
2014-02-10,33.996360000875,-117.4924,24.4,80.0,Mira Loma (Van Buren),12.035667208333335,82.59588866666667,6.8114727125,1019.7291666666666,0.0,63.541666666666664
2014-02-11,33.996360000875,-117.4924,21.6,74.0,Mira Loma (Van Buren),14.158583458333334,68.03977758333333,5.489722316666666,1017.3666666666667,0.0,48.583333333333336
2014-02-12,33.996360000875,-117.4924,19.5,70.0,Mira Loma (Van Buren),15.721083375,53.960557875,4.8367282991666665,1018.4625,0.0,77.58333333333333
2014-02-13,33.996360000875,-117.4924,30.7,91.0,Mira Loma (Van Buren),18.862750083333335,40.78271279166667,5.376860216666667,1017.2041666666668,0.0,55.5
2014-02-14,33.996360000875,-117.4924,38.7,109.0,Mira Loma (Van Buren),19.483583375,42.67741779166667,5.9134821625,1016.1541666666667,0.0,10.083333333333334
2014-02-15,33.996360000875,-117.4924,32.7,95.0,Mira Loma (Van Buren),19.793999916666667,37.00954195833334,5.8452793666666665,1015.1666666666666,0.0,38.166666666666664
2014-02-16,33.996360000875,-117.4924,28.4,87.0,Mira Loma (Van Buren),19.298166583333334,39.878072124999996,4.691247420833333,1015.5541666666667,0.0,89.79166666666667
2014-02-17,33.996360000875,-117.4924,23.2,77.0,Mira Loma (Van Buren),16.619000083333333,50.680274708333336,5.4027298,1017.0166666666668,0.0,16.125
2014-02-18,33.996360000875,-117.4924,24.4,80.0,Mira Loma (Van Buren),14.216916958333334,65.37733933333332,5.9463964125,1017.0583333333334,0.0,77.125
2014-02-19,33.996360000875,-117.4924,37.3,105.0,Mira Loma (Van Buren),15.346083458333334,52.779565375000004,5.964060191666667,1015.125,0.0,68.66666666666667
2014-02-20,33.996360000875,-117.4924,25.4,81.0,Mira Loma (Van Buren),14.812750124999999,51.684324583333336,6.119952345833333,1014.5583333333334,0.0,42.0
2014-02-21,33.996360000875,-117.4924,18.0,68.0,Mira Loma (Van Buren),17.55233325,28.27453147916667,5.861285920833333,1014.4333333333334,0.0,56.083333333333336
2014-02-22,33.996360000875,-117.4924,24.0,79.0,Mira Loma (Van Buren),17.829416791666667,38.916717625,6.2090448875,1012.4208333333332,0.0,53.583333333333336
2014-02-23,33.996360000875,-117.4924,30.0,90.0,Mira Loma (Van Buren),16.987750208333335,40.71036875,5.4629279,1013.3333333333334,0.0,14.875
2014-02-24,33.996360000875,-117.4924,28.1,86.0,Mira Loma (Van Buren),16.460666791666664,42.570153,5.369442108333334,1014.6791666666667,0.0,12.791666666666666
2014-02-25,33.996360000875,-117.4924,25.0,81.0,Mira Loma (Van Buren),15.639833416666667,58.514491916666664,5.4869354625,1015.5791666666668,0.0,29.125
2014-02-26,33.996360000875,-117.4924,13.8,60.0,Mira Loma (Van Buren),13.7898335,74.40602841666667,7.810156708333333,1017.0500000000001,0.008333333333333333,82.95833333333333
2014-02-27,33.996360000875,-117.4924,4.3,24.0,Mira Loma (Van Buren),13.9335835,78.125474625,8.528675575,1015.8083333333334,0.39166666666666666,85.75
2014-02-28,33.996360000875,-117.4924,3.2,18.0,Mira Loma (Van Buren),13.175250416666666,87.207007625,15.9700429625,1008.6541666666667,1.4583333333333333,92.25
2014-03-01,33.996360000875,-117.4924,6.7,37.0,Mira Loma (Van Buren),11.621083791666665,91.894570375,9.931965320833333,1008.3625000000001,1.8958333333333333,88.41666666666667
2014-03-02,33.996360000875,-117.4924,10.3,53.0,Mira Loma (Van Buren),10.541917083333333,89.07480550000001,5.755865450000001,1016.3083333333334,0.1708333333333333,87.75
2014-03-03,33.996360000875,-117.4924,21.3,74.0,Mira Loma (Van Buren),12.164833541666667,82.93847354166667,3.8678919750000005,1019.5958333333333,0.0,70.54166666666667
2014-03-04,33.996360000875,-117.4924,16.2,64.0,Mira Loma (Van Buren),13.789833541666667,84.29932525,6.249943683333334,1016.9875000000001,0.0,83.04166666666667
2014-03-05,33.996360000875,-117.4924,33.8,97.0,Mira Loma (Van Buren),15.387750208333335,75.81239983333333,4.7643609125,1017.0708333333333,0.0,62.166666666666664
2014-03-06,33.996360000875,-117.4924,21.6,74.0,Mira Loma (Van Buren),16.594000041666664,80.09878558333334,5.494049266666667,1017.0291666666667,0.0,75.08333333333333
2014-03-07,33.996360000875,-117.4924,18.5,69.0,Mira Loma (Van Buren),15.829416833333333,77.49007625,6.665007208333333,1014.8125,0.0,63.416666666666664
2014-03-08,33.996360000875,-117.4924,1.9,11.0,Mira Loma (Van Buren),14.860666625,58.10680420833333,6.829131479166667,1015.7916666666666,0.0,10.625
2014-03-09,33.996360000875,-117.4924,4.3,24.0,Mira Loma (Van Buren),15.848166691666668,53.828230875,8.3036296875,1019.35,0.0,48.791666666666664
2014-03-10,33.996360000875,-117.4924,11.3,55.0,Mira Loma (Van Buren),18.266916583333334,44.32053425,6.472918766666666,1017.4708333333333,0.0,27.291666666666668
2014-03-11,33.996360000875,-117.4924,13.1,58.0,Mira Loma (Van Buren),16.69816679166667,57.95400266666667,5.011356979166667,1015.1125000000001,0.0,79.45833333333333
2014-03-12,33.996360000875,-117.4924,6.3,35.0,Mira Loma (Van Buren),15.079416666666667,45.44116983333333,6.13974795,1014.7208333333333,0.0,36.208333333333336
2014-03-13,33.996360000875,-117.4924,16.5,65.0,Mira Loma (Van Buren),15.969000083333334,49.829027958333334,6.257963270833334,1014.2791666666667,0.0,52.0
2014-03-14,33.996360000875,-117.4924,17.1,66.0,Mira Loma (Van Buren),15.375250083333333,67.65031641666667,6.6838182125,1016.8541666666666,0.0,35.125
2014-03-15,33.996360000875,-117.4924,11.0,55.0,Mira Loma (Van Buren),17.287750095833335,56.55098975000001,5.475094025,1020.0500000000001,0.0,24.416666666666668
2014-03-16,33.996360000875,-117.4924,14.0,60.0,Mira Loma (Van Buren),18.62941675,44.20646570833333,7.177157479166667,1021.775,0.0,0.0
2014-03-17,33.996360000875,-117.4924,18.1,68.0,Mira Loma (Van Buren),19.912749958333333,37.896054625,8.356091829166667,1015.8249999999999,0.0,14.333333333333334
2014-03-18,33.996360000875,-117.4924,14.9,62.0,Mira Loma (Van Buren),16.214833333333335,56.825272250000005,8.090764779166667,1010.0083333333333,0.0,68.375
2014-03-19,33.996360000875,-117.4924,10.9,54.0,Mira Loma (Van Buren),16.51275,37.157069166666666,5.3508294125,1014.4,0.0,20.333333333333332
2014-03-20,33.996360000875,-117.4924,12.1,57.0,Mira Loma (Van Buren),17.6273335,42.46850683333333,5.077436775,1016.1374999999999,0.0,60.916666666666664
2014-03-21,33.996360000875,-117.4924,15.4,63.0,Mira Loma (Van Buren),14.76483325,70.59482779166667,6.540498366666667,1014.7583333333333,0.0,16.958333333333332
2014-03-22,33.996360000875,-117.4924,14.0,60.0,Mira Loma (Van Buren),14.033583458333332,71.77002395833334,7.183974727916667,1016.2166666666667,0.0,36.708333333333336
2014-03-23,33.996360000875,-117.4924,24.1,79.0,Mira Loma (Van Buren),14.629416791666666,72.524400625,5.9670866333333334,1018.8958333333334,0.0,63.416666666666664
2014-03-24,33.996360000875,-117.4924,24.6,80.0,Mira Loma (Van Buren),16.721083375,64.67659733333333,7.070983241666667,1018.2708333333334,0.0,77.04166666666667
2014-03-25,33.996360000875,-117.4924,24.8,80.0,Mira Loma (Van Buren),15.141916791666667,72.32225841666667,6.1867404875,1015.9125,0.0,63.75
2014-03-26,33.996360000875,-117.4924,7.5,42.0,Mira Loma (Van Buren),13.22108375,73.76634316666666,15.018576754166666,1013.3083333333334,0.075,70.125
2014-03-27,33.996360000875,-117.4924,5.8,32.0,Mira Loma (Van Buren),12.669000333333335,75.760383375,11.274685775,1015.6333333333333,0.03333333333333333,49.541666666666664
2014-03-28,33.996360000875,-117.4924,15.2,62.0,Mira Loma (Van Buren),13.441916874999999,72.10330175,7.418556575,1019.0625,0.0,32.583333333333336
2014-03-29,33.996360000875,-117.4924,14.9,62.0,Mira Loma (Van Buren),16.664833458333334,63.44310829166667,6.2996919625,1018.775,0.0,70.66666666666667
2014-03-30,33.996360000875,-117.4924,6.4,36.0,Mira Loma (Van Buren),15.598166874999999,68.93953366666666,9.145711670833334,1015.7791666666667,0.008333333333333333,64.79166666666667
2014-03-31,33.996360000875,-117.4924,6.5,36.0,Mira Loma (Van Buren),13.596083458333334,65.73083433333333,10.029336379166667,1016.2458333333334,0.0,16.791666666666668
2014-04-01,33.996360000875,-117.4924,4.1,23.0,Mira Loma (Van Buren),11.827333625,70.76719816666666,12.848246983333333,1015.3958333333334,0.14166666666666666,34.458333333333336
2014-04-02,33.996360000875,-117.4924,5.0,28.0,Mira Loma (Van Buren),10.441917,72.9460225,14.135265854166667,1015.0083333333333,0.17916666666666667,28.666666666666668
2014-04-03,33.996360000875,-117.4924,10.8,54.0,Mira Loma (Van Buren),11.121083400000002,65.33761854166666,7.078552466666667,1018.4875000000001,0.0,16.625
2014-04-04,33.996360000875,-117.4924,6.9,38.0,Mira Loma (Van Buren),13.010666958333333,65.50337429166667,6.434269625,1016.625,0.0,91.58333333333333
2014-04-05,33.996360000875,-117.4924,9.6,52.0,Mira Loma (Van Buren),12.727333429166668,68.118973,7.6907700125,1014.5333333333333,0.0,27.083333333333332
2014-04-06,33.996360000875,-117.4924,3.7,21.0,Mira Loma (Van Buren),15.823166720833333,53.40108941666667,7.604664141666667,1017.1041666666666,0.0,0.8333333333333334
2014-04-07,33.996360000875,-117.4924,3.8,21.0,Mira Loma (Van Buren),19.664833333333334,40.62658125,7.069985558333333,1017.5208333333334,0.0,2.0833333333333335
2014-04-08,33.996360000875,-117.4924,11.7,56.0,Mira Loma (Van Buren),22.627333250000003,31.870023729166665,5.716229108333334,1017.7166666666667,0.0,21.083333333333332
2014-04-09,33.996360000875,-117.4924,16.2,64.0,Mira Loma (Van Buren),23.608583125,24.490792070833333,5.468730175,1015.8375,0.0,91.54166666666667
2014-04-10,33.996360000875,-117.4924,16.5,65.0,Mira Loma (Van Buren),22.716916416666667,21.665904012500004,5.893803683333334,1014.1708333333332,0.0,55.666666666666664
2014-04-11,33.996360000875,-117.4924,19.5,70.0,Mira Loma (Van Buren),22.327333208333332,30.05247425,6.071668795833333,1012.6625,0.0,49.833333333333336
2014-04-12,33.996360000875,-117.4924,19.6,71.0,Mira Loma (Van Buren),15.641916708333333,59.568284041666665,8.966648941666667,1012.5333333333333,0.0,24.25
2014-04-13,33.996360000875,-117.4924,17.0,66.0,Mira Loma (Van Buren),13.031500333333334,67.226753625,8.8436761625,1014.5666666666666,0.0,40.916666666666664
2014-04-14,33.996360000875,-117.4924,15.6,63.0,Mira Loma (Van Buren),17.758583583333333,49.81029390416666,5.476159680833334,1016.3291666666668,0.0,14.708333333333334
2014-04-15,33.996360000875,-117.4924,20.4,72.0,Mira Loma (Van Buren),22.489833291666667,27.314275874999996,6.813478154166667,1014.4666666666667,0.0,25.833333333333332
2014-04-16,33.996360000875,-117.4924,24.4,80.0,Mira Loma (Van Buren),19.402333375,51.374029166666666,8.307489208333333,1010.5041666666666,0.0,12.291666666666666
2014-04-17,33.996360000875,-117.4924,26.6,84.0,Mira Loma (Van Buren),17.927333166666667,58.096239833333335,7.932765895833334,1010.9458333333333,0.0,56.791666666666664
2014-04-18,33.996360000875,-117.4924,20.5,72.0,Mira Loma (Van Buren),16.571083458333334,63.839162375,8.734488958333333,1011.8791666666666,0.0,96.04166666666667
2014-04-19,33.996360000875,-117.4924,21.7,74.0,Mira Loma (Van Buren),18.356499916666667,67.03552120833334,7.980371129166667,1013.9208333333332,0.0,72.79166666666667
2014-04-20,33.996360000875,-117.4924,25.1,81.0,Mira Loma (Van Buren),19.787750041666666,58.691825916666666,8.754913479166666,1016.7041666666668,0.0,15.166666666666666
2014-04-21,33.996360000875,-117.4924,25.7,82.0,Mira Loma (Van Buren),21.7294165,50.571537,5.8306408083333325,1016.5124999999999,0.0,11.416666666666666
2014-04-22,33.996360000875,-117.4924,20.1,71.0,Mira Loma (Van Buren),18.379416833333334,61.788493499999994,8.586210516666666,1014.2375000000001,0.0,70.04166666666667
2014-04-23,33.996360000875,-117.4924,16.3,64.0,Mira Loma (Van Buren),16.644000125,57.314682874999995,9.10569905,1013.3916666666668,0.0,28.208333333333332
2014-04-24,33.996360000875,-117.4924,19.1,70.0,Mira Loma (Van Buren),18.844000166666667,40.227535124999996,7.685041679166667,1013.75,0.0,21.166666666666668
2014-04-25,33.996360000875,-117.4924,17.4,66.0,Mira Loma (Van Buren),17.16066675,60.15905175,11.582388333333334,1012.525,0.0,59.916666666666664
2014-04-26,33.996360000875,-117.4924,7.3,41.0,Mira Loma (Van Buren),13.01900025,70.33596041666667,17.642141625,1010.5791666666668,0.30416666666666664,61.5
2014-04-27,33.996360000875,-117.4924,12.8,58.0,Mira Loma (Van Buren),14.164833625,68.34727199999999,10.605995145833333,1014.6583333333333,0.0,35.208333333333336
2014-04-28,33.996360000875,-117.4924,13.8,60.0,Mira Loma (Van Buren),16.673166833333333,58.682942125000004,8.401112512500001,1015.1125000000001,0.0,9.25
2014-04-29,33.996360000875,-117.4924,7.5,42.0,Mira Loma (Van Buren),20.781499999999998,39.86415604166667,9.661160983333334,1015.125,0.0,0.9583333333333334
2014-04-30,33.996360000875,-117.4924,8.1,45.0,Mira Loma (Van Buren),21.443999958333333,24.48872276666667,11.772557258333334,1015.6166666666667,0.0,0.041666666666666664
2014-05-01,33.996360000875,-117.4924,8.6,48.0,Mira Loma (Van Buren),22.979416416666666,18.42351287916667,9.963122499999999,1015.1833333333334,0.0,23.958333333333332
2014-05-02,33.996360000875,-117.4924,14.1,60.0,Mira Loma (Van Buren),25.06274983333333,18.533189020833333,7.6984282791666665,1014.2916666666666,0.0,23.125
2014-05-03,33.996360000875,-117.4924,16.7,65.0,Mira Loma (Van Buren),26.589833125,16.008537270833333,8.6296915,1012.4333333333333,0.0,18.416666666666668
2014-05-04,33.996360000875,-117.4924,16.9,66.0,Mira Loma (Van Buren),23.873166458333333,30.106978875,8.553857891666667,1012.9208333333332,0.0,54.875
2014-05-05,33.996360000875,-117.4924,15.4,63.0,Mira Loma (Van Buren),19.181500125,48.58024591666666,10.063024170833334,1014.5875,0.0,55.083333333333336
2014-05-06,33.996360000875,-117.4924,9.8,52.0,Mira Loma (Van Buren),14.829416833333333,64.42267154166667,12.300749179166667,1011.9625,0.004166666666666667,63.333333333333336
2014-05-07,33.996360000875,-117.4924,14.0,60.0,Mira Loma (Van Buren),14.383583458333334,65.45513279166667,10.857275662500001,1012.0833333333334,0.0,24.666666666666668
2014-05-08,33.996360000875,-117.4924,19.7,71.0,Mira Loma (Van Buren),15.129416749999999,66.72605916666667,8.604410879166666,1015.8416666666667,0.0,36.375
2014-05-09,33.996360000875,-117.4924,20.2,72.0,Mira Loma (Van Buren),16.325250083333334,63.559527583333335,8.625435483333332,1017.1625,0.0,51.166666666666664
2014-05-10,33.996360000875,-117.4924,16.7,65.0,Mira Loma (Van Buren),16.583583333333333,68.06101683333334,10.574011208333333,1013.7624999999999,0.0,32.541666666666664
2014-05-11,33.996360000875,-117.4924,11.9,56.0,Mira Loma (Van Buren),17.791916875000002,46.77279009166667,11.468389170833333,1011.0625,0.0,26.625
2014-05-12,33.996360000875,-117.4924,8.2,46.0,Mira Loma (Van Buren),20.991916624999998,22.873447983333335,8.4997809,1014.1125000000001,0.0,0.08333333333333333
2014-05-13,33.996360000875,-117.4924,9.6,52.0,Mira Loma (Van Buren),23.446083333333334,17.522228925,10.935419645833333,1015.975,0.0,0.0
2014-05-14,33.996360000875,-117.4924,7.6,42.0,Mira Loma (Van Buren),25.44191641666667,12.071427191666666,6.749976470833334,1016.4125,0.0,0.0
2014-05-15,33.996360000875,-117.4924,7.6,42.0,Mira Loma (Van Buren),25.44191641666667,12.071427191666666,6.749976470833334,1016.4125,0.0,0.0
2014-05-16,33.996360000875,-117.4924,7.6,42.0,Mira Loma (Van Buren),25.44191641666667,12.071427191666666,6.749976470833334,1016.4125,0.0,0.0
2014-05-17,33.996360000875,-117.4924,27.7,86.0,Mira Loma (Van Buren),26.204416416666664,24.39133025,9.56681795,1011.8833333333333,0.0,57.708333333333336
2014-05-18,33.996360000875,-117.4924,21.1,73.0,Mira Loma (Van Buren),21.475249916666666,49.93278720833333,9.841690775,1011.0541666666667,0.0,67.75
2014-05-19,33.996360000875,-117.4924,16.6,65.0,Mira Loma (Van Buren),18.631500041666666,59.28895108333333,11.280538258333332,1012.0791666666668,0.0,26.791666666666668
2014-05-20,33.996360000875,-117.4924,9.8,52.0,Mira Loma (Van Buren),16.462750083333333,62.528424291666674,11.6131177125,1014.1041666666666,0.0,68.20833333333333
2014-05-21,33.996360000875,-117.4924,11.5,55.0,Mira Loma (Van Buren),15.650250208333333,66.01338883333334,9.7317204625,1014.4208333333332,0.008333333333333333,42.875
2014-05-22,33.996360000875,-117.4924,15.7,63.0,Mira Loma (Van Buren),17.212749958333333,70.51853066666666,8.445605495833332,1014.2208333333333,0.008333333333333333,94.375
2014-05-23,33.996360000875,-117.4924,16.0,64.0,Mira Loma (Van Buren),17.358583541666665,70.68024354166667,8.125737995833333,1015.4375,0.0,67.08333333333333
2014-05-24,33.996360000875,-117.4924,19.8,71.0,Mira Loma (Van Buren),17.679416749999998,70.04964154166667,8.575155504166666,1015.3791666666666,0.0,71.75
2014-05-25,33.996360000875,-117.4924,23.4,78.0,Mira Loma (Van Buren),19.687750166666664,64.06930666666666,7.447407466666667,1013.7958333333332,0.0,18.958333333333332
2014-05-26,33.996360000875,-117.4924,21.2,74.0,Mira Loma (Van Buren),22.383583166666668,54.064386500000005,6.654102879166666,1013.375,0.0,2.7916666666666665
2014-05-27,33.996360000875,-117.4924,24.5,80.0,Mira Loma (Van Buren),24.025249916666667,48.96631583333333,6.842852495833333,1013.8958333333334,0.0,7.541666666666667
2014-05-28,33.996360000875,-117.4924,25.5,82.0,Mira Loma (Van Buren),22.996083166666665,50.959612166666666,6.959948329166667,1012.3458333333333,0.0,63.333333333333336
2014-05-29,33.996360000875,-117.4924,24.5,80.0,Mira Loma (Van Buren),21.90233320833333,53.882158374999996,7.332267625,1011.4708333333333,0.0,21.791666666666668
2014-05-30,33.996360000875,-117.4924,24.4,80.0,Mira Loma (Van Buren),23.273166541666665,46.259864916666665,6.393521170833334,1011.3166666666666,0.0,3.6666666666666665
2014-05-31,33.996360000875,-117.4924,24.3,79.0,Mira Loma (Van Buren),23.721083166666663,44.823662250000005,7.0774190458333335,1011.3625000000001,0.0,1.0
2014-06-01,33.996360000875,-117.4924,24.0,79.0,Mira Loma (Van Buren),23.34608295833333,42.26738025,6.9739574583333335,1011.0958333333333,0.0,4.333333333333333
2014-06-02,33.996360000875,-117.4924,23.1,77.0,Mira Loma (Van Buren),23.01274975,42.844608916666665,6.636143558333334,1010.5541666666667,0.0,53.083333333333336
2014-06-03,33.996360000875,-117.4924,20.3,72.0,Mira Loma (Van Buren),22.25024995833333,45.70321575,6.684325175000001,1011.3333333333334,0.0,32.958333333333336
2014-06-04,33.996360000875,-117.4924,18.1,68.0,Mira Loma (Van Buren),23.900249791666667,38.776187625,6.7066661625,1010.0791666666668,0.0,22.416666666666668
2014-06-05,33.996360000875,-117.4924,18.1,68.0,Mira Loma (Van Buren),23.900249791666667,38.776187625,6.7066661625,1010.0791666666668,0.0,22.416666666666668
2014-06-06,33.996360000875,-117.4924,23.8,78.0,Mira Loma (Van Buren),21.737749875000002,50.697663625,7.245933716666666,1009.5333333333333,0.0,3.5
2014-06-07,33.996360000875,-117.4924,25.6,82.0,Mira Loma (Van Buren),20.010666583333332,58.42978770833333,7.664190795833334,1009.725,0.0,10.25
2014-06-08,33.996360000875,-117.4924,25.5,82.0,Mira Loma (Van Buren),22.302333375,50.66001741666667,7.440799170833333,1009.0416666666666,0.0,2.875
2014-06-09,33.996360000875,-117.4924,25.5,82.0,Mira Loma (Van Buren),25.716916541666667,43.06190425,6.448260345833333,1008.4041666666667,0.0,2.7083333333333335
2014-06-10,33.996360000875,-117.4924,24.0,79.0,Mira Loma (Van Buren),22.47524975,50.190346375,7.791022395833334,1008.7791666666667,0.0,10.5
2014-06-11,33.996360000875,-117.4924,20.7,73.0,Mira Loma (Van Buren),20.621083333333335,58.49032941666667,7.266328033333333,1011.2791666666667,0.0,16.041666666666668
2014-06-12,33.996360000875,-117.4924,26.3,83.0,Mira Loma (Van Buren),21.28149995833333,52.96170383333333,7.144547333333333,1012.85,0.0,1.375
2014-06-13,33.996360000875,-117.4924,25.1,81.0,Mira Loma (Van Buren),21.014833416666665,51.19950695833333,7.001661441666666,1013.2375000000001,0.0,1.9166666666666667
2014-06-14,33.996360000875,-117.4924,24.5,80.0,Mira Loma (Van Buren),20.916916833333335,53.54475075,7.976930429166667,1011.4833333333332,0.0,5.5
2014-06-15,33.996360000875,-117.4924,22.1,75.0,Mira Loma (Van Buren),20.764833291666665,55.47734179166667,8.2714306125,1010.3874999999999,0.0,45.416666666666664
2014-06-16,33.996360000875,-117.4924,21.1,73.0,Mira Loma (Van Buren),19.623166583333333,56.87250087499999,8.437542975,1011.5875,0.0,14.291666666666666
2014-06-17,33.996360000875,-117.4924,19.0,69.0,Mira Loma (Van Buren),19.583583375,59.414938416666665,8.950226275,1012.25,0.0,4.083333333333333
2014-06-18,33.996360000875,-117.4924,19.5,70.0,Mira Loma (Van Buren),19.754416666666668,56.934086541666666,8.146143166666667,1012.5333333333333,0.0,8.208333333333334
2014-06-19,33.996360000875,-117.4924,22.6,76.0,Mira Loma (Van Buren),22.833583208333334,45.450383875,6.651319762500001,1013.0791666666668,0.0,0.4583333333333333
2014-06-20,33.996360000875,-117.4924,24.0,79.0,Mira Loma (Van Buren),25.310666583333333,43.444883000000004,7.1584066208333335,1012.4791666666666,0.0,34.0
2014-06-21,33.996360000875,-117.4924,20.9,73.0,Mira Loma (Van Buren),25.091916291666667,46.144302875,7.374072495833333,1011.0458333333332,0.0,63.291666666666664
2014-06-22,33.996360000875,-117.4924,21.6,74.0,Mira Loma (Van Buren),23.373166458333333,48.55848854166666,7.701976695833333,1011.7708333333334,0.0,7.833333333333333
2014-06-23,33.996360000875,-117.4924,23.1,77.0,Mira Loma (Van Buren),21.850249916666666,51.76694283333333,7.638520329166667,1012.3125,0.0,1.3333333333333333
2014-06-24,33.996360000875,-117.4924,26.0,82.0,Mira Loma (Van Buren),21.768999875000002,56.13692866666667,7.6592407541666665,1013.2458333333334,0.0,41.666666666666664
2014-06-25,33.996360000875,-117.4924,23.0,77.0,Mira Loma (Van Buren),22.337749833333334,54.717361708333335,7.254652241666666,1011.9416666666666,0.0,2.25
2014-06-26,33.996360000875,-117.4924,23.7,78.0,Mira Loma (Van Buren),21.99608320833333,59.237456791666666,7.866958641666667,1011.6791666666667,0.0,49.5
2014-06-27,33.996360000875,-117.4924,17.5,67.0,Mira Loma (Van Buren),21.243999875,62.27361704166666,10.099353866666666,1010.6541666666667,0.0,33.0
2014-06-28,33.996360000875,-117.4924,19.0,69.0,Mira Loma (Van Buren),22.446083041666668,63.0807225,8.666686091666667,1010.1583333333333,0.0,14.166666666666666
2014-06-29,33.996360000875,-117.4924,19.1,70.0,Mira Loma (Van Buren),24.108583,54.92990154166667,7.439428804166667,1010.8125,0.0,13.375
2014-06-30,33.996360000875,-117.4924,23.4,78.0,Mira Loma (Van Buren),24.168999749999998,52.908396958333334,7.924516883333333,1011.3708333333334,0.0,5.625
2014-07-01,33.996360000875,-117.4924,24.0,79.0,Mira Loma (Van Buren),24.087749708333334,49.415462625,6.5920712875000005,1010.525,0.0,2.6666666666666665
2014-07-02,33.996360000875,-117.4924,26.7,84.0,Mira Loma (Van Buren),24.41899983333333,48.924882583333336,6.587403629166666,1010.8166666666666,0.0,1.4166666666666667
2014-07-03,33.996360000875,-117.4924,26.8,84.0,Mira Loma (Van Buren),25.94191641666667,46.913298499999996,6.0957129375,1011.5958333333333,0.0,1.1666666666666667
2014-07-04,33.996360000875,-117.4924,25.8,82.0,Mira Loma (Van Buren),27.656499791666665,44.849414583333335,6.9373497375,1012.9166666666666,0.0,10.416666666666666
2014-07-05,33.996360000875,-117.4924,26.2,83.0,Mira Loma (Van Buren),27.82941645833333,47.6893325,6.512322941666667,1015.5625,0.008333333333333333,14.0
2014-07-06,33.996360000875,-117.4924,14.4,61.0,Mira Loma (Van Buren),27.66899975,42.04006866666666,6.5871371624999995,1015.2458333333334,0.0,7.708333333333333
2014-07-07,33.996360000875,-117.4924,15.6,63.0,Mira Loma (Van Buren),26.827333083333333,41.6237555,6.987746954166667,1012.3916666666668,0.004166666666666667,14.75
2014-07-08,33.996360000875,-117.4924,19.9,71.0,Mira Loma (Van Buren),26.471083249999996,43.06018070833333,6.516442895833333,1012.2583333333333,0.0,21.0
2014-07-09,33.996360000875,-117.4924,20.6,72.0,Mira Loma (Van Buren),25.654416458333333,50.65220879166667,6.652972004166667,1013.4083333333333,0.0,11.208333333333334
2014-07-10,33.996360000875,-117.4924,21.5,74.0,Mira Loma (Van Buren),23.964833291666665,51.957206125,6.985196008333333,1013.225,0.0,15.208333333333334
2014-07-11,33.996360000875,-117.4924,17.2,66.0,Mira Loma (Van Buren),24.016916541666664,51.45311233333334,7.148370233333334,1014.0875,0.0,8.666666666666666
2014-07-12,33.996360000875,-117.4924,15.8,63.0,Mira Loma (Van Buren),24.177333125,50.87434404166667,7.754078029166667,1014.8833333333333,0.0,81.875
2014-07-13,33.996360000875,-117.4924,18.6,69.0,Mira Loma (Van Buren),26.289833125,47.702198,6.9166211625,1012.8583333333332,0.0,79.79166666666667
2014-07-14,33.996360000875,-117.4924,19.0,69.0,Mira Loma (Van Buren),25.33149979166667,59.152268375000006,8.233051141666666,1013.0124999999999,0.041666666666666664,75.29166666666667
2014-07-15,33.996360000875,-117.4924,19.0,69.0,Mira Loma (Van Buren),24.712749875,69.19412229166666,7.2981174375,1015.5083333333333,0.0,88.16666666666667
2014-07-16,33.996360000875,-117.4924,19.9,71.0,Mira Loma (Van Buren),22.352333125,63.80453179166667,7.265415999999999,1016.0708333333333,0.0,22.458333333333332
2014-07-17,33.996360000875,-117.4924,16.7,65.0,Mira Loma (Van Buren),21.012749875,62.933647791666665,7.707475104166666,1015.5166666666668,0.0,23.958333333333332
2014-07-18,33.996360000875,-117.4924,15.7,63.0,Mira Loma (Van Buren),20.377333416666666,62.892985208333336,7.413733004166667,1015.275,0.0,50.708333333333336
2014-07-19,33.996360000875,-117.4924,15.7,63.0,Mira Loma (Van Buren),22.133583125,54.062607625,6.698410366666667,1013.9416666666666,0.008333333333333333,72.91666666666667
2014-07-20,33.996360000875,-117.4924,16.3,64.0,Mira Loma (Van Buren),21.831499833333336,62.83187370833334,7.923484008333333,1014.5083333333333,0.0,37.125
2014-07-21,33.996360000875,-117.4924,16.2,64.0,Mira Loma (Van Buren),22.477333083333335,62.21026045833333,7.403949979166666,1015.6750000000001,0.0,13.75
2014-07-22,33.996360000875,-117.4924,15.1,62.0,Mira Loma (Van Buren),24.63774958333333,53.763199500000006,7.142584870833333,1016.0500000000001,0.0,3.0
2014-07-23,33.996360000875,-117.4924,14.3,61.0,Mira Loma (Van Buren),27.008582916666665,44.200869833333336,7.530540008333333,1014.9125,0.0,2.625
2014-07-24,33.996360000875,-117.4924,15.6,63.0,Mira Loma (Van Buren),29.283583041666663,36.1682855,6.701657545833334,1010.7583333333333,0.0,0.5
2014-07-25,33.996360000875,-117.4924,22.0,75.0,Mira Loma (Van Buren),28.3481665,38.583256125,8.083642045833333,1010.3541666666666,0.008333333333333333,27.791666666666668
2014-07-26,33.996360000875,-117.4924,20.8,73.0,Mira Loma (Van Buren),27.218999874999998,44.39250166666667,6.096564716666666,1012.9250000000001,0.0,51.625
2014-07-27,33.996360000875,-117.4924,18.5,69.0,Mira Loma (Van Buren),26.16899970833333,53.392260625,6.106477641666667,1014.3333333333334,0.0,66.83333333333333
2014-07-28,33.996360000875,-117.4924,14.2,61.0,Mira Loma (Van Buren),26.9106665,60.284363125,8.094340379166667,1015.5833333333334,0.0,88.45833333333333
2014-07-29,33.996360000875,-117.4924,17.2,66.0,Mira Loma (Van Buren),28.241916333333332,54.62544320833334,6.355414053333334,1015.6875,0.0,57.333333333333336
2014-07-30,33.996360000875,-117.4924,21.2,74.0,Mira Loma (Van Buren),28.446083125,62.324492291666665,8.018193175,1013.8166666666666,0.0,70.95833333333333
2014-07-31,33.996360000875,-117.4924,21.2,74.0,Mira Loma (Van Buren),28.737749833333336,54.66095204166666,7.751089754166666,1012.6583333333333,0.0,31.916666666666668
2014-08-01,33.996360000875,-117.4924,21.5,74.0,Mira Loma (Van Buren),28.146083083333334,47.87117379166667,7.229949741666666,1012.1333333333333,0.0,5.583333333333333
2014-08-02,33.996360000875,-117.4924,21.7,74.0,Mira Loma (Van Buren),27.23149983333333,48.72429066666667,5.415084316666667,1012.2375000000001,0.05000000000000001,58.833333333333336
2014-08-03,33.996360000875,-117.4924,19.0,69.0,Mira Loma (Van Buren),25.5106665,71.27921866666667,5.964062166666667,1012.3625000000001,0.32083333333333336,79.625
2014-08-04,33.996360000875,-117.4924,17.7,67.0,Mira Loma (Van Buren),24.631499708333333,70.683160125,7.305912504166667,1013.9083333333333,0.012500000000000002,49.0
2014-08-05,33.996360000875,-117.4924,14.9,62.0,Mira Loma (Van Buren),24.452333041666666,55.515019375,5.950202050000001,1015.1583333333333,0.0,18.583333333333332
2014-08-06,33.996360000875,-117.4924,17.8,67.0,Mira Loma (Van Buren),22.896083,54.23329125,7.1540479375,1016.0791666666668,0.0,5.875
2014-08-07,33.996360000875,-117.4924,19.5,70.0,Mira Loma (Van Buren),22.143999708333336,54.66938712499999,7.1348820208333334,1014.5500000000001,0.0,0.4583333333333333
2014-08-08,33.996360000875,-117.4924,23.0,77.0,Mira Loma (Van Buren),23.177333041666667,50.88193929166667,6.869445354166667,1013.1125000000001,0.0,1.5
2014-08-09,33.996360000875,-117.4924,23.6,78.0,Mira Loma (Van Buren),24.42316645833333,52.66818325,6.311479908333333,1013.275,0.0,5.25
2014-08-10,33.996360000875,-117.4924,23.5,78.0,Mira Loma (Van Buren),25.318999666666667,50.77334508333333,6.096240320833334,1014.0,0.0,2.7916666666666665
2014-08-11,33.996360000875,-117.4924,20.0,71.0,Mira Loma (Van Buren),27.389833041666666,43.778230375,6.099367529166667,1013.2666666666668,0.0,27.25
2014-08-12,33.996360000875,-117.4924,18.3,68.0,Mira Loma (Van Buren),26.577333041666666,47.663700541666664,7.247396229166667,1013.65,0.0,23.666666666666668
2014-08-13,33.996360000875,-117.4924,18.0,68.0,Mira Loma (Van Buren),24.785666583333335,54.18359533333333,6.5724235625,1013.8583333333332,0.0,21.958333333333332
2014-08-14,33.996360000875,-117.4924,15.0,62.0,Mira Loma (Van Buren),25.891916249999998,51.38231545833333,5.479295240416666,1013.375,0.0,9.625
2014-08-15,33.996360000875,-117.4924,13.2,59.0,Mira Loma (Van Buren),27.275249916666667,43.74556570833334,5.239168861666667,1013.7375000000001,0.0,0.041666666666666664
2014-08-16,33.996360000875,-117.4924,14.1,60.0,Mira Loma (Van Buren),28.31483295833333,38.67498508333333,6.475281166666666,1014.3666666666667,0.0,0.20833333333333334
2014-08-17,33.996360000875,-117.4924,14.7,61.0,Mira Loma (Van Buren),28.114833083333334,35.707924416666664,6.578371091666667,1013.4666666666667,0.0,0.5833333333333334
2014-08-18,33.996360000875,-117.4924,20.2,72.0,Mira Loma (Van Buren),27.500249541666665,40.593435,6.321871833333333,1010.6041666666666,0.0,3.5833333333333335
2014-08-19,33.996360000875,-117.4924,16.0,64.0,Mira Loma (Van Buren),23.50441641666667,52.00561525,8.2166353,1010.8333333333334,0.012500000000000002,14.375
2014-08-20,33.996360000875,-117.4924,15.4,63.0,Mira Loma (Van Buren),21.37733308333333,66.670007875,5.9148182875,1011.8458333333333,0.0,29.208333333333332
2014-08-21,33.996360000875,-117.4924,18.6,69.0,Mira Loma (Van Buren),23.70858325,56.53838266666667,6.823828487499999,1012.7875,0.0,19.041666666666668
2014-08-22,33.996360000875,-117.4924,17.9,67.0,Mira Loma (Van Buren),25.04816658333333,53.52371891666667,6.3374370708333325,1013.6541666666667,0.0,6.25
2014-08-23,33.996360000875,-117.4924,14.4,61.0,Mira Loma (Van Buren),24.000249874999998,51.329320375,6.0237666333333335,1013.4083333333333,0.0,2.0833333333333335
2014-08-24,33.996360000875,-117.4924,17.1,66.0,Mira Loma (Van Buren),23.137749874999997,48.694868875,6.1400416125,1011.625,0.0,5.25
2014-08-25,33.996360000875,-117.4924,14.5,61.0,Mira Loma (Van Buren),23.61066645833333,49.12251325,6.085676270833333,1011.4916666666667,0.0,90.125
2014-08-26,33.996360000875,-117.4924,15.3,63.0,Mira Loma (Van Buren),25.14191645833333,49.386773500000004,5.808630803333333,1013.4166666666666,0.0,36.708333333333336
2014-08-27,33.996360000875,-117.4924,17.4,66.0,Mira Loma (Van Buren),27.268999750000003,42.543410791666666,6.055346879166667,1015.0583333333334,0.0,1.625
2014-08-28,33.996360000875,-117.4924,15.8,63.0,Mira Loma (Van Buren),28.560666458333333,36.305284125,7.279877332083333,1014.8125,0.0,0.16666666666666666
2014-08-29,33.996360000875,-117.4924,18.4,68.0,Mira Loma (Van Buren),28.210666416666665,40.24705566666667,6.913035758333333,1011.3041666666667,0.0,11.375
2014-08-30,33.996360000875,-117.4924,20.7,73.0,Mira Loma (Van Buren),27.321082958333335,39.79405229166667,6.584959870833334,1009.2708333333334,0.0,0.5833333333333334
2014-08-31,33.996360000875,-117.4924,20.7,73.0,Mira Loma (Van Buren),27.331499708333336,43.69162179166667,7.6882219166666665,1008.6374999999999,0.0,14.458333333333334
2014-09-01,33.996360000875,-117.4924,16.5,65.0,Mira Loma (Van Buren),25.964833083333332,46.69306941666667,8.1977008625,1008.9333333333334,0.0,8.958333333333334
2014-09-02,33.996360000875,-117.4924,21.1,73.0,Mira Loma (Van Buren),25.666916458333333,48.160500541666664,6.140465220833334,1009.5,0.0,3.7083333333333335
2014-09-03,33.996360000875,-117.4924,21.0,73.0,Mira Loma (Van Buren),24.275249791666667,55.80629545833333,6.363535945833333,1008.2333333333332,0.0,6.083333333333333
2014-09-04,33.996360000875,-117.4924,22.8,77.0,Mira Loma (Van Buren),23.127333041666663,54.61306245833333,6.130813308333334,1007.0041666666666,0.0,1.25
2014-09-05,33.996360000875,-117.4924,23.9,79.0,Mira Loma (Van Buren),24.735666416666664,46.1947355625,5.465645879166666,1009.5,0.0,0.2916666666666667
2014-09-06,33.996360000875,-117.4924,23.6,78.0,Mira Loma (Van Buren),28.046083,40.470047791666666,5.304422475,1011.2333333333332,0.0,0.5833333333333334
2014-09-07,33.996360000875,-117.4924,17.9,67.0,Mira Loma (Van Buren),29.354416,44.57707954166667,4.451104708333333,1008.8874999999999,0.0,20.625
2014-09-08,33.996360000875,-117.4924,18.3,68.0,Mira Loma (Van Buren),26.283583166666663,63.092766958333335,5.243360375,1009.3625000000001,0.008333333333333333,63.791666666666664
2014-09-09,33.996360000875,-117.4924,14.9,62.0,Mira Loma (Van Buren),26.041916291666666,69.5948855,6.8524238833333335,1011.2916666666666,0.1125,41.75
2014-09-10,33.996360000875,-117.4924,15.9,64.0,Mira Loma (Van Buren),26.364833083333334,65.51536891666667,6.026102570833333,1011.3375,0.0,8.75
2014-09-11,33.996360000875,-117.4924,17.4,66.0,Mira Loma (Van Buren),28.264833,47.41001966666667,6.01632931125,1010.3125,0.0,0.16666666666666666
2014-09-12,33.996360000875,-117.4924,19.4,70.0,Mira Loma (Van Buren),28.93983295833333,41.44467120833333,6.1708951,1009.3541666666666,0.0,0.625
2014-09-13,33.996360000875,-117.4924,22.6,76.0,Mira Loma (Van Buren),29.943999625,38.407335875,6.2903016916666665,1007.7291666666666,0.0,21.541666666666668
2014-09-14,33.996360000875,-117.4924,18.1,68.0,Mira Loma (Van Buren),31.368999416666668,31.493571375000002,6.513651395833333,1006.4625,0.0,4.541666666666667
2014-09-15,33.996360000875,-117.4924,18.4,68.0,Mira Loma (Van Buren),31.889832875,30.755227708333333,6.693167475,1007.6583333333333,0.0,4.125
2014-09-16,33.996360000875,-117.4924,18.4,68.0,Mira Loma (Van Buren),31.889832875,30.755227708333333,6.693167475,1007.6583333333333,0.0,4.125
2014-09-17,33.996360000875,-117.4924,18.4,68.0,Mira Loma (Van Buren),31.889832875,30.755227708333333,6.693167475,1007.6583333333333,0.0,4.125
2014-09-18,33.996360000875,-117.4924,18.4,68.0,Mira Loma (Van Buren),31.889832875,30.755227708333333,6.693167475,1007.6583333333333,0.0,4.125
2014-09-19,33.996360000875,-117.4924,9.0,50.0,Mira Loma (Van Buren),22.61274966666667,69.847299,8.117110254166667,1010.9,0.0,43.833333333333336
2014-09-20,33.996360000875,-117.4924,12.2,57.0,Mira Loma (Van Buren),22.112749750000003,68.15455683333333,7.2271714375,1012.0291666666667,0.0,21.208333333333332
2014-09-21,33.996360000875,-117.4924,14.7,61.0,Mira Loma (Van Buren),21.271083083333334,63.958025916666664,6.2472200791666666,1013.5875,0.0,10.666666666666666
2014-09-22,33.996360000875,-117.4924,20.7,73.0,Mira Loma (Van Buren),23.49608320833333,50.678144124999996,5.9858172041666675,1013.9541666666668,0.0,0.6666666666666666
2014-09-23,33.996360000875,-117.4924,22.9,77.0,Mira Loma (Van Buren),25.65649970833333,44.789827583333334,4.9991412625,1013.4541666666668,0.0,6.333333333333333
2014-09-24,33.996360000875,-117.4924,17.9,67.0,Mira Loma (Van Buren),27.566916375,40.20306125,5.294880429166667,1012.0124999999999,0.0,1.3333333333333333
2014-09-25,33.996360000875,-117.4924,12.7,58.0,Mira Loma (Van Buren),28.362749625000003,43.04503579166666,5.9214914125,1011.6083333333332,0.0,17.5
2014-09-26,33.996360000875,-117.4924,12.2,57.0,Mira Loma (Van Buren),25.916916458333333,52.49153016666667,7.2630198791666665,1011.2375000000001,0.0,1.3333333333333333
2014-09-27,33.996360000875,-117.4924,14.0,60.0,Mira Loma (Van Buren),20.044000041666667,66.4962115,8.997397166666667,1010.8208333333333,0.0,22.458333333333332
2014-09-28,33.996360000875,-117.4924,12.8,58.0,Mira Loma (Van Buren),18.696083375,67.42739675,10.254382391666667,1011.0208333333334,0.0,44.958333333333336
2014-09-29,33.996360000875,-117.4924,16.2,64.0,Mira Loma (Van Buren),20.529416458333333,64.67126016666667,6.2723944112500005,1012.375,0.0,36.125
2014-09-30,33.996360000875,-117.4924,17.8,67.0,Mira Loma (Van Buren),22.906499874999998,45.18640358333334,6.832656129166668,1010.5416666666666,0.0,9.416666666666666
2014-10-01,33.996360000875,-117.4924,23.1,77.0,Mira Loma (Van Buren),23.604416333333333,51.43020958333333,7.11434045,1008.3249999999999,0.0,21.166666666666668
2014-10-02,33.996360000875,-117.4924,11.3,55.0,Mira Loma (Van Buren),24.229416625,33.14063515,5.633792654166666,1011.8166666666666,0.0,6.541666666666667
2014-10-03,33.996360000875,-117.4924,17.1,66.0,Mira Loma (Van Buren),25.483583083333333,15.986963529166667,6.312372491666667,1014.6416666666668,0.0,25.666666666666668
2014-10-04,33.996360000875,-117.4924,18.8,69.0,Mira Loma (Van Buren),27.31274970833333,16.526570520833335,6.472415016666667,1013.2125,0.0,74.20833333333333
2014-10-05,33.996360000875,-117.4924,20.4,72.0,Mira Loma (Van Buren),27.38149975,22.47214459583333,6.954129900000001,1011.7083333333334,0.0,21.791666666666668
2014-10-06,33.996360000875,-117.4924,19.4,70.0,Mira Loma (Van Buren),26.96274975,30.002677916666666,6.373515429166667,1011.6,0.0,1.0416666666666667
2014-10-07,33.996360000875,-117.4924,18.4,68.0,Mira Loma (Van Buren),26.387749791666664,28.623515875,5.673794595833333,1011.1541666666667,0.0,29.166666666666668
2014-10-08,33.996360000875,-117.4924,19.0,69.0,Mira Loma (Van Buren),25.27733320833333,26.118197041666665,6.28466385,1010.2166666666667,0.0,5.625
2014-10-09,33.996360000875,-117.4924,21.9,75.0,Mira Loma (Van Buren),21.971083166666663,55.08646879166667,7.3972078166666675,1011.8874999999999,0.0,12.291666666666666
2014-10-10,33.996360000875,-117.4924,26.6,84.0,Mira Loma (Van Buren),20.800249916666665,65.75821195833333,5.421968325000001,1013.8833333333333,0.0,21.708333333333332
2014-10-11,33.996360000875,-117.4924,37.3,105.0,Mira Loma (Van Buren),22.623166291666667,52.844386541666665,5.0746183125,1013.7208333333333,0.0,17.625
2014-10-12,33.996360000875,-117.4924,34.7,99.0,Mira Loma (Van Buren),23.668999666666664,49.446061875,6.3302270875,1012.1666666666666,0.0,4.125
2014-10-13,33.996360000875,-117.4924,24.8,80.0,Mira Loma (Van Buren),23.587749916666667,36.049337208333334,5.472356670833334,1013.9291666666667,0.0,0.6666666666666666
2014-10-14,33.996360000875,-117.4924,29.5,89.0,Mira Loma (Van Buren),22.55024979166667,40.579883875,5.303287229166666,1014.6291666666666,0.0,31.166666666666668
2014-10-15,33.996360000875,-117.4924,29.5,89.0,Mira Loma (Van Buren),22.55024979166667,40.579883875,5.303287229166666,1014.6291666666666,0.0,31.166666666666668
2014-10-16,33.996360000875,-117.4924,29.5,89.0,Mira Loma (Van Buren),22.55024979166667,40.579883875,5.303287229166666,1014.6291666666666,0.0,31.166666666666668
2014-10-17,33.996360000875,-117.4924,29.5,89.0,Mira Loma (Van Buren),22.55024979166667,40.579883875,5.303287229166666,1014.6291666666666,0.0,31.166666666666668
2014-10-18,33.996360000875,-117.4924,21.9,75.0,Mira Loma (Van Buren),18.364833416666666,68.26414833333334,5.397365554166666,1012.8583333333332,0.0,27.125
2014-10-19,33.996360000875,-117.4924,20.1,71.0,Mira Loma (Van Buren),19.535666791666667,57.79418825,6.477079466666667,1011.4250000000001,0.0,0.0
2014-10-20,33.996360000875,-117.4924,24.0,79.0,Mira Loma (Van Buren),20.446083124999998,63.24870945833334,5.503708245833334,1011.9708333333333,0.0,14.583333333333334
2014-10-21,33.996360000875,-117.4924,30.7,91.0,Mira Loma (Van Buren),19.925249833333332,66.911371125,6.576464170833333,1012.0124999999999,0.0,32.875
2014-10-22,33.996360000875,-117.4924,26.3,83.0,Mira Loma (Van Buren),21.0356665,49.06169225,5.361283133333333,1011.9458333333333,0.0,10.875
2014-10-23,33.996360000875,-117.4924,28.0,86.0,Mira Loma (Van Buren),22.691916541666668,34.0152281875,4.901094733333333,1013.8458333333333,0.0,34.791666666666664
2014-10-24,33.996360000875,-117.4924,19.8,71.0,Mira Loma (Van Buren),24.171083291666665,23.369720291666667,5.506244754166667,1013.9125,0.0,0.125
2014-10-25,33.996360000875,-117.4924,16.7,65.0,Mira Loma (Van Buren),23.802333125,35.51245229166667,4.51799651125,1015.4125,0.0,21.541666666666668
2014-10-26,33.996360000875,-117.4924,13.8,60.0,Mira Loma (Van Buren),19.862749916666665,66.71043233333333,6.544963683333333,1015.0958333333333,0.0,54.875
2014-10-27,33.996360000875,-117.4924,15.0,62.0,Mira Loma (Van Buren),18.802333375,68.07342008333333,5.8261920583333335,1012.2624999999999,0.0,25.458333333333332
2014-10-28,33.996360000875,-117.4924,27.4,85.0,Mira Loma (Van Buren),19.833583375,50.19128045833333,4.824556704166667,1014.4083333333333,0.0,22.0
2014-10-29,33.996360000875,-117.4924,24.5,80.0,Mira Loma (Van Buren),21.306500125,38.34626166666667,5.336009254166666,1015.7958333333332,0.0,20.208333333333332
2014-10-30,33.996360000875,-117.4924,25.3,81.0,Mira Loma (Van Buren),21.38775,41.7738255,5.392480249999999,1014.7875,0.0,50.375
2014-10-31,33.996360000875,-117.4924,19.6,71.0,Mira Loma (Van Buren),18.500249916666665,72.38413745833334,6.282197904166666,1013.6583333333333,0.012500000000000002,67.25
2014-11-01,33.996360000875,-117.4924,19.6,71.0,Mira Loma (Van Buren),18.500249916666665,72.38413745833334,6.282197904166666,1013.6583333333333,0.012500000000000002,67.25
2014-11-02,33.996360000875,-117.4924,19.6,71.0,Mira Loma (Van Buren),18.500249916666665,72.38413745833334,6.282197904166666,1013.6583333333333,0.012500000000000002,67.25
2014-11-03,33.996360000875,-117.4924,19.6,71.0,Mira Loma (Van Buren),18.500249916666665,72.38413745833334,6.282197904166666,1013.6583333333333,0.012500000000000002,67.25
2014-11-04,33.996360000875,-117.4924,19.6,71.0,Mira Loma (Van Buren),18.500249916666665,72.38413745833334,6.282197904166666,1013.6583333333333,0.012500000000000002,67.25
2014-11-05,33.996360000875,-117.4924,7.1,39.0,Mira Loma (Van Buren),15.850250166666667,42.122832125,6.748547279166666,1018.5708333333333,0.0,4.916666666666667
2014-11-06,33.996360000875,-117.4924,9.2,51.0,Mira Loma (Van Buren),18.483583416666665,39.85265189583333,6.545098132083333,1018.7166666666667,0.0,0.0
2014-11-07,33.996360000875,-117.4924,13.3,59.0,Mira Loma (Van Buren),19.808583375,34.928988583333336,6.747796216666667,1017.9833333333332,0.0,0.0
2014-11-08,33.996360000875,-117.4924,22.9,77.0,Mira Loma (Van Buren),20.17941670833333,33.90354325,6.27269265,1016.0166666666668,0.0,0.375
2014-11-09,33.996360000875,-117.4924,33.9,97.0,Mira Loma (Van Buren),20.625250124999997,35.24715079166666,4.6283417125,1013.9041666666667,0.0,5.458333333333333
2014-11-10,33.996360000875,-117.4924,34.8,99.0,Mira Loma (Van Buren),17.137750083333334,63.893459375,6.4250055375,1010.625,0.0,17.833333333333332
2014-11-11,33.996360000875,-117.4924,29.2,88.0,Mira Loma (Van Buren),14.325250250000002,78.63912445833334,6.93104515,1012.1875,0.0,50.083333333333336
2014-11-12,33.996360000875,-117.4924,14.7,61.0,Mira Loma (Van Buren),14.264833583333333,78.4302555,5.787151625,1013.8375,0.0,62.291666666666664
2014-11-13,33.996360000875,-117.4924,19.7,71.0,Mira Loma (Van Buren),14.104417,80.86260533333333,4.9961352125,1016.3416666666667,0.0,73.16666666666667
2014-11-14,33.996360000875,-117.4924,22.0,75.0,Mira Loma (Van Buren),15.519000041666667,82.72205541666666,5.909963425,1015.7541666666666,0.0,94.0
2014-11-15,33.996360000875,-117.4924,20.3,72.0,Mira Loma (Van Buren),14.746083583333332,84.34420441666667,6.034512704166667,1016.4375,0.0,48.0
2014-11-16,33.996360000875,-117.4924,11.5,55.0,Mira Loma (Van Buren),14.777333666666665,66.82486616666667,8.277921645833333,1018.1625,0.0,27.708333333333332
2014-11-17,33.996360000875,-117.4924,4.2,23.0,Mira Loma (Van Buren),12.689833458333332,30.935514625,6.917358120833334,1020.1374999999999,0.0,60.375
2014-11-18,33.996360000875,-117.4924,9.0,50.0,Mira Loma (Van Buren),13.491916708333333,32.346647499999996,6.796893637499999,1019.2416666666667,0.0,71.58333333333333
2014-11-19,33.996360000875,-117.4924,13.7,60.0,Mira Loma (Van Buren),15.610666833333333,29.338244791666668,5.029723091666667,1019.4708333333333,0.0,33.875
2014-11-20,33.996360000875,-117.4924,17.2,66.0,Mira Loma (Van Buren),14.356500291666668,51.37230395833333,5.48739516125,1018.3791666666666,0.0,32.0
2014-11-21,33.996360000875,-117.4924,14.4,61.0,Mira Loma (Van Buren),14.344000166666667,76.44845945833333,4.622146428333333,1014.5041666666666,0.012500000000000002,35.875
2014-11-22,33.996360000875,-117.4924,20.5,72.0,Mira Loma (Van Buren),14.177333458333335,62.42022754166666,5.4656877,1017.25,0.0,31.916666666666668
2014-11-23,33.996360000875,-117.4924,10.0,53.0,Mira Loma (Van Buren),14.6023335,64.98888041666667,8.6087229875,1017.6,0.0,49.458333333333336
2014-11-24,33.996360000875,-117.4924,4.7,26.0,Mira Loma (Van Buren),12.575250124999998,41.625778958333335,8.082474166666666,1020.7458333333334,0.0,60.25
2014-11-25,33.996360000875,-117.4924,10.5,54.0,Mira Loma (Van Buren),13.198166666666665,38.155734208333335,7.4033708,1025.8666666666666,0.0,0.0
2014-11-26,33.996360000875,-117.4924,15.8,63.0,Mira Loma (Van Buren),16.100250012500002,34.806736791666665,4.959145591666666,1023.35,0.0,0.0
2014-11-27,33.996360000875,-117.4924,17.3,66.0,Mira Loma (Van Buren),17.598166833333334,35.609780666666666,6.341194754166668,1018.8291666666668,0.0,12.125
2014-11-28,33.996360000875,-117.4924,22.3,76.0,Mira Loma (Van Buren),17.30858316666667,34.450383333333335,5.1108505125,1015.0666666666666,0.0,1.4166666666666667
2014-11-29,33.996360000875,-117.4924,24.2,79.0,Mira Loma (Van Buren),17.677333166666667,29.436396416666668,6.488551166666666,1011.9208333333332,0.0,9.75
2014-11-30,33.996360000875,-117.4924,15.3,63.0,Mira Loma (Van Buren),14.598166625,66.06042225,10.025834429166666,1013.0708333333333,0.07916666666666668,77.33333333333333
2014-12-01,33.996360000875,-117.4924,17.5,67.0,Mira Loma (Van Buren),15.060666875,77.54161983333333,4.394932029166667,1018.8125,0.0375,93.125
2014-12-02,33.996360000875,-117.4924,7.9,44.0,Mira Loma (Van Buren),14.000250333333334,75.66657029166667,7.605348483333334,1014.9791666666666,0.4541666666666666,100.0
2014-12-03,33.996360000875,-117.4924,10.7,54.0,Mira Loma (Van Buren),14.371083541666666,93.07624449999999,8.622294475,1014.3249999999999,1.1833333333333333,96.91666666666667
2014-12-04,33.996360000875,-117.4924,9.6,52.0,Mira Loma (Van Buren),15.358583791666668,92.42093191666667,5.7807958,1014.3125,0.1875,91.41666666666667
2014-12-05,33.996360000875,-117.4924,21.5,74.0,Mira Loma (Van Buren),13.946083541666667,82.18921,3.8868944945833337,1017.8666666666667,0.0,78.91666666666667
2014-12-06,33.996360000875,-117.4924,33.6,97.0,Mira Loma (Van Buren),15.744000374999999,79.81520508333334,3.3727369062499997,1020.6583333333333,0.0,53.75
2014-12-07,33.996360000875,-117.4924,22.1,75.0,Mira Loma (Van Buren),13.619000191666666,77.27334425,6.2142941375000005,1021.0333333333333,0.0,45.625
2014-12-08,33.996360000875,-117.4924,18.3,68.0,Mira Loma (Van Buren),14.704416916666666,75.22609216666667,5.512635891666666,1018.3583333333332,0.0,93.54166666666667
2014-12-09,33.996360000875,-117.4924,19.8,71.0,Mira Loma (Van Buren),14.296083541666667,72.0999025,5.2845327583333335,1017.625,0.0,26.875
2014-12-10,33.996360000875,-117.4924,25.0,81.0,Mira Loma (Van Buren),13.729416583333332,70.10733025,4.380470565416666,1015.7375000000001,0.0,35.166666666666664
2014-12-11,33.996360000875,-117.4924,30.9,92.0,Mira Loma (Van Buren),15.30025025,69.66347033333334,7.302197729166667,1014.1208333333334,0.008333333333333333,94.25
2014-12-12,33.996360000875,-117.4924,7.0,39.0,Mira Loma (Van Buren),12.206500416666666,92.34882499999999,14.145250083333332,1013.3333333333334,1.3416666666666666,66.875
2014-12-13,33.996360000875,-117.4924,13.7,60.0,Mira Loma (Van Buren),10.362750416666666,89.01136158333333,3.9507234125,1018.25,0.09166666666666667,47.833333333333336
2014-12-14,33.996360000875,-117.4924,24.0,79.0,Mira Loma (Van Buren),9.889833583333333,73.91802837499999,4.342285495833333,1019.2958333333332,0.0,49.708333333333336
2014-12-15,33.996360000875,-117.4924,22.4,76.0,Mira Loma (Van Buren),9.904416958333334,71.484190375,4.613639166666666,1017.1958333333333,0.0,95.04166666666667
2014-12-16,33.996360000875,-117.4924,13.6,59.0,Mira Loma (Van Buren),11.248166958333334,67.5174195,6.1051534499999995,1015.65,0.1625,91.79166666666667
2014-12-17,33.996360000875,-117.4924,11.4,55.0,Mira Loma (Van Buren),10.308583708333334,88.72239895833333,6.286565716666666,1015.9958333333334,0.2791666666666667,91.08333333333333
2014-12-18,33.996360000875,-117.4924,14.6,61.0,Mira Loma (Van Buren),9.9877505,80.90489091666667,4.343048979166666,1020.0291666666667,0.0,38.458333333333336
2014-12-19,33.996360000875,-117.4924,21.3,74.0,Mira Loma (Van Buren),9.679416999999999,74.991933,4.5927645875000005,1022.3249999999999,0.0,35.708333333333336
2014-12-20,33.996360000875,-117.4924,41.6,116.0,Mira Loma (Van Buren),11.083583845833333,73.52230120833333,4.495872245833334,1021.1708333333332,0.0,90.25
2014-12-21,33.996360000875,-117.4924,50.0,137.0,Mira Loma (Van Buren),10.300250041666667,81.61109345833333,4.404208529166667,1019.9625,0.0,85.33333333333333
2014-12-22,33.996360000875,-117.4924,30.9,92.0,Mira Loma (Van Buren),11.660666791666666,79.06419533333333,4.6252406375,1016.7333333333332,0.0,53.833333333333336
2014-12-23,33.996360000875,-117.4924,1.8,10.0,Mira Loma (Van Buren),13.887750166666665,71.91194962499999,5.0969932875,1016.0375,0.0,6.916666666666667
2014-12-24,33.996360000875,-117.4924,13.7,60.0,Mira Loma (Van Buren),12.800250208333333,68.58531679166667,6.112427883333333,1017.2333333333332,0.0,30.375
2014-12-25,33.996360000875,-117.4924,9.6,52.0,Mira Loma (Van Buren),12.144000416666666,73.94757470833333,6.64222695,1010.0666666666666,0.004166666666666667,40.166666666666664
2014-12-26,33.996360000875,-117.4924,3.1,17.0,Mira Loma (Van Buren),6.964833536666667,53.45644225,8.1937326625,1014.6374999999999,0.0,0.25
2014-12-27,33.996360000875,-117.4924,8.8,49.0,Mira Loma (Van Buren),5.5565001191666665,57.00626004166667,6.326150191666667,1023.3541666666666,0.0,1.0833333333333333
2014-12-28,33.996360000875,-117.4924,22.2,75.0,Mira Loma (Van Buren),6.28358352875,57.765234666666665,5.2688006708333335,1024.8625,0.0,61.958333333333336
2014-12-29,33.996360000875,-117.4924,29.3,89.0,Mira Loma (Van Buren),7.585666708333334,58.191211375,5.7542793125,1020.6791666666667,0.0,0.9166666666666666
2014-12-30,33.996360000875,-117.4924,22.3,76.0,Mira Loma (Van Buren),7.5398335,82.38401733333333,5.30683195,1015.8916666666668,0.020833333333333332,53.833333333333336
2014-12-31,33.996360000875,-117.4924,19.0,69.0,Mira Loma (Van Buren),5.6981667875,49.76876279166667,10.60583645,1014.7041666666668,0.32083333333333336,71.25
2015-01-01,33.996360000875,-117.4924,53.6,146.0,Mira Loma (Van Buren),4.937750150416667,43.217834958333334,5.442530058333333,1018.7833333333333,0.0,1.25
2015-01-02,33.996360000875,-117.4924,38.5,108.0,Mira Loma (Van Buren),4.806500066416667,55.82416,4.941821454166667,1020.2333333333332,0.0,12.916666666666666
2015-01-03,33.996360000875,-117.4924,8.4,47.0,Mira Loma (Van Buren),6.191916841249999,62.03060425,4.544339141666667,1021.7833333333333,0.0,7.416666666666667
2015-01-04,33.996360000875,-117.4924,50.9,139.0,Mira Loma (Van Buren),7.681500068916667,65.12429170833333,3.8158611875,1025.3958333333333,0.0,16.416666666666668
2015-01-05,33.996360000875,-117.4924,6.6,37.0,Mira Loma (Van Buren),10.439833275,57.292645916666665,7.260510933333333,1023.6750000000001,0.0,10.833333333333334
2015-01-06,33.996360000875,-117.4924,8.8,49.0,Mira Loma (Van Buren),12.141916666666667,56.90538541666667,8.176822533333334,1021.1583333333333,0.0,0.0
2015-01-07,33.996360000875,-117.4924,17.3,66.0,Mira Loma (Van Buren),13.48775,56.568192833333335,5.990970727916667,1019.5708333333333,0.0,34.375
2015-01-08,33.996360000875,-117.4924,39.7,111.0,Mira Loma (Van Buren),14.825249999999999,59.15689691666666,5.276361341666667,1017.4916666666667,0.0,82.33333333333333
2015-01-09,33.996360000875,-117.4924,37.6,106.0,Mira Loma (Van Buren),14.225250041666667,67.90729983333334,4.5484362124999995,1015.9125,0.0,86.45833333333333
2015-01-10,33.996360000875,-117.4924,50.0,137.0,Mira Loma (Van Buren),13.044000250000002,70.79461400000001,4.465288420833333,1015.7708333333334,0.0,46.958333333333336
2015-01-11,33.996360000875,-117.4924,37.2,105.0,Mira Loma (Van Buren),12.369000416666667,79.339151625,4.897811904166667,1016.1416666666668,0.30416666666666664,97.04166666666667
2015-01-12,33.996360000875,-117.4924,28.8,88.0,Mira Loma (Van Buren),11.121083416666666,86.65337895833333,3.690359279166667,1019.6333333333333,0.004166666666666667,69.29166666666667
2015-01-13,33.996360000875,-117.4924,16.5,65.0,Mira Loma (Van Buren),12.996083458333333,75.718018875,3.814296704166667,1019.1083333333332,0.0,39.916666666666664
2015-01-14,33.996360000875,-117.4924,8.7,48.0,Mira Loma (Van Buren),10.410666608333333,62.453794499999994,5.264303695833333,1019.7291666666666,0.0,0.0
2015-01-15,33.996360000875,-117.4924,9.9,52.0,Mira Loma (Van Buren),10.683583241666668,61.26839891666666,6.679876395833333,1022.5166666666668,0.0,38.458333333333336
2015-01-16,33.996360000875,-117.4924,16.2,64.0,Mira Loma (Van Buren),11.273166745833334,57.702252249999994,6.5009479416666665,1021.125,0.0,22.083333333333332
2015-01-17,33.996360000875,-117.4924,26.5,83.0,Mira Loma (Van Buren),12.844000025,55.144683625,4.606070833333333,1020.0875,0.0,1.7916666666666667
2015-01-18,33.996360000875,-117.4924,32.4,94.0,Mira Loma (Van Buren),14.287750125,53.934299375,4.7546783249999995,1022.2875,0.0,51.916666666666664
2015-01-19,33.996360000875,-117.4924,43.2,120.0,Mira Loma (Van Buren),13.771083358333334,58.36535920833333,4.428424541666667,1020.6625,0.0,58.083333333333336
2015-01-20,33.996360000875,-117.4924,60.5,155.0,Mira Loma (Van Buren),13.508583333333334,59.55420629166667,3.8551066333333335,1016.7333333333332,0.0,68.375
2015-01-21,33.996360000875,-117.4924,13.8,60.0,Mira Loma (Van Buren),12.579416666666667,64.65347533333333,4.325236069583333,1015.0708333333333,0.0,17.541666666666668
2015-01-22,33.996360000875,-117.4924,4.6,26.0,Mira Loma (Van Buren),11.539833458333334,49.398518375,6.9042448625,1019.5416666666666,0.0,40.958333333333336
2015-01-23,33.996360000875,-117.4924,7.1,39.0,Mira Loma (Van Buren),12.8939999125,37.52342579166667,5.1633892291666665,1023.0666666666666,0.0,26.125
2015-01-24,33.996360000875,-117.4924,5.1,28.0,Mira Loma (Van Buren),12.408583375,43.24203045833334,8.526165445833334,1018.8791666666666,0.0,1.25
2015-01-25,33.996360000875,-117.4924,5.1,28.0,Mira Loma (Van Buren),14.448166691666666,38.47715145833333,6.783058483333334,1016.2958333333332,0.0,7.375
2015-01-26,33.996360000875,-117.4924,7.8,43.0,Mira Loma (Van Buren),16.558583458333334,38.68585016666667,7.9329031625,1015.7583333333333,0.049999999999999996,87.375
2015-01-27,33.996360000875,-117.4924,20.0,71.0,Mira Loma (Van Buren),13.575250095833333,76.22168179166667,5.633132391666667,1020.0124999999999,0.3166666666666667,46.0
2015-01-28,33.996360000875,-117.4924,11.0,55.0,Mira Loma (Van Buren),13.68566665,65.82837508333334,6.197390620833333,1020.3708333333334,0.0,74.79166666666667
2015-01-29,33.996360000875,-117.4924,3.9,22.0,Mira Loma (Van Buren),15.298166875,61.702002791666665,5.859247716666666,1017.225,0.004166666666666667,99.75
2015-01-30,33.996360000875,-117.4924,11.6,56.0,Mira Loma (Van Buren),15.460666625,64.73865566666667,4.569285708333333,1014.1833333333334,0.05833333333333333,93.54166666666667
2015-01-31,33.996360000875,-117.4924,10.3,53.0,Mira Loma (Van Buren),13.948166875,75.211401375,4.958743049166666,1011.4375,0.04583333333333334,61.083333333333336
2015-02-01,33.996360000875,-117.4924,13.2,59.0,Mira Loma (Van Buren),14.614833500000001,59.107805250000006,5.299744108333333,1016.3833333333333,0.0,10.875
2015-02-02,33.996360000875,-117.4924,17.9,67.0,Mira Loma (Van Buren),14.718999875,53.73378745833333,4.4980614999999995,1018.1208333333334,0.0,71.20833333333333
2015-02-03,33.996360000875,-117.4924,40.0,112.0,Mira Loma (Van Buren),17.023166874999998,43.84477770833333,4.7615541708333335,1017.2833333333333,0.0,46.083333333333336
2015-02-04,33.996360000875,-117.4924,49.9,136.0,Mira Loma (Van Buren),16.050250000000002,53.61245808333334,4.7996076875,1018.4291666666667,0.0,14.833333333333334
2015-02-05,33.996360000875,-117.4924,49.1,134.0,Mira Loma (Van Buren),17.177333333333333,47.994151249999994,4.2785492624999995,1017.8208333333333,0.0,13.291666666666666
2015-02-06,33.996360000875,-117.4924,45.7,126.0,Mira Loma (Van Buren),18.441916583333335,44.86434191666667,5.70946936125,1017.8125,0.0,36.416666666666664
2015-02-07,33.996360000875,-117.4924,30.1,90.0,Mira Loma (Van Buren),15.541916875,64.841390875,5.049648170833334,1020.3000000000001,0.0,56.833333333333336
2015-02-08,33.996360000875,-117.4924,19.4,70.0,Mira Loma (Van Buren),17.212750166666666,67.57518933333334,4.07589418625,1019.9666666666667,0.0,26.583333333333332
2015-02-09,33.996360000875,-117.4924,9.7,52.0,Mira Loma (Van Buren),17.581500125,66.61970045833333,5.973313666666667,1019.775,0.0,18.541666666666668
2015-02-10,33.996360000875,-117.4924,6.9,38.0,Mira Loma (Van Buren),15.794000208333335,60.106681333333334,5.472758529166666,1015.6291666666666,0.0,11.166666666666666
2015-02-11,33.996360000875,-117.4924,2.1,12.0,Mira Loma (Van Buren),16.408583358333335,35.52701854166667,7.1843142124999995,1014.7791666666667,0.0,25.583333333333332
2015-02-12,33.996360000875,-117.4924,2.6,14.0,Mira Loma (Van Buren),17.131499941666664,29.672362708333335,8.2542651875,1018.0083333333333,0.0,16.75
2015-02-13,33.996360000875,-117.4924,10.1,53.0,Mira Loma (Van Buren),18.479416666666665,30.191431750000003,6.137737791666667,1017.025,0.0,9.041666666666666
2015-02-14,33.996360000875,-117.4924,11.5,55.0,Mira Loma (Van Buren),19.26483325,30.0989955,5.9617777625,1016.5875,0.0,8.083333333333334
2015-02-15,33.996360000875,-117.4924,21.1,73.0,Mira Loma (Van Buren),20.075249916666667,27.245051833333335,6.1122763625,1015.225,0.0,6.583333333333333
2015-02-16,33.996360000875,-117.4924,22.1,75.0,Mira Loma (Van Buren),18.54608325,37.79004616666666,6.190223733333333,1014.7416666666667,0.0,6.0
2015-02-17,33.996360000875,-117.4924,38.5,108.0,Mira Loma (Van Buren),15.93150025,57.658956458333336,5.246088383333333,1017.5833333333334,0.0,13.041666666666666
2015-02-18,33.996360000875,-117.4924,40.0,112.0,Mira Loma (Van Buren),17.164833416666667,46.978101583333334,4.949788179166666,1019.3000000000001,0.0,42.583333333333336
2015-02-19,33.996360000875,-117.4924,50.1,137.0,Mira Loma (Van Buren),16.94608325,53.85220533333333,4.65303305,1018.6666666666666,0.0,92.54166666666667
2015-02-20,33.996360000875,-117.4924,46.8,129.0,Mira Loma (Van Buren),15.658583541666665,58.676295333333336,4.948896454166667,1015.9083333333333,0.0,93.5
2015-02-21,33.996360000875,-117.4924,25.7,82.0,Mira Loma (Van Buren),13.429416958333334,78.08470858333334,6.2376853625,1013.8958333333334,0.0,86.45833333333333
2015-02-22,33.996360000875,-117.4924,12.3,57.0,Mira Loma (Van Buren),12.860666833333333,79.940792375,9.200737225,1012.0958333333333,0.13333333333333333,67.29166666666667
2015-02-23,33.996360000875,-117.4924,4.2,23.0,Mira Loma (Van Buren),11.008583833333333,83.99752208333334,6.439685516666667,1013.1750000000001,0.35000000000000003,54.208333333333336
2015-02-24,33.996360000875,-117.4924,14.2,61.0,Mira Loma (Van Buren),10.629416833333334,65.45882795833333,5.961724716666667,1021.0875,0.016666666666666666,9.458333333333334
2015-02-25,33.996360000875,-117.4924,11.2,55.0,Mira Loma (Van Buren),12.708583500000001,50.598044375,6.2557254,1021.1750000000001,0.0,28.625
2015-02-26,33.996360000875,-117.4924,19.0,69.0,Mira Loma (Van Buren),13.379416666666666,66.13996829166666,6.145509637499999,1014.7416666666667,0.0,41.583333333333336
2015-02-27,33.996360000875,-117.4924,16.2,64.0,Mira Loma (Van Buren),12.462750374999999,77.98846641666667,8.315231854166667,1010.0875,0.0,36.833333333333336
2015-02-28,33.996360000875,-117.4924,4.4,24.0,Mira Loma (Van Buren),11.871083624999999,84.09851133333333,11.480910429166668,1008.9375,0.05000000000000001,68.95833333333333
2015-03-01,33.996360000875,-117.4924,5.2,29.0,Mira Loma (Van Buren),10.202333608333333,83.02744125,9.117173554166667,1012.8041666666667,0.3416666666666666,78.25
2015-03-02,33.996360000875,-117.4924,4.5,25.0,Mira Loma (Van Buren),9.723167025,83.858429375,5.986751675,1013.0124999999999,0.3875,53.541666666666664
2015-03-03,33.996360000875,-117.4924,11.3,55.0,Mira Loma (Van Buren),9.496083420833333,75.42970070833333,6.334871691666667,1013.8208333333333,0.008333333333333333,37.458333333333336
2015-03-04,33.996360000875,-117.4924,6.5,36.0,Mira Loma (Van Buren),11.541916941666665,63.338916624999996,6.759076420833334,1015.4416666666666,0.0,8.666666666666666
2015-03-05,33.996360000875,-117.4924,7.5,42.0,Mira Loma (Van Buren),11.935666829166665,53.082493125000006,5.978590333333333,1021.7541666666666,0.0,4.0
2015-03-06,33.996360000875,-117.4924,4.6,26.0,Mira Loma (Van Buren),13.766916741666668,46.56751954166666,8.205029745833334,1020.0416666666666,0.0,0.0
2015-03-07,33.996360000875,-117.4924,11.3,55.0,Mira Loma (Van Buren),15.833583500000001,43.671778708333335,6.7423578,1015.625,0.0,0.0
2015-03-08,33.996360000875,-117.4924,18.6,69.0,Mira Loma (Van Buren),17.398166804166667,38.88001691666667,7.886403233333333,1015.3041666666667,0.0,0.125
2015-03-09,33.996360000875,-117.4924,22.6,76.0,Mira Loma (Van Buren),16.871083333333335,54.59792758333333,5.930373679166667,1014.6125000000001,0.0,24.25
2015-03-10,33.996360000875,-117.4924,16.3,64.0,Mira Loma (Van Buren),17.889833275,43.264108125,5.315536945833333,1013.5041666666666,0.0,29.041666666666668
2015-03-11,33.996360000875,-117.4924,26.4,83.0,Mira Loma (Van Buren),19.583583125,33.714578124999996,5.257202341666667,1016.2875,0.0,97.5
2015-03-12,33.996360000875,-117.4924,10.5,54.0,Mira Loma (Van Buren),18.373166666666666,45.99423049999999,7.5728006500000005,1017.275,0.0,22.5
2015-03-13,33.996360000875,-117.4924,4.0,22.0,Mira Loma (Van Buren),20.0731665,37.42130133333333,8.826968929166666,1016.1625,0.0,0.75
2015-03-14,33.996360000875,-117.4924,6.8,38.0,Mira Loma (Van Buren),20.910666791666667,36.579669833333334,7.224350854166667,1016.4333333333334,0.0,33.458333333333336
2015-03-15,33.996360000875,-117.4924,9.0,50.0,Mira Loma (Van Buren),23.377333166666663,31.296155166666665,7.235400166666667,1016.0458333333332,0.0,87.20833333333333
2015-03-16,33.996360000875,-117.4924,13.4,59.0,Mira Loma (Van Buren),22.879416625,29.452427,7.790413829166667,1013.1166666666667,0.0,88.25
2015-03-17,33.996360000875,-117.4924,12.7,58.0,Mira Loma (Van Buren),22.227333125,24.548409083333336,7.424714854166666,1013.225,0.0,95.70833333333333
2015-03-18,33.996360000875,-117.4924,12.3,57.0,Mira Loma (Van Buren),18.885666666666665,52.56869529166667,9.150754591666667,1013.8333333333334,0.012500000000000002,97.20833333333333
2015-03-19,33.996360000875,-117.4924,15.9,64.0,Mira Loma (Van Buren),18.00024995833333,66.64713333333333,6.19205315,1015.0958333333333,0.004166666666666667,80.0
2015-03-20,33.996360000875,-117.4924,17.5,67.0,Mira Loma (Van Buren),19.108583291666665,54.727763124999996,6.69066881125,1016.8458333333333,0.0,13.0
2015-03-21,33.996360000875,-117.4924,20.9,73.0,Mira Loma (Van Buren),19.054416666666665,55.79165033333334,7.2482736999999995,1018.4375,0.0,53.958333333333336
2015-03-22,33.996360000875,-117.4924,20.4,72.0,Mira Loma (Van Buren),16.514833333333332,66.85748525,6.7936715833333325,1020.5458333333332,0.0,66.04166666666667
2015-03-23,33.996360000875,-117.4924,11.9,56.0,Mira Loma (Van Buren),15.083583416666668,73.06158512500001,7.451883829166667,1020.8541666666666,0.0,29.166666666666668
2015-03-24,33.996360000875,-117.4924,16.7,65.0,Mira Loma (Van Buren),16.362750125,64.095468625,8.362682683333334,1018.4,0.0,8.833333333333334
2015-03-25,33.996360000875,-117.4924,6.3,35.0,Mira Loma (Van Buren),18.950250125,49.73313758333333,6.607758057083333,1016.4458333333333,0.0,23.916666666666668
2015-03-26,33.996360000875,-117.4924,6.3,35.0,Mira Loma (Van Buren),18.950250125,49.73313758333333,6.607758057083333,1016.4458333333333,0.0,23.916666666666668
2015-03-27,33.996360000875,-117.4924,9.5,52.0,Mira Loma (Van Buren),23.508583375,25.816008291666666,7.2212946124999995,1016.9166666666666,0.0,0.0
2015-03-28,33.996360000875,-117.4924,16.6,65.0,Mira Loma (Van Buren),23.462749958333333,31.374157583333332,7.468563504166667,1017.0749999999999,0.0,0.3333333333333333
2015-03-29,33.996360000875,-117.4924,16.6,65.0,Mira Loma (Van Buren),21.835666583333335,38.041154416666664,5.937722091666667,1016.5333333333333,0.0,26.666666666666668
2015-03-30,33.996360000875,-117.4924,14.3,61.0,Mira Loma (Van Buren),21.298166708333333,43.68047845833333,5.9017481,1015.7583333333333,0.0,1.9583333333333333
2015-03-31,33.996360000875,-117.4924,20.6,72.0,Mira Loma (Van Buren),20.052333375,51.179769666666665,6.619663883333334,1015.1791666666667,0.0,38.583333333333336
2015-04-01,33.996360000875,-117.4924,12.9,58.0,Mira Loma (Van Buren),17.658583375,61.661692916666674,8.265950116666668,1014.5958333333333,0.0,23.333333333333332
2015-04-02,33.996360000875,-117.4924,19.9,71.0,Mira Loma (Van Buren),16.99816675,62.64505970833333,7.618899445833333,1014.2416666666667,0.0,21.041666666666668
2015-04-03,33.996360000875,-117.4924,12.3,57.0,Mira Loma (Van Buren),18.389833375,32.94078564583334,7.1945893125,1016.2791666666667,0.0,37.083333333333336
2015-04-04,33.996360000875,-117.4924,16.0,64.0,Mira Loma (Van Buren),19.735666666666667,20.095165179166667,8.102690054166667,1013.6083333333332,0.0,26.083333333333332
2015-04-05,33.996360000875,-117.4924,5.8,32.0,Mira Loma (Van Buren),17.635666583333332,40.773955125,10.58553995,1011.6,0.0,7.958333333333333
2015-04-06,33.996360000875,-117.4924,5.3,29.0,Mira Loma (Van Buren),14.081500083333333,64.96033166666668,9.908942762499999,1012.9,0.0,19.833333333333332
2015-04-07,33.996360000875,-117.4924,4.8,27.0,Mira Loma (Van Buren),12.452333416666667,60.2379315,9.720441791666667,1015.9166666666666,0.0,35.791666666666664
2015-04-08,33.996360000875,-117.4924,7.0,39.0,Mira Loma (Van Buren),13.066917083333335,70.146606875,9.992207925,1016.7083333333334,0.05833333333333333,32.916666666666664
2015-04-09,33.996360000875,-117.4924,11.7,56.0,Mira Loma (Van Buren),15.9835835,42.981941125,7.775413091666667,1014.4375,0.0,51.083333333333336
2015-04-10,33.996360000875,-117.4924,19.3,70.0,Mira Loma (Van Buren),15.758583708333333,53.85677341666667,6.8235182,1014.9583333333334,0.0,48.583333333333336
2015-04-11,33.996360000875,-117.4924,19.0,69.0,Mira Loma (Van Buren),16.450250125,53.133543624999994,7.714547162500001,1014.2666666666668,0.0,34.208333333333336
2015-04-12,33.996360000875,-117.4924,19.8,71.0,Mira Loma (Van Buren),18.194000125,46.06693625,8.590894825,1013.0,0.0,2.8333333333333335
2015-04-13,33.996360000875,-117.4924,22.6,76.0,Mira Loma (Van Buren),19.22941675,55.66674229166667,7.294450158333333,1016.6666666666666,0.0,0.625
2015-04-14,33.996360000875,-117.4924,23.5,78.0,Mira Loma (Van Buren),18.156499999999998,61.358224041666666,7.787450991666667,1017.6291666666666,0.0,8.333333333333334
2015-04-15,33.996360000875,-117.4924,15.7,63.0,Mira Loma (Van Buren),17.708583166666667,39.693592591666665,8.0765089875,1014.3458333333333,0.0,4.041666666666667
2015-04-16,33.996360000875,-117.4924,5.3,29.0,Mira Loma (Van Buren),18.344000041666664,16.287609041666666,8.079988920833333,1013.7624999999999,0.0,0.0
2015-04-17,33.996360000875,-117.4924,10.0,53.0,Mira Loma (Van Buren),20.373166666666666,18.173606208333332,8.163882225,1016.1,0.0,0.0
2015-04-18,33.996360000875,-117.4924,17.5,67.0,Mira Loma (Van Buren),20.48774991666667,28.827220666666665,9.152375754166668,1015.4458333333333,0.0,0.0
2015-04-19,33.996360000875,-117.4924,25.2,81.0,Mira Loma (Van Buren),19.823166625,42.29430920833333,7.500238583333334,1013.6041666666666,0.0,4.666666666666667
2015-04-20,33.996360000875,-117.4924,21.5,74.0,Mira Loma (Van Buren),17.719000125,53.27735429166666,7.7948487625,1011.8958333333334,0.0,4.75
2015-04-21,33.996360000875,-117.4924,10.9,54.0,Mira Loma (Van Buren),14.802333375000002,61.998100666666666,8.173654575,1012.3375,0.008333333333333333,44.166666666666664
2015-04-22,33.996360000875,-117.4924,9.8,52.0,Mira Loma (Van Buren),14.550250083333333,65.438162875,7.66767475,1012.2458333333334,0.041666666666666664,57.833333333333336
2015-04-23,33.996360000875,-117.4924,18.2,68.0,Mira Loma (Van Buren),14.975250375,71.39586191666666,7.284477816666667,1011.8708333333334,0.04583333333333334,78.125
2015-04-24,33.996360000875,-117.4924,7.3,41.0,Mira Loma (Van Buren),14.6960835,73.05616275,9.5887572625,1013.7791666666667,0.012500000000000002,83.54166666666667
2015-04-25,33.996360000875,-117.4924,5.4,30.0,Mira Loma (Van Buren),13.791917083333333,78.50926270833334,11.3548436125,1014.85,0.125,86.29166666666667
2015-04-26,33.996360000875,-117.4924,7.1,39.0,Mira Loma (Van Buren),15.18775025,75.84234233333333,9.794359229166666,1013.4875000000001,0.0375,75.58333333333333
2015-04-27,33.996360000875,-117.4924,7.4,41.0,Mira Loma (Van Buren),18.621083291666668,49.8315225,8.022985308333334,1013.0208333333334,0.0,37.666666666666664
2015-04-28,33.996360000875,-117.4924,11.6,56.0,Mira Loma (Van Buren),21.998166583333333,33.559649875,7.295927995833334,1013.3166666666666,0.0,0.0
2015-04-29,33.996360000875,-117.4924,9.0,50.0,Mira Loma (Van Buren),24.133583166666668,30.073690479166668,6.9935301249999995,1012.1750000000001,0.0,30.875
2015-04-30,33.996360000875,-117.4924,9.2,51.0,Mira Loma (Van Buren),26.010666291666666,25.27790454166667,6.704445220833333,1009.4666666666667,0.0,83.70833333333333
2015-05-01,33.996360000875,-117.4924,9.7,52.0,Mira Loma (Van Buren),25.577333083333333,26.663975291666663,6.7289491904166665,1010.6583333333333,0.0,81.75
2015-05-02,33.996360000875,-117.4924,10.8,54.0,Mira Loma (Van Buren),25.156499791666665,23.80096383333333,8.215089311249999,1010.5458333333332,0.0,14.666666666666666
2015-05-03,33.996360000875,-117.4924,18.6,69.0,Mira Loma (Van Buren),19.681499916666667,49.93882983333333,9.229865320833333,1011.7375000000001,0.0,5.291666666666667
2015-05-04,33.996360000875,-117.4924,14.4,61.0,Mira Loma (Van Buren),16.762750041666667,59.850627624999994,9.182871154166667,1012.8916666666668,0.0,15.791666666666666
2015-05-05,33.996360000875,-117.4924,13.0,58.0,Mira Loma (Van Buren),15.294000333333335,65.408172625,9.5091535625,1014.6208333333334,0.0,49.958333333333336
2015-05-06,33.996360000875,-117.4924,8.6,48.0,Mira Loma (Van Buren),14.691916708333332,67.741534375,8.196798295833334,1012.5333333333333,0.0,84.125
2015-05-07,33.996360000875,-117.4924,8.6,48.0,Mira Loma (Van Buren),14.691916708333332,67.741534375,8.196798295833334,1012.5333333333333,0.0,84.125
2015-05-08,33.996360000875,-117.4924,8.7,48.0,Mira Loma (Van Buren),11.125250291666667,77.13881645833334,9.405223729166666,1012.4499999999999,0.32083333333333336,64.0
2015-05-09,33.996360000875,-117.4924,12.7,58.0,Mira Loma (Van Buren),13.527333708333332,74.172931,6.641544625000001,1017.1625,0.0,70.33333333333333
2015-05-10,33.996360000875,-117.4924,15.4,63.0,Mira Loma (Van Buren),16.500250166666667,68.86131070833333,5.933061527916667,1015.9125,0.0,16.416666666666668
2015-05-11,33.996360000875,-117.4924,13.8,60.0,Mira Loma (Van Buren),20.373166625,57.69557591666666,6.165415575,1012.6541666666667,0.0,74.66666666666667
2015-05-12,33.996360000875,-117.4924,17.2,66.0,Mira Loma (Van Buren),18.756499958333333,60.4810435,9.272592366666666,1010.8833333333333,0.0,58.916666666666664
2015-05-13,33.996360000875,-117.4924,10.7,54.0,Mira Loma (Van Buren),15.262750041666665,63.13754208333333,9.799199220833334,1013.5124999999999,0.0,59.541666666666664
2015-05-14,33.996360000875,-117.4924,10.6,54.0,Mira Loma (Van Buren),14.000250333333334,71.90769325000001,8.9964924625,1012.4958333333334,0.2708333333333333,63.916666666666664
2015-05-15,33.996360000875,-117.4924,9.7,52.0,Mira Loma (Van Buren),11.589833750000002,83.097444625,4.66356811125,1011.2666666666668,0.4791666666666667,85.04166666666667
2015-05-16,33.996360000875,-117.4924,11.6,56.0,Mira Loma (Van Buren),14.056500083333333,75.53180058333334,10.201753616666666,1013.4291666666667,0.004166666666666667,55.541666666666664
2015-05-17,33.996360000875,-117.4924,10.6,54.0,Mira Loma (Van Buren),15.496083458333333,77.1015775,6.216660366666667,1015.8083333333334,0.0,82.33333333333333
2015-05-18,33.996360000875,-117.4924,5.3,29.0,Mira Loma (Van Buren),15.519000208333333,79.953321125,8.632570879166666,1016.1583333333333,0.04583333333333334,76.29166666666667
2015-05-19,33.996360000875,-117.4924,12.9,58.0,Mira Loma (Van Buren),15.4023335,75.96858645833333,8.131711116666667,1017.1166666666667,0.0,25.916666666666668
2015-05-20,33.996360000875,-117.4924,10.2,53.0,Mira Loma (Van Buren),15.429416791666666,74.31443875000001,7.000954566666667,1014.4833333333332,0.0,70.91666666666667
2015-05-21,33.996360000875,-117.4924,8.5,47.0,Mira Loma (Van Buren),15.0773335,72.88041925,9.312381183333335,1013.8000000000001,0.049999999999999996,83.625
2015-05-22,33.996360000875,-117.4924,3.6,20.0,Mira Loma (Van Buren),13.42525025,79.055989125,9.392275158333334,1015.3208333333333,0.025000000000000005,74.66666666666667
2015-05-23,33.996360000875,-117.4924,7.4,41.0,Mira Loma (Van Buren),14.596083666666667,76.74659529166667,7.601596420833334,1017.5500000000001,0.004166666666666667,66.83333333333333
2015-05-24,33.996360000875,-117.4924,10.7,54.0,Mira Loma (Van Buren),15.283583583333332,77.50525991666667,7.7463629625,1015.9125,0.0,80.70833333333333
2015-05-25,33.996360000875,-117.4924,17.2,66.0,Mira Loma (Van Buren),15.994000291666666,76.49701825,6.6912796875,1014.4791666666666,0.0,65.91666666666667
2015-05-26,33.996360000875,-117.4924,11.3,55.0,Mira Loma (Van Buren),16.433583458333334,76.02490862500001,6.912353804166667,1014.8625000000001,0.0,61.333333333333336
2015-05-27,33.996360000875,-117.4924,20.1,71.0,Mira Loma (Van Buren),16.687750041666664,72.019637,7.068060395833334,1014.9916666666667,0.0,46.208333333333336
2015-05-28,33.996360000875,-117.4924,27.3,85.0,Mira Loma (Van Buren),18.414833375,62.42884316666667,6.5602802958333335,1014.7958333333332,0.0,5.291666666666667
2015-05-29,33.996360000875,-117.4924,20.1,71.0,Mira Loma (Van Buren),20.941916666666668,55.044054375,6.142171079166666,1013.5666666666666,0.0,11.958333333333334
2015-05-30,33.996360000875,-117.4924,31.1,92.0,Mira Loma (Van Buren),23.146083125,46.921320333333334,6.325067541666667,1012.9875000000001,0.0,76.04166666666667
2015-05-31,33.996360000875,-117.4924,19.6,71.0,Mira Loma (Van Buren),21.966916625,52.159821125,7.160552820833334,1013.0791666666668,0.0,6.625
2015-06-01,33.996360000875,-117.4924,17.2,66.0,Mira Loma (Van Buren),19.856499958333334,56.65900208333333,6.126429070833333,1014.4625,0.0,22.041666666666668
2015-06-02,33.996360000875,-117.4924,11.4,55.0,Mira Loma (Van Buren),19.810666666666666,56.89817320833333,7.646953833333334,1014.9958333333334,0.0,12.541666666666666
2015-06-03,33.996360000875,-117.4924,9.1,51.0,Mira Loma (Van Buren),18.40649983333333,67.42441275,8.840516875,1013.4083333333333,0.0,26.25
2015-06-04,33.996360000875,-117.4924,9.5,52.0,Mira Loma (Van Buren),17.35441691666667,71.91927933333334,9.251320125000001,1011.2208333333333,0.0,70.83333333333333
2015-06-05,33.996360000875,-117.4924,8.5,47.0,Mira Loma (Van Buren),16.962750166666666,68.83417745833333,8.109671525,1010.6541666666667,0.0,41.541666666666664
2015-06-06,33.996360000875,-117.4924,17.2,66.0,Mira Loma (Van Buren),17.502333583333332,68.71706833333333,7.961132683333333,1011.9875000000001,0.0,33.041666666666664
2015-06-07,33.996360000875,-117.4924,12.9,58.0,Mira Loma (Van Buren),22.00858325,54.280721416666665,6.516919291666667,1011.375,0.0,2.625
2015-06-08,33.996360000875,-117.4924,11.7,56.0,Mira Loma (Van Buren),27.14191645833333,40.71250360416666,4.848591016666666,1010.2583333333333,0.0,2.125
2015-06-09,33.996360000875,-117.4924,12.2,57.0,Mira Loma (Van Buren),26.581499833333336,44.21311179166667,6.719628503333333,1009.7958333333332,0.029166666666666664,60.875
2015-06-10,33.996360000875,-117.4924,18.0,68.0,Mira Loma (Van Buren),23.693999916666666,62.72213820833334,11.297767416666666,1011.5625,0.0,80.0
2015-06-11,33.996360000875,-117.4924,9.3,51.0,Mira Loma (Van Buren),20.614833125,70.05214533333334,8.220061212500001,1011.375,0.0,39.333333333333336
2015-06-12,33.996360000875,-117.4924,20.1,71.0,Mira Loma (Van Buren),20.894,69.07981270833334,6.998370220833333,1010.2375000000001,0.0,57.791666666666664
2015-06-13,33.996360000875,-117.4924,9.5,52.0,Mira Loma (Van Buren),20.868999958333333,70.815689,8.757019075,1009.7541666666666,0.0,56.791666666666664
2015-06-14,33.996360000875,-117.4924,12.8,58.0,Mira Loma (Van Buren),21.825249791666664,62.776453374999996,6.8339068125,1008.8333333333334,0.0,22.166666666666668
2015-06-15,33.996360000875,-117.4924,28.7,88.0,Mira Loma (Van Buren),23.527333249999998,53.083834333333336,6.088946091666667,1009.5666666666666,0.0,0.125
2015-06-16,33.996360000875,-117.4924,23.4,78.0,Mira Loma (Van Buren),25.189833041666663,46.81212825,5.9043852333333335,1011.1708333333332,0.0,0.041666666666666664
2015-06-17,33.996360000875,-117.4924,18.3,68.0,Mira Loma (Van Buren),25.658582999999997,43.57955891666666,6.1157569,1011.975,0.0,0.0
2015-06-18,33.996360000875,-117.4924,15.2,62.0,Mira Loma (Van Buren),25.843999916666665,42.486904958333334,5.897225683333333,1012.6416666666668,0.0,2.25
2015-06-19,33.996360000875,-117.4924,28.6,87.0,Mira Loma (Van Buren),26.08149966666667,40.30102920833333,6.292998554166666,1011.2541666666666,0.0,0.5833333333333334
2015-06-20,33.996360000875,-117.4924,19.0,69.0,Mira Loma (Van Buren),26.86274958333333,41.165993125,7.7508154000000005,1009.65,0.0,1.4583333333333333
2015-06-21,33.996360000875,-117.4924,17.5,67.0,Mira Loma (Van Buren),25.412749666666667,46.191746375,7.815068433333334,1011.9625,0.0,3.0
2015-06-22,33.996360000875,-117.4924,24.6,80.0,Mira Loma (Van Buren),24.97108320833333,47.52178729166667,6.658176075,1013.1,0.0,4.708333333333333
2015-06-23,33.996360000875,-117.4924,12.7,58.0,Mira Loma (Van Buren),25.18774970833333,44.749562375000004,6.851951933333333,1012.9416666666666,0.0,32.166666666666664
2015-06-24,33.996360000875,-117.4924,14.0,60.0,Mira Loma (Van Buren),25.743999708333334,44.995225,6.977741483333333,1011.5749999999999,0.0,1.125
2015-06-25,33.996360000875,-117.4924,15.5,63.0,Mira Loma (Van Buren),25.99816633333333,43.319439499999994,5.886674229166666,1012.7916666666666,0.0,4.75
2015-06-26,33.996360000875,-117.4924,15.8,63.0,Mira Loma (Van Buren),26.510666458333333,40.34838658333333,6.032271300000001,1013.5875,0.0,46.583333333333336
2015-06-27,33.996360000875,-117.4924,13.1,58.0,Mira Loma (Van Buren),25.608583208333332,44.319495958333334,6.5402287291666665,1014.3458333333333,0.0,73.41666666666667
2015-06-28,33.996360000875,-117.4924,11.1,55.0,Mira Loma (Van Buren),26.65858320833333,44.98868504166666,5.9209453125,1012.8625000000001,0.0,84.79166666666667
2015-06-29,33.996360000875,-117.4924,22.6,76.0,Mira Loma (Van Buren),28.493999791666667,45.684092791666664,6.599119929166666,1011.6666666666666,0.0,97.75
2015-06-30,33.996360000875,-117.4924,22.2,75.0,Mira Loma (Van Buren),28.375249666666665,46.195178375000005,6.514858870833333,1011.8833333333333,0.0,80.75
2015-07-01,33.996360000875,-117.4924,14.9,62.0,Mira Loma (Van Buren),27.723166666666668,50.45481541666666,5.690106954166667,1011.3458333333333,0.0,83.66666666666667
2015-07-02,33.996360000875,-117.4924,10.5,54.0,Mira Loma (Van Buren),26.42316645833333,66.01500895833333,6.40914415,1013.7375000000001,0.1125,73.95833333333333
2015-07-03,33.996360000875,-117.4924,21.1,73.0,Mira Loma (Van Buren),25.37524983333333,64.04530270833334,7.599906491666666,1013.2458333333334,0.0,32.666666666666664
2015-07-04,33.996360000875,-117.4924,12.0,56.0,Mira Loma (Van Buren),23.758583375,55.611861041666664,8.008288829166666,1011.5749999999999,0.0,15.0
2015-07-05,33.996360000875,-117.4924,17.6,67.0,Mira Loma (Van Buren),22.22108320833333,53.604677,8.0261850375,1013.6125000000001,0.0,21.583333333333332
2015-07-06,33.996360000875,-117.4924,24.1,79.0,Mira Loma (Van Buren),21.783583249999996,57.111062374999996,7.041190045833333,1015.9666666666667,0.0,11.541666666666666
2015-07-07,33.996360000875,-117.4924,27.8,86.0,Mira Loma (Van Buren),21.818999916666666,57.944606791666665,6.490954929166667,1014.8666666666667,0.0,8.125
2015-07-08,33.996360000875,-117.4924,21.0,73.0,Mira Loma (Van Buren),20.285666708333334,62.96920870833333,8.51483225,1011.6958333333333,0.0,18.708333333333332
2015-07-09,33.996360000875,-117.4924,7.0,39.0,Mira Loma (Van Buren),19.589833208333335,69.493790375,9.840363250000001,1011.2458333333334,0.012500000000000002,83.0
2015-07-10,33.996360000875,-117.4924,13.4,59.0,Mira Loma (Van Buren),18.95650004166667,70.93980608333334,7.781919862500001,1012.6125000000001,0.004166666666666667,54.083333333333336
2015-07-11,33.996360000875,-117.4924,6.2,34.0,Mira Loma (Van Buren),20.106499916666667,69.37949695833333,6.854269408333334,1013.4208333333332,0.0,51.416666666666664
2015-07-12,33.996360000875,-117.4924,18.0,68.0,Mira Loma (Van Buren),22.37524975,64.45469620833333,6.9445235541666674,1015.1458333333334,0.0,58.5
2015-07-13,33.996360000875,-117.4924,9.0,50.0,Mira Loma (Van Buren),24.052333041666667,56.0704285,7.6963182166666675,1013.9833333333332,0.0,2.7083333333333335
2015-07-14,33.996360000875,-117.4924,8.5,47.0,Mira Loma (Van Buren),24.021083166666667,54.225295958333334,7.3336393541666665,1011.6791666666667,0.0,5.916666666666667
2015-07-15,33.996360000875,-117.4924,10.0,53.0,Mira Loma (Van Buren),22.829416374999997,54.814909625000006,7.194947229166666,1011.8291666666668,0.0,2.0833333333333335
2015-07-16,33.996360000875,-117.4924,12.4,57.0,Mira Loma (Van Buren),23.26899979166667,53.223287,6.560603395833334,1013.0583333333334,0.0,2.3333333333333335
2015-07-17,33.996360000875,-117.4924,12.6,58.0,Mira Loma (Van Buren),25.431499791666667,44.32813854166667,5.6182645791666666,1011.1708333333332,0.0,0.4583333333333333
2015-07-18,33.996360000875,-117.4924,10.3,53.0,Mira Loma (Van Buren),25.396083125,52.26578891666667,6.9991607875,1012.0666666666666,0.22916666666666666,45.041666666666664
2015-07-19,33.996360000875,-117.4924,13.6,59.0,Mira Loma (Van Buren),24.816916541666668,71.63578283333334,8.159693679166667,1014.7458333333334,0.06666666666666667,53.333333333333336
2015-07-20,33.996360000875,-117.4924,6.9,38.0,Mira Loma (Van Buren),24.208583166666667,80.41992270833333,6.6060187625,1016.1750000000001,0.3541666666666667,73.20833333333333
2015-07-21,33.996360000875,-117.4924,22.8,77.0,Mira Loma (Van Buren),22.923166374999997,82.122985125,6.490910270833333,1013.5458333333332,0.025000000000000005,76.83333333333333
2015-07-22,33.996360000875,-117.4924,13.4,59.0,Mira Loma (Van Buren),22.293999791666664,78.36276441666666,7.561250412500001,1011.2916666666666,0.0,80.91666666666667
2015-07-23,33.996360000875,-117.4924,6.2,34.0,Mira Loma (Van Buren),22.137749791666664,76.55944454166666,5.168654970833333,1013.0791666666668,0.0,64.25
2015-07-24,33.996360000875,-117.4924,10.4,53.0,Mira Loma (Van Buren),24.421083041666666,73.08324104166667,5.757954958333333,1015.9166666666666,0.0,37.5
2015-07-25,33.996360000875,-117.4924,9.6,52.0,Mira Loma (Van Buren),25.37733295833333,68.43324070833333,6.861168766666666,1015.6541666666667,0.0,27.291666666666668
2015-07-26,33.996360000875,-117.4924,9.6,52.0,Mira Loma (Van Buren),25.191916458333335,55.936444791666666,7.445228420833334,1012.8791666666666,0.0,0.4166666666666667
2015-07-27,33.996360000875,-117.4924,11.9,56.0,Mira Loma (Van Buren),21.814832916666663,63.7028855,8.1548781625,1012.6083333333332,0.0,14.916666666666666
2015-07-28,33.996360000875,-117.4924,13.1,58.0,Mira Loma (Van Buren),23.746083125,53.64981708333334,5.7991159041666664,1011.7875,0.0,1.1666666666666667
2015-07-29,33.996360000875,-117.4924,15.9,64.0,Mira Loma (Van Buren),25.912749791666666,47.434669375,6.313697816666667,1012.6166666666667,0.0,19.875
2015-07-30,33.996360000875,-117.4924,15.8,63.0,Mira Loma (Van Buren),27.314832874999997,53.77786104166666,6.239488887499999,1014.6999999999999,0.0,54.041666666666664
2015-07-31,33.996360000875,-117.4924,12.8,58.0,Mira Loma (Van Buren),26.216916375,65.017482125,6.530425716666667,1015.5708333333333,0.0,62.958333333333336
2015-08-01,33.996360000875,-117.4924,12.4,57.0,Mira Loma (Van Buren),26.2856665,56.95815829166667,6.626319670833333,1013.9916666666667,0.0,46.166666666666664
2015-08-02,33.996360000875,-117.4924,12.2,57.0,Mira Loma (Van Buren),25.346083124999996,51.86124379166666,7.486531404166667,1012.2875,0.0,20.458333333333332
2015-08-03,33.996360000875,-117.4924,13.1,58.0,Mira Loma (Van Buren),25.260666333333333,55.20561741666666,6.347515370833334,1011.3375,0.0,18.916666666666668
2015-08-04,33.996360000875,-117.4924,11.7,56.0,Mira Loma (Van Buren),25.733583166666666,51.55132508333333,7.075465566666666,1011.9375,0.0,12.791666666666666
2015-08-05,33.996360000875,-117.4924,18.2,68.0,Mira Loma (Van Buren),28.064833041666663,44.09097483333333,6.458004045833333,1012.5041666666666,0.0,14.5
2015-08-06,33.996360000875,-117.4924,11.0,55.0,Mira Loma (Van Buren),28.308583041666665,42.16089195833333,6.115353008333333,1011.1458333333334,0.0,65.33333333333333
2015-08-07,33.996360000875,-117.4924,22.8,77.0,Mira Loma (Van Buren),25.07733325,53.481325875,7.961810266666667,1011.4,0.0,19.75
2015-08-08,33.996360000875,-117.4924,10.5,54.0,Mira Loma (Van Buren),21.789833291666667,59.23587708333333,7.0324872916666665,1012.6875,0.0,7.583333333333333
2015-08-09,33.996360000875,-117.4924,12.0,56.0,Mira Loma (Van Buren),21.829416541666664,54.814720875,7.184525545833334,1013.6125000000001,0.0,1.3333333333333333
2015-08-10,33.996360000875,-117.4924,23.1,77.0,Mira Loma (Van Buren),21.43774983333333,57.875587458333335,7.1928949,1013.9541666666668,0.0,5.166666666666667
2015-08-11,33.996360000875,-117.4924,11.6,56.0,Mira Loma (Van Buren),22.371083041666665,51.12757020833333,6.326153208333333,1012.4499999999999,0.0,4.666666666666667
2015-08-12,33.996360000875,-117.4924,23.0,77.0,Mira Loma (Van Buren),25.25024975,45.480656583333335,6.323824616666666,1013.8541666666666,0.0,17.708333333333332
2015-08-13,33.996360000875,-117.4924,11.8,56.0,Mira Loma (Van Buren),29.681499541666668,34.84275029166667,8.4939030875,1013.0124999999999,0.0,18.708333333333332
2015-08-14,33.996360000875,-117.4924,10.5,54.0,Mira Loma (Van Buren),30.852333166666668,34.694190375,6.669096395833333,1012.5333333333333,0.0,6.708333333333333
2015-08-15,33.996360000875,-117.4924,11.8,56.0,Mira Loma (Van Buren),31.718999874999998,30.676994041666664,6.349160008333333,1011.8083333333334,0.0,6.125
2015-08-16,33.996360000875,-117.4924,17.3,66.0,Mira Loma (Van Buren),31.893999833333336,29.591128416666667,6.0341286375,1010.7458333333334,0.0,6.208333333333333
2015-08-17,33.996360000875,-117.4924,23.7,78.0,Mira Loma (Van Buren),28.787749791666666,42.38200454166667,8.909724258333332,1011.2083333333334,0.0,23.25
2015-08-18,33.996360000875,-117.4924,24.1,79.0,Mira Loma (Van Buren),24.9356665,56.57945625,7.8447244125,1012.6958333333333,0.0,22.333333333333332
2015-08-19,33.996360000875,-117.4924,20.5,72.0,Mira Loma (Van Buren),23.32524970833333,58.23613054166666,6.8134146875,1012.1916666666666,0.0,4.125
2015-08-20,33.996360000875,-117.4924,29.8,90.0,Mira Loma (Van Buren),22.65024975,59.266922625,7.794795937499999,1011.4541666666668,0.0,14.625
2015-08-21,33.996360000875,-117.4924,16.6,65.0,Mira Loma (Van Buren),22.443999708333333,65.97880779166667,7.589853020833334,1010.9541666666668,0.0,30.583333333333332
2015-08-22,33.996360000875,-117.4924,32.6,95.0,Mira Loma (Van Buren),23.05649975,65.42190666666666,6.549370966666667,1011.8375,0.0,8.625
2015-08-23,33.996360000875,-117.4924,16.8,65.0,Mira Loma (Van Buren),24.802333083333334,54.08878366666667,6.108002412499999,1013.0333333333333,0.0,4.916666666666667
2015-08-24,33.996360000875,-117.4924,25.8,82.0,Mira Loma (Van Buren),26.446083125,50.09152766666667,6.1149895249999995,1013.625,0.0,0.75
2015-08-25,33.996360000875,-117.4924,15.6,63.0,Mira Loma (Van Buren),26.925249541666663,46.294282708333334,6.545709625,1013.0875,0.0,47.041666666666664
2015-08-26,33.996360000875,-117.4924,16.6,65.0,Mira Loma (Van Buren),28.483582916666666,47.27201670833333,4.7777348875,1013.1750000000001,0.0,46.958333333333336
2015-08-27,33.996360000875,-117.4924,23.6,78.0,Mira Loma (Van Buren),29.57524983333333,53.552164624999996,5.94718035,1013.8833333333333,0.0,21.875
2015-08-28,33.996360000875,-117.4924,13.8,60.0,Mira Loma (Van Buren),30.483582958333333,43.979958583333335,5.993274195833333,1011.7083333333334,0.0,17.375
2015-08-29,33.996360000875,-117.4924,20.2,72.0,Mira Loma (Van Buren),29.852332791666665,40.75348116666667,6.363249954166666,1011.0041666666666,0.0,5.208333333333333
2015-08-30,33.996360000875,-117.4924,8.7,48.0,Mira Loma (Van Buren),28.17316620833333,45.93128883333333,7.581081141666666,1011.1666666666666,0.0,15.458333333333334
2015-08-31,33.996360000875,-117.4924,11.8,56.0,Mira Loma (Van Buren),25.10649970833333,61.62472791666667,8.1336268125,1010.9333333333334,0.0,36.958333333333336
2015-09-01,33.996360000875,-117.4924,10.2,53.0,Mira Loma (Van Buren),22.985666499999997,58.794204125,7.132141516666667,1012.1333333333333,0.0,36.333333333333336
2015-09-02,33.996360000875,-117.4924,9.7,52.0,Mira Loma (Van Buren),22.05858320833333,58.02804229166666,7.429868170833333,1013.5416666666666,0.0,50.625
2015-09-03,33.996360000875,-117.4924,17.9,67.0,Mira Loma (Van Buren),21.029416666666666,60.80373345833333,7.140768116666667,1012.3916666666668,0.0,5.833333333333333
2015-09-04,33.996360000875,-117.4924,8.7,48.0,Mira Loma (Van Buren),20.516916541666667,62.43002666666666,7.7725445875000005,1010.8083333333334,0.0,14.0
2015-09-05,33.996360000875,-117.4924,20.4,72.0,Mira Loma (Van Buren),21.339833374999998,55.595067,5.995654070833333,1011.475,0.0,2.75
2015-09-06,33.996360000875,-117.4924,11.7,56.0,Mira Loma (Van Buren),24.962749625,46.140525458333336,4.825445620833333,1012.1333333333333,0.0,4.291666666666667
2015-09-07,33.996360000875,-117.4924,10.7,54.0,Mira Loma (Van Buren),28.35649983333333,42.06825104166666,4.905835503333333,1011.3166666666666,0.0,1.25
2015-09-08,33.996360000875,-117.4924,15.0,62.0,Mira Loma (Van Buren),30.32941633333333,44.22328233333334,5.5647784499999995,1009.9375,0.0,3.0833333333333335
2015-09-09,33.996360000875,-117.4924,16.0,64.0,Mira Loma (Van Buren),31.450249749999998,40.701273083333334,5.883058994583333,1009.3375,0.0375,21.25
2015-09-10,33.996360000875,-117.4924,12.1,57.0,Mira Loma (Van Buren),29.993999666666667,51.015797625000005,5.504204004166667,1009.9916666666667,0.029166666666666664,29.833333333333332
2015-09-11,33.996360000875,-117.4924,17.9,67.0,Mira Loma (Van Buren),30.148166208333333,51.44395241666667,6.046269645833333,1011.0875,0.0,17.375
2015-09-12,33.996360000875,-117.4924,18.6,69.0,Mira Loma (Van Buren),27.568999708333333,56.37307875,5.105690854166666,1012.5833333333334,0.016666666666666666,41.916666666666664
2015-09-13,33.996360000875,-117.4924,9.4,52.0,Mira Loma (Van Buren),27.696083125,55.90109454166667,7.178768291666667,1010.7958333333332,0.0,10.166666666666666
2015-09-14,33.996360000875,-117.4924,11.2,55.0,Mira Loma (Van Buren),24.296083166666666,62.62625245833333,7.7847057,1009.1958333333333,0.012500000000000002,17.541666666666668
2015-09-15,33.996360000875,-117.4924,4.0,22.0,Mira Loma (Van Buren),21.662749916666666,80.52210233333334,7.743892987500001,1010.1625,0.5875,76.70833333333333
2015-09-16,33.996360000875,-117.4924,4.6,26.0,Mira Loma (Van Buren),20.110666249999998,84.35180208333334,8.350159329166667,1013.5333333333333,0.025000000000000005,70.33333333333333
2015-09-17,33.996360000875,-117.4924,16.3,64.0,Mira Loma (Van Buren),19.860666541666664,76.85557791666666,5.6192497825,1013.6958333333333,0.0,16.75
2015-09-18,33.996360000875,-117.4924,24.7,80.0,Mira Loma (Van Buren),22.241916375,67.67241475,4.562009454166667,1010.7291666666666,0.0,0.8333333333333334
2015-09-19,33.996360000875,-117.4924,14.0,60.0,Mira Loma (Van Buren),25.504416333333335,51.57085416666666,4.903156091666667,1008.3208333333333,0.0,20.291666666666668
2015-09-20,33.996360000875,-117.4924,10.1,53.0,Mira Loma (Van Buren),27.741916291666666,50.198874625,4.843086020833334,1008.7624999999999,0.0,14.916666666666666
2015-09-21,33.996360000875,-117.4924,12.6,58.0,Mira Loma (Van Buren),28.123166333333334,45.22250979166666,8.104869575,1007.6083333333332,0.0,53.125
2015-09-22,33.996360000875,-117.4924,12.6,58.0,Mira Loma (Van Buren),28.123166333333334,45.22250979166666,8.104869575,1007.6083333333332,0.0,53.125
2015-09-23,33.996360000875,-117.4924,22.8,77.0,Mira Loma (Van Buren),24.164833291666667,62.067675208333334,5.004504741666667,1012.4166666666666,0.0,7.416666666666667
2015-09-24,33.996360000875,-117.4924,17.9,67.0,Mira Loma (Van Buren),27.575249666666664,45.31579895833334,5.378759166666666,1010.9708333333333,0.0,0.6666666666666666
2015-09-25,33.996360000875,-117.4924,24.6,80.0,Mira Loma (Van Buren),28.216916375,50.82203479166666,5.246216945833333,1010.9916666666667,0.0,20.291666666666668
2015-09-26,33.996360000875,-117.4924,15.5,63.0,Mira Loma (Van Buren),29.008583041666668,44.55301045833334,5.3850000625000005,1009.8291666666668,0.0,31.583333333333332
2015-09-27,33.996360000875,-117.4924,11.5,55.0,Mira Loma (Van Buren),27.971083041666663,49.870468625,5.279348120833333,1008.7791666666667,0.0,9.125
2015-09-28,33.996360000875,-117.4924,20.0,71.0,Mira Loma (Van Buren),26.806499833333334,46.69631041666667,4.9325039791666665,1010.1708333333332,0.0,66.08333333333333
2015-09-29,33.996360000875,-117.4924,12.5,57.0,Mira Loma (Van Buren),24.950249749999998,51.41524020833333,5.401028054166667,1011.6,0.0,23.25
2015-09-30,33.996360000875,-117.4924,15.1,62.0,Mira Loma (Van Buren),24.956499708333336,46.224967375000006,5.359014833333333,1010.3708333333334,0.0,37.458333333333336
2015-10-01,33.996360000875,-117.4924,18.9,69.0,Mira Loma (Van Buren),25.29608325,52.396471958333336,7.0666667541666675,1010.9250000000001,0.0,32.541666666666664
2015-10-02,33.996360000875,-117.4924,13.5,59.0,Mira Loma (Van Buren),22.702333083333333,61.36732433333333,6.379684825000001,1012.1791666666667,0.0,11.041666666666666
2015-10-03,33.996360000875,-117.4924,10.3,53.0,Mira Loma (Van Buren),22.746083,51.76390783333333,7.538956804166666,1005.9,0.0,4.458333333333333
2015-10-04,33.996360000875,-117.4924,10.0,53.0,Mira Loma (Van Buren),18.435666625,80.27127675,10.403383854166668,1002.5791666666668,0.37083333333333335,57.625
2015-10-05,33.996360000875,-117.4924,10.6,54.0,Mira Loma (Van Buren),16.214833375,79.21737391666666,5.8727468625000006,1008.6833333333334,0.12916666666666668,44.666666666666664
2015-10-06,33.996360000875,-117.4924,9.6,52.0,Mira Loma (Van Buren),17.787750083333332,72.94448408333334,5.338051508333333,1016.3874999999999,0.016666666666666666,21.916666666666668
2015-10-07,33.996360000875,-117.4924,20.6,72.0,Mira Loma (Van Buren),20.83983325,68.30746091666667,5.756817790416666,1017.0375,0.0,24.333333333333332
2015-10-08,33.996360000875,-117.4924,13.9,60.0,Mira Loma (Van Buren),22.781499791666665,62.918923125,5.7537951375,1015.6458333333334,0.0,59.291666666666664
2015-10-09,33.996360000875,-117.4924,9.5,52.0,Mira Loma (Van Buren),25.179416458333332,53.20656379166667,5.268974883333333,1012.7708333333334,0.0,43.375
2015-10-10,33.996360000875,-117.4924,10.0,53.0,Mira Loma (Van Buren),27.181499958333333,43.979998333333334,6.4533547916666665,1013.0916666666667,0.0,7.25
2015-10-11,33.996360000875,-117.4924,10.2,53.0,Mira Loma (Van Buren),27.691916125000002,40.143444583333334,5.858559470833334,1012.7708333333334,0.0,0.08333333333333333
2015-10-12,33.996360000875,-117.4924,14.4,61.0,Mira Loma (Van Buren),27.600249666666667,43.38031383333333,5.947945245833334,1012.6541666666667,0.0,14.5
2015-10-13,33.996360000875,-117.4924,15.7,63.0,Mira Loma (Van Buren),27.57524970833333,47.38932995833333,6.1563149374999995,1014.9499999999999,0.0,18.916666666666668
2015-10-14,33.996360000875,-117.4924,15.6,63.0,Mira Loma (Van Buren),25.558583166666665,67.01580633333333,5.2020162625,1015.2166666666667,0.008333333333333333,65.875
2015-10-15,33.996360000875,-117.4924,9.2,51.0,Mira Loma (Van Buren),23.929416458333332,71.44636200000001,6.565056291666667,1013.2291666666666,0.016666666666666666,64.875
2015-10-16,33.996360000875,-117.4924,19.8,71.0,Mira Loma (Van Buren),22.162749875,80.09389908333334,5.421995312499999,1012.3249999999999,0.45,66.29166666666667
2015-10-17,33.996360000875,-117.4924,13.6,59.0,Mira Loma (Van Buren),21.137749708333335,82.11179675,5.266804445,1012.3791666666666,0.1625,80.58333333333333
2015-10-18,33.996360000875,-117.4924,9.0,50.0,Mira Loma (Van Buren),20.487749791666666,88.91979591666666,7.424022608333334,1012.2583333333333,0.02916666666666667,75.29166666666667
2015-10-19,33.996360000875,-117.4924,6.3,35.0,Mira Loma (Van Buren),18.233583208333332,87.2556325,6.8457951249999995,1013.1666666666666,0.10833333333333334,71.95833333333333
2015-10-20,33.996360000875,-117.4924,9.0,50.0,Mira Loma (Van Buren),18.529416666666666,69.55106820833333,5.089477008333334,1011.1333333333333,0.008333333333333333,41.5
2015-10-21,33.996360000875,-117.4924,8.0,44.0,Mira Loma (Van Buren),19.45233325,63.67363391666667,5.410221408333334,1011.1916666666666,0.0,0.5833333333333334
2015-10-22,33.996360000875,-117.4924,14.8,62.0,Mira Loma (Van Buren),19.575250041666667,65.64695258333333,6.858268541666667,1013.0958333333333,0.0,15.0
2015-10-23,33.996360000875,-117.4924,12.0,56.0,Mira Loma (Van Buren),19.775249916666667,66.716865125,4.262420033333334,1014.0,0.0,42.916666666666664
2015-10-24,33.996360000875,-117.4924,9.8,52.0,Mira Loma (Van Buren),20.358583416666665,55.084338,5.638984391666667,1012.9208333333332,0.0,33.458333333333336
2015-10-25,33.996360000875,-117.4924,12.5,57.0,Mira Loma (Van Buren),21.42941675,48.344333750000004,5.422399320833333,1012.0749999999999,0.0,98.25
2015-10-26,33.996360000875,-117.4924,13.4,59.0,Mira Loma (Van Buren),21.625249999999998,42.31419272916667,5.292074883333333,1012.875,0.0,24.833333333333332
2015-10-27,33.996360000875,-117.4924,17.1,66.0,Mira Loma (Van Buren),21.191916583333335,40.95005575,5.758644041666667,1013.1416666666668,0.0,50.125
2015-10-28,33.996360000875,-117.4924,18.2,68.0,Mira Loma (Van Buren),22.58983320833333,39.160593291666665,5.803673983333333,1012.5458333333332,0.0,94.5
2015-10-29,33.996360000875,-117.4924,8.6,48.0,Mira Loma (Van Buren),20.123166541666667,58.68296195833333,6.133876975,1008.6291666666666,0.0,31.041666666666668
2015-10-30,33.996360000875,-117.4924,7.7,43.0,Mira Loma (Van Buren),20.141916666666667,30.159881625,9.1807372125,1009.4375,0.0,0.0
2015-10-31,33.996360000875,-117.4924,11.5,55.0,Mira Loma (Van Buren),20.462750208333333,29.683717375,6.142025908333333,1014.225,0.0,0.0
2015-11-01,33.996360000875,-117.4924,20.5,72.0,Mira Loma (Van Buren),22.362749833333336,30.426348645833333,6.2409010375,1016.275,0.0,0.0
2015-11-02,33.996360000875,-117.4924,10.4,53.0,Mira Loma (Van Buren),19.283583166666666,53.67939316666667,8.674322254166666,1012.0458333333332,0.0,16.416666666666668
2015-11-03,33.996360000875,-117.4924,3.7,21.0,Mira Loma (Van Buren),13.744000208333333,78.22609683333333,11.176514158333333,1009.6625,0.10833333333333334,28.333333333333332
2015-11-04,33.996360000875,-117.4924,10.0,53.0,Mira Loma (Van Buren),12.798167041666666,65.31518545833333,7.990358770833333,1012.0291666666667,0.012500000000000002,10.5
2015-11-05,33.996360000875,-117.4924,9.2,51.0,Mira Loma (Van Buren),11.694000083333334,53.36607429166667,6.518850291666666,1019.2375000000001,0.0,8.083333333333334
2015-11-06,33.996360000875,-117.4924,7.0,39.0,Mira Loma (Van Buren),12.800250041666667,48.096768749999995,7.3271282,1020.0666666666666,0.0,1.1666666666666667
2015-11-07,33.996360000875,-117.4924,6.3,35.0,Mira Loma (Van Buren),13.54400015,43.909056666666665,7.271407083333333,1017.775,0.0,7.5
2015-11-08,33.996360000875,-117.4924,12.7,58.0,Mira Loma (Van Buren),14.27316665,44.721875125,6.140019995833334,1015.2166666666667,0.0,5.25
2015-11-09,33.996360000875,-117.4924,12.7,58.0,Mira Loma (Van Buren),14.525250083333333,64.58249475,7.064734770833333,1014.625,0.05833333333333334,43.416666666666664
2015-11-10,33.996360000875,-117.4924,10.1,53.0,Mira Loma (Van Buren),12.183583624999999,71.978936375,13.049150833333334,1017.0416666666666,0.0,9.0
2015-11-11,33.996360000875,-117.4924,11.5,55.0,Mira Loma (Van Buren),11.7544167875,50.25691841666667,6.986211741666666,1022.5541666666667,0.0,0.0
2015-11-12,33.996360000875,-117.4924,5.5,31.0,Mira Loma (Van Buren),11.387749991666666,40.452064875,7.683925787500001,1018.9083333333333,0.0,31.0
2015-11-13,33.996360000875,-117.4924,9.1,51.0,Mira Loma (Van Buren),13.533583458333332,35.17426866666667,6.349809816666667,1014.8333333333334,0.0,0.625
2015-11-14,33.996360000875,-117.4924,17.5,67.0,Mira Loma (Van Buren),14.323166791666667,37.79682316666666,5.5944855166666665,1013.8541666666666,0.0,0.0
2015-11-15,33.996360000875,-117.4924,14.8,62.0,Mira Loma (Van Buren),15.250250125,40.31015791666667,8.2731080625,1012.25,0.0375,26.708333333333332
2015-11-16,33.996360000875,-117.4924,5.2,29.0,Mira Loma (Van Buren),10.633583525,63.60212704166667,17.894448999999998,1013.1291666666666,0.0,7.416666666666667
2015-11-17,33.996360000875,-117.4924,11.9,56.0,Mira Loma (Van Buren),11.073166833333334,36.597940666666666,7.4349192791666665,1019.2666666666668,0.0,1.0
2015-11-18,33.996360000875,-117.4924,17.4,66.0,Mira Loma (Van Buren),13.8856667625,38.095815583333334,5.285830783333333,1017.4041666666667,0.0,33.041666666666664
2015-11-19,33.996360000875,-117.4924,12.8,58.0,Mira Loma (Van Buren),15.608583416666667,39.587007041666666,5.687372520833333,1014.7291666666666,0.0,4.333333333333333
2015-11-20,33.996360000875,-117.4924,11.0,55.0,Mira Loma (Van Buren),16.512750066666666,37.39464802083334,5.695109654166667,1013.1916666666666,0.0,10.375
2015-11-21,33.996360000875,-117.4924,4.2,23.0,Mira Loma (Van Buren),17.818999916666666,37.517724791666666,7.353949433333334,1013.9833333333332,0.0,16.125
2015-11-22,33.996360000875,-117.4924,6.3,35.0,Mira Loma (Van Buren),16.960666666666665,23.406473958333333,8.5962726125,1013.6750000000001,0.0,0.0
2015-11-23,33.996360000875,-117.4924,15.6,63.0,Mira Loma (Van Buren),16.358583416666665,27.530308125,6.6137234875,1012.5625,0.0,15.0
2015-11-24,33.996360000875,-117.4924,13.7,60.0,Mira Loma (Van Buren),16.206500166666668,40.96473420833333,6.783805666666667,1013.5,0.0,21.416666666666668
2015-11-25,33.996360000875,-117.4924,9.9,52.0,Mira Loma (Van Buren),12.485667,75.47889604166666,12.921290054166667,1011.7083333333334,0.03333333333333333,65.16666666666667
2015-11-26,33.996360000875,-117.4924,11.4,55.0,Mira Loma (Van Buren),10.156500304166668,68.21578883333333,4.900756204166666,1014.1958333333333,0.0,29.708333333333332
2015-11-27,33.996360000875,-117.4924,8.5,47.0,Mira Loma (Van Buren),10.102333708333333,56.77442779166666,6.163164158333333,1015.5916666666667,0.025000000000000005,38.083333333333336
2015-11-28,33.996360000875,-117.4924,10.3,53.0,Mira Loma (Van Buren),8.458583541666668,50.19008641666667,5.752005516666667,1017.4333333333334,0.02916666666666667,12.041666666666666
2015-11-29,33.996360000875,-117.4924,6.0,33.0,Mira Loma (Van Buren),9.169000116666666,42.088133875,5.87594415,1018.3458333333333,0.0,14.625
2015-11-30,33.996360000875,-117.4924,12.9,58.0,Mira Loma (Van Buren),8.33775007,38.175566375,6.572260695833333,1020.15,0.0,24.916666666666668
2015-12-01,33.996360000875,-117.4924,16.2,64.0,Mira Loma (Van Buren),9.923166658333333,36.56407997916667,5.1654891874999995,1019.0541666666667,0.0,3.8333333333333335
2015-12-02,33.996360000875,-117.4924,8.5,47.0,Mira Loma (Van Buren),11.435666716666667,35.60723879166667,6.1846305416666665,1019.5875,0.0,7.083333333333333
2015-12-03,33.996360000875,-117.4924,18.7,69.0,Mira Loma (Van Buren),13.735666833333333,31.02651075,6.233454220833333,1017.6958333333333,0.0,59.583333333333336
2015-12-04,33.996360000875,-117.4924,26.5,83.0,Mira Loma (Van Buren),13.912749958333334,37.861373416666666,4.4963161125,1017.9625,0.0,56.625
2015-12-05,33.996360000875,-117.4924,13.3,59.0,Mira Loma (Van Buren),11.485666708333333,53.73237891666667,5.003072670833333,1021.0833333333334,0.0,18.333333333333332
2015-12-06,33.996360000875,-117.4924,15.8,63.0,Mira Loma (Van Buren),13.658583291666666,35.4755942625,7.6132712458333325,1022.8208333333333,0.0,93.33333333333333
2015-12-07,33.996360000875,-117.4924,20.3,72.0,Mira Loma (Van Buren),14.27941665,28.208300499999996,5.855349145833333,1020.1083333333332,0.0,44.583333333333336
2015-12-08,33.996360000875,-117.4924,18.2,68.0,Mira Loma (Van Buren),16.141917041666666,29.257403791666665,5.4471501416666674,1017.2458333333334,0.0,51.5
2015-12-09,33.996360000875,-117.4924,28.8,88.0,Mira Loma (Van Buren),17.137750166666667,31.72894775,3.911889425,1016.4041666666667,0.0,91.125
2015-12-10,33.996360000875,-117.4924,34.4,98.0,Mira Loma (Van Buren),15.937750083333334,44.62163016666667,5.268546025,1015.1041666666666,0.0,68.875
2015-12-11,33.996360000875,-117.4924,7.6,42.0,Mira Loma (Van Buren),11.860667,85.15632674999999,12.987463216666667,1011.0583333333334,0.06666666666666667,69.5
2015-12-12,33.996360000875,-117.4924,17.5,67.0,Mira Loma (Van Buren),9.573166666666667,56.971458958333336,7.980917316666667,1011.9375,0.0,2.9583333333333335
2015-12-13,33.996360000875,-117.4924,14.5,61.0,Mira Loma (Van Buren),9.610666779166666,49.99045220833333,7.093410370833333,1017.6333333333333,0.0,7.208333333333333
2015-12-14,33.996360000875,-117.4924,5.6,31.0,Mira Loma (Van Buren),9.33150025,76.34960566666668,15.2195201875,1013.5041666666666,0.19166666666666668,24.208333333333332
2015-12-15,33.996360000875,-117.4924,7.9,44.0,Mira Loma (Van Buren),6.612750205,55.50439670833333,6.8151289375,1015.1875,0.0,0.0
2015-12-16,33.996360000875,-117.4924,9.1,51.0,Mira Loma (Van Buren),5.48358349,56.94223591666667,6.498497391666667,1019.8125,0.0,5.916666666666667
2015-12-17,33.996360000875,-117.4924,18.9,69.0,Mira Loma (Van Buren),7.635666741833333,47.79580570833334,4.474317379166666,1021.6750000000001,0.0,0.5
2015-12-18,33.996360000875,-117.4924,15.6,63.0,Mira Loma (Van Buren),9.523166741666666,52.173432625000004,5.682813745833333,1018.7083333333334,0.0,7.333333333333333
2015-12-19,33.996360000875,-117.4924,16.1,64.0,Mira Loma (Van Buren),11.006500041666667,50.066861958333334,5.991646311666667,1014.4708333333333,0.0,40.125
2015-12-20,33.996360000875,-117.4924,13.2,59.0,Mira Loma (Van Buren),9.652333583333332,85.83828733333333,7.296437541666666,1018.1666666666666,0.3333333333333333,44.958333333333336
2015-12-21,33.996360000875,-117.4924,22.5,76.0,Mira Loma (Van Buren),8.748166875,68.88042195833333,5.246390058333334,1021.4291666666667,0.0,61.875
2015-12-22,33.996360000875,-117.4924,11.3,55.0,Mira Loma (Van Buren),10.394000375,91.950557625,10.032804958333333,1013.775,0.5875,99.5
2015-12-23,33.996360000875,-117.4924,10.3,53.0,Mira Loma (Van Buren),12.298166875,92.44476895833333,5.6131722375,1007.7375000000001,0.05833333333333333,88.66666666666667
2015-12-24,33.996360000875,-117.4924,17.6,67.0,Mira Loma (Van Buren),10.954417166666666,82.99624312499999,6.516303495833333,1011.7291666666666,0.0,48.958333333333336
2015-12-25,33.996360000875,-117.4924,6.0,33.0,Mira Loma (Van Buren),8.029416791666668,73.707490125,11.721799249999998,1016.7166666666667,0.0,8.416666666666666
2015-12-26,33.996360000875,-117.4924,1.2,7.0,Mira Loma (Van Buren),5.6335834,52.63758604166667,11.201898275,1021.3916666666668,0.0,0.08333333333333333
2015-12-27,33.996360000875,-117.4924,11.0,55.0,Mira Loma (Van Buren),4.827333408333334,42.887494374999996,6.751493562499999,1023.2083333333334,0.0,17.375
2015-12-28,33.996360000875,-117.4924,18.5,69.0,Mira Loma (Van Buren),6.589833583333333,47.77298316666667,6.152771720833333,1016.6291666666666,0.008333333333333333,27.291666666666668
2015-12-29,33.996360000875,-117.4924,15.9,64.0,Mira Loma (Van Buren),5.404416748333333,71.09990116666667,5.501506758333334,1012.8916666666668,0.0,20.291666666666668
2015-12-30,33.996360000875,-117.4924,21.5,74.0,Mira Loma (Van Buren),6.669000158749999,61.629920125000005,5.187770108333333,1020.4125,0.0,9.0
2015-12-31,33.996360000875,-117.4924,4.1,23.0,Mira Loma (Van Buren),6.641916817916666,56.45113683333333,6.9371148583333335,1019.8708333333334,0.0,0.0
2016-01-01,33.996360000875,-117.4924,8.5,47.0,Mira Loma (Van Buren),5.91900006125,49.94979308333333,8.47285544875,1018.7791666666667,0.0,12.5
2016-01-02,33.996360000875,-117.4924,25.2,81.0,Mira Loma (Van Buren),7.746083363,51.60625354166667,5.578482783333333,1018.3458333333333,0.0,79.41666666666667
2016-01-03,33.996360000875,-117.4924,32.2,94.0,Mira Loma (Van Buren),9.816916745833334,50.400264291666666,5.949270675,1015.9583333333334,0.0,57.375
2016-01-04,33.996360000875,-117.4924,12.3,57.0,Mira Loma (Van Buren),10.927333583333334,69.888843625,6.4941904125,1008.9958333333334,0.08333333333333333,77.29166666666667
2016-01-05,33.996360000875,-117.4924,9.5,52.0,Mira Loma (Van Buren),11.441917125000002,85.54454833333334,9.636802016666666,1010.5749999999999,1.2125000000000001,71.70833333333333
2016-01-06,33.996360000875,-117.4924,6.6,37.0,Mira Loma (Van Buren),8.304416816666667,97.05385558333334,10.563917329166665,1013.2958333333332,0.775,57.958333333333336
2016-01-07,33.996360000875,-117.4924,5.4,30.0,Mira Loma (Van Buren),7.7044167083333335,91.31158429166668,7.9214340000000005,1012.7624999999999,1.1833333333333333,76.16666666666667
2016-01-08,33.996360000875,-117.4924,13.5,59.0,Mira Loma (Van Buren),8.308583583333332,76.915616875,5.455795129166667,1014.5541666666667,0.0,15.083333333333334
2016-01-09,33.996360000875,-117.4924,19.8,71.0,Mira Loma (Van Buren),7.937750250000001,73.04053970833333,5.084552570833334,1021.2916666666666,0.0,36.541666666666664
2016-01-10,33.996360000875,-117.4924,14.4,61.0,Mira Loma (Van Buren),10.360667000000001,72.538204625,3.6132523029166665,1021.5041666666666,0.0,80.20833333333333
2016-01-11,33.996360000875,-117.4924,5.8,32.0,Mira Loma (Van Buren),8.598166970833335,75.282319375,5.3693629375,1023.3541666666666,0.0,69.875
2016-01-12,33.996360000875,-117.4924,15.5,63.0,Mira Loma (Van Buren),7.641916662499999,65.63026004166666,7.117497316666667,1022.9250000000001,0.0,40.75
2016-01-13,33.996360000875,-117.4924,25.1,81.0,Mira Loma (Van Buren),7.933583529166667,69.30163791666666,4.533692177916667,1021.025,0.0,57.875
2016-01-14,33.996360000875,-117.4924,25.5,82.0,Mira Loma (Van Buren),9.927333541666666,78.28459383333333,6.400772058333334,1019.2916666666666,0.0,70.66666666666667
2016-01-15,33.996360000875,-117.4924,28.0,86.0,Mira Loma (Van Buren),9.675250166666666,88.82851041666667,5.9128751875,1018.3125,0.0,74.0
2016-01-16,33.996360000875,-117.4924,30.9,92.0,Mira Loma (Van Buren),11.679416958333334,87.48256645833334,4.933383316666666,1020.5291666666667,0.0,76.29166666666667
2016-01-17,33.996360000875,-117.4924,45.6,126.0,Mira Loma (Van Buren),11.589833416666666,80.22551170833333,5.126393833333333,1020.9499999999999,0.0,76.875
2016-01-18,33.996360000875,-117.4924,36.1,102.0,Mira Loma (Van Buren),12.641916958333333,83.72559208333332,4.0576044325,1021.2708333333334,0.0,92.04166666666667
2016-01-19,33.996360000875,-117.4924,24.5,80.0,Mira Loma (Van Buren),12.248167125,88.91107370833333,4.648804249166667,1021.9458333333333,0.0,89.875
2016-01-20,33.996360000875,-117.4924,26.1,83.0,Mira Loma (Van Buren),12.833583625000001,90.363114625,4.186118725,1022.4291666666667,0.04583333333333334,86.125
2016-01-21,33.996360000875,-117.4924,11.2,55.0,Mira Loma (Van Buren),11.437749916666666,72.76652883333334,5.112038204166667,1021.2958333333332,0.0,66.33333333333333
2016-01-22,33.996360000875,-117.4924,16.0,64.0,Mira Loma (Van Buren),12.712750125,59.24188779166667,4.69398487375,1020.0749999999999,0.0,86.91666666666667
2016-01-23,33.996360000875,-117.4924,23.8,78.0,Mira Loma (Van Buren),13.291916958333333,60.70244341666666,3.2650562708333335,1017.2833333333333,0.0,99.54166666666667
2016-01-24,33.996360000875,-117.4924,13.1,58.0,Mira Loma (Van Buren),11.316917083333335,83.509914,5.375924708333334,1017.025,0.0,62.5
2016-01-25,33.996360000875,-117.4924,5.0,28.0,Mira Loma (Van Buren),11.144000158333334,66.31882783333333,5.423806433333334,1018.2916666666666,0.0,27.291666666666668
2016-01-26,33.996360000875,-117.4924,3.8,21.0,Mira Loma (Van Buren),10.154416791666668,59.72925458333333,7.205736362500001,1021.2291666666666,0.0,0.0
2016-01-27,33.996360000875,-117.4924,10.0,53.0,Mira Loma (Van Buren),9.977333204166667,55.661108250000005,6.295525245833333,1023.5,0.0,72.08333333333333
2016-01-28,33.996360000875,-117.4924,17.3,66.0,Mira Loma (Van Buren),11.800249958333334,52.777678125,5.003380595833334,1021.7666666666668,0.0,51.625
2016-01-29,33.996360000875,-117.4924,27.7,86.0,Mira Loma (Van Buren),14.206500083333333,48.727840291666666,5.979049220833333,1018.3958333333334,0.0,46.708333333333336
2016-01-30,33.996360000875,-117.4924,18.0,68.0,Mira Loma (Van Buren),13.377333708333333,71.46453608333333,7.305568475,1015.9499999999999,0.0,42.708333333333336
2016-01-31,33.996360000875,-117.4924,3.5,19.0,Mira Loma (Van Buren),11.377333708333333,94.39627250000001,14.031174554166666,1012.6708333333332,0.5708333333333333,86.5
2016-02-01,33.996360000875,-117.4924,5.2,29.0,Mira Loma (Van Buren),7.466916875,71.109169625,20.976957458333334,1010.7333333333332,0.0375,21.375
2016-02-02,33.996360000875,-117.4924,8.1,45.0,Mira Loma (Van Buren),6.91691695,53.56850408333333,7.734531029166667,1021.2875,0.0,11.375
2016-02-03,33.996360000875,-117.4924,6.3,35.0,Mira Loma (Van Buren),7.1585834225000005,62.60249941666667,5.845733095833334,1024.5,0.0,14.375
2016-02-04,33.996360000875,-117.4924,4.9,27.0,Mira Loma (Van Buren),8.104416733333332,57.88205075,6.868663695833334,1026.2583333333334,0.0,47.041666666666664
2016-02-05,33.996360000875,-117.4924,2.2,12.0,Mira Loma (Van Buren),9.648166745833334,56.534276625,8.465983995833334,1024.7,0.0,31.916666666666668
2016-02-06,33.996360000875,-117.4924,3.4,19.0,Mira Loma (Van Buren),10.941916587499998,54.63495041666667,8.278424966666668,1024.15,0.0,0.0
2016-02-07,33.996360000875,-117.4924,3.4,19.0,Mira Loma (Van Buren),12.602333375,51.32535529166666,8.16308885,1020.3249999999999,0.0,0.0
2016-02-08,33.996360000875,-117.4924,4.2,23.0,Mira Loma (Van Buren),14.998166804166667,44.68089466666667,8.5940735375,1019.525,0.0,0.0
2016-02-09,33.996360000875,-117.4924,4.8,27.0,Mira Loma (Van Buren),15.610666762500001,45.67029170833333,7.0935297,1019.5208333333334,0.0,0.0
2016-02-10,33.996360000875,-117.4924,12.2,57.0,Mira Loma (Van Buren),16.594000125,45.99825485416667,5.571576379166667,1019.275,0.0,33.416666666666664
2016-02-11,33.996360000875,-117.4924,18.8,69.0,Mira Loma (Van Buren),17.385666637499998,42.838191208333335,5.512680899999999,1018.5333333333333,0.0,0.0
2016-02-12,33.996360000875,-117.4924,28.6,87.0,Mira Loma (Van Buren),17.621083458333334,41.72752820833333,5.0239462625,1018.6625,0.0,0.7916666666666666
2016-02-13,33.996360000875,-117.4924,40.1,112.0,Mira Loma (Van Buren),17.610666708333333,41.278564833333334,5.282679027916667,1018.0791666666668,0.0,11.625
2016-02-14,33.996360000875,-117.4924,17.6,67.0,Mira Loma (Van Buren),16.544000041666667,47.87573254166667,4.302778283333333,1016.8666666666667,0.0,2.2916666666666665
2016-02-15,33.996360000875,-117.4924,6.8,38.0,Mira Loma (Van Buren),18.516916875,39.69594204166666,7.197081041666667,1014.7875,0.0,4.125
2016-02-16,33.996360000875,-117.4924,9.3,51.0,Mira Loma (Van Buren),19.004416833333334,41.91024304166667,5.3771275625,1012.7916666666666,0.0,0.0
2016-02-17,33.996360000875,-117.4924,12.6,58.0,Mira Loma (Van Buren),20.458583333333333,30.12626775,8.005262445833333,1010.3874999999999,0.0,10.0
2016-02-18,33.996360000875,-117.4924,8.0,44.0,Mira Loma (Van Buren),13.714833583333332,83.493814375,7.302121220833334,1013.3083333333334,0.41250000000000003,98.58333333333333
2016-02-19,33.996360000875,-117.4924,12.0,56.0,Mira Loma (Van Buren),13.119000083333333,72.73096783333334,4.344475366666667,1017.3666666666667,0.0,47.291666666666664
2016-02-20,33.996360000875,-117.4924,20.5,72.0,Mira Loma (Van Buren),13.033583541666667,66.811336,5.2296945416666665,1018.7583333333333,0.0,29.041666666666668
2016-02-21,33.996360000875,-117.4924,30.7,91.0,Mira Loma (Van Buren),14.741916541666667,61.63325016666667,5.413845695833333,1018.2166666666667,0.0,22.666666666666668
2016-02-22,33.996360000875,-117.4924,10.7,54.0,Mira Loma (Van Buren),15.927333416666665,55.721533541666666,5.3913525125,1015.7333333333332,0.0,18.708333333333332
2016-02-23,33.996360000875,-117.4924,4.5,25.0,Mira Loma (Van Buren),15.806500125,41.112555291666666,6.018123479166667,1013.8041666666667,0.0,82.41666666666667
2016-02-24,33.996360000875,-117.4924,4.8,27.0,Mira Loma (Van Buren),16.0065001375,36.1122025,7.034454749999999,1017.5625,0.0,37.583333333333336
2016-02-25,33.996360000875,-117.4924,14.5,61.0,Mira Loma (Van Buren),16.577333345833335,33.5768719375,6.090707270833334,1017.2541666666666,0.0,2.875
2016-02-26,33.996360000875,-117.4924,21.3,74.0,Mira Loma (Van Buren),17.739833583333333,34.09976241666667,5.474391675,1017.7875,0.0,20.833333333333332
2016-02-27,33.996360000875,-117.4924,32.6,95.0,Mira Loma (Van Buren),18.427333333333333,42.752289166666664,6.348208316666667,1017.225,0.0,46.666666666666664
2016-02-28,33.996360000875,-117.4924,35.2,100.0,Mira Loma (Van Buren),18.521083375,52.225009166666666,5.783491070833333,1015.6458333333334,0.0,34.5
2016-02-29,33.996360000875,-117.4924,32.7,95.0,Mira Loma (Van Buren),19.912749916666666,50.021722000000004,5.411705287499999,1015.9708333333333,0.0,53.791666666666664
2016-03-01,33.996360000875,-117.4924,22.2,75.0,Mira Loma (Van Buren),19.558583291666668,48.46685175,5.367759670833333,1017.2375000000001,0.0,47.541666666666664
2016-03-02,33.996360000875,-117.4924,22.2,75.0,Mira Loma (Van Buren),19.558583291666668,48.46685175,5.367759670833333,1017.2375000000001,0.0,47.541666666666664
2016-03-03,33.996360000875,-117.4924,24.3,79.0,Mira Loma (Van Buren),16.996083416666668,63.32141658333333,5.478391225,1017.8958333333334,0.0,99.29166666666667
2016-03-04,33.996360000875,-117.4924,24.3,79.0,Mira Loma (Van Buren),16.996083416666668,63.32141658333333,5.478391225,1017.8958333333334,0.0,99.29166666666667
2016-03-05,33.996360000875,-117.4924,15.3,63.0,Mira Loma (Van Buren),14.17525,76.83510658333334,5.8290266875,1016.7583333333333,0.03333333333333333,76.70833333333333
2016-03-06,33.996360000875,-117.4924,5.1,28.0,Mira Loma (Van Buren),13.941916916666665,84.09723783333334,14.130451525,1015.7208333333333,0.37916666666666665,76.0
2016-03-07,33.996360000875,-117.4924,5.3,29.0,Mira Loma (Van Buren),10.175250375,86.8694865,11.844186579166667,1013.4416666666666,0.5125000000000001,52.458333333333336
2016-03-08,33.996360000875,-117.4924,6.4,36.0,Mira Loma (Van Buren),9.8648334625,71.93175595833334,6.8188188625,1011.2458333333334,0.008333333333333333,15.333333333333334
2016-03-09,33.996360000875,-117.4924,11.5,55.0,Mira Loma (Van Buren),13.906500291666667,64.28950141666667,6.9393884791666665,1015.35,0.0,18.041666666666668
2016-03-10,33.996360000875,-117.4924,19.0,69.0,Mira Loma (Van Buren),16.721083375,64.39925966666667,5.5094373333333335,1016.6125000000001,0.0,72.91666666666667
2016-03-11,33.996360000875,-117.4924,11.5,55.0,Mira Loma (Van Buren),15.731500166666665,75.65461016666667,8.3436679375,1015.5916666666667,0.03333333333333333,81.875
2016-03-12,33.996360000875,-117.4924,5.9,33.0,Mira Loma (Van Buren),10.087750291666667,85.12939654166667,9.882548054166667,1018.6083333333332,0.24583333333333335,25.708333333333332
2016-03-13,33.996360000875,-117.4924,10.0,53.0,Mira Loma (Van Buren),11.064833708333333,76.43497683333334,7.6982125166666675,1020.975,0.0,36.5
2016-03-14,33.996360000875,-117.4924,6.3,35.0,Mira Loma (Van Buren),13.123166916666667,84.23580541666666,8.875931716666667,1019.8833333333333,0.049999999999999996,81.29166666666667
2016-03-15,33.996360000875,-117.4924,14.8,62.0,Mira Loma (Van Buren),15.487750208333333,72.68779241666667,5.5211006875,1017.0333333333333,0.0,69.875
2016-03-16,33.996360000875,-117.4924,9.8,52.0,Mira Loma (Van Buren),18.035666708333334,56.04988445833333,5.380296141666666,1013.4583333333334,0.0,3.375
2016-03-17,33.996360000875,-117.4924,13.8,60.0,Mira Loma (Van Buren),19.53149995833333,49.141149291666665,6.443770741666667,1011.9875000000001,0.0,0.0
2016-03-18,33.996360000875,-117.4924,27.4,85.0,Mira Loma (Van Buren),18.06691675,64.59480058333334,6.1947021625000005,1012.8833333333333,0.0,27.75
2016-03-19,33.996360000875,-117.4924,31.8,93.0,Mira Loma (Van Buren),17.346083541666665,67.78643966666667,5.218465304166666,1015.375,0.0,50.166666666666664
2016-03-20,33.996360000875,-117.4924,31.1,92.0,Mira Loma (Van Buren),17.36691683333333,62.842716708333334,5.164611825000001,1016.7708333333334,0.0,76.41666666666667
2016-03-21,33.996360000875,-117.4924,21.6,74.0,Mira Loma (Van Buren),15.871083541666666,71.237966375,6.3210799458333335,1018.8166666666666,0.0,88.95833333333333
2016-03-22,33.996360000875,-117.4924,9.3,51.0,Mira Loma (Van Buren),14.271083541666668,73.919754,9.7652271625,1016.7958333333332,0.0,39.0
2016-03-23,33.996360000875,-117.4924,5.3,29.0,Mira Loma (Van Buren),14.733583416666667,44.31881441666667,8.638099575,1017.9916666666667,0.0,5.291666666666667
2016-03-24,33.996360000875,-117.4924,8.0,44.0,Mira Loma (Van Buren),16.794000041666667,29.1238039375,7.552094987499999,1018.6625,0.0,6.041666666666667
2016-03-25,33.996360000875,-117.4924,15.7,63.0,Mira Loma (Van Buren),18.414833333333334,36.21591991666667,7.712475404166667,1012.7666666666668,0.0,27.125
2016-03-26,33.996360000875,-117.4924,16.8,65.0,Mira Loma (Van Buren),18.750249999999998,46.04545354166667,7.700140579166667,1009.9499999999999,0.0,4.5
2016-03-27,33.996360000875,-117.4924,17.5,67.0,Mira Loma (Van Buren),19.048166708333333,50.04155816666667,7.391495595833334,1014.7875,0.0,35.5
2016-03-28,33.996360000875,-117.4924,9.1,51.0,Mira Loma (Van Buren),15.106500124999998,73.74993854166667,11.951898158333334,1013.5416666666666,0.016666666666666666,74.70833333333333
2016-03-29,33.996360000875,-117.4924,9.1,51.0,Mira Loma (Van Buren),15.106500124999998,73.74993854166667,11.951898158333334,1013.5416666666666,0.016666666666666666,74.70833333333333
2016-03-30,33.996360000875,-117.4924,9.4,52.0,Mira Loma (Van Buren),11.1398335,63.81697345833334,6.874798195833333,1013.8541666666666,0.020833333333333332,39.541666666666664
2016-03-31,33.996360000875,-117.4924,9.6,52.0,Mira Loma (Van Buren),13.158583583333334,61.43890341666667,7.2614466,1016.5208333333334,0.004166666666666667,9.0
2016-04-01,33.996360000875,-117.4924,11.9,56.0,Mira Loma (Van Buren),15.133583541666667,57.715089750000004,8.549361854166667,1017.9916666666667,0.0,17.25
2016-04-02,33.996360000875,-117.4924,13.4,59.0,Mira Loma (Van Buren),18.67316675,53.29254308333333,5.741750583333334,1019.7666666666668,0.0,15.125
2016-04-03,33.996360000875,-117.4924,12.6,58.0,Mira Loma (Van Buren),20.554416624999998,43.937965625000004,7.129927783333333,1017.5625,0.0,17.041666666666668
2016-04-04,33.996360000875,-117.4924,10.4,53.0,Mira Loma (Van Buren),20.893999958333332,44.149814875000004,6.668658120833332,1017.6,0.0,50.375
2016-04-05,33.996360000875,-117.4924,13.1,58.0,Mira Loma (Van Buren),21.483583125,37.76291741666667,6.347861608333333,1017.5,0.0,28.958333333333332
2016-04-06,33.996360000875,-117.4924,11.3,55.0,Mira Loma (Van Buren),24.558583,29.880274999999997,6.394085391666667,1017.0875,0.0,99.45833333333333
2016-04-07,33.996360000875,-117.4924,17.3,66.0,Mira Loma (Van Buren),18.321083416666667,61.41663491666666,5.1990755958333335,1016.4333333333334,0.09999999999999999,99.875
2016-04-08,33.996360000875,-117.4924,18.7,69.0,Mira Loma (Van Buren),15.098166833333332,84.150087,5.531569083333333,1013.25,0.35833333333333334,98.58333333333333
2016-04-09,33.996360000875,-117.4924,8.5,47.0,Mira Loma (Van Buren),13.977333666666667,89.53043070833333,6.116638370833333,1013.7791666666667,0.6166666666666667,82.625
2016-04-10,33.996360000875,-117.4924,7.8,43.0,Mira Loma (Van Buren),13.754416958333332,81.03859204166666,4.917744445833333,1011.15,0.3416666666666666,95.25
2016-04-11,33.996360000875,-117.4924,5.7,32.0,Mira Loma (Van Buren),14.685666791666668,80.63396045833333,4.664141245,1016.2583333333333,0.10833333333333334,52.5
2016-04-12,33.996360000875,-117.4924,12.6,58.0,Mira Loma (Van Buren),15.948166791666667,75.66086295833334,6.5806620625,1019.3874999999999,0.020833333333333332,36.708333333333336
2016-04-13,33.996360000875,-117.4924,13.5,59.0,Mira Loma (Van Buren),15.869000125,79.60578120833334,7.136455341666667,1019.725,0.0,14.125
2016-04-14,33.996360000875,-117.4924,12.8,58.0,Mira Loma (Van Buren),15.535666874999999,78.05538466666667,8.3858506,1015.3791666666666,0.0,37.875
2016-04-15,33.996360000875,-117.4924,12.2,57.0,Mira Loma (Van Buren),15.489833625000001,67.56645941666666,6.877720987499999,1011.0291666666667,0.0,55.333333333333336
2016-04-16,33.996360000875,-117.4924,4.1,23.0,Mira Loma (Van Buren),18.658583291666666,24.75538991666667,7.0142309958333335,1013.7125,0.0,0.0
2016-04-17,33.996360000875,-117.4924,8.5,47.0,Mira Loma (Van Buren),19.99191683333333,32.94950483333333,6.916594029166667,1015.0625,0.0,0.0
2016-04-18,33.996360000875,-117.4924,9.5,52.0,Mira Loma (Van Buren),21.883583208333334,28.3979719375,7.210978283333334,1016.0541666666667,0.0,4.75
2016-04-19,33.996360000875,-117.4924,12.3,57.0,Mira Loma (Van Buren),22.896083416666666,25.503461229166664,6.9690529375,1014.7875,0.0,46.833333333333336
2016-04-20,33.996360000875,-117.4924,12.8,58.0,Mira Loma (Van Buren),24.368999875,17.839342645833334,6.899834004166666,1012.65,0.0,37.333333333333336
2016-04-21,33.996360000875,-117.4924,10.9,54.0,Mira Loma (Van Buren),22.166916416666666,23.36446816666667,8.006329220833333,1011.8666666666667,0.0,93.70833333333333
2016-04-22,33.996360000875,-117.4924,6.0,33.0,Mira Loma (Van Buren),19.131500083333332,53.96054041666667,8.17560525,1013.1125000000001,0.0,55.0
2016-04-23,33.996360000875,-117.4924,8.2,46.0,Mira Loma (Van Buren),17.281500208333334,63.537509625000006,8.780752275,1015.5333333333333,0.0,36.041666666666664
2016-04-24,33.996360000875,-117.4924,12.9,58.0,Mira Loma (Van Buren),18.189833583333332,43.45447620833334,10.076478141666668,1013.1166666666667,0.0,23.708333333333332
2016-04-25,33.996360000875,-117.4924,9.9,52.0,Mira Loma (Van Buren),15.260666833333334,67.14591595833333,12.682029104166666,1011.4,0.004166666666666667,53.166666666666664
2016-04-26,33.996360000875,-117.4924,11.0,55.0,Mira Loma (Van Buren),13.929416833333333,61.786802791666666,8.949540575,1013.7291666666666,0.0,36.916666666666664
2016-04-27,33.996360000875,-117.4924,14.3,61.0,Mira Loma (Van Buren),15.979416583333332,57.29758433333333,9.7237845625,1012.3833333333333,0.0,37.0
2016-04-28,33.996360000875,-117.4924,11.8,56.0,Mira Loma (Van Buren),14.283583499999999,72.31819575,11.078402425,1008.8666666666667,0.016666666666666666,78.0
2016-04-29,33.996360000875,-117.4924,16.0,64.0,Mira Loma (Van Buren),14.42941675,71.45430695833333,9.934919141666667,1014.4666666666667,0.0,38.25
2016-04-30,33.996360000875,-117.4924,12.4,57.0,Mira Loma (Van Buren),14.352333583333333,74.565117125,9.9042328125,1010.875,0.0,85.29166666666667
2016-05-01,33.996360000875,-117.4924,16.2,64.0,Mira Loma (Van Buren),16.03358354166667,69.52970033333334,9.171750816666666,1011.2291666666666,0.0,27.25
2016-05-02,33.996360000875,-117.4924,18.9,69.0,Mira Loma (Van Buren),18.500250041666668,63.52507716666667,5.923606670833333,1015.275,0.0,29.166666666666668
2016-05-03,33.996360000875,-117.4924,13.8,60.0,Mira Loma (Van Buren),21.5669165,52.95402845833333,6.527002825,1014.2375000000001,0.0,38.666666666666664
2016-05-04,33.996360000875,-117.4924,18.8,69.0,Mira Loma (Van Buren),19.639833416666665,61.61411916666666,7.435649495833334,1013.5041666666666,0.0,49.125
2016-05-05,33.996360000875,-117.4924,7.2,40.0,Mira Loma (Van Buren),15.094,70.66721045833333,8.997530604166666,1012.7416666666667,0.012500000000000002,55.125
2016-05-06,33.996360000875,-117.4924,7.4,41.0,Mira Loma (Van Buren),14.137750208333335,75.426823875,6.943656379166666,1011.225,0.2125,84.45833333333333
2016-05-07,33.996360000875,-117.4924,8.5,47.0,Mira Loma (Van Buren),14.037750208333334,77.52200908333333,5.446862944583334,1013.5375,0.13333333333333333,68.45833333333333
2016-05-08,33.996360000875,-117.4924,9.2,51.0,Mira Loma (Van Buren),15.354416916666667,71.57681295833333,7.463552520833333,1013.9,0.0,59.166666666666664
2016-05-09,33.996360000875,-117.4924,9.0,50.0,Mira Loma (Van Buren),14.839833624999999,77.797509875,7.118835879166667,1014.3833333333333,0.0,65.83333333333333
2016-05-10,33.996360000875,-117.4924,17.2,66.0,Mira Loma (Van Buren),15.460666708333333,76.02190454166667,6.741509995833333,1014.3625000000001,0.0,43.583333333333336
2016-05-11,33.996360000875,-117.4924,25.9,82.0,Mira Loma (Van Buren),17.814833458333332,69.24056129166667,6.679027133333332,1015.5833333333334,0.0,57.333333333333336
2016-05-12,33.996360000875,-117.4924,17.5,67.0,Mira Loma (Van Buren),22.427333166666667,55.83207545833333,6.043039908333333,1015.5291666666667,0.0,15.708333333333334
2016-05-13,33.996360000875,-117.4924,17.8,67.0,Mira Loma (Van Buren),21.871083249999998,55.44189716666667,6.498835720833333,1015.1041666666666,0.0,13.25
2016-05-14,33.996360000875,-117.4924,11.7,56.0,Mira Loma (Van Buren),18.3960835,65.76916345833334,7.981724966666667,1015.0291666666667,0.0,75.375
2016-05-15,33.996360000875,-117.4924,7.5,42.0,Mira Loma (Van Buren),15.856500083333332,73.03041045833334,10.181590804166666,1012.7166666666667,0.0,96.875
2016-05-16,33.996360000875,-117.4924,9.2,51.0,Mira Loma (Van Buren),16.550250083333335,73.26861183333334,9.126459245833333,1012.5166666666668,0.0,91.95833333333333
2016-05-17,33.996360000875,-117.4924,13.6,59.0,Mira Loma (Van Buren),18.162750125,67.47774529166666,7.654315404166667,1012.1416666666668,0.0,80.04166666666667
2016-05-18,33.996360000875,-117.4924,18.7,69.0,Mira Loma (Van Buren),20.044000166666667,62.978282291666666,7.096563170833334,1014.2041666666668,0.0,57.166666666666664
2016-05-19,33.996360000875,-117.4924,17.6,67.0,Mira Loma (Van Buren),19.04816675,67.849765625,7.891683620833334,1013.2624999999999,0.0,35.875
2016-05-20,33.996360000875,-117.4924,7.5,42.0,Mira Loma (Van Buren),16.82733345833333,67.14401391666667,11.635496920833333,1010.6208333333334,0.0,68.95833333333333
2016-05-21,33.996360000875,-117.4924,6.1,34.0,Mira Loma (Van Buren),14.956500125,61.88474541666667,10.011267141666666,1013.9458333333333,0.0,77.58333333333333
2016-05-22,33.996360000875,-117.4924,8.2,46.0,Mira Loma (Van Buren),15.758583625,59.42753045833334,7.603273508333333,1016.475,0.0,33.333333333333336
2016-05-23,33.996360000875,-117.4924,8.5,47.0,Mira Loma (Van Buren),15.962750208333333,64.47472325,9.818888854166667,1013.525,0.0,36.625
2016-05-24,33.996360000875,-117.4924,7.7,43.0,Mira Loma (Van Buren),15.810666791666668,67.58383575,9.841887016666666,1013.8291666666668,0.004166666666666667,64.08333333333333
2016-05-25,33.996360000875,-117.4924,4.2,23.0,Mira Loma (Van Buren),15.756500166666667,67.42957825,10.911747908333334,1017.3708333333334,0.0,65.95833333333333
2016-05-26,33.996360000875,-117.4924,8.8,49.0,Mira Loma (Van Buren),16.529416833333332,64.15627120833334,9.094458895833332,1017.4833333333332,0.0,33.541666666666664
2016-05-27,33.996360000875,-117.4924,16.8,65.0,Mira Loma (Van Buren),17.996083416666668,66.72514016666666,8.553656720833333,1013.6833333333334,0.0,42.5
2016-05-28,33.996360000875,-117.4924,17.9,67.0,Mira Loma (Van Buren),18.83566658333333,62.36172870833334,7.9107646625,1011.3166666666666,0.0,38.25
2016-05-29,33.996360000875,-117.4924,10.3,53.0,Mira Loma (Van Buren),17.51900004166667,66.33440129166667,8.2690464875,1014.5083333333333,0.0,59.958333333333336
2016-05-30,33.996360000875,-117.4924,18.1,68.0,Mira Loma (Van Buren),17.925250166666668,67.277902,8.006631112500001,1015.1208333333334,0.0,41.791666666666664
2016-05-31,33.996360000875,-117.4924,20.4,72.0,Mira Loma (Van Buren),19.925250083333335,63.662635791666666,7.692944058333333,1011.9791666666666,0.0,32.541666666666664
2016-06-01,33.996360000875,-117.4924,19.5,70.0,Mira Loma (Van Buren),20.525250125,62.88117329166667,7.470734016666667,1012.0416666666666,0.0,36.625
2016-06-02,33.996360000875,-117.4924,28.7,88.0,Mira Loma (Van Buren),22.8481665,58.179371583333335,6.023334116666667,1013.5791666666668,0.0,27.375
2016-06-03,33.996360000875,-117.4924,13.3,59.0,Mira Loma (Van Buren),26.731499749999998,44.32460904166666,5.4646227041666675,1013.9875000000001,0.0,27.291666666666668
2016-06-04,33.996360000875,-117.4924,14.4,61.0,Mira Loma (Van Buren),27.629416375,40.173218375,6.424679283333333,1013.3874999999999,0.0,11.666666666666666
2016-06-05,33.996360000875,-117.4924,20.7,73.0,Mira Loma (Van Buren),25.133583083333335,44.512139375000004,6.468346895833334,1012.2916666666666,0.0,13.291666666666666
2016-06-06,33.996360000875,-117.4924,17.0,66.0,Mira Loma (Van Buren),20.993999958333333,55.858326,7.077107883333333,1010.275,0.0,26.625
2016-06-07,33.996360000875,-117.4924,15.4,63.0,Mira Loma (Van Buren),20.291916541666666,59.393682375,7.778488416666666,1011.0541666666667,0.0,41.375
2016-06-08,33.996360000875,-117.4924,13.0,58.0,Mira Loma (Van Buren),21.191916541666668,60.197330083333334,7.4854930875,1011.4541666666668,0.0,53.833333333333336
2016-06-09,33.996360000875,-117.4924,19.2,70.0,Mira Loma (Van Buren),22.231499833333334,59.100810708333334,7.5206526333333334,1011.5291666666667,0.0,58.208333333333336
2016-06-10,33.996360000875,-117.4924,15.6,63.0,Mira Loma (Van Buren),21.369,62.472331749999995,6.646231312499999,1012.8708333333334,0.0,63.75
2016-06-11,33.996360000875,-117.4924,6.7,37.0,Mira Loma (Van Buren),19.89399979166667,65.09009941666666,10.055144529166666,1013.3375,0.0,80.45833333333333
2016-06-12,33.996360000875,-117.4924,4.6,26.0,Mira Loma (Van Buren),18.100250166666665,66.46251229166667,10.353181304166666,1016.0625,0.0,88.41666666666667
2016-06-13,33.996360000875,-117.4924,9.7,52.0,Mira Loma (Van Buren),17.571083458333334,68.85800308333333,7.953142845833334,1018.5166666666668,0.0,50.083333333333336
2016-06-14,33.996360000875,-117.4924,15.6,63.0,Mira Loma (Van Buren),18.206499875000002,68.41502108333333,7.89570525,1015.3541666666666,0.0,26.125
2016-06-15,33.996360000875,-117.4924,17.1,66.0,Mira Loma (Van Buren),18.291916666666665,67.05614245833333,9.531104433333333,1013.3791666666666,0.0,49.791666666666664
2016-06-16,33.996360000875,-117.4924,14.1,60.0,Mira Loma (Van Buren),18.8815,62.3453615,7.964000491666667,1015.4583333333334,0.0,15.916666666666666
2016-06-17,33.996360000875,-117.4924,23.0,77.0,Mira Loma (Van Buren),23.212749875,42.69601620833333,6.890435145833333,1015.5958333333333,0.0,1.7916666666666667
2016-06-18,33.996360000875,-117.4924,19.6,71.0,Mira Loma (Van Buren),26.514833166666666,32.823531958333334,7.069733683333333,1015.4541666666668,0.0,15.25
2016-06-19,33.996360000875,-117.4924,16.0,64.0,Mira Loma (Van Buren),30.048166374999997,24.130200945833334,7.1737546624999995,1013.0166666666668,0.0,10.916666666666666
2016-06-20,33.996360000875,-117.4924,20.5,72.0,Mira Loma (Van Buren),33.93566625,18.003012729166667,7.5362163375,1010.7666666666668,0.0,4.666666666666667
2016-06-21,33.996360000875,-117.4924,15.4,63.0,Mira Loma (Van Buren),30.629416208333335,31.32333158333333,10.846952620833333,1012.7333333333332,0.0,40.625
2016-06-22,33.996360000875,-117.4924,17.5,67.0,Mira Loma (Van Buren),26.358583,43.37436954166666,6.160501,1013.2958333333332,0.0,18.833333333333332
2016-06-23,33.996360000875,-117.4924,19.1,70.0,Mira Loma (Van Buren),24.212749791666667,53.64814941666666,7.443194975,1013.6875,0.0,24.875
2016-06-24,33.996360000875,-117.4924,14.6,61.0,Mira Loma (Van Buren),24.233583125,54.89967475,7.906874258333333,1013.3666666666667,0.0,11.208333333333334
2016-06-25,33.996360000875,-117.4924,23.4,78.0,Mira Loma (Van Buren),24.67941641666667,53.187372958333334,7.320680291666666,1011.2208333333333,0.0,11.333333333333334
2016-06-26,33.996360000875,-117.4924,18.0,68.0,Mira Loma (Van Buren),27.535666583333335,48.59796600000001,6.072827608333333,1011.1291666666666,0.0,7.083333333333333
2016-06-27,33.996360000875,-117.4924,21.5,74.0,Mira Loma (Van Buren),28.325249624999998,50.14453208333333,5.8313557241666665,1012.5541666666667,0.0,37.458333333333336
2016-06-28,33.996360000875,-117.4924,15.4,63.0,Mira Loma (Van Buren),28.796083041666666,47.96993558333333,6.550466058333334,1013.1666666666666,0.004166666666666667,22.541666666666668
2016-06-29,33.996360000875,-117.4924,16.2,64.0,Mira Loma (Van Buren),28.056499583333334,48.03696383333334,6.090192245833333,1012.2916666666666,0.0,2.4583333333333335
2016-06-30,33.996360000875,-117.4924,22.4,76.0,Mira Loma (Van Buren),26.791916291666666,52.620558749999994,7.694826716666667,1010.9458333333333,0.0,10.541666666666666
2016-07-01,33.996360000875,-117.4924,19.2,70.0,Mira Loma (Van Buren),24.83774975,60.031446875,8.177411812499999,1011.6416666666668,0.0,43.375
2016-07-02,33.996360000875,-117.4924,11.2,55.0,Mira Loma (Van Buren),23.577333291666665,59.99622670833333,8.312626700000001,1014.0041666666666,0.0,34.5
2016-07-03,33.996360000875,-117.4924,13.7,60.0,Mira Loma (Van Buren),22.556499833333334,54.230225625,7.2117107375,1016.3291666666668,0.0,24.208333333333332
2016-07-04,33.996360000875,-117.4924,20.8,73.0,Mira Loma (Van Buren),22.139833125,53.82234775,6.545103379166666,1016.4166666666666,0.0,22.333333333333332
2016-07-05,33.996360000875,-117.4924,47.1,130.0,Mira Loma (Van Buren),21.335666583333335,57.71554258333333,7.078594870833334,1015.3625000000001,0.0,26.666666666666668
2016-07-06,33.996360000875,-117.4924,15.6,63.0,Mira Loma (Van Buren),21.23774975,61.07630795833333,7.3704027375,1014.7083333333334,0.0,22.166666666666668
2016-07-07,33.996360000875,-117.4924,11.6,56.0,Mira Loma (Van Buren),21.712749958333333,61.271637375000005,7.2204895875,1013.8666666666667,0.0,25.041666666666668
2016-07-08,33.996360000875,-117.4924,21.4,74.0,Mira Loma (Van Buren),23.31274970833333,55.20475108333333,6.7836989875,1014.1125000000001,0.0,12.083333333333334
2016-07-09,33.996360000875,-117.4924,12.0,56.0,Mira Loma (Van Buren),24.56274983333333,54.66220654166667,6.362748954166666,1015.1208333333334,0.0,15.375
2016-07-10,33.996360000875,-117.4924,14.8,62.0,Mira Loma (Van Buren),24.885666458333333,53.87559120833333,7.3664812416666665,1014.0458333333332,0.0,4.458333333333333
2016-07-11,33.996360000875,-117.4924,11.5,55.0,Mira Loma (Van Buren),23.189833083333337,59.74980366666667,8.735684241666666,1011.2083333333334,0.0,8.833333333333334
2016-07-12,33.996360000875,-117.4924,18.7,69.0,Mira Loma (Van Buren),22.34816641666667,62.154563833333334,8.186265991666668,1012.0916666666667,0.0,22.75
2016-07-13,33.996360000875,-117.4924,22.7,76.0,Mira Loma (Van Buren),23.90024975,56.2788995,6.5337330625000005,1013.3333333333334,0.0,7.625
2016-07-14,33.996360000875,-117.4924,22.2,75.0,Mira Loma (Van Buren),25.514833,50.80607416666667,6.188051158333334,1014.7041666666668,0.0,9.25
2016-07-15,33.996360000875,-117.4924,14.1,60.0,Mira Loma (Van Buren),25.256499916666666,50.673421958333336,6.390120104166667,1013.875,0.0,17.333333333333332
2016-07-16,33.996360000875,-117.4924,13.7,60.0,Mira Loma (Van Buren),24.491916375,53.274593375,6.850679404166667,1012.6583333333333,0.0,15.875
2016-07-17,33.996360000875,-117.4924,14.2,61.0,Mira Loma (Van Buren),24.348166250000002,49.524123374999995,6.481688645833334,1012.6833333333334,0.0,8.958333333333334
2016-07-18,33.996360000875,-117.4924,13.4,59.0,Mira Loma (Van Buren),24.614833,48.25781608333333,6.3087223625,1015.3291666666668,0.0,4.375
2016-07-19,33.996360000875,-117.4924,10.7,54.0,Mira Loma (Van Buren),26.566916458333335,42.59148854166667,6.028159824166667,1015.4166666666666,0.0,0.5
2016-07-20,33.996360000875,-117.4924,13.9,60.0,Mira Loma (Van Buren),28.933583166666665,36.226528625,6.715748178333333,1013.9583333333334,0.0,1.75
2016-07-21,33.996360000875,-117.4924,13.4,59.0,Mira Loma (Van Buren),30.418999624999998,32.17288108333333,6.803110404166667,1013.3541666666666,0.0,4.166666666666667
2016-07-22,33.996360000875,-117.4924,17.8,67.0,Mira Loma (Van Buren),31.248166666666666,31.5170665,6.867459620833333,1012.8458333333333,0.0,0.3333333333333333
2016-07-23,33.996360000875,-117.4924,18.6,69.0,Mira Loma (Van Buren),32.37733291666667,29.156538458333333,7.1069807958333335,1009.5458333333332,0.0,0.625
2016-07-24,33.996360000875,-117.4924,17.8,67.0,Mira Loma (Van Buren),29.204416374999997,41.572039958333335,7.682508320833333,1010.5041666666666,0.0,3.3333333333333335
2016-07-25,33.996360000875,-117.4924,13.4,59.0,Mira Loma (Van Buren),27.929416458333332,46.687877541666666,6.133435329166667,1012.725,0.0,19.166666666666668
2016-07-26,33.996360000875,-117.4924,14.3,61.0,Mira Loma (Van Buren),28.896083208333334,42.999303875,6.729658475,1011.8125,0.0,27.708333333333332
2016-07-27,33.996360000875,-117.4924,11.1,55.0,Mira Loma (Van Buren),29.25024975,33.441950874999996,6.670540083333333,1011.6,0.0,8.833333333333334
2016-07-28,33.996360000875,-117.4924,12.5,57.0,Mira Loma (Van Buren),28.139832916666666,37.0411015,6.311263670833333,1011.6666666666666,0.0,9.0
2016-07-29,33.996360000875,-117.4924,20.8,73.0,Mira Loma (Van Buren),29.26691645833333,39.08679133333333,5.817816954166666,1009.7708333333334,0.0,3.25
2016-07-30,33.996360000875,-117.4924,24.4,80.0,Mira Loma (Van Buren),27.739832875,52.115694875,7.9790079375000005,1009.7208333333333,0.0,10.208333333333334
2016-07-31,33.996360000875,-117.4924,13.9,60.0,Mira Loma (Van Buren),26.764833083333333,58.39389175,7.7437597375,1011.4041666666667,0.0,12.25
2016-08-01,33.996360000875,-117.4924,9.7,52.0,Mira Loma (Van Buren),25.393999541666663,55.735788875,6.952219270833333,1012.9291666666667,0.0,2.4583333333333335
2016-08-02,33.996360000875,-117.4924,9.3,51.0,Mira Loma (Van Buren),25.035666541666668,54.697237333333334,6.817224354166666,1014.7083333333334,0.0,18.291666666666668
2016-08-03,33.996360000875,-117.4924,12.0,56.0,Mira Loma (Van Buren),24.956499625000003,54.733888125,7.5973527291666665,1014.5749999999999,0.0,35.375
2016-08-04,33.996360000875,-117.4924,11.3,55.0,Mira Loma (Van Buren),24.593999583333332,58.24401179166667,6.600890475,1012.5124999999999,0.0,24.208333333333332
2016-08-05,33.996360000875,-117.4924,13.2,59.0,Mira Loma (Van Buren),24.473166375,55.940847999999995,7.326678487500001,1011.1125000000001,0.0,13.416666666666666
2016-08-06,33.996360000875,-117.4924,13.9,60.0,Mira Loma (Van Buren),24.204416499999997,57.652192541666665,6.993741133333334,1010.5041666666666,0.0,9.791666666666666
2016-08-07,33.996360000875,-117.4924,13.7,60.0,Mira Loma (Van Buren),24.343999874999998,57.315046333333335,6.8767553,1009.5041666666666,0.0,25.541666666666668
2016-08-08,33.996360000875,-117.4924,20.8,73.0,Mira Loma (Van Buren),23.883583166666668,59.800767,7.6315255041666665,1009.3000000000001,0.0,24.291666666666668
2016-08-09,33.996360000875,-117.4924,23.0,77.0,Mira Loma (Van Buren),22.679416500000002,61.414727,6.848146087500001,1010.3249999999999,0.0,16.416666666666668
2016-08-10,33.996360000875,-117.4924,12.3,57.0,Mira Loma (Van Buren),23.50233320833333,53.04761558333333,5.762447058333334,1011.65,0.0,9.25
2016-08-11,33.996360000875,-117.4924,15.3,63.0,Mira Loma (Van Buren),23.59816641666667,56.57816354166667,6.844861412499999,1014.3291666666668,0.0,16.708333333333332
2016-08-12,33.996360000875,-117.4924,10.4,53.0,Mira Loma (Van Buren),24.881499666666667,53.422478375,7.275662029166667,1015.5333333333333,0.0,11.333333333333334
2016-08-13,33.996360000875,-117.4924,15.5,63.0,Mira Loma (Van Buren),26.964833041666665,50.21407820833334,6.890300070833334,1013.2791666666667,0.0,4.541666666666667
2016-08-14,33.996360000875,-117.4924,13.1,58.0,Mira Loma (Van Buren),28.789833208333334,46.622366125000006,7.114306378333333,1011.2791666666667,0.0,3.7083333333333335
2016-08-15,33.996360000875,-117.4924,12.9,58.0,Mira Loma (Van Buren),29.925249624999996,40.64147064583333,5.6613231625000004,1011.15,0.0,2.5
2016-08-16,33.996360000875,-117.4924,15.2,62.0,Mira Loma (Van Buren),29.687749541666665,33.014765241666666,5.089375878333333,1010.7833333333333,0.0,2.5416666666666665
2016-08-17,33.996360000875,-117.4924,13.6,59.0,Mira Loma (Van Buren),28.927332791666668,32.15342404166667,5.302755678333333,1010.5,0.0,0.25
2016-08-18,33.996360000875,-117.4924,17.5,67.0,Mira Loma (Van Buren),28.541916416666666,33.82829629166667,5.571721775,1010.7916666666666,0.0,6.708333333333333
2016-08-19,33.996360000875,-117.4924,16.8,65.0,Mira Loma (Van Buren),26.885666416666666,39.57735383333333,6.399158591666667,1011.9666666666667,0.0,2.0
2016-08-20,33.996360000875,-117.4924,14.7,61.0,Mira Loma (Van Buren),25.904416291666667,45.091229125000005,6.972772608333333,1012.7041666666668,0.0,1.875
2016-08-21,33.996360000875,-117.4924,11.1,55.0,Mira Loma (Van Buren),25.939833041666663,45.80555141666667,5.84929315,1011.7833333333333,0.0,2.7916666666666665
2016-08-22,33.996360000875,-117.4924,15.5,63.0,Mira Loma (Van Buren),25.714833041666665,50.15230625,5.905753041666666,1011.9083333333333,0.0,14.375
2016-08-23,33.996360000875,-117.4924,16.0,64.0,Mira Loma (Van Buren),24.996083041666665,51.629399666666664,6.228165033333333,1014.625,0.0,6.208333333333333
2016-08-24,33.996360000875,-117.4924,14.9,62.0,Mira Loma (Van Buren),25.285666541666668,49.45064045833333,6.0731553583333335,1015.9499999999999,0.0,1.625
2016-08-25,33.996360000875,-117.4924,14.8,62.0,Mira Loma (Van Buren),24.693999583333333,53.79321383333333,6.2876751,1013.6708333333332,0.0,10.375
2016-08-26,33.996360000875,-117.4924,15.8,63.0,Mira Loma (Van Buren),22.1294165,58.58975320833333,7.306152050000001,1013.3208333333333,0.0,16.041666666666668
2016-08-27,33.996360000875,-117.4924,18.6,69.0,Mira Loma (Van Buren),20.904416541666667,59.719354583333335,6.903316991666666,1014.4083333333333,0.0,16.833333333333332
2016-08-28,33.996360000875,-117.4924,14.2,61.0,Mira Loma (Van Buren),24.537749875,53.98888479166666,6.974766879166666,1014.9499999999999,0.0,15.375
2016-08-29,33.996360000875,-117.4924,19.7,71.0,Mira Loma (Van Buren),27.396083041666667,45.90904579166667,7.0150380125,1013.9291666666667,0.0,5.708333333333333
2016-08-30,33.996360000875,-117.4924,24.1,79.0,Mira Loma (Van Buren),28.925249833333336,42.59601133333333,7.2667439541666665,1010.9416666666666,0.0,19.666666666666668
2016-08-31,33.996360000875,-117.4924,23.1,77.0,Mira Loma (Van Buren),28.962749708333334,44.16718695833333,6.2376554833333335,1010.1333333333333,0.0,17.791666666666668
2016-09-01,33.996360000875,-117.4924,22.2,75.0,Mira Loma (Van Buren),27.493999666666667,47.71297045833333,6.470414345833333,1011.3708333333334,0.0,10.041666666666666
2016-09-02,33.996360000875,-117.4924,25.5,82.0,Mira Loma (Van Buren),23.871083166666665,53.960287791666666,6.5403450875,1012.3916666666668,0.0,6.791666666666667
2016-09-03,33.996360000875,-117.4924,11.4,55.0,Mira Loma (Van Buren),20.887749833333334,64.66642916666667,7.904001408333333,1011.3125,0.0,23.875
2016-09-04,33.996360000875,-117.4924,12.5,57.0,Mira Loma (Van Buren),18.602333291666667,65.13172791666666,8.550089162499999,1010.4458333333333,0.0,28.791666666666668
2016-09-05,33.996360000875,-117.4924,14.1,60.0,Mira Loma (Van Buren),18.581500125,67.11841295833334,7.832191325,1008.8375,0.0,40.291666666666664
2016-09-06,33.996360000875,-117.4924,21.5,74.0,Mira Loma (Van Buren),20.883583333333334,62.66557508333333,6.797649720833333,1009.4499999999999,0.0,30.208333333333332
2016-09-07,33.996360000875,-117.4924,23.8,78.0,Mira Loma (Van Buren),23.979416416666666,52.30074975,6.172746770833334,1011.9125,0.0,16.208333333333332
2016-09-08,33.996360000875,-117.4924,21.9,75.0,Mira Loma (Van Buren),21.904416625,63.803511500000006,6.894242620833334,1017.5749999999999,0.0,22.833333333333332
2016-09-09,33.996360000875,-117.4924,14.9,62.0,Mira Loma (Van Buren),22.771083125,59.905804208333336,6.0919019699999994,1015.7666666666668,0.0,28.791666666666668
2016-09-10,33.996360000875,-117.4924,21.7,74.0,Mira Loma (Van Buren),25.239833083333334,50.64275241666667,5.577810495833333,1015.625,0.0,1.3333333333333333
2016-09-11,33.996360000875,-117.4924,18.6,69.0,Mira Loma (Van Buren),25.096083125000003,52.183967375,5.6884354,1016.9833333333332,0.0,0.3333333333333333
2016-09-12,33.996360000875,-117.4924,14.9,62.0,Mira Loma (Van Buren),20.514833166666666,64.077915625,7.1642007125000005,1014.4208333333332,0.0,16.916666666666668
2016-09-13,33.996360000875,-117.4924,8.0,44.0,Mira Loma (Van Buren),17.123166666666666,70.74601133333333,10.568565983333334,1013.4875000000001,0.041666666666666664,85.79166666666667
2016-09-14,33.996360000875,-117.4924,12.2,57.0,Mira Loma (Van Buren),17.69816675,70.12493495833333,7.047342391666667,1016.4499999999999,0.0,31.458333333333332
2016-09-15,33.996360000875,-117.4924,10.9,54.0,Mira Loma (Van Buren),20.512750041666667,55.42173245833334,6.1069698458333335,1015.6041666666666,0.0,14.041666666666666
2016-09-16,33.996360000875,-117.4924,14.2,61.0,Mira Loma (Van Buren),21.583583166666667,49.94576504166667,5.778240516666667,1013.475,0.0,9.416666666666666
2016-09-17,33.996360000875,-117.4924,25.2,81.0,Mira Loma (Van Buren),23.777333041666665,45.30636558333333,5.246864870833334,1013.1750000000001,0.0,6.083333333333333
2016-09-18,33.996360000875,-117.4924,18.9,69.0,Mira Loma (Van Buren),27.10649975,31.60300570833333,5.3445328125,1012.275,0.0,4.833333333333333
2016-09-19,33.996360000875,-117.4924,25.0,81.0,Mira Loma (Van Buren),27.1606665,41.18212979166667,6.009244520833334,1013.2166666666667,0.0,27.875
2016-09-20,33.996360000875,-117.4924,12.2,57.0,Mira Loma (Van Buren),24.873166583333333,52.533167166666665,6.5748118,1014.2791666666667,0.11666666666666665,70.04166666666667
2016-09-21,33.996360000875,-117.4924,9.7,52.0,Mira Loma (Van Buren),23.604416541666666,74.73378666666666,5.018252390833333,1012.1125000000001,0.0,59.25
2016-09-22,33.996360000875,-117.4924,17.1,66.0,Mira Loma (Van Buren),21.468999874999998,75.890255,9.9206813875,1011.5958333333333,0.0,24.375
2016-09-23,33.996360000875,-117.4924,14.6,61.0,Mira Loma (Van Buren),19.58566658333333,53.29843202083333,8.014982870833334,1013.7416666666667,0.0,17.958333333333332
2016-09-24,33.996360000875,-117.4924,12.8,58.0,Mira Loma (Van Buren),22.783583291666663,35.95573875,6.1215321125,1014.9166666666666,0.0,5.625
2016-09-25,33.996360000875,-117.4924,11.6,56.0,Mira Loma (Van Buren),25.537749666666667,25.9884194875,6.484079408333333,1014.725,0.0,6.541666666666667
2016-09-26,33.996360000875,-117.4924,9.1,51.0,Mira Loma (Van Buren),27.521082958333334,19.041014625,7.442091870833333,1012.8458333333333,0.0,0.75
2016-09-27,33.996360000875,-117.4924,11.7,56.0,Mira Loma (Van Buren),28.39191620833333,23.364665791666667,7.320166441666667,1010.8458333333333,0.0,31.541666666666668
2016-09-28,33.996360000875,-117.4924,9.5,52.0,Mira Loma (Van Buren),27.752333041666663,34.701293291666666,5.988797566666666,1011.9499999999999,0.0,14.916666666666666
2016-09-29,33.996360000875,-117.4924,11.5,55.0,Mira Loma (Van Buren),27.077333125,38.46844758333334,6.459495803333334,1014.5583333333334,0.0,12.958333333333334
2016-09-30,33.996360000875,-117.4924,14.9,62.0,Mira Loma (Van Buren),26.4919165,43.39337075,5.3123183124999995,1016.0166666666668,0.0,5.958333333333333
2016-10-01,33.996360000875,-117.4924,13.0,58.0,Mira Loma (Van Buren),25.329416416666664,47.52504341666667,6.392950849999999,1014.5083333333333,0.0,0.25
2016-10-02,33.996360000875,-117.4924,0.1,1.0,Mira Loma (Van Buren),21.658583166666663,56.90663166666667,7.418580075,1013.9499999999999,0.0,17.375
2016-10-03,33.996360000875,-117.4924,11.8,56.0,Mira Loma (Van Buren),18.133583458333334,67.321704125,9.306615579166666,1014.2875,0.0,22.166666666666668
2016-10-04,33.996360000875,-117.4924,8.9,49.0,Mira Loma (Van Buren),18.381499875,61.228264833333334,8.655783595833332,1012.1333333333333,0.0,13.541666666666666
2016-10-05,33.996360000875,-117.4924,11.1,55.0,Mira Loma (Van Buren),18.06274995833333,71.09351429166666,8.109078483333333,1012.3166666666666,0.0,34.166666666666664
2016-10-06,33.996360000875,-117.4924,14.0,60.0,Mira Loma (Van Buren),19.787750083333332,52.19083635416666,5.220419125,1012.2541666666666,0.0,36.25
2016-10-07,33.996360000875,-117.4924,9.7,52.0,Mira Loma (Van Buren),22.504416583333335,23.0917977875,5.6288904625,1011.8041666666667,0.0,69.79166666666667
2016-10-08,33.996360000875,-117.4924,12.9,58.0,Mira Loma (Van Buren),24.379416541666668,19.951899541666666,6.1414308875,1011.3249999999999,0.0,50.5
2016-10-09,33.996360000875,-117.4924,12.7,58.0,Mira Loma (Van Buren),24.34608308333333,25.700182145833335,5.976930240416666,1013.1374999999999,0.0,15.583333333333334
2016-10-10,33.996360000875,-117.4924,13.7,60.0,Mira Loma (Van Buren),25.21899983333333,30.827982708333334,5.854169545833333,1014.0916666666667,0.0,42.666666666666664
2016-10-11,33.996360000875,-117.4924,14.8,62.0,Mira Loma (Van Buren),20.902333208333335,57.725679500000005,6.726001270833334,1015.9708333333333,0.0,35.583333333333336
2016-10-12,33.996360000875,-117.4924,24.2,79.0,Mira Loma (Van Buren),17.614833375,69.80635833333334,5.7515531,1017.1458333333334,0.0,32.75
2016-10-13,33.996360000875,-117.4924,28.0,86.0,Mira Loma (Van Buren),18.00441675,67.88908241666667,5.2688274999999996,1016.7708333333334,0.0,22.875
2016-10-14,33.996360000875,-117.4924,34.6,99.0,Mira Loma (Van Buren),19.373166625,62.65387808333333,5.287257854166667,1015.4625,0.0,48.666666666666664
2016-10-15,33.996360000875,-117.4924,22.5,76.0,Mira Loma (Van Buren),18.27525,68.28365804166667,6.156579408333333,1015.0916666666667,0.0,20.333333333333332
2016-10-16,33.996360000875,-117.4924,3.8,21.0,Mira Loma (Van Buren),18.614833041666667,79.039141375,8.416191704166666,1015.4083333333333,0.0,81.95833333333333
2016-10-17,33.996360000875,-117.4924,4.9,27.0,Mira Loma (Van Buren),17.125250041666668,83.53584320833333,8.516942845833332,1014.5083333333333,0.07916666666666668,74.91666666666667
2016-10-18,33.996360000875,-117.4924,13.0,58.0,Mira Loma (Van Buren),17.744000125,74.69826908333333,6.563109220833333,1013.2583333333333,0.0,36.041666666666664
2016-10-19,33.996360000875,-117.4924,7.3,41.0,Mira Loma (Van Buren),19.635666666666665,51.131262166666666,5.867287462499999,1013.2958333333332,0.0,8.541666666666666
2016-10-20,33.996360000875,-117.4924,4.6,26.0,Mira Loma (Van Buren),21.669000166666667,30.230521749999998,7.938396862499999,1013.8249999999999,0.0,0.0
2016-10-21,33.996360000875,-117.4924,14.1,60.0,Mira Loma (Van Buren),22.866916500000002,29.50364577083333,7.1300299916666665,1011.4541666666668,0.0,0.0
2016-10-22,33.996360000875,-117.4924,17.0,66.0,Mira Loma (Van Buren),23.712749833333334,24.521416125000002,6.457114854166666,1011.1291666666666,0.0,0.2916666666666667
2016-10-23,33.996360000875,-117.4924,13.2,59.0,Mira Loma (Van Buren),22.01274983333333,30.663492166666668,6.345457733333333,1013.975,0.004166666666666667,83.95833333333333
2016-10-24,33.996360000875,-117.4924,12.2,57.0,Mira Loma (Van Buren),18.466916625,76.85464291666666,4.469787352916667,1016.5375,0.2333333333333333,74.25
2016-10-25,33.996360000875,-117.4924,17.1,66.0,Mira Loma (Van Buren),17.91691675,76.29180054166666,4.427929025,1018.3958333333334,0.025000000000000005,20.875
2016-10-26,33.996360000875,-117.4924,27.5,85.0,Mira Loma (Van Buren),19.100249958333333,70.92386708333333,4.238253928333333,1016.9208333333332,0.0,49.5
2016-10-27,33.996360000875,-117.4924,39.0,110.0,Mira Loma (Van Buren),20.498166625,65.96649070833332,3.7730669533333336,1014.5583333333334,0.0,90.91666666666667
2016-10-28,33.996360000875,-117.4924,17.2,66.0,Mira Loma (Van Buren),20.275249916666667,68.99642416666667,6.002150257499999,1012.3166666666666,0.03333333333333333,68.625
2016-10-29,33.996360000875,-117.4924,15.7,63.0,Mira Loma (Van Buren),20.593999874999998,68.86922291666666,4.373414891666667,1014.4916666666667,0.0,41.791666666666664
2016-10-30,33.996360000875,-117.4924,9.4,52.0,Mira Loma (Van Buren),20.666916375,68.70082195833334,4.463322670833334,1014.9958333333334,0.020833333333333332,97.66666666666667
2016-10-31,33.996360000875,-117.4924,9.1,51.0,Mira Loma (Van Buren),15.360666916666666,88.33315649999999,6.296648354166667,1017.1291666666666,0.012500000000000002,78.58333333333333
2016-11-01,33.996360000875,-117.4924,10.0,53.0,Mira Loma (Van Buren),14.266916916666666,78.65551220833333,6.036629204166666,1016.0333333333333,0.0,53.333333333333336
2016-11-02,33.996360000875,-117.4924,4.3,24.0,Mira Loma (Van Buren),16.014833625,65.03299175,6.510018823749999,1017.0291666666667,0.0,31.375
2016-11-03,33.996360000875,-117.4924,7.2,40.0,Mira Loma (Van Buren),17.610667,46.761543458333335,7.005383841666667,1016.4250000000001,0.0,0.0
2016-11-04,33.996360000875,-117.4924,14.6,61.0,Mira Loma (Van Buren),19.706499958333335,45.22988241666667,6.236189333333333,1016.9583333333334,0.0,8.541666666666666
2016-11-05,33.996360000875,-117.4924,19.6,71.0,Mira Loma (Van Buren),20.48983325,47.15983141666666,5.9097191625,1017.0,0.0,36.958333333333336
2016-11-06,33.996360000875,-117.4924,21.4,74.0,Mira Loma (Van Buren),19.858583166666666,51.94820041666667,5.6257903250000005,1016.5333333333333,0.0,8.5
2016-11-07,33.996360000875,-117.4924,19.3,70.0,Mira Loma (Van Buren),18.998166625,53.610758000000004,3.7878755583333334,1017.7583333333333,0.0,73.75
2016-11-08,33.996360000875,-117.4924,11.8,56.0,Mira Loma (Van Buren),21.185666708333333,42.19209758333333,4.8945255375,1017.2958333333332,0.0,23.958333333333332
2016-11-09,33.996360000875,-117.4924,8.2,46.0,Mira Loma (Van Buren),22.41275,39.20739208333333,6.95645571125,1015.8583333333332,0.0,19.083333333333332
2016-11-10,33.996360000875,-117.4924,9.6,52.0,Mira Loma (Van Buren),21.902333458333334,33.4854464375,6.425927866666666,1015.1666666666666,0.0,0.0
2016-11-11,33.996360000875,-117.4924,11.8,56.0,Mira Loma (Van Buren),21.262750041666667,29.11299225,6.192969020833334,1016.9708333333333,0.0,0.0
2016-11-12,33.996360000875,-117.4924,16.1,64.0,Mira Loma (Van Buren),21.137749791666668,30.173139083333336,5.574662695833333,1017.7791666666667,0.0,65.08333333333333
2016-11-13,33.996360000875,-117.4924,12.7,58.0,Mira Loma (Van Buren),20.52733325,34.54208920833333,5.769517104166667,1017.4583333333334,0.0,47.958333333333336
2016-11-14,33.996360000875,-117.4924,20.2,72.0,Mira Loma (Van Buren),20.327333416666665,33.52746233333333,5.963811233333334,1018.2125,0.0,0.0
2016-11-15,33.996360000875,-117.4924,21.1,73.0,Mira Loma (Van Buren),20.896083291666667,26.928960875,4.690101720833334,1017.2166666666667,0.0,40.291666666666664
2016-11-16,33.996360000875,-117.4924,24.6,80.0,Mira Loma (Van Buren),17.656500041666664,58.560038625000004,5.908908870833333,1013.0625,0.0,81.04166666666667
2016-11-17,33.996360000875,-117.4924,5.0,28.0,Mira Loma (Van Buren),14.837750125,60.39028770833334,5.842323620833334,1012.5500000000001,0.0,37.958333333333336
2016-11-18,33.996360000875,-117.4924,7.0,39.0,Mira Loma (Van Buren),14.491916916666666,20.418924183333335,7.967631091666667,1016.3791666666666,0.0,0.08333333333333333
2016-11-19,33.996360000875,-117.4924,17.0,66.0,Mira Loma (Van Buren),16.12316675,21.173401295833333,4.699741475,1017.8541666666666,0.0,16.166666666666668
2016-11-20,33.996360000875,-117.4924,17.6,67.0,Mira Loma (Van Buren),16.546083416666665,35.66573283333333,4.224184658333333,1015.6791666666667,0.05833333333333333,48.875
2016-11-21,33.996360000875,-117.4924,6.0,33.0,Mira Loma (Van Buren),13.798166875,83.03614054166667,7.512084616666667,1013.6374999999999,0.4833333333333334,79.95833333333333
2016-11-22,33.996360000875,-117.4924,16.4,65.0,Mira Loma (Van Buren),14.271083708333334,77.64423216666667,5.447237425,1018.1541666666667,0.0,18.041666666666668
2016-11-23,33.996360000875,-117.4924,25.4,81.0,Mira Loma (Van Buren),14.204416791666667,67.19978645833334,4.24760038125,1019.7208333333333,0.0,51.75
2016-11-24,33.996360000875,-117.4924,17.0,66.0,Mira Loma (Van Buren),13.479416708333334,57.10627641666667,7.354801725000001,1019.4250000000001,0.0,43.625
2016-11-25,33.996360000875,-117.4924,21.2,74.0,Mira Loma (Van Buren),12.168999999999999,45.354944499999995,7.3945838833333335,1017.8958333333334,0.0,0.0
2016-11-26,33.996360000875,-117.4924,15.3,63.0,Mira Loma (Van Buren),12.89816675,39.86800758333333,7.396948441666667,1015.9125,0.04583333333333334,25.291666666666668
2016-11-27,33.996360000875,-117.4924,9.4,52.0,Mira Loma (Van Buren),9.087750383333333,95.95689245833334,10.007229633333333,1016.5833333333334,0.26666666666666666,66.125
2016-11-28,33.996360000875,-117.4924,11.7,56.0,Mira Loma (Van Buren),9.804416816666667,82.927346625,6.526538895833333,1014.5749999999999,0.0,64.41666666666667
2016-11-29,33.996360000875,-117.4924,2.0,11.0,Mira Loma (Van Buren),10.229416875,69.04837425,6.232912608333334,1013.2541666666666,0.0,31.208333333333332
2016-11-30,33.996360000875,-117.4924,8.4,47.0,Mira Loma (Van Buren),9.248166695833334,54.82498525,6.416343149999999,1017.5375,0.0,6.833333333333333
2016-12-01,33.996360000875,-117.4924,16.6,65.0,Mira Loma (Van Buren),11.31275025,53.332572625000005,4.760436804166667,1015.2083333333334,0.0,60.791666666666664
2016-12-02,33.996360000875,-117.4924,4.2,23.0,Mira Loma (Van Buren),9.948166916666667,51.196329666666664,10.582962254166667,1014.525,0.0,4.916666666666667
2016-12-03,33.996360000875,-117.4924,11.0,55.0,Mira Loma (Van Buren),8.983583370833333,33.987425125,8.25018695,1018.4625,0.0,1.0833333333333333
2016-12-04,33.996360000875,-117.4924,16.1,64.0,Mira Loma (Van Buren),11.210666787500001,40.40645558333333,5.5245606575,1017.4875000000001,0.0,0.08333333333333333
2016-12-05,33.996360000875,-117.4924,26.5,83.0,Mira Loma (Van Buren),12.85650015,47.60824125,6.229505941666666,1014.5291666666667,0.0,54.125
2016-12-06,33.996360000875,-117.4924,22.9,77.0,Mira Loma (Van Buren),11.279417208333333,81.43254666666667,7.125589945833333,1014.5875,0.0,72.66666666666667
2016-12-07,33.996360000875,-117.4924,19.5,70.0,Mira Loma (Van Buren),11.433583749999999,81.016221875,5.343268104166667,1017.0041666666666,0.0,98.45833333333333
2016-12-08,33.996360000875,-117.4924,28.9,88.0,Mira Loma (Van Buren),10.943999958333334,62.69769875,5.085586929166666,1021.75,0.0,50.458333333333336
2016-12-09,33.996360000875,-117.4924,35.2,100.0,Mira Loma (Van Buren),12.164833541666667,73.187038,4.7463724916666665,1024.0041666666666,0.004166666666666667,77.875
2016-12-10,33.996360000875,-117.4924,36.8,104.0,Mira Loma (Van Buren),13.027333666666665,79.04140825,3.8561326208333333,1021.225,0.0,78.83333333333333
2016-12-11,33.996360000875,-117.4924,26.1,83.0,Mira Loma (Van Buren),13.285667083333335,87.98997966666667,5.229155479166667,1019.3916666666668,0.004166666666666667,84.0
2016-12-12,33.996360000875,-117.4924,23.3,77.0,Mira Loma (Van Buren),12.964833583333332,89.23660745833332,4.1781765166666665,1018.3458333333333,0.0,84.5
2016-12-13,33.996360000875,-117.4924,37.2,105.0,Mira Loma (Van Buren),13.485667,84.35569708333334,3.520840849166667,1018.9083333333333,0.0,96.54166666666667
2016-12-14,33.996360000875,-117.4924,39.5,111.0,Mira Loma (Van Buren),14.075250250000002,76.17668350000001,3.89734764875,1018.3125,0.0,78.875
2016-12-15,33.996360000875,-117.4924,30.7,91.0,Mira Loma (Van Buren),15.235666958333333,65.11036170833334,4.0468364625,1016.4333333333334,0.012499999999999999,93.91666666666667
2016-12-16,33.996360000875,-117.4924,5.9,33.0,Mira Loma (Van Buren),12.791916916666667,91.27376183333332,14.604935724999999,1012.5416666666666,1.3666666666666665,95.375
2016-12-17,33.996360000875,-117.4924,17.4,66.0,Mira Loma (Van Buren),8.112750162500001,73.495792125,8.8799745,1016.2208333333333,0.0,7.458333333333333
2016-12-18,33.996360000875,-117.4924,13.3,59.0,Mira Loma (Van Buren),6.308583445,56.65255270833333,6.079316408333334,1021.0458333333332,0.0,1.2916666666666667
2016-12-19,33.996360000875,-117.4924,1.7,9.0,Mira Loma (Van Buren),6.7981666999999995,45.843857750000005,9.627408445833334,1022.875,0.0,0.0
2016-12-20,33.996360000875,-117.4924,8.0,44.0,Mira Loma (Van Buren),8.0169166875,49.884464916666666,9.371779125,1021.8833333333333,0.0,3.625
2016-12-21,33.996360000875,-117.4924,6.7,37.0,Mira Loma (Van Buren),11.171083708333335,65.39020791666667,8.531911204166667,1017.5375,0.45416666666666666,75.16666666666667
2016-12-22,33.996360000875,-117.4924,4.8,27.0,Mira Loma (Van Buren),10.425250375,88.25209491666668,9.772027958333334,1012.9,0.5375,89.45833333333333
2016-12-23,33.996360000875,-117.4924,10.4,53.0,Mira Loma (Van Buren),11.694000416666666,89.92702874999999,8.169259620833333,1016.9499999999999,0.1125,88.70833333333333
2016-12-24,33.996360000875,-117.4924,9.2,51.0,Mira Loma (Van Buren),9.566916845833333,90.97986708333333,16.676724083333333,1009.4416666666666,0.7708333333333334,62.166666666666664
2016-12-25,33.996360000875,-117.4924,34.8,99.0,Mira Loma (Van Buren),6.544000075,68.12410495833333,8.065702333333332,1014.8375,0.0,2.7083333333333335
2016-12-26,33.996360000875,-117.4924,8.6,48.0,Mira Loma (Van Buren),6.656500116666667,68.3240355,6.555452095,1020.9166666666666,0.0,66.08333333333333
2016-12-27,33.996360000875,-117.4924,13.9,60.0,Mira Loma (Van Buren),7.608583329166667,65.03489920833333,8.623426979166668,1021.6208333333334,0.0,2.5416666666666665
2016-12-28,33.996360000875,-117.4924,10.1,53.0,Mira Loma (Van Buren),9.862750083333333,65.793299375,7.389845232083334,1019.6666666666666,0.0,0.0
2016-12-29,33.996360000875,-117.4924,9.1,51.0,Mira Loma (Van Buren),11.050250045833332,66.515093125,7.056955908333333,1019.3000000000001,0.0,4.0
2016-12-30,33.996360000875,-117.4924,15.0,62.0,Mira Loma (Van Buren),12.344000291666667,72.13522350000001,6.868025954166666,1017.6041666666666,0.02916666666666667,64.25
2016-12-31,33.996360000875,-117.4924,11.7,56.0,Mira Loma (Van Buren),11.421083791666668,94.78148441666667,7.2477260249999995,1014.2583333333333,0.24583333333333335,96.875
2017-01-01,33.996360000875,-117.4924,19.5,70.0,Mira Loma (Van Buren),8.5327501375,85.326109375,7.285133891666667,1012.4541666666668,0.26666666666666666,60.125
2017-01-02,33.996360000875,-117.4924,12.4,57.0,Mira Loma (Van Buren),10.3285835625,78.877274875,3.6246529541666668,1017.0666666666666,0.008333333333333333,97.91666666666667
2017-01-03,33.996360000875,-117.4924,21.4,74.0,Mira Loma (Van Buren),10.3515001875,78.856416875,4.511573366666666,1020.8375,0.004166666666666667,97.83333333333333
2017-01-04,33.996360000875,-117.4924,20.3,72.0,Mira Loma (Van Buren),9.774416783333335,77.720087625,4.670050575,1020.5166666666668,0.0,45.958333333333336
2017-01-05,33.996360000875,-117.4924,10.7,54.0,Mira Loma (Van Buren),11.516083520833334,90.65876945833332,4.549206775,1016.9708333333333,0.41250000000000003,97.41666666666667
2017-01-06,33.996360000875,-117.4924,8.0,44.0,Mira Loma (Van Buren),12.582750104166665,85.73640291666668,6.971310129166667,1016.2291666666666,0.012500000000000002,75.625
2017-01-07,33.996360000875,-117.4924,9.9,52.0,Mira Loma (Van Buren),11.455666779166668,66.72259633333333,8.090972241666666,1020.8541666666666,0.09999999999999999,65.875
2017-01-08,33.996360000875,-117.4924,11.4,55.0,Mira Loma (Van Buren),15.099417041666667,68.86262658333334,7.380510933333333,1021.9166666666666,0.0,78.75
2017-01-09,33.996360000875,-117.4924,11.6,56.0,Mira Loma (Van Buren),13.426500395833335,84.81210920833333,6.2711659375,1020.7958333333332,0.8666666666666667,99.08333333333333
2017-01-10,33.996360000875,-117.4924,11.6,56.0,Mira Loma (Van Buren),12.5390003125,88.89224233333333,8.4554694875,1020.4041666666667,0.02916666666666667,92.91666666666667
2017-01-11,33.996360000875,-117.4924,5.5,31.0,Mira Loma (Van Buren),12.426500187499999,89.39805220833334,9.035069725,1016.9166666666666,0.35000000000000003,90.83333333333333
2017-01-12,33.996360000875,-117.4924,8.5,47.0,Mira Loma (Van Buren),10.682750375,90.40799720833333,7.153758829166667,1014.8791666666666,0.9791666666666666,77.625
2017-01-13,33.996360000875,-117.4924,5.3,29.0,Mira Loma (Van Buren),10.132750395833334,85.87560616666667,6.864868954166667,1015.5458333333332,0.20833333333333334,87.0
2017-01-14,33.996360000875,-117.4924,5.7,32.0,Mira Loma (Van Buren),11.318166925,70.48859654166667,5.909307054166667,1016.625,0.0,18.458333333333332
2017-01-15,33.996360000875,-117.4924,15.8,63.0,Mira Loma (Van Buren),10.8223335375,77.59772433333333,6.216147220833334,1016.4541666666668,0.0,34.0
2017-01-16,33.996360000875,-117.4924,11.2,55.0,Mira Loma (Van Buren),11.2410836875,80.34727554166666,4.675683583333334,1017.9375,0.0,36.041666666666664
2017-01-17,33.996360000875,-117.4924,11.5,55.0,Mira Loma (Van Buren),9.601500025,69.20034941666667,6.8054161375,1018.7541666666666,0.0,0.125
2017-01-18,33.996360000875,-117.4924,19.5,70.0,Mira Loma (Van Buren),9.4223334125,77.608644875,6.097804512500001,1020.9375,0.0,33.583333333333336
2017-01-19,33.996360000875,-117.4924,11.3,55.0,Mira Loma (Van Buren),10.872333708333334,84.06572079166666,9.33945645,1016.3958333333334,0.9625,87.25
2017-01-20,33.996360000875,-117.4924,3.7,21.0,Mira Loma (Van Buren),10.093166875,90.11969095833332,8.071284745833333,1008.3416666666667,0.9625,80.29166666666667
2017-01-21,33.996360000875,-117.4924,5.6,31.0,Mira Loma (Van Buren),9.376500233333333,81.221382875,15.393916970833333,1005.6291666666666,0.10416666666666669,30.416666666666668
2017-01-22,33.996360000875,-117.4924,6.0,33.0,Mira Loma (Van Buren),9.843166895833333,86.23707462499999,7.071398708333334,1018.5083333333333,0.7666666666666666,88.5
2017-01-23,33.996360000875,-117.4924,4.9,27.0,Mira Loma (Van Buren),9.274416916666667,93.18527854166666,11.578603308333333,1012.6458333333334,1.9000000000000001,95.75
2017-01-24,33.996360000875,-117.4924,9.4,52.0,Mira Loma (Van Buren),6.7390000458333335,84.60256329166667,6.53946105,1014.2166666666667,0.04583333333333334,48.291666666666664
2017-01-25,33.996360000875,-117.4924,15.9,64.0,Mira Loma (Van Buren),7.297333429166667,77.412852,5.324166975,1022.725,0.004166666666666667,29.625
2017-01-26,33.996360000875,-117.4924,11.3,55.0,Mira Loma (Van Buren),7.5848334374999995,71.947820875,7.2892298166666665,1026.45,0.0,0.20833333333333334
2017-01-27,33.996360000875,-117.4924,1.5,8.0,Mira Loma (Van Buren),9.891083570833333,43.621619583333334,14.7518406375,1029.0625,0.0,0.0
2017-01-28,33.996360000875,-117.4924,1.3,7.0,Mira Loma (Van Buren),13.103583541666666,33.304747125,18.189406899999998,1030.5375000000001,0.0,0.0
2017-01-29,33.996360000875,-117.4924,1.2,7.0,Mira Loma (Van Buren),14.224416979166667,41.572792541666665,10.581928604166666,1026.7416666666666,0.0,0.0
2017-01-30,33.996360000875,-117.4924,8.5,47.0,Mira Loma (Van Buren),14.726500416666667,46.718817916666666,10.395419433333332,1021.5291666666667,0.0,8.791666666666666
2017-01-31,33.996360000875,-117.4924,13.4,59.0,Mira Loma (Van Buren),13.632750175,63.3322465,5.800576804166667,1019.8708333333334,0.0,52.5
2017-02-01,33.996360000875,-117.4924,13.4,59.0,Mira Loma (Van Buren),13.632750175,63.3322465,5.800576804166667,1019.8708333333334,0.0,52.5
2017-02-02,33.996360000875,-117.4924,20.8,73.0,Mira Loma (Van Buren),10.770250166666665,72.656876875,5.820580533333334,1019.5791666666668,0.0,90.95833333333333
2017-02-03,33.996360000875,-117.4924,26.7,84.0,Mira Loma (Van Buren),12.657750270833333,79.28315575,4.792541166666667,1018.9166666666666,0.09166666666666667,97.5
2017-02-04,33.996360000875,-117.4924,26.7,84.0,Mira Loma (Van Buren),12.5890003125,87.65885716666666,3.181850097916667,1019.3791666666666,0.15833333333333333,89.66666666666667
2017-02-05,33.996360000875,-117.4924,20.8,73.0,Mira Loma (Van Buren),11.743167166666666,87.12817770833334,6.0545834375,1017.4625,0.0,66.79166666666667
2017-02-06,33.996360000875,-117.4924,8.7,48.0,Mira Loma (Van Buren),11.3035836875,90.24570595833335,5.208582394583334,1017.5208333333334,0.19999999999999998,96.33333333333333
2017-02-07,33.996360000875,-117.4924,6.3,35.0,Mira Loma (Van Buren),13.153583562500001,93.367434375,5.455740304166667,1019.1,0.33749999999999997,98.58333333333333
2017-02-08,33.996360000875,-117.4924,10.7,54.0,Mira Loma (Van Buren),15.776500125,86.04211866666667,4.952501116666666,1021.1291666666666,0.029166666666666664,97.70833333333333
2017-02-09,33.996360000875,-117.4924,20.4,72.0,Mira Loma (Van Buren),16.482750020833333,83.40355133333334,5.707093475000001,1017.6374999999999,0.0,84.20833333333333
2017-02-10,33.996360000875,-117.4924,21.6,74.0,Mira Loma (Van Buren),15.011916979166665,88.28670845833334,8.21100015,1016.0500000000001,0.0,92.25
2017-02-11,33.996360000875,-117.4924,5.5,31.0,Mira Loma (Van Buren),14.507750187500001,85.91870079166667,7.311472944999999,1017.2333333333332,0.3875,88.75
2017-02-12,33.996360000875,-117.4924,4.1,23.0,Mira Loma (Van Buren),12.886916958333332,77.68758945833333,9.2199969,1018.1291666666666,0.0,40.666666666666664
2017-02-13,33.996360000875,-117.4924,7.9,44.0,Mira Loma (Van Buren),14.668167020833332,57.7523755,5.611433237499999,1016.5625,0.0,16.625
2017-02-14,33.996360000875,-117.4924,17.9,67.0,Mira Loma (Van Buren),14.089000270833333,74.76998116666667,6.606149416666667,1017.3249999999999,0.0,43.25
2017-02-15,33.996360000875,-117.4924,15.4,63.0,Mira Loma (Van Buren),14.561916791666667,70.18884483333333,6.774847033333334,1018.3166666666666,0.0,11.25
2017-02-16,33.996360000875,-117.4924,16.7,65.0,Mira Loma (Van Buren),14.395250354166668,67.69551125,7.379700175,1016.6875,0.0,66.29166666666667
2017-02-17,33.996360000875,-117.4924,10.2,53.0,Mira Loma (Van Buren),13.299416979166667,86.48554233333334,7.809290091666667,1009.6791666666667,0.3125,94.58333333333333
2017-02-18,33.996360000875,-117.4924,3.9,22.0,Mira Loma (Van Buren),11.249416895833333,86.91395245833333,6.80122805,999.8708333333334,1.8291666666666666,86.5
2017-02-19,33.996360000875,-117.4924,4.2,23.0,Mira Loma (Van Buren),11.932750291666666,86.5485495,5.011628829166667,1009.0958333333333,0.020833333333333332,79.25
2017-02-20,33.996360000875,-117.4924,7.6,42.0,Mira Loma (Van Buren),12.091083583333335,80.61286004166666,6.928375775,1022.0875,0.04583333333333334,98.625
2017-02-21,33.996360000875,-117.4924,12.5,57.0,Mira Loma (Van Buren),14.0702503125,83.22034733333334,5.599037895833334,1025.5625,0.0,70.625
2017-02-22,33.996360000875,-117.4924,6.8,38.0,Mira Loma (Van Buren),13.645250249999998,78.47070883333333,8.719209554166666,1020.9625,0.0,80.0
2017-02-23,33.996360000875,-117.4924,9.1,51.0,Mira Loma (Van Buren),9.766083433333334,66.68407829166667,7.174023600000001,1017.0083333333333,0.0,14.5
2017-02-24,33.996360000875,-117.4924,12.4,57.0,Mira Loma (Van Buren),8.189000083333333,66.331309125,7.2466077375,1019.6625,0.0,20.958333333333332
2017-02-25,33.996360000875,-117.4924,16.7,65.0,Mira Loma (Van Buren),8.893166829166667,72.85658645833333,6.992550366666666,1020.2333333333332,0.0,21.375
2017-02-26,33.996360000875,-117.4924,7.0,39.0,Mira Loma (Van Buren),9.951500083333334,79.97647983333333,8.267794391666667,1015.9666666666667,0.08333333333333333,86.16666666666667
2017-02-27,33.996360000875,-117.4924,9.5,52.0,Mira Loma (Van Buren),10.251500291666668,77.55973170833333,6.872007170833332,1013.5,0.20833333333333334,89.5
2017-02-28,33.996360000875,-117.4924,12.6,58.0,Mira Loma (Van Buren),10.524416883333332,86.21949570833334,6.34700235,1014.1416666666668,0.26666666666666666,64.79166666666667
2017-03-01,33.996360000875,-117.4924,4.2,23.0,Mira Loma (Van Buren),11.507750037500001,62.649346666666666,10.00007092,1023.3458333333333,0.0,4.25
2017-03-02,33.996360000875,-117.4924,2.8,16.0,Mira Loma (Van Buren),14.2619168625,45.91090404166667,11.074193458333333,1022.5,0.0,7.208333333333333
2017-03-03,33.996360000875,-117.4924,9.8,52.0,Mira Loma (Van Buren),15.299416875,48.041700416666664,8.303169804166666,1017.3708333333334,0.0,25.875
2017-03-04,33.996360000875,-117.4924,12.1,57.0,Mira Loma (Van Buren),13.926500395833335,60.18863954166667,7.3642206875000005,1015.5291666666667,0.0,65.54166666666667
2017-03-05,33.996360000875,-117.4924,10.5,54.0,Mira Loma (Van Buren),11.736916875,78.582267875,9.582043890416667,1015.4416666666666,0.07083333333333333,96.29166666666667
2017-03-06,33.996360000875,-117.4924,8.1,45.0,Mira Loma (Van Buren),9.143166837499999,70.30410845833333,7.720398979166667,1019.8708333333334,0.012499999999999999,6.208333333333333
2017-03-07,33.996360000875,-117.4924,11.0,55.0,Mira Loma (Van Buren),12.078583429166665,61.54705125,7.006392429166667,1021.6291666666666,0.0,21.333333333333332
2017-03-08,33.996360000875,-117.4924,13.5,59.0,Mira Loma (Van Buren),16.25983360416667,56.53405958333334,8.22396335,1018.8666666666667,0.0,44.5
2017-03-09,33.996360000875,-117.4924,17.1,66.0,Mira Loma (Van Buren),18.5702501875,57.69373099999999,6.531187833333333,1017.2666666666668,0.0,16.041666666666668
2017-03-10,33.996360000875,-117.4924,25.8,82.0,Mira Loma (Van Buren),18.8098336875,58.736233,7.824680154166667,1017.4,0.0,36.083333333333336
2017-03-11,33.996360000875,-117.4924,32.3,94.0,Mira Loma (Van Buren),18.95983366666667,55.556260375,6.9415803291666665,1015.2958333333332,0.0,35.041666666666664
2017-03-12,33.996360000875,-117.4924,25.0,81.0,Mira Loma (Van Buren),19.709833729166668,58.088666458333336,6.823672994583333,1014.9708333333333,0.0,4.166666666666667
2017-03-13,33.996360000875,-117.4924,18.2,68.0,Mira Loma (Van Buren),21.05775010416667,53.64573127083333,8.639963379166666,1015.3708333333334,0.0,0.0
2017-03-14,33.996360000875,-117.4924,14.0,60.0,Mira Loma (Van Buren),20.878583666666668,54.47852458333333,8.661679965833335,1016.3583333333332,0.0,6.791666666666667
2017-03-15,33.996360000875,-117.4924,12.7,58.0,Mira Loma (Van Buren),21.220250229166666,49.043500791666666,8.369871516666667,1017.4833333333332,0.0,72.79166666666667
2017-03-16,33.996360000875,-117.4924,12.6,58.0,Mira Loma (Van Buren),19.92858352083333,53.979455541666674,7.549089215416667,1017.9666666666667,0.0,9.541666666666666
2017-03-17,33.996360000875,-117.4924,24.3,79.0,Mira Loma (Van Buren),20.149416916666667,55.92440220833333,7.233777554166667,1016.3625000000001,0.0,81.625
2017-03-18,33.996360000875,-117.4924,25.1,81.0,Mira Loma (Van Buren),18.593166874999998,67.88049316666667,7.828287825,1017.0083333333333,0.0,91.79166666666667
2017-03-19,33.996360000875,-117.4924,17.0,66.0,Mira Loma (Van Buren),19.353583562500003,58.285508416666666,9.621507120833334,1016.8916666666668,0.0,51.291666666666664
2017-03-20,33.996360000875,-117.4924,12.1,57.0,Mira Loma (Van Buren),16.014000229166665,75.01241683333333,9.309571508333333,1018.2333333333332,0.0,79.08333333333333
2017-03-21,33.996360000875,-117.4924,9.3,51.0,Mira Loma (Van Buren),15.3598335625,68.22069891666666,9.535303445833334,1018.7291666666666,0.06666666666666667,76.66666666666667
2017-03-22,33.996360000875,-117.4924,5.0,28.0,Mira Loma (Van Buren),15.328583666666667,80.74215366666667,9.200040291666667,1016.5375,0.25833333333333336,85.125
2017-03-23,33.996360000875,-117.4924,6.0,33.0,Mira Loma (Van Buren),13.434833687500001,75.15411008333334,8.6063701125,1016.8333333333334,0.06666666666666667,44.5
2017-03-24,33.996360000875,-117.4924,8.7,48.0,Mira Loma (Van Buren),13.376500258333335,65.457751125,7.499821370833334,1022.7875,0.0,1.3333333333333333
2017-03-25,33.996360000875,-117.4924,10.2,53.0,Mira Loma (Van Buren),14.524416895833333,69.76033670833333,8.846765179166667,1019.9083333333333,0.0,55.833333333333336
2017-03-26,33.996360000875,-117.4924,8.3,46.0,Mira Loma (Van Buren),15.268166875,75.95924258333334,7.658825,1016.7833333333333,0.0,53.875
2017-03-27,33.996360000875,-117.4924,8.0,44.0,Mira Loma (Van Buren),15.422333625,71.17045416666666,9.1141994125,1015.75,0.0,33.0
2017-03-28,33.996360000875,-117.4924,5.6,31.0,Mira Loma (Van Buren),16.0785835625,49.91042100000001,10.235787270833333,1015.0291666666667,0.0,2.4166666666666665
2017-03-29,33.996360000875,-117.4924,11.6,56.0,Mira Loma (Van Buren),18.7119168125,35.7742626875,7.802050808333333,1015.8416666666667,0.0,6.458333333333333
2017-03-30,33.996360000875,-117.4924,13.8,60.0,Mira Loma (Van Buren),19.2223334375,36.56634704166667,9.243001216666666,1013.6458333333334,0.0,7.416666666666667
2017-03-31,33.996360000875,-117.4924,10.3,53.0,Mira Loma (Van Buren),14.9702503125,38.2894608125,12.916687508333332,1008.1416666666668,0.0,1.1666666666666667
2017-04-01,33.996360000875,-117.4924,16.2,64.0,Mira Loma (Van Buren),15.955666958333333,36.55033458333333,9.890250291666666,1012.9541666666668,0.0,0.0
2017-04-02,33.996360000875,-117.4924,12.1,57.0,Mira Loma (Van Buren),18.209833729166665,44.51781945833333,8.900396904166668,1014.9625,0.0,1.375
2017-04-03,33.996360000875,-117.4924,11.9,56.0,Mira Loma (Van Buren),15.749416895833333,69.58173566666666,9.4633918,1013.1291666666666,0.0,49.916666666666664
2017-04-04,33.996360000875,-117.4924,11.0,55.0,Mira Loma (Van Buren),16.305666979166666,66.57345833333333,6.81958596125,1014.1999999999999,0.0,33.041666666666664
2017-04-05,33.996360000875,-117.4924,11.5,55.0,Mira Loma (Van Buren),20.3744169375,42.15224441666667,9.016767908333334,1015.9583333333334,0.0,47.833333333333336
2017-04-06,33.996360000875,-117.4924,12.2,57.0,Mira Loma (Van Buren),20.357750166666666,41.73404491666667,9.104769716666667,1014.8916666666668,0.0,38.291666666666664
2017-04-07,33.996360000875,-117.4924,13.0,58.0,Mira Loma (Van Buren),17.649416979166666,62.320399916666666,8.886986283333334,1016.0375,0.0,93.58333333333333
2017-04-08,33.996360000875,-117.4924,6.0,33.0,Mira Loma (Van Buren),15.978583520833332,56.50626508333334,11.512718229166666,1015.7958333333332,0.09999999999999999,77.625
2017-04-09,33.996360000875,-117.4924,10.5,54.0,Mira Loma (Van Buren),14.174416875,53.85402320833333,7.993469241666666,1016.2624999999999,0.0,35.458333333333336
2017-04-10,33.996360000875,-117.4924,12.4,57.0,Mira Loma (Van Buren),16.864000208333334,40.850923625,8.7945902,1016.5,0.0,14.458333333333334
2017-04-11,33.996360000875,-117.4924,12.8,58.0,Mira Loma (Van Buren),17.5577503125,40.957352875000005,8.47153415,1015.0041666666666,0.0,51.833333333333336
2017-04-12,33.996360000875,-117.4924,11.5,55.0,Mira Loma (Van Buren),17.097333625,52.000130250000005,8.778909691666668,1016.2083333333334,0.0,0.5
2017-04-13,33.996360000875,-117.4924,6.8,38.0,Mira Loma (Van Buren),17.578583625,62.659003041666665,11.944983808333333,1016.2291666666666,0.008333333333333333,61.25
2017-04-14,33.996360000875,-117.4924,8.7,48.0,Mira Loma (Van Buren),15.068167020833334,63.33510679166667,9.9107646625,1015.0583333333334,0.004166666666666667,18.583333333333332
2017-04-15,33.996360000875,-117.4924,10.7,54.0,Mira Loma (Van Buren),16.668166958333334,50.93671495833333,9.5997462125,1013.8791666666666,0.0,0.9583333333333334
2017-04-16,33.996360000875,-117.4924,11.7,56.0,Mira Loma (Van Buren),18.17858358333333,43.3480575,9.197592766666666,1014.5916666666667,0.0,47.0
2017-04-17,33.996360000875,-117.4924,10.9,54.0,Mira Loma (Van Buren),17.91400014583333,51.39054654166667,9.657254379166668,1017.375,0.0,73.54166666666667
2017-04-18,33.996360000875,-117.4924,8.4,47.0,Mira Loma (Van Buren),19.751500083333333,67.80683120833334,10.976561015416666,1017.4499999999999,0.0,61.916666666666664
2017-04-19,33.996360000875,-117.4924,8.6,48.0,Mira Loma (Van Buren),19.359833666666667,66.82595254166667,11.065038495833333,1018.6583333333333,0.0,46.166666666666664
2017-04-20,33.996360000875,-117.4924,13.5,59.0,Mira Loma (Van Buren),18.58275025,62.047937375000004,8.697657504166667,1017.4791666666666,0.0,8.25
2017-04-21,33.996360000875,-117.4924,14.4,61.0,Mira Loma (Van Buren),22.059833333333334,37.77412635416667,9.252946608333334,1013.3625000000001,0.0,16.166666666666668
2017-04-22,33.996360000875,-117.4924,19.8,71.0,Mira Loma (Van Buren),24.53691675,25.99164358333333,8.885787929166666,1010.6166666666667,0.0,16.958333333333332
2017-04-23,33.996360000875,-117.4924,13.7,60.0,Mira Loma (Van Buren),22.380666791666666,41.349863541666664,10.480895291666668,1009.9625,0.0,38.416666666666664
2017-04-24,33.996360000875,-117.4924,12.6,58.0,Mira Loma (Van Buren),17.864000125,67.53129966666667,10.057735,1011.2916666666666,0.0,60.125
2017-04-25,33.996360000875,-117.4924,10.7,54.0,Mira Loma (Van Buren),16.993167,63.96860729166667,11.757506758333333,1010.9916666666667,0.0,96.04166666666667
2017-04-26,33.996360000875,-117.4924,10.5,54.0,Mira Loma (Van Buren),19.301500229166667,47.077165875,8.72026962,1011.1999999999999,0.0,61.583333333333336
2017-04-27,33.996360000875,-117.4924,10.8,54.0,Mira Loma (Van Buren),19.101500166666668,62.182168749999995,10.498600191666666,1008.8833333333333,0.0,81.5
2017-04-28,33.996360000875,-117.4924,10.4,53.0,Mira Loma (Van Buren),20.416083750000002,45.07351054166667,8.290055908333333,1006.6833333333334,0.0,22.541666666666668
2017-04-29,33.996360000875,-117.4924,8.4,47.0,Mira Loma (Van Buren),22.205666833333336,13.6131739125,22.975887404166667,1012.2333333333332,0.0,7.458333333333333
2017-04-30,33.996360000875,-117.4924,9.8,52.0,Mira Loma (Van Buren),22.157750208333336,15.674641033333332,10.87140161125,1016.5833333333334,0.0,0.0
2017-05-01,33.996360000875,-117.4924,18.2,68.0,Mira Loma (Van Buren),22.645249916666668,22.510976916666667,9.79674616125,1013.7958333333332,0.0,0.0
2017-05-02,33.996360000875,-117.4924,15.3,63.0,Mira Loma (Van Buren),22.632749979166665,39.30369791666667,9.15772877,1011.4208333333332,0.0,0.0
2017-05-03,33.996360000875,-117.4924,16.0,64.0,Mira Loma (Van Buren),21.8640000625,56.38048095833333,10.622570620833335,1012.4333333333334,0.0,33.166666666666664
2017-05-04,33.996360000875,-117.4924,17.9,67.0,Mira Loma (Van Buren),22.476500229166664,60.49608908333334,10.705728370833334,1013.1374999999999,0.0,19.25
2017-05-05,33.996360000875,-117.4924,18.4,68.0,Mira Loma (Van Buren),19.343166749999998,67.58007279166667,12.038704991666668,1011.4541666666668,0.0,53.208333333333336
2017-05-06,33.996360000875,-117.4924,5.6,31.0,Mira Loma (Van Buren),16.43900025,71.435221375,10.559596820833333,1009.0375,0.05000000000000001,76.875
2017-05-07,33.996360000875,-117.4924,4.9,27.0,Mira Loma (Van Buren),12.193166916666668,61.41127216666666,11.821045604166668,1009.7916666666666,0.1125,59.666666666666664
2017-05-08,33.996360000875,-117.4924,11.5,55.0,Mira Loma (Van Buren),13.699416895833332,63.38492454166666,8.95877255,1011.9416666666666,0.04583333333333334,20.625
2017-05-09,33.996360000875,-117.4924,12.8,58.0,Mira Loma (Van Buren),16.039000375,67.18122091666667,9.3774398625,1010.5916666666667,0.0,37.458333333333336
2017-05-10,33.996360000875,-117.4924,9.5,52.0,Mira Loma (Van Buren),15.839000395833333,72.46513858333334,9.378648270833333,1016.3041666666667,0.0,89.20833333333333
2017-05-11,33.996360000875,-117.4924,13.5,59.0,Mira Loma (Van Buren),18.278583708333333,66.53637141666667,8.436371683333332,1018.8625000000001,0.0,69.79166666666667
2017-05-12,33.996360000875,-117.4924,18.2,68.0,Mira Loma (Van Buren),17.7056670625,71.77418545833333,9.847013704166667,1015.9791666666666,0.0,33.25
2017-05-13,33.996360000875,-117.4924,9.5,52.0,Mira Loma (Van Buren),17.593166875,68.15025583333333,11.873305791666667,1011.4416666666666,0.0,22.75
2017-05-14,33.996360000875,-117.4924,10.8,54.0,Mira Loma (Van Buren),17.1827503125,48.456732125,8.4432815,1010.3416666666667,0.0,1.7916666666666667
2017-05-15,33.996360000875,-117.4924,7.9,44.0,Mira Loma (Van Buren),14.624417041666668,63.326337583333334,11.836374041666666,1011.9041666666667,0.22083333333333333,51.833333333333336
2017-05-16,33.996360000875,-117.4924,9.8,52.0,Mira Loma (Van Buren),14.9848335,62.446414250000004,10.012232845833333,1014.6833333333334,0.0,50.291666666666664
2017-05-17,33.996360000875,-117.4924,9.9,52.0,Mira Loma (Van Buren),15.380666895833334,67.80380104166666,9.339942290833333,1014.3833333333333,0.0,70.375
2017-05-18,33.996360000875,-117.4924,14.7,61.0,Mira Loma (Van Buren),16.328583604166667,68.71391995833334,9.548158929166666,1011.5833333333334,0.0,18.791666666666668
2017-05-19,33.996360000875,-117.4924,10.5,54.0,Mira Loma (Van Buren),21.676500229166667,40.207268729166664,11.080114770833333,1011.85,0.0,0.0
2017-05-20,33.996360000875,-117.4924,10.0,53.0,Mira Loma (Van Buren),23.984833291666664,29.172388166666668,8.835478358333333,1011.7083333333334,0.0,0.0
2017-05-21,33.996360000875,-117.4924,12.8,58.0,Mira Loma (Van Buren),26.384833166666667,21.516729958333332,10.3052188,1010.5041666666666,0.0,3.375
2017-05-22,33.996360000875,-117.4924,17.9,67.0,Mira Loma (Van Buren),23.903583541666666,48.52194558333333,10.075494641666667,1012.5791666666668,0.0,0.2916666666666667
2017-05-23,33.996360000875,-117.4924,14.7,61.0,Mira Loma (Van Buren),23.466083625,54.14302295833334,10.791342229166666,1012.4166666666666,0.0,35.75
2017-05-24,33.996360000875,-117.4924,12.0,56.0,Mira Loma (Van Buren),21.284833520833335,59.685219249999996,11.374887575,1010.7666666666668,0.0,20.166666666666668
2017-05-25,33.996360000875,-117.4924,6.6,37.0,Mira Loma (Van Buren),17.932750458333334,62.72301420833333,11.907964429166666,1009.8916666666668,0.0,28.125
2017-05-26,33.996360000875,-117.4924,6.4,36.0,Mira Loma (Van Buren),18.086917083333333,54.07208345833333,11.8289579375,1012.9499999999999,0.0,54.375
2017-05-27,33.996360000875,-117.4924,10.2,53.0,Mira Loma (Van Buren),18.224416833333333,61.439038125,9.698004858333332,1015.8666666666667,0.0,10.25
2017-05-28,33.996360000875,-117.4924,13.9,60.0,Mira Loma (Van Buren),18.624416895833335,61.661689708333334,11.202120487499998,1015.7041666666668,0.0,0.5833333333333334
2017-05-29,33.996360000875,-117.4924,13.5,59.0,Mira Loma (Van Buren),19.436916749999998,65.43928620833333,11.203523795833334,1012.6958333333333,0.0,57.666666666666664
2017-05-30,33.996360000875,-117.4924,18.0,68.0,Mira Loma (Van Buren),18.9702501875,68.54028254166667,11.279799479166668,1011.7166666666667,0.008333333333333333,56.166666666666664
2017-05-31,33.996360000875,-117.4924,21.4,74.0,Mira Loma (Van Buren),18.159833520833335,71.34852666666667,11.477966775,1011.0083333333333,0.008333333333333333,75.66666666666667
2017-06-01,33.996360000875,-117.4924,14.0,60.0,Mira Loma (Van Buren),18.670250354166665,69.68670841666666,11.055735879166667,1010.5958333333333,0.0,46.125
2017-06-02,33.996360000875,-117.4924,25.1,81.0,Mira Loma (Van Buren),20.703583520833334,67.653446375,9.972423329166666,1010.5333333333333,0.0,27.0
2017-06-03,33.996360000875,-117.4924,22.3,76.0,Mira Loma (Van Buren),22.0973335625,65.42154379166666,11.8028353375,1010.2208333333333,0.0,44.416666666666664
2017-06-04,33.996360000875,-117.4924,17.3,66.0,Mira Loma (Van Buren),21.289000291666667,67.61409725,11.473039970833334,1010.8041666666667,0.0,19.666666666666668
2017-06-05,33.996360000875,-117.4924,23.2,77.0,Mira Loma (Van Buren),21.080666937500002,68.92586583333333,10.805396716666666,1010.1291666666666,0.0,23.541666666666668
2017-06-06,33.996360000875,-117.4924,21.7,74.0,Mira Loma (Van Buren),19.759833604166666,70.85955304166667,11.945174387499998,1011.6083333333332,0.004166666666666667,39.0
2017-06-07,33.996360000875,-117.4924,20.1,71.0,Mira Loma (Van Buren),19.420250083333332,71.52907291666666,11.401783295833333,1012.7916666666666,0.0,57.75
2017-06-08,33.996360000875,-117.4924,18.2,68.0,Mira Loma (Van Buren),19.372333541666666,68.11816629166667,11.9488309375,1014.2416666666667,0.0,60.75
2017-06-09,33.996360000875,-117.4924,14.1,60.0,Mira Loma (Van Buren),19.52233352083333,68.91835641666667,10.0107032,1012.9958333333334,0.0,35.708333333333336
2017-06-10,33.996360000875,-117.4924,4.9,27.0,Mira Loma (Van Buren),20.030666791666665,67.71549958333334,11.256861424999999,1011.2875,0.02916666666666667,67.16666666666667
2017-06-11,33.996360000875,-117.4924,5.8,32.0,Mira Loma (Van Buren),17.5931669375,65.89010520833334,10.9166308875,1011.3166666666666,0.0,52.041666666666664
2017-06-12,33.996360000875,-117.4924,7.0,39.0,Mira Loma (Van Buren),17.947333583333332,59.803727625,10.7153341125,1014.6458333333334,0.012500000000000002,37.291666666666664
2017-06-13,33.996360000875,-117.4924,12.2,57.0,Mira Loma (Van Buren),20.055666916666667,48.105023708333334,9.618276208333333,1013.3666666666667,0.0,0.0
2017-06-14,33.996360000875,-117.4924,13.5,59.0,Mira Loma (Van Buren),22.805666666666667,50.17985841666667,9.664736370833333,1010.5458333333332,0.0,0.0
2017-06-15,33.996360000875,-117.4924,19.5,70.0,Mira Loma (Van Buren),24.241083458333332,48.10893029166667,9.070305795833333,1011.15,0.0,0.0
2017-06-16,33.996360000875,-117.4924,15.0,62.0,Mira Loma (Van Buren),25.838999875,43.411274291666665,9.476104595833334,1010.9541666666668,0.0,0.041666666666666664
2017-06-17,33.996360000875,-117.4924,18.1,68.0,Mira Loma (Van Buren),25.647333291666666,50.341518541666666,9.717606870833334,1010.3708333333334,0.0,1.0416666666666667
2017-06-18,33.996360000875,-117.4924,12.4,57.0,Mira Loma (Van Buren),25.157750000000004,52.501588875,10.1490837125,1008.9,0.0,0.7916666666666666
2017-06-19,33.996360000875,-117.4924,17.7,67.0,Mira Loma (Van Buren),25.601499833333335,52.105259249999996,10.620928283333333,1008.2708333333334,0.0,0.0
2017-06-20,33.996360000875,-117.4924,18.6,69.0,Mira Loma (Van Buren),26.876499666666664,52.793966375,9.5310279875,1009.1458333333334,0.0,0.0
2017-06-21,33.996360000875,-117.4924,16.2,64.0,Mira Loma (Van Buren),27.959832958333333,49.843820916666665,9.2943654,1007.0,0.0,0.0
2017-06-22,33.996360000875,-117.4924,20.7,73.0,Mira Loma (Van Buren),24.695249875000002,59.76652116666667,12.236353933333334,1006.6583333333333,0.0,14.208333333333334
2017-06-23,33.996360000875,-117.4924,16.6,65.0,Mira Loma (Van Buren),22.366083500000002,67.58097229166667,11.087136808333334,1010.5666666666666,0.0,27.166666666666668
2017-06-24,33.996360000875,-117.4924,12.5,57.0,Mira Loma (Van Buren),23.639000041666666,63.219238458333336,11.031492762500001,1011.3125,0.0,27.708333333333332
2017-06-25,33.996360000875,-117.4924,17.5,67.0,Mira Loma (Van Buren),26.253583541666668,57.296144875,9.532252487500001,1010.4125,0.0,0.3333333333333333
2017-06-26,33.996360000875,-117.4924,15.6,63.0,Mira Loma (Van Buren),29.445249708333336,39.18533479166667,10.652007358333334,1011.475,0.0,0.0
2017-06-27,33.996360000875,-117.4924,9.5,52.0,Mira Loma (Van Buren),28.143166625000003,30.139931583333333,10.063817925,1011.0416666666666,0.0,0.0
2017-06-28,33.996360000875,-117.4924,11.5,55.0,Mira Loma (Van Buren),23.75774991666667,52.98306645833333,10.794723408333333,1010.3874999999999,0.0,4.083333333333333
2017-06-29,33.996360000875,-117.4924,23.1,77.0,Mira Loma (Van Buren),20.982750354166665,64.40093475,11.360861916666666,1011.8625000000001,0.0,9.333333333333334
2017-06-30,33.996360000875,-117.4924,14.0,60.0,Mira Loma (Van Buren),20.957750333333333,67.29758745833333,10.745412737499999,1012.125,0.0,30.166666666666668
2017-07-01,33.996360000875,-117.4924,20.9,73.0,Mira Loma (Van Buren),21.866083625,67.209831875,11.467013025,1010.1541666666667,0.0,26.458333333333332
2017-07-02,33.996360000875,-117.4924,10.8,54.0,Mira Loma (Van Buren),21.2473335625,68.05287008333333,11.378464216666666,1012.875,0.0,15.875
2017-07-03,33.996360000875,-117.4924,17.4,66.0,Mira Loma (Van Buren),22.882750312499997,60.31687466666667,10.508589158333333,1015.3541666666666,0.0,12.833333333333334
2017-07-04,33.996360000875,-117.4924,20.7,73.0,Mira Loma (Van Buren),25.77441675,48.9995945,9.857047787499999,1013.9083333333333,0.0,0.0
2017-07-05,33.996360000875,-117.4924,63.9,157.0,Mira Loma (Van Buren),25.926499958333334,49.19069558333334,10.3913579875,1012.9833333333332,0.0,6.958333333333333
2017-07-06,33.996360000875,-117.4924,14.4,61.0,Mira Loma (Van Buren),26.557749875,49.378476375,10.743110508333332,1013.9250000000001,0.0,2.8333333333333335
2017-07-07,33.996360000875,-117.4924,17.8,67.0,Mira Loma (Van Buren),29.107749791666667,43.569481875,10.535034558333333,1011.525,0.0,33.833333333333336
2017-07-08,33.996360000875,-117.4924,17.2,66.0,Mira Loma (Van Buren),30.951499833333333,38.86459125,11.079914170833334,1009.0541666666667,0.0,56.166666666666664
2017-07-09,33.996360000875,-117.4924,15.7,63.0,Mira Loma (Van Buren),29.143166375000003,51.29429879166667,12.236341125000001,1010.8625000000001,0.0,64.54166666666667
2017-07-10,33.996360000875,-117.4924,14.1,60.0,Mira Loma (Van Buren),29.09733291666667,46.182002041666664,10.716706449999998,1011.5916666666667,0.0,21.166666666666668
2017-07-11,33.996360000875,-117.4924,11.6,56.0,Mira Loma (Van Buren),26.92233333333333,53.930804,11.024047932083334,1011.9,0.0,0.041666666666666664
2017-07-12,33.996360000875,-117.4924,9.2,51.0,Mira Loma (Van Buren),26.280666625,56.530238958333335,10.537418324999999,1012.7833333333333,0.0,0.2916666666666667
2017-07-13,33.996360000875,-117.4924,13.0,58.0,Mira Loma (Van Buren),25.818166291666667,55.895788125,10.1768104375,1014.0375,0.0,21.833333333333332
2017-07-14,33.996360000875,-117.4924,12.1,57.0,Mira Loma (Van Buren),25.866083125,55.91344225,10.584795703333333,1014.5041666666666,0.0,3.5416666666666665
2017-07-15,33.996360000875,-117.4924,19.5,70.0,Mira Loma (Van Buren),26.366083083333333,51.25854545833334,10.084879979166667,1013.1208333333334,0.0,4.291666666666667
2017-07-16,33.996360000875,-117.4924,15.6,63.0,Mira Loma (Van Buren),25.720249874999997,60.164471666666664,11.203196766666666,1011.3625000000001,0.0,12.875
2017-07-17,33.996360000875,-117.4924,16.8,65.0,Mira Loma (Van Buren),25.470249874999997,64.422803125,12.236217370833332,1010.3083333333334,0.0,17.916666666666668
2017-07-18,33.996360000875,-117.4924,12.1,57.0,Mira Loma (Van Buren),25.251500000000004,61.68644079166666,11.298618854166667,1011.9541666666668,0.0,56.916666666666664
2017-07-19,33.996360000875,-117.4924,18.2,68.0,Mira Loma (Van Buren),25.439000083333337,58.04532941666667,11.14418545,1013.5375,0.0,66.58333333333333
2017-07-20,33.996360000875,-117.4924,13.0,58.0,Mira Loma (Van Buren),25.822333125,61.743399583333336,10.9866247,1014.1374999999999,0.0,48.666666666666664
2017-07-21,33.996360000875,-117.4924,14.0,60.0,Mira Loma (Van Buren),24.4410835,64.63974116666667,10.6320189375,1013.2416666666667,0.0,14.666666666666666
2017-07-22,33.996360000875,-117.4924,15.7,63.0,Mira Loma (Van Buren),25.078583166666665,59.42233366666667,11.078495679166666,1011.5583333333334,0.0,11.916666666666666
2017-07-23,33.996360000875,-117.4924,17.4,66.0,Mira Loma (Van Buren),25.072333125,62.49355395833334,11.339930666666667,1010.5875,0.0,3.3333333333333335
2017-07-24,33.996360000875,-117.4924,13.2,59.0,Mira Loma (Van Buren),24.01400025,64.213162625,11.1328851075,1011.4375,0.04583333333333334,27.958333333333332
2017-07-25,33.996360000875,-117.4924,8.7,48.0,Mira Loma (Van Buren),23.757750125,69.9538945,9.951362875,1013.1,0.07083333333333333,57.041666666666664
2017-07-26,33.996360000875,-117.4924,13.0,58.0,Mira Loma (Van Buren),24.493166625,65.81049025,11.568850120833334,1014.6166666666667,0.0,15.416666666666666
2017-07-27,33.996360000875,-117.4924,14.0,60.0,Mira Loma (Van Buren),25.134833375,62.086490375000004,11.821601633333332,1013.2375000000001,0.0,32.833333333333336
2017-07-28,33.996360000875,-117.4924,9.5,52.0,Mira Loma (Van Buren),24.882750208333334,63.63423425,12.006424270833334,1011.875,0.0,16.625
2017-07-29,33.996360000875,-117.4924,12.6,58.0,Mira Loma (Van Buren),23.716083208333334,66.17193641666667,12.2057261875,1013.5875,0.0,14.75
2017-07-30,33.996360000875,-117.4924,10.7,54.0,Mira Loma (Van Buren),23.764,67.01995495833333,11.694996504166667,1015.9041666666667,0.0,14.75
2017-07-31,33.996360000875,-117.4924,13.6,59.0,Mira Loma (Van Buren),24.636916666666668,63.613999666666665,10.6403130625,1014.25,0.0,8.833333333333334
2017-08-01,33.996360000875,-117.4924,16.3,64.0,Mira Loma (Van Buren),27.345250000000004,54.74194695833333,11.0601958875,1010.4125,0.0,38.166666666666664
2017-08-02,33.996360000875,-117.4924,18.7,69.0,Mira Loma (Van Buren),28.95774975,56.95584054166667,9.362117433333333,1011.1791666666667,0.0,58.916666666666664
2017-08-03,33.996360000875,-117.4924,19.3,70.0,Mira Loma (Van Buren),28.76608320833333,61.11259533333333,8.9715009875,1013.0708333333333,0.07083333333333333,84.91666666666667
2017-08-04,33.996360000875,-117.4924,10.3,53.0,Mira Loma (Van Buren),27.674416458333337,56.56262408333333,11.267331016666667,1013.3791666666666,0.004166666666666667,18.208333333333332
2017-08-05,33.996360000875,-117.4924,9.2,51.0,Mira Loma (Van Buren),25.334833500000002,63.331743208333336,10.863149219583335,1012.4458333333333,0.0,8.0
2017-08-06,33.996360000875,-117.4924,9.1,51.0,Mira Loma (Van Buren),24.220250250000003,66.15392899999999,11.183470779166667,1011.7583333333333,0.0,7.041666666666667
2017-08-07,33.996360000875,-117.4924,12.2,57.0,Mira Loma (Van Buren),24.42441654166667,65.874392875,10.323775166666666,1011.9666666666667,0.0,7.0
2017-08-08,33.996360000875,-117.4924,12.5,57.0,Mira Loma (Van Buren),25.580666375000003,61.3572475,9.531077395833334,1011.7375000000001,0.0,4.875
2017-08-09,33.996360000875,-117.4924,14.8,62.0,Mira Loma (Van Buren),25.17441633333333,59.020365875,9.847132770833333,1011.3958333333334,0.0,7.083333333333333
2017-08-10,33.996360000875,-117.4924,16.1,64.0,Mira Loma (Van Buren),25.555666375,60.60650879166667,9.701721583333333,1011.5916666666667,0.0,2.4166666666666665
2017-08-11,33.996360000875,-117.4924,15.6,63.0,Mira Loma (Van Buren),25.61191654166667,60.99366604166667,11.400647716666667,1010.9125,0.0,2.125
2017-08-12,33.996360000875,-117.4924,20.8,73.0,Mira Loma (Van Buren),25.482749916666666,57.87766729166666,11.231148404166667,1010.4125,0.0,2.2083333333333335
2017-08-13,33.996360000875,-117.4924,16.0,64.0,Mira Loma (Van Buren),23.40566670833333,64.61074079166667,10.426617729166667,1011.9833333333332,0.0,4.125
2017-08-14,33.996360000875,-117.4924,18.0,68.0,Mira Loma (Van Buren),23.045250166666666,66.26775383333333,10.509063270833334,1011.4416666666666,0.0,9.208333333333334
2017-08-15,33.996360000875,-117.4924,6.2,34.0,Mira Loma (Van Buren),21.48483358333333,65.25173283333334,10.879001116666666,1011.3625000000001,0.0,31.375
2017-08-16,33.996360000875,-117.4924,11.7,56.0,Mira Loma (Van Buren),21.332750125,63.86065075,8.546179929166668,1013.3375,0.0,13.333333333333334
2017-08-17,33.996360000875,-117.4924,11.8,56.0,Mira Loma (Van Buren),22.368166916666667,64.445991875,9.850436304166665,1014.3708333333334,0.0,0.6666666666666666
2017-08-18,33.996360000875,-117.4924,17.5,67.0,Mira Loma (Van Buren),23.261917,57.89601,10.735870416666666,1014.5791666666668,0.0,0.08333333333333333
2017-08-19,33.996360000875,-117.4924,12.9,58.0,Mira Loma (Van Buren),23.07650025,63.76768570833334,10.8180560375,1013.5625,0.0,10.708333333333334
2017-08-20,33.996360000875,-117.4924,10.2,53.0,Mira Loma (Van Buren),22.372333541666666,66.30414829166666,10.629681845833334,1012.5458333333332,0.0,22.916666666666668
2017-08-21,33.996360000875,-117.4924,15.0,62.0,Mira Loma (Van Buren),22.105666833333334,65.75531129166667,11.631335070833332,1013.7208333333333,0.0,9.541666666666666
2017-08-22,33.996360000875,-117.4924,11.2,55.0,Mira Loma (Van Buren),23.301500083333334,64.03753145833333,11.466776062500001,1014.5833333333334,0.0,4.708333333333333
2017-08-23,33.996360000875,-117.4924,19.0,69.0,Mira Loma (Van Buren),22.807750166666665,68.078458875,11.796354052916667,1013.8541666666666,0.0,14.125
2017-08-24,33.996360000875,-117.4924,16.0,64.0,Mira Loma (Van Buren),21.572333541666666,69.43638845833333,11.505643675,1011.4958333333334,0.0,30.166666666666668
2017-08-25,33.996360000875,-117.4924,25.1,81.0,Mira Loma (Van Buren),21.939000125000003,70.24525579166666,11.906954858333334,1008.6541666666667,0.0,14.125
2017-08-26,33.996360000875,-117.4924,25.1,81.0,Mira Loma (Van Buren),23.64316666666667,69.15543179166667,9.435164966666667,1011.0666666666666,0.0,14.666666666666666
2017-08-27,33.996360000875,-117.4924,13.3,59.0,Mira Loma (Van Buren),25.54524975,64.62930633333333,10.527655436249999,1012.4708333333333,0.0,5.291666666666667
2017-08-28,33.996360000875,-117.4924,17.7,67.0,Mira Loma (Van Buren),27.259833166666667,54.51251208333333,8.947221691666668,1009.4833333333332,0.0,18.083333333333332
2017-08-29,33.996360000875,-117.4924,19.7,71.0,Mira Loma (Van Buren),31.201499416666667,42.561417541666664,8.916504416666667,1007.8583333333332,0.0,25.666666666666668
2017-08-30,33.996360000875,-117.4924,20.5,72.0,Mira Loma (Van Buren),31.268166500000003,41.355659333333335,7.988852104166667,1006.6833333333334,0.0,16.916666666666668
2017-08-31,33.996360000875,-117.4924,12.0,56.0,Mira Loma (Van Buren),33.59733283333333,29.359458416666666,8.819460954166667,1005.7708333333334,0.020833333333333332,33.5
2017-09-01,33.996360000875,-117.4924,13.2,59.0,Mira Loma (Van Buren),33.024416124999995,34.002355916666666,10.514413316666667,1007.1374999999999,0.0,40.166666666666664
2017-09-02,33.996360000875,-117.4924,20.9,73.0,Mira Loma (Van Buren),32.470249833333334,33.35608975,10.331603083333333,1007.2083333333334,0.0,17.625
2017-09-03,33.996360000875,-117.4924,12.1,57.0,Mira Loma (Van Buren),31.04941641666667,45.2854815,8.882088308333334,1011.4291666666667,0.008333333333333333,27.291666666666668
2017-09-04,33.996360000875,-117.4924,9.7,52.0,Mira Loma (Van Buren),25.559833625,70.20429083333333,13.678430725,1013.0583333333334,0.004166666666666667,55.708333333333336
2017-09-05,33.996360000875,-117.4924,15.5,63.0,Mira Loma (Van Buren),24.639000083333332,71.10500945833333,10.679197387499999,1013.3583333333332,0.0,4.75
2017-09-06,33.996360000875,-117.4924,13.3,59.0,Mira Loma (Van Buren),25.961916541666668,66.19282183333333,10.208255429166666,1013.2291666666666,0.0,11.541666666666666
2017-09-07,33.996360000875,-117.4924,20.0,71.0,Mira Loma (Van Buren),24.857750041666666,60.59974870833333,8.978102199166667,1012.0625,0.0,7.0
2017-09-08,33.996360000875,-117.4924,17.7,67.0,Mira Loma (Van Buren),24.766083416666664,61.09664083333333,9.424287279166666,1010.5208333333334,0.0,12.458333333333334
2017-09-09,33.996360000875,-117.4924,17.4,66.0,Mira Loma (Van Buren),23.336916583333334,63.857008541666666,8.699317891666666,1012.8874999999999,0.0,21.875
2017-09-10,33.996360000875,-117.4924,13.1,58.0,Mira Loma (Van Buren),26.05149975,49.04302533333333,8.54157885,1012.525,0.0,21.666666666666668
2017-09-11,33.996360000875,-117.4924,15.9,64.0,Mira Loma (Van Buren),27.341083083333334,50.77877266666667,9.350525104166666,1011.0625,0.004166666666666667,24.333333333333332
2017-09-12,33.996360000875,-117.4924,12.4,57.0,Mira Loma (Van Buren),25.799416583333336,58.17138025,10.301846787499999,1012.0875,0.0,10.125
2017-09-13,33.996360000875,-117.4924,9.9,52.0,Mira Loma (Van Buren),22.96400008333333,68.35200508333334,11.820950558333335,1011.4166666666666,0.0,20.041666666666668
2017-09-14,33.996360000875,-117.4924,6.1,34.0,Mira Loma (Van Buren),20.839000208333335,64.18086758333332,10.707037075,1011.7791666666667,0.004166666666666667,32.041666666666664
2017-09-15,33.996360000875,-117.4924,11.0,55.0,Mira Loma (Van Buren),21.245250125000002,61.156799375,9.5302380125,1011.9875000000001,0.0,60.583333333333336
2017-09-16,33.996360000875,-117.4924,9.2,51.0,Mira Loma (Van Buren),21.293166708333334,67.12330066666667,8.9314129875,1011.8458333333333,0.0,33.083333333333336
2017-09-17,33.996360000875,-117.4924,10.2,53.0,Mira Loma (Van Buren),21.526500208333335,65.926263125,9.224422402916668,1012.5875,0.0,60.791666666666664
2017-09-18,33.996360000875,-117.4924,14.9,62.0,Mira Loma (Van Buren),20.891083625,72.23405425,9.234811158333333,1012.875,0.0,27.125
2017-09-19,33.996360000875,-117.4924,15.3,63.0,Mira Loma (Van Buren),21.197333541666666,69.91242620833333,8.5511243,1012.4208333333332,0.004166666666666667,49.791666666666664
2017-09-20,33.996360000875,-117.4924,13.0,58.0,Mira Loma (Van Buren),20.814000041666667,69.59551491666666,8.215895870833334,1011.3416666666667,0.0,56.541666666666664
2017-09-21,33.996360000875,-117.4924,7.1,39.0,Mira Loma (Van Buren),20.349416833333333,69.30333808333333,11.774208616666668,1010.3166666666666,0.08750000000000001,66.08333333333333
2017-09-22,33.996360000875,-117.4924,7.4,41.0,Mira Loma (Van Buren),17.645250145833334,62.244254958333336,7.279207700000001,1010.3249999999999,0.0,29.625
2017-09-23,33.996360000875,-117.4924,11.9,56.0,Mira Loma (Van Buren),18.08066691666667,59.86965454166667,8.5131282625,1009.6416666666668,0.0,7.708333333333333
2017-09-24,33.996360000875,-117.4924,8.5,47.0,Mira Loma (Van Buren),19.9348335625,48.2445233125,7.661508020833334,1010.7208333333333,0.0,0.625
2017-09-25,33.996360000875,-117.4924,6.6,37.0,Mira Loma (Van Buren),22.045250208333332,27.88530475,9.2623459625,1010.3083333333334,0.0,28.0
2017-09-26,33.996360000875,-117.4924,13.3,59.0,Mira Loma (Van Buren),23.080666625000003,23.31921783333333,8.360229425,1008.5291666666667,0.0,14.916666666666666
2017-09-27,33.996360000875,-117.4924,16.7,65.0,Mira Loma (Van Buren),22.814000125000003,35.95678072916667,8.134380475,1009.7208333333333,0.0,0.0
2017-09-28,33.996360000875,-117.4924,15.2,62.0,Mira Loma (Van Buren),23.88274991666667,37.17892741666667,6.515393669583333,1011.6,0.0,0.0
2017-09-29,33.996360000875,-117.4924,16.1,64.0,Mira Loma (Van Buren),25.20774975,29.221710958333333,9.387027462499999,1011.2291666666666,0.0,27.416666666666668
2017-09-30,33.996360000875,-117.4924,15.9,64.0,Mira Loma (Van Buren),23.580667000000002,42.133960625,8.353828308333332,1010.7416666666667,0.0,6.958333333333333
2017-10-01,33.996360000875,-117.4924,12.3,57.0,Mira Loma (Van Buren),20.141083625,74.6310305,7.8229248875,1009.6750000000001,0.0,19.0
2017-10-02,33.996360000875,-117.4924,11.8,56.0,Mira Loma (Van Buren),19.49108358333333,67.26906591666666,7.602983999999999,1007.5666666666666,0.0,18.625
2017-10-03,33.996360000875,-117.4924,13.7,60.0,Mira Loma (Van Buren),19.505666791666666,67.10054283333334,8.435879279166667,1009.4250000000001,0.024999999999999998,55.666666666666664
2017-10-04,33.996360000875,-117.4924,14.4,61.0,Mira Loma (Van Buren),18.884833458333333,69.12808266666667,7.9916871291666665,1013.6041666666666,0.0,22.458333333333332
2017-10-05,33.996360000875,-117.4924,16.0,64.0,Mira Loma (Van Buren),20.768166833333336,48.648004375,7.540901945833333,1012.3125,0.0,0.0
2017-10-06,33.996360000875,-117.4924,16.3,64.0,Mira Loma (Van Buren),23.207749854166668,34.952078820833336,10.963593595833332,1011.8249999999999,0.0,0.0
2017-10-07,33.996360000875,-117.4924,19.6,71.0,Mira Loma (Van Buren),25.430666291666668,11.719347579166666,8.4465176,1009.8000000000001,0.0,1.75
2017-10-08,33.996360000875,-117.4924,18.7,69.0,Mira Loma (Van Buren),23.0327501875,27.57585183333333,7.689720350000001,1006.4583333333334,0.0,0.0
2017-10-09,33.996360000875,-117.4924,13.4,59.0,Mira Loma (Van Buren),20.447333541666666,50.10355017916667,19.509358183333333,1009.7083333333334,0.0,6.833333333333333
2017-10-10,33.996360000875,-117.4924,10.7,54.0,Mira Loma (Van Buren),22.15775029166667,9.979460454166666,9.000683233333334,1013.1,0.0,21.0
2017-10-11,33.996360000875,-117.4924,18.8,69.0,Mira Loma (Van Buren),20.651500291666668,41.74313108333333,8.432266870833333,1011.4125,0.0,36.125
2017-10-12,33.996360000875,-117.4924,23.4,78.0,Mira Loma (Van Buren),18.8452501875,69.68479066666667,7.887521816666666,1012.4166666666666,0.0,14.458333333333334
2017-10-13,33.996360000875,-117.4924,28.0,86.0,Mira Loma (Van Buren),18.94316675,70.861382,7.879424387499999,1013.6083333333332,0.0,0.375
2017-10-14,33.996360000875,-117.4924,16.5,65.0,Mira Loma (Van Buren),20.980666916666667,60.47504925416666,10.488066416666667,1014.1666666666666,0.0,12.75
2017-10-15,33.996360000875,-117.4924,7.8,43.0,Mira Loma (Van Buren),25.539000041666668,8.262218991666666,12.462790374999999,1016.4208333333332,0.0,0.0
2017-10-16,33.996360000875,-117.4924,15.9,64.0,Mira Loma (Van Buren),25.411916583333333,10.554157408333333,6.704737733333334,1017.2875,0.0,32.375
2017-10-17,33.996360000875,-117.4924,18.2,68.0,Mira Loma (Van Buren),25.668166541666665,14.858440479166667,8.731020962499999,1015.0708333333333,0.0,27.625
2017-10-18,33.996360000875,-117.4924,21.7,74.0,Mira Loma (Van Buren),25.397333375000002,30.303008833333333,7.072049927916666,1012.725,0.0,16.666666666666668
2017-10-19,33.996360000875,-117.4924,27.9,86.0,Mira Loma (Van Buren),21.22650025,67.89771641666667,7.45363635,1011.9833333333332,0.0,31.0
2017-10-20,33.996360000875,-117.4924,9.4,52.0,Mira Loma (Van Buren),18.897333541666665,73.74378829166666,8.647115183333334,1012.3166666666666,0.04583333333333334,50.291666666666664
2017-10-21,33.996360000875,-117.4924,12.4,57.0,Mira Loma (Van Buren),18.5223335,60.123172000000004,7.116017841666667,1014.9625,0.0,26.375
2017-10-22,33.996360000875,-117.4924,5.8,32.0,Mira Loma (Van Buren),23.272333250000003,21.328265833333333,9.175437829166667,1018.4708333333333,0.0,0.0
2017-10-23,33.996360000875,-117.4924,3.8,21.0,Mira Loma (Van Buren),27.79316645833333,14.932676375,12.896989820833333,1017.6458333333334,0.0,0.0
2017-10-24,33.996360000875,-117.4924,5.5,31.0,Mira Loma (Van Buren),31.991083,13.350794479166666,25.127832291666667,1016.1666666666666,0.0,0.0
2017-10-25,33.996360000875,-117.4924,7.2,40.0,Mira Loma (Van Buren),29.388999666666667,12.511324320833333,13.684788433333333,1013.3416666666667,0.0,0.0
2017-10-26,33.996360000875,-117.4924,14.7,61.0,Mira Loma (Van Buren),25.476500083333335,18.4982976125,8.1153887625,1010.6333333333333,0.0,0.0
2017-10-27,33.996360000875,-117.4924,26.9,84.0,Mira Loma (Van Buren),23.161916979166666,26.791728541666668,8.152769858333334,1012.3791666666666,0.0,0.0
2017-10-28,33.996360000875,-117.4924,30.0,90.0,Mira Loma (Van Buren),22.02025025,47.17735858333333,8.1575656875,1011.0458333333332,0.0,0.0
2017-10-29,33.996360000875,-117.4924,26.2,83.0,Mira Loma (Van Buren),19.4681669375,69.684927875,8.155307712499999,1010.7458333333334,0.0,0.8333333333333334
2017-10-30,33.996360000875,-117.4924,10.2,53.0,Mira Loma (Van Buren),17.591083479166667,75.93708954166667,7.5054943158333325,1011.1999999999999,0.0,62.416666666666664
2017-10-31,33.996360000875,-117.4924,6.1,34.0,Mira Loma (Van Buren),17.70566679166667,68.17397558333333,6.368114525,1011.9291666666667,0.004166666666666667,83.75
2017-11-01,33.996360000875,-117.4924,6.9,38.0,Mira Loma (Van Buren),17.86608358333333,70.14119558333333,6.95647302375,1013.0708333333333,0.004166666666666667,67.04166666666667
2017-11-02,33.996360000875,-117.4924,5.6,31.0,Mira Loma (Van Buren),17.0140003125,71.75393270833332,8.781099229166667,1015.6,0.13749999999999998,82.20833333333333
2017-11-03,33.996360000875,-117.4924,7.0,39.0,Mira Loma (Van Buren),16.45983352083333,65.00812033333334,7.351654616666667,1018.7541666666666,0.004166666666666667,60.416666666666664
2017-11-04,33.996360000875,-117.4924,10.4,53.0,Mira Loma (Van Buren),16.457750270833333,63.75079008333333,8.198069633333334,1016.0791666666668,0.0,36.625
2017-11-05,33.996360000875,-117.4924,4.8,27.0,Mira Loma (Van Buren),17.15566677083333,69.28442391666667,7.1744383166666665,1017.3458333333333,0.049999999999999996,58.041666666666664
2017-11-06,33.996360000875,-117.4924,6.1,34.0,Mira Loma (Van Buren),16.153583583333333,73.45116424999999,4.802687833333334,1018.0124999999999,0.004166666666666667,48.125
2017-11-07,33.996360000875,-117.4924,7.0,39.0,Mira Loma (Van Buren),18.078583645833334,63.641353875,6.322746245833334,1018.1791666666667,0.0,83.0
2017-11-08,33.996360000875,-117.4924,7.2,40.0,Mira Loma (Van Buren),18.416083645833336,65.08411129166667,6.199782841666667,1017.3041666666667,0.0,14.916666666666666
2017-11-09,33.996360000875,-117.4924,7.3,41.0,Mira Loma (Van Buren),17.889000104166666,74.02888845833333,6.160639929166667,1016.7624999999999,0.008333333333333333,62.75
2017-11-10,33.996360000875,-117.4924,15.2,62.0,Mira Loma (Van Buren),16.153583520833333,75.06293674999999,5.314239495833333,1015.8666666666667,0.0,38.333333333333336
2017-11-11,33.996360000875,-117.4924,25.6,82.0,Mira Loma (Van Buren),15.3973335625,73.192356875,5.6481553875,1015.5666666666666,0.0,56.375
2017-11-12,33.996360000875,-117.4924,41.7,116.0,Mira Loma (Van Buren),15.57650025,69.634236625,5.9897594625,1016.5749999999999,0.0,77.75
2017-11-13,33.996360000875,-117.4924,45.8,126.0,Mira Loma (Van Buren),16.4181669375,61.936604499999994,4.8964506125,1018.5958333333333,0.0,96.25
2017-11-14,33.996360000875,-117.4924,36.5,103.0,Mira Loma (Van Buren),17.907750333333333,46.687788708333336,5.1336303333333335,1017.8958333333334,0.0,56.708333333333336
2017-11-15,33.996360000875,-117.4924,34.6,99.0,Mira Loma (Van Buren),18.51400025,48.43734529166667,6.120272175,1014.8708333333334,0.0,81.16666666666667
2017-11-16,33.996360000875,-117.4924,32.5,95.0,Mira Loma (Van Buren),19.411916770833333,42.641491916666666,6.1253504125000005,1014.1416666666668,0.0,79.75
2017-11-17,33.996360000875,-117.4924,11.9,56.0,Mira Loma (Van Buren),18.9973335,56.071395708333334,6.414874454166667,1015.85,0.07916666666666668,81.125
2017-11-18,33.996360000875,-117.4924,9.6,52.0,Mira Loma (Van Buren),18.530666916666664,65.45119570833333,8.484002954166668,1018.8874999999999,0.0,32.083333333333336
2017-11-19,33.996360000875,-117.4924,17.1,66.0,Mira Loma (Van Buren),16.628583666666668,18.8760414375,7.977513903333334,1017.5916666666667,0.0,40.375
2017-11-20,33.996360000875,-117.4924,22.1,75.0,Mira Loma (Van Buren),16.264000166666666,22.662645833333332,5.724678770833333,1015.9041666666667,0.0,52.666666666666664
2017-11-21,33.996360000875,-117.4924,14.8,62.0,Mira Loma (Van Buren),20.076500020833333,24.386453958333334,5.862103866666668,1016.6666666666666,0.0,45.625
2017-11-22,33.996360000875,-117.4924,9.6,52.0,Mira Loma (Van Buren),23.772333375000002,21.918703708333336,9.338941829166666,1016.8874999999999,0.0,15.25
2017-11-23,33.996360000875,-117.4924,14.9,62.0,Mira Loma (Van Buren),23.74941683333333,24.967262208333334,7.9400084375,1016.0458333333332,0.0,14.458333333333334
2017-11-24,33.996360000875,-117.4924,20.0,71.0,Mira Loma (Van Buren),22.649416708333334,30.34647083333333,6.7647201374999995,1012.6125000000001,0.0,40.125
2017-11-25,33.996360000875,-117.4924,21.3,74.0,Mira Loma (Van Buren),21.6285835625,36.49201683333333,7.168542662499999,1013.8791666666666,0.0,21.583333333333332
2017-11-26,33.996360000875,-117.4924,44.7,124.0,Mira Loma (Van Buren),18.697333625000002,57.983716125,6.692019362500001,1016.9541666666668,0.0,30.708333333333332
2017-11-27,33.996360000875,-117.4924,20.4,72.0,Mira Loma (Van Buren),15.597333666666666,76.245608875,9.483652625,1015.5375,0.05416666666666667,72.41666666666667
2017-11-28,33.996360000875,-117.4924,10.8,54.0,Mira Loma (Van Buren),14.186916937500001,53.01632804166667,7.082654304166667,1014.8041666666667,0.0,28.0
2017-11-29,33.996360000875,-117.4924,16.0,64.0,Mira Loma (Van Buren),16.8160836875,38.07870341666666,5.949137516666667,1015.5124999999999,0.0,92.66666666666667
2017-11-30,33.996360000875,-117.4924,23.0,77.0,Mira Loma (Van Buren),15.6660834375,50.70686895833333,6.3883526999999996,1017.0541666666667,0.0,70.375
2017-12-01,33.996360000875,-117.4924,28.2,87.0,Mira Loma (Van Buren),16.145250333333333,58.37157808333333,7.564357516666667,1015.4916666666667,0.0,4.583333333333333
2017-12-02,33.996360000875,-117.4924,34.9,99.0,Mira Loma (Van Buren),17.4452501875,52.509942,5.961847966666667,1014.7708333333334,0.0,31.833333333333332
2017-12-03,33.996360000875,-117.4924,26.6,84.0,Mira Loma (Van Buren),15.94525025,66.02105412499999,6.591389983333333,1015.6333333333333,0.0,75.58333333333333
2017-12-04,33.996360000875,-117.4924,19.3,70.0,Mira Loma (Van Buren),14.382750166666668,53.5416801625,15.033763774999999,1014.6708333333332,0.0,16.916666666666668
2017-12-05,33.996360000875,-117.4924,9.7,52.0,Mira Loma (Van Buren),14.386916791666666,11.567376325,39.60143958333333,1017.6833333333334,0.0,0.5
2017-12-06,33.996360000875,-117.4924,6.9,38.0,Mira Loma (Van Buren),16.4973335625,9.9759417,21.4838266875,1020.8791666666666,0.0,0.0
2017-12-07,33.996360000875,-117.4924,4.8,27.0,Mira Loma (Van Buren),19.261916979166667,9.599550729166667,26.414936458333333,1023.8958333333334,0.0,0.0
2017-12-08,33.996360000875,-117.4924,6.0,33.0,Mira Loma (Van Buren),16.859833458333334,11.738068841666667,8.9284619125,1026.95,0.0,0.6666666666666666
2017-12-09,33.996360000875,-117.4924,3.2,18.0,Mira Loma (Van Buren),18.472333666666668,11.655368950000002,10.7200407625,1023.3333333333334,0.0,90.83333333333333
2017-12-10,33.996360000875,-117.4924,2.0,11.0,Mira Loma (Van Buren),20.282750104166666,9.501038854166667,15.163570354166666,1021.5208333333334,0.0,93.0
2017-12-11,33.996360000875,-117.4924,7.5,42.0,Mira Loma (Van Buren),20.224416875,9.1108144625,11.157286304166666,1021.5,0.0,86.625
2017-12-12,33.996360000875,-117.4924,7.1,39.0,Mira Loma (Van Buren),18.264000229166665,8.798921683333333,9.1479994625,1021.6708333333332,0.0,19.166666666666668
2017-12-13,33.996360000875,-117.4924,17.2,66.0,Mira Loma (Van Buren),17.91608379166667,10.434544454166668,8.411943229166667,1016.4041666666667,0.0,0.625
2017-12-14,33.996360000875,-117.4924,14.3,61.0,Mira Loma (Van Buren),17.084833529166666,18.624439166666665,11.191718341666666,1014.9625,0.0,16.791666666666668
2017-12-15,33.996360000875,-117.4924,11.4,55.0,Mira Loma (Van Buren),18.466083666666666,11.800072945833334,9.867298245833334,1018.7041666666668,0.0,6.458333333333333
2017-12-16,33.996360000875,-117.4924,24.4,80.0,Mira Loma (Van Buren),15.849416958333334,23.698307333333332,6.881680719583334,1010.1458333333334,0.0,60.041666666666664
2017-12-17,33.996360000875,-117.4924,10.8,54.0,Mira Loma (Van Buren),14.824416874999999,38.57448083333333,23.842149012500002,1010.2416666666667,0.0,4.416666666666667
2017-12-18,33.996360000875,-117.4924,13.7,60.0,Mira Loma (Van Buren),14.384833520833332,19.227604875,11.942891641666668,1018.5916666666667,0.0,7.541666666666667
2017-12-19,33.996360000875,-117.4924,23.5,78.0,Mira Loma (Van Buren),12.932750204166666,29.056700833333334,5.34458055,1021.6333333333333,0.0,12.166666666666666
2017-12-20,33.996360000875,-117.4924,19.5,70.0,Mira Loma (Van Buren),11.0827501125,65.270079125,7.520633858333333,1020.6125000000001,0.0,18.541666666666668
2017-12-21,33.996360000875,-117.4924,4.6,26.0,Mira Loma (Van Buren),11.064000395833332,41.52411933333333,16.40166717916667,1018.35,0.004166666666666667,20.875
2017-12-22,33.996360000875,-117.4924,11.9,56.0,Mira Loma (Van Buren),8.334833416666667,28.56557804166667,5.797251666666667,1023.8708333333334,0.0,17.25
2017-12-23,33.996360000875,-117.4924,26.0,82.0,Mira Loma (Van Buren),11.274416858333334,31.725376625,6.120228445833333,1022.8958333333334,0.0,89.5
2017-12-24,33.996360000875,-117.4924,39.8,112.0,Mira Loma (Van Buren),13.4452501125,29.91218883333333,5.737877354166667,1020.25,0.0,66.625
2017-12-25,33.996360000875,-117.4924,62.2,156.0,Mira Loma (Van Buren),12.6244168,40.808719583333335,5.502609904166667,1019.2041666666668,0.0,87.58333333333333
2017-12-26,33.996360000875,-117.4924,49.7,136.0,Mira Loma (Van Buren),12.6015003,42.64103029166667,6.118091308333334,1018.85,0.0,69.83333333333333
2017-12-27,33.996360000875,-117.4924,43.8,121.0,Mira Loma (Van Buren),15.255666750000001,35.786570250000004,5.7852878,1019.9375,0.0,28.291666666666668
2017-12-28,33.996360000875,-117.4924,28.5,87.0,Mira Loma (Van Buren),16.351500175,37.89221025,7.069011175,1019.4583333333334,0.0,1.7916666666666667
2017-12-29,33.996360000875,-117.4924,24.3,79.0,Mira Loma (Van Buren),17.118166916666667,28.90929966666667,7.959107870833333,1018.8249999999999,0.0,0.8333333333333334
2017-12-30,33.996360000875,-117.4924,31.8,93.0,Mira Loma (Van Buren),16.41816689166667,33.216655020833336,6.217960658333333,1018.3291666666668,0.0,19.458333333333332
2017-12-31,33.996360000875,-117.4924,48.9,134.0,Mira Loma (Van Buren),14.184833583333335,53.901031458333335,5.998328920833333,1018.0333333333333,0.0,79.70833333333333
2018-01-01,33.996360000875,-117.4924,89.1,175.0,Mira Loma (Van Buren),13.755666966666666,54.034173708333334,6.276379333333334,1019.8791666666666,0.0,64.0
2018-01-02,33.996360000875,-117.4924,48.0,132.0,Mira Loma (Van Buren),14.911916937500001,52.729205,6.9151569791666665,1020.2166666666667,0.0,92.54166666666667
2018-01-03,33.996360000875,-117.4924,21.3,74.0,Mira Loma (Van Buren),18.318166916666666,25.227611375,9.972261579166666,1017.7375000000001,0.0,86.58333333333333
2018-01-04,33.996360000875,-117.4924,29.1,88.0,Mira Loma (Van Buren),16.1327501875,38.77711108333333,5.339696845833333,1018.8958333333334,0.0,49.25
2018-01-05,33.996360000875,-117.4924,25.2,81.0,Mira Loma (Van Buren),17.332750395833333,60.20267820833333,5.323490370833333,1020.9,0.0,55.833333333333336
2018-01-06,33.996360000875,-117.4924,26.8,84.0,Mira Loma (Van Buren),16.901500270833335,77.77442416666666,6.936247808333333,1020.4166666666666,0.0,96.25
2018-01-07,33.996360000875,-117.4924,23.9,79.0,Mira Loma (Van Buren),16.684833520833333,72.38478929166666,6.3766413250000005,1018.4458333333333,0.0,61.333333333333336
2018-01-08,33.996360000875,-117.4924,16.7,65.0,Mira Loma (Van Buren),17.09525025,59.7193165,6.948396716666667,1014.8291666666668,0.041666666666666664,95.625
2018-01-09,33.996360000875,-117.4924,5.0,28.0,Mira Loma (Van Buren),13.564000374999999,90.21483912500001,10.160357154166666,1009.0916666666667,1.4375,86.29166666666667
2018-01-10,33.996360000875,-117.4924,16.3,64.0,Mira Loma (Van Buren),11.491083729166666,87.31732412500001,6.866657158333333,1013.6208333333334,0.45,82.75
2018-01-11,33.996360000875,-117.4924,28.9,88.0,Mira Loma (Van Buren),11.955666779166668,80.21291866666667,5.060592454166667,1021.225,0.0,33.583333333333336
2018-01-12,33.996360000875,-117.4924,17.2,66.0,Mira Loma (Van Buren),13.816083583333333,72.84625604166666,5.551235445833334,1021.4708333333333,0.0,26.0
2018-01-13,33.996360000875,-117.4924,2.0,11.0,Mira Loma (Van Buren),17.299416833333336,51.96671633333333,12.5594018875,1019.8916666666668,0.0,59.5
2018-01-14,33.996360000875,-117.4924,6.1,34.0,Mira Loma (Van Buren),18.1244169375,41.39131379166667,12.661579029166667,1020.0333333333333,0.0,74.0
2018-01-15,33.996360000875,-117.4924,20.2,72.0,Mira Loma (Van Buren),14.922333604166667,61.664767041666664,6.588057225,1019.3625000000001,0.0,61.375
2018-01-16,33.996360000875,-117.4924,34.2,98.0,Mira Loma (Van Buren),14.884833520833332,63.363188625,5.972056554166667,1019.6374999999999,0.0,93.29166666666667
2018-01-17,33.996360000875,-117.4924,21.5,74.0,Mira Loma (Van Buren),16.3785836875,58.08915216666667,6.28623452375,1020.1625,0.0,82.54166666666667
2018-01-18,33.996360000875,-117.4924,22.5,76.0,Mira Loma (Van Buren),16.82441675,55.3171145,7.548727275,1018.8416666666667,0.0,64.125
2018-01-19,33.996360000875,-117.4924,20.8,73.0,Mira Loma (Van Buren),14.174416979166667,71.16262579166667,6.822543708333334,1016.125,0.0,46.666666666666664
2018-01-20,33.996360000875,-117.4924,8.6,48.0,Mira Loma (Van Buren),11.574416958333332,73.64044658333333,8.7913118375,1014.0708333333333,0.0625,39.583333333333336
2018-01-21,33.996360000875,-117.4924,12.8,58.0,Mira Loma (Van Buren),8.905666875,53.881838375,6.368594795833332,1022.3375,0.0,28.5
2018-01-22,33.996360000875,-117.4924,11.5,55.0,Mira Loma (Van Buren),9.741083379166666,46.865689583333335,6.211825370833334,1024.575,0.0,43.666666666666664
2018-01-23,33.996360000875,-117.4924,6.3,35.0,Mira Loma (Van Buren),12.441083520833333,38.772503791666665,9.007208529166666,1021.0458333333332,0.0,0.0
2018-01-24,33.996360000875,-117.4924,8.0,44.0,Mira Loma (Van Buren),13.484833433333334,36.27248908333333,6.546956270833333,1020.0333333333333,0.0,15.208333333333334
2018-01-25,33.996360000875,-117.4924,12.7,58.0,Mira Loma (Van Buren),11.9098336125,42.7026975,6.697224455833333,1017.4333333333334,0.0,55.875
2018-01-26,33.996360000875,-117.4924,7.9,44.0,Mira Loma (Van Buren),10.964000108333332,68.71409841666666,7.555446375,1020.6,0.004166666666666667,42.416666666666664
2018-01-27,33.996360000875,-117.4924,8.0,44.0,Mira Loma (Van Buren),12.024416758333333,31.842615854166667,9.721795,1022.4708333333333,0.0,38.041666666666664
2018-01-28,33.996360000875,-117.4924,3.1,17.0,Mira Loma (Van Buren),20.3223335,16.083793625000002,21.849687833333334,1021.3541666666666,0.0,37.416666666666664
2018-01-29,33.996360000875,-117.4924,3.0,17.0,Mira Loma (Van Buren),23.572333458333333,14.780346291666667,21.390358875,1019.6458333333334,0.0,31.25
2018-01-30,33.996360000875,-117.4924,11.8,56.0,Mira Loma (Van Buren),19.934833520833333,16.8735239125,9.133158312499999,1017.9,0.0,92.04166666666667
2018-01-31,33.996360000875,-117.4924,16.5,65.0,Mira Loma (Van Buren),18.341083541666666,21.522753645833333,6.783417058333334,1014.8208333333333,0.0,16.458333333333332
2018-02-01,33.996360000875,-117.4924,20.9,73.0,Mira Loma (Van Buren),17.793166895833334,30.295317,7.135115929166666,1014.75,0.0,9.625
2018-02-02,33.996360000875,-117.4924,17.5,67.0,Mira Loma (Van Buren),19.4848335,25.97895389583333,7.363623812499999,1017.6,0.0,44.125
2018-02-03,33.996360000875,-117.4924,33.6,97.0,Mira Loma (Van Buren),18.716083625,31.419658958333333,7.346608379166667,1018.2208333333333,0.0,28.875
2018-02-04,33.996360000875,-117.4924,27.3,85.0,Mira Loma (Van Buren),19.093166874999998,28.312839708333332,7.360724779166667,1016.75,0.0,16.416666666666668
2018-02-05,33.996360000875,-117.4924,23.4,78.0,Mira Loma (Van Buren),18.480666770833334,36.317240250000005,7.9683282166666665,1014.9041666666667,0.0,27.375
2018-02-06,33.996360000875,-117.4924,23.5,78.0,Mira Loma (Van Buren),16.514000354166665,62.70344216666666,5.267573008333334,1014.1541666666667,0.0,1.9583333333333333
2018-02-07,33.996360000875,-117.4924,8.0,44.0,Mira Loma (Van Buren),18.082750208333334,35.165540120833334,10.9723225375,1020.1458333333334,0.0,0.0
2018-02-08,33.996360000875,-117.4924,13.1,58.0,Mira Loma (Van Buren),18.474417020833332,20.65183975,7.521704775,1020.0958333333333,0.0,0.0
2018-02-09,33.996360000875,-117.4924,18.0,68.0,Mira Loma (Van Buren),18.255667,25.16126439583333,7.100016878333332,1015.4833333333332,0.0,0.041666666666666664
2018-02-10,33.996360000875,-117.4924,25.8,82.0,Mira Loma (Van Buren),14.553583479166667,74.62221212499999,6.489022062499999,1012.7666666666668,0.012500000000000002,70.29166666666667
2018-02-11,33.996360000875,-117.4924,17.0,66.0,Mira Loma (Van Buren),15.299417104166666,48.72336582916666,10.380155054166666,1011.7041666666668,0.0,46.5
2018-02-12,33.996360000875,-117.4924,7.7,43.0,Mira Loma (Van Buren),13.584833604166667,70.93012525,9.1433069375,1010.6750000000001,0.008333333333333333,49.333333333333336
2018-02-13,33.996360000875,-117.4924,5.0,28.0,Mira Loma (Van Buren),12.032750354166666,61.0457455,7.689398391666667,1016.6625,0.07083333333333333,36.75
2018-02-14,33.996360000875,-117.4924,6.9,38.0,Mira Loma (Van Buren),13.982750208333334,46.54224179166667,5.952535327916666,1019.5666666666666,0.0,62.625
2018-02-15,33.996360000875,-117.4924,4.6,26.0,Mira Loma (Van Buren),15.422333666666667,52.584239,8.542300675,1018.4833333333332,0.0,43.666666666666664
2018-02-16,33.996360000875,-117.4924,5.0,28.0,Mira Loma (Van Buren),16.945250229166668,19.14876275,10.188612670833333,1020.0375,0.0,27.708333333333332
2018-02-17,33.996360000875,-117.4924,13.5,59.0,Mira Loma (Van Buren),15.255666916666668,20.942809770833332,6.686953773750001,1019.3625000000001,0.0,2.5
2018-02-18,33.996360000875,-117.4924,11.1,55.0,Mira Loma (Van Buren),14.534833570833333,40.6489775,8.3558067,1015.7125,0.0,31.583333333333332
2018-02-19,33.996360000875,-117.4924,4.4,24.0,Mira Loma (Van Buren),11.7244170625,57.75345345833333,14.327836283333333,1011.1625,0.04583333333333334,38.958333333333336
2018-02-20,33.996360000875,-117.4924,6.3,35.0,Mira Loma (Van Buren),7.578583441666667,31.449065416666667,8.344602458333332,1017.5333333333333,0.0,2.625
2018-02-21,33.996360000875,-117.4924,10.2,53.0,Mira Loma (Van Buren),8.859833416666666,35.594200875,6.643960975,1020.1541666666667,0.0,26.833333333333332
2018-02-22,33.996360000875,-117.4924,8.8,49.0,Mira Loma (Van Buren),8.399416845833334,56.911966875,9.116354733333333,1022.3249999999999,0.024999999999999998,22.208333333333332
2018-02-23,33.996360000875,-117.4924,5.5,31.0,Mira Loma (Van Buren),9.149416770833334,64.58933716666667,7.384361116666667,1021.3375,0.041666666666666664,27.375
2018-02-24,33.996360000875,-117.4924,7.6,42.0,Mira Loma (Van Buren),8.3056667875,33.410865020833334,7.661393020833334,1025.3041666666666,0.0,0.3333333333333333
2018-02-25,33.996360000875,-117.4924,11.7,56.0,Mira Loma (Van Buren),10.545250233333332,40.772079291666664,8.6713565,1022.375,0.0,0.0
2018-02-26,33.996360000875,-117.4924,13.8,60.0,Mira Loma (Van Buren),11.782750045833334,33.664657541666664,8.231795191666667,1017.9666666666667,0.0,0.0
2018-02-27,33.996360000875,-117.4924,4.6,26.0,Mira Loma (Van Buren),9.632750070833334,70.14504129166666,8.9368106375,1013.2375000000001,0.3541666666666667,53.083333333333336
2018-02-28,33.996360000875,-117.4924,8.0,44.0,Mira Loma (Van Buren),7.6160834125,68.86163841666666,6.385516204166667,1020.3541666666666,0.03333333333333333,11.0
2018-03-01,33.996360000875,-117.4924,10.5,54.0,Mira Loma (Van Buren),10.405666824999999,70.02065366666666,6.3016561875,1022.3625000000001,0.0,42.916666666666664
2018-03-02,33.996360000875,-117.4924,9.2,51.0,Mira Loma (Van Buren),10.959833541666667,72.368880875,8.173586116666668,1019.4833333333332,0.0,55.375
2018-03-03,33.996360000875,-117.4924,5.1,28.0,Mira Loma (Van Buren),11.932750333333333,76.27198754166666,9.829415925000001,1017.275,0.07916666666666668,74.20833333333333
2018-03-04,33.996360000875,-117.4924,6.9,38.0,Mira Loma (Van Buren),9.7890001,71.640800875,6.973214879166666,1020.1333333333333,0.0375,32.25
2018-03-05,33.996360000875,-117.4924,1.3,7.0,Mira Loma (Van Buren),12.00983345,39.55475725,9.645648595833334,1021.0500000000001,0.0,42.291666666666664
2018-03-06,33.996360000875,-117.4924,5.9,33.0,Mira Loma (Van Buren),15.1744169375,28.68700108333333,10.831226079166667,1017.8666666666667,0.0,78.0
2018-03-07,33.996360000875,-117.4924,12.5,57.0,Mira Loma (Van Buren),15.630666875000001,30.451879541666667,6.4154108,1016.7375000000001,0.0,74.5
2018-03-08,33.996360000875,-117.4924,16.3,64.0,Mira Loma (Van Buren),16.1535835625,38.771418000000004,7.4698636,1016.9833333333332,0.0,95.91666666666667
2018-03-09,33.996360000875,-117.4924,16.3,64.0,Mira Loma (Van Buren),16.282750333333333,39.60088775,7.985354270833334,1015.2624999999999,0.0,50.833333333333336
2018-03-10,33.996360000875,-117.4924,13.6,59.0,Mira Loma (Van Buren),15.0098338125,83.33073383333333,7.582302504166666,1014.5625,0.13333333333333333,87.54166666666667
2018-03-11,33.996360000875,-117.4924,3.5,19.0,Mira Loma (Van Buren),14.657750437499999,89.29636641666667,5.213130325,1016.4041666666667,0.5791666666666667,99.79166666666667
2018-03-12,33.996360000875,-117.4924,12.1,57.0,Mira Loma (Van Buren),16.91608360416667,81.927458,7.649975429166666,1018.6125000000001,0.0,86.5
2018-03-13,33.996360000875,-117.4924,21.4,74.0,Mira Loma (Van Buren),15.947333645833334,84.70135575,7.778874362500001,1017.2791666666667,0.0,97.54166666666667
2018-03-14,33.996360000875,-117.4924,3.0,17.0,Mira Loma (Van Buren),14.903583625000001,83.62888641666667,12.527587266666666,1015.8166666666666,0.14166666666666666,65.08333333333333
2018-03-15,33.996360000875,-117.4924,2.2,12.0,Mira Loma (Van Buren),12.920250333333334,73.12144883333333,11.265760591666668,1014.8000000000001,0.14583333333333334,64.125
2018-03-16,33.996360000875,-117.4924,4.0,22.0,Mira Loma (Van Buren),11.0910834875,69.48930579166667,8.340754983333333,1016.6958333333333,0.004166666666666667,44.875
2018-03-17,33.996360000875,-117.4924,2.5,14.0,Mira Loma (Van Buren),11.461916979166666,73.45258520833333,9.008004825,1015.6166666666667,0.1125,70.04166666666667
2018-03-18,33.996360000875,-117.4924,6.0,33.0,Mira Loma (Van Buren),10.3535834625,67.32878029166666,6.898061820833334,1018.625,0.029166666666666664,48.791666666666664
2018-03-19,33.996360000875,-117.4924,7.3,41.0,Mira Loma (Van Buren),13.174417029166667,59.70471716666666,6.830797166666667,1018.9291666666667,0.0,80.75
2018-03-20,33.996360000875,-117.4924,9.9,52.0,Mira Loma (Van Buren),14.7452501875,53.591849958333334,7.4918481875000005,1016.5083333333333,0.0,83.08333333333333
2018-03-21,33.996360000875,-117.4924,13.5,59.0,Mira Loma (Van Buren),16.70566691666667,54.89561775000001,7.690833058333333,1015.1125000000001,0.0,86.04166666666667
2018-03-22,33.996360000875,-117.4924,10.0,53.0,Mira Loma (Van Buren),15.499417041666668,88.43234324999999,6.0925127625,1015.6958333333333,0.29583333333333334,99.08333333333333
2018-03-23,33.996360000875,-117.4924,7.1,39.0,Mira Loma (Van Buren),14.893166958333333,82.756275875,6.8767448374999995,1018.7708333333334,0.425,81.79166666666667
2018-03-24,33.996360000875,-117.4924,7.7,43.0,Mira Loma (Van Buren),13.674416874999999,77.58874666666667,7.9164062416666665,1016.6333333333333,0.024999999999999998,53.166666666666664
2018-03-25,33.996360000875,-117.4924,6.1,34.0,Mira Loma (Van Buren),12.230666999999999,69.979419,8.729203765833333,1016.5875,0.008333333333333333,63.208333333333336
2018-03-26,33.996360000875,-117.4924,5.4,30.0,Mira Loma (Van Buren),11.532750404166668,64.76449512500001,7.2083076324999995,1015.8458333333333,0.0,13.833333333333334
2018-03-27,33.996360000875,-117.4924,4.2,23.0,Mira Loma (Van Buren),13.126500162500001,51.90477375,10.844053658333332,1018.1583333333333,0.0,1.375
2018-03-28,33.996360000875,-117.4924,9.5,52.0,Mira Loma (Van Buren),14.939000354166666,52.59990033333333,9.174462594583334,1018.8583333333332,0.0,2.6666666666666665
2018-03-29,33.996360000875,-117.4924,15.3,63.0,Mira Loma (Van Buren),16.603583520833332,63.396516625000004,7.861720516666666,1017.0958333333333,0.0,0.2916666666666667
2018-03-30,33.996360000875,-117.4924,21.5,74.0,Mira Loma (Van Buren),18.349416875,58.52840041666667,7.571438462500001,1016.6625,0.0,6.625
2018-03-31,33.996360000875,-117.4924,21.8,75.0,Mira Loma (Van Buren),18.601500395833334,63.046021875,8.306095745833334,1016.0958333333333,0.0,94.91666666666667
2018-04-01,33.996360000875,-117.4924,14.8,62.0,Mira Loma (Van Buren),16.220250125,72.248007875,8.9714042,1013.8083333333334,0.0,97.83333333333333
2018-04-02,33.996360000875,-117.4924,16.1,64.0,Mira Loma (Van Buren),14.241083583333333,76.66633529166667,8.336002108333334,1011.65,0.004166666666666667,63.041666666666664
2018-04-03,33.996360000875,-117.4924,15.8,63.0,Mira Loma (Van Buren),15.003583645833332,73.74509575,9.719617,1013.1708333333332,0.0,75.45833333333333
2018-04-04,33.996360000875,-117.4924,20.6,72.0,Mira Loma (Van Buren),16.043166875,75.0936375,8.558293366666666,1016.0,0.0,31.375
2018-04-05,33.996360000875,-117.4924,22.3,76.0,Mira Loma (Van Buren),15.968167000000001,74.76432375,8.204951766666666,1016.4791666666666,0.0,61.25
2018-04-06,33.996360000875,-117.4924,14.2,61.0,Mira Loma (Van Buren),16.124417020833334,73.51821416666667,8.639872033333333,1014.7416666666667,0.0,94.375
2018-04-07,33.996360000875,-117.4924,10.1,53.0,Mira Loma (Van Buren),18.0015003125,67.46360266666666,9.529655458333334,1014.3249999999999,0.0,74.33333333333333
2018-04-08,33.996360000875,-117.4924,11.4,55.0,Mira Loma (Van Buren),18.318166895833333,72.65150720833334,11.035025179166666,1013.6125000000001,0.0,58.458333333333336
2018-04-09,33.996360000875,-117.4924,13.2,59.0,Mira Loma (Van Buren),22.153583645833333,43.026029599999994,10.934188979166665,1012.6875,0.0,35.791666666666664
2018-04-10,33.996360000875,-117.4924,13.9,60.0,Mira Loma (Van Buren),24.034833000000003,27.181737729166667,8.974212441666667,1014.7291666666666,0.0,50.791666666666664
2018-04-11,33.996360000875,-117.4924,14.8,62.0,Mira Loma (Van Buren),21.77233352083333,36.701489208333335,9.920888079166668,1013.5583333333334,0.0,34.416666666666664
2018-04-12,33.996360000875,-117.4924,6.5,36.0,Mira Loma (Van Buren),16.893166812500002,55.74443920833334,12.1381990875,1014.5083333333333,0.004166666666666667,44.333333333333336
2018-04-13,33.996360000875,-117.4924,7.5,42.0,Mira Loma (Van Buren),17.6181669375,16.341071783333334,16.335243808333335,1019.3583333333332,0.0,14.833333333333334
2018-04-14,33.996360000875,-117.4924,12.2,57.0,Mira Loma (Van Buren),20.601500375,13.160808245833335,10.184320258333333,1021.6625,0.0,0.0
2018-04-15,33.996360000875,-117.4924,15.9,64.0,Mira Loma (Van Buren),20.249416895833335,18.10069525,9.808518558333333,1016.5458333333332,0.0,47.166666666666664
2018-04-16,33.996360000875,-117.4924,8.2,46.0,Mira Loma (Van Buren),16.31191677083333,55.12285308333333,13.188151604166668,1014.5416666666666,0.0,63.666666666666664
2018-04-17,33.996360000875,-117.4924,5.4,30.0,Mira Loma (Van Buren),13.518166925000001,48.86678345833334,10.1358626875,1019.1833333333334,0.0,3.0416666666666665
2018-04-18,33.996360000875,-117.4924,9.5,52.0,Mira Loma (Van Buren),16.522333458333332,28.436601999999997,10.021047900000001,1016.9625,0.0,4.708333333333333
2018-04-19,33.996360000875,-117.4924,5.2,29.0,Mira Loma (Van Buren),13.661916812500001,57.28178045833334,13.316527895833334,1016.0291666666667,0.024999999999999998,39.958333333333336
2018-04-20,33.996360000875,-117.4924,11.3,55.0,Mira Loma (Van Buren),13.9535835625,58.29571562500001,10.391268391666665,1018.3125,0.0,5.791666666666667
2018-04-21,33.996360000875,-117.4924,13.7,60.0,Mira Loma (Van Buren),18.9265,44.25109308333333,7.540238957083333,1017.0791666666668,0.0,6.791666666666667
2018-04-22,33.996360000875,-117.4924,15.1,62.0,Mira Loma (Van Buren),22.768166895833332,34.28121133333333,9.5322869,1013.3666666666667,0.0,56.041666666666664
2018-04-23,33.996360000875,-117.4924,17.1,66.0,Mira Loma (Van Buren),20.9473335,45.47067883333333,8.850639554166667,1013.8708333333334,0.0,8.25
2018-04-24,33.996360000875,-117.4924,15.8,63.0,Mira Loma (Van Buren),19.561916916666664,53.33252795833334,10.551534312500001,1014.8958333333334,0.0,68.0
2018-04-25,33.996360000875,-117.4924,15.8,63.0,Mira Loma (Van Buren),19.561916916666664,53.33252795833334,10.551534312500001,1014.8958333333334,0.0,68.0
2018-04-26,33.996360000875,-117.4924,15.8,63.0,Mira Loma (Van Buren),19.561916916666664,53.33252795833334,10.551534312500001,1014.8958333333334,0.0,68.0
2018-04-27,33.996360000875,-117.4924,15.8,63.0,Mira Loma (Van Buren),19.561916916666664,53.33252795833334,10.551534312500001,1014.8958333333334,0.0,68.0
2018-04-28,33.996360000875,-117.4924,15.8,63.0,Mira Loma (Van Buren),19.561916916666664,53.33252795833334,10.551534312500001,1014.8958333333334,0.0,68.0
2018-04-29,33.996360000875,-117.4924,15.8,63.0,Mira Loma (Van Buren),19.561916916666664,53.33252795833334,10.551534312500001,1014.8958333333334,0.0,68.0
2018-04-30,33.996360000875,-117.4924,15.8,63.0,Mira Loma (Van Buren),19.561916916666664,53.33252795833334,10.551534312500001,1014.8958333333334,0.0,68.0
2018-05-01,33.996360000875,-117.4924,15.8,63.0,Mira Loma (Van Buren),19.561916916666664,53.33252795833334,10.551534312500001,1014.8958333333334,0.0,68.0
2018-05-02,33.996360000875,-117.4924,15.8,63.0,Mira Loma (Van Buren),19.561916916666664,53.33252795833334,10.551534312500001,1014.8958333333334,0.0,68.0
2018-05-03,33.996360000875,-117.4924,15.8,63.0,Mira Loma (Van Buren),19.561916916666664,53.33252795833334,10.551534312500001,1014.8958333333334,0.0,68.0
2018-05-04,33.996360000875,-117.4924,9.8,52.0,Mira Loma (Van Buren),21.630666666666666,41.46571232083333,7.538274273750001,1019.4416666666666,0.0,5.208333333333333
2018-05-05,33.996360000875,-117.4924,14.0,60.0,Mira Loma (Van Buren),25.307749666666666,25.675584208333333,9.475269433333333,1014.9083333333333,0.0,22.5
2018-05-06,33.996360000875,-117.4924,12.7,58.0,Mira Loma (Van Buren),24.520250166666667,29.06375416666667,9.395124870833333,1013.2541666666666,0.0,90.70833333333333
2018-05-07,33.996360000875,-117.4924,10.2,53.0,Mira Loma (Van Buren),21.301500208333334,45.14560504166667,9.556172283333334,1015.5583333333334,0.0,46.541666666666664
2018-05-08,33.996360000875,-117.4924,13.4,59.0,Mira Loma (Van Buren),20.947333416666666,46.827774291666664,9.759153370833333,1014.7291666666666,0.0,28.625
2018-05-09,33.996360000875,-117.4924,22.8,77.0,Mira Loma (Van Buren),20.79941704166667,58.105391625,10.095240679166666,1013.0291666666667,0.0,8.541666666666666
2018-05-10,33.996360000875,-117.4924,19.1,70.0,Mira Loma (Van Buren),20.332750166666667,64.86560354166666,9.95718135,1010.875,0.0,8.875
2018-05-11,33.996360000875,-117.4924,9.7,52.0,Mira Loma (Van Buren),18.124417041666668,69.104380875,11.348203329166667,1009.7624999999999,0.0,78.91666666666667
2018-05-12,33.996360000875,-117.4924,4.3,24.0,Mira Loma (Van Buren),16.326500375,64.31327520833334,8.625254295833333,1012.2583333333333,0.041666666666666664,96.29166666666667
2018-05-13,33.996360000875,-117.4924,8.4,47.0,Mira Loma (Van Buren),16.284833520833335,64.74069533333333,11.130974875,1015.4666666666667,0.0,66.125
2018-05-14,33.996360000875,-117.4924,10.4,53.0,Mira Loma (Van Buren),17.201500229166665,63.48676095833333,10.116262841666666,1014.6416666666668,0.0,18.125
2018-05-15,33.996360000875,-117.4924,8.8,49.0,Mira Loma (Van Buren),17.4015001875,63.96259283333333,9.9654129125,1015.475,0.0,7.291666666666667
2018-05-16,33.996360000875,-117.4924,10.9,54.0,Mira Loma (Van Buren),17.714000145833335,60.33602216666666,10.007994850000001,1015.8166666666666,0.0,0.9583333333333334
2018-05-17,33.996360000875,-117.4924,10.8,54.0,Mira Loma (Van Buren),17.643166875000002,54.134991541666665,9.6465779375,1014.2208333333333,0.0,0.6666666666666666
2018-05-18,33.996360000875,-117.4924,8.4,47.0,Mira Loma (Van Buren),16.732750354166665,64.79021529166667,9.61606115,1013.7041666666668,0.0,33.041666666666664
2018-05-19,33.996360000875,-117.4924,12.5,57.0,Mira Loma (Van Buren),17.530666812499998,66.949644375,8.744174070833333,1012.5833333333334,0.0,69.04166666666667
2018-05-20,33.996360000875,-117.4924,12.3,57.0,Mira Loma (Van Buren),18.234833604166667,66.49472758333333,9.526841870833334,1012.1791666666667,0.0,42.5
2018-05-21,33.996360000875,-117.4924,7.7,43.0,Mira Loma (Van Buren),17.4640003125,68.01607045833333,11.547781733333332,1011.025,0.049999999999999996,90.54166666666667
2018-05-22,33.996360000875,-117.4924,7.9,44.0,Mira Loma (Van Buren),16.920250375,65.26163525,11.225586295833333,1011.8208333333333,0.0,72.04166666666667
2018-05-23,33.996360000875,-117.4924,17.4,66.0,Mira Loma (Van Buren),18.0702503125,63.42810320833333,9.36794185,1013.0375,0.0,45.125
2018-05-24,33.996360000875,-117.4924,10.6,54.0,Mira Loma (Van Buren),17.65566689583333,67.222983375,11.884403491666667,1016.3708333333334,0.0,53.291666666666664
2018-05-25,33.996360000875,-117.4924,5.0,28.0,Mira Loma (Van Buren),17.066083479166668,63.077372125000004,13.904667270833334,1018.5166666666668,0.020833333333333332,63.583333333333336
2018-05-26,33.996360000875,-117.4924,7.5,42.0,Mira Loma (Van Buren),17.04108347916667,60.150188375,11.496535037500001,1016.2291666666666,0.0,46.291666666666664
2018-05-27,33.996360000875,-117.4924,14.0,60.0,Mira Loma (Van Buren),17.574416854166667,64.21794029166666,10.217849129166666,1013.7666666666668,0.0,18.25
2018-05-28,33.996360000875,-117.4924,13.9,60.0,Mira Loma (Van Buren),18.720250083333333,67.46296558333334,9.910876308333334,1013.25,0.0,21.375
2018-05-29,33.996360000875,-117.4924,20.3,72.0,Mira Loma (Van Buren),19.982750208333332,66.71055208333333,11.082001153333332,1010.5375,0.0,68.45833333333333
2018-05-30,33.996360000875,-117.4924,12.6,58.0,Mira Loma (Van Buren),18.299416833333336,71.12312416666667,10.565390020833334,1010.3666666666667,0.0,67.625
2018-05-31,33.996360000875,-117.4924,5.0,28.0,Mira Loma (Van Buren),18.447333625000002,67.47424445833333,12.170148045833335,1011.6625,0.012500000000000002,68.08333333333333
2018-06-01,33.996360000875,-117.4924,11.5,55.0,Mira Loma (Van Buren),18.6035835625,63.80325691666667,9.336054129166667,1013.7958333333332,0.0,0.4583333333333333
2018-06-02,33.996360000875,-117.4924,15.0,62.0,Mira Loma (Van Buren),21.1827501875,53.77050220833333,10.768319845,1013.7791666666667,0.0,0.0
2018-06-03,33.996360000875,-117.4924,17.1,66.0,Mira Loma (Van Buren),22.684833333333334,53.451622291666666,10.022009904166667,1012.1208333333334,0.0,2.2083333333333335
2018-06-04,33.996360000875,-117.4924,21.7,74.0,Mira Loma (Van Buren),22.14316691666667,64.57916170833333,11.114261408333334,1010.6833333333334,0.0,50.666666666666664
2018-06-05,33.996360000875,-117.4924,19.8,71.0,Mira Loma (Van Buren),19.914000229166668,67.97189445833334,12.278969187500001,1010.9291666666667,0.0,44.875
2018-06-06,33.996360000875,-117.4924,15.6,63.0,Mira Loma (Van Buren),19.547333541666667,65.372384375,11.518144579166666,1011.4166666666666,0.0,21.375
2018-06-07,33.996360000875,-117.4924,12.0,56.0,Mira Loma (Van Buren),19.468166916666664,66.23799695833334,10.199125420833333,1012.0708333333333,0.0,21.125
2018-06-08,33.996360000875,-117.4924,22.0,75.0,Mira Loma (Van Buren),21.926500041666667,53.628282625,9.168475358333334,1012.4416666666666,0.0,0.125
2018-06-09,33.996360000875,-117.4924,13.7,60.0,Mira Loma (Van Buren),22.859833604166667,52.941392666666665,10.126627141666667,1011.8916666666668,0.0,3.6666666666666665
2018-06-10,33.996360000875,-117.4924,14.0,60.0,Mira Loma (Van Buren),22.316083520833335,58.76009633333334,10.031947950000001,1010.7666666666668,0.0,16.875
2018-06-11,33.996360000875,-117.4924,21.0,73.0,Mira Loma (Van Buren),23.364000125,52.971828208333335,10.643168357083333,1008.725,0.0,1.75
2018-06-12,33.996360000875,-117.4924,21.5,74.0,Mira Loma (Van Buren),24.27441675,46.616042916666665,11.332475091666666,1008.5166666666668,0.0,0.0
2018-06-13,33.996360000875,-117.4924,22.9,77.0,Mira Loma (Van Buren),23.628583354166665,61.819491666666664,11.280548008333334,1008.9125,0.0,17.291666666666668
2018-06-14,33.996360000875,-117.4924,18.2,68.0,Mira Loma (Van Buren),24.528583041666668,51.19780925,11.125416808333334,1008.5,0.0,2.7083333333333335
2018-06-15,33.996360000875,-117.4924,13.1,58.0,Mira Loma (Van Buren),23.501500125000003,55.890228875,12.109875054166666,1008.0166666666668,0.0,38.875
2018-06-16,33.996360000875,-117.4924,8.8,49.0,Mira Loma (Van Buren),20.295250229166665,65.039727875,12.240049925000001,1007.9458333333333,0.016666666666666666,52.791666666666664
2018-06-17,33.996360000875,-117.4924,4.5,25.0,Mira Loma (Van Buren),17.6515003125,61.6626765,12.063552891666667,1012.1083333333332,0.020833333333333332,65.75
2018-06-18,33.996360000875,-117.4924,8.2,46.0,Mira Loma (Van Buren),18.58066685416667,60.96539833333333,10.462263225,1014.9416666666666,0.0,38.583333333333336
2018-06-19,33.996360000875,-117.4924,18.3,68.0,Mira Loma (Van Buren),19.751500270833333,63.45232266666667,11.4407963125,1014.125,0.0,5.333333333333333
2018-06-20,33.996360000875,-117.4924,15.2,62.0,Mira Loma (Van Buren),20.926500166666667,67.73703175,10.819419629166667,1012.5416666666666,0.0,22.75
2018-06-21,33.996360000875,-117.4924,18.6,69.0,Mira Loma (Van Buren),21.4035836875,68.70716566666667,10.708436937499998,1012.6041666666666,0.0,24.916666666666668
2018-06-22,33.996360000875,-117.4924,21.0,73.0,Mira Loma (Van Buren),22.611916625000003,65.87494820833334,10.312217829166666,1011.375,0.0,28.125
2018-06-23,33.996360000875,-117.4924,22.6,76.0,Mira Loma (Van Buren),22.145250083333334,68.24597283333334,11.497588325,1008.8666666666667,0.0,26.75
2018-06-24,33.996360000875,-117.4924,17.0,66.0,Mira Loma (Van Buren),19.953583625,67.59683320833334,11.2105108,1011.2291666666666,0.0,13.5
2018-06-25,33.996360000875,-117.4924,12.2,57.0,Mira Loma (Van Buren),21.357750145833336,62.977329875,11.179470979166666,1013.4375,0.0,22.416666666666668
2018-06-26,33.996360000875,-117.4924,11.0,55.0,Mira Loma (Van Buren),21.90775041666667,61.653260499999995,10.590460649999999,1013.4833333333332,0.0,9.166666666666666
2018-06-27,33.996360000875,-117.4924,10.7,54.0,Mira Loma (Van Buren),22.882750104166664,57.57372341666667,10.308106570833333,1012.7083333333334,0.0,2.5833333333333335
2018-06-28,33.996360000875,-117.4924,12.3,57.0,Mira Loma (Van Buren),22.4535834375,60.45498895833333,10.671115479166666,1011.9708333333333,0.0,13.5
2018-06-29,33.996360000875,-117.4924,15.3,63.0,Mira Loma (Van Buren),20.339000291666668,66.42465854166666,9.648054908333334,1012.0208333333334,0.0,19.125
2018-06-30,33.996360000875,-117.4924,15.9,64.0,Mira Loma (Van Buren),20.33483370833333,66.33505162499999,10.8859233125,1012.9708333333333,0.0,34.541666666666664
2018-07-01,33.996360000875,-117.4924,8.4,47.0,Mira Loma (Van Buren),21.155666895833335,62.20637904166667,11.880420679166667,1014.3583333333332,0.0,12.083333333333334
2018-07-02,33.996360000875,-117.4924,9.0,50.0,Mira Loma (Van Buren),22.301500354166667,58.77209833333333,11.028592470833333,1014.125,0.0,5.416666666666667
2018-07-03,33.996360000875,-117.4924,8.2,46.0,Mira Loma (Van Buren),22.295250208333332,60.337181875,9.666070175,1012.4458333333333,0.0,18.708333333333332
2018-07-04,33.996360000875,-117.4924,10.9,54.0,Mira Loma (Van Buren),21.9910834375,63.230047500000005,10.82212065,1014.0124999999999,0.0,17.083333333333332
2018-07-05,33.996360000875,-117.4924,36.1,102.0,Mira Loma (Van Buren),24.63483314583333,53.12446654166666,10.543274873749999,1015.8916666666668,0.0,3.5
2018-07-06,33.996360000875,-117.4924,18.0,68.0,Mira Loma (Van Buren),32.10774975,20.125837095833333,9.281169329166667,1012.1833333333334,0.0,13.416666666666666
2018-07-07,33.996360000875,-117.4924,22.2,75.0,Mira Loma (Van Buren),36.85358279166667,16.306958604166667,10.932547933333334,1008.85,0.0,28.666666666666668
2018-07-08,33.996360000875,-117.4924,17.5,67.0,Mira Loma (Van Buren),32.103583,33.318326729166664,10.09988575,1010.1541666666667,0.0,28.166666666666668
2018-07-09,33.996360000875,-117.4924,25.4,81.0,Mira Loma (Van Buren),29.945249375,33.114806875,9.7508286375,1012.4666666666667,0.0,74.625
2018-07-10,33.996360000875,-117.4924,16.0,64.0,Mira Loma (Van Buren),28.357749958333333,44.980557125,11.823439366666667,1013.2833333333333,0.0,69.29166666666667
2018-07-11,33.996360000875,-117.4924,12.5,57.0,Mira Loma (Van Buren),27.81399970833333,41.063583791666666,10.11301315,1011.8249999999999,0.0,45.75
2018-07-12,33.996360000875,-117.4924,12.3,57.0,Mira Loma (Van Buren),26.903583416666667,53.383231333333335,11.1767767125,1012.1458333333334,0.024999999999999998,57.416666666666664
2018-07-13,33.996360000875,-117.4924,11.2,55.0,Mira Loma (Van Buren),26.370250041666665,59.0790025,12.210973075,1014.5458333333332,0.0,16.916666666666668
2018-07-14,33.996360000875,-117.4924,10.4,53.0,Mira Loma (Van Buren),26.341083041666668,58.67731941666667,11.427408345833333,1014.2125,0.0,3.4583333333333335
2018-07-15,33.996360000875,-117.4924,9.8,52.0,Mira Loma (Van Buren),26.743166833333333,56.058152916666664,11.2075506,1012.5583333333334,0.0,35.0
2018-07-16,33.996360000875,-117.4924,9.7,52.0,Mira Loma (Van Buren),25.52233341666667,59.559811499999995,11.27852405,1013.1833333333334,0.0,64.08333333333333
2018-07-17,33.996360000875,-117.4924,11.2,55.0,Mira Loma (Van Buren),25.174416750000002,64.7718665,11.022647425,1013.475,0.0,61.916666666666664
2018-07-18,33.996360000875,-117.4924,13.9,60.0,Mira Loma (Van Buren),24.67025025,67.691255625,12.152722175000001,1014.3041666666667,0.0,75.91666666666667
2018-07-19,33.996360000875,-117.4924,10.4,53.0,Mira Loma (Van Buren),25.6515,65.83121654166666,13.073419012499999,1013.6958333333333,0.0,34.916666666666664
2018-07-20,33.996360000875,-117.4924,8.1,45.0,Mira Loma (Van Buren),25.516083499999997,62.28859116666666,13.277774908333333,1012.8166666666666,0.0,8.75
2018-07-21,33.996360000875,-117.4924,6.1,34.0,Mira Loma (Van Buren),25.011916624999998,54.30297095833333,11.793811104166666,1013.9208333333332,0.0,40.125
2018-07-22,33.996360000875,-117.4924,7.1,39.0,Mira Loma (Van Buren),26.303583125,54.948218125000004,11.803679916666667,1015.1625,0.0,15.875
2018-07-23,33.996360000875,-117.4924,11.4,55.0,Mira Loma (Van Buren),28.443166208333334,46.1694465,10.2325135375,1013.0124999999999,0.0,6.125
2018-07-24,33.996360000875,-117.4924,15.6,63.0,Mira Loma (Van Buren),29.62024975,49.187407,11.1560802625,1011.0041666666666,0.0,6.541666666666667
2018-07-25,33.996360000875,-117.4924,19.7,71.0,Mira Loma (Van Buren),29.407749749999997,53.806170625,11.5080188,1012.2583333333333,0.0,42.708333333333336
2018-07-26,33.996360000875,-117.4924,19.1,70.0,Mira Loma (Van Buren),28.54941679166667,60.37873979166667,11.307393054166667,1012.2666666666668,0.0,5.833333333333333
2018-07-27,33.996360000875,-117.4924,19.3,70.0,Mira Loma (Van Buren),26.318166625,63.975295125,10.979637270833335,1011.4833333333332,0.0,15.791666666666666
2018-07-28,33.996360000875,-117.4924,16.8,65.0,Mira Loma (Van Buren),26.578583249999998,62.706003333333335,11.945698383333335,1011.3125,0.0,34.208333333333336
2018-07-29,33.996360000875,-117.4924,11.0,55.0,Mira Loma (Van Buren),25.805666375,62.5193275,11.6998284375,1013.4666666666667,0.0,25.875
2018-07-30,33.996360000875,-117.4924,9.9,52.0,Mira Loma (Van Buren),28.268166583333336,48.32329883333333,11.014335508333334,1012.9208333333332,0.0,37.458333333333336
2018-07-31,33.996360000875,-117.4924,10.0,53.0,Mira Loma (Van Buren),28.81608304166667,40.098974958333336,11.406434408333332,1012.1333333333333,0.0,12.583333333333334
2018-08-01,33.996360000875,-117.4924,10.9,54.0,Mira Loma (Van Buren),27.951499833333333,45.56710829166667,11.149682145833333,1012.6583333333333,0.0,33.291666666666664
2018-08-02,33.996360000875,-117.4924,12.1,57.0,Mira Loma (Van Buren),28.553583208333333,44.454420666666664,11.369022433333333,1011.7791666666667,0.0,31.083333333333332
2018-08-03,33.996360000875,-117.4924,12.6,58.0,Mira Loma (Van Buren),27.888999875,51.66981116666667,9.850962345833333,1011.3666666666667,0.0,0.20833333333333334
2018-08-04,33.996360000875,-117.4924,12.9,58.0,Mira Loma (Van Buren),27.432749958333332,54.28517454166666,9.748261458333333,1010.3874999999999,0.0,1.5
2018-08-05,33.996360000875,-117.4924,14.8,62.0,Mira Loma (Van Buren),27.011916541666665,53.78916275,9.308043491666668,1009.5749999999999,0.0,1.5416666666666667
2018-08-06,33.996360000875,-117.4924,18.2,68.0,Mira Loma (Van Buren),28.295249916666666,45.418118,8.723389266666667,1009.3291666666668,0.0,0.0
2018-08-07,33.996360000875,-117.4924,19.8,71.0,Mira Loma (Van Buren),30.553583125,38.66941583333333,8.63267671125,1007.3291666666668,0.0,0.0
2018-08-08,33.996360000875,-117.4924,14.4,61.0,Mira Loma (Van Buren),29.032749541666664,43.30329525,9.297151958333332,1010.2791666666667,0.0,0.0
2018-08-09,33.996360000875,-117.4924,17.6,67.0,Mira Loma (Van Buren),29.505666291666667,53.432165749999996,6.932796108333334,1011.6625,0.0,7.875
2018-08-10,33.996360000875,-117.4924,11.7,56.0,Mira Loma (Van Buren),29.457750041666667,43.48764658333334,9.207612566666667,1013.6750000000001,0.0,19.708333333333332
2018-08-11,33.996360000875,-117.4924,9.9,52.0,Mira Loma (Van Buren),28.016083166666665,38.89476108333333,10.54377205,1014.6291666666666,0.0,2.8333333333333335
2018-08-12,33.996360000875,-117.4924,9.2,51.0,Mira Loma (Van Buren),26.666083041666667,60.873214875,10.94988515,1013.8625000000001,0.0,6.125
2018-08-13,33.996360000875,-117.4924,10.7,54.0,Mira Loma (Van Buren),25.87858329166667,53.88753608333334,9.671614379166668,1013.8125,0.0,1.4583333333333333
2018-08-14,33.996360000875,-117.4924,10.6,54.0,Mira Loma (Van Buren),24.693166791666666,54.78742833333334,10.575413366666668,1011.8916666666668,0.0,0.4166666666666667
2018-08-15,33.996360000875,-117.4924,9.9,52.0,Mira Loma (Van Buren),24.751499916666663,62.57813754166667,11.418075433333334,1011.3625000000001,0.0,3.0416666666666665
2018-08-16,33.996360000875,-117.4924,15.3,63.0,Mira Loma (Van Buren),25.086916708333334,66.44113054166667,11.505363816666666,1013.8375,0.024999999999999998,5.583333333333333
2018-08-17,33.996360000875,-117.4924,19.5,70.0,Mira Loma (Van Buren),26.234832916666665,67.09958604166667,10.713977416666665,1016.0166666666668,0.0,26.708333333333332
2018-08-18,33.996360000875,-117.4924,14.9,62.0,Mira Loma (Van Buren),26.357750166666666,65.75501766666666,10.5917686625,1015.9291666666667,0.0,2.0
2018-08-19,33.996360000875,-117.4924,19.7,71.0,Mira Loma (Van Buren),25.886916583333335,58.65520254166666,9.930850579166666,1013.2583333333333,0.0,5.166666666666667
2018-08-20,33.996360000875,-117.4924,20.2,72.0,Mira Loma (Van Buren),25.51608295833333,67.31850670833333,10.65510505,1011.4416666666666,0.0,40.416666666666664
2018-08-21,33.996360000875,-117.4924,19.8,71.0,Mira Loma (Van Buren),24.884833208333333,67.60076704166667,11.2606532625,1012.7624999999999,0.0,33.083333333333336
2018-08-22,33.996360000875,-117.4924,15.2,62.0,Mira Loma (Van Buren),25.159833125000002,64.31534591666666,10.6895734375,1014.3708333333334,0.0,12.458333333333334
2018-08-23,33.996360000875,-117.4924,16.6,65.0,Mira Loma (Van Buren),24.811916749999998,62.738678291666666,10.7694387875,1014.9,0.0,7.958333333333333
2018-08-24,33.996360000875,-117.4924,26.2,83.0,Mira Loma (Van Buren),23.75775025,64.20183595833333,10.4140864125,1013.1708333333332,0.0,31.666666666666668
2018-08-25,33.996360000875,-117.4924,30.0,90.0,Mira Loma (Van Buren),23.153583541666666,66.57551570833333,9.772608058333335,1012.4833333333332,0.0,42.25
2018-08-26,33.996360000875,-117.4924,25.5,82.0,Mira Loma (Van Buren),22.766083625000004,66.332301875,9.5317640375,1014.0916666666667,0.0,18.0
2018-08-27,33.996360000875,-117.4924,20.9,73.0,Mira Loma (Van Buren),22.676500041666667,64.09930354166667,9.206461275,1013.3625000000001,0.0,11.958333333333334
2018-08-28,33.996360000875,-117.4924,21.1,73.0,Mira Loma (Van Buren),22.499416999999998,65.326807875,9.082969470833334,1012.4583333333334,0.0,36.75
2018-08-29,33.996360000875,-117.4924,14.2,61.0,Mira Loma (Van Buren),23.934833333333334,57.85139475,8.049171045833333,1012.9875000000001,0.0,79.5
2018-08-30,33.996360000875,-117.4924,12.9,58.0,Mira Loma (Van Buren),24.878583208333335,51.19987158333333,8.658559958333333,1013.3125,0.0,38.208333333333336
2018-08-31,33.996360000875,-117.4924,17.0,66.0,Mira Loma (Van Buren),24.116083291666666,51.610347166666664,8.222216070833333,1011.3083333333334,0.0,18.041666666666668
2018-09-01,33.996360000875,-117.4924,16.2,64.0,Mira Loma (Van Buren),23.320250125,66.66893179166667,9.442511570833334,1008.4166666666666,0.0,34.625
2018-09-02,33.996360000875,-117.4924,14.3,61.0,Mira Loma (Van Buren),21.601500208333334,70.84813158333334,7.957435519583334,1009.5500000000001,0.0,28.083333333333332
2018-09-03,33.996360000875,-117.4924,14.0,60.0,Mira Loma (Van Buren),22.778583458333333,66.17471875,11.137306449999999,1010.9958333333334,0.012500000000000002,37.25
2018-09-04,33.996360000875,-117.4924,16.2,64.0,Mira Loma (Van Buren),23.370250291666668,67.47318916666667,11.4921371625,1010.65,0.0,44.0
2018-09-05,33.996360000875,-117.4924,12.8,58.0,Mira Loma (Van Buren),22.216083625,69.52328370833332,10.176875333333333,1012.6541666666667,0.0,12.0
2018-09-06,33.996360000875,-117.4924,14.7,61.0,Mira Loma (Van Buren),22.09316670833333,69.27443975,10.1724638125,1015.3000000000001,0.0,6.708333333333333
2018-09-07,33.996360000875,-117.4924,16.9,66.0,Mira Loma (Van Buren),22.732750291666665,69.30450179166667,8.487954320833333,1014.2125,0.0,26.458333333333332
2018-09-08,33.996360000875,-117.4924,21.6,74.0,Mira Loma (Van Buren),25.688999791666664,57.13144691666667,8.687587229166667,1011.2375000000001,0.0,2.3333333333333335
2018-09-09,33.996360000875,-117.4924,16.4,65.0,Mira Loma (Van Buren),27.938999499999998,44.39083504166666,8.157378832083333,1008.6916666666666,0.0,0.0
2018-09-10,33.996360000875,-117.4924,12.2,57.0,Mira Loma (Van Buren),24.174416458333337,63.85688616666667,9.521388754166667,1009.9499999999999,0.0,21.75
2018-09-11,33.996360000875,-117.4924,13.9,60.0,Mira Loma (Van Buren),22.205666833333336,70.28319941666668,9.579242969583333,1010.0291666666667,0.0,27.541666666666668
2018-09-12,33.996360000875,-117.4924,15.3,63.0,Mira Loma (Van Buren),22.357750125,68.55782012499999,9.580390620833333,1010.7875,0.0,23.916666666666668
2018-09-13,33.996360000875,-117.4924,13.4,59.0,Mira Loma (Van Buren),22.83900010416667,62.585439083333334,8.638926866666667,1011.1458333333334,0.0,16.416666666666668
2018-09-14,33.996360000875,-117.4924,12.8,58.0,Mira Loma (Van Buren),25.586916333333335,39.284000041666665,8.172533758333334,1009.5791666666668,0.0,0.0
2018-09-15,33.996360000875,-117.4924,11.9,56.0,Mira Loma (Van Buren),24.899416791666667,44.9003625,8.186324232083333,1008.9583333333334,0.0,1.4166666666666667
2018-09-16,33.996360000875,-117.4924,11.9,56.0,Mira Loma (Van Buren),24.311916625,38.316546208333335,8.404840591666668,1010.5708333333333,0.0,0.0
2018-09-17,33.996360000875,-117.4924,12.0,56.0,Mira Loma (Van Buren),24.21816670833333,41.689089583333335,8.811767352916666,1011.1,0.0,0.0
2018-09-18,33.996360000875,-117.4924,12.6,58.0,Mira Loma (Van Buren),22.7306666875,43.748228708333336,8.066279508333333,1010.5791666666668,0.0,0.2916666666666667
2018-09-19,33.996360000875,-117.4924,15.2,62.0,Mira Loma (Van Buren),21.578583479166667,57.38384,8.2749811325,1008.5708333333333,0.0,9.625
2018-09-20,33.996360000875,-117.4924,18.9,69.0,Mira Loma (Van Buren),21.666083520833336,63.39468525,9.876089200000001,1008.0500000000001,0.0,1.0
2018-09-21,33.996360000875,-117.4924,17.4,66.0,Mira Loma (Van Buren),22.201500166666666,70.19028362499999,10.824985762499999,1013.15,0.0,27.833333333333332
2018-09-22,33.996360000875,-117.4924,16.9,66.0,Mira Loma (Van Buren),24.07858354166667,57.19102566666667,9.201252870833335,1013.0749999999999,0.0,7.25
2018-09-23,33.996360000875,-117.4924,13.1,58.0,Mira Loma (Van Buren),23.493166833333333,56.95035620833334,10.196503804166666,1011.0416666666666,0.0,7.25
2018-09-24,33.996360000875,-117.4924,12.2,57.0,Mira Loma (Van Buren),20.586916958333333,69.93035858333333,9.9821088625,1010.6833333333334,0.0,24.5
2018-09-25,33.996360000875,-117.4924,19.3,70.0,Mira Loma (Van Buren),19.468166874999998,75.7081015,8.991970745833333,1012.125,0.004166666666666667,34.958333333333336
2018-09-26,33.996360000875,-117.4924,21.1,73.0,Mira Loma (Van Buren),20.7556668125,70.7546485,9.51676424875,1013.2875,0.0,37.833333333333336
2018-09-27,33.996360000875,-117.4924,21.9,75.0,Mira Loma (Van Buren),24.211916333333335,60.33408691666667,9.878171954166666,1012.1458333333334,0.0,28.541666666666668
2018-09-28,33.996360000875,-117.4924,25.1,81.0,Mira Loma (Van Buren),23.714000166666665,65.70692612500001,10.549576700000001,1010.625,0.0,55.708333333333336
2018-09-29,33.996360000875,-117.4924,14.8,62.0,Mira Loma (Van Buren),21.536916875,69.67931816666668,10.072190920833334,1011.4499999999999,0.0,26.833333333333332
2018-09-30,33.996360000875,-117.4924,9.7,52.0,Mira Loma (Van Buren),22.1369170625,62.663666916666664,9.354611916666666,1010.8375,0.0,2.25
2018-10-01,33.996360000875,-117.4924,9.8,52.0,Mira Loma (Van Buren),25.551499875,46.86110825,5.85385547,1009.9250000000001,0.0,21.666666666666668
2018-10-02,33.996360000875,-117.4924,7.6,42.0,Mira Loma (Van Buren),24.782750000000004,55.22895275,8.321236216666668,1008.8333333333334,0.19583333333333333,44.375
2018-10-03,33.996360000875,-117.4924,6.5,36.0,Mira Loma (Van Buren),20.930666833333333,61.589246833333334,9.757956270833333,1012.9041666666667,0.004166666666666667,49.041666666666664
2018-10-04,33.996360000875,-117.4924,3.8,21.0,Mira Loma (Van Buren),19.586916833333333,80.36548141666667,7.867108382083334,1014.0083333333333,0.19583333333333333,72.125
2018-10-05,33.996360000875,-117.4924,9.1,51.0,Mira Loma (Van Buren),19.861916833333336,72.80383283333333,9.275881804166668,1014.1083333333332,0.0,31.916666666666668
2018-10-06,33.996360000875,-117.4924,12.5,57.0,Mira Loma (Van Buren),19.659833729166667,74.44208245833333,7.3591978125,1010.1750000000001,0.0,43.791666666666664
2018-10-07,33.996360000875,-117.4924,10.4,53.0,Mira Loma (Van Buren),18.814000291666666,72.76382454166666,10.5059599375,1007.6708333333332,0.0,43.5
2018-10-08,33.996360000875,-117.4924,16.8,65.0,Mira Loma (Van Buren),18.5660836875,70.76612883333333,8.667170454166667,1009.4875000000001,0.004166666666666667,19.333333333333332
2018-10-09,33.996360000875,-117.4924,10.8,54.0,Mira Loma (Van Buren),19.249416958333335,70.35528095833332,7.902018920833334,1010.0041666666666,0.0,15.541666666666666
2018-10-10,33.996360000875,-117.4924,10.8,54.0,Mira Loma (Van Buren),18.418166875,69.87291054166667,8.548988983333333,1009.9875000000001,0.012500000000000002,38.125
2018-10-11,33.996360000875,-117.4924,8.2,46.0,Mira Loma (Van Buren),18.359833645833334,62.808099875,7.4065537500000005,1010.2166666666667,0.008333333333333333,51.083333333333336
2018-10-12,33.996360000875,-117.4924,8.2,46.0,Mira Loma (Van Buren),19.6119170625,51.21832283333333,6.754713908333333,1008.8625000000001,0.0,5.083333333333333
2018-10-13,33.996360000875,-117.4924,8.0,44.0,Mira Loma (Van Buren),17.616083729166668,84.60898795833333,11.203810466666667,1010.3125,0.9208333333333334,91.45833333333333
2018-10-14,33.996360000875,-117.4924,13.6,59.0,Mira Loma (Van Buren),16.068167020833332,84.98144045833332,5.7971707750000006,1013.1208333333334,0.0,81.08333333333333
2018-10-15,33.996360000875,-117.4924,3.4,19.0,Mira Loma (Van Buren),18.0619170625,45.001942041666666,20.503101495833334,1016.3916666666668,0.0,10.75
2018-10-16,33.996360000875,-117.4924,2.9,16.0,Mira Loma (Van Buren),16.47650025,29.070115312499997,12.547003220833332,1017.0,0.0,0.0
2018-10-17,33.996360000875,-117.4924,7.8,43.0,Mira Loma (Van Buren),18.3119169375,33.029945958333336,8.610368395833333,1017.0291666666667,0.0,0.0
2018-10-18,33.996360000875,-117.4924,8.0,44.0,Mira Loma (Van Buren),19.874416791666665,34.71652041666667,6.977479775,1017.025,0.0,0.0
2018-10-19,33.996360000875,-117.4924,4.8,27.0,Mira Loma (Van Buren),22.128583541666668,23.621714708333332,11.794039099999999,1015.7333333333332,0.0,0.0
2018-10-20,33.996360000875,-117.4924,7.0,39.0,Mira Loma (Van Buren),22.786916708333333,20.769499083333333,9.672094645833333,1013.9125,0.0,0.041666666666666664
2018-10-21,33.996360000875,-117.4924,12.7,58.0,Mira Loma (Van Buren),21.87650029166667,27.969552875,8.4267221875,1012.1791666666667,0.0,4.666666666666667
2018-10-22,33.996360000875,-117.4924,18.0,68.0,Mira Loma (Van Buren),18.7515001875,68.23749420833333,7.016822433333334,1011.8166666666666,0.0,15.708333333333334
2018-10-23,33.996360000875,-117.4924,22.1,75.0,Mira Loma (Van Buren),18.9202503125,70.06596883333333,9.413442316666666,1011.875,0.0,62.958333333333336
2018-10-24,33.996360000875,-117.4924,23.7,78.0,Mira Loma (Van Buren),20.051500229166667,63.252667,8.259088154166667,1012.3125,0.0,26.375
2018-10-25,33.996360000875,-117.4924,20.7,73.0,Mira Loma (Van Buren),19.73275039583333,69.19250783333332,6.238228579166666,1014.9,0.0,11.583333333333334
2018-10-26,33.996360000875,-117.4924,23.7,78.0,Mira Loma (Van Buren),21.822333125,44.13747120833333,7.075410533333333,1015.4875000000001,0.0,1.0
2018-10-27,33.996360000875,-117.4924,23.4,78.0,Mira Loma (Van Buren),23.00983314583333,35.83035683333333,7.856917237499999,1014.7916666666666,0.0,7.125
2018-10-28,33.996360000875,-117.4924,26.0,82.0,Mira Loma (Van Buren),21.82650035416667,45.801875125,6.911921404166667,1014.9250000000001,0.0,53.083333333333336
2018-10-29,33.996360000875,-117.4924,29.3,89.0,Mira Loma (Van Buren),19.70566697916667,55.34231820833333,7.438927595833333,1014.7624999999999,0.0,90.375
2018-10-30,33.996360000875,-117.4924,24.5,80.0,Mira Loma (Van Buren),17.90566683333333,75.09157879166666,7.447568866666667,1012.8125,0.0,54.291666666666664
2018-10-31,33.996360000875,-117.4924,7.0,39.0,Mira Loma (Van Buren),19.26608375,38.6001666375,12.065650516666667,1014.8541666666666,0.0,7.25
2018-11-01,33.996360000875,-117.4924,5.4,30.0,Mira Loma (Van Buren),20.076500083333332,16.190551833333334,9.294575045833334,1016.6666666666666,0.0,27.5
2018-11-02,33.996360000875,-117.4924,10.9,54.0,Mira Loma (Van Buren),21.707750083333334,26.999263875,7.193364445,1017.5416666666666,0.0,32.458333333333336
2018-11-03,33.996360000875,-117.4924,14.6,61.0,Mira Loma (Van Buren),22.216083375,29.021439583333333,8.087756533333334,1014.3000000000001,0.0,29.333333333333332
2018-11-04,33.996360000875,-117.4924,18.0,68.0,Mira Loma (Van Buren),22.299417083333335,28.666936875,8.938414779166667,1013.6291666666666,0.0,67.625
2018-11-05,33.996360000875,-117.4924,19.8,71.0,Mira Loma (Van Buren),18.914000291666667,54.69217704166667,6.1949814708333335,1011.5708333333333,0.0,40.791666666666664
2018-11-06,33.996360000875,-117.4924,17.0,66.0,Mira Loma (Van Buren),17.491083666666665,79.29794533333333,7.7348098,1012.3041666666667,0.012500000000000002,45.458333333333336
2018-11-07,33.996360000875,-117.4924,24.6,80.0,Mira Loma (Van Buren),17.030666979166668,75.122329875,7.505212608333333,1014.5083333333333,0.0,23.25
2018-11-08,33.996360000875,-117.4924,20.6,72.0,Mira Loma (Van Buren),17.67441691666667,63.47711691666667,11.882069862499998,1014.2208333333333,0.0,28.333333333333332
2018-11-09,33.996360000875,-117.4924,7.0,39.0,Mira Loma (Van Buren),20.409833541666668,7.197636275,36.74853591666667,1016.525,0.0,0.041666666666666664
2018-11-10,33.996360000875,-117.4924,20.7,73.0,Mira Loma (Van Buren),16.4577501875,7.2248396875,10.573808654166667,1015.3916666666668,0.0,0.0
2018-11-11,33.996360000875,-117.4924,22.0,75.0,Mira Loma (Van Buren),15.395250329166666,20.954357983333335,14.550073033333334,1015.6208333333334,0.0,0.0
2018-11-12,33.996360000875,-117.4924,6.0,33.0,Mira Loma (Van Buren),17.107750333333332,7.7976012,18.29436575,1022.3541666666666,0.0,0.0
2018-11-13,33.996360000875,-117.4924,6.0,33.0,Mira Loma (Van Buren),16.468167,9.354616991666667,13.073489133333334,1026.5916666666667,0.0,32.458333333333336
2018-11-14,33.996360000875,-117.4924,4.8,27.0,Mira Loma (Van Buren),18.784833729166667,9.069766691666667,11.155123033333334,1024.2166666666667,0.0,60.583333333333336
2018-11-15,33.996360000875,-117.4924,13.2,59.0,Mira Loma (Van Buren),17.2744169375,12.756222508333332,7.422824329166667,1019.2583333333333,0.0,9.833333333333334
2018-11-16,33.996360000875,-117.4924,18.5,69.0,Mira Loma (Van Buren),17.384833541666666,18.613847979166668,8.059052508333332,1015.9833333333332,0.0,82.0
2018-11-17,33.996360000875,-117.4924,26.9,84.0,Mira Loma (Van Buren),15.514000079166665,42.89088291666667,5.653023075,1016.2708333333334,0.0,48.666666666666664
2018-11-18,33.996360000875,-117.4924,30.9,92.0,Mira Loma (Van Buren),15.353583583333332,55.648608583333335,6.1695190166666665,1017.4375,0.0,67.45833333333333
2018-11-19,33.996360000875,-117.4924,24.7,80.0,Mira Loma (Van Buren),17.141083708333333,22.323722083333333,8.4273890625,1016.7791666666667,0.0,67.875
2018-11-20,33.996360000875,-117.4924,26.1,83.0,Mira Loma (Van Buren),15.530666833333333,44.51396366666666,6.819758008333333,1016.1708333333332,0.0,46.75
2018-11-21,33.996360000875,-117.4924,21.8,75.0,Mira Loma (Van Buren),14.445250187500001,62.00694033333334,6.973448224999999,1018.7708333333334,0.0,19.875
2018-11-22,33.996360000875,-117.4924,12.9,58.0,Mira Loma (Van Buren),15.445250229166668,73.1879765,7.7367574333333335,1019.7416666666667,0.5291666666666667,85.79166666666667
2018-11-23,33.996360000875,-117.4924,21.0,73.0,Mira Loma (Van Buren),13.597333604166666,79.12472845833334,6.0499983791666665,1021.5041666666666,0.0,64.04166666666667
2018-11-24,33.996360000875,-117.4924,20.1,71.0,Mira Loma (Van Buren),13.880666916666668,81.313469,5.180715649166666,1015.1458333333334,0.0,47.375
2018-11-25,33.996360000875,-117.4924,14.9,62.0,Mira Loma (Van Buren),14.6806669375,73.995344125,6.4478579583333335,1014.5166666666668,0.0,31.208333333333332
2018-11-26,33.996360000875,-117.4924,2.8,16.0,Mira Loma (Van Buren),16.309833708333333,39.034529479166665,10.059306095833334,1018.4458333333333,0.0,4.291666666666667
2018-11-27,33.996360000875,-117.4924,12.5,57.0,Mira Loma (Van Buren),15.132750229166668,39.773274666666666,7.011910270833333,1018.1666666666666,0.0,44.333333333333336
2018-11-28,33.996360000875,-117.4924,16.9,66.0,Mira Loma (Van Buren),13.878583695833333,57.171062291666665,6.251898016666666,1014.5541666666667,0.0,40.291666666666664
2018-11-29,33.996360000875,-117.4924,3.1,17.0,Mira Loma (Van Buren),14.139000333333334,86.13847824999999,10.77774069875,1010.5958333333333,0.4583333333333333,80.08333333333333
2018-11-30,33.996360000875,-117.4924,8.4,47.0,Mira Loma (Van Buren),12.6723336875,84.95897320833333,9.998332445833332,1010.6041666666666,0.24166666666666667,66.66666666666667
2018-12-01,33.996360000875,-117.4924,14.0,60.0,Mira Loma (Van Buren),11.832750191666667,76.183472,6.119160865416667,1014.7791666666667,0.0,29.291666666666668
2018-12-02,33.996360000875,-117.4924,16.5,65.0,Mira Loma (Van Buren),10.657750383333333,74.65715529166667,5.537306808333334,1014.4541666666668,0.0,33.458333333333336
2018-12-03,33.996360000875,-117.4924,7.3,41.0,Mira Loma (Van Buren),10.4598333875,61.67704491666667,5.5933516333333335,1019.8000000000001,0.0,25.166666666666668
2018-12-04,33.996360000875,-117.4924,3.5,19.0,Mira Loma (Van Buren),12.097333604166666,47.40632983333333,9.0597597125,1018.4208333333332,0.0,51.708333333333336
2018-12-05,33.996360000875,-117.4924,9.1,51.0,Mira Loma (Van Buren),9.909833579166667,63.91354208333333,8.0725464375,1014.6208333333334,0.22916666666666666,64.16666666666667
2018-12-06,33.996360000875,-117.4924,5.1,28.0,Mira Loma (Van Buren),10.630666958333334,90.72149129166667,9.464687516666666,1012.4499999999999,0.725,79.20833333333333
2018-12-07,33.996360000875,-117.4924,6.7,37.0,Mira Loma (Van Buren),11.720250291666666,78.833339875,10.079368220833333,1015.8916666666668,0.7000000000000001,50.958333333333336
2018-12-08,33.996360000875,-117.4924,16.8,65.0,Mira Loma (Van Buren),11.697333475,74.15713825,5.8543665958333335,1022.8583333333332,0.0,2.9166666666666665
2018-12-09,33.996360000875,-117.4924,13.6,59.0,Mira Loma (Van Buren),12.972333529166667,70.80134045833334,6.441901425,1024.2458333333334,0.0,69.45833333333333
2018-12-10,33.996360000875,-117.4924,23.4,78.0,Mira Loma (Van Buren),13.76400025,66.75233508333334,5.7020159625,1019.85,0.0,99.375
2018-12-11,33.996360000875,-117.4924,23.2,77.0,Mira Loma (Van Buren),13.0785836875,69.62902745833334,5.578009620833334,1016.6625,0.012499999999999999,68.25
2018-12-12,33.996360000875,-117.4924,30.1,90.0,Mira Loma (Van Buren),11.826500179166667,73.50819354166667,5.865452820833333,1018.5458333333332,0.0,27.833333333333332
2018-12-13,33.996360000875,-117.4924,11.5,55.0,Mira Loma (Van Buren),12.339000200000001,64.59473874999999,8.099625158333334,1022.6416666666668,0.0,1.0833333333333333
2018-12-14,33.996360000875,-117.4924,13.4,59.0,Mira Loma (Van Buren),13.043166916666666,46.449669166666666,7.581690895833333,1022.0375,0.0,81.79166666666667
2018-12-15,33.996360000875,-117.4924,21.0,73.0,Mira Loma (Van Buren),13.720250195833332,47.776941666666666,6.034537525,1018.9458333333333,0.0,42.208333333333336
2018-12-16,33.996360000875,-117.4924,26.6,84.0,Mira Loma (Van Buren),13.582750245833333,49.61480241666666,6.3646406791666665,1019.2125,0.0,5.166666666666667
2018-12-17,33.996360000875,-117.4924,17.2,66.0,Mira Loma (Van Buren),12.878583625,77.054888625,6.500784158333333,1021.0875,0.012499999999999999,63.041666666666664
2018-12-18,33.996360000875,-117.4924,21.4,74.0,Mira Loma (Van Buren),13.932750291666666,82.27980970833333,5.852017520833333,1022.2416666666667,0.004166666666666667,74.625
2018-12-19,33.996360000875,-117.4924,25.5,82.0,Mira Loma (Van Buren),13.164000175,66.65549941666667,6.98083693625,1021.1833333333334,0.0,20.5
2018-12-20,33.996360000875,-117.4924,24.0,79.0,Mira Loma (Van Buren),15.1702501875,46.545306374999996,6.102448825,1019.3666666666667,0.0,33.416666666666664
2018-12-21,33.996360000875,-117.4924,25.2,81.0,Mira Loma (Van Buren),14.591083541666668,52.447956874999996,6.9488738625,1016.1541666666667,0.0,84.125
2018-12-22,33.996360000875,-117.4924,36.1,102.0,Mira Loma (Van Buren),13.743166883333332,55.10890245833334,4.3597915625,1016.1916666666666,0.0,43.75
2018-12-23,33.996360000875,-117.4924,54.7,148.0,Mira Loma (Van Buren),13.5598338125,61.044095875000004,5.8733047375,1019.3125,0.0,40.208333333333336
2018-12-24,33.996360000875,-117.4924,64.8,158.0,Mira Loma (Van Buren),12.847333462500002,73.91874525,6.3825717666666675,1017.8249999999999,0.0,43.833333333333336
2018-12-25,33.996360000875,-117.4924,16.2,64.0,Mira Loma (Van Buren),12.793166999999999,80.61827233333334,8.347003820833335,1010.6166666666667,0.1416666666666667,46.916666666666664
2018-12-26,33.996360000875,-117.4924,12.3,57.0,Mira Loma (Van Buren),10.630666825,72.147645625,6.779712583333333,1013.475,0.0,15.875
2018-12-27,33.996360000875,-117.4924,10.2,53.0,Mira Loma (Van Buren),10.030666833333333,69.756747,7.191214820833333,1014.9041666666667,0.0,38.875
2018-12-28,33.996360000875,-117.4924,1.6,9.0,Mira Loma (Van Buren),9.872333370833333,31.908947125,14.927040245833332,1016.3708333333334,0.0,6.375
2018-12-29,33.996360000875,-117.4924,4.6,26.0,Mira Loma (Van Buren),8.486916708333334,27.04901364583333,6.923073275,1024.2666666666667,0.0,0.0
2018-12-30,33.996360000875,-117.4924,17.9,67.0,Mira Loma (Van Buren),9.014000008333333,31.476264291666666,5.689306329166667,1020.8083333333334,0.0,18.458333333333332
2018-12-31,33.996360000875,-117.4924,9.7,52.0,Mira Loma (Van Buren),10.25983355,57.05200295833333,9.844212412500001,1012.7833333333333,0.004166666666666667,41.208333333333336
2019-01-01,33.996360000875,-117.4924,1.3,7.0,Mira Loma (Van Buren),9.309833441666667,23.34791854166667,19.54417966666667,1017.2208333333333,0.0,0.375
2019-01-02,33.996360000875,-117.4924,3.9,22.0,Mira Loma (Van Buren),8.439000120833333,16.854962520833332,9.963368761666667,1021.8375,0.0,13.916666666666666
2019-01-03,33.996360000875,-117.4924,13.7,60.0,Mira Loma (Van Buren),9.3494168625,29.261864625,7.131997845833333,1022.9541666666668,0.0,7.083333333333333
2019-01-04,33.996360000875,-117.4924,19.6,71.0,Mira Loma (Van Buren),10.764000162499999,30.35811354166667,6.0887192375,1018.0416666666666,0.0,0.20833333333333334
2019-01-05,33.996360000875,-117.4924,31.5,93.0,Mira Loma (Van Buren),11.107750333333334,50.219881875,6.151315252916667,1014.8125,0.0,84.54166666666667
2019-01-06,33.996360000875,-117.4924,13.0,58.0,Mira Loma (Van Buren),10.259833500000001,78.58415545833334,5.7866404125,1017.0124999999999,0.42083333333333334,80.25
2019-01-07,33.996360000875,-117.4924,10.0,53.0,Mira Loma (Van Buren),11.116083604166667,76.00188791666666,6.304247741666667,1023.3916666666668,0.03333333333333333,65.875
2019-01-08,33.996360000875,-117.4924,6.3,35.0,Mira Loma (Van Buren),13.047333479166667,68.29703320833333,7.138681075,1020.8083333333334,0.0,62.833333333333336
2019-01-09,33.996360000875,-117.4924,16.6,65.0,Mira Loma (Van Buren),13.016083579166667,65.20630741666666,5.506703004166667,1019.9499999999999,0.0,57.0
2019-01-10,33.996360000875,-117.4924,25.8,82.0,Mira Loma (Van Buren),11.9140002125,73.21492491666667,6.135675111249999,1019.8333333333334,0.0,5.666666666666667
2019-01-11,33.996360000875,-117.4924,30.7,91.0,Mira Loma (Van Buren),11.964000279166667,78.58955008333334,5.905837758333334,1019.0958333333333,0.0,71.66666666666667
2019-01-12,33.996360000875,-117.4924,10.2,53.0,Mira Loma (Van Buren),11.595250437499999,78.50573175000001,7.6468324,1016.4416666666666,0.625,75.25
2019-01-13,33.996360000875,-117.4924,11.9,56.0,Mira Loma (Van Buren),9.4640001625,80.457201875,6.055974783333333,1018.1333333333333,0.024999999999999998,36.75
2019-01-14,33.996360000875,-117.4924,6.8,38.0,Mira Loma (Van Buren),10.886916979166665,73.40872633333333,9.047806204166667,1017.0291666666667,0.8125,78.95833333333333
2019-01-15,33.996360000875,-117.4924,7.5,42.0,Mira Loma (Van Buren),10.4973335625,87.00055783333333,6.750054787500001,1016.9666666666667,0.3333333333333333,96.25
2019-01-16,33.996360000875,-117.4924,3.5,19.0,Mira Loma (Van Buren),11.922333666666667,91.53665154166667,6.513621341666667,1020.2375000000001,0.6041666666666666,86.5
2019-01-17,33.996360000875,-117.4924,4.6,26.0,Mira Loma (Van Buren),13.270250312500002,94.92766870833333,7.492449054166666,1020.9708333333333,1.0708333333333333,97.70833333333333
2019-01-18,33.996360000875,-117.4924,15.7,63.0,Mira Loma (Van Buren),12.909833687499999,91.00230079166666,7.925495240833333,1023.0666666666666,0.016666666666666666,73.08333333333333
2019-01-19,33.996360000875,-117.4924,9.4,52.0,Mira Loma (Van Buren),13.316083395833333,73.78178025,7.600330170833334,1024.2833333333333,0.0,6.416666666666667
2019-01-20,33.996360000875,-117.4924,11.9,56.0,Mira Loma (Van Buren),13.924416854166667,68.13955995833334,6.505610169583334,1019.5708333333333,0.0,78.83333333333333
2019-01-21,33.996360000875,-117.4924,4.9,27.0,Mira Loma (Van Buren),12.899416916666667,71.82593166666666,11.6168896,1016.3166666666666,0.0,43.333333333333336
2019-01-22,33.996360000875,-117.4924,2.5,14.0,Mira Loma (Van Buren),9.870250091666668,52.9871695,12.379866775000002,1021.4416666666666,0.0,7.625
2019-01-23,33.996360000875,-117.4924,7.6,42.0,Mira Loma (Van Buren),9.21191675,48.52419870833333,6.5718810125000005,1026.8041666666666,0.0,10.208333333333334
2019-01-24,33.996360000875,-117.4924,3.3,18.0,Mira Loma (Van Buren),12.795250129166668,48.894874416666674,8.850696783333333,1020.5708333333333,0.0,18.583333333333332
2019-01-25,33.996360000875,-117.4924,3.5,19.0,Mira Loma (Van Buren),13.139000145833334,47.786951249999994,7.710700583333334,1020.5124999999999,0.0,2.25
2019-01-26,33.996360000875,-117.4924,3.4,19.0,Mira Loma (Van Buren),14.834833583333333,45.38477179166667,12.584592583333333,1021.65,0.0,40.125
2019-01-27,33.996360000875,-117.4924,14.8,62.0,Mira Loma (Van Buren),14.095250270833333,52.391237875,7.044929762500001,1021.1666666666666,0.0,54.166666666666664
2019-01-28,33.996360000875,-117.4924,27.3,85.0,Mira Loma (Van Buren),14.028583654166667,53.937427500000005,6.898449195833333,1016.0416666666666,0.0,61.291666666666664
2019-01-29,33.996360000875,-117.4924,36.4,103.0,Mira Loma (Van Buren),15.2348336875,56.82212616666666,5.298082558333333,1013.9458333333333,0.0,81.33333333333333
2019-01-30,33.996360000875,-117.4924,36.2,103.0,Mira Loma (Van Buren),14.297333625,83.42248325,5.172340183333334,1012.5333333333333,0.0,82.66666666666667
2019-01-31,33.996360000875,-117.4924,23.3,77.0,Mira Loma (Van Buren),12.311916895833335,87.63899279166667,6.239474287499999,1013.9333333333334,0.6041666666666666,64.75
2019-02-01,33.996360000875,-117.4924,9.9,52.0,Mira Loma (Van Buren),10.122333491666668,87.92748775,7.967158295833333,1015.1666666666666,0.1125,53.791666666666664
2019-02-02,33.996360000875,-117.4924,5.1,28.0,Mira Loma (Van Buren),12.489000291666668,88.74456179166667,8.443929254166667,1012.7916666666666,1.1083333333333334,97.45833333333333
2019-02-03,33.996360000875,-117.4924,5.2,29.0,Mira Loma (Van Buren),9.980666891666667,92.26103629166666,6.705541983333333,1012.0541666666667,0.43333333333333335,72.04166666666667
2019-02-04,33.996360000875,-117.4924,2.9,16.0,Mira Loma (Van Buren),10.216083854166667,91.56797983333333,7.525654129166667,1011.7125,0.2708333333333333,91.45833333333333
2019-02-05,33.996360000875,-117.4924,2.6,14.0,Mira Loma (Van Buren),8.751500166666666,89.78416299999999,11.9161433625,1012.0583333333334,0.19166666666666668,71.04166666666667
2019-02-06,33.996360000875,-117.4924,7.8,43.0,Mira Loma (Van Buren),6.386916704166667,72.85000145833332,7.008894491666666,1016.9583333333334,0.012500000000000002,9.791666666666666
2019-02-07,33.996360000875,-117.4924,8.6,48.0,Mira Loma (Van Buren),6.686916704166666,61.83178233333334,7.175289079166666,1023.4875000000001,0.0,2.625
2019-02-08,33.996360000875,-117.4924,13.5,59.0,Mira Loma (Van Buren),7.7119167625,61.096188500000004,6.380607699166667,1021.3208333333333,0.0,0.08333333333333333
2019-02-09,33.996360000875,-117.4924,13.7,60.0,Mira Loma (Van Buren),8.547333425,81.00109904166666,6.781448941666667,1017.1374999999999,0.075,62.458333333333336
2019-02-10,33.996360000875,-117.4924,7.4,41.0,Mira Loma (Van Buren),8.555666683333333,83.96927983333333,7.9341155875,1017.2916666666666,0.07083333333333333,54.166666666666664
2019-02-11,33.996360000875,-117.4924,7.4,41.0,Mira Loma (Van Buren),7.001500080833334,77.53225404166666,7.633029870833333,1019.5083333333333,0.07916666666666666,27.416666666666668
2019-02-12,33.996360000875,-117.4924,10.9,54.0,Mira Loma (Van Buren),8.982750166666667,57.149847,6.81150565,1020.4416666666666,0.0,53.666666666666664
2019-02-13,33.996360000875,-117.4924,10.7,54.0,Mira Loma (Van Buren),10.411916937500001,65.69169308333333,6.305924354166667,1015.7875,0.10416666666666667,99.79166666666667
2019-02-14,33.996360000875,-117.4924,6.5,36.0,Mira Loma (Van Buren),11.249417062500001,93.81486520833333,11.476145616666665,1011.8166666666666,1.9625000000000001,100.0
2019-02-15,33.996360000875,-117.4924,5.9,33.0,Mira Loma (Van Buren),10.843167020833334,85.68993375000001,9.996136045833333,1016.6125000000001,0.041666666666666664,94.58333333333333
2019-02-16,33.996360000875,-117.4924,5.2,29.0,Mira Loma (Van Buren),9.539000095833334,78.77100925,10.971195645833333,1019.0208333333334,0.06666666666666667,50.791666666666664
2019-02-17,33.996360000875,-117.4924,5.3,29.0,Mira Loma (Van Buren),8.314000108333333,76.17080454166667,8.642229583333334,1018.0041666666666,0.024999999999999998,23.416666666666668
2019-02-18,33.996360000875,-117.4924,6.7,37.0,Mira Loma (Van Buren),6.803583354166666,70.81280391666667,8.613505283333334,1016.1416666666668,0.016666666666666666,21.708333333333332
2019-02-19,33.996360000875,-117.4924,10.8,54.0,Mira Loma (Van Buren),5.745250074166666,62.721442749999994,6.405804216666667,1019.6333333333333,0.0,6.208333333333333
2019-02-20,33.996360000875,-117.4924,14.5,61.0,Mira Loma (Van Buren),5.868166816666666,72.26300825,6.809653804166667,1017.5791666666668,0.004166666666666667,35.916666666666664
2019-02-21,33.996360000875,-117.4924,8.6,48.0,Mira Loma (Van Buren),6.7390000458333335,84.11290100000001,4.821596491666667,1005.1750000000001,0.41250000000000003,69.29166666666667
2019-02-22,33.996360000875,-117.4924,13.6,59.0,Mira Loma (Van Buren),6.207750116666666,66.71713558333333,6.939391033333333,1011.0666666666666,0.020833333333333332,51.875
2019-02-23,33.996360000875,-117.4924,14.9,62.0,Mira Loma (Van Buren),7.1577500625,64.15130966666668,7.107827366666666,1023.9708333333333,0.0,10.708333333333334
2019-02-24,33.996360000875,-117.4924,20.5,72.0,Mira Loma (Van Buren),9.086916833333333,66.64508866666667,6.049593237500001,1023.3000000000001,0.0,67.625
2019-02-25,33.996360000875,-117.4924,16.9,66.0,Mira Loma (Van Buren),11.1806669375,66.22995558333334,6.257678008333333,1018.2333333333332,0.0,56.041666666666664
2019-02-26,33.996360000875,-117.4924,21.0,73.0,Mira Loma (Van Buren),11.322333408333334,76.85896316666667,6.577989416666667,1018.2125,0.0,51.0
2019-02-27,33.996360000875,-117.4924,21.8,75.0,Mira Loma (Van Buren),11.359833516666667,78.63050879166667,5.639554016666668,1019.9875000000001,0.0,61.291666666666664
2019-02-28,33.996360000875,-117.4924,15.9,64.0,Mira Loma (Van Buren),13.699417020833332,81.52238279166667,4.703600804166666,1020.1958333333333,0.10833333333333334,87.20833333333333
2019-03-01,33.996360000875,-117.4924,13.5,59.0,Mira Loma (Van Buren),14.305666770833334,83.584959875,6.321190515833333,1018.7041666666665,0.016666666666666666,90.29166666666667
2019-03-02,33.996360000875,-117.4924,6.5,36.0,Mira Loma (Van Buren),13.4952503125,91.75142129166666,6.407440895833333,1016.5625,0.775,95.25
2019-03-03,33.996360000875,-117.4924,3.8,21.0,Mira Loma (Van Buren),13.824416999999999,88.12130283333333,9.245646245833333,1018.0541666666667,0.2625,86.75
2019-03-04,33.996360000875,-117.4924,6.8,38.0,Mira Loma (Van Buren),13.059833583333335,82.269136625,8.275027516666666,1018.3041666666667,0.04583333333333334,99.58333333333333
2019-03-05,33.996360000875,-117.4924,14.2,61.0,Mira Loma (Van Buren),12.393166800000001,76.57539416666667,7.356216941666666,1016.5749999999999,0.0,63.708333333333336
2019-03-06,33.996360000875,-117.4924,5.5,31.0,Mira Loma (Van Buren),13.274416958333333,83.66797008333333,9.122968116666668,1014.775,1.0791666666666666,85.04166666666667
2019-03-07,33.996360000875,-117.4924,4.3,24.0,Mira Loma (Van Buren),12.805667041666666,85.48694391666668,8.911566525,1016.5416666666666,0.14166666666666666,64.70833333333333
2019-03-08,33.996360000875,-117.4924,3.9,22.0,Mira Loma (Van Buren),10.624416979166666,73.16097666666667,14.050355433333335,1016.0749999999999,0.012500000000000002,38.166666666666664
2019-03-09,33.996360000875,-117.4924,4.0,22.0,Mira Loma (Van Buren),9.874416895833333,75.25928170833333,6.214114545833333,1016.9458333333333,0.008333333333333333,58.125
2019-03-10,33.996360000875,-117.4924,7.4,41.0,Mira Loma (Van Buren),9.301500070833333,75.63446583333334,5.813205011666667,1014.6791666666667,0.012499999999999999,83.54166666666667
2019-03-11,33.996360000875,-117.4924,7.7,43.0,Mira Loma (Van Buren),10.841083437500002,73.97293708333333,8.4713775375,1013.5749999999999,0.0,89.25
2019-03-12,33.996360000875,-117.4924,5.0,28.0,Mira Loma (Van Buren),11.341083570833334,78.51411695833333,7.953256820833334,1008.8291666666668,0.23750000000000002,70.41666666666667
2019-03-13,33.996360000875,-117.4924,10.3,53.0,Mira Loma (Van Buren),11.989000270833332,77.54385966666666,7.348818495833334,1012.3375,0.0,31.041666666666668
2019-03-14,33.996360000875,-117.4924,1.6,9.0,Mira Loma (Van Buren),12.001500270833333,47.638882875,18.060813908333333,1020.5208333333334,0.0,0.16666666666666666
2019-03-15,33.996360000875,-117.4924,1.7,9.0,Mira Loma (Van Buren),12.805666766666667,40.06622158333334,14.5547043125,1020.775,0.0,10.958333333333334
2019-03-16,33.996360000875,-117.4924,3.0,17.0,Mira Loma (Van Buren),15.041083479166666,40.454888458333336,13.776344691666667,1016.9833333333332,0.0,0.0
2019-03-17,33.996360000875,-117.4924,7.5,42.0,Mira Loma (Van Buren),16.584833624999998,53.655505500000004,6.452484758333333,1016.0375,0.0,0.0
2019-03-18,33.996360000875,-117.4924,10.8,54.0,Mira Loma (Van Buren),17.268167145833335,59.292203416666666,8.322146508333333,1014.775,0.0,5.75
2019-03-19,33.996360000875,-117.4924,16.5,65.0,Mira Loma (Van Buren),15.716083520833331,71.11985970833334,8.374152504166666,1014.2624999999999,0.0,45.708333333333336
2019-03-20,33.996360000875,-117.4924,20.2,72.0,Mira Loma (Van Buren),13.582750416666668,77.93835820833333,9.0282549875,1016.0583333333334,0.11666666666666665,79.33333333333333
2019-03-21,33.996360000875,-117.4924,4.5,25.0,Mira Loma (Van Buren),10.159833591666667,88.26298354166666,4.9924493575,1019.3375,0.3541666666666667,72.875
2019-03-22,33.996360000875,-117.4924,8.7,48.0,Mira Loma (Van Buren),11.830666875,79.90106891666666,4.99915777,1020.9791666666666,0.05000000000000001,67.45833333333333
2019-03-23,33.996360000875,-117.4924,11.2,55.0,Mira Loma (Van Buren),12.88900025,77.76474566666667,6.405857845833332,1020.9416666666666,0.020833333333333332,80.0
2019-03-24,33.996360000875,-117.4924,9.3,51.0,Mira Loma (Van Buren),14.091083666666668,77.08078008333334,6.9612213291666665,1020.8583333333332,0.0,35.5
2019-03-25,33.996360000875,-117.4924,14.7,61.0,Mira Loma (Van Buren),15.591083562500001,70.15016525,7.64536465,1019.9250000000001,0.0,13.041666666666666
2019-03-26,33.996360000875,-117.4924,17.5,67.0,Mira Loma (Van Buren),15.009833541666666,74.89062266666666,6.394150308333334,1016.8000000000001,0.0,81.75
2019-03-27,33.996360000875,-117.4924,11.3,55.0,Mira Loma (Van Buren),14.599417,73.24321583333334,7.721139520833333,1016.8249999999999,0.0,84.45833333333333
2019-03-28,33.996360000875,-117.4924,5.6,31.0,Mira Loma (Van Buren),15.303583625,76.04219195833333,9.999877595833334,1020.7666666666668,0.020833333333333332,62.583333333333336
2019-03-29,33.996360000875,-117.4924,9.8,52.0,Mira Loma (Van Buren),13.728583541666666,67.367840375,9.042898325000001,1021.6291666666666,0.0,24.541666666666668
2019-03-30,33.996360000875,-117.4924,11.3,55.0,Mira Loma (Van Buren),16.17858364583333,52.71866641666667,8.066104170833333,1017.8833333333333,0.0,41.875
2019-03-31,33.996360000875,-117.4924,9.3,51.0,Mira Loma (Van Buren),18.632750208333334,39.538123416666664,10.718361770833333,1016.2208333333333,0.0,2.0833333333333335
2019-04-01,33.996360000875,-117.4924,10.2,53.0,Mira Loma (Van Buren),20.059833604166666,33.598185916666665,9.154252958333332,1014.4875000000001,0.0,90.58333333333333
2019-04-02,33.996360000875,-117.4924,10.9,54.0,Mira Loma (Van Buren),17.9098335625,50.46588216666667,9.465620058333334,1012.6708333333332,0.0,41.958333333333336
2019-04-03,33.996360000875,-117.4924,4.2,23.0,Mira Loma (Van Buren),14.972333749999999,69.71338866666666,8.2297559875,1016.0124999999999,0.041666666666666664,70.91666666666667
2019-04-04,33.996360000875,-117.4924,3.4,19.0,Mira Loma (Van Buren),14.9910836875,70.28533424999999,8.825340291666667,1018.0791666666668,0.012500000000000002,98.125
2019-04-05,33.996360000875,-117.4924,3.8,21.0,Mira Loma (Van Buren),14.47025025,69.915205625,10.074187420833333,1016.3833333333333,0.02916666666666667,88.375
2019-04-06,33.996360000875,-117.4924,6.5,36.0,Mira Loma (Van Buren),15.095250208333333,69.38666866666667,8.259201404166667,1017.7875,0.0,70.95833333333333
2019-04-07,33.996360000875,-117.4924,11.5,55.0,Mira Loma (Van Buren),17.107750354166665,64.61908045833333,8.118171894583334,1020.0541666666667,0.0,44.916666666666664
2019-04-08,33.996360000875,-117.4924,13.9,60.0,Mira Loma (Van Buren),22.38900035416667,42.94885395833333,8.739908745833333,1017.5083333333333,0.0,88.54166666666667
2019-04-09,33.996360000875,-117.4924,11.9,56.0,Mira Loma (Van Buren),21.57650025,47.544043708333334,9.772295775,1014.6791666666667,0.0,39.333333333333336
2019-04-10,33.996360000875,-117.4924,4.7,26.0,Mira Loma (Van Buren),17.355666875,30.0630495,9.426321525,1015.5541666666667,0.0,1.2916666666666667
2019-04-11,33.996360000875,-117.4924,10.6,54.0,Mira Loma (Van Buren),17.318166833333333,31.79648966666667,8.759403533333334,1016.0041666666666,0.0,25.291666666666668
2019-04-12,33.996360000875,-117.4924,8.9,49.0,Mira Loma (Van Buren),16.0890004375,55.754712000000005,8.040840983333334,1008.5749999999999,0.0,19.25
2019-04-13,33.996360000875,-117.4924,9.5,52.0,Mira Loma (Van Buren),17.6369169375,42.70207879166667,9.012924241666667,1012.3625000000001,0.0,11.083333333333334
2019-04-14,33.996360000875,-117.4924,10.8,54.0,Mira Loma (Van Buren),18.37025025,42.997099999999996,9.837045070833334,1014.2916666666666,0.0,85.20833333333333
2019-04-15,33.996360000875,-117.4924,9.7,52.0,Mira Loma (Van Buren),17.1598335,48.521871000000004,9.323027362500001,1011.3666666666667,0.0,73.95833333333333
2019-04-16,33.996360000875,-117.4924,6.8,38.0,Mira Loma (Van Buren),14.630666958333334,69.61006829166666,10.497132145833334,1013.5625,0.0625,78.45833333333333
2019-04-17,33.996360000875,-117.4924,8.9,49.0,Mira Loma (Van Buren),15.751500374999999,68.203318,9.174761208333333,1018.4833333333332,0.008333333333333333,38.541666666666664
2019-04-18,33.996360000875,-117.4924,14.4,61.0,Mira Loma (Van Buren),19.9973335625,45.539456,9.509231591666667,1018.5541666666667,0.0,60.166666666666664
2019-04-19,33.996360000875,-117.4924,15.3,63.0,Mira Loma (Van Buren),21.5994168125,44.66754854166666,9.909197328333333,1014.4625,0.0,27.125
2019-04-20,33.996360000875,-117.4924,10.7,54.0,Mira Loma (Van Buren),15.9681669375,68.122889,11.264357345833332,1013.7291666666666,0.004166666666666667,53.583333333333336
2019-04-21,33.996360000875,-117.4924,7.3,41.0,Mira Loma (Van Buren),15.418166895833332,65.52766208333334,8.7151043625,1015.375,0.0,53.416666666666664
2019-04-22,33.996360000875,-117.4924,11.0,55.0,Mira Loma (Van Buren),14.947333520833332,67.08887941666667,11.556411254166667,1015.4416666666666,0.0,15.166666666666666
2019-04-23,33.996360000875,-117.4924,15.5,63.0,Mira Loma (Van Buren),19.699417020833334,54.64529858333333,9.98009145,1013.75,0.0,1.375
2019-04-24,33.996360000875,-117.4924,14.7,61.0,Mira Loma (Van Buren),20.514000354166665,55.825659374999994,8.702375466666666,1014.0124999999999,0.0,1.0416666666666667
2019-04-25,33.996360000875,-117.4924,12.9,58.0,Mira Loma (Van Buren),19.936916895833335,61.91579083333334,9.148444691666667,1014.0458333333332,0.0,24.416666666666668
2019-04-26,33.996360000875,-117.4924,14.1,60.0,Mira Loma (Van Buren),19.318167,67.70779275,10.593108616666667,1014.4416666666666,0.0,59.833333333333336
2019-04-27,33.996360000875,-117.4924,16.0,64.0,Mira Loma (Van Buren),17.424416875000002,68.88823616666666,9.764784029166668,1014.9333333333334,0.0,59.125
2019-04-28,33.996360000875,-117.4924,15.3,63.0,Mira Loma (Van Buren),17.705666895833335,67.23306325,9.667861204166666,1012.1416666666668,0.0,74.875
2019-04-29,33.996360000875,-117.4924,4.9,27.0,Mira Loma (Van Buren),16.261916958333334,71.98355975,10.1096879375,1009.7208333333333,0.09999999999999999,74.125
2019-04-30,33.996360000875,-117.4924,7.6,42.0,Mira Loma (Van Buren),15.214000354166666,73.38238645833333,10.346793674999999,1013.5041666666666,0.04583333333333334,83.95833333333333
2019-05-01,33.996360000875,-117.4924,9.4,52.0,Mira Loma (Van Buren),15.4994168125,65.5488405,8.988906304166667,1015.3708333333334,0.0,63.916666666666664
2019-05-02,33.996360000875,-117.4924,14.0,60.0,Mira Loma (Van Buren),16.168166916666667,68.82059766666667,8.690325095833334,1015.3333333333334,0.0,64.625
2019-05-03,33.996360000875,-117.4924,17.3,66.0,Mira Loma (Van Buren),17.53900025,72.656980375,8.574643341666667,1013.8791666666666,0.0,61.666666666666664
2019-05-04,33.996360000875,-117.4924,16.1,64.0,Mira Loma (Van Buren),17.6848336875,67.71655341666667,8.8006862875,1012.4791666666666,0.0,19.291666666666668
2019-05-05,33.996360000875,-117.4924,10.0,53.0,Mira Loma (Van Buren),17.2160835625,65.295039125,9.660453641666667,1011.0291666666667,0.0,42.666666666666664
2019-05-06,33.996360000875,-117.4924,5.0,28.0,Mira Loma (Van Buren),16.111917000000002,65.5584575,11.738023379166668,1011.8874999999999,0.06666666666666667,52.5
2019-05-07,33.996360000875,-117.4924,5.3,29.0,Mira Loma (Van Buren),16.005666895833333,67.32329608333333,8.926711616666667,1015.8708333333334,0.008333333333333333,70.83333333333333
2019-05-08,33.996360000875,-117.4924,16.7,65.0,Mira Loma (Van Buren),15.974416833333335,65.72054208333334,9.256014,1016.2458333333334,0.004166666666666667,76.66666666666667
2019-05-09,33.996360000875,-117.4924,8.5,47.0,Mira Loma (Van Buren),16.170250375,69.62656983333333,8.087145066666666,1011.3583333333332,0.016666666666666666,90.58333333333333
2019-05-10,33.996360000875,-117.4924,4.1,23.0,Mira Loma (Van Buren),15.780666875000001,73.34472408333333,7.451702533333333,1009.2958333333332,0.10833333333333334,87.45833333333333
2019-05-11,33.996360000875,-117.4924,8.3,46.0,Mira Loma (Van Buren),17.407750229166666,70.39952695833334,8.231647404166667,1012.3541666666666,0.024999999999999998,52.375
2019-05-12,33.996360000875,-117.4924,10.0,53.0,Mira Loma (Van Buren),19.184833541666666,67.86842170833334,9.275265775,1012.7916666666666,0.0,20.416666666666668
2019-05-13,33.996360000875,-117.4924,11.5,55.0,Mira Loma (Van Buren),19.005666791666666,69.127798,9.4175837625,1014.7458333333334,0.0,52.291666666666664
2019-05-14,33.996360000875,-117.4924,20.7,73.0,Mira Loma (Van Buren),19.559833729166666,66.12900520833334,9.858181129166667,1015.1208333333334,0.0,36.041666666666664
2019-05-15,33.996360000875,-117.4924,11.0,55.0,Mira Loma (Van Buren),18.7202501875,67.01633554166666,11.433913804166666,1013.5041666666666,0.0,81.95833333333333
2019-05-16,33.996360000875,-117.4924,5.8,32.0,Mira Loma (Van Buren),16.191083645833334,68.08619704166667,15.025971245833333,1012.5208333333334,0.26666666666666666,72.29166666666667
2019-05-17,33.996360000875,-117.4924,5.8,32.0,Mira Loma (Van Buren),16.191083645833334,68.08619704166667,15.025971245833333,1012.5208333333334,0.26666666666666666,72.29166666666667
2019-05-18,33.996360000875,-117.4924,9.2,51.0,Mira Loma (Van Buren),16.328583541666667,58.05733420833334,10.019221504166667,1014.275,0.0,39.916666666666664
2019-05-19,33.996360000875,-117.4924,4.3,24.0,Mira Loma (Van Buren),15.209833645833333,66.76592766666667,12.778082241666667,1012.1083333333332,0.12083333333333333,85.83333333333333
2019-05-20,33.996360000875,-117.4924,5.3,29.0,Mira Loma (Van Buren),14.47650025,65.81533358333333,12.768274558333333,1011.5124999999999,0.05833333333333334,42.125
2019-05-21,33.996360000875,-117.4924,5.8,32.0,Mira Loma (Van Buren),14.5535836875,69.64470070833333,11.389297520833333,1012.9583333333334,0.0375,62.25
2019-05-22,33.996360000875,-117.4924,5.3,29.0,Mira Loma (Van Buren),14.1806669375,68.60267679166667,6.150290008333333,1006.8708333333334,0.21666666666666667,63.625
2019-05-23,33.996360000875,-117.4924,10.0,53.0,Mira Loma (Van Buren),12.661916875000001,77.73445629166666,6.530762,1011.6750000000001,0.1875,76.70833333333333
2019-05-24,33.996360000875,-117.4924,9.3,51.0,Mira Loma (Van Buren),15.095250229166666,74.45872391666667,6.8533663625,1015.1333333333333,0.0,26.208333333333332
2019-05-25,33.996360000875,-117.4924,8.5,47.0,Mira Loma (Van Buren),16.199416958333334,65.97022779166666,10.192322125,1011.9791666666666,0.0,8.666666666666666
2019-05-26,33.996360000875,-117.4924,5.1,28.0,Mira Loma (Van Buren),14.545250458333333,71.42422120833334,12.157886979166667,1012.3041666666667,0.041666666666666664,67.41666666666667
2019-05-27,33.996360000875,-117.4924,5.4,30.0,Mira Loma (Van Buren),13.653583500000002,68.27681020833333,9.866749941666667,1015.225,0.049999999999999996,53.958333333333336
2019-05-28,33.996360000875,-117.4924,8.1,45.0,Mira Loma (Van Buren),14.882750291666667,63.019667625000004,7.5297747374999995,1014.0416666666666,0.0,11.333333333333334
2019-05-29,33.996360000875,-117.4924,12.9,58.0,Mira Loma (Van Buren),17.595250354166666,65.05641629166666,8.640052183333333,1011.1458333333334,0.0,8.166666666666666
2019-05-30,33.996360000875,-117.4924,16.6,65.0,Mira Loma (Van Buren),19.034833583333334,66.08167441666667,9.604384820833333,1011.0500000000001,0.0,20.291666666666668
2019-05-31,33.996360000875,-117.4924,18.0,68.0,Mira Loma (Van Buren),18.486916937500002,69.03495520833333,10.495130691666667,1011.6666666666666,0.0,38.791666666666664
2019-06-01,33.996360000875,-117.4924,12.2,57.0,Mira Loma (Van Buren),17.480666895833334,69.19568854166667,9.97616295,1010.9708333333333,0.0,40.416666666666664
2019-06-02,33.996360000875,-117.4924,10.2,53.0,Mira Loma (Van Buren),17.559833479166667,67.195139,9.508654524999999,1011.4166666666666,0.004166666666666667,57.291666666666664
2019-06-03,33.996360000875,-117.4924,17.3,66.0,Mira Loma (Van Buren),17.955666875000002,69.28060483333333,9.907793133333334,1012.0416666666666,0.0,55.333333333333336
2019-06-04,33.996360000875,-117.4924,16.6,65.0,Mira Loma (Van Buren),18.526500125000002,69.702157,9.939169725000001,1012.5458333333332,0.0,42.916666666666664
2019-06-05,33.996360000875,-117.4924,20.0,71.0,Mira Loma (Van Buren),19.803583708333335,69.22365345833333,9.194744629166665,1012.6,0.0,32.0
2019-06-06,33.996360000875,-117.4924,13.7,60.0,Mira Loma (Van Buren),20.391083520833334,70.181725375,10.377512395833334,1012.6166666666667,0.0,47.5
2019-06-07,33.996360000875,-117.4924,15.4,63.0,Mira Loma (Van Buren),19.499416791666665,70.37191479166667,11.794302483333333,1012.3249999999999,0.0,53.0
2019-06-08,33.996360000875,-117.4924,14.7,61.0,Mira Loma (Van Buren),19.757750166666668,69.82113254166667,10.824278404166668,1011.6374999999999,0.0,21.125
2019-06-09,33.996360000875,-117.4924,12.7,58.0,Mira Loma (Van Buren),22.5244165,58.843731375000004,10.3261816625,1013.1583333333333,0.0,18.375
2019-06-10,33.996360000875,-117.4924,13.9,60.0,Mira Loma (Van Buren),27.559832958333335,39.795331895833336,10.974882833333334,1013.7166666666667,0.0,49.666666666666664
2019-06-11,33.996360000875,-117.4924,15.3,63.0,Mira Loma (Van Buren),29.149416333333335,38.1798443125,10.494653604166666,1014.125,0.0,45.291666666666664
2019-06-12,33.996360000875,-117.4924,13.7,60.0,Mira Loma (Van Buren),25.822333125,54.26630795833333,11.892021925,1013.2458333333334,0.0,36.208333333333336
2019-06-13,33.996360000875,-117.4924,15.9,64.0,Mira Loma (Van Buren),22.0015003125,63.38773208333333,12.118391425,1012.6,0.0,13.416666666666666
2019-06-14,33.996360000875,-117.4924,12.8,58.0,Mira Loma (Van Buren),19.45566691666667,66.1089935,10.6094974625,1013.2166666666667,0.0,41.958333333333336
2019-06-15,33.996360000875,-117.4924,13.9,60.0,Mira Loma (Van Buren),19.705666937500002,68.26860545833334,9.534521636666666,1012.9416666666666,0.0,47.708333333333336
2019-06-16,33.996360000875,-117.4924,14.6,61.0,Mira Loma (Van Buren),19.961916708333334,68.35344020833334,10.61366415,1011.5166666666668,0.0,67.45833333333333
2019-06-17,33.996360000875,-117.4924,7.5,42.0,Mira Loma (Van Buren),19.909833541666668,69.56537091666667,10.765132387500001,1010.8333333333334,0.012500000000000002,70.125
2019-06-18,33.996360000875,-117.4924,13.0,58.0,Mira Loma (Van Buren),19.299416958333335,68.61932495833334,11.10710029875,1012.7041666666668,0.0,50.666666666666664
2019-06-19,33.996360000875,-117.4924,13.5,59.0,Mira Loma (Van Buren),20.295250229166665,67.113770375,10.003052745833333,1014.2333333333332,0.0,31.583333333333332
2019-06-20,33.996360000875,-117.4924,9.6,52.0,Mira Loma (Van Buren),20.19316675,68.04681445833333,11.986240045833334,1013.6791666666667,0.0,45.708333333333336
2019-06-21,33.996360000875,-117.4924,2.2,12.0,Mira Loma (Van Buren),19.141083625,67.03959479166666,11.440143829166667,1012.2624999999999,0.020833333333333332,66.125
2019-06-22,33.996360000875,-117.4924,5.9,33.0,Mira Loma (Van Buren),19.130666916666666,69.134373625,13.54528675,1013.0291666666667,0.0,64.66666666666667
2019-06-23,33.996360000875,-117.4924,12.5,57.0,Mira Loma (Van Buren),20.584833666666665,67.95466891666666,10.607759583333333,1014.3541666666666,0.0,43.625
2019-06-24,33.996360000875,-117.4924,17.2,66.0,Mira Loma (Van Buren),21.2890003125,65.5427735,10.22677995,1012.5124999999999,0.0,42.083333333333336
2019-06-25,33.996360000875,-117.4924,13.9,60.0,Mira Loma (Van Buren),19.524416875,68.99573225,11.310479220833335,1011.3916666666668,0.0,67.33333333333333
2019-06-26,33.996360000875,-117.4924,12.4,57.0,Mira Loma (Van Buren),19.489000375,68.72725233333334,10.530892108333333,1013.1791666666667,0.0,44.25
2019-06-27,33.996360000875,-117.4924,13.7,60.0,Mira Loma (Van Buren),20.8098335,65.49114545833334,10.350920508333333,1014.7208333333333,0.0,26.916666666666668
2019-06-28,33.996360000875,-117.4924,14.4,61.0,Mira Loma (Van Buren),21.574416958333334,62.56519641666667,10.577143079166667,1014.65,0.0,17.291666666666668
2019-06-29,33.996360000875,-117.4924,11.1,55.0,Mira Loma (Van Buren),23.047333604166667,54.07476454166667,9.740360808333334,1014.3916666666668,0.0,36.041666666666664
2019-06-30,33.996360000875,-117.4924,11.9,56.0,Mira Loma (Van Buren),24.911916666666666,41.08832475,9.6929897125,1014.5958333333333,0.0,58.083333333333336
2019-07-01,33.996360000875,-117.4924,13.3,59.0,Mira Loma (Van Buren),24.18691670833333,49.36976391666667,9.8665495125,1013.7875,0.0,0.08333333333333333
2019-07-02,33.996360000875,-117.4924,12.3,57.0,Mira Loma (Van Buren),23.449416666666668,54.685895458333334,9.562322566666667,1012.35,0.0,6.583333333333333
2019-07-03,33.996360000875,-117.4924,13.2,59.0,Mira Loma (Van Buren),22.22025029166667,61.827764916666666,9.8515048875,1011.1125000000001,0.0,40.375
2019-07-04,33.996360000875,-117.4924,19.9,71.0,Mira Loma (Van Buren),21.111916958333335,66.55037079166667,10.00882885,1012.0041666666666,0.0,18.541666666666668
2019-07-05,33.996360000875,-117.4924,54.7,148.0,Mira Loma (Van Buren),21.251500166666666,66.09439125,10.487686008333332,1014.3916666666668,0.0,8.166666666666666
2019-07-06,33.996360000875,-117.4924,14.2,61.0,Mira Loma (Van Buren),21.847333416666668,65.05931208333332,11.369008191666666,1015.1125000000001,0.0,20.416666666666668
2019-07-07,33.996360000875,-117.4924,14.4,61.0,Mira Loma (Van Buren),20.822333562500003,67.42656833333334,11.355931520833332,1014.2375000000001,0.0,62.5
2019-07-08,33.996360000875,-117.4924,10.8,54.0,Mira Loma (Van Buren),20.453583375,65.87499266666667,10.798889390416667,1014.5375,0.0,36.166666666666664
2019-07-09,33.996360000875,-117.4924,14.6,61.0,Mira Loma (Van Buren),21.943166833333333,62.86778437500001,10.167856404166667,1015.4,0.0,25.125
2019-07-10,33.996360000875,-117.4924,13.0,58.0,Mira Loma (Van Buren),22.893166625000003,61.25038991666667,11.176370433333332,1015.9375,0.0,3.5
2019-07-11,33.996360000875,-117.4924,15.6,63.0,Mira Loma (Van Buren),24.447333291666666,56.87616641666667,9.858502512500001,1014.6916666666666,0.0,0.041666666666666664
2019-07-12,33.996360000875,-117.4924,18.4,68.0,Mira Loma (Van Buren),26.028583041666668,52.17671566666667,10.378480358333332,1010.8291666666668,0.0,0.4583333333333333
2019-07-13,33.996360000875,-117.4924,19.8,71.0,Mira Loma (Van Buren),25.882749750000002,57.85544708333333,11.472237454166667,1009.1999999999999,0.0,1.1666666666666667
2019-07-14,33.996360000875,-117.4924,15.5,63.0,Mira Loma (Van Buren),25.507749708333336,57.62335866666667,11.715052641666666,1012.3874999999999,0.0,7.208333333333333
2019-07-15,33.996360000875,-117.4924,16.2,64.0,Mira Loma (Van Buren),25.720249916666663,55.475592625,9.7888522,1012.4,0.0,0.3333333333333333
2019-07-16,33.996360000875,-117.4924,14.2,61.0,Mira Loma (Van Buren),26.953583291666664,49.48289616666667,9.695642979166665,1009.3375,0.0,0.4583333333333333
2019-07-17,33.996360000875,-117.4924,10.6,54.0,Mira Loma (Van Buren),23.653583458333333,64.86284579166666,11.528990962499998,1011.1291666666666,0.0,18.5
2019-07-18,33.996360000875,-117.4924,11.9,56.0,Mira Loma (Van Buren),22.90150008333333,65.13942108333333,11.453231258333332,1013.6791666666667,0.0,5.416666666666667
2019-07-19,33.996360000875,-117.4924,10.5,54.0,Mira Loma (Van Buren),22.041083458333333,64.95186458333333,11.250912083333333,1012.7791666666667,0.0,32.375
2019-07-20,33.996360000875,-117.4924,11.4,55.0,Mira Loma (Van Buren),22.33691675,63.63840616666667,11.322466975,1012.8083333333334,0.0,20.291666666666668
2019-07-21,33.996360000875,-117.4924,10.4,53.0,Mira Loma (Van Buren),23.67858329166667,58.02001454166666,10.260474341666667,1011.9041666666667,0.0,2.6666666666666665
2019-07-22,33.996360000875,-117.4924,13.9,60.0,Mira Loma (Van Buren),24.924416875000002,59.19609,11.773491975,1012.6958333333333,0.0,29.083333333333332
2019-07-23,33.996360000875,-117.4924,13.8,60.0,Mira Loma (Van Buren),29.470250000000004,39.1403345,10.142567099999999,1013.5708333333333,0.0,76.45833333333333
2019-07-24,33.996360000875,-117.4924,11.5,55.0,Mira Loma (Van Buren),30.45774966666667,27.651887625,10.30112190625,1013.0374999999999,0.0,19.25
2019-07-25,33.996360000875,-117.4924,10.8,54.0,Mira Loma (Van Buren),28.6681665,43.481877875,10.168685949999999,1012.9791666666666,0.0,78.29166666666667
2019-07-26,33.996360000875,-117.4924,13.6,59.0,Mira Loma (Van Buren),28.820249750000002,42.860644083333334,11.022391595833334,1013.4708333333333,0.0,4.333333333333333
2019-07-27,33.996360000875,-117.4924,16.4,65.0,Mira Loma (Van Buren),28.578583249999998,39.89785091666666,10.340939045833332,1013.7416666666667,0.0,0.08333333333333333
2019-07-28,33.996360000875,-117.4924,13.5,59.0,Mira Loma (Van Buren),27.830666750000002,48.03229712499999,10.511658279166667,1012.6833333333334,0.0,46.291666666666664
2019-07-29,33.996360000875,-117.4924,13.0,58.0,Mira Loma (Van Buren),24.805666541666668,64.28856704166667,10.797588854166667,1012.1458333333334,0.0,49.0
2019-07-30,33.996360000875,-117.4924,17.3,66.0,Mira Loma (Van Buren),24.266083166666665,65.13714108333333,11.1219442875,1011.0333333333333,0.0,38.041666666666664
2019-07-31,33.996360000875,-117.4924,15.8,63.0,Mira Loma (Van Buren),23.724416833333333,64.84507395833333,11.424722875,1012.9625,0.0,31.25
2019-08-01,33.996360000875,-117.4924,16.2,64.0,Mira Loma (Van Buren),24.461916791666667,63.17550454166667,10.515102775,1014.2791666666667,0.0,12.458333333333334
2019-08-02,33.996360000875,-117.4924,13.3,59.0,Mira Loma (Van Buren),26.063999624999997,48.901124124999996,9.712385545833333,1013.025,0.0,18.916666666666668
2019-08-03,33.996360000875,-117.4924,14.7,61.0,Mira Loma (Van Buren),26.92233320833333,43.156004625,10.221411870833334,1011.8541666666666,0.0,67.58333333333333
2019-08-04,33.996360000875,-117.4924,11.7,56.0,Mira Loma (Van Buren),26.384833166666667,50.25490283333334,10.808826770833333,1012.0416666666666,0.0,26.375
2019-08-05,33.996360000875,-117.4924,11.4,55.0,Mira Loma (Van Buren),26.445249750000002,54.161406375000006,10.714223420833333,1012.3416666666667,0.0,14.666666666666666
2019-08-06,33.996360000875,-117.4924,13.5,59.0,Mira Loma (Van Buren),26.38274966666667,53.91004745833333,11.127202733333334,1011.5666666666666,0.0,44.791666666666664
2019-08-07,33.996360000875,-117.4924,11.8,56.0,Mira Loma (Van Buren),24.60775,63.155116916666664,12.446358516666669,1012.3458333333333,0.0,49.5
2019-08-08,33.996360000875,-117.4924,13.5,59.0,Mira Loma (Van Buren),23.588999958333332,64.22276033333334,10.909393183333334,1012.4708333333333,0.0,17.416666666666668
2019-08-09,33.996360000875,-117.4924,12.0,56.0,Mira Loma (Van Buren),24.19524991666667,55.89205045833333,9.483146070833333,1011.625,0.0,0.5833333333333334
2019-08-10,33.996360000875,-117.4924,11.3,55.0,Mira Loma (Van Buren),23.059833541666666,59.57698620833333,9.778899991666666,1012.1208333333334,0.0,1.7083333333333333
2019-08-11,33.996360000875,-117.4924,9.8,52.0,Mira Loma (Van Buren),23.122333541666666,63.014178791666666,9.713993141666668,1013.2916666666666,0.0,5.458333333333333
2019-08-12,33.996360000875,-117.4924,10.2,53.0,Mira Loma (Van Buren),23.426500083333334,61.31361158333333,9.686242629166665,1013.6833333333334,0.0,8.166666666666666
2019-08-13,33.996360000875,-117.4924,13.1,58.0,Mira Loma (Van Buren),24.009833333333333,59.10998491666667,10.482981041666667,1013.3916666666668,0.0,3.0416666666666665
2019-08-14,33.996360000875,-117.4924,13.2,59.0,Mira Loma (Van Buren),26.26608320833333,47.92723554166667,9.830127036666667,1013.3166666666666,0.0,0.0
2019-08-15,33.996360000875,-117.4924,14.6,61.0,Mira Loma (Van Buren),26.136916291666665,46.66385508333334,9.731841358333334,1012.9916666666667,0.0,0.0
2019-08-16,33.996360000875,-117.4924,13.1,58.0,Mira Loma (Van Buren),24.713999937500002,51.01005283333333,9.842871716666666,1011.8291666666668,0.0,4.666666666666667
2019-08-17,33.996360000875,-117.4924,11.4,55.0,Mira Loma (Van Buren),22.324416875,64.555987375,10.4633448,1011.7083333333334,0.0,42.083333333333336
2019-08-18,33.996360000875,-117.4924,10.0,53.0,Mira Loma (Van Buren),21.734833499999997,67.78970141666666,9.9715713375,1011.4416666666666,0.0,69.41666666666667
2019-08-19,33.996360000875,-117.4924,9.8,52.0,Mira Loma (Van Buren),22.476499979166665,64.35136116666666,10.4845631375,1012.7666666666668,0.0,10.291666666666666
2019-08-20,33.996360000875,-117.4924,10.9,54.0,Mira Loma (Van Buren),23.972333458333335,60.75747020833333,8.998078120833332,1012.4875000000001,0.0,0.25
2019-08-21,33.996360000875,-117.4924,13.8,60.0,Mira Loma (Van Buren),25.549416708333336,52.065303666666665,8.120151016666666,1010.2791666666667,0.0,0.0
2019-08-22,33.996360000875,-117.4924,13.6,59.0,Mira Loma (Van Buren),25.701499833333333,47.070529416666666,9.505464199166667,1007.3249999999999,0.0,12.416666666666666
2019-08-23,33.996360000875,-117.4924,13.8,60.0,Mira Loma (Van Buren),21.730667125,68.75742516666666,10.8234344375,1009.6833333333334,0.0,28.291666666666668
2019-08-24,33.996360000875,-117.4924,9.5,52.0,Mira Loma (Van Buren),25.232749916666666,56.85015020833333,9.059375683333334,1011.4458333333333,0.0,10.916666666666666
2019-08-25,33.996360000875,-117.4924,11.1,55.0,Mira Loma (Van Buren),26.184833125,59.07126725,10.4549203375,1013.35,0.0,3.2083333333333335
2019-08-26,33.996360000875,-117.4924,8.9,49.0,Mira Loma (Van Buren),27.757749958333335,42.00331204166667,7.832260675000001,1011.1666666666666,0.0,67.04166666666667
2019-08-27,33.996360000875,-117.4924,11.2,55.0,Mira Loma (Van Buren),26.288999958333335,54.55869175,10.578150570833333,1009.3166666666666,0.0,0.3333333333333333
2019-08-28,33.996360000875,-117.4924,9.9,52.0,Mira Loma (Van Buren),24.87650016666667,66.26362095833333,11.5227410125,1011.6041666666666,0.0,5.458333333333333
2019-08-29,33.996360000875,-117.4924,14.0,60.0,Mira Loma (Van Buren),25.62024975,62.76047508333334,10.3276114125,1013.4375,0.0,0.16666666666666666
2019-08-30,33.996360000875,-117.4924,10.7,54.0,Mira Loma (Van Buren),27.54316645833333,52.81356654166667,8.482952366666668,1012.7875,0.0,0.0
2019-08-31,33.996360000875,-117.4924,12.7,58.0,Mira Loma (Van Buren),26.091083583333333,57.981122666666664,8.383747925,1011.9166666666666,0.0,1.2916666666666667
2019-09-01,33.996360000875,-117.4924,16.2,64.0,Mira Loma (Van Buren),26.768166375000003,56.286852958333334,10.0478469875,1010.8083333333334,0.0,5.583333333333333
2019-09-02,33.996360000875,-117.4924,12.2,57.0,Mira Loma (Van Buren),26.959833208333333,59.66240804166667,10.433148833333332,1012.2958333333332,0.0,10.875
2019-09-03,33.996360000875,-117.4924,10.0,53.0,Mira Loma (Van Buren),28.732749833333333,47.958286208333334,9.863269254166667,1012.2958333333332,0.0,6.083333333333333
2019-09-04,33.996360000875,-117.4924,12.3,57.0,Mira Loma (Van Buren),29.397333041666666,42.72930108333333,9.174945004166666,1010.0375,0.0,12.416666666666666
2019-09-05,33.996360000875,-117.4924,14.2,61.0,Mira Loma (Van Buren),29.201499666666667,44.43820354166667,8.262426470833333,1011.5333333333333,0.0,24.458333333333332
2019-09-06,33.996360000875,-117.4924,10.7,54.0,Mira Loma (Van Buren),28.347333208333335,44.667268166666666,10.277259475,1014.6999999999999,0.0,2.1666666666666665
2019-09-07,33.996360000875,-117.4924,11.6,56.0,Mira Loma (Van Buren),27.376499958333337,50.137547375,9.668240575,1013.6166666666667,0.0,0.0
2019-09-08,33.996360000875,-117.4924,10.3,53.0,Mira Loma (Van Buren),22.726500375,60.36536216666667,9.821483875,1011.65,0.0,9.75
2019-09-09,33.996360000875,-117.4924,10.8,54.0,Mira Loma (Van Buren),21.989000166666667,66.01595520833332,8.930822654166667,1010.5041666666666,0.0,15.25
2019-09-10,33.996360000875,-117.4924,10.6,54.0,Mira Loma (Van Buren),21.755667000000003,68.51433383333334,10.547335858333334,1010.4875000000001,0.008333333333333333,31.708333333333332
2019-09-11,33.996360000875,-117.4924,11.1,55.0,Mira Loma (Van Buren),21.534833541666668,65.30030941666666,8.894520533333333,1013.2416666666667,0.0,24.0
2019-09-12,33.996360000875,-117.4924,12.8,58.0,Mira Loma (Van Buren),23.56608329166667,60.68981229166667,9.3707927125,1013.8458333333333,0.0,17.166666666666668
2019-09-13,33.996360000875,-117.4924,12.8,58.0,Mira Loma (Van Buren),23.56608329166667,60.68981229166667,9.3707927125,1013.8458333333333,0.0,17.166666666666668
2019-09-14,33.996360000875,-117.4924,13.9,60.0,Mira Loma (Van Buren),28.616083208333333,28.51652245833333,9.552997561666666,1011.6666666666666,0.0,33.0
2019-09-15,33.996360000875,-117.4924,12.8,58.0,Mira Loma (Van Buren),28.05358325,29.075509333333333,8.066485329166667,1010.8833333333333,0.0,44.5
2019-09-16,33.996360000875,-117.4924,11.0,55.0,Mira Loma (Van Buren),24.611916833333336,46.12971491666667,9.672442804166666,1011.6458333333334,0.0,71.41666666666667
2019-09-17,33.996360000875,-117.4924,9.1,51.0,Mira Loma (Van Buren),22.3327501875,55.784197291666665,8.414890125,1012.8666666666667,0.0,3.8333333333333335
2019-09-18,33.996360000875,-117.4924,10.7,54.0,Mira Loma (Van Buren),22.2223335,66.31845320833334,7.542230527916666,1012.3166666666666,0.0,6.541666666666667
2019-09-19,33.996360000875,-117.4924,7.8,43.0,Mira Loma (Van Buren),20.876500291666666,65.03656929166667,8.895687404166667,1011.4375,0.0,6.75
2019-09-20,33.996360000875,-117.4924,9.2,51.0,Mira Loma (Van Buren),21.16191675,66.96411829166667,9.679964245833334,1010.8249999999999,0.0,20.625
2019-09-21,33.996360000875,-117.4924,13.4,59.0,Mira Loma (Van Buren),22.526499875,58.885191291666665,6.8318445487499995,1011.0916666666667,0.0,0.0
2019-09-22,33.996360000875,-117.4924,10.9,54.0,Mira Loma (Van Buren),25.961916458333334,32.18476052083333,10.030412195833334,1010.5291666666667,0.0,43.875
2019-09-23,33.996360000875,-117.4924,12.3,57.0,Mira Loma (Van Buren),23.947333458333333,59.69822166666666,9.0696402125,1011.9125,0.0,3.7916666666666665
2019-09-24,33.996360000875,-117.4924,11.0,55.0,Mira Loma (Van Buren),22.851499854166665,60.46919032916667,9.239671416666667,1012.1833333333334,0.0,26.5
2019-09-25,33.996360000875,-117.4924,13.5,59.0,Mira Loma (Van Buren),25.074416875,45.092878291666665,9.798376662499999,1008.6083333333332,0.0,13.458333333333334
2019-09-26,33.996360000875,-117.4924,7.6,42.0,Mira Loma (Van Buren),21.755666833333333,72.13012841666666,9.897551725,1012.7791666666667,0.041666666666666664,80.41666666666667
2019-09-27,33.996360000875,-117.4924,8.3,46.0,Mira Loma (Van Buren),20.80775016666667,73.41200758333333,9.1284114375,1013.4125,0.04583333333333334,92.875
2019-09-28,33.996360000875,-117.4924,3.6,20.0,Mira Loma (Van Buren),19.826500125,72.11016049999999,9.692513795833333,1009.1416666666668,0.0625,92.83333333333333
2019-09-29,33.996360000875,-117.4924,6.1,34.0,Mira Loma (Van Buren),18.35775025,66.8417605,8.8069933875,1009.4499999999999,0.041666666666666664,44.25
2019-09-30,33.996360000875,-117.4924,8.2,46.0,Mira Loma (Van Buren),16.70775025,66.00949579166667,8.7741749375,1011.4291666666667,0.0,9.0
2019-10-01,33.996360000875,-117.4924,8.8,49.0,Mira Loma (Van Buren),16.872333645833333,57.18370575,6.881945082083334,1010.6750000000001,0.0,1.7916666666666667
2019-10-02,33.996360000875,-117.4924,10.7,54.0,Mira Loma (Van Buren),18.697333645833336,60.04776360416667,6.546239,1012.7624999999999,0.0,0.0
2019-10-03,33.996360000875,-117.4924,13.6,59.0,Mira Loma (Van Buren),19.726500166666668,61.41320520833333,7.596281066666667,1012.7583333333333,0.0,0.08333333333333333
2019-10-04,33.996360000875,-117.4924,12.4,57.0,Mira Loma (Van Buren),18.816083645833334,58.51875391666667,7.2883950791666665,1014.525,0.0,0.0
2019-10-05,33.996360000875,-117.4924,16.0,64.0,Mira Loma (Van Buren),20.466083375,49.02441275,7.75914315,1015.6541666666667,0.0,0.4583333333333333
2019-10-06,33.996360000875,-117.4924,18.7,69.0,Mira Loma (Van Buren),22.197333270833337,37.2093698375,7.595864875,1014.9208333333332,0.0,1.3333333333333333
2019-10-07,33.996360000875,-117.4924,16.8,65.0,Mira Loma (Van Buren),24.414000062499998,29.928496320833332,8.666423795833333,1013.6958333333333,0.0,0.0
2019-10-08,33.996360000875,-117.4924,13.0,58.0,Mira Loma (Van Buren),22.805666791666667,35.95252754166667,6.6666836625,1011.0291666666667,0.0,0.4166666666666667
2019-10-09,33.996360000875,-117.4924,15.1,62.0,Mira Loma (Van Buren),19.576500208333332,62.210372041666666,7.3461664791666665,1010.2541666666666,0.0,6.25
2019-10-10,33.996360000875,-117.4924,18.8,69.0,Mira Loma (Van Buren),18.328583416666667,62.23009345833333,15.5399705125,1011.3791666666666,0.004166666666666667,22.875
2019-10-11,33.996360000875,-117.4924,3.8,21.0,Mira Loma (Van Buren),22.568166916666666,5.326547683333334,24.114453041666668,1013.6291666666666,0.0,16.125
2019-10-12,33.996360000875,-117.4924,14.2,61.0,Mira Loma (Van Buren),20.970250208333333,10.481307795833333,9.30671995,1011.4125,0.0,0.0
2019-10-13,33.996360000875,-117.4924,16.6,65.0,Mira Loma (Van Buren),19.186917083333334,37.320216916666666,8.928190183333333,1010.5416666666666,0.0,0.6666666666666666
2019-10-14,33.996360000875,-117.4924,13.8,60.0,Mira Loma (Van Buren),17.711916895833333,73.59940945833334,8.3832303,1012.4166666666666,0.0,29.916666666666668
2019-10-15,33.996360000875,-117.4924,16.9,66.0,Mira Loma (Van Buren),19.124416895833335,61.620201083333335,7.004549891666667,1014.5166666666668,0.0,6.791666666666667
2019-10-16,33.996360000875,-117.4924,16.3,64.0,Mira Loma (Van Buren),23.8723335,26.165176104166665,8.848695865833333,1012.7708333333334,0.0,47.083333333333336
2019-10-17,33.996360000875,-117.4924,16.4,65.0,Mira Loma (Van Buren),20.90775025,53.61499795833333,8.5975539,1008.9,0.0,29.125
2019-10-18,33.996360000875,-117.4924,12.4,57.0,Mira Loma (Van Buren),18.453583458333334,66.05714491666667,8.63790711125,1010.8708333333334,0.0,19.458333333333332
2019-10-19,33.996360000875,-117.4924,14.8,62.0,Mira Loma (Van Buren),19.77233364583333,41.684681958333336,7.0895333124999995,1012.0333333333333,0.0,3.2083333333333335
2019-10-20,33.996360000875,-117.4924,10.1,53.0,Mira Loma (Van Buren),20.01816685416667,47.139328375,8.09460195,1011.275,0.0,4.875
2019-10-21,33.996360000875,-117.4924,7.5,42.0,Mira Loma (Van Buren),23.3806665,20.338023916666668,8.555773245833333,1013.8416666666667,0.0,0.0
2019-10-22,33.996360000875,-117.4924,9.9,52.0,Mira Loma (Van Buren),24.466083375,21.161526124999998,7.422366007083333,1017.0583333333334,0.0,0.0
2019-10-23,33.996360000875,-117.4924,13.4,59.0,Mira Loma (Van Buren),24.778583458333333,19.784668029166667,7.6068860166666665,1012.8458333333333,0.0,0.0
2019-10-24,33.996360000875,-117.4924,6.3,35.0,Mira Loma (Van Buren),26.06816704166667,15.21939945,18.635684208333334,1012.6875,0.0,7.083333333333333
2019-10-25,33.996360000875,-117.4924,6.3,35.0,Mira Loma (Van Buren),27.038999750000002,7.357326483333334,12.563771945833333,1015.6083333333332,0.0,0.3333333333333333
2019-10-26,33.996360000875,-117.4924,15.2,62.0,Mira Loma (Van Buren),23.901499875,13.818332583333335,7.5326336625,1011.1583333333333,0.0,0.0
2019-10-27,33.996360000875,-117.4924,13.8,60.0,Mira Loma (Van Buren),19.609833416666667,45.7502625,8.032282783333335,1007.5500000000001,0.0,10.875
2019-10-28,33.996360000875,-117.4924,11.2,55.0,Mira Loma (Van Buren),18.028583625,27.29426368333333,14.351898925,1013.3249999999999,0.008333333333333333,13.208333333333334
2019-10-29,33.996360000875,-117.4924,14.4,61.0,Mira Loma (Van Buren),15.5660835625,30.62876760416667,7.118935779166667,1012.9,0.0,0.08333333333333333
2019-10-30,33.996360000875,-117.4924,26.6,84.0,Mira Loma (Van Buren),16.028583625,32.09459442083333,23.505866812500003,1017.2291666666666,0.0,1.2083333333333333
2019-10-31,33.996360000875,-117.4924,10.9,54.0,Mira Loma (Van Buren),16.020250270833333,6.3299530375,18.814200833333334,1020.7541666666666,0.0,0.0
2019-11-01,33.996360000875,-117.4924,17.2,66.0,Mira Loma (Van Buren),16.861916841666666,9.9596213875,9.007283962499999,1018.2708333333334,0.0,0.0
2019-11-02,33.996360000875,-117.4924,21.5,74.0,Mira Loma (Van Buren),19.1681668125,9.561119054166666,8.094432170833334,1017.3708333333334,0.0,14.458333333333334
2019-11-03,33.996360000875,-117.4924,25.5,82.0,Mira Loma (Van Buren),18.8202503125,17.324052266666666,7.370988016666666,1014.8958333333334,0.0,10.541666666666666
2019-11-04,33.996360000875,-117.4924,30.3,90.0,Mira Loma (Van Buren),18.066083708333334,22.318378079166667,7.1379326625,1013.7791666666667,0.0,0.0
2019-11-05,33.996360000875,-117.4924,32.6,95.0,Mira Loma (Van Buren),18.907750145833333,26.125146416666666,8.73274415,1014.75,0.0,0.0
2019-11-06,33.996360000875,-117.4924,36.9,104.0,Mira Loma (Van Buren),18.4410835625,41.052481875,8.713252870833333,1014.6583333333333,0.0,0.125
2019-11-07,33.996360000875,-117.4924,31.5,93.0,Mira Loma (Van Buren),17.078583541666667,70.438108375,6.484088383333333,1016.9541666666668,0.0,18.958333333333332
2019-11-08,33.996360000875,-117.4924,16.2,64.0,Mira Loma (Van Buren),21.043166833333334,32.242558895833334,8.344408691666667,1018.3625000000001,0.0,0.0
2019-11-09,33.996360000875,-117.4924,13.4,59.0,Mira Loma (Van Buren),22.428583375000002,17.952322,7.305275691666666,1016.3166666666666,0.0,0.0
2019-11-10,33.996360000875,-117.4924,21.5,74.0,Mira Loma (Van Buren),19.980666833333334,24.131466612500002,7.2715866875,1014.9333333333334,0.0,0.0
2019-11-11,33.996360000875,-117.4924,35.5,101.0,Mira Loma (Van Buren),15.972333666666666,75.26922329166666,7.275485479166666,1015.625,0.0,41.583333333333336
2019-11-12,33.996360000875,-117.4924,32.3,94.0,Mira Loma (Van Buren),17.914000270833334,59.70700820833333,7.192385325,1017.0166666666668,0.0,17.541666666666668
2019-11-13,33.996360000875,-117.4924,42.2,117.0,Mira Loma (Van Buren),18.0952501875,47.389896416666666,7.111820725,1015.6374999999999,0.0,31.875
2019-11-14,33.996360000875,-117.4924,46.7,129.0,Mira Loma (Van Buren),16.316083541666668,73.69451745833334,5.783747625,1017.2833333333333,0.0,76.58333333333333
2019-11-15,33.996360000875,-117.4924,26.3,83.0,Mira Loma (Van Buren),15.811917062500001,76.195718375,6.895242954166666,1018.8666666666667,0.0,78.5
2019-11-16,33.996360000875,-117.4924,24.2,79.0,Mira Loma (Van Buren),18.4473335,57.45645833333333,8.7933334,1014.9166666666666,0.0,46.666666666666664
2019-11-17,33.996360000875,-117.4924,3.8,21.0,Mira Loma (Van Buren),21.253583479166668,29.781909295833334,10.398264750000001,1014.7083333333334,0.0,0.0
2019-11-18,33.996360000875,-117.4924,13.0,58.0,Mira Loma (Van Buren),21.743167062500003,13.362483983333334,9.091042620833333,1013.0166666666668,0.0,10.25
2019-11-19,33.996360000875,-117.4924,12.7,58.0,Mira Loma (Van Buren),21.001500270833333,23.060681541666668,7.611313945833333,1008.1208333333334,0.0,65.79166666666667
2019-11-20,33.996360000875,-117.4924,3.0,17.0,Mira Loma (Van Buren),14.749416895833335,75.02078075,9.723204841666666,1001.5749999999999,0.4583333333333333,74.91666666666667
2019-11-21,33.996360000875,-117.4924,7.5,42.0,Mira Loma (Van Buren),11.878583687499999,79.45634341666667,5.800664587499999,1008.8333333333334,0.05416666666666667,61.25
2019-11-22,33.996360000875,-117.4924,6.9,38.0,Mira Loma (Van Buren),13.361917020833333,78.69038741666667,5.407948470833333,1018.7041666666668,0.008333333333333333,39.791666666666664
2019-11-23,33.996360000875,-117.4924,4.2,23.0,Mira Loma (Van Buren),14.949416958333332,56.11779825,9.783114424999999,1019.8249999999999,0.0,35.0
2019-11-24,33.996360000875,-117.4924,14.2,61.0,Mira Loma (Van Buren),15.0806669375,44.45681904166667,7.071661995833334,1018.4250000000001,0.0,28.208333333333332
2019-11-25,33.996360000875,-117.4924,15.1,62.0,Mira Loma (Van Buren),13.776500133333334,49.99592570833334,6.9176960124999995,1013.7333333333332,0.0,0.08333333333333333
2019-11-26,33.996360000875,-117.4924,8.2,46.0,Mira Loma (Van Buren),12.984833625,55.410505916666665,9.0045491,1011.1750000000001,0.0,49.25
2019-11-27,33.996360000875,-117.4924,9.9,52.0,Mira Loma (Van Buren),10.570250104166666,58.1050555,6.780775233333333,1007.3416666666667,0.4083333333333334,81.70833333333333
2019-11-28,33.996360000875,-117.4924,4.6,26.0,Mira Loma (Van Buren),7.543166737499999,93.59740833333335,7.8545804708333335,1004.3583333333332,1.4375,74.5
2019-11-29,33.996360000875,-117.4924,8.0,44.0,Mira Loma (Van Buren),6.597333366666667,85.62665199999999,8.1459985125,1007.0833333333334,0.6541666666666667,60.333333333333336
2019-11-30,33.996360000875,-117.4924,4.8,27.0,Mira Loma (Van Buren),7.801500025,79.01127054166666,6.439407745833333,1019.7333333333332,0.0625,71.33333333333333
2019-12-01,33.996360000875,-117.4924,8.5,47.0,Mira Loma (Van Buren),10.924416841666668,67.62499345833334,6.482534041666667,1019.9041666666667,0.041666666666666664,98.25
2019-12-02,33.996360000875,-117.4924,16.4,65.0,Mira Loma (Van Buren),12.280667020833334,66.10693775,5.139159133333334,1019.2791666666667,0.0,97.79166666666667
2019-12-03,33.996360000875,-117.4924,19.4,70.0,Mira Loma (Van Buren),14.082750312499998,68.13411995833333,5.157921340833333,1018.4,0.0,99.95833333333333
2019-12-04,33.996360000875,-117.4924,9.1,51.0,Mira Loma (Van Buren),13.230666999999999,84.38344133333334,6.3679676249999995,1014.7791666666667,1.2125000000000001,95.83333333333333
2019-12-05,33.996360000875,-117.4924,8.7,48.0,Mira Loma (Van Buren),11.678583570833334,90.82464220833333,4.744680324166667,1018.1083333333332,0.10833333333333334,68.45833333333333
2019-12-06,33.996360000875,-117.4924,6.8,38.0,Mira Loma (Van Buren),13.624417104166668,73.603892625,6.8547224375,1019.8000000000001,0.0,94.91666666666667
2019-12-07,33.996360000875,-117.4924,10.5,54.0,Mira Loma (Van Buren),13.618167208333332,95.41599604166667,4.9366648500000005,1020.5625,0.32083333333333336,88.70833333333333
2019-12-08,33.996360000875,-117.4924,4.6,26.0,Mira Loma (Van Buren),14.328583770833333,94.78417104166665,5.8358518833333335,1018.0041666666666,0.09583333333333334,99.83333333333333
2019-12-09,33.996360000875,-117.4924,14.3,61.0,Mira Loma (Van Buren),12.299416916666667,89.58719466666668,6.767288341666667,1017.1999999999999,0.16666666666666666,53.291666666666664
2019-12-10,33.996360000875,-117.4924,15.7,63.0,Mira Loma (Van Buren),11.136916775000001,76.74697991666666,5.6144876166666675,1021.475,0.0,37.875
2019-12-11,33.996360000875,-117.4924,18.3,68.0,Mira Loma (Van Buren),11.076500150000001,73.61432854166667,5.209497716666667,1022.3666666666667,0.0,44.708333333333336
2019-12-12,33.996360000875,-117.4924,25.7,82.0,Mira Loma (Van Buren),12.524417041666666,68.668208875,5.501676916666667,1022.3458333333333,0.0,81.04166666666667
2019-12-13,33.996360000875,-117.4924,31.7,93.0,Mira Loma (Van Buren),14.0015001875,75.571658875,4.15432818625,1020.6208333333334,0.0,6.291666666666667
2019-12-14,33.996360000875,-117.4924,27.2,85.0,Mira Loma (Van Buren),13.545250291666667,89.57530066666668,5.107436995833333,1015.6999999999999,0.03333333333333333,87.16666666666667
2019-12-15,33.996360000875,-117.4924,10.1,53.0,Mira Loma (Van Buren),12.345250395833332,81.661338375,6.056932758333333,1014.25,0.012500000000000002,42.166666666666664
2019-12-16,33.996360000875,-117.4924,1.7,9.0,Mira Loma (Van Buren),10.443166920833333,51.18693266666667,14.577848008333333,1021.5208333333334,0.0,18.166666666666668
2019-12-17,33.996360000875,-117.4924,2.4,13.0,Mira Loma (Van Buren),10.63900025,35.62098195833333,14.779186083333334,1024.8458333333333,0.0,65.08333333333333
2019-12-18,33.996360000875,-117.4924,13.2,59.0,Mira Loma (Van Buren),9.428583408333333,43.53239308333334,8.576639383333333,1019.4125,0.0,64.70833333333333
2019-12-19,33.996360000875,-117.4924,14.2,61.0,Mira Loma (Van Buren),8.636916733333333,52.3897165,5.7200075,1018.9125,0.0,6.458333333333333
2019-12-20,33.996360000875,-117.4924,5.8,32.0,Mira Loma (Van Buren),11.061916620833335,49.87516029166667,9.383683329166667,1022.4499999999999,0.0,23.791666666666668
2019-12-21,33.996360000875,-117.4924,17.2,66.0,Mira Loma (Van Buren),13.343167020833334,46.17462316666666,8.08128805,1021.0124999999999,0.0,98.83333333333333
2019-12-22,33.996360000875,-117.4924,16.5,65.0,Mira Loma (Van Buren),13.364000416666668,47.45171199999999,6.516564716666667,1015.3458333333333,0.0,98.29166666666667
2019-12-23,33.996360000875,-117.4924,7.6,42.0,Mira Loma (Van Buren),11.043167062499998,75.24625829166666,8.805453291666668,1011.9708333333333,0.8291666666666666,97.04166666666667
2019-12-24,33.996360000875,-117.4924,14.2,61.0,Mira Loma (Van Buren),9.911916945833333,88.95185670833332,5.468066329166667,1011.0208333333334,0.37916666666666665,50.375
2019-12-25,33.996360000875,-117.4924,9.2,51.0,Mira Loma (Van Buren),8.905666820833334,84.994896875,6.2053652291666666,1013.6791666666667,0.08750000000000001,74.20833333333333
2019-12-26,33.996360000875,-117.4924,2.2,12.0,Mira Loma (Van Buren),7.664000116666666,87.31608866666666,10.246665408333334,1011.4291666666667,2.441666666666667,97.375
2019-12-27,33.996360000875,-117.4924,7.3,41.0,Mira Loma (Van Buren),6.874416725,76.17841445833334,5.341867341666667,1012.7458333333334,0.0,25.25
2019-12-28,33.996360000875,-117.4924,22.0,75.0,Mira Loma (Van Buren),6.524416704166666,81.95766745833333,5.1192900083333335,1018.125,0.0,27.0
2019-12-29,33.996360000875,-117.4924,23.9,79.0,Mira Loma (Van Buren),7.316083437500001,72.11606233333333,5.011384008333333,1021.6916666666666,0.0,38.416666666666664
2019-12-30,33.996360000875,-117.4924,3.7,21.0,Mira Loma (Van Buren),9.539000104166666,67.33063595833333,9.498503608333333,1017.225,0.012500000000000002,85.375
2019-12-31,33.996360000875,-117.4924,3.9,22.0,Mira Loma (Van Buren),13.536916916666668,44.638623375,17.194419195833333,1015.4625,0.0,44.166666666666664
2020-01-01,33.996360000875,-117.4924,21.6,74.0,Mira Loma (Van Buren),10.1827502,66.21376129166667,6.0885339125,1017.9083333333333,0.0,21.041666666666668
2020-01-02,33.996360000875,-117.4924,17.1,66.0,Mira Loma (Van Buren),11.182750216666667,69.92543116666667,7.467479104166667,1013.9666666666667,0.0,24.791666666666668
2020-01-03,33.996360000875,-117.4924,12.8,58.0,Mira Loma (Van Buren),11.953583495833334,65.54604275,7.1668356625,1020.7041666666668,0.0,79.08333333333333
2020-01-04,33.996360000875,-117.4924,30.9,92.0,Mira Loma (Van Buren),12.070250158333332,65.6630235,5.191016370833333,1026.0958333333333,0.0,58.916666666666664
2020-01-05,33.996360000875,-117.4924,23.1,77.0,Mira Loma (Van Buren),11.486916695833335,71.993738375,6.3144455375,1025.2416666666666,0.0,79.91666666666667
2020-01-06,33.996360000875,-117.4924,2.3,13.0,Mira Loma (Van Buren),14.124416875,45.639771875,10.755873816666666,1024.55,0.0,14.541666666666666
2020-01-07,33.996360000875,-117.4924,10.4,53.0,Mira Loma (Van Buren),13.853583645833334,41.907293958333334,11.467675454166667,1021.7833333333333,0.0,44.625
2020-01-08,33.996360000875,-117.4924,12.8,58.0,Mira Loma (Van Buren),11.1098333625,59.342487874999996,4.393319304166667,1016.4250000000001,0.0,39.708333333333336
2020-01-09,33.996360000875,-117.4924,14.4,61.0,Mira Loma (Van Buren),11.153583562500001,86.90824149999999,6.648354554166667,1014.8458333333333,0.06666666666666667,72.41666666666667
2020-01-10,33.996360000875,-117.4924,16.4,65.0,Mira Loma (Van Buren),8.899416845833334,73.71647504166667,6.219062679166666,1020.0083333333333,0.0,3.2083333333333335
2020-01-11,33.996360000875,-117.4924,20.1,71.0,Mira Loma (Van Buren),9.245250141666666,71.78591387499999,6.09768514875,1022.4333333333334,0.0,11.125
2020-01-12,33.996360000875,-117.4924,23.0,77.0,Mira Loma (Van Buren),10.682750175,78.44972225,5.136978804166667,1018.775,0.0,35.416666666666664
2020-01-13,33.996360000875,-117.4924,23.6,78.0,Mira Loma (Van Buren),10.530666958333333,79.85147470833333,4.836827133333333,1018.8041666666667,0.004166666666666667,59.875
2020-01-14,33.996360000875,-117.4924,33.9,97.0,Mira Loma (Van Buren),10.284833475000001,83.29617554166667,4.369877586666667,1019.5791666666668,0.0,64.20833333333333
2020-01-15,33.996360000875,-117.4924,36.2,103.0,Mira Loma (Van Buren),10.4265001625,79.25071225,4.32919875,1017.2166666666667,0.0,65.58333333333333
2020-01-16,33.996360000875,-117.4924,25.5,82.0,Mira Loma (Van Buren),10.139000170833333,79.92088725,6.8732290166666665,1016.2916666666666,0.0,36.166666666666664
2020-01-17,33.996360000875,-117.4924,5.3,29.0,Mira Loma (Van Buren),10.826500145833334,78.94080529166666,6.485411916666667,1021.0,0.12916666666666668,84.04166666666667
2020-01-18,33.996360000875,-117.4924,13.8,60.0,Mira Loma (Van Buren),10.980666841666666,62.626217958333335,7.83898425,1022.8083333333334,0.0,22.833333333333332
2020-01-19,33.996360000875,-117.4924,10.6,54.0,Mira Loma (Van Buren),14.3827500625,35.796468,11.669434995833333,1020.0458333333332,0.0,50.583333333333336
2020-01-20,33.996360000875,-117.4924,25.0,81.0,Mira Loma (Van Buren),13.859833604166667,55.19910058333334,5.643410858333333,1018.0333333333333,0.0,96.95833333333333
2020-01-21,33.996360000875,-117.4924,12.0,56.0,Mira Loma (Van Buren),12.632750270833334,80.77643983333333,6.1743470875,1019.5666666666666,0.08750000000000001,94.08333333333333
2020-01-22,33.996360000875,-117.4924,18.5,69.0,Mira Loma (Van Buren),12.020250270833335,79.848731375,4.731010475000001,1022.0,0.004166666666666667,75.0
2020-01-23,33.996360000875,-117.4924,13.9,60.0,Mira Loma (Van Buren),13.182750166666667,68.40455,6.143365737500001,1020.2041666666668,0.0,21.666666666666668
2020-01-24,33.996360000875,-117.4924,18.9,69.0,Mira Loma (Van Buren),14.157750270833333,61.507706750000004,6.537784954166667,1016.6083333333332,0.0,39.125
2020-01-25,33.996360000875,-117.4924,21.9,75.0,Mira Loma (Van Buren),13.832750104166665,66.601224375,6.620851920833334,1016.2458333333334,0.0,25.833333333333332
2020-01-26,33.996360000875,-117.4924,35.7,101.0,Mira Loma (Van Buren),12.5660835625,83.57046420833333,6.151997275,1019.8291666666668,0.0,64.75
2020-01-27,33.996360000875,-117.4924,30.5,91.0,Mira Loma (Van Buren),12.301500270833335,75.448800625,6.061613133333334,1021.9166666666666,0.0,30.791666666666668
2020-01-28,33.996360000875,-117.4924,14.6,61.0,Mira Loma (Van Buren),14.0160835,56.512444458333334,6.3507306875000005,1021.5458333333332,0.0,8.333333333333334
2020-01-29,33.996360000875,-117.4924,7.2,40.0,Mira Loma (Van Buren),13.941083579166666,51.76350608333333,10.759972750000001,1016.6750000000001,0.0,5.166666666666667
2020-01-30,33.996360000875,-117.4924,2.2,12.0,Mira Loma (Van Buren),13.439000133333332,32.58478458333334,7.781936225,1018.4583333333334,0.0,40.583333333333336
2020-01-31,33.996360000875,-117.4924,4.7,26.0,Mira Loma (Van Buren),15.374417000000001,39.839600875,6.994337874999999,1021.5708333333333,0.0,15.416666666666666
2020-02-01,33.996360000875,-117.4924,8.5,47.0,Mira Loma (Van Buren),16.52650022916667,36.43759729166667,7.420057054166667,1023.1666666666666,0.0,0.625
2020-02-02,33.996360000875,-117.4924,12.5,57.0,Mira Loma (Van Buren),16.6785835,38.106787250000004,8.3304233625,1016.1374999999999,0.0,7.541666666666667
2020-02-03,33.996360000875,-117.4924,3.7,21.0,Mira Loma (Van Buren),12.655667000000001,54.53471016666666,16.140845240416667,1010.1458333333334,0.02916666666666667,47.25
2020-02-04,33.996360000875,-117.4924,1.8,10.0,Mira Loma (Van Buren),9.628583408333332,12.351346383333334,22.783470229166667,1017.8333333333334,0.0,1.3333333333333333
2020-02-05,33.996360000875,-117.4924,6.7,37.0,Mira Loma (Van Buren),7.1848333,24.476022483333335,7.7705582625,1021.8833333333333,0.0,18.875
2020-02-06,33.996360000875,-117.4924,16.4,65.0,Mira Loma (Van Buren),9.036916783333334,47.33299904166666,7.199377945833334,1021.2583333333333,0.0,9.041666666666666
2020-02-07,33.996360000875,-117.4924,30.6,91.0,Mira Loma (Van Buren),11.12233335,54.701966416666664,6.17353092,1018.9333333333334,0.0,0.0
2020-02-08,33.996360000875,-117.4924,36.4,103.0,Mira Loma (Van Buren),12.828583570833333,56.807157499999995,5.9009226916666675,1016.6291666666666,0.0,0.0
2020-02-09,33.996360000875,-117.4924,12.7,58.0,Mira Loma (Van Buren),11.7723336875,79.12597699999999,9.323754054166667,1011.8625000000001,0.15,51.375
2020-02-10,33.996360000875,-117.4924,2.7,15.0,Mira Loma (Van Buren),13.6577503125,36.441715375,21.765176041666667,1009.8874999999999,0.020833333333333332,66.375
2020-02-11,33.996360000875,-117.4924,5.7,32.0,Mira Loma (Van Buren),14.134833458333333,28.83550980833333,11.997226629166667,1014.3458333333333,0.0,4.041666666666667
2020-02-12,33.996360000875,-117.4924,14.0,60.0,Mira Loma (Van Buren),11.305666783333335,47.548489875,7.442684720833333,1018.3333333333334,0.0,12.5
2020-02-13,33.996360000875,-117.4924,22.4,76.0,Mira Loma (Van Buren),11.601500125000001,59.02747908333333,5.961712195833333,1018.2708333333334,0.0,7.916666666666667
2020-02-14,33.996360000875,-117.4924,17.1,66.0,Mira Loma (Van Buren),12.597333587500001,61.689557083333334,6.8626789666666665,1017.4250000000001,0.0,31.208333333333332
2020-02-15,33.996360000875,-117.4924,20.0,71.0,Mira Loma (Van Buren),12.6931668625,60.85043729166667,7.027514175,1020.2833333333333,0.0,0.5833333333333334
2020-02-16,33.996360000875,-117.4924,29.1,88.0,Mira Loma (Van Buren),13.657750329166667,64.56101508333333,6.7322870875000005,1020.0083333333333,0.0,0.375
2020-02-17,33.996360000875,-117.4924,23.5,78.0,Mira Loma (Van Buren),14.4598335,53.057282375,6.390471415,1014.9875000000001,0.0,25.375
2020-02-18,33.996360000875,-117.4924,26.0,82.0,Mira Loma (Van Buren),15.099417,63.06271241666667,6.816636220833334,1014.2875,0.0,63.75
2020-02-19,33.996360000875,-117.4924,22.5,76.0,Mira Loma (Van Buren),15.039000270833334,74.759553375,8.360310799999999,1016.5708333333333,0.0,27.708333333333332
2020-02-20,33.996360000875,-117.4924,13.2,59.0,Mira Loma (Van Buren),16.380667020833332,48.94140752083333,7.476750045833334,1017.9583333333334,0.0,5.166666666666667
2020-02-21,33.996360000875,-117.4924,9.6,52.0,Mira Loma (Van Buren),18.236917000000002,29.24450566666667,8.862665408333333,1016.6333333333333,0.0,22.75
2020-02-22,33.996360000875,-117.4924,6.7,37.0,Mira Loma (Van Buren),14.930667020833333,71.012721625,8.708689708333333,1016.2791666666667,0.14583333333333334,62.541666666666664
2020-02-23,33.996360000875,-117.4924,11.4,55.0,Mira Loma (Van Buren),12.5473336875,80.27381008333333,5.5254989779166666,1022.1416666666668,0.12083333333333335,82.625
2020-02-24,33.996360000875,-117.4924,21.6,74.0,Mira Loma (Van Buren),12.726500270833334,77.94637020833333,6.159363916666667,1023.3291666666665,0.0,21.75
2020-02-25,33.996360000875,-117.4924,3.1,17.0,Mira Loma (Van Buren),17.1681669375,47.478596724999996,13.965826804166667,1020.9041666666667,0.0,0.16666666666666666
2020-02-26,33.996360000875,-117.4924,3.1,17.0,Mira Loma (Van Buren),17.45150025,21.755722333333335,11.887266316666667,1024.7083333333333,0.0,0.0
2020-02-27,33.996360000875,-117.4924,3.4,19.0,Mira Loma (Van Buren),18.459833416666665,26.6600177625,9.502657120833334,1021.7083333333334,0.0,63.25
2020-02-28,33.996360000875,-117.4924,5.5,31.0,Mira Loma (Van Buren),20.4723335625,21.953984691666665,9.34676245,1019.875,0.0,92.58333333333333
2020-02-29,33.996360000875,-117.4924,10.0,53.0,Mira Loma (Van Buren),17.8348335625,30.168538625,8.545127091666666,1017.9250000000001,0.0,47.541666666666664
2020-03-01,33.996360000875,-117.4924,8.0,44.0,Mira Loma (Van Buren),13.451500229166667,70.52071425,11.423023920833332,1015.6166666666667,0.05416666666666667,59.958333333333336
2020-03-02,33.996360000875,-117.4924,1.5,8.0,Mira Loma (Van Buren),11.659833508333334,60.174606625,11.536984908333332,1012.1958333333333,0.016666666666666666,48.708333333333336
2020-03-03,33.996360000875,-117.4924,2.1,12.0,Mira Loma (Van Buren),15.699417020833332,27.759095416666668,8.826235816666667,1012.7041666666668,0.0,0.0
2020-03-04,33.996360000875,-117.4924,13.3,59.0,Mira Loma (Van Buren),16.257750062499998,39.25078516666667,7.202607924166666,1017.1458333333334,0.0,8.041666666666666
2020-03-05,33.996360000875,-117.4924,16.0,64.0,Mira Loma (Van Buren),16.3160835,65.076138,7.5419507625,1020.0583333333334,0.0,82.125
2020-03-06,33.996360000875,-117.4924,18.1,68.0,Mira Loma (Van Buren),18.082750125,49.8157745,8.186774629166667,1016.2666666666668,0.0,77.79166666666667
2020-03-07,33.996360000875,-117.4924,5.7,32.0,Mira Loma (Van Buren),14.199417020833332,71.29376383333333,10.352905675,1015.7333333333332,0.0375,76.25
2020-03-08,33.996360000875,-117.4924,3.3,18.0,Mira Loma (Van Buren),13.024416833333333,71.10242295833334,8.785395675,1015.85,0.07083333333333333,64.625
2020-03-09,33.996360000875,-117.4924,3.4,19.0,Mira Loma (Van Buren),13.332750354166668,60.37884895833333,7.415686544583333,1018.5583333333334,0.0,90.04166666666667
2020-03-10,33.996360000875,-117.4924,2.7,15.0,Mira Loma (Van Buren),15.959833583333333,69.68716133333334,7.307401845833334,1017.0833333333334,0.6375,91.70833333333333
2020-03-11,33.996360000875,-117.4924,4.1,23.0,Mira Loma (Van Buren),14.907750208333333,84.05087729166667,6.2945765625000005,1016.9,0.3541666666666667,51.291666666666664
2020-03-12,33.996360000875,-117.4924,7.0,39.0,Mira Loma (Van Buren),14.336916979166666,82.71211179166666,9.102604170833333,1011.5666666666666,0.49583333333333335,75.625
2020-03-13,33.996360000875,-117.4924,4.1,23.0,Mira Loma (Van Buren),11.5265001875,93.664599625,4.391597079166666,1011.3291666666668,0.6916666666666668,97.5
2020-03-14,33.996360000875,-117.4924,6.6,37.0,Mira Loma (Van Buren),12.049417104166666,89.77041274999999,4.874599844583334,1017.975,0.1125,81.04166666666667
2020-03-15,33.996360000875,-117.4924,5.5,31.0,Mira Loma (Van Buren),12.320250354166667,82.20459083333334,7.034811375,1019.9083333333333,0.10416666666666667,67.125
2020-03-16,33.996360000875,-117.4924,4.7,26.0,Mira Loma (Van Buren),11.895250249999998,76.59089375,8.733903929166667,1017.9291666666667,0.07916666666666668,51.875
2020-03-17,33.996360000875,-117.4924,4.7,26.0,Mira Loma (Van Buren),10.841083604166668,74.11344991666667,8.579925341666668,1015.0666666666666,0.26666666666666666,63.291666666666664
2020-03-18,33.996360000875,-117.4924,6.8,38.0,Mira Loma (Van Buren),9.172333491666667,69.63314275,5.376078858333333,1011.0666666666666,0.004166666666666667,68.58333333333333
2020-03-19,33.996360000875,-117.4924,3.5,19.0,Mira Loma (Van Buren),10.2869170375,72.789151375,8.684369312500001,1014.5375,0.10000000000000002,42.041666666666664
2020-03-20,33.996360000875,-117.4924,5.3,29.0,Mira Loma (Van Buren),10.741083566666667,81.783303625,4.588123470833334,1022.3249999999999,0.1125,75.91666666666667
2020-03-21,33.996360000875,-117.4924,12.1,57.0,Mira Loma (Van Buren),12.795250354166667,78.29433045833333,6.072068327916667,1020.5333333333333,0.05416666666666667,61.458333333333336
2020-03-22,33.996360000875,-117.4924,4.9,27.0,Mira Loma (Van Buren),13.691083541666666,75.02259104166667,7.260083183333333,1020.2041666666668,0.004166666666666667,77.75
2020-03-23,33.996360000875,-117.4924,2.8,16.0,Mira Loma (Van Buren),13.2994168125,81.14633266666667,11.426594241666665,1018.7333333333332,0.525,81.08333333333333
2020-03-24,33.996360000875,-117.4924,4.2,23.0,Mira Loma (Van Buren),12.086917083333333,79.11644733333334,6.63696005,1021.7083333333334,0.008333333333333333,61.541666666666664
2020-03-25,33.996360000875,-117.4924,2.2,12.0,Mira Loma (Van Buren),12.386916895833332,72.22040608333333,11.681367804166667,1019.0208333333334,0.0,69.875
2020-03-26,33.996360000875,-117.4924,3.3,18.0,Mira Loma (Van Buren),10.299416899999999,66.49885016666667,11.2220355375,1016.0208333333334,0.008333333333333333,25.5
2020-03-27,33.996360000875,-117.4924,4.7,26.0,Mira Loma (Van Buren),9.413999975,69.99178133333334,8.3304809375,1017.1958333333333,0.03333333333333333,28.708333333333332
2020-03-28,33.996360000875,-117.4924,9.8,52.0,Mira Loma (Van Buren),10.543166733333333,68.24776225000001,7.3263361583333335,1021.3541666666666,0.0,25.208333333333332
2020-03-29,33.996360000875,-117.4924,8.6,48.0,Mira Loma (Van Buren),12.02650025,72.19222975,8.0643463125,1018.9375,0.020833333333333332,33.25
2020-03-30,33.996360000875,-117.4924,10.2,53.0,Mira Loma (Van Buren),13.280667000000001,72.58946504166667,6.502156716666666,1021.25,0.0,16.708333333333332
2020-03-31,33.996360000875,-117.4924,11.7,56.0,Mira Loma (Van Buren),16.105666895833334,63.43486304166667,7.295451483333333,1018.4791666666666,0.0,87.83333333333333
2020-04-01,33.996360000875,-117.4924,12.2,57.0,Mira Loma (Van Buren),16.9910835,65.042383125,6.782605449999999,1011.1833333333334,0.0,59.833333333333336
2020-04-02,33.996360000875,-117.4924,10.5,54.0,Mira Loma (Van Buren),14.911916937500001,77.50605370833334,6.921659029166666,1012.7583333333333,0.0,47.0
2020-04-03,33.996360000875,-117.4924,12.1,57.0,Mira Loma (Van Buren),15.420250229166667,71.28421541666667,8.740744845833333,1014.2791666666667,0.0,49.708333333333336
2020-04-04,33.996360000875,-117.4924,11.3,55.0,Mira Loma (Van Buren),14.239000437500001,74.28027791666666,7.298617704166666,1012.6,0.029166666666666664,49.5
2020-04-05,33.996360000875,-117.4924,6.2,34.0,Mira Loma (Van Buren),14.311916958333335,72.26565425,9.293828803333334,1011.8874999999999,0.09166666666666667,85.70833333333333
2020-04-06,33.996360000875,-117.4924,2.7,15.0,Mira Loma (Van Buren),12.370250291666666,87.24907412499999,6.838527808333333,1012.2791666666667,0.5583333333333333,90.625
2020-04-07,33.996360000875,-117.4924,1.7,9.0,Mira Loma (Van Buren),11.784833791666665,88.91114325000001,6.630541816666667,1016.7541666666666,1.0791666666666666,89.375
2020-04-08,33.996360000875,-117.4924,2.3,13.0,Mira Loma (Van Buren),11.147333666666666,83.85869804166667,8.903365516666666,1015.8458333333333,0.7958333333333334,88.16666666666667
2020-04-09,33.996360000875,-117.4924,0.7,4.0,Mira Loma (Van Buren),9.941083583333333,87.30990954166667,6.525440841666666,1019.7541666666666,0.3541666666666667,96.375
2020-04-10,33.996360000875,-117.4924,2.1,12.0,Mira Loma (Van Buren),9.899416916666667,88.602889625,10.697813458333334,1017.5458333333332,0.9166666666666666,96.33333333333333
2020-04-11,33.996360000875,-117.4924,6.7,37.0,Mira Loma (Van Buren),11.4702502,84.66475858333332,7.6283336708333325,1014.9125,0.05416666666666667,64.375
2020-04-12,33.996360000875,-117.4924,7.4,41.0,Mira Loma (Van Buren),13.903583750000001,81.26243779166667,9.855150083333333,1016.7083333333334,0.0375,93.70833333333333
2020-04-13,33.996360000875,-117.4924,5.8,32.0,Mira Loma (Van Buren),13.668166833333332,81.48629433333333,8.832610725,1018.9541666666668,0.0375,90.04166666666667
2020-04-14,33.996360000875,-117.4924,5.5,31.0,Mira Loma (Van Buren),14.778583479166665,72.16724758333334,9.659047029166667,1020.3666666666667,0.0,65.25
2020-04-15,33.996360000875,-117.4924,7.2,40.0,Mira Loma (Van Buren),16.049416812500002,59.10843966666667,6.510965620833333,1017.9708333333333,0.0,0.0
2020-04-16,33.996360000875,-117.4924,8.0,44.0,Mira Loma (Van Buren),15.989000187500002,62.918901375,7.6567627375,1013.775,0.0,0.0
2020-04-17,33.996360000875,-117.4924,8.4,47.0,Mira Loma (Van Buren),13.989000312500002,79.55501145833334,6.913432045833333,1014.0416666666666,0.04583333333333334,59.791666666666664
2020-04-18,33.996360000875,-117.4924,4.7,26.0,Mira Loma (Van Buren),13.947333854166667,77.84784241666667,9.149204916666667,1016.8041666666667,0.029166666666666664,78.0
2020-04-19,33.996360000875,-117.4924,7.3,41.0,Mira Loma (Van Buren),13.866083770833333,75.38737545833332,6.998260269583334,1017.8583333333332,0.0,82.04166666666667
2020-04-20,33.996360000875,-117.4924,9.0,50.0,Mira Loma (Van Buren),14.166083520833332,78.08301020833333,8.082737404166666,1017.6333333333333,0.024999999999999998,79.0
2020-04-21,33.996360000875,-117.4924,8.2,46.0,Mira Loma (Van Buren),16.0056670625,71.53848574999999,9.889245175000001,1018.2083333333334,0.0,44.625
2020-04-22,33.996360000875,-117.4924,11.3,55.0,Mira Loma (Van Buren),17.43275025,66.99389970833333,9.01242324875,1018.8041666666667,0.0,0.875
2020-04-23,33.996360000875,-117.4924,14.0,60.0,Mira Loma (Van Buren),21.8348335625,54.136440125,7.500966158333333,1015.3249999999999,0.0,0.041666666666666664
2020-04-24,33.996360000875,-117.4924,11.8,56.0,Mira Loma (Van Buren),24.336916666666667,47.05392775000001,7.848156229166666,1012.1791666666667,0.0,0.4166666666666667
2020-04-25,33.996360000875,-117.4924,17.0,66.0,Mira Loma (Van Buren),25.476500125,44.018287791666665,8.7345030375,1012.6416666666668,0.0,10.75
2020-04-26,33.996360000875,-117.4924,12.5,57.0,Mira Loma (Van Buren),24.695250083333335,44.98529625,8.12636505,1013.0500000000001,0.0,50.833333333333336
2020-04-27,33.996360000875,-117.4924,12.0,56.0,Mira Loma (Van Buren),22.8785836875,54.745498708333336,8.36380285,1013.4833333333332,0.0,26.791666666666668
2020-04-28,33.996360000875,-117.4924,17.2,66.0,Mira Loma (Van Buren),22.84316670833333,56.99992558333333,8.669925925,1014.1916666666666,0.0,1.0
2020-04-29,33.996360000875,-117.4924,18.1,68.0,Mira Loma (Van Buren),20.839000145833335,70.57335179166667,9.383720379166666,1014.6333333333333,0.0,42.041666666666664
2020-04-30,33.996360000875,-117.4924,18.3,68.0,Mira Loma (Van Buren),20.255666958333332,75.90770816666667,8.564790311666666,1013.6416666666668,0.0,65.5
2020-05-01,33.996360000875,-117.4924,19.2,70.0,Mira Loma (Van Buren),20.743166958333333,71.318220125,7.6647609249999995,1012.5958333333333,0.0,27.0
2020-05-02,33.996360000875,-117.4924,19.5,70.0,Mira Loma (Van Buren),20.0827501875,66.92402741666668,8.225788358333334,1014.3291666666668,0.0,3.8333333333333335
2020-05-03,33.996360000875,-117.4924,11.7,56.0,Mira Loma (Van Buren),19.482750270833332,65.38018370833333,8.02071344875,1016.0666666666666,0.0,19.666666666666668
2020-05-04,33.996360000875,-117.4924,14.7,61.0,Mira Loma (Van Buren),20.184833520833333,64.75079483333333,8.821138890833334,1015.2333333333332,0.0,3.3333333333333335
2020-05-05,33.996360000875,-117.4924,14.8,62.0,Mira Loma (Van Buren),23.93483325,45.600475708333335,9.0994483,1013.3333333333334,0.0,0.0
2020-05-06,33.996360000875,-117.4924,15.7,63.0,Mira Loma (Van Buren),25.713999708333333,34.776536729166665,8.453768333333334,1012.2791666666667,0.0,48.208333333333336
2020-05-07,33.996360000875,-117.4924,18.5,69.0,Mira Loma (Van Buren),26.901499916666666,29.52465277083333,8.655229766666666,1010.1208333333334,0.0,79.875
2020-05-08,33.996360000875,-117.4924,22.0,75.0,Mira Loma (Van Buren),24.54525,44.25761554166667,10.452694691666666,1010.725,0.0,45.916666666666664
2020-05-09,33.996360000875,-117.4924,22.3,76.0,Mira Loma (Van Buren),21.239000166666667,65.022338125,9.936432070833334,1012.375,0.0,54.875
2020-05-10,33.996360000875,-117.4924,15.1,62.0,Mira Loma (Van Buren),20.089000416666668,68.994356375,10.54718195,1013.4458333333333,0.0,25.583333333333332
2020-05-11,33.996360000875,-117.4924,12.0,56.0,Mira Loma (Van Buren),19.422333666666667,64.695170625,12.091743862500001,1014.6208333333334,0.0,43.0
2020-05-12,33.996360000875,-117.4924,8.4,47.0,Mira Loma (Van Buren),17.459833479166665,66.15513641666666,11.318581825,1015.4625,0.0,26.208333333333332
2020-05-13,33.996360000875,-117.4924,6.4,36.0,Mira Loma (Van Buren),17.566083583333334,66.10384775,10.462197304166667,1015.1208333333334,0.012500000000000002,42.791666666666664
2020-05-14,33.996360000875,-117.4924,9.4,52.0,Mira Loma (Van Buren),18.203583583333334,61.195320625,8.53828192375,1015.2333333333332,0.0,8.958333333333334
2020-05-15,33.996360000875,-117.4924,11.0,55.0,Mira Loma (Van Buren),19.899416833333333,60.11336125,9.269796858333333,1013.1541666666667,0.0,1.2916666666666667
2020-05-16,33.996360000875,-117.4924,14.4,61.0,Mira Loma (Van Buren),21.766083416666664,58.133772083333334,9.689353179166666,1010.6958333333333,0.0,16.875
2020-05-17,33.996360000875,-117.4924,10.5,54.0,Mira Loma (Van Buren),21.25150041666667,63.318926874999995,9.8055146375,1010.9333333333334,0.0,44.333333333333336
2020-05-18,33.996360000875,-117.4924,7.4,41.0,Mira Loma (Van Buren),18.382750208333334,69.09069383333333,10.842024795833334,1013.5375,0.05416666666666667,52.791666666666664
2020-05-19,33.996360000875,-117.4924,5.0,28.0,Mira Loma (Van Buren),16.94733366666667,60.37353433333333,12.478771166666666,1014.4791666666666,0.0,30.166666666666668
2020-05-20,33.996360000875,-117.4924,8.0,44.0,Mira Loma (Van Buren),17.4223335625,59.42907491666667,9.385888145833333,1016.7208333333333,0.0,3.25
2020-05-21,33.996360000875,-117.4924,8.7,48.0,Mira Loma (Van Buren),20.105666791666668,52.28428304166667,9.601519062500001,1013.6916666666666,0.0,0.0
2020-05-22,33.996360000875,-117.4924,10.5,54.0,Mira Loma (Van Buren),21.091083625,47.73323958333333,9.394836570833332,1011.1958333333333,0.0,21.75
2020-05-23,33.996360000875,-117.4924,15.7,63.0,Mira Loma (Van Buren),18.626500291666666,64.60505791666667,11.863256441666666,1011.9625,0.0,21.791666666666668
2020-05-24,33.996360000875,-117.4924,21.6,74.0,Mira Loma (Van Buren),19.66608366666667,63.729912875,10.261164795833333,1012.8833333333333,0.0,15.083333333333334
2020-05-25,33.996360000875,-117.4924,20.5,72.0,Mira Loma (Van Buren),21.886916791666668,58.15022775,9.826266714166666,1011.5791666666668,0.0,8.583333333333334
2020-05-26,33.996360000875,-117.4924,20.0,71.0,Mira Loma (Van Buren),24.557750020833335,46.132078416666666,10.395342379166665,1010.9583333333334,0.0,0.041666666666666664
2020-05-27,33.996360000875,-117.4924,17.8,67.0,Mira Loma (Van Buren),24.32025,48.69111370833334,9.487834204166667,1011.6374999999999,0.0,1.0833333333333333
2020-05-28,33.996360000875,-117.4924,11.4,55.0,Mira Loma (Van Buren),22.593166791666665,58.68106720833333,11.532372762500001,1012.7833333333333,0.0,2.0416666666666665
2020-05-29,33.996360000875,-117.4924,9.4,52.0,Mira Loma (Van Buren),19.518167000000002,72.56520129166667,10.293790958333334,1014.2458333333334,0.008333333333333333,40.583333333333336
2020-05-30,33.996360000875,-117.4924,8.4,47.0,Mira Loma (Van Buren),19.50983360416667,62.552362625,12.131900283333332,1014.9250000000001,0.0,56.291666666666664
2020-05-31,33.996360000875,-117.4924,8.5,47.0,Mira Loma (Van Buren),19.939000125,63.205149,9.463234179166667,1013.2333333333332,0.0,77.04166666666667
2020-06-01,33.996360000875,-117.4924,10.6,54.0,Mira Loma (Van Buren),22.322333437500003,53.748917416666664,9.384132170833334,1012.3874999999999,0.0,86.83333333333333
2020-06-02,33.996360000875,-117.4924,12.5,57.0,Mira Loma (Van Buren),24.43691670833333,41.202210541666666,8.972331595833333,1012.0749999999999,0.0,95.125
2020-06-03,33.996360000875,-117.4924,17.0,66.0,Mira Loma (Van Buren),26.326499875,46.212196541666664,12.470791216666667,1012.3708333333333,0.0,56.75
2020-06-04,33.996360000875,-117.4924,14.6,61.0,Mira Loma (Van Buren),23.80150025,52.53026858333333,11.354190762500002,1009.9875000000001,0.0,0.5833333333333334
2020-06-05,33.996360000875,-117.4924,4.9,27.0,Mira Loma (Van Buren),18.893166833333336,69.43114791666666,11.492628533333333,1009.9,0.012500000000000002,63.291666666666664
2020-06-06,33.996360000875,-117.4924,7.1,39.0,Mira Loma (Van Buren),18.74941670833333,67.09722404166666,11.828168304166667,1011.7624999999999,0.07916666666666668,78.125
2020-06-07,33.996360000875,-117.4924,9.3,51.0,Mira Loma (Van Buren),19.107750229166665,63.1686635,9.115404095833332,1012.6916666666666,0.0,31.541666666666668
2020-06-08,33.996360000875,-117.4924,7.9,44.0,Mira Loma (Van Buren),20.630666895833333,36.95918527916667,17.315282020833333,1013.4333333333334,0.0,14.583333333333334
2020-06-09,33.996360000875,-117.4924,5.7,32.0,Mira Loma (Van Buren),25.495250125,11.047108983333333,9.7348972625,1015.8916666666668,0.0,0.0
2020-06-10,33.996360000875,-117.4924,10.0,53.0,Mira Loma (Van Buren),27.50358291666667,12.944893041666667,9.773962561666666,1013.7375000000001,0.0,0.0
2020-06-11,33.996360000875,-117.4924,13.8,60.0,Mira Loma (Van Buren),27.753583083333336,20.266940625,10.201553366666667,1013.6416666666668,0.0,0.0
2020-06-12,33.996360000875,-117.4924,12.8,58.0,Mira Loma (Van Buren),23.116083604166665,46.447770041666665,11.981647545833333,1015.9416666666666,0.0,7.333333333333333
2020-06-13,33.996360000875,-117.4924,9.2,51.0,Mira Loma (Van Buren),20.405666895833335,60.80452641666667,10.443972075,1014.3708333333334,0.0,5.791666666666667
2020-06-14,33.996360000875,-117.4924,9.1,51.0,Mira Loma (Van Buren),20.772333624999998,52.895153791666665,9.006466291666667,1011.85,0.0,1.5416666666666667
2020-06-15,33.996360000875,-117.4924,12.0,56.0,Mira Loma (Van Buren),22.259833520833336,57.367167458333334,10.290049891666667,1012.3041666666667,0.0,0.041666666666666664
2020-06-16,33.996360000875,-117.4924,12.3,57.0,Mira Loma (Van Buren),20.418166895833334,66.5941435,11.368179658333332,1013.2208333333333,0.0,36.791666666666664
2020-06-17,33.996360000875,-117.4924,12.7,58.0,Mira Loma (Van Buren),20.347333541666668,65.38332275,9.640869933333333,1012.8791666666666,0.0,20.916666666666668
2020-06-18,33.996360000875,-117.4924,9.2,51.0,Mira Loma (Van Buren),19.468166749999998,68.188759625,10.258669083333332,1013.5791666666668,0.0,37.208333333333336
2020-06-19,33.996360000875,-117.4924,10.3,53.0,Mira Loma (Van Buren),19.741083604166665,64.70315558333333,10.017419633333335,1013.0083333333333,0.0,44.833333333333336
2020-06-20,33.996360000875,-117.4924,13.0,58.0,Mira Loma (Van Buren),20.066083666666668,67.01684812500001,10.594324908333332,1014.5708333333333,0.0,54.375
2020-06-21,33.996360000875,-117.4924,12.0,56.0,Mira Loma (Van Buren),20.657750208333333,65.70210233333334,9.987558304166667,1014.5416666666666,0.0,46.958333333333336
2020-06-22,33.996360000875,-117.4924,17.0,66.0,Mira Loma (Van Buren),21.807750062500002,65.24180791666667,10.160223262499999,1013.5708333333333,0.0,20.666666666666668
2020-06-23,33.996360000875,-117.4924,12.0,56.0,Mira Loma (Van Buren),22.472333708333334,63.991697458333334,11.039329520833334,1012.9208333333332,0.0,25.208333333333332
2020-06-24,33.996360000875,-117.4924,15.7,63.0,Mira Loma (Van Buren),22.584833583333335,64.02138154166667,10.267883595833334,1010.6083333333332,0.0,93.83333333333333
2020-06-25,33.996360000875,-117.4924,9.7,52.0,Mira Loma (Van Buren),22.039000083333335,65.889375125,9.990213832083333,1009.7125,0.0,75.125
2020-06-26,33.996360000875,-117.4924,9.0,50.0,Mira Loma (Van Buren),22.241083687499998,64.71229266666667,10.895181470833334,1011.1166666666667,0.0,23.958333333333332
2020-06-27,33.996360000875,-117.4924,11.2,55.0,Mira Loma (Van Buren),22.961916833333333,58.095713499999995,10.949107504166667,1011.5333333333333,0.0,11.166666666666666
2020-06-28,33.996360000875,-117.4924,6.6,37.0,Mira Loma (Van Buren),20.543166833333334,68.110885,11.853320329166666,1010.7666666666668,0.0,55.125
2020-06-29,33.996360000875,-117.4924,3.5,19.0,Mira Loma (Van Buren),20.028583541666666,67.16797375,11.593095624999998,1009.8458333333333,0.1625,66.54166666666667
2020-06-30,33.996360000875,-117.4924,11.7,56.0,Mira Loma (Van Buren),19.757750166666668,66.39118645833334,10.5531254125,1012.8083333333334,0.0,29.416666666666668
2020-07-01,33.996360000875,-117.4924,13.0,58.0,Mira Loma (Van Buren),20.847333583333334,66.7369205,10.021280570833333,1011.65,0.0,30.083333333333332
2020-07-02,33.996360000875,-117.4924,8.8,49.0,Mira Loma (Van Buren),20.7577503125,66.78652566666666,10.01449385,1012.2458333333334,0.0,26.166666666666668
2020-07-03,33.996360000875,-117.4924,14.2,61.0,Mira Loma (Van Buren),23.699416833333334,52.434503125,10.108559483333334,1014.0041666666666,0.0,0.0
2020-07-04,33.996360000875,-117.4924,27.6,85.0,Mira Loma (Van Buren),25.82858333333333,44.230880375,10.022825316666667,1014.25,0.0,0.0
2020-07-05,33.996360000875,-117.4924,32.6,95.0,Mira Loma (Van Buren),26.92441666666667,36.133912520833334,8.845500173749999,1012.6958333333333,0.0,0.08333333333333333
2020-07-06,33.996360000875,-117.4924,15.0,62.0,Mira Loma (Van Buren),27.1869165,38.16401525,9.169279629166667,1010.1999999999999,0.0,0.0
2020-07-07,33.996360000875,-117.4924,14.9,62.0,Mira Loma (Van Buren),26.016083166666665,44.81726766666667,9.6476706825,1010.5708333333333,0.0,0.0
2020-07-08,33.996360000875,-117.4924,14.2,61.0,Mira Loma (Van Buren),24.43691670833333,58.27211754166667,10.022354316666666,1010.6374999999999,0.0,7.125
2020-07-09,33.996360000875,-117.4924,12.8,58.0,Mira Loma (Van Buren),23.33066654166667,61.62565491666666,10.123740175,1011.1333333333333,0.0,27.625
2020-07-10,33.996360000875,-117.4924,15.3,63.0,Mira Loma (Van Buren),25.27233325,57.40987066666667,10.039985612499999,1013.3000000000001,0.0,15.5
2020-07-11,33.996360000875,-117.4924,12.3,57.0,Mira Loma (Van Buren),28.843166375,41.34607641666667,10.351970825,1013.9250000000001,0.0,6.791666666666667
2020-07-12,33.996360000875,-117.4924,11.0,55.0,Mira Loma (Van Buren),29.593166541666665,36.063207437500004,9.9658832,1012.0833333333334,0.0,10.958333333333334
2020-07-13,33.996360000875,-117.4924,13.7,60.0,Mira Loma (Van Buren),27.601499958333335,47.674848375,10.838749416666666,1010.7833333333333,0.0,0.375
2020-07-14,33.996360000875,-117.4924,13.9,60.0,Mira Loma (Van Buren),24.216083208333334,60.68454595833333,10.962669941666666,1012.8333333333334,0.0,11.791666666666666
2020-07-15,33.996360000875,-117.4924,13.0,58.0,Mira Loma (Van Buren),22.79941679166667,64.29241395833334,10.3730803625,1013.2875,0.0,24.333333333333332
2020-07-16,33.996360000875,-117.4924,9.5,52.0,Mira Loma (Van Buren),22.430666875,61.32141704166667,10.851679545833333,1012.3125,0.0,11.125
2020-07-17,33.996360000875,-117.4924,12.2,57.0,Mira Loma (Van Buren),22.951500208333332,64.21277504166666,11.825689133333334,1013.6583333333333,0.0,5.5
2020-07-18,33.996360000875,-117.4924,8.9,49.0,Mira Loma (Van Buren),23.8015,58.68314408333333,11.175775945833331,1014.1666666666666,0.0,0.0
2020-07-19,33.996360000875,-117.4924,11.2,55.0,Mira Loma (Van Buren),24.445250041666668,54.083891625,9.776902104166666,1013.4833333333332,0.0,0.0
2020-07-20,33.996360000875,-117.4924,8.5,47.0,Mira Loma (Van Buren),23.757750083333335,55.096126625000004,9.343107795833333,1013.0041666666666,0.0,0.08333333333333333
2020-07-21,33.996360000875,-117.4924,10.4,53.0,Mira Loma (Van Buren),23.014,63.27720304166667,10.966015383333334,1010.6166666666667,0.0,8.458333333333334
2020-07-22,33.996360000875,-117.4924,13.3,59.0,Mira Loma (Van Buren),22.657750250000003,64.95201483333334,11.530992912499999,1010.5166666666668,0.0,33.916666666666664
2020-07-23,33.996360000875,-117.4924,8.7,48.0,Mira Loma (Van Buren),20.793166854166667,66.252215625,10.299079666666666,1012.0208333333334,0.0,21.875
2020-07-24,33.996360000875,-117.4924,13.1,58.0,Mira Loma (Van Buren),21.003583625,66.421989125,10.446073904166667,1012.2041666666668,0.0,23.416666666666668
2020-07-25,33.996360000875,-117.4924,13.3,59.0,Mira Loma (Van Buren),22.103583395833336,66.209444,10.082683904166666,1012.5958333333333,0.0,23.625
2020-07-26,33.996360000875,-117.4924,12.0,56.0,Mira Loma (Van Buren),23.980666624999998,60.59740570833333,11.4598278875,1012.4250000000001,0.0,5.375
2020-07-27,33.996360000875,-117.4924,12.3,57.0,Mira Loma (Van Buren),24.020250083333334,56.247068375,11.914074366666666,1012.2958333333332,0.0,4.5
2020-07-28,33.996360000875,-117.4924,11.6,56.0,Mira Loma (Van Buren),23.1119168125,59.45263641666667,10.807064050000001,1011.4916666666667,0.0,0.041666666666666664
2020-07-29,33.996360000875,-117.4924,16.2,64.0,Mira Loma (Van Buren),23.432750020833335,61.10024091666667,9.9896470875,1011.4041666666667,0.0,16.416666666666668
2020-07-30,33.996360000875,-117.4924,13.2,59.0,Mira Loma (Van Buren),25.407749541666664,52.430539,10.426743125,1012.5041666666666,0.0,0.5416666666666666
2020-07-31,33.996360000875,-117.4924,12.7,58.0,Mira Loma (Van Buren),29.776499583333333,30.261132333333332,9.286869816666666,1011.3541666666666,0.0,0.0
2020-08-01,33.996360000875,-117.4924,17.9,67.0,Mira Loma (Van Buren),30.136915916666666,27.69740954166667,10.292352458333333,1011.0416666666666,0.0,0.0
2020-08-02,33.996360000875,-117.4924,12.5,57.0,Mira Loma (Van Buren),27.005666583333333,47.586360000000006,8.22971669875,1012.9875000000001,0.0,0.0
2020-08-03,33.996360000875,-117.4924,14.5,61.0,Mira Loma (Van Buren),25.551499833333335,57.073697125,10.1587258875,1012.9791666666666,0.0,3.0
2020-08-04,33.996360000875,-117.4924,12.6,58.0,Mira Loma (Van Buren),24.772333333333336,60.249518375,10.458380475,1013.0333333333333,0.0,9.708333333333334
2020-08-05,33.996360000875,-117.4924,10.1,53.0,Mira Loma (Van Buren),22.39108345833333,68.42639804166667,10.482540666666667,1012.9791666666666,0.0,23.916666666666668
2020-08-06,33.996360000875,-117.4924,7.8,43.0,Mira Loma (Van Buren),22.08275025,66.11898175,9.730683695833333,1012.35,0.0,19.208333333333332
2020-08-07,33.996360000875,-117.4924,9.3,51.0,Mira Loma (Van Buren),22.022333583333335,62.37057779166667,9.246796308333332,1012.3083333333334,0.0,9.875
2020-08-08,33.996360000875,-117.4924,15.0,62.0,Mira Loma (Van Buren),23.54525,54.985653541666665,9.177283191666666,1013.9833333333332,0.0,0.0
2020-08-09,33.996360000875,-117.4924,15.3,63.0,Mira Loma (Van Buren),24.00149991666667,56.518013875,10.310689820833334,1013.5583333333334,0.0,0.0
2020-08-10,33.996360000875,-117.4924,12.8,58.0,Mira Loma (Van Buren),23.995250041666665,54.205962166666666,11.074952858333333,1012.7708333333334,0.0,0.0
2020-08-11,33.996360000875,-117.4924,9.4,52.0,Mira Loma (Van Buren),24.028583125,52.131056875000006,10.60208675,1012.3125,0.0,0.0
2020-08-12,33.996360000875,-117.4924,11.9,56.0,Mira Loma (Van Buren),26.03274970833333,40.00550814583333,8.849441770833334,1011.3166666666666,0.0,0.0
2020-08-13,33.996360000875,-117.4924,14.3,61.0,Mira Loma (Van Buren),28.241083083333333,37.013256958333336,10.679463379166668,1011.4041666666667,0.0,46.458333333333336
2020-08-14,33.996360000875,-117.4924,17.5,67.0,Mira Loma (Van Buren),30.46399975,28.378007583333332,9.384748120833333,1010.5708333333333,0.0,35.333333333333336
2020-08-15,33.996360000875,-117.4924,15.8,63.0,Mira Loma (Van Buren),32.328583,33.2822035,9.177928508333332,1009.2583333333333,0.0,15.0
2020-08-16,33.996360000875,-117.4924,13.7,60.0,Mira Loma (Van Buren),29.707749958333334,46.629467625,10.481798304166666,1010.2958333333332,0.0,36.166666666666664
2020-08-17,33.996360000875,-117.4924,19.6,71.0,Mira Loma (Van Buren),29.061916458333332,49.05713908333333,10.874251429166668,1011.8583333333332,0.0,37.166666666666664
2020-08-18,33.996360000875,-117.4924,18.9,69.0,Mira Loma (Van Buren),31.255666416666667,44.44913429166667,8.085889779166667,1011.4333333333334,0.0,46.041666666666664
2020-08-19,33.996360000875,-117.4924,19.2,70.0,Mira Loma (Van Buren),31.007749708333336,48.561876874999996,10.933885658333333,1009.9375,0.0,41.625
2020-08-20,33.996360000875,-117.4924,16.0,64.0,Mira Loma (Van Buren),30.138999833333333,47.2947955,9.829686479166666,1007.6666666666666,0.0,16.375
2020-08-21,33.996360000875,-117.4924,19.6,71.0,Mira Loma (Van Buren),28.386916375,60.473124291666664,11.025029304166667,1007.3333333333334,0.0,23.958333333333332
2020-08-22,33.996360000875,-117.4924,15.5,63.0,Mira Loma (Van Buren),29.755666416666667,50.039815000000004,10.657721533333333,1009.5333333333333,0.0,55.125
2020-08-23,33.996360000875,-117.4924,14.2,61.0,Mira Loma (Van Buren),28.299416249999997,60.96879991666666,10.7039008375,1011.0375,0.0,0.7916666666666666
2020-08-24,33.996360000875,-117.4924,12.2,57.0,Mira Loma (Van Buren),27.83274966666667,62.92270020833333,11.452312791666666,1010.2041666666668,0.0,5.125
2020-08-25,33.996360000875,-117.4924,10.9,54.0,Mira Loma (Van Buren),27.49108316666667,57.24896066666667,10.748013545833333,1009.5041666666666,0.0,0.0
2020-08-26,33.996360000875,-117.4924,10.4,53.0,Mira Loma (Van Buren),28.153583458333333,53.319316625,9.670915087500001,1007.6291666666666,0.0,0.0
2020-08-27,33.996360000875,-117.4924,14.3,61.0,Mira Loma (Van Buren),28.40774983333333,50.09731120833334,9.300727754166667,1005.975,0.0,0.0
2020-08-28,33.996360000875,-117.4924,15.6,63.0,Mira Loma (Van Buren),27.368166583333334,51.38194277083334,8.721743395833334,1007.4833333333332,0.0,0.125
2020-08-29,33.996360000875,-117.4924,14.1,60.0,Mira Loma (Van Buren),24.301500125,56.751733875000006,10.551299404166667,1010.4625,0.0,5.583333333333333
2020-08-30,33.996360000875,-117.4924,12.1,57.0,Mira Loma (Van Buren),22.286916791666666,63.78173479166667,10.744932408333334,1010.85,0.0,20.625
2020-08-31,33.996360000875,-117.4924,11.5,55.0,Mira Loma (Van Buren),21.824416875,67.33859087500001,11.315293104166665,1010.0666666666666,0.0,25.5
2020-09-01,33.996360000875,-117.4924,17.0,66.0,Mira Loma (Van Buren),21.459833583333335,68.60538570833333,10.045851366666666,1012.1374999999999,0.0,28.166666666666668
2020-09-02,33.996360000875,-117.4924,16.9,66.0,Mira Loma (Van Buren),22.003583416666668,65.44532604166666,10.08077436125,1014.7166666666667,0.0,14.0
2020-09-03,33.996360000875,-117.4924,20.5,72.0,Mira Loma (Van Buren),23.882749958333335,64.16614095833333,9.646371333333333,1013.5041666666666,0.0,13.375
2020-09-04,33.996360000875,-117.4924,21.5,74.0,Mira Loma (Van Buren),25.978583125,59.430203625,9.41881995,1011.3041666666667,0.0,0.5833333333333334
2020-09-05,33.996360000875,-117.4924,25.6,82.0,Mira Loma (Van Buren),31.713999583333333,35.6199528875,8.181643879166666,1011.0916666666667,0.0,7.541666666666667
2020-09-06,33.996360000875,-117.4924,20.6,72.0,Mira Loma (Van Buren),36.593166333333336,16.162735958333332,10.711817383333333,1009.875,0.0,6.458333333333333
2020-09-07,33.996360000875,-117.4924,19.0,69.0,Mira Loma (Van Buren),32.18483304166667,29.409796958333335,12.521913241666667,1007.7541666666666,0.0,5.333333333333333
2020-09-08,33.996360000875,-117.4924,13.4,59.0,Mira Loma (Van Buren),24.401500125,68.74160908333333,9.695440291666667,1005.0708333333333,0.0,31.625
2020-09-09,33.996360000875,-117.4924,12.4,57.0,Mira Loma (Van Buren),25.345249874999997,41.5445234125,14.000406937500001,1007.8000000000001,0.0,0.4583333333333333
2020-09-10,33.996360000875,-117.4924,23.9,79.0,Mira Loma (Van Buren),25.520249916666668,33.15685955833333,8.845127345833333,1013.2291666666666,0.0,8.333333333333334
2020-09-11,33.996360000875,-117.4924,39.6,111.0,Mira Loma (Van Buren),26.05149966666667,24.416873441666667,8.65854401125,1014.375,0.0,13.583333333333334
2020-09-12,33.996360000875,-117.4924,64.8,158.0,Mira Loma (Van Buren),26.220249791666664,23.989960825,9.002136895833333,1011.85,0.0,0.0
2020-09-13,33.996360000875,-117.4924,50.4,138.0,Mira Loma (Van Buren),25.593166416666666,32.59695158333333,8.5133058,1011.2666666666668,0.0,0.0
2020-09-14,33.996360000875,-117.4924,53.0,144.0,Mira Loma (Van Buren),25.886916333333332,42.112778041666665,9.4594852875,1012.7375000000001,0.0,0.0
2020-09-15,33.996360000875,-117.4924,53.0,144.0,Mira Loma (Van Buren),26.576499875,42.105334375,8.028394545833335,1015.2541666666666,0.0,0.0
2020-09-16,33.996360000875,-117.4924,34.9,99.0,Mira Loma (Van Buren),27.384833291666666,28.964137124999997,9.138281320833334,1014.3083333333334,0.0,0.0
2020-09-17,33.996360000875,-117.4924,23.5,78.0,Mira Loma (Van Buren),28.08066654166667,20.06952235,7.738999869583334,1012.4458333333333,0.0,40.25
2020-09-18,33.996360000875,-117.4924,19.5,70.0,Mira Loma (Van Buren),29.268166458333337,18.866129645833333,8.822332425,1010.9499999999999,0.0,5.958333333333333
2020-09-19,33.996360000875,-117.4924,19.6,71.0,Mira Loma (Van Buren),28.424416708333336,25.814477416666666,8.136326649999999,1010.1416666666668,0.0,4.0
2020-09-20,33.996360000875,-117.4924,15.5,63.0,Mira Loma (Van Buren),25.203583499999997,43.82266058333334,8.589268433333332,1010.2875,0.0,1.5833333333333333
2020-09-21,33.996360000875,-117.4924,19.2,70.0,Mira Loma (Van Buren),22.76816679166667,63.614250375000005,10.227264358333334,1012.2416666666667,0.0,13.708333333333334
2020-09-22,33.996360000875,-117.4924,14.0,60.0,Mira Loma (Van Buren),23.4473335,61.84497875,9.009407658333334,1014.3208333333333,0.0,1.75
2020-09-23,33.996360000875,-117.4924,19.1,70.0,Mira Loma (Van Buren),23.89316654166667,54.638729041666664,8.8285495,1015.5124999999999,0.0,0.0
2020-09-24,33.996360000875,-117.4924,15.2,62.0,Mira Loma (Van Buren),24.934833041666668,45.65580766666667,7.667946916666666,1012.9791666666666,0.0,0.0
2020-09-25,33.996360000875,-117.4924,15.2,62.0,Mira Loma (Van Buren),23.576500166666666,58.190890333333336,7.8172951,1012.0833333333334,0.0,3.2916666666666665
2020-09-26,33.996360000875,-117.4924,15.2,62.0,Mira Loma (Van Buren),22.239000083333334,67.95487691666666,7.4614146875000005,1012.9125,0.0,19.75
2020-09-27,33.996360000875,-117.4924,20.7,73.0,Mira Loma (Van Buren),21.641083499999997,72.58183370833333,9.8552572875,1011.1875,0.0,53.125
2020-09-28,33.996360000875,-117.4924,18.5,69.0,Mira Loma (Van Buren),24.334833291666666,61.19263271666667,9.1054823875,1011.5375,0.0,32.25
2020-09-29,33.996360000875,-117.4924,16.7,65.0,Mira Loma (Van Buren),27.103583375,48.07989265416666,8.170217566666667,1013.3958333333334,0.0,0.0
2020-09-30,33.996360000875,-117.4924,19.3,70.0,Mira Loma (Van Buren),30.25983275,19.864482120833333,7.558974325,1012.9375,0.0,0.0
2020-10-01,33.996360000875,-117.4924,19.7,71.0,Mira Loma (Van Buren),30.376499791666664,16.217611941666664,8.5241374625,1012.0124999999999,0.0,0.0
2020-10-02,33.996360000875,-117.4924,25.8,82.0,Mira Loma (Van Buren),29.14733316666667,18.584200679166667,9.492919186666667,1011.3166666666666,0.0,0.0
2020-10-03,33.996360000875,-117.4924,30.2,90.0,Mira Loma (Van Buren),28.053583291666666,26.420237416666666,8.777260929166667,1009.7458333333334,0.0,0.0
2020-10-04,33.996360000875,-117.4924,46.4,128.0,Mira Loma (Van Buren),26.864000041666667,28.314555041666665,8.0084189375,1012.25,0.0,0.0
2020-10-05,33.996360000875,-117.4924,47.4,130.0,Mira Loma (Van Buren),27.234833291666664,23.48318947916667,7.6950412125000005,1014.5375,0.0,78.45833333333333
2020-10-06,33.996360000875,-117.4924,44.2,122.0,Mira Loma (Van Buren),25.209833333333336,34.373438625,8.820442041666666,1014.5833333333334,0.0,49.166666666666664
2020-10-07,33.996360000875,-117.4924,30.8,91.0,Mira Loma (Van Buren),24.741083291666666,36.69474245833333,8.351707691666666,1012.4,0.0,4.5
2020-10-08,33.996360000875,-117.4924,24.1,79.0,Mira Loma (Van Buren),20.674417000000002,75.00091641666667,9.06960205,1013.0375,0.0,52.291666666666664
2020-10-09,33.996360000875,-117.4924,21.6,74.0,Mira Loma (Van Buren),19.976500166666668,70.63786191666667,7.1997964166666675,1013.3833333333333,0.0,64.83333333333333
2020-10-10,33.996360000875,-117.4924,17.3,66.0,Mira Loma (Van Buren),20.655666958333335,69.40883754166667,8.714573770833333,1013.6583333333333,0.0,56.916666666666664
2020-10-11,33.996360000875,-117.4924,17.5,67.0,Mira Loma (Van Buren),20.53066683333333,71.83715808333334,7.53440575,1014.3625000000001,0.0,20.75
2020-10-12,33.996360000875,-117.4924,13.6,59.0,Mira Loma (Van Buren),23.491083250000003,56.400072875,7.395370158333333,1014.4166666666666,0.0,11.083333333333334
2020-10-13,33.996360000875,-117.4924,17.7,67.0,Mira Loma (Van Buren),26.78274970833333,27.874933291666665,8.676170829166667,1014.1,0.0,0.0
2020-10-14,33.996360000875,-117.4924,20.1,71.0,Mira Loma (Van Buren),26.54941629166667,22.335042791666666,8.695954083333334,1013.8333333333334,0.0,0.0
2020-10-15,33.996360000875,-117.4924,23.4,78.0,Mira Loma (Van Buren),26.895249375000002,28.049306083333335,8.5562679375,1013.6333333333333,0.0,0.0
2020-10-16,33.996360000875,-117.4924,17.9,67.0,Mira Loma (Van Buren),28.45774941666667,20.860770304166667,10.510132216666667,1012.1666666666666,0.0,0.5833333333333334
2020-10-17,33.996360000875,-117.4924,15.9,64.0,Mira Loma (Van Buren),26.41399991666667,23.488688541666665,7.4927054125,1011.9166666666666,0.0,0.0
2020-10-18,33.996360000875,-117.4924,18.0,68.0,Mira Loma (Van Buren),23.499416895833335,50.874910916666664,6.130331720833333,1014.2791666666667,0.0,6.125
2020-10-19,33.996360000875,-117.4924,20.3,72.0,Mira Loma (Van Buren),22.041083583333332,67.15771979166666,7.977163052916667,1014.2666666666668,0.0,33.875
2020-10-20,33.996360000875,-117.4924,25.1,81.0,Mira Loma (Van Buren),20.739000333333333,75.21681208333332,7.1333503291666664,1011.8291666666668,0.0,31.041666666666668
2020-10-21,33.996360000875,-117.4924,38.7,109.0,Mira Loma (Van Buren),19.520250270833333,76.890387,6.588270345833333,1009.9250000000001,0.0,42.333333333333336
2020-10-22,33.996360000875,-117.4924,14.7,61.0,Mira Loma (Van Buren),19.184833541666666,76.97860158333333,7.981894345833333,1010.5625,0.004166666666666667,53.5
2020-10-23,33.996360000875,-117.4924,15.6,63.0,Mira Loma (Van Buren),18.414000229166668,71.85685545833333,6.544080587500001,1013.5958333333333,0.0,62.416666666666664
2020-10-24,33.996360000875,-117.4924,12.4,57.0,Mira Loma (Van Buren),18.84525025,71.97240554166667,7.0576213075,1015.2875,0.0,83.95833333333333
2020-10-25,33.996360000875,-117.4924,6.4,36.0,Mira Loma (Van Buren),17.824416916666667,70.292723125,12.913805854166666,1012.9625,0.07083333333333335,66.66666666666667
2020-10-26,33.996360000875,-117.4924,17.6,67.0,Mira Loma (Van Buren),16.070250270833334,35.2679298875,16.817714166666665,1014.7833333333333,0.0,26.5
2020-10-27,33.996360000875,-117.4924,23.7,78.0,Mira Loma (Van Buren),16.618166791666667,13.020397470833332,13.91506845,1017.3166666666666,0.0,0.125
2020-10-28,33.996360000875,-117.4924,36.0,102.0,Mira Loma (Van Buren),16.8806669375,28.428989541666667,8.375790833333333,1017.7624999999999,0.0,0.0
2020-10-29,33.996360000875,-117.4924,26.5,83.0,Mira Loma (Van Buren),18.6910835,37.59255559583333,8.161820504166666,1016.1458333333334,0.0,0.0
2020-10-30,33.996360000875,-117.4924,25.4,81.0,Mira Loma (Van Buren),20.684833708333333,26.03560085416667,7.2813293,1014.9791666666666,0.0,0.0
2020-10-31,33.996360000875,-117.4924,23.5,78.0,Mira Loma (Van Buren),21.286916875,32.428037808333336,7.607653229166666,1015.2333333333332,0.0,1.3333333333333333
2020-11-01,33.996360000875,-117.4924,22.1,75.0,Mira Loma (Van Buren),22.655666916666664,25.377687833333336,7.80554350625,1017.7666666666668,0.0,50.791666666666664
2020-11-02,33.996360000875,-117.4924,23.7,78.0,Mira Loma (Van Buren),21.907750208333336,28.09033691666667,7.221642200000001,1017.6958333333333,0.0,16.083333333333332
2020-11-03,33.996360000875,-117.4924,26.4,83.0,Mira Loma (Van Buren),19.755667020833332,59.997637125000004,7.210822687499999,1016.2666666666668,0.0,19.375
2020-11-04,33.996360000875,-117.4924,28.0,86.0,Mira Loma (Van Buren),20.780666729166665,47.283102375,5.9407314125,1017.0833333333334,0.0,0.0
2020-11-05,33.996360000875,-117.4924,13.4,59.0,Mira Loma (Van Buren),24.547333166666665,24.326829354166666,8.79162695,1016.3791666666666,0.0,36.333333333333336
2020-11-06,33.996360000875,-117.4924,15.7,63.0,Mira Loma (Van Buren),23.539000125,23.250969333333334,7.020607395833333,1007.5458333333332,0.0,47.875
2020-11-07,33.996360000875,-117.4924,6.7,37.0,Mira Loma (Van Buren),13.99525025,71.55596333333334,14.6589955875,1006.3916666666668,0.2916666666666667,53.041666666666664
2020-11-08,33.996360000875,-117.4924,8.3,46.0,Mira Loma (Van Buren),10.849416895833334,70.72431854166666,11.439565495833333,1009.6875,0.06666666666666667,42.125
2020-11-09,33.996360000875,-117.4924,7.8,43.0,Mira Loma (Van Buren),9.370250191666667,71.22124649999999,7.989636399999999,1014.5500000000001,0.09583333333333333,9.083333333333334
2020-11-10,33.996360000875,-117.4924,12.7,58.0,Mira Loma (Van Buren),10.2473334,58.07012458333333,5.9361679875,1020.9416666666666,0.0,12.666666666666666
2020-11-11,33.996360000875,-117.4924,18.8,69.0,Mira Loma (Van Buren),11.901500024999999,49.26757941666667,6.2122752625,1017.2791666666667,0.0,6.541666666666667
2020-11-12,33.996360000875,-117.4924,23.3,77.0,Mira Loma (Van Buren),12.718166883333334,63.771157499999994,5.4268792125,1016.4250000000001,0.0,11.333333333333334
2020-11-13,33.996360000875,-117.4924,22.2,75.0,Mira Loma (Van Buren),12.745250050000001,60.66980379166667,6.767277670833334,1018.3375,0.0,9.791666666666666
2020-11-14,33.996360000875,-117.4924,26.0,82.0,Mira Loma (Van Buren),13.1640003125,71.9209865,7.5979694958333335,1019.5166666666668,0.0,7.125
2020-11-15,33.996360000875,-117.4924,19.7,71.0,Mira Loma (Van Buren),17.42441679166667,39.349062124999996,6.322951616666667,1019.4875000000001,0.0,0.0
2020-11-16,33.996360000875,-117.4924,11.6,56.0,Mira Loma (Van Buren),20.02650004166667,31.887799208333334,9.9587338125,1016.625,0.0,0.0
2020-11-17,33.996360000875,-117.4924,14.9,62.0,Mira Loma (Van Buren),19.676500208333334,31.674984833333337,6.932162062500001,1016.1041666666666,0.0,10.75
2020-11-18,33.996360000875,-117.4924,19.1,70.0,Mira Loma (Van Buren),16.626500125,46.54578004166667,7.350238699999999,1017.3333333333334,0.0,25.75
2020-11-19,33.996360000875,-117.4924,19.3,70.0,Mira Loma (Van Buren),14.986916833333334,68.24846341666667,6.081255675,1019.5875,0.0,15.333333333333334
2020-11-20,33.996360000875,-117.4924,28.6,87.0,Mira Loma (Van Buren),16.607750270833332,59.65207683333333,6.5046838,1018.6125000000001,0.0,68.66666666666667
2020-11-21,33.996360000875,-117.4924,37.0,105.0,Mira Loma (Van Buren),17.9806669375,42.88649004166667,6.263099420833334,1018.0500000000001,0.0,94.875
2020-11-22,33.996360000875,-117.4924,29.5,89.0,Mira Loma (Van Buren),17.951500125,39.8434585,6.806385870833334,1014.9166666666666,0.0,56.791666666666664
2020-11-23,33.996360000875,-117.4924,24.7,80.0,Mira Loma (Van Buren),14.401500208333333,73.30226891666666,6.192336320833333,1011.9541666666668,0.0,17.75
2020-11-24,33.996360000875,-117.4924,20.6,72.0,Mira Loma (Van Buren),13.999416979166668,72.32756175,5.274662774166667,1015.7666666666668,0.0,22.041666666666668
2020-11-25,33.996360000875,-117.4924,25.7,82.0,Mira Loma (Van Buren),13.7015003375,66.61588741666667,7.114201291666666,1018.4583333333334,0.0,0.041666666666666664
2020-11-26,33.996360000875,-117.4924,17.7,67.0,Mira Loma (Van Buren),13.2327501125,67.97186574999999,12.945762049999999,1017.2624999999999,0.0,21.291666666666668
2020-11-27,33.996360000875,-117.4924,4.9,27.0,Mira Loma (Van Buren),15.774416833333333,12.231473391666666,20.7245789375,1020.3416666666667,0.0,0.0
2020-11-28,33.996360000875,-117.4924,12.3,57.0,Mira Loma (Van Buren),13.451500025,17.452984041666667,7.723611845833333,1021.7666666666668,0.0,0.0
2020-11-29,33.996360000875,-117.4924,17.1,66.0,Mira Loma (Van Buren),14.166083391666668,22.622444083333335,8.2078691,1019.4666666666667,0.0,0.0
2020-11-30,33.996360000875,-117.4924,14.4,61.0,Mira Loma (Van Buren),16.1285835625,20.608027008333334,6.9540652750000005,1019.875,0.0,50.166666666666664
2020-12-01,33.996360000875,-117.4924,17.6,67.0,Mira Loma (Van Buren),15.6390003,21.343910883333333,7.626369212499999,1018.3541666666666,0.0,0.0
2020-12-02,33.996360000875,-117.4924,7.6,42.0,Mira Loma (Van Buren),17.14733352083333,16.903958,10.664549725,1017.3583333333332,0.0,2.5833333333333335
2020-12-03,33.996360000875,-117.4924,4.3,24.0,Mira Loma (Van Buren),17.4640001875,10.548458416666668,19.58426520833333,1021.3625000000001,0.0,0.16666666666666666
2020-12-04,33.996360000875,-117.4924,26.8,84.0,Mira Loma (Van Buren),13.780666975,12.054667720833335,7.453734016666666,1022.9833333333332,0.0,0.0
2020-12-05,33.996360000875,-117.4924,31.3,92.0,Mira Loma (Van Buren),13.501500100000001,14.921016108333333,5.985194370833334,1022.6625,0.0,31.416666666666668
2020-12-06,33.996360000875,-117.4924,31.0,92.0,Mira Loma (Van Buren),13.909833483333335,18.6943235,6.2719507375,1022.85,0.0,15.791666666666666
2020-12-07,33.996360000875,-117.4924,14.3,61.0,Mira Loma (Van Buren),15.841083541666668,16.05770652083333,10.016954658333333,1017.0166666666668,0.0,60.791666666666664
2020-12-08,33.996360000875,-117.4924,3.3,18.0,Mira Loma (Van Buren),21.89316691666667,9.307399254166667,23.777832708333335,1016.9833333333332,0.0,72.08333333333333
2020-12-09,33.996360000875,-117.4924,16.6,65.0,Mira Loma (Van Buren),17.303583624999998,14.42560125,7.419036158333333,1017.6374999999999,0.0,81.125
2020-12-10,33.996360000875,-117.4924,20.7,73.0,Mira Loma (Van Buren),13.018166766666667,46.606039875,6.124337241666667,1015.4041666666667,0.0,27.208333333333332
2020-12-11,33.996360000875,-117.4924,19.7,71.0,Mira Loma (Van Buren),11.732750416666667,78.18120208333333,5.931938704166666,1019.5208333333334,0.0,73.25
2020-12-12,33.996360000875,-117.4924,23.9,79.0,Mira Loma (Van Buren),11.289000354166667,72.86411504166666,5.801782458333334,1018.1916666666666,0.0,77.45833333333333
2020-12-13,33.996360000875,-117.4924,14.9,62.0,Mira Loma (Van Buren),12.668166999999999,46.224572208333335,8.58944291125,1021.9791666666666,0.004166666666666667,39.125
2020-12-14,33.996360000875,-117.4924,16.1,64.0,Mira Loma (Van Buren),13.072333541666668,46.635793291666666,5.169169575,1019.5833333333334,0.0,67.83333333333333
2020-12-15,33.996360000875,-117.4924,2.3,13.0,Mira Loma (Van Buren),12.853583583333332,37.51182416666666,11.772461916666666,1020.5875,0.0,7.458333333333333
2020-12-16,33.996360000875,-117.4924,13.8,60.0,Mira Loma (Van Buren),12.751500254166666,23.794641583333334,6.2024630541666665,1021.4499999999999,0.0,0.0
2020-12-17,33.996360000875,-117.4924,14.6,61.0,Mira Loma (Van Buren),13.4931670625,37.50204625,7.127795212500001,1016.7624999999999,0.0,75.41666666666667
2020-12-18,33.996360000875,-117.4924,5.3,29.0,Mira Loma (Van Buren),12.278583558333333,69.46613891666667,8.672398166666667,1018.1666666666666,0.004166666666666667,24.875
2020-12-19,33.996360000875,-117.4924,16.0,64.0,Mira Loma (Van Buren),12.4306668375,25.898679,6.690348645833333,1024.3583333333333,0.0,0.0
2020-12-20,33.996360000875,-117.4924,20.1,71.0,Mira Loma (Van Buren),15.120250270833333,21.279656916666667,8.2692241125,1022.0791666666668,0.0,0.0
2020-12-21,33.996360000875,-117.4924,13.8,60.0,Mira Loma (Van Buren),17.632750354166667,18.193925458333332,7.993821458333334,1016.3541666666666,0.0,0.0
2020-12-22,33.996360000875,-117.4924,20.9,73.0,Mira Loma (Van Buren),16.107750270833332,24.483011666666666,5.614938175,1016.25,0.0,34.125
2020-12-23,33.996360000875,-117.4924,15.9,64.0,Mira Loma (Van Buren),14.236916875,46.959006683333335,13.239378283333332,1019.225,0.0,94.625
2020-12-24,33.996360000875,-117.4924,10.6,54.0,Mira Loma (Van Buren),14.801500187499999,9.423059270833333,17.160427304166667,1024.5874999999999,0.012500000000000002,99.625
2020-12-25,33.996360000875,-117.4924,29.2,88.0,Mira Loma (Van Buren),14.053583625,42.58310483333333,10.140433945833333,1021.0,0.016666666666666666,26.791666666666668
2020-12-26,33.996360000875,-117.4924,26.6,84.0,Mira Loma (Van Buren),13.909833433333333,49.69313758333333,6.8432918208333335,1019.975,0.0,21.333333333333332
2020-12-27,33.996360000875,-117.4924,20.5,72.0,Mira Loma (Van Buren),12.636916895833332,69.62318545833334,6.0683897625,1016.1333333333333,0.0,70.125
2020-12-28,33.996360000875,-117.4924,3.9,22.0,Mira Loma (Van Buren),10.301500458333333,83.82141245833333,7.859477325,1012.3874999999999,0.5125000000000001,60.916666666666664
2020-12-29,33.996360000875,-117.4924,6.9,38.0,Mira Loma (Van Buren),8.032750029166666,81.62133683333333,8.699521695833333,1016.8416666666667,0.47500000000000003,28.25
2020-12-30,33.996360000875,-117.4924,10.7,54.0,Mira Loma (Van Buren),9.32858345,50.075131125000006,7.117452,1022.8125,0.0,20.416666666666668
2020-12-31,33.996360000875,-117.4924,7.8,43.0,Mira Loma (Van Buren),9.514000029166667,52.16947908333333,5.979347083333334,1017.5500000000001,0.0,22.875
2021-01-01,33.996360000875,-117.4924,8.7,48.0,Mira Loma (Van Buren),12.143166895833334,42.85961104166666,9.297087054166667,1016.9708333333333,0.0,34.875
2021-01-02,33.996360000875,-117.4924,21.6,74.0,Mira Loma (Van Buren),10.218166866666666,60.08586895833333,5.917647808333334,1023.1750000000001,0.0,43.291666666666664
2021-01-03,33.996360000875,-117.4924,28.6,87.0,Mira Loma (Van Buren),10.2806667,75.78487175,4.577767425,1023.1916666666666,0.0,56.958333333333336
2021-01-04,33.996360000875,-117.4924,29.1,88.0,Mira Loma (Van Buren),10.659833458333333,78.58574858333334,6.201639291666667,1021.7541666666666,0.0,32.791666666666664
2021-01-05,33.996360000875,-117.4924,44.6,123.0,Mira Loma (Van Buren),11.351500233333333,75.83791016666667,5.496329708333334,1020.3458333333333,0.0,7.25
2021-01-06,33.996360000875,-117.4924,24.5,80.0,Mira Loma (Van Buren),12.9535836875,60.6882185,7.9290013083333335,1019.5041666666666,0.0,66.375
2021-01-07,33.996360000875,-117.4924,27.1,85.0,Mira Loma (Van Buren),13.168166841666666,58.516207375,6.72624,1018.8249999999999,0.0,59.708333333333336
2021-01-08,33.996360000875,-117.4924,29.6,89.0,Mira Loma (Van Buren),13.193166795833333,48.965816249999996,5.770968229166667,1018.8666666666667,0.0,35.958333333333336
2021-01-09,33.996360000875,-117.4924,19.2,70.0,Mira Loma (Van Buren),12.99733355,52.669618625,10.598514674999999,1018.1958333333333,0.0,11.416666666666666
2021-01-10,33.996360000875,-117.4924,9.5,52.0,Mira Loma (Van Buren),13.793166895833332,28.035724625,10.1463074125,1020.3625000000001,0.0,17.916666666666668
2021-01-11,33.996360000875,-117.4924,4.9,27.0,Mira Loma (Van Buren),13.493166833333333,34.831799708333335,9.997357945833334,1021.5666666666666,0.0,26.208333333333332
2021-01-12,33.996360000875,-117.4924,11.7,56.0,Mira Loma (Van Buren),12.7431667875,37.51258725,6.711721099999999,1023.5541666666667,0.0,27.958333333333332
2021-01-13,33.996360000875,-117.4924,18.3,68.0,Mira Loma (Van Buren),13.995250333333333,33.2190835,6.898444349999999,1023.6999999999999,0.0,40.666666666666664
2021-01-14,33.996360000875,-117.4924,5.9,33.0,Mira Loma (Van Buren),17.832750145833334,29.85142075,11.135761879166667,1020.7333333333332,0.0,18.5
2021-01-15,33.996360000875,-117.4924,9.7,52.0,Mira Loma (Van Buren),22.70983366666667,17.4392154,12.989371770833332,1020.4875000000001,0.0,5.583333333333333
2021-01-16,33.996360000875,-117.4924,7.0,39.0,Mira Loma (Van Buren),20.053583708333335,22.022568250000003,10.40131093625,1015.6708333333332,0.0,10.958333333333334
2021-01-17,33.996360000875,-117.4924,4.7,26.0,Mira Loma (Van Buren),22.295250125,17.3696895,13.512912041666667,1015.4333333333334,0.0,8.875
2021-01-18,33.996360000875,-117.4924,10.8,54.0,Mira Loma (Van Buren),18.439000354166666,24.17501175,10.264967366666667,1011.6833333333334,0.0,3.0
2021-01-19,33.996360000875,-117.4924,12.6,58.0,Mira Loma (Van Buren),14.730666854166666,34.66931241666666,22.73148445,1007.2875,0.004166666666666667,40.458333333333336
2021-01-20,33.996360000875,-117.4924,5.2,29.0,Mira Loma (Van Buren),17.009833645833336,28.96713741666667,25.454258437500002,1013.4916666666667,0.004166666666666667,40.666666666666664
2021-01-21,33.996360000875,-117.4924,8.7,48.0,Mira Loma (Van Buren),15.670250291666667,47.44789925,9.419474325000001,1015.9583333333334,0.0,7.583333333333333
2021-01-22,33.996360000875,-117.4924,11.8,56.0,Mira Loma (Van Buren),12.845250308333334,69.315593625,8.241420045833333,1016.1791666666667,0.004166666666666667,31.0
2021-01-23,33.996360000875,-117.4924,4.9,27.0,Mira Loma (Van Buren),10.01608375,79.40785929166667,8.365686316666666,1013.5,0.24583333333333335,80.125
2021-01-24,33.996360000875,-117.4924,10.6,54.0,Mira Loma (Van Buren),7.722333325,86.47904708333334,4.6820738875000005,1012.8375,0.1375,53.625
2021-01-25,33.996360000875,-117.4924,2.6,14.0,Mira Loma (Van Buren),8.476500054166666,76.120338,12.534316820833332,1009.0749999999999,0.30833333333333335,64.04166666666667
2021-01-26,33.996360000875,-117.4924,9.8,52.0,Mira Loma (Van Buren),5.7181667083333325,68.03062566666667,8.168724995833333,1011.5916666666667,0.0,13.375
2021-01-27,33.996360000875,-117.4924,10.8,54.0,Mira Loma (Van Buren),7.366083429166667,64.92708195833333,6.115470866666667,1021.1625,0.004166666666666667,57.583333333333336
2021-01-28,33.996360000875,-117.4924,8.0,44.0,Mira Loma (Van Buren),9.730666775,61.963624708333334,6.405809412500001,1016.7916666666666,0.0,63.166666666666664
2021-01-29,33.996360000875,-117.4924,4.6,26.0,Mira Loma (Van Buren),10.114000079166667,80.54214833333333,7.089614283333333,1013.7041666666668,0.9375,85.20833333333333
2021-01-30,33.996360000875,-117.4924,15.6,63.0,Mira Loma (Van Buren),8.001500104166666,80.6397215,5.786244624999999,1020.1125000000001,0.03333333333333333,17.875
2021-01-31,33.996360000875,-117.4924,9.9,52.0,Mira Loma (Van Buren),10.5473334,63.53112670833334,8.106189575,1021.4416666666666,0.0,51.666666666666664
2021-02-01,33.996360000875,-117.4924,11.1,55.0,Mira Loma (Van Buren),13.422333583333334,61.00597470833333,6.602406820833333,1018.7166666666667,0.0,99.625
2021-02-02,33.996360000875,-117.4924,16.7,65.0,Mira Loma (Van Buren),15.053583645833333,63.08335795833333,5.939679404166667,1017.7875,0.0,58.583333333333336
2021-02-03,33.996360000875,-117.4924,13.1,58.0,Mira Loma (Van Buren),13.951500125,70.15197254166667,7.044543862499999,1017.5833333333334,0.0,45.791666666666664
2021-02-04,33.996360000875,-117.4924,14.1,60.0,Mira Loma (Van Buren),11.832750216666668,80.16267108333334,6.367787708333334,1018.6416666666668,0.0,55.458333333333336
2021-02-05,33.996360000875,-117.4924,20.3,72.0,Mira Loma (Van Buren),11.843166870833334,65.09095629166667,7.350033979166667,1020.0416666666666,0.0,2.375
2021-02-06,33.996360000875,-117.4924,28.7,88.0,Mira Loma (Van Buren),13.786916854166668,54.945641458333334,6.226345870833334,1016.1875,0.0,0.0
2021-02-07,33.996360000875,-117.4924,27.4,85.0,Mira Loma (Van Buren),13.961916683333333,53.93304758333334,6.228080416666667,1014.0749999999999,0.0,4.5
2021-02-08,33.996360000875,-117.4924,24.4,80.0,Mira Loma (Van Buren),12.457750124999999,65.68312350000001,5.5100413375,1014.0666666666666,0.0,16.541666666666668
2021-02-09,33.996360000875,-117.4924,20.5,72.0,Mira Loma (Van Buren),10.614000170833334,84.55706445833333,6.410300533333333,1016.525,0.0,78.70833333333333
2021-02-10,33.996360000875,-117.4924,23.0,77.0,Mira Loma (Van Buren),11.5660835625,79.32041620833333,6.275335666666667,1016.8416666666667,0.0,76.125
2021-02-11,33.996360000875,-117.4924,32.7,95.0,Mira Loma (Van Buren),12.264000095833334,74.64147154166666,6.219140979166667,1017.0333333333333,0.0,25.5
2021-02-12,33.996360000875,-117.4924,15.1,62.0,Mira Loma (Van Buren),13.343167104166668,78.50064820833333,8.905733620833333,1013.9666666666667,0.075,59.791666666666664
2021-02-13,33.996360000875,-117.4924,16.3,64.0,Mira Loma (Van Buren),12.209833520833334,66.93000133333334,7.939573978333333,1013.3583333333332,0.0,60.958333333333336
2021-02-14,33.996360000875,-117.4924,14.0,60.0,Mira Loma (Van Buren),11.1994168,75.17646445833333,6.593259429166667,1012.15,0.0,70.33333333333333
2021-02-15,33.996360000875,-117.4924,15.3,63.0,Mira Loma (Van Buren),11.4806668625,60.070721875000004,7.197544091666667,1016.2666666666668,0.0,71.45833333333333
2021-02-16,33.996360000875,-117.4924,11.7,56.0,Mira Loma (Van Buren),12.6702503125,68.93412504166666,6.0367189083333335,1014.9958333333334,0.004166666666666667,81.54166666666667
2021-02-17,33.996360000875,-117.4924,9.1,51.0,Mira Loma (Van Buren),11.259833504166666,69.36221691666667,6.280141391666667,1015.375,0.0,21.0
2021-02-18,33.996360000875,-117.4924,6.7,37.0,Mira Loma (Van Buren),12.924416979166667,30.261683729166666,9.127511875,1022.5333333333333,0.0,0.0
2021-02-19,33.996360000875,-117.4924,18.6,69.0,Mira Loma (Van Buren),13.009833516666667,31.070098187499998,7.0845624250000006,1024.95,0.0,15.875
2021-02-20,33.996360000875,-117.4924,18.4,68.0,Mira Loma (Van Buren),13.670250208333334,43.43772779166667,5.699701516666667,1019.6291666666666,0.0,1.9583333333333333
2021-02-21,33.996360000875,-117.4924,2.2,12.0,Mira Loma (Van Buren),14.793167062499998,23.353822124999997,13.632708749999999,1023.5749999999999,0.0,0.0
2021-02-22,33.996360000875,-117.4924,1.8,10.0,Mira Loma (Van Buren),16.945250375,19.305247895833332,14.818748833333332,1023.3000000000001,0.0,0.0
2021-02-23,33.996360000875,-117.4924,10.9,54.0,Mira Loma (Van Buren),17.168166979166667,24.326769708333334,7.9948879208333326,1017.3666666666667,0.0,11.041666666666666
2021-02-24,33.996360000875,-117.4924,10.4,53.0,Mira Loma (Van Buren),16.8140003125,29.349097791666665,8.125552195833334,1016.15,0.0,9.125
2021-02-25,33.996360000875,-117.4924,14.6,61.0,Mira Loma (Van Buren),15.799417041666667,25.655408087500003,23.212720991666668,1018.1999999999999,0.0,0.5833333333333334
2021-02-26,33.996360000875,-117.4924,13.6,59.0,Mira Loma (Van Buren),13.532750066666667,17.738113258333332,8.197416583333334,1017.1416666666668,0.0,1.875
2021-02-27,33.996360000875,-117.4924,17.9,67.0,Mira Loma (Van Buren),13.58900025,32.309495375000004,7.6130649625,1012.9583333333334,0.0,0.0
2021-02-28,33.996360000875,-117.4924,6.5,36.0,Mira Loma (Van Buren),15.422333645833334,23.191314783333336,25.538326404166668,1017.5708333333333,0.0,10.083333333333334
2021-03-01,33.996360000875,-117.4924,6.6,37.0,Mira Loma (Van Buren),14.274416879166667,14.1924031,12.321226166666667,1022.0,0.0,0.041666666666666664
2021-03-02,33.996360000875,-117.4924,9.6,52.0,Mira Loma (Van Buren),15.499416779166665,18.069420337500002,8.601710045833334,1015.3833333333333,0.0,13.25
2021-03-03,33.996360000875,-117.4924,13.7,60.0,Mira Loma (Van Buren),12.397333558333335,33.974055666666665,8.571664895833333,1010.4916666666667,0.15833333333333333,27.25
2021-03-04,33.996360000875,-117.4924,12.2,57.0,Mira Loma (Van Buren),10.584833354166667,75.07873979166666,5.711041345833333,1019.8958333333334,0.029166666666666664,23.083333333333332
2021-03-05,33.996360000875,-117.4924,15.0,62.0,Mira Loma (Van Buren),14.318166766666666,58.25760558333334,6.358051183333333,1021.65,0.0,0.0
2021-03-06,33.996360000875,-117.4924,15.9,64.0,Mira Loma (Van Buren),14.809833666666668,58.50365295833333,8.0173212625,1016.375,0.0,7.041666666666667
2021-03-07,33.996360000875,-117.4924,14.1,60.0,Mira Loma (Van Buren),12.524417008333332,75.433368875,7.235397141666667,1016.7208333333333,0.0,70.08333333333333
2021-03-08,33.996360000875,-117.4924,6.8,38.0,Mira Loma (Van Buren),13.032750208333333,77.44656704166667,7.036075883333333,1019.7125,0.19583333333333333,95.41666666666667
2021-03-09,33.996360000875,-117.4924,9.1,51.0,Mira Loma (Van Buren),11.932750058333333,65.58789370833334,10.280542258333334,1020.4416666666666,0.004166666666666667,44.541666666666664
2021-03-10,33.996360000875,-117.4924,5.5,31.0,Mira Loma (Van Buren),10.095250258333333,75.57054254166667,13.456670266666668,1019.3041666666667,0.2625,58.416666666666664
2021-03-11,33.996360000875,-117.4924,2.2,12.0,Mira Loma (Van Buren),8.201500054166667,80.07680316666666,7.913789683333333,1017.7458333333334,0.24583333333333335,55.208333333333336
2021-03-12,33.996360000875,-117.4924,8.5,47.0,Mira Loma (Van Buren),7.653583391666667,72.91218358333333,6.226676245833333,1019.9875000000001,0.21666666666666667,53.375
2021-03-13,33.996360000875,-117.4924,12.7,58.0,Mira Loma (Van Buren),8.586916816666667,76.25197762500001,7.2154962625,1023.3541666666666,0.08750000000000001,49.25
2021-03-14,33.996360000875,-117.4924,15.8,63.0,Mira Loma (Van Buren),10.9598335625,77.59984837500001,6.8538581125,1024.075,0.0,62.875
2021-03-15,33.996360000875,-117.4924,7.7,43.0,Mira Loma (Van Buren),10.830666958333333,77.72210470833333,11.689815770833334,1017.7708333333334,0.20833333333333334,84.41666666666667
2021-03-16,33.996360000875,-117.4924,7.6,42.0,Mira Loma (Van Buren),7.6015000875,65.45437658333333,7.219850141666666,1015.2041666666668,0.029166666666666664,12.0
2021-03-17,33.996360000875,-117.4924,13.0,58.0,Mira Loma (Van Buren),9.6410833375,70.8445725,5.9549584875,1019.475,0.0,41.75
2021-03-18,33.996360000875,-117.4924,18.8,69.0,Mira Loma (Van Buren),12.430666720833335,69.97379908333333,7.886824783333334,1019.3416666666667,0.0,24.291666666666668
2021-03-19,33.996360000875,-117.4924,10.4,53.0,Mira Loma (Van Buren),14.220250183333334,65.465417125,7.52602063625,1020.2458333333334,0.0,6.208333333333333
2021-03-20,33.996360000875,-117.4924,6.7,37.0,Mira Loma (Van Buren),15.186916916666666,74.88379704166667,8.032814208333333,1019.9791666666666,0.016666666666666666,45.833333333333336
2021-03-21,33.996360000875,-117.4924,11.5,55.0,Mira Loma (Van Buren),12.914000266666667,62.774839500000006,8.9020047125,1018.2624999999999,0.0,6.166666666666667
2021-03-22,33.996360000875,-117.4924,11.4,55.0,Mira Loma (Van Buren),13.120250154166667,53.943731291666666,8.3129404125,1018.5333333333333,0.0,3.25
2021-03-23,33.996360000875,-117.4924,9.2,51.0,Mira Loma (Van Buren),12.622333625000001,66.08635225,8.713211770833334,1012.9041666666667,0.0,26.541666666666668
2021-03-24,33.996360000875,-117.4924,5.6,31.0,Mira Loma (Van Buren),13.953583591666666,39.509419333333334,10.991035541666667,1013.0375,0.0,11.5
2021-03-25,33.996360000875,-117.4924,7.8,43.0,Mira Loma (Van Buren),12.941083654166667,48.15232658333333,9.495262833333333,1011.9708333333333,0.0,67.5
2021-03-26,33.996360000875,-117.4924,10.5,54.0,Mira Loma (Van Buren),12.378583583333333,61.523245583333335,8.72987658625,1012.5833333333334,0.012500000000000002,55.875
2021-03-27,33.996360000875,-117.4924,10.3,53.0,Mira Loma (Van Buren),14.5244168,48.838970941666666,8.967612604166666,1020.8666666666667,0.0,0.0
2021-03-28,33.996360000875,-117.4924,9.8,52.0,Mira Loma (Van Buren),19.1702501875,27.560942604166666,7.290296891666667,1021.8625000000001,0.0,0.0
2021-03-29,33.996360000875,-117.4924,11.0,55.0,Mira Loma (Van Buren),20.639000166666666,24.101696291666666,9.0009195,1014.3458333333333,0.0,0.0
2021-03-30,33.996360000875,-117.4924,14.7,61.0,Mira Loma (Van Buren),17.964000125000002,55.04283768333334,7.232913420833333,1011.6541666666667,0.0,4.791666666666667
2021-03-31,33.996360000875,-117.4924,6.3,35.0,Mira Loma (Van Buren),21.259833520833332,21.16278708333333,15.160884254166668,1016.8583333333332,0.0,0.0
2021-04-01,33.996360000875,-117.4924,14.3,61.0,Mira Loma (Van Buren),21.997333541666666,11.779675929166666,9.206135925,1014.2458333333334,0.0,26.916666666666668
2021-04-02,33.996360000875,-117.4924,15.1,62.0,Mira Loma (Van Buren),20.343166812499998,23.720690199999996,8.120926254166667,1013.3916666666668,0.0,8.958333333333334
2021-04-03,33.996360000875,-117.4924,18.4,68.0,Mira Loma (Van Buren),17.643166958333335,63.565981541666666,8.065791491666667,1018.0208333333334,0.0,28.625
2021-04-04,33.996360000875,-117.4924,16.2,64.0,Mira Loma (Van Buren),18.37025022916667,51.94715120833334,7.648192541666667,1017.8249999999999,0.0,34.458333333333336
2021-04-05,33.996360000875,-117.4924,13.5,59.0,Mira Loma (Van Buren),17.6765001875,58.753426499999996,7.863960579166666,1014.4833333333332,0.0,44.0
2021-04-06,33.996360000875,-117.4924,14.1,60.0,Mira Loma (Van Buren),16.601500229166668,66.72014470833334,9.420105195833333,1013.2875,0.0,57.958333333333336
2021-04-07,33.996360000875,-117.4924,14.8,62.0,Mira Loma (Van Buren),18.39316685416667,60.8589215,9.104846279166667,1016.6041666666666,0.0,40.625
2021-04-08,33.996360000875,-117.4924,15.2,62.0,Mira Loma (Van Buren),18.89316691666667,55.3468085,8.979705837500001,1015.6208333333334,0.0,20.125
2021-04-09,33.996360000875,-117.4924,17.0,66.0,Mira Loma (Van Buren),17.670250229166665,57.698484625,10.174954341666666,1014.1875,0.0,41.0
2021-04-10,33.996360000875,-117.4924,20.3,72.0,Mira Loma (Van Buren),18.7285835,56.6744945,8.564851404166667,1012.025,0.0,21.25
2021-04-11,33.996360000875,-117.4924,19.2,70.0,Mira Loma (Van Buren),17.653583416666667,66.56470566666667,9.741215345833334,1008.8833333333333,0.0,84.625
2021-04-12,33.996360000875,-117.4924,17.7,67.0,Mira Loma (Van Buren),16.561916916666668,72.33878795833333,10.995866579166666,1008.5958333333333,0.016666666666666666,53.291666666666664
2021-04-13,33.996360000875,-117.4924,10.0,53.0,Mira Loma (Van Buren),15.468166979166668,69.09830291666667,10.425386641666668,1011.4291666666667,0.008333333333333333,73.0
2021-04-14,33.996360000875,-117.4924,10.5,54.0,Mira Loma (Van Buren),14.424416958333333,66.60052366666666,11.6086242,1013.8625000000001,0.03333333333333333,75.0
2021-04-15,33.996360000875,-117.4924,13.5,59.0,Mira Loma (Van Buren),13.757750145833334,61.36405229166667,10.458378508333334,1015.6374999999999,0.0,50.708333333333336
2021-04-16,33.996360000875,-117.4924,17.1,66.0,Mira Loma (Van Buren),15.097333541666666,65.43427329166667,9.757680354166666,1014.0749999999999,0.0,34.375
2021-04-17,33.996360000875,-117.4924,18.6,69.0,Mira Loma (Van Buren),16.120250375,67.16867775,9.835823166666666,1013.7583333333333,0.0,26.0
2021-04-18,33.996360000875,-117.4924,9.8,52.0,Mira Loma (Van Buren),19.849416916666666,37.26301801666667,15.477609441666667,1014.9125,0.0,2.5833333333333335
2021-04-19,33.996360000875,-117.4924,10.8,54.0,Mira Loma (Van Buren),22.014000041666666,17.460099841666665,9.9842556125,1014.9833333333332,0.0,0.0
2021-04-20,33.996360000875,-117.4924,15.3,63.0,Mira Loma (Van Buren),19.411916958333332,45.722214083333334,8.704589154166667,1012.7375000000001,0.0,9.166666666666666
2021-04-21,33.996360000875,-117.4924,10.5,54.0,Mira Loma (Van Buren),14.8306670625,67.29729350000001,10.644844629166666,1011.7833333333333,0.008333333333333333,54.791666666666664
2021-04-22,33.996360000875,-117.4924,8.6,48.0,Mira Loma (Van Buren),15.239000270833335,64.69116745833334,11.869626604166667,1012.8833333333333,0.004166666666666667,79.95833333333333
2021-04-23,33.996360000875,-117.4924,11.9,56.0,Mira Loma (Van Buren),15.249416979166668,66.53324695833334,10.7461392,1015.2541666666666,0.008333333333333333,82.0
2021-04-24,33.996360000875,-117.4924,14.8,62.0,Mira Loma (Van Buren),15.920250291666667,66.579980625,9.769318470833333,1016.2291666666666,0.0,66.625
2021-04-25,33.996360000875,-117.4924,8.7,48.0,Mira Loma (Van Buren),15.266083625,67.43451320833334,10.498681724999999,1013.6,0.004166666666666667,53.416666666666664
2021-04-26,33.996360000875,-117.4924,4.2,23.0,Mira Loma (Van Buren),14.530666916666666,62.26771945833334,15.794785104166666,1011.3041666666667,0.004166666666666667,89.25
2021-04-27,33.996360000875,-117.4924,6.4,36.0,Mira Loma (Van Buren),13.826500270833334,60.90951825,9.681485604166667,1012.8708333333334,0.16666666666666666,61.875
2021-04-28,33.996360000875,-117.4924,9.5,52.0,Mira Loma (Van Buren),16.259833479166666,55.04904875,8.819609183333332,1016.7166666666667,0.0,2.3333333333333335
2021-04-29,33.996360000875,-117.4924,10.6,54.0,Mira Loma (Van Buren),22.480666770833334,27.539989954166668,7.7051230625,1018.1041666666666,0.0,9.583333333333334
2021-04-30,33.996360000875,-117.4924,12.7,58.0,Mira Loma (Van Buren),25.3515,24.164982295833337,10.773156012500001,1017.0625,0.0,5.958333333333333
2021-05-01,33.996360000875,-117.4924,15.1,62.0,Mira Loma (Van Buren),21.891083479166667,44.534125625,9.887866687499999,1013.8125,0.0,79.625
2021-05-02,33.996360000875,-117.4924,7.3,41.0,Mira Loma (Van Buren),16.864000270833333,66.92313333333333,10.816586629166666,1010.85,0.0,62.541666666666664
2021-05-03,33.996360000875,-117.4924,10.7,54.0,Mira Loma (Van Buren),18.189000166666666,64.99970816666666,12.126762575,1009.7708333333334,0.0,55.333333333333336
2021-05-04,33.996360000875,-117.4924,15.9,64.0,Mira Loma (Van Buren),20.524416583333334,57.619792458333336,10.242261133333335,1012.0124999999999,0.0,7.166666666666667
2021-05-05,33.996360000875,-117.4924,15.2,62.0,Mira Loma (Van Buren),22.064000208333336,51.41535316666667,10.672092208333334,1012.5500000000001,0.0,16.708333333333332
2021-05-06,33.996360000875,-117.4924,16.4,65.0,Mira Loma (Van Buren),19.5348335625,66.72115333333333,11.810134991666667,1014.9499999999999,0.0,37.708333333333336
2021-05-07,33.996360000875,-117.4924,12.1,57.0,Mira Loma (Van Buren),18.064000208333333,67.23111495833334,10.746481777916665,1015.6666666666666,0.0,40.083333333333336
2021-05-08,33.996360000875,-117.4924,10.7,54.0,Mira Loma (Van Buren),17.301500270833333,68.41951820833333,11.991425316666666,1013.2416666666667,0.0,25.958333333333332
2021-05-09,33.996360000875,-117.4924,15.7,63.0,Mira Loma (Van Buren),17.951500166666666,68.27654983333333,10.703763483333333,1012.7083333333334,0.0,29.458333333333332
2021-05-10,33.996360000875,-117.4924,10.9,54.0,Mira Loma (Van Buren),17.949416916666667,66.40614170833334,10.668419995833332,1011.5791666666668,0.0,55.416666666666664
2021-05-11,33.996360000875,-117.4924,19.3,70.0,Mira Loma (Van Buren),17.791083541666666,66.94198933333332,10.303599675000001,1012.5583333333334,0.0,31.041666666666668
2021-05-12,33.996360000875,-117.4924,17.3,66.0,Mira Loma (Van Buren),19.5848335,66.99205916666666,10.604763961666666,1014.1750000000001,0.0,30.125
2021-05-13,33.996360000875,-117.4924,20.2,72.0,Mira Loma (Van Buren),18.649416916666667,69.34683804166666,12.407007295833333,1016.3708333333334,0.0,28.625
2021-05-14,33.996360000875,-117.4924,18.7,69.0,Mira Loma (Van Buren),17.9640001875,68.16656741666667,10.675611298749999,1014.9208333333332,0.0,38.0
2021-05-15,33.996360000875,-117.4924,7.4,41.0,Mira Loma (Van Buren),17.67858358333333,64.53542141666667,11.578843216666668,1013.1374999999999,0.0,44.125
2021-05-16,33.996360000875,-117.4924,6.2,34.0,Mira Loma (Van Buren),16.24525025,66.791549125,13.793266429166666,1013.9,0.0375,68.83333333333333
2021-05-17,33.996360000875,-117.4924,8.9,49.0,Mira Loma (Van Buren),16.495250333333335,67.08656904166666,11.1979921875,1016.0291666666667,0.004166666666666667,73.0
2021-05-18,33.996360000875,-117.4924,14.8,62.0,Mira Loma (Van Buren),17.432750458333334,68.95208108333334,10.596079866666667,1015.4125,0.0,64.375
2021-05-19,33.996360000875,-117.4924,14.6,61.0,Mira Loma (Van Buren),18.557750270833335,70.4970455,9.201339416666666,1011.7375000000001,0.0,29.958333333333332
2021-05-20,33.996360000875,-117.4924,12.4,57.0,Mira Loma (Van Buren),18.314000125,65.93096170833333,11.710163670833333,1010.65,0.012500000000000002,42.666666666666664
2021-05-21,33.996360000875,-117.4924,8.8,49.0,Mira Loma (Van Buren),16.93900025,53.92731212500001,14.334538308333334,1011.8625000000001,0.004166666666666667,30.041666666666668
2021-05-22,33.996360000875,-117.4924,13.0,58.0,Mira Loma (Van Buren),15.4390003125,59.572281583333336,9.731303329166666,1016.6916666666666,0.008333333333333333,27.541666666666668
2021-05-23,33.996360000875,-117.4924,12.9,58.0,Mira Loma (Van Buren),16.847333645833334,57.34419729166667,8.844146953333334,1018.525,0.0,1.5833333333333333
2021-05-24,33.996360000875,-117.4924,12.7,58.0,Mira Loma (Van Buren),21.303583479166665,39.84742791666667,8.343243529166667,1015.3666666666667,0.0,0.0
2021-05-25,33.996360000875,-117.4924,13.8,60.0,Mira Loma (Van Buren),25.0515,24.525188166666666,9.997978276666666,1013.1625,0.0,50.958333333333336
2021-05-26,33.996360000875,-117.4924,13.7,60.0,Mira Loma (Van Buren),22.539000333333334,47.73342866666667,9.694392028333333,1013.9416666666666,0.0,51.291666666666664
2021-05-27,33.996360000875,-117.4924,15.9,64.0,Mira Loma (Van Buren),18.05775025,65.90905029166667,10.976138833333332,1017.025,0.0,33.916666666666664
2021-05-28,33.996360000875,-117.4924,14.8,62.0,Mira Loma (Van Buren),19.093166916666664,61.81219970833334,10.285051066666666,1015.0124999999999,0.0,24.416666666666668
2021-05-29,33.996360000875,-117.4924,14.2,61.0,Mira Loma (Van Buren),18.861916958333335,65.944142875,10.312736554166667,1012.7416666666667,0.0,34.0
2021-05-30,33.996360000875,-117.4924,14.9,62.0,Mira Loma (Van Buren),18.022333604166665,66.67014570833334,10.904306141666666,1011.5124999999999,0.0,27.75
2021-05-31,33.996360000875,-117.4924,14.5,61.0,Mira Loma (Van Buren),19.343167,66.89805229166667,10.030193145833334,1012.8458333333333,0.0,41.541666666666664
2021-06-01,33.996360000875,-117.4924,13.9,60.0,Mira Loma (Van Buren),21.411916729166666,60.85862062499999,11.211107504166668,1013.9041666666667,0.0,15.833333333333334
2021-06-02,33.996360000875,-117.4924,16.8,65.0,Mira Loma (Van Buren),22.238999958333334,59.356560374999994,11.180146483333333,1012.0541666666667,0.0,35.25
2021-06-03,33.996360000875,-117.4924,15.2,62.0,Mira Loma (Van Buren),21.466083604166666,62.73327295833334,10.830224383333332,1011.0333333333333,0.0,22.291666666666668
2021-06-04,33.996360000875,-117.4924,8.4,47.0,Mira Loma (Van Buren),20.968166916666668,60.496083875000004,12.738087899999998,1012.525,0.0,0.625
2021-06-05,33.996360000875,-117.4924,7.9,44.0,Mira Loma (Van Buren),20.20775025,63.474617458333334,12.336356579166667,1013.7041666666668,0.0,32.791666666666664
2021-06-06,33.996360000875,-117.4924,8.6,48.0,Mira Loma (Van Buren),19.64316685416667,60.124995000000006,11.240529862499999,1012.1708333333332,0.0,48.416666666666664
2021-06-07,33.996360000875,-117.4924,7.5,42.0,Mira Loma (Van Buren),17.58483358333333,68.24520633333333,10.726512166666666,1012.25,0.0,74.54166666666667
2021-06-08,33.996360000875,-117.4924,6.0,33.0,Mira Loma (Van Buren),18.157750208333333,60.78855191666667,11.7775455875,1014.5875,0.0,62.916666666666664
2021-06-09,33.996360000875,-117.4924,8.0,44.0,Mira Loma (Van Buren),19.46816683333333,57.251557416666664,11.113028491666666,1016.7208333333333,0.0,30.166666666666668
2021-06-10,33.996360000875,-117.4924,9.5,52.0,Mira Loma (Van Buren),18.9848335625,48.37938595833333,11.294620666666667,1017.8958333333334,0.0,0.0
2021-06-11,33.996360000875,-117.4924,12.7,58.0,Mira Loma (Van Buren),20.949416875,40.545790875,9.4668419375,1013.9,0.0,0.0
2021-06-12,33.996360000875,-117.4924,14.3,61.0,Mira Loma (Van Buren),23.4035834375,40.65789508333334,10.063169858333334,1010.7624999999999,0.0,6.083333333333333
2021-06-13,33.996360000875,-117.4924,14.9,62.0,Mira Loma (Van Buren),24.0910835,39.438666125000005,9.807165870833332,1010.6625,0.0,15.25
2021-06-14,33.996360000875,-117.4924,10.7,54.0,Mira Loma (Van Buren),26.045249791666667,40.81789020833333,9.284360166666668,1011.5708333333333,0.0,15.125
2021-06-15,33.996360000875,-117.4924,13.6,59.0,Mira Loma (Van Buren),28.532749749999997,36.67835341666667,9.57790595,1010.4,0.0,41.166666666666664
2021-06-16,33.996360000875,-117.4924,16.9,66.0,Mira Loma (Van Buren),28.399416541666668,38.63008141666666,12.392382087500001,1009.2375000000001,0.0,83.375
2021-06-17,33.996360000875,-117.4924,16.1,64.0,Mira Loma (Van Buren),26.124416458333332,49.34166754166666,11.690246041666667,1008.5291666666667,0.0,30.875
2021-06-18,33.996360000875,-117.4924,12.4,57.0,Mira Loma (Van Buren),24.686916791666665,56.700339125,11.933457658333333,1007.9416666666666,0.0,15.75
2021-06-19,33.996360000875,-117.4924,11.3,55.0,Mira Loma (Van Buren),23.888999875,58.43672287500001,10.908891500000001,1007.8916666666668,0.0,14.166666666666666
2021-06-20,33.996360000875,-117.4924,14.9,62.0,Mira Loma (Van Buren),23.941083375,57.014740749999994,10.778697491666668,1008.7458333333334,0.0,0.041666666666666664
2021-06-21,33.996360000875,-117.4924,11.4,55.0,Mira Loma (Van Buren),22.634833125,59.04630650000001,9.969189195833334,1012.9625,0.0,2.7916666666666665
2021-06-22,33.996360000875,-117.4924,13.4,59.0,Mira Loma (Van Buren),23.31399995833333,54.77378008333333,11.3887547,1012.6583333333333,0.0,32.916666666666664
2021-06-23,33.996360000875,-117.4924,8.1,45.0,Mira Loma (Van Buren),24.355666666666668,51.908159000000005,10.588354833333334,1011.6208333333334,0.0,39.416666666666664
2021-06-24,33.996360000875,-117.4924,5.8,32.0,Mira Loma (Van Buren),22.261916875,58.307608249999994,13.624554175,1014.6125000000001,0.0,9.958333333333334
2021-06-25,33.996360000875,-117.4924,7.6,42.0,Mira Loma (Van Buren),21.943166979166666,59.66452475,10.993930229166667,1013.4166666666666,0.0,0.0
2021-06-26,33.996360000875,-117.4924,14.3,61.0,Mira Loma (Van Buren),23.788999958333335,55.228914,11.675687175,1010.0416666666666,0.0,0.4583333333333333
2021-06-27,33.996360000875,-117.4924,17.4,66.0,Mira Loma (Van Buren),25.536916666666666,52.25815483333333,11.093393145833332,1005.9499999999999,0.0,3.0833333333333335
2021-06-28,33.996360000875,-117.4924,13.9,60.0,Mira Loma (Van Buren),24.266083124999998,60.588037750000005,10.7644577,1004.9958333333334,0.0,17.583333333333332
2021-06-29,33.996360000875,-117.4924,15.5,63.0,Mira Loma (Van Buren),22.795250291666665,66.72954,11.3849105875,1007.4125,0.0,70.83333333333333
2021-06-30,33.996360000875,-117.4924,8.6,48.0,Mira Loma (Van Buren),22.884833166666667,66.40924833333334,11.441654145833333,1010.9875000000001,0.0,54.958333333333336
2021-07-01,33.996360000875,-117.4924,9.9,52.0,Mira Loma (Van Buren),23.82025025,62.91525375,11.036049366666667,1011.875,0.0,13.833333333333334
2021-07-02,33.996360000875,-117.4924,10.7,54.0,Mira Loma (Van Buren),25.514000083333332,55.57758891666666,10.655415670833333,1011.025,0.0,0.08333333333333333
2021-07-03,33.996360000875,-117.4924,13.9,60.0,Mira Loma (Van Buren),24.841083041666668,58.169259458333336,11.554850679166668,1011.9,0.0,15.166666666666666
2021-07-04,33.996360000875,-117.4924,19.7,71.0,Mira Loma (Van Buren),24.04316645833333,58.126309375,10.280249679166667,1013.1958333333333,0.0,15.875
2021-07-05,33.996360000875,-117.4924,85.1,172.0,Mira Loma (Van Buren),24.08483341666667,55.46601833333333,10.137718008333334,1013.4625,0.0,1.625
2021-07-06,33.996360000875,-117.4924,12.0,56.0,Mira Loma (Van Buren),24.195250125,53.795417791666665,9.929146379166667,1013.0041666666666,0.0,17.041666666666668
2021-07-07,33.996360000875,-117.4924,14.2,61.0,Mira Loma (Van Buren),24.899416625,53.18170833333334,11.204825008333332,1009.8874999999999,0.0,1.2083333333333333
2021-07-08,33.996360000875,-117.4924,13.9,60.0,Mira Loma (Van Buren),25.764000083333332,53.53551783333333,11.201068429166668,1008.6541666666667,0.0,11.541666666666666
2021-07-09,33.996360000875,-117.4924,12.7,58.0,Mira Loma (Van Buren),26.547333291666664,53.95213454166667,12.019742166666667,1011.0333333333333,0.0,3.25
2021-07-10,33.996360000875,-117.4924,12.9,58.0,Mira Loma (Van Buren),27.376499791666664,45.092260833333334,10.8425978375,1012.3000000000001,0.0,11.916666666666666
2021-07-11,33.996360000875,-117.4924,12.6,58.0,Mira Loma (Van Buren),26.005666333333334,44.645211458333335,11.350788554166668,1011.475,0.0,9.208333333333334
2021-07-12,33.996360000875,-117.4924,11.6,56.0,Mira Loma (Van Buren),24.980666375,57.27248695833333,11.805036633333332,1010.9916666666667,0.0,13.708333333333334
2021-07-13,33.996360000875,-117.4924,10.8,54.0,Mira Loma (Van Buren),25.43899991666667,58.169391708333336,12.199967212499999,1011.225,0.0,12.333333333333334
2021-07-14,33.996360000875,-117.4924,9.7,52.0,Mira Loma (Van Buren),25.945250083333335,58.87553345833334,12.093402325,1012.9458333333333,0.0,12.375
2021-07-15,33.996360000875,-117.4924,7.7,43.0,Mira Loma (Van Buren),25.788999708333336,52.188339875,12.261818525,1014.0,0.0,1.25
2021-07-16,33.996360000875,-117.4924,10.1,53.0,Mira Loma (Van Buren),24.94316675,54.23802245833334,11.052146979166666,1012.9541666666668,0.0,7.833333333333333
2021-07-17,33.996360000875,-117.4924,8.7,48.0,Mira Loma (Van Buren),25.453583041666665,54.53927079166667,11.075765916666667,1012.2208333333333,0.0,16.0
2021-07-18,33.996360000875,-117.4924,11.2,55.0,Mira Loma (Van Buren),26.836916625,48.22145758333334,10.1458560625,1013.6958333333333,0.0,57.166666666666664
2021-07-19,33.996360000875,-117.4924,12.0,56.0,Mira Loma (Van Buren),27.978583208333333,41.321354875000004,11.628713186250001,1014.9833333333332,0.0,16.333333333333332
2021-07-20,33.996360000875,-117.4924,12.1,57.0,Mira Loma (Van Buren),27.070249875000002,41.68909383333334,10.6426633125,1014.5666666666666,0.0,0.08333333333333333
2021-07-21,33.996360000875,-117.4924,14.6,61.0,Mira Loma (Van Buren),27.895249625,45.57137241666666,10.267477829166667,1010.8583333333332,0.0,48.166666666666664
2021-07-22,33.996360000875,-117.4924,15.5,63.0,Mira Loma (Van Buren),27.359833374999997,46.92837062500001,12.0743176,1011.2208333333333,0.0,72.25
2021-07-23,33.996360000875,-117.4924,16.6,65.0,Mira Loma (Van Buren),25.266083374999997,59.14831925000001,12.2610882375,1015.125,0.0,58.833333333333336
2021-07-24,33.996360000875,-117.4924,14.3,61.0,Mira Loma (Van Buren),24.068166583333333,63.44677179166666,12.162286733333334,1015.2833333333333,0.0,47.75
2021-07-25,33.996360000875,-117.4924,11.2,55.0,Mira Loma (Van Buren),23.566083583333334,64.07998175,12.5280216625,1014.0875,0.0,70.58333333333333
2021-07-26,33.996360000875,-117.4924,16.2,64.0,Mira Loma (Van Buren),22.372333541666666,73.42439745833333,9.721616025000001,1013.2375000000001,0.6,89.25
2021-07-27,33.996360000875,-117.4924,10.0,53.0,Mira Loma (Van Buren),24.21816670833333,68.50193895833333,11.216784329166666,1013.8249999999999,0.0,16.25
2021-07-28,33.996360000875,-117.4924,10.1,53.0,Mira Loma (Van Buren),26.01191670833333,52.40727208333333,11.112231595833334,1014.6791666666667,0.0,15.833333333333334
2021-07-29,33.996360000875,-117.4924,8.2,46.0,Mira Loma (Van Buren),26.824416875,46.032757874999994,10.042904654166668,1012.6625,0.0,22.291666666666668
2021-07-30,33.996360000875,-117.4924,14.0,60.0,Mira Loma (Van Buren),26.218166416666666,49.423560583333334,11.1535468375,1011.6916666666666,0.0,66.58333333333333
2021-07-31,33.996360000875,-117.4924,11.5,55.0,Mira Loma (Van Buren),26.436916666666665,50.028402875000005,11.8976606,1014.5916666666667,0.0,53.75
2021-08-01,33.996360000875,-117.4924,8.9,49.0,Mira Loma (Van Buren),26.44524979166667,42.74761341666667,10.236881640416668,1015.5833333333334,0.0,7.208333333333333
2021-08-02,33.996360000875,-117.4924,9.3,51.0,Mira Loma (Van Buren),27.584833208333336,33.55433383333334,9.769080383333334,1015.3375,0.0,0.0
2021-08-03,33.996360000875,-117.4924,10.3,53.0,Mira Loma (Van Buren),28.26816608333333,34.43155633333333,9.249469483333334,1013.2041666666668,0.0,0.041666666666666664
2021-08-04,33.996360000875,-117.4924,17.0,66.0,Mira Loma (Van Buren),27.301499875,44.863001958333335,11.558673683333334,1010.8916666666668,0.0,0.125
2021-08-05,33.996360000875,-117.4924,14.4,61.0,Mira Loma (Van Buren),27.218166375,45.909512916666664,10.561285716666667,1010.8916666666668,0.0,0.08333333333333333
2021-08-06,33.996360000875,-117.4924,16.6,65.0,Mira Loma (Van Buren),25.241083333333336,56.127121625,11.126573879166665,1011.7624999999999,0.0,4.541666666666667
2021-08-07,33.996360000875,-117.4924,15.8,63.0,Mira Loma (Van Buren),23.072333375,64.74430558333333,11.174565862500002,1012.4333333333334,0.0,13.916666666666666
2021-08-08,33.996360000875,-117.4924,14.0,60.0,Mira Loma (Van Buren),22.97025004166667,65.228724375,12.040710787499998,1011.7916666666666,0.0,14.0
2021-08-09,33.996360000875,-117.4924,9.9,52.0,Mira Loma (Van Buren),23.799416750000002,61.46949804166667,11.851455754166667,1011.9,0.0,10.541666666666666
2021-08-10,33.996360000875,-117.4924,10.9,54.0,Mira Loma (Van Buren),25.320249583333332,56.27639408333334,10.752082733333333,1012.125,0.0,3.7916666666666665
2021-08-11,33.996360000875,-117.4924,12.9,58.0,Mira Loma (Van Buren),28.136916666666668,45.035891791666664,10.555146558333334,1012.6541666666667,0.0,27.041666666666668
2021-08-12,33.996360000875,-117.4924,9.6,52.0,Mira Loma (Van Buren),27.718166291666666,40.20495183333333,9.230215866666667,1013.475,0.0,12.791666666666666
2021-08-13,33.996360000875,-117.4924,9.0,50.0,Mira Loma (Van Buren),27.388999666666667,36.747330041666665,9.249750370833334,1015.3000000000001,0.0,0.08333333333333333
2021-08-14,33.996360000875,-117.4924,11.7,56.0,Mira Loma (Van Buren),26.386916624999998,43.22228908333333,8.574069691666667,1016.9708333333333,0.0,22.916666666666668
2021-08-15,33.996360000875,-117.4924,14.4,61.0,Mira Loma (Van Buren),26.397333125,51.785651541666674,9.803444270833333,1013.8249999999999,0.0,27.0
2021-08-16,33.996360000875,-117.4924,12.4,57.0,Mira Loma (Van Buren),27.22233316666667,53.531570458333334,11.188980779166668,1009.4875000000001,0.0,13.833333333333334
2021-08-17,33.996360000875,-117.4924,12.3,57.0,Mira Loma (Van Buren),25.920250041666666,62.211734375,11.498655645833333,1009.2875,0.0,13.041666666666666
2021-08-18,33.996360000875,-117.4924,7.0,39.0,Mira Loma (Van Buren),23.191083583333334,68.628025875,11.030072283333332,1010.8000000000001,0.020833333333333332,41.625
2021-08-19,33.996360000875,-117.4924,7.1,39.0,Mira Loma (Van Buren),22.732750083333332,69.70523250000001,10.223431704166666,1011.9833333333332,0.0375,57.625
2021-08-20,33.996360000875,-117.4924,11.5,55.0,Mira Loma (Van Buren),22.605666875,64.868888,10.920029170833333,1010.6374999999999,0.0,15.583333333333334
2021-08-21,33.996360000875,-117.4924,12.6,58.0,Mira Loma (Van Buren),21.586916875,67.29893683333333,11.555671779166666,1008.9666666666667,0.008333333333333333,35.458333333333336
2021-08-22,33.996360000875,-117.4924,15.1,62.0,Mira Loma (Van Buren),21.316083708333334,66.39623191666666,10.368852875,1009.2291666666666,0.0,28.166666666666668
2021-08-23,33.996360000875,-117.4924,18.9,69.0,Mira Loma (Van Buren),21.364000083333334,68.073228875,9.932618425,1010.3000000000001,0.0,7.458333333333333
2021-08-24,33.996360000875,-117.4924,22.5,76.0,Mira Loma (Van Buren),22.449416791666668,65.43153220833334,10.839510891666668,1011.9708333333333,0.0,15.125
2021-08-25,33.996360000875,-117.4924,19.9,71.0,Mira Loma (Van Buren),24.924416583333336,55.46189825,10.5481024,1012.8541666666666,0.0,11.833333333333334
2021-08-26,33.996360000875,-117.4924,20.8,73.0,Mira Loma (Van Buren),28.33483325,38.54910270833333,8.195599422916667,1010.8249999999999,0.0,1.125
2021-08-27,33.996360000875,-117.4924,20.9,73.0,Mira Loma (Van Buren),28.947333333333333,31.139092291666667,7.8727855375,1006.9458333333333,0.0,0.0
2021-08-28,33.996360000875,-117.4924,21.2,74.0,Mira Loma (Van Buren),28.307749791666666,40.510336458333335,9.555529520833334,1005.75,0.0,0.0
2021-08-29,33.996360000875,-117.4924,19.2,70.0,Mira Loma (Van Buren),25.999416749999998,56.086712541666664,11.043323929166668,1007.6125000000001,0.0,4.875
2021-08-30,33.996360000875,-117.4924,19.9,71.0,Mira Loma (Van Buren),25.80358325,51.75254504166667,11.234504470833334,1007.125,0.0,40.0
2021-08-31,33.996360000875,-117.4924,18.0,68.0,Mira Loma (Van Buren),22.86608375,65.22485470833332,10.340004116666668,1007.5124999999999,0.0,37.916666666666664
2021-09-01,33.996360000875,-117.4924,13.5,59.0,Mira Loma (Van Buren),21.96816683333333,67.56878483333334,10.210824358333333,1009.0833333333334,0.0,57.125
2021-09-02,33.996360000875,-117.4924,16.7,65.0,Mira Loma (Van Buren),22.486916750000002,65.14760779166666,8.878547249999999,1011.8833333333333,0.0,37.5
2021-09-03,33.996360000875,-117.4924,21.4,74.0,Mira Loma (Van Buren),22.605666499999998,64.84608375,8.979566225000001,1012.35,0.0,14.041666666666666
2021-09-04,33.996360000875,-117.4924,16.2,64.0,Mira Loma (Van Buren),26.130666208333334,44.84631435416667,7.511909733333333,1011.0958333333333,0.0,0.0
2021-09-05,33.996360000875,-117.4924,14.5,61.0,Mira Loma (Van Buren),29.384833083333334,20.23597691666667,10.037571391666667,1010.1916666666666,0.0,14.458333333333334
2021-09-06,33.996360000875,-117.4924,17.0,66.0,Mira Loma (Van Buren),26.57024979166667,48.20446225,11.634125166666665,1011.8208333333333,0.0,9.625
2021-09-07,33.996360000875,-117.4924,17.9,67.0,Mira Loma (Van Buren),24.08066679166667,70.868612375,11.019476645833334,1013.4875000000001,0.0,23.333333333333332
2021-09-08,33.996360000875,-117.4924,21.0,73.0,Mira Loma (Van Buren),25.003583458333335,64.30492570833333,8.8264033,1011.5041666666666,0.0,8.041666666666666
2021-09-09,33.996360000875,-117.4924,15.7,63.0,Mira Loma (Van Buren),27.497333125,53.371928833333335,10.708285304166667,1009.9916666666667,0.0,36.833333333333336
2021-09-10,33.996360000875,-117.4924,14.9,62.0,Mira Loma (Van Buren),27.947332958333334,47.795943791666666,10.537267275,1011.3333333333334,0.0,17.458333333333332
2021-09-11,33.996360000875,-117.4924,10.9,54.0,Mira Loma (Van Buren),28.14316654166667,44.078914,9.846313033333333,1013.0416666666666,0.0,0.0
2021-09-12,33.996360000875,-117.4924,11.1,55.0,Mira Loma (Van Buren),28.507749750000002,35.03975416666667,8.557778752916667,1011.8541666666666,0.0,0.0
2021-09-13,33.996360000875,-117.4924,12.8,58.0,Mira Loma (Van Buren),26.37858316666667,40.78714145833333,8.562843720833333,1010.8874999999999,0.0,0.041666666666666664
2021-09-14,33.996360000875,-117.4924,12.7,58.0,Mira Loma (Van Buren),24.088999916666666,47.74741995833333,8.697840000000001,1011.3666666666667,0.0,4.916666666666667
2021-09-15,33.996360000875,-117.4924,13.5,59.0,Mira Loma (Van Buren),21.768167000000002,65.515446,9.852148816666666,1012.3833333333333,0.0,19.75
2021-09-16,33.996360000875,-117.4924,21.9,75.0,Mira Loma (Van Buren),20.649416895833333,64.49311883333333,9.369128816666667,1010.9875000000001,0.0,17.5
2021-09-17,33.996360000875,-117.4924,20.5,72.0,Mira Loma (Van Buren),19.572333562500003,66.27835679166667,10.467958841666666,1013.025,0.0,18.666666666666668
2021-09-18,33.996360000875,-117.4924,13.7,60.0,Mira Loma (Van Buren),20.518166729166666,65.284663125,10.428558725,1016.1708333333332,0.0,21.666666666666668
2021-09-19,33.996360000875,-117.4924,16.5,65.0,Mira Loma (Van Buren),19.50983360416667,67.42871870833334,8.182174662500001,1014.6583333333333,0.0,17.5
2021-09-20,33.996360000875,-117.4924,19.7,71.0,Mira Loma (Van Buren),21.445249979166665,63.07419166666667,8.642264708333334,1011.9666666666667,0.0,5.5
2021-09-21,33.996360000875,-117.4924,14.1,60.0,Mira Loma (Van Buren),25.82233325,52.302388416666666,8.924002408333333,1015.5041666666666,0.0,17.666666666666668
2021-09-22,33.996360000875,-117.4924,13.3,59.0,Mira Loma (Van Buren),28.826500083333332,31.799102083333334,9.629424654166668,1016.9083333333333,0.0,0.4583333333333333
2021-09-23,33.996360000875,-117.4924,12.1,57.0,Mira Loma (Van Buren),27.059833208333334,34.08828904166666,8.789954779166667,1012.4833333333332,0.0,3.5833333333333335
2021-09-24,33.996360000875,-117.4924,19.9,71.0,Mira Loma (Van Buren),22.699416791666668,56.35243458333333,9.091968454166667,1012.5500000000001,0.0,11.625
2021-09-25,33.996360000875,-117.4924,14.2,61.0,Mira Loma (Van Buren),22.541083416666666,56.247876375000004,9.680514304166666,1014.0833333333334,0.0,18.625
2021-09-26,33.996360000875,-117.4924,17.6,67.0,Mira Loma (Van Buren),20.578583625,68.68442695833333,10.463211845833333,1015.4125,0.0,39.166666666666664
2021-09-27,33.996360000875,-117.4924,15.0,62.0,Mira Loma (Van Buren),19.134833583333336,71.663143375,9.2104918625,1016.0666666666666,0.0,39.875
2021-09-28,33.996360000875,-117.4924,5.8,32.0,Mira Loma (Van Buren),19.034833625,70.74152854166667,8.079362929166667,1013.9375,0.008333333333333333,69.125
2021-09-29,33.996360000875,-117.4924,13.1,58.0,Mira Loma (Van Buren),19.4723334375,68.00578845833333,11.828130591666666,1011.8541666666666,0.0,54.708333333333336
2021-09-30,33.996360000875,-117.4924,12.0,56.0,Mira Loma (Van Buren),21.538999854166665,52.95979994583333,12.9264175625,1012.6374999999999,0.0,3.9583333333333335
2021-10-01,33.996360000875,-117.4924,12.3,57.0,Mira Loma (Van Buren),24.357750041666666,13.621629954166666,7.7765324541666665,1012.9583333333334,0.0,0.0
2021-10-02,33.996360000875,-117.4924,13.4,59.0,Mira Loma (Van Buren),24.878583208333335,16.303620895833333,7.942322295833333,1014.1083333333332,0.0,23.625
2021-10-03,33.996360000875,-117.4924,13.4,59.0,Mira Loma (Van Buren),26.363999875,17.111195583333334,8.909277125000001,1012.8541666666666,0.0,20.583333333333332
2021-10-04,33.996360000875,-117.4924,16.0,64.0,Mira Loma (Van Buren),25.057750125,23.136457083333337,10.199554433333333,1012.6541666666667,0.0,79.95833333333333
2021-10-05,33.996360000875,-117.4924,9.3,51.0,Mira Loma (Van Buren),22.747333458333333,46.8366435,11.012615795833334,1013.35,0.004166666666666667,52.375
2021-10-06,33.996360000875,-117.4924,16.7,65.0,Mira Loma (Van Buren),20.145250041666667,75.05908604166667,7.949905395833333,1015.0500000000001,0.0,38.5
2021-10-07,33.996360000875,-117.4924,17.4,66.0,Mira Loma (Van Buren),19.149416791666667,75.092079125,8.107739366666666,1015.4541666666668,0.004166666666666667,91.79166666666667
2021-10-08,33.996360000875,-117.4924,5.6,31.0,Mira Loma (Van Buren),17.595250208333333,82.28455520833333,10.386629815833333,1016.7875,0.19166666666666668,95.41666666666667
2021-10-09,33.996360000875,-117.4924,11.6,56.0,Mira Loma (Van Buren),17.257750187499997,74.42440533333333,8.418464454166667,1017.4916666666667,0.0,47.875
2021-10-10,33.996360000875,-117.4924,13.5,59.0,Mira Loma (Van Buren),17.720250291666666,61.23498154166666,7.794870766666667,1016.2791666666667,0.0,0.375
2021-10-11,33.996360000875,-117.4924,15.9,64.0,Mira Loma (Van Buren),17.5535835,56.20820916666667,7.727058225,1009.125,0.004166666666666667,10.541666666666666
2021-10-12,33.996360000875,-117.4924,8.1,45.0,Mira Loma (Van Buren),15.061916916666666,26.261446375000002,11.7032193625,1008.8458333333333,0.024999999999999998,1.5
2021-10-13,33.996360000875,-117.4924,10.9,54.0,Mira Loma (Van Buren),15.216083687500001,32.64079372916667,7.465392820833333,1013.6958333333333,0.0,0.0
2021-10-14,33.996360000875,-117.4924,12.3,57.0,Mira Loma (Van Buren),16.9119169375,31.90707491666667,6.715247537500001,1014.2624999999999,0.0,0.0
2021-10-15,33.996360000875,-117.4924,7.3,41.0,Mira Loma (Van Buren),20.799416895833335,23.80549338333333,12.018128979166667,1016.9291666666667,0.0,0.0
2021-10-16,33.996360000875,-117.4924,8.2,46.0,Mira Loma (Van Buren),22.682750166666665,13.075762025000001,9.41216775,1015.6208333333334,0.0,0.0
2021-10-17,33.996360000875,-117.4924,12.7,58.0,Mira Loma (Van Buren),20.149416833333333,22.26728783333333,8.521665133333334,1014.1541666666667,0.0,16.625
2021-10-18,33.996360000875,-117.4924,7.5,42.0,Mira Loma (Van Buren),15.770250229166665,71.04578791666667,11.2056026375,1014.2958333333332,0.12083333333333333,47.0
2021-10-19,33.996360000875,-117.4924,9.7,52.0,Mira Loma (Van Buren),14.04525025,65.57374633333333,6.428200504166667,1015.7291666666666,0.0,16.416666666666668
2021-10-20,33.996360000875,-117.4924,13.8,60.0,Mira Loma (Van Buren),15.670250145833334,62.71969825,8.247753129166666,1017.6041666666666,0.0,19.5
2021-10-21,33.996360000875,-117.4924,17.2,66.0,Mira Loma (Van Buren),17.249416854166665,57.25313795833333,8.337632295833332,1018.5041666666666,0.0,36.5
2021-10-22,33.996360000875,-117.4924,17.0,66.0,Mira Loma (Van Buren),16.822333604166666,67.61496533333333,7.9238113708333335,1016.4125,0.0,35.458333333333336
2021-10-23,33.996360000875,-117.4924,12.1,57.0,Mira Loma (Van Buren),16.251500291666666,77.86854104166666,6.902014008333333,1013.0375,0.029166666666666664,89.95833333333333
2021-10-24,33.996360000875,-117.4924,7.3,41.0,Mira Loma (Van Buren),17.136916916666667,70.79332129166666,7.297116802916666,1012.475,0.0,97.54166666666667
2021-10-25,33.996360000875,-117.4924,9.9,52.0,Mira Loma (Van Buren),15.843166958333333,80.52079470833333,9.179322486666667,1012.6125000000001,0.15416666666666667,87.16666666666667
2021-10-26,33.996360000875,-117.4924,9.0,50.0,Mira Loma (Van Buren),13.655666895833335,83.16614729166666,7.088737116666667,1016.4583333333334,0.08750000000000001,43.833333333333336
2021-10-27,33.996360000875,-117.4924,13.3,59.0,Mira Loma (Van Buren),16.711916854166667,54.720137125,5.805826783333334,1020.125,0.0,0.08333333333333333
2021-10-28,33.996360000875,-117.4924,5.2,29.0,Mira Loma (Van Buren),21.524416916666667,45.158435499999996,7.429167320833333,1017.2458333333334,0.0,0.0
2021-10-29,33.996360000875,-117.4924,12.0,56.0,Mira Loma (Van Buren),21.916083562500003,44.75001791666667,8.014195179166666,1013.1958333333333,0.0,0.0
2021-10-30,33.996360000875,-117.4924,19.6,71.0,Mira Loma (Van Buren),19.618166895833333,57.68863854166667,6.294861762499999,1012.9791666666666,0.0,13.458333333333334
2021-10-31,33.996360000875,-117.4924,25.7,82.0,Mira Loma (Van Buren),16.3973335625,79.351743375,6.6366900375,1014.7166666666667,0.0,71.75
2021-11-01,33.996360000875,-117.4924,31.3,92.0,Mira Loma (Van Buren),16.007750291666667,77.00065820833333,6.6171116916666675,1017.6416666666668,0.0,98.0
2021-11-02,33.996360000875,-117.4924,23.0,77.0,Mira Loma (Van Buren),16.001500354166666,76.55063754166666,6.312982049166667,1020.35,0.0,46.0
2021-11-03,33.996360000875,-117.4924,22.6,76.0,Mira Loma (Van Buren),17.382750291666667,66.52234870833333,7.897581141666667,1018.4250000000001,0.0,1.0833333333333333
2021-11-04,33.996360000875,-117.4924,31.4,93.0,Mira Loma (Van Buren),18.976500208333334,61.93452333333334,6.744555795833333,1015.6583333333333,0.0,0.0
2021-11-05,33.996360000875,-117.4924,30.4,91.0,Mira Loma (Van Buren),19.868166875,50.61908545833333,7.406885220833334,1013.7541666666666,0.0,11.125
2021-11-06,33.996360000875,-117.4924,36.9,104.0,Mira Loma (Van Buren),17.27233364583333,71.34874487500001,7.101565458333333,1015.8208333333333,0.0,25.541666666666668
2021-11-07,33.996360000875,-117.4924,53.4,145.0,Mira Loma (Van Buren),15.843166875,73.612508875,7.686836054166666,1016.3625000000001,0.0,34.916666666666664
2021-11-08,33.996360000875,-117.4924,38.2,108.0,Mira Loma (Van Buren),15.316083708333332,75.92781941666667,5.996446641666666,1016.5583333333334,0.0,32.958333333333336
2021-11-09,33.996360000875,-117.4924,19.6,71.0,Mira Loma (Van Buren),14.970250291666666,79.44777966666668,7.6015260125,1021.1791666666667,0.0,73.29166666666667
2021-11-10,33.996360000875,-117.4924,25.4,81.0,Mira Loma (Van Buren),15.728583520833332,73.466116875,6.728799375,1020.8458333333333,0.0,54.5
2021-11-11,33.996360000875,-117.4924,4.3,24.0,Mira Loma (Van Buren),21.1306670625,41.642086875,11.134162954166667,1017.975,0.0,0.041666666666666664
2021-11-12,33.996360000875,-117.4924,3.8,21.0,Mira Loma (Van Buren),25.55775008333333,21.546843374999998,13.2383035375,1017.5708333333333,0.0,0.0
2021-11-13,33.996360000875,-117.4924,12.8,58.0,Mira Loma (Van Buren),23.526499958333332,22.17285475,8.964246475000001,1017.0875,0.0,1.75
2021-11-14,33.996360000875,-117.4924,20.3,72.0,Mira Loma (Van Buren),22.736916729166666,23.816823499999998,5.957326741666667,1017.7875,0.0,0.0
2021-11-15,33.996360000875,-117.4924,21.3,74.0,Mira Loma (Van Buren),22.030666916666664,24.35558945833333,7.355104854166666,1017.8375,0.0,0.0
2021-11-16,33.996360000875,-117.4924,22.0,75.0,Mira Loma (Van Buren),18.289000291666667,43.92959345833333,6.3105891625,1016.5833333333334,0.0,82.04166666666667
2021-11-17,33.996360000875,-117.4924,24.5,80.0,Mira Loma (Van Buren),14.907750270833333,76.18981954166667,6.848330037499999,1015.7708333333334,0.0,77.5
2021-11-18,33.996360000875,-117.4924,37.8,107.0,Mira Loma (Van Buren),15.670250375,65.216843625,5.6830623375,1017.7458333333334,0.0,80.33333333333333
2021-11-19,33.996360000875,-117.4924,31.0,92.0,Mira Loma (Van Buren),15.257750229166668,74.07077029166668,6.762027020833333,1018.6166666666667,0.0,99.95833333333333
2021-11-20,33.996360000875,-117.4924,42.8,119.0,Mira Loma (Van Buren),13.964000291666666,77.867125625,6.8763072916666665,1017.7583333333333,0.0,88.58333333333333
2021-11-21,33.996360000875,-117.4924,4.7,26.0,Mira Loma (Van Buren),19.180666895833333,34.95927060416667,19.368364449999998,1018.0458333333332,0.0,35.583333333333336
2021-11-22,33.996360000875,-117.4924,9.3,51.0,Mira Loma (Van Buren),20.97025035416667,13.060605345833332,15.54792275,1018.6833333333334,0.0,8.666666666666666
2021-11-23,33.996360000875,-117.4924,10.2,53.0,Mira Loma (Van Buren),19.0577501875,19.417938625,7.519050841666666,1014.6791666666667,0.0,41.125
2021-11-24,33.996360000875,-117.4924,12.6,58.0,Mira Loma (Van Buren),15.5556670625,57.8123529875,10.199822033333334,1015.8208333333333,0.0,26.083333333333332
2021-11-25,33.996360000875,-117.4924,11.5,55.0,Mira Loma (Van Buren),17.832750375,9.550607808333334,29.192762208333335,1022.775,0.0,1.0833333333333333
2021-11-26,33.996360000875,-117.4924,13.8,60.0,Mira Loma (Van Buren),16.5660835625,9.964046575,8.447965691666667,1021.8166666666666,0.0,7.458333333333333
2021-11-27,33.996360000875,-117.4924,25.0,81.0,Mira Loma (Van Buren),16.080666895833335,12.676623791666666,7.4686373999999995,1017.7958333333332,0.0,10.5
2021-11-28,33.996360000875,-117.4924,36.1,102.0,Mira Loma (Van Buren),17.80358364583333,18.1554290875,6.082590375,1020.2083333333334,0.0,0.0
2021-11-29,33.996360000875,-117.4924,29.7,89.0,Mira Loma (Van Buren),18.466083520833333,20.199079625,8.254417516666667,1018.7166666666667,0.0,0.0
2021-11-30,33.996360000875,-117.4924,28.3,87.0,Mira Loma (Van Buren),18.5035835,27.217686291666666,7.779770241666667,1016.3625000000001,0.0,0.0
2021-12-01,33.996360000875,-117.4924,16.4,65.0,Mira Loma (Van Buren),19.3494169375,26.578521066666667,8.712435570833334,1016.9208333333332,0.0,0.0
2021-12-02,33.996360000875,-117.4924,37.1,105.0,Mira Loma (Van Buren),17.176500270833333,39.79420675,7.5774801583333335,1018.4291666666667,0.0,31.416666666666668
2021-12-03,33.996360000875,-117.4924,42.8,119.0,Mira Loma (Van Buren),13.245250416666666,79.28744675,6.103997583333334,1019.1958333333333,0.0,54.583333333333336
2021-12-04,33.996360000875,-117.4924,65.2,158.0,Mira Loma (Van Buren),12.614000249999998,81.96876775,7.206692054166666,1019.9083333333333,0.0,38.333333333333336
2021-12-05,33.996360000875,-117.4924,77.6,166.0,Mira Loma (Van Buren),12.691083583333333,76.87209870833333,5.9577286987499996,1019.7791666666667,0.0,40.458333333333336
2021-12-06,33.996360000875,-117.4924,56.4,152.0,Mira Loma (Van Buren),14.901500208333333,46.75921975,6.884004066666667,1017.1583333333333,0.0,38.5
2021-12-07,33.996360000875,-117.4924,34.8,99.0,Mira Loma (Van Buren),12.839000166666667,85.12081454166666,6.126971395833333,1015.4250000000001,0.08750000000000001,91.375
2021-12-08,33.996360000875,-117.4924,23.6,78.0,Mira Loma (Van Buren),12.218166841666667,77.66346720833333,5.155939395833333,1016.525,0.0,11.208333333333334
2021-12-09,33.996360000875,-117.4924,14.3,61.0,Mira Loma (Van Buren),12.728583520833332,86.61985162500001,9.500601108333333,1014.5749999999999,0.17500000000000002,72.20833333333333
2021-12-10,33.996360000875,-117.4924,13.9,60.0,Mira Loma (Van Buren),9.5327501375,86.11635704166667,6.680302295833333,1016.8791666666666,0.0,64.5
2021-12-11,33.996360000875,-117.4924,18.3,68.0,Mira Loma (Van Buren),9.8410834625,59.694713875,6.429983141666667,1021.8874999999999,0.0,4.833333333333333
2021-12-12,33.996360000875,-117.4924,29.7,89.0,Mira Loma (Van Buren),10.303583420833332,55.28721266666667,6.104269766666667,1018.0124999999999,0.0,30.041666666666668
2021-12-13,33.996360000875,-117.4924,27.0,84.0,Mira Loma (Van Buren),9.359833433333334,80.232627375,6.0318692,1018.3958333333334,0.004166666666666667,67.04166666666667
2021-12-14,33.996360000875,-117.4924,3.9,22.0,Mira Loma (Van Buren),10.932750270833333,87.96229829166667,10.6526753875,1015.5791666666668,1.2958333333333334,99.54166666666667
2021-12-15,33.996360000875,-117.4924,10.8,54.0,Mira Loma (Van Buren),6.547333399999999,84.33804049999999,8.083766904166668,1020.7791666666667,0.0625,48.166666666666664
2021-12-16,33.996360000875,-117.4924,21.6,74.0,Mira Loma (Van Buren),6.820250054166666,68.20073995833333,4.666364183333333,1022.0666666666666,0.0,67.66666666666667
2021-12-17,33.996360000875,-117.4924,6.9,38.0,Mira Loma (Van Buren),9.466083375,71.543538125,5.570871595833334,1019.3541666666666,0.0,32.958333333333336
2021-12-18,33.996360000875,-117.4924,19.4,70.0,Mira Loma (Van Buren),9.766083358333333,52.67836125,6.4654236874999995,1021.5,0.0,0.375
2021-12-19,33.996360000875,-117.4924,28.0,86.0,Mira Loma (Van Buren),9.782750083333333,57.75948391666666,6.431413420833334,1019.7208333333333,0.0,0.08333333333333333
2021-12-20,33.996360000875,-117.4924,24.7,80.0,Mira Loma (Van Buren),9.320250120833334,65.760643375,5.982019425,1020.5,0.0,45.291666666666664
2021-12-21,33.996360000875,-117.4924,25.9,82.0,Mira Loma (Van Buren),12.418166916666666,57.814800041666665,5.763329424999999,1019.4791666666666,0.0,99.33333333333333
2021-12-22,33.996360000875,-117.4924,35.0,99.0,Mira Loma (Van Buren),11.920250145833334,58.35406520833333,5.6542582249999995,1019.0166666666668,0.0,96.16666666666667
2021-12-23,33.996360000875,-117.4924,18.5,69.0,Mira Loma (Van Buren),12.301500333333335,76.28074545833333,6.285842454166667,1016.5375,0.5458333333333333,100.0
2021-12-24,33.996360000875,-117.4924,12.0,56.0,Mira Loma (Van Buren),11.374417000000001,92.17316125,10.111927066666667,1011.2833333333333,2.829166666666667,86.66666666666667
2021-12-25,33.996360000875,-117.4924,16.8,65.0,Mira Loma (Van Buren),10.514000354166667,87.8445075,5.637887041666667,1016.0,0.041666666666666664,90.125
2021-12-26,33.996360000875,-117.4924,7.1,39.0,Mira Loma (Van Buren),9.786916849999999,80.19064679166667,9.562820920833333,1016.6708333333332,0.30833333333333335,58.875
2021-12-27,33.996360000875,-117.4924,9.7,52.0,Mira Loma (Van Buren),7.201500095833333,78.34665870833334,7.052530741666668,1018.2583333333333,0.03333333333333333,52.083333333333336
2021-12-28,33.996360000875,-117.4924,5.5,31.0,Mira Loma (Van Buren),8.518167041666667,84.01712425000001,11.673315116666666,1011.9291666666667,0.17500000000000002,69.33333333333333
2021-12-29,33.996360000875,-117.4924,7.0,39.0,Mira Loma (Van Buren),7.291083358333334,87.04297854166667,6.677964604166667,1012.3958333333334,0.10416666666666667,75.16666666666667
2021-12-30,33.996360000875,-117.4924,7.6,42.0,Mira Loma (Van Buren),9.649417104166666,94.40813974999999,8.598099658333334,1011.8791666666666,0.5916666666666667,99.91666666666667
2021-12-31,33.996360000875,-117.4924,14.5,61.0,Mira Loma (Van Buren),9.270250079166667,89.152947,6.497265895833333,1008.1125000000001,0.03333333333333333,49.208333333333336
2022-01-01,33.996360000875,-117.4924,14.4,61.0,Mira Loma (Van Buren),9.947333566666666,73.51300558333334,7.617546825000001,1014.1583333333333,0.0,39.416666666666664
2022-01-02,33.996360000875,-117.4924,8.7,48.0,Mira Loma (Van Buren),7.968166758333333,57.11443383333333,8.896093795833332,1024.9666666666667,0.0,7.5
2022-01-03,33.996360000875,-117.4924,19.0,69.0,Mira Loma (Van Buren),7.6556667375,61.69543908333333,5.898639966666667,1022.4666666666667,0.0,0.0
2022-01-04,33.996360000875,-117.4924,26.7,84.0,Mira Loma (Van Buren),7.653583370833334,70.879255,5.5211268874999995,1023.6416666666668,0.0,59.541666666666664
2022-01-05,33.996360000875,-117.4924,26.9,84.0,Mira Loma (Van Buren),10.3640002,61.30056483333333,4.615479433333333,1020.2666666666668,0.0,3.75
2022-01-06,33.996360000875,-117.4924,22.6,76.0,Mira Loma (Van Buren),12.549416683333334,64.62960020833333,7.596253883333333,1015.5958333333333,0.0,9.458333333333334
2022-01-07,33.996360000875,-117.4924,32.1,94.0,Mira Loma (Van Buren),12.6077502375,71.75902429166668,5.71069925,1013.1291666666666,0.0,12.875
2022-01-08,33.996360000875,-117.4924,27.8,86.0,Mira Loma (Van Buren),10.870250375,86.813348625,5.318758870833333,1015.8833333333333,0.0,90.25
2022-01-09,33.996360000875,-117.4924,9.2,51.0,Mira Loma (Van Buren),11.711916829166666,65.60410033333334,8.840102795833333,1022.0083333333333,0.0,38.708333333333336
2022-01-10,33.996360000875,-117.4924,1.4,8.0,Mira Loma (Van Buren),12.511916937499999,51.74556983333333,11.4528190375,1026.5333333333333,0.0,65.625
2022-01-11,33.996360000875,-117.4924,2.4,13.0,Mira Loma (Van Buren),14.328583458333334,37.47351604166666,12.5993303375,1024.7416666666666,0.0,48.416666666666664
2022-01-12,33.996360000875,-117.4924,8.1,45.0,Mira Loma (Van Buren),14.1202503125,43.77319058333333,8.691193904166667,1023.3458333333333,0.0,38.25
2022-01-13,33.996360000875,-117.4924,16.2,64.0,Mira Loma (Van Buren),14.305667,52.65253766666667,6.1404106625,1022.4499999999999,0.0,99.95833333333333
2022-01-14,33.996360000875,-117.4924,12.9,58.0,Mira Loma (Van Buren),14.9702503125,53.75173804166667,8.464154208333333,1019.8708333333334,0.0,90.33333333333333
2022-01-15,33.996360000875,-117.4924,6.2,34.0,Mira Loma (Van Buren),15.739000145833332,39.97383333333334,11.585529829166667,1020.4208333333332,0.0,99.95833333333333
2022-01-16,33.996360000875,-117.4924,8.2,46.0,Mira Loma (Van Buren),14.818166937500001,54.78752266666667,7.124092087499999,1019.2583333333333,0.24583333333333335,87.29166666666667
2022-01-17,33.996360000875,-117.4924,18.0,68.0,Mira Loma (Van Buren),14.055666895833333,67.844092875,5.2161243875,1017.8791666666666,0.20416666666666664,91.0
2022-01-18,33.996360000875,-117.4924,16.5,65.0,Mira Loma (Van Buren),13.003583666666666,88.409086625,4.3754858783333335,1017.8375,0.15,83.58333333333333
2022-01-19,33.996360000875,-117.4924,27.0,84.0,Mira Loma (Van Buren),13.27650025,84.79513854166667,5.36809263,1020.1875,0.0,67.0
2022-01-20,33.996360000875,-117.4924,9.9,52.0,Mira Loma (Van Buren),13.657750145833333,63.238317333333335,8.1371291125,1022.6666666666666,0.0,0.0
2022-01-21,33.996360000875,-117.4924,9.1,51.0,Mira Loma (Van Buren),12.609833516666667,56.63084824999999,7.248764416666667,1018.8916666666668,0.0,1.25
2022-01-22,33.996360000875,-117.4924,3.7,21.0,Mira Loma (Van Buren),14.872333604166668,27.120331166666663,20.954792291666667,1015.9416666666666,0.0,4.75
2022-01-23,33.996360000875,-117.4924,5.6,31.0,Mira Loma (Van Buren),14.547333625,35.529217458333335,11.611222454166667,1020.0208333333334,0.0,0.5833333333333334
2022-01-24,33.996360000875,-117.4924,12.6,58.0,Mira Loma (Van Buren),13.091083362500001,49.86273933333334,6.124449295833333,1019.0833333333334,0.0,0.0
2022-01-25,33.996360000875,-117.4924,8.9,49.0,Mira Loma (Van Buren),12.461916804166668,58.49248454166667,7.0893497125,1015.3708333333334,0.0,27.125
2022-01-26,33.996360000875,-117.4924,2.5,14.0,Mira Loma (Van Buren),12.849416891666666,44.34996002083333,11.265146958333332,1018.3249999999999,0.0,17.5
2022-01-27,33.996360000875,-117.4924,2.9,16.0,Mira Loma (Van Buren),12.693166708333335,33.690673249999996,9.353325279166667,1020.7166666666667,0.0,17.125
2022-01-28,33.996360000875,-117.4924,2.7,15.0,Mira Loma (Van Buren),14.847333479166666,22.881930145833334,13.673751908333335,1023.5791666666668,0.0,57.208333333333336
2022-01-29,33.996360000875,-117.4924,17.5,67.0,Mira Loma (Van Buren),12.876500374999999,22.086343541666665,10.401661875,1021.1666666666666,0.0,61.958333333333336
2022-01-30,33.996360000875,-117.4924,19.2,70.0,Mira Loma (Van Buren),12.314000108333333,35.398240625,5.9997708124999996,1019.4208333333332,0.0,20.333333333333332
2022-01-31,33.996360000875,-117.4924,25.5,82.0,Mira Loma (Van Buren),11.484833387500002,54.69346579166666,6.1426381958333325,1020.0458333333332,0.0,60.958333333333336
2022-02-01,33.996360000875,-117.4924,25.9,82.0,Mira Loma (Van Buren),11.993166904166666,69.42507058333334,5.7981713500000005,1013.8583333333332,0.0,88.70833333333333
2022-02-02,33.996360000875,-117.4924,6.1,34.0,Mira Loma (Van Buren),10.9827501375,42.258650520833335,11.204969904166667,1013.8833333333333,0.0,0.16666666666666666
2022-02-03,33.996360000875,-117.4924,3.0,17.0,Mira Loma (Van Buren),10.941083587500001,21.337470999999997,11.4519438875,1020.9125,0.0,0.2916666666666667
2022-02-04,33.996360000875,-117.4924,3.7,21.0,Mira Loma (Van Buren),12.241083433333335,24.516665916666668,12.0126802375,1026.5041666666666,0.0,7.583333333333333
2022-02-05,33.996360000875,-117.4924,5.2,29.0,Mira Loma (Van Buren),13.726500416666667,19.97182075,10.910867516666668,1024.2416666666666,0.0,3.2083333333333335
2022-02-06,33.996360000875,-117.4924,4.1,23.0,Mira Loma (Van Buren),14.991083583333333,21.1327167625,11.1690951,1020.9416666666666,0.0,0.0
2022-02-07,33.996360000875,-117.4924,3.2,18.0,Mira Loma (Van Buren),16.445250270833334,19.893050374999998,10.206241345833334,1023.8249999999999,0.0,0.0
2022-02-08,33.996360000875,-117.4924,8.6,48.0,Mira Loma (Van Buren),16.353583583333332,24.42466575,9.234497179166667,1022.3416666666667,0.0,15.333333333333334
2022-02-09,33.996360000875,-117.4924,2.9,16.0,Mira Loma (Van Buren),19.432750270833335,20.412667729166667,11.600987908333332,1018.7416666666667,0.0,11.041666666666666
2022-02-10,33.996360000875,-117.4924,5.0,28.0,Mira Loma (Van Buren),21.464000125,18.927731779166667,17.833660508333335,1017.1791666666667,0.0,0.4583333333333333
2022-02-11,33.996360000875,-117.4924,5.7,32.0,Mira Loma (Van Buren),19.280666812499998,28.450534041666668,7.495825383333333,1016.3874999999999,0.0,0.0
2022-02-12,33.996360000875,-117.4924,5.3,29.0,Mira Loma (Van Buren),20.466083479166667,23.377421387499997,8.806019220833333,1017.3375,0.0,0.0
2022-02-13,33.996360000875,-117.4924,14.9,62.0,Mira Loma (Van Buren),19.816083479166668,17.712365000000002,7.748302175,1021.1875,0.0,4.166666666666667
2022-02-14,33.996360000875,-117.4924,14.1,60.0,Mira Loma (Van Buren),18.180666979166666,24.616008429166666,7.982053708333333,1018.7416666666667,0.0,9.208333333333334
2022-02-15,33.996360000875,-117.4924,11.1,55.0,Mira Loma (Van Buren),13.761916979166665,69.27721579166666,9.962374703333333,1012.4875000000001,0.02916666666666667,63.458333333333336
2022-02-16,33.996360000875,-117.4924,7.7,43.0,Mira Loma (Van Buren),9.130666654166667,70.11898458333333,8.333812929166667,1012.7166666666667,0.012499999999999999,22.125
2022-02-17,33.996360000875,-117.4924,4.7,26.0,Mira Loma (Van Buren),12.747333604166668,49.63665795833333,11.287140370000001,1021.4375,0.0,3.2916666666666665
2022-02-18,33.996360000875,-117.4924,11.7,56.0,Mira Loma (Van Buren),12.916083454166667,39.888535749999996,6.3162356875,1023.775,0.0,2.125
2022-02-19,33.996360000875,-117.4924,15.6,63.0,Mira Loma (Van Buren),14.891083495833334,37.48067616666666,6.9884747874999995,1019.5958333333333,0.0,2.25
2022-02-20,33.996360000875,-117.4924,18.2,68.0,Mira Loma (Van Buren),14.1202501,57.28116129166667,7.6447973737499995,1015.2583333333333,0.0,38.291666666666664
2022-02-21,33.996360000875,-117.4924,9.1,51.0,Mira Loma (Van Buren),12.730666916666666,69.645951875,12.2403038125,1014.0041666666666,0.020833333333333332,89.125
2022-02-22,33.996360000875,-117.4924,5.2,29.0,Mira Loma (Van Buren),11.52233375,61.79957641666667,12.926890366666667,1015.0625,0.03333333333333333,67.58333333333333
2022-02-23,33.996360000875,-117.4924,3.1,17.0,Mira Loma (Van Buren),7.695250104166667,71.78927025,10.343027183333334,1014.2208333333333,0.20833333333333334,56.0
2022-02-24,33.996360000875,-117.4924,5.5,31.0,Mira Loma (Van Buren),6.478583420833334,54.299930875,7.898553199999999,1022.6333333333333,0.0,3.9166666666666665
2022-02-25,33.996360000875,-117.4924,12.4,57.0,Mira Loma (Van Buren),8.739000095833333,47.30230229166667,6.089199725,1022.6958333333333,0.0,0.0
2022-02-26,33.996360000875,-117.4924,4.5,25.0,Mira Loma (Van Buren),10.945250058333334,41.37998575,9.383548441666667,1023.8958333333334,0.0,6.166666666666667
2022-02-27,33.996360000875,-117.4924,3.6,20.0,Mira Loma (Van Buren),12.628583425,35.0629425125,10.697815033333333,1025.1916666666666,0.0,13.958333333333334
2022-02-28,33.996360000875,-117.4924,1.9,11.0,Mira Loma (Van Buren),16.249416854166665,25.222543904166667,11.322898745833333,1020.8916666666668,0.0,3.4166666666666665
2022-03-01,33.996360000875,-117.4924,6.2,34.0,Mira Loma (Van Buren),17.845250229166666,26.56619134583333,8.407422575,1017.8458333333333,0.0,0.0
2022-03-02,33.996360000875,-117.4924,11.9,56.0,Mira Loma (Van Buren),19.020250333333333,24.881736133333334,8.127048820833332,1016.6750000000001,0.0,13.583333333333334
2022-03-03,33.996360000875,-117.4924,16.1,64.0,Mira Loma (Van Buren),18.034833520833335,30.289223958333334,8.247780958333333,1013.1,0.0,76.45833333333333
2022-03-04,33.996360000875,-117.4924,6.1,34.0,Mira Loma (Van Buren),13.522333458333334,71.56143991666667,10.360892532083334,1012.7041666666668,0.26666666666666666,65.33333333333333
2022-03-05,33.996360000875,-117.4924,6.7,37.0,Mira Loma (Van Buren),11.909833520833333,64.41435983333334,13.615644658333332,1017.0333333333333,0.020833333333333332,65.75
2022-03-06,33.996360000875,-117.4924,8.7,48.0,Mira Loma (Van Buren),8.4785835125,72.69935679166666,7.859131866666666,1020.8375,0.049999999999999996,17.708333333333332
2022-03-07,33.996360000875,-117.4924,7.4,41.0,Mira Loma (Van Buren),10.993166841666666,56.428346624999996,12.120526875000001,1023.3333333333334,0.0,0.875
2022-03-08,33.996360000875,-117.4924,3.5,19.0,Mira Loma (Van Buren),11.730666704166666,37.31918229166667,8.85004895,1021.3166666666666,0.0,2.875
2022-03-09,33.996360000875,-117.4924,9.5,52.0,Mira Loma (Van Buren),12.593166887499999,42.83038091666666,8.2970405875,1015.8333333333334,0.0,0.3333333333333333
2022-03-10,33.996360000875,-117.4924,8.8,49.0,Mira Loma (Van Buren),13.0598338125,66.28627625,8.270840845833334,1013.5041666666666,0.0,30.5
2022-03-11,33.996360000875,-117.4924,4.8,27.0,Mira Loma (Van Buren),14.434833520833335,17.544132533333332,10.792973175,1022.125,0.0,0.125
2022-03-12,33.996360000875,-117.4924,8.2,46.0,Mira Loma (Van Buren),15.107750162499999,26.17496703333333,6.7138985,1023.15,0.0,0.0
2022-03-13,33.996360000875,-117.4924,16.7,65.0,Mira Loma (Van Buren),15.870250395833333,25.117038875000002,8.194841179166668,1018.65,0.0,24.625
2022-03-14,33.996360000875,-117.4924,14.8,62.0,Mira Loma (Van Buren),15.636916895833332,53.400131125,7.454263625,1020.3291666666668,0.0,17.333333333333332
2022-03-15,33.996360000875,-117.4924,17.0,66.0,Mira Loma (Van Buren),18.024416958333333,53.22621529166667,8.009119929166667,1020.0666666666666,0.0,15.75
2022-03-16,33.996360000875,-117.4924,13.1,58.0,Mira Loma (Van Buren),17.003583645833334,59.83987983333333,8.574059416666666,1016.4333333333334,0.0,21.291666666666668
2022-03-17,33.996360000875,-117.4924,7.6,42.0,Mira Loma (Van Buren),18.82233366666667,41.888384308333336,8.760131354166667,1016.2166666666667,0.0,29.208333333333332
2022-03-18,33.996360000875,-117.4924,14.9,62.0,Mira Loma (Van Buren),18.87858375,29.697310958333333,8.275561975,1016.2125,0.0,20.791666666666668
2022-03-19,33.996360000875,-117.4924,13.0,58.0,Mira Loma (Van Buren),17.39316679166667,48.24427958333334,9.685590508333332,1015.7958333333332,0.0,62.25
2022-03-20,33.996360000875,-117.4924,6.5,36.0,Mira Loma (Van Buren),14.874416895833335,68.42920695833332,10.767350919583334,1013.6416666666668,0.049999999999999996,57.291666666666664
2022-03-21,33.996360000875,-117.4924,10.8,54.0,Mira Loma (Van Buren),16.149416875,51.988735999999996,8.937106379166666,1016.9250000000001,0.0,53.583333333333336
2022-03-22,33.996360000875,-117.4924,6.6,37.0,Mira Loma (Van Buren),20.078583479166667,40.3813875625,11.7230596875,1017.0166666666668,0.0,28.5
2022-03-23,33.996360000875,-117.4924,6.9,38.0,Mira Loma (Van Buren),22.022333458333335,29.454103333333332,9.282612949999999,1018.2583333333333,0.0,0.0
2022-03-24,33.996360000875,-117.4924,10.0,53.0,Mira Loma (Van Buren),21.793166708333334,30.09983683333333,9.237198574999999,1017.3041666666667,0.0,6.166666666666667
2022-03-25,33.996360000875,-117.4924,12.9,58.0,Mira Loma (Van Buren),22.06191695833333,36.797638416666665,8.667251758333334,1015.1999999999999,0.0,68.16666666666667
2022-03-26,33.996360000875,-117.4924,17.5,67.0,Mira Loma (Van Buren),20.3848335,48.255856,9.216257304166666,1013.025,0.0,58.25
2022-03-27,33.996360000875,-117.4924,11.6,56.0,Mira Loma (Van Buren),16.29941697916667,65.99765000000001,9.479244320833333,1011.5124999999999,0.0,53.833333333333336
2022-03-28,33.996360000875,-117.4924,4.3,24.0,Mira Loma (Van Buren),13.693166895833334,75.24776250000001,11.158727616666667,1011.4375,0.6416666666666667,66.83333333333333
2022-03-29,33.996360000875,-117.4924,6.5,36.0,Mira Loma (Van Buren),12.607750270833334,83.22090845833334,6.545632116666667,1011.0124999999999,0.525,70.33333333333333
2022-03-30,33.996360000875,-117.4924,11.6,56.0,Mira Loma (Van Buren),13.449416895833332,76.67131525,8.57824495,1017.2916666666666,0.0,30.75
2022-03-31,33.996360000875,-117.4924,9.7,52.0,Mira Loma (Van Buren),14.789000270833334,78.12525008333334,9.964970925000001,1013.1374999999999,0.004166666666666667,88.625
2022-04-01,33.996360000875,-117.4924,16.9,66.0,Mira Loma (Van Buren),15.122333604166668,76.41448229166666,9.3342136375,1011.3916666666668,0.0,59.416666666666664
2022-04-02,33.996360000875,-117.4924,17.4,66.0,Mira Loma (Van Buren),14.989000166666665,78.46732041666667,8.584077120833333,1014.9041666666667,0.0,44.541666666666664
2022-04-03,33.996360000875,-117.4924,11.7,56.0,Mira Loma (Van Buren),15.143167104166666,76.92484579166667,10.790348250000001,1015.0291666666667,0.0,98.66666666666667
2022-04-04,33.996360000875,-117.4924,19.4,70.0,Mira Loma (Van Buren),15.518166979166667,77.93174479166667,8.3067589,1012.7791666666667,0.0,74.58333333333333
2022-04-05,33.996360000875,-117.4924,18.8,69.0,Mira Loma (Van Buren),17.720250104166666,66.34422629166666,8.678032783333334,1012.5,0.0,12.125
2022-04-06,33.996360000875,-117.4924,13.3,59.0,Mira Loma (Van Buren),21.928583250000003,55.47965216666666,11.2315262125,1012.8041666666667,0.0,0.0
2022-04-07,33.996360000875,-117.4924,6.9,38.0,Mira Loma (Van Buren),24.870249770833336,22.6070611,13.610619533333333,1016.8375,0.0,0.041666666666666664
2022-04-08,33.996360000875,-117.4924,8.2,46.0,Mira Loma (Van Buren),26.16816645833333,15.39546865,9.687228779166666,1013.9583333333334,0.0,3.9583333333333335
2022-04-09,33.996360000875,-117.4924,17.3,66.0,Mira Loma (Van Buren),25.051500166666667,19.266669833333335,9.564883058333335,1009.3000000000001,0.0,30.25
2022-04-10,33.996360000875,-117.4924,18.3,68.0,Mira Loma (Van Buren),18.399416833333333,69.24150366666667,11.766110058333334,1009.6916666666666,0.0,41.625
2022-04-11,33.996360000875,-117.4924,13.5,59.0,Mira Loma (Van Buren),16.516083645833334,64.11732279166667,11.771679458333333,1010.85,0.012500000000000002,94.29166666666667
2022-04-12,33.996360000875,-117.4924,6.6,37.0,Mira Loma (Van Buren),15.136916916666666,55.82241672916666,11.087013854166665,1012.3583333333332,0.0,60.375
2022-04-13,33.996360000875,-117.4924,8.8,49.0,Mira Loma (Van Buren),14.776500175,26.94616422916667,9.3693071875,1017.3625000000001,0.0,0.0
2022-04-14,33.996360000875,-117.4924,12.4,57.0,Mira Loma (Van Buren),15.4098335,39.695453791666665,8.680639386666668,1016.5458333333332,0.0,0.0
2022-04-15,33.996360000875,-117.4924,12.7,58.0,Mira Loma (Van Buren),15.811916895833335,49.32842504166666,8.687916212500001,1014.3541666666666,0.0,2.125
2022-04-16,33.996360000875,-117.4924,7.6,42.0,Mira Loma (Van Buren),16.093166875,62.92413354166666,10.457198912499999,1016.6125000000001,0.0,39.833333333333336
2022-04-17,33.996360000875,-117.4924,9.7,52.0,Mira Loma (Van Buren),17.33900025,64.01740016666666,9.326903245833334,1019.4916666666667,0.020833333333333332,57.25
2022-04-18,33.996360000875,-117.4924,14.5,61.0,Mira Loma (Van Buren),18.1390001875,59.19393083333333,8.453124945833332,1016.1625,0.0,24.583333333333332
2022-04-19,33.996360000875,-117.4924,11.5,55.0,Mira Loma (Van Buren),19.091083583333333,54.22831,10.3051299875,1013.7666666666668,0.0,65.375
2022-04-20,33.996360000875,-117.4924,6.3,35.0,Mira Loma (Van Buren),17.449417104166667,61.613993416666666,9.909968749999999,1014.0541666666667,0.0,35.833333333333336
2022-04-21,33.996360000875,-117.4924,6.8,38.0,Mira Loma (Van Buren),15.099416854166668,61.33255304166667,10.483559891666667,1016.2166666666667,0.0,0.625
2022-04-22,33.996360000875,-117.4924,7.0,39.0,Mira Loma (Van Buren),15.355666916666666,65.056579125,19.414697,1014.9916666666667,0.18333333333333335,54.541666666666664
2022-04-23,33.996360000875,-117.4924,7.3,41.0,Mira Loma (Van Buren),15.264000291666667,58.865002583333336,7.360231029166666,1017.6041666666666,0.0,42.25
2022-04-24,33.996360000875,-117.4924,6.0,33.0,Mira Loma (Van Buren),19.426500229166667,39.02602331666667,12.291225258333334,1015.1583333333333,0.0,0.5833333333333334
2022-04-25,33.996360000875,-117.4924,9.3,51.0,Mira Loma (Van Buren),21.374416749999998,24.850692970833332,8.575788866666667,1014.9333333333334,0.0,9.625
2022-04-26,33.996360000875,-117.4924,14.4,61.0,Mira Loma (Van Buren),22.257750125,22.1299655,8.919495304166666,1012.2791666666667,0.0,81.125
2022-04-27,33.996360000875,-117.4924,17.5,67.0,Mira Loma (Van Buren),18.3160835625,58.565265958333335,9.610116736250001,1012.7958333333332,0.0,22.875
2022-04-28,33.996360000875,-117.4924,15.0,62.0,Mira Loma (Van Buren),16.32233366666667,65.99360270833334,12.1100250375,1014.2875,0.0,48.458333333333336
2022-04-29,33.996360000875,-117.4924,16.8,65.0,Mira Loma (Van Buren),16.305666895833333,60.860446583333335,11.055111058333333,1014.7624999999999,0.0,21.666666666666668
2022-04-30,33.996360000875,-117.4924,19.7,71.0,Mira Loma (Van Buren),19.059833645833333,58.90294695833333,9.854792290833332,1012.6083333333332,0.0,5.125
2022-05-01,33.996360000875,-117.4924,15.5,63.0,Mira Loma (Van Buren),18.21400025,62.62835354166666,10.4473505125,1009.4958333333334,0.0,18.208333333333332
2022-05-02,33.996360000875,-117.4924,15.6,63.0,Mira Loma (Van Buren),17.547333666666667,67.39048929166667,11.182860066666668,1012.7916666666666,0.0,44.583333333333336
2022-05-03,33.996360000875,-117.4924,13.9,60.0,Mira Loma (Van Buren),17.797333604166667,66.427762875,11.145364954166666,1012.4166666666666,0.0,36.208333333333336
2022-05-04,33.996360000875,-117.4924,18.4,68.0,Mira Loma (Van Buren),18.674416833333336,63.017708125000006,10.698512679166667,1012.8125,0.0,40.083333333333336
2022-05-05,33.996360000875,-117.4924,20.8,73.0,Mira Loma (Van Buren),20.949416833333334,58.40899820833334,10.294012008333333,1014.2125,0.0,17.166666666666668
2022-05-06,33.996360000875,-117.4924,16.5,65.0,Mira Loma (Van Buren),21.4598335625,48.93489395833333,9.574613691666666,1014.1750000000001,0.0,41.916666666666664
2022-05-07,33.996360000875,-117.4924,11.7,56.0,Mira Loma (Van Buren),20.0890001875,59.92202570833334,10.902200012500002,1012.6166666666667,0.0,44.25
2022-05-08,33.996360000875,-117.4924,10.5,54.0,Mira Loma (Van Buren),17.95983352083333,65.92657266666667,12.311392666666668,1010.5583333333334,0.06666666666666667,60.833333333333336
2022-05-09,33.996360000875,-117.4924,10.0,53.0,Mira Loma (Van Buren),15.572333458333333,60.87206029166666,10.435051979166667,1012.2666666666668,0.02916666666666667,49.208333333333336
2022-05-10,33.996360000875,-117.4924,7.9,44.0,Mira Loma (Van Buren),15.499416958333335,43.29688458333334,9.881277179166666,1015.7375000000001,0.0,41.333333333333336
2022-05-11,33.996360000875,-117.4924,7.3,41.0,Mira Loma (Van Buren),14.622333479166668,41.20265214166667,10.977284941666667,1017.7833333333333,0.0,8.125
2022-05-12,33.996360000875,-117.4924,8.1,45.0,Mira Loma (Van Buren),17.893166833333336,27.3568169625,8.869724120833334,1019.8833333333333,0.0,5.5
2022-05-13,33.996360000875,-117.4924,12.7,58.0,Mira Loma (Van Buren),22.47858335416667,17.97431422083333,8.880412716666667,1015.8249999999999,0.0,0.0
2022-05-14,33.996360000875,-117.4924,13.2,59.0,Mira Loma (Van Buren),25.734833,19.036892766666668,9.259991945833333,1012.8375,0.0,38.333333333333336
2022-05-15,33.996360000875,-117.4924,15.2,62.0,Mira Loma (Van Buren),25.968166666666665,19.724847875,9.6805299375,1011.4541666666668,0.0,32.666666666666664
2022-05-16,33.996360000875,-117.4924,16.9,66.0,Mira Loma (Van Buren),20.407750208333333,56.32363991666667,10.947212620833334,1012.5375,0.0,12.041666666666666
2022-05-17,33.996360000875,-117.4924,15.5,63.0,Mira Loma (Van Buren),18.526500208333335,66.58126791666668,10.446387345833333,1013.3874999999999,0.0,30.333333333333332
2022-05-18,33.996360000875,-117.4924,16.9,66.0,Mira Loma (Van Buren),18.522333624999998,67.76502229166667,11.621036570833333,1014.625,0.0,31.125
2022-05-19,33.996360000875,-117.4924,16.3,64.0,Mira Loma (Van Buren),18.8973335,68.61211437499999,10.903884583333335,1012.8000000000001,0.0,49.166666666666664
2022-05-20,33.996360000875,-117.4924,4.6,26.0,Mira Loma (Van Buren),17.257750270833334,69.93602616666666,11.291162845833334,1008.8666666666667,0.008333333333333333,82.08333333333333
2022-05-21,33.996360000875,-117.4924,5.8,32.0,Mira Loma (Van Buren),18.2015001875,64.55150358333333,12.310557291666667,1011.525,0.004166666666666667,78.29166666666667
2022-05-22,33.996360000875,-117.4924,12.0,56.0,Mira Loma (Van Buren),18.747333479166667,63.887295458333334,11.516428750000001,1015.3874999999999,0.0,58.416666666666664
2022-05-23,33.996360000875,-117.4924,13.3,59.0,Mira Loma (Van Buren),17.71400022916667,68.217448875,11.678683795833335,1013.5500000000001,0.0,48.541666666666664
2022-05-24,33.996360000875,-117.4924,16.0,64.0,Mira Loma (Van Buren),18.566083583333334,67.566754125,11.5293802625,1010.1625,0.0,62.583333333333336
2022-05-25,33.996360000875,-117.4924,16.9,66.0,Mira Loma (Van Buren),20.855666958333334,63.310016958333335,11.992991233333333,1010.1125000000001,0.0,6.625
2022-05-26,33.996360000875,-117.4924,15.3,63.0,Mira Loma (Van Buren),20.055666979166666,67.311678375,11.916580883333333,1012.4166666666666,0.0,41.166666666666664
2022-05-27,33.996360000875,-117.4924,11.2,55.0,Mira Loma (Van Buren),18.301500145833334,67.79830308333332,12.794605625,1015.5583333333334,0.0,51.166666666666664
2022-05-28,33.996360000875,-117.4924,8.5,47.0,Mira Loma (Van Buren),17.680666916666667,65.47327795833333,11.952258404166665,1014.0166666666668,0.004166666666666667,98.125
2022-05-29,33.996360000875,-117.4924,7.7,43.0,Mira Loma (Van Buren),18.4890001875,61.13545070833334,10.685811525,1009.775,0.004166666666666667,80.45833333333333
2022-05-30,33.996360000875,-117.4924,10.4,53.0,Mira Loma (Van Buren),18.9535835625,62.37277379166667,11.372449558333335,1009.1041666666666,0.0,13.583333333333334
2022-05-31,33.996360000875,-117.4924,15.6,63.0,Mira Loma (Van Buren),19.33900022916667,63.14461945833333,10.560897254166667,1008.7541666666666,0.0,10.25
2022-06-01,33.996360000875,-117.4924,19.5,70.0,Mira Loma (Van Buren),21.64108320833333,51.570158291666665,9.714753100000001,1009.9791666666666,0.0,1.5416666666666667
2022-06-02,33.996360000875,-117.4924,16.0,64.0,Mira Loma (Van Buren),21.697333625,63.78986895833333,11.378043616666666,1009.6083333333332,0.0,32.375
2022-06-03,33.996360000875,-117.4924,15.7,63.0,Mira Loma (Van Buren),19.83066679166667,66.99706441666667,10.534829241666666,1009.7708333333334,0.0,57.083333333333336
2022-06-04,33.996360000875,-117.4924,12.5,57.0,Mira Loma (Van Buren),19.55775022916667,67.18455945833334,10.590003254166666,1011.8458333333333,0.0,71.75
2022-06-05,33.996360000875,-117.4924,6.6,37.0,Mira Loma (Van Buren),20.255667,65.40624383333333,10.101047170833333,1012.1458333333334,0.0,80.33333333333333
2022-06-06,33.996360000875,-117.4924,8.5,47.0,Mira Loma (Van Buren),21.814000208333336,63.08929604166667,9.909395783333332,1010.5416666666666,0.0,8.041666666666666
2022-06-07,33.996360000875,-117.4924,8.7,48.0,Mira Loma (Van Buren),22.470250125000003,67.98779245833333,10.829228395833333,1009.3249999999999,0.0,28.916666666666668
2022-06-08,33.996360000875,-117.4924,11.6,56.0,Mira Loma (Van Buren),22.90774970833333,67.21180020833333,11.378081708333333,1009.4458333333333,0.0,28.75
2022-06-09,33.996360000875,-117.4924,17.5,67.0,Mira Loma (Van Buren),23.563999874999997,62.91276616666667,12.000605424999998,1008.6833333333334,0.0,20.916666666666668
2022-06-10,33.996360000875,-117.4924,12.0,56.0,Mira Loma (Van Buren),25.18899995833333,55.98142995833334,12.2184054,1010.3000000000001,0.0,43.916666666666664
2022-06-11,33.996360000875,-117.4924,13.0,58.0,Mira Loma (Van Buren),25.163999833333335,55.50105691666666,11.4371277125,1011.8000000000001,0.0,1.875
2022-06-12,33.996360000875,-117.4924,8.9,49.0,Mira Loma (Van Buren),24.111916958333335,54.38175404166666,11.454939516666668,1010.4875000000001,0.0,0.041666666666666664
2022-06-13,33.996360000875,-117.4924,6.3,35.0,Mira Loma (Van Buren),21.353583541666666,62.25163941666667,10.942078054166666,1010.2458333333334,0.0,3.7916666666666665
2022-06-14,33.996360000875,-117.4924,12.0,56.0,Mira Loma (Van Buren),21.85983358333333,65.69583941666666,14.5909629375,1010.2916666666666,0.0,27.416666666666668
2022-06-15,33.996360000875,-117.4924,15.3,63.0,Mira Loma (Van Buren),22.695250041666668,64.824907875,12.093671195833332,1009.2708333333334,0.0,25.625
2022-06-16,33.996360000875,-117.4924,18.5,69.0,Mira Loma (Van Buren),22.80358341666667,65.39730887500001,12.078122275,1008.6833333333334,0.0,21.291666666666668
2022-06-17,33.996360000875,-117.4924,10.9,54.0,Mira Loma (Van Buren),21.072333541666666,66.117761375,13.556634141666668,1009.1041666666666,0.0,21.25
2022-06-18,33.996360000875,-117.4924,9.7,52.0,Mira Loma (Van Buren),19.424416895833335,63.2788645,11.468195591666666,1011.2541666666666,0.0,3.1666666666666665
2022-06-19,33.996360000875,-117.4924,9.2,51.0,Mira Loma (Van Buren),20.351500270833334,52.36651716666666,11.667074204166667,1013.5583333333334,0.0,0.0
2022-06-20,33.996360000875,-117.4924,11.1,55.0,Mira Loma (Van Buren),24.753583375,35.196970125,8.82404084875,1011.9125,0.0,0.0
2022-06-21,33.996360000875,-117.4924,16.3,64.0,Mira Loma (Van Buren),26.305666666666667,31.589740625,10.549150325,1010.6,0.0,0.0
2022-06-22,33.996360000875,-117.4924,14.3,61.0,Mira Loma (Van Buren),26.21191675,42.437127374999996,9.282656025,1012.5791666666668,0.04583333333333334,50.625
2022-06-23,33.996360000875,-117.4924,12.0,56.0,Mira Loma (Van Buren),27.636916541666665,46.069297,10.7634022875,1011.1,0.004166666666666667,15.833333333333334
2022-06-24,33.996360000875,-117.4924,9.8,52.0,Mira Loma (Van Buren),27.149416625,36.457210875,9.532128874166666,1010.4458333333333,0.0,0.0
2022-06-25,33.996360000875,-117.4924,11.1,55.0,Mira Loma (Van Buren),26.095249541666664,44.39511516666667,9.309940640833334,1011.2791666666667,0.0,2.0
2022-06-26,33.996360000875,-117.4924,19.0,69.0,Mira Loma (Van Buren),26.009833166666667,47.05548529166666,10.327534254166666,1012.8916666666668,0.0,0.0
2022-06-27,33.996360000875,-117.4924,16.5,65.0,Mira Loma (Van Buren),27.905666333333333,40.938500041666664,10.563478066666667,1014.4125,0.0,4.458333333333333
2022-06-28,33.996360000875,-117.4924,13.3,59.0,Mira Loma (Van Buren),28.668166333333332,35.33385725,11.213808166666666,1014.2833333333333,0.0,1.25
2022-06-29,33.996360000875,-117.4924,11.7,56.0,Mira Loma (Van Buren),27.047332916666665,41.18988664583333,9.528938820833334,1014.625,0.0,0.0
2022-06-30,33.996360000875,-117.4924,12.6,58.0,Mira Loma (Van Buren),25.926499833333335,48.810225583333334,11.103966900000001,1014.7666666666668,0.0,5.041666666666667
2022-07-01,33.996360000875,-117.4924,13.4,59.0,Mira Loma (Van Buren),25.232749958333333,52.165214416666664,10.541271670833334,1014.0500000000001,0.0,0.4166666666666667
2022-07-02,33.996360000875,-117.4924,10.9,54.0,Mira Loma (Van Buren),24.064000000000004,53.88509370833333,11.677038720833332,1012.7916666666666,0.0,8.125
2022-07-03,33.996360000875,-117.4924,9.8,52.0,Mira Loma (Van Buren),21.601500041666668,61.970355291666664,10.914273691666667,1012.3416666666667,0.0,22.0
2022-07-04,33.996360000875,-117.4924,14.6,61.0,Mira Loma (Van Buren),20.764000333333332,64.432128875,10.527909785416666,1012.7083333333334,0.0,0.5833333333333334
2022-07-05,33.996360000875,-117.4924,36.0,102.0,Mira Loma (Van Buren),21.793166875,60.403982125,10.809412370833334,1013.1708333333332,0.0,0.0
2022-07-06,33.996360000875,-117.4924,7.4,41.0,Mira Loma (Van Buren),22.614000125,63.48593316666666,11.512110083333333,1013.2666666666668,0.0,1.4583333333333333
2022-07-07,33.996360000875,-117.4924,7.7,43.0,Mira Loma (Van Buren),23.44941658333333,59.71382991666667,11.746302108333333,1013.0708333333333,0.0,0.125
2022-07-08,33.996360000875,-117.4924,7.8,43.0,Mira Loma (Van Buren),23.093166916666664,63.401103291666665,12.172506879166667,1015.0208333333334,0.0,30.791666666666668
2022-07-09,33.996360000875,-117.4924,10.6,54.0,Mira Loma (Van Buren),24.003583416666668,57.69222208333333,10.833054662499999,1016.9375,0.0,8.625
2022-07-10,33.996360000875,-117.4924,12.7,58.0,Mira Loma (Van Buren),25.599416666666666,49.37778408333333,10.1084110875,1016.0375,0.0,1.2916666666666667
2022-07-11,33.996360000875,-117.4924,10.9,54.0,Mira Loma (Van Buren),24.622333333333334,54.75400166666666,11.254196758333334,1012.9,0.0,9.125
2022-07-12,33.996360000875,-117.4924,7.6,42.0,Mira Loma (Van Buren),22.19733360416667,61.01901970833333,12.288552091666666,1012.2791666666667,0.0,19.375
2022-07-13,33.996360000875,-117.4924,10.9,54.0,Mira Loma (Van Buren),21.8077501875,61.5331335,12.817773816666666,1012.725,0.0,36.25
2022-07-14,33.996360000875,-117.4924,7.7,43.0,Mira Loma (Van Buren),22.895250166666667,59.67942970833334,13.818877424999998,1012.5916666666667,0.0,21.083333333333332
2022-07-15,33.996360000875,-117.4924,14.0,60.0,Mira Loma (Van Buren),24.16608325,60.757559541666666,12.247303070833333,1012.9125,0.0,2.6666666666666665
2022-07-16,33.996360000875,-117.4924,15.6,63.0,Mira Loma (Van Buren),26.003583458333335,57.60598116666667,11.900936154166667,1011.7916666666666,0.0,3.875
2022-07-17,33.996360000875,-117.4924,10.6,54.0,Mira Loma (Van Buren),26.29525,54.62303841666667,11.655790833333333,1010.0500000000001,0.0,16.458333333333332
2022-07-18,33.996360000875,-117.4924,8.7,48.0,Mira Loma (Van Buren),26.607750041666666,50.881985750000005,12.122003450000001,1012.4041666666667,0.0,28.625
2022-07-19,33.996360000875,-117.4924,9.8,52.0,Mira Loma (Van Buren),27.174416583333336,43.80999025,11.425558395833335,1014.1166666666667,0.0,0.0
2022-07-20,33.996360000875,-117.4924,9.0,50.0,Mira Loma (Van Buren),27.4431665,40.347667791666666,10.744762245833334,1014.9291666666667,0.0,71.91666666666667
2022-07-21,33.996360000875,-117.4924,12.9,58.0,Mira Loma (Van Buren),26.909833416666668,38.292727500000005,10.266334758333334,1014.0583333333334,0.0,57.208333333333336
2022-07-22,33.996360000875,-117.4924,10.5,54.0,Mira Loma (Van Buren),24.128583416666668,55.947861375,11.123365091666665,1011.4875000000001,0.0,43.416666666666664
2022-07-23,33.996360000875,-117.4924,11.4,55.0,Mira Loma (Van Buren),23.814000083333337,63.913781166666666,11.841680474999999,1010.3708333333334,0.0,38.916666666666664
2022-07-24,33.996360000875,-117.4924,16.6,65.0,Mira Loma (Van Buren),23.166083375,68.75268904166667,12.551198345833333,1011.2541666666666,0.0,38.125
2022-07-25,33.996360000875,-117.4924,10.8,54.0,Mira Loma (Van Buren),23.75983325,67.20546408333333,12.493039870833334,1011.8958333333334,0.0,44.875
2022-07-26,33.996360000875,-117.4924,15.1,62.0,Mira Loma (Van Buren),23.226500375,66.71068875,12.381580270833332,1012.4458333333333,0.0,44.5
2022-07-27,33.996360000875,-117.4924,13.9,60.0,Mira Loma (Van Buren),23.905666666666665,61.139016416666664,10.812587079166667,1013.5083333333333,0.0,37.125
2022-07-28,33.996360000875,-117.4924,7.8,43.0,Mira Loma (Van Buren),24.193166583333333,55.819570875000004,10.490624983333333,1012.0749999999999,0.0,24.708333333333332
2022-07-29,33.996360000875,-117.4924,11.8,56.0,Mira Loma (Van Buren),24.341083375,55.975331041666664,10.84960025,1011.4625,0.0,28.25
2022-07-30,33.996360000875,-117.4924,11.8,56.0,Mira Loma (Van Buren),24.895249875,59.211540291666665,11.353435729166668,1012.3625000000001,0.0,66.125
2022-07-31,33.996360000875,-117.4924,10.0,53.0,Mira Loma (Van Buren),26.309833208333334,44.184217749999995,10.282011275,1014.1333333333333,0.0,44.208333333333336
2022-08-01,33.996360000875,-117.4924,10.7,54.0,Mira Loma (Van Buren),27.211916541666668,45.60764375,11.663980241666666,1014.8833333333333,0.0,63.833333333333336
2022-08-02,33.996360000875,-117.4924,7.4,41.0,Mira Loma (Van Buren),26.211916625,52.9177435,12.1440192125,1015.0083333333333,0.0,23.0
2022-08-03,33.996360000875,-117.4924,8.0,44.0,Mira Loma (Van Buren),25.982749958333333,52.517385166666664,11.582152779166668,1013.0291666666667,0.0,60.75
2022-08-04,33.996360000875,-117.4924,10.7,54.0,Mira Loma (Van Buren),25.68900016666667,55.083277833333334,10.620774754166666,1011.9208333333332,0.0,68.20833333333333
2022-08-05,33.996360000875,-117.4924,11.9,56.0,Mira Loma (Van Buren),26.432749833333332,53.991311208333336,9.886310354166666,1012.7791666666667,0.041666666666666664,52.958333333333336
2022-08-06,33.996360000875,-117.4924,7.0,39.0,Mira Loma (Van Buren),26.75150004166667,53.988853625,11.078487291666667,1012.25,0.0,0.0
2022-08-07,33.996360000875,-117.4924,9.2,51.0,Mira Loma (Van Buren),28.92233320833333,34.18390454166667,9.9465430625,1011.0458333333332,0.0,5.416666666666667
2022-08-08,33.996360000875,-117.4924,14.3,61.0,Mira Loma (Van Buren),27.95358320833333,44.131638458333335,11.361731,1012.1333333333333,0.0,48.666666666666664
2022-08-09,33.996360000875,-117.4924,11.5,55.0,Mira Loma (Van Buren),28.743166541666668,40.23760179166667,9.608627829166666,1012.1791666666667,0.0,80.08333333333333
2022-08-10,33.996360000875,-117.4924,10.9,54.0,Mira Loma (Van Buren),28.503583333333335,43.467161874999995,9.059540408333334,1013.7916666666666,0.0,4.333333333333333
2022-08-11,33.996360000875,-117.4924,12.8,58.0,Mira Loma (Van Buren),28.99733325,33.296956208333334,9.8323179,1014.3083333333334,0.0,7.041666666666667
2022-08-12,33.996360000875,-117.4924,15.8,63.0,Mira Loma (Van Buren),28.116083083333333,41.754039,9.824313670833332,1012.5333333333333,0.0,18.291666666666668
2022-08-13,33.996360000875,-117.4924,14.4,61.0,Mira Loma (Van Buren),28.782749666666664,39.884410458333335,10.206880141666668,1012.1458333333334,0.0,20.25
2022-08-14,33.996360000875,-117.4924,12.5,57.0,Mira Loma (Van Buren),28.018166249999997,41.35988154166667,10.238591179166667,1012.0625,0.0,22.375
2022-08-15,33.996360000875,-117.4924,14.0,60.0,Mira Loma (Van Buren),27.363999791666668,49.724692041666664,10.166400054166667,1009.9499999999999,0.0,0.20833333333333334
2022-08-16,33.996360000875,-117.4924,16.3,64.0,Mira Loma (Van Buren),27.5931665,45.63578233333333,10.183631116666666,1008.6374999999999,0.0,1.625
2022-08-17,33.996360000875,-117.4924,10.3,53.0,Mira Loma (Van Buren),28.06608279166667,46.688744750000005,10.8235454825,1010.1083333333332,0.0,13.416666666666666
2022-08-18,33.996360000875,-117.4924,11.9,56.0,Mira Loma (Van Buren),26.49733325,50.941813458333336,10.774452666666667,1011.8000000000001,0.0,12.833333333333334
2022-08-19,33.996360000875,-117.4924,14.1,60.0,Mira Loma (Van Buren),25.076499791666667,52.497073,10.766339766666666,1009.5791666666668,0.0,3.6666666666666665
2022-08-20,33.996360000875,-117.4924,10.9,54.0,Mira Loma (Van Buren),24.439000083333337,63.82912341666667,11.03634265,1008.9875000000001,0.0,15.791666666666666
2022-08-21,33.996360000875,-117.4924,10.3,53.0,Mira Loma (Van Buren),23.24316675,70.5895195,10.736281437499999,1014.15,0.0,30.833333333333332
2022-08-22,33.996360000875,-117.4924,9.3,51.0,Mira Loma (Van Buren),24.018166833333336,66.4663155,10.801982533333332,1014.8083333333334,0.0,14.333333333333334
2022-08-23,33.996360000875,-117.4924,10.0,53.0,Mira Loma (Van Buren),25.328583249999998,61.829728458333335,10.538535595833332,1009.5375,0.0,8.375
2022-08-24,33.996360000875,-117.4924,12.6,58.0,Mira Loma (Van Buren),24.980666375,65.66981025,11.447359241666668,1009.1750000000001,0.0,16.666666666666668
2022-08-25,33.996360000875,-117.4924,9.1,51.0,Mira Loma (Van Buren),26.13483325,59.200499416666666,11.139008929166666,1012.4333333333334,0.0,9.458333333333334
2022-08-26,33.996360000875,-117.4924,12.9,58.0,Mira Loma (Van Buren),25.820249708333336,60.50534291666667,10.745572729166668,1013.2333333333332,0.0,1.9166666666666667
2022-08-27,33.996360000875,-117.4924,6.7,37.0,Mira Loma (Van Buren),24.47025016666667,62.00223520833333,11.101112095833335,1011.15,0.0,11.541666666666666
2022-08-28,33.996360000875,-117.4924,9.8,52.0,Mira Loma (Van Buren),23.482750208333332,65.04067429166666,11.1926329,1009.8291666666668,0.0,25.708333333333332
2022-08-29,33.996360000875,-117.4924,12.8,58.0,Mira Loma (Van Buren),23.501500083333337,64.23277916666667,11.913267866666667,1010.5583333333334,0.0,9.041666666666666
2022-08-30,33.996360000875,-117.4924,13.9,60.0,Mira Loma (Van Buren),26.118166666666667,52.820661666666666,10.963314216666667,1012.1708333333332,0.0,0.08333333333333333
2022-08-31,33.996360000875,-117.4924,13.4,59.0,Mira Loma (Van Buren),29.85983333333333,29.521577416666663,9.227523969583332,1010.5083333333333,0.0,2.0416666666666665
2022-09-01,33.996360000875,-117.4924,18.1,68.0,Mira Loma (Van Buren),32.21608308333333,24.394718,11.462577491666666,1006.7291666666666,0.0,19.208333333333332
2022-09-02,33.996360000875,-117.4924,14.2,61.0,Mira Loma (Van Buren),29.870249916666666,48.50814775,10.223239845833334,1007.1625,0.0,10.416666666666666
2022-09-03,33.996360000875,-117.4924,12.4,57.0,Mira Loma (Van Buren),32.15566608333334,40.667095958333334,10.484202920833333,1008.3833333333333,0.0,9.541666666666666
2022-09-04,33.996360000875,-117.4924,11.2,55.0,Mira Loma (Van Buren),33.80358308333333,35.22789645833333,7.012240970833333,1009.8916666666668,0.0,28.125
2022-09-05,33.996360000875,-117.4924,13.9,60.0,Mira Loma (Van Buren),31.420249708333333,49.27386520833334,11.117698779166666,1007.5875,0.0,12.666666666666666
2022-09-06,33.996360000875,-117.4924,12.0,56.0,Mira Loma (Van Buren),31.534832750000003,43.888882875,11.262148216666667,1007.7583333333333,0.0,3.5416666666666665
2022-09-07,33.996360000875,-117.4924,16.0,64.0,Mira Loma (Van Buren),31.234832875,44.262351208333335,7.337874569583334,1011.5458333333332,0.0,11.75
2022-09-08,33.996360000875,-117.4924,14.5,61.0,Mira Loma (Van Buren),31.87858291666667,36.591283958333335,8.232535429166667,1009.6583333333333,0.0,24.333333333333332
2022-09-09,33.996360000875,-117.4924,6.1,34.0,Mira Loma (Van Buren),32.193166416666664,34.35977827083333,12.443482645833333,1000.6333333333333,0.06666666666666667,90.08333333333333
2022-09-10,33.996360000875,-117.4924,11.4,55.0,Mira Loma (Van Buren),24.051500208333334,85.84281683333334,9.319057416666666,1007.3291666666668,0.5791666666666667,89.20833333333333
2022-09-11,33.996360000875,-117.4924,5.6,31.0,Mira Loma (Van Buren),24.60983366666667,79.59907220833334,8.781043795833334,1013.8000000000001,0.17500000000000002,78.58333333333333
2022-09-12,33.996360000875,-117.4924,4.7,26.0,Mira Loma (Van Buren),23.80775025,86.62355195833334,5.459593141666667,1014.4958333333334,0.5291666666666667,65.79166666666667
2022-09-13,33.996360000875,-117.4924,8.4,47.0,Mira Loma (Van Buren),23.761917,76.02055604166667,7.174033290416666,1011.5375,0.075,47.583333333333336
2022-09-14,33.996360000875,-117.4924,9.8,52.0,Mira Loma (Van Buren),22.4410835,73.28070483333333,7.253168433333333,1011.1041666666666,0.0,12.583333333333334
2022-09-15,33.996360000875,-117.4924,10.0,53.0,Mira Loma (Van Buren),21.43691695833333,74.82520162499999,7.3450971237500005,1013.0875,0.0,15.25
2022-09-16,33.996360000875,-117.4924,12.7,58.0,Mira Loma (Van Buren),21.026500291666668,75.270046,7.351048970833333,1012.8874999999999,0.0,23.041666666666668
2022-09-17,33.996360000875,-117.4924,14.9,62.0,Mira Loma (Van Buren),20.93691683333333,74.37396395833333,6.524851407499999,1010.1374999999999,0.004166666666666667,35.916666666666664
2022-09-18,33.996360000875,-117.4924,10.5,54.0,Mira Loma (Van Buren),20.90150025,68.83359912499999,8.908688066666667,1008.6041666666666,0.0,29.291666666666668
2022-09-19,33.996360000875,-117.4924,6.4,36.0,Mira Loma (Van Buren),20.272333687499998,69.053495375,8.525293045833333,1010.2166666666667,0.0,19.375
2022-09-20,33.996360000875,-117.4924,4.3,24.0,Mira Loma (Van Buren),21.836916875,62.843965,8.3973085625,1011.7791666666667,0.0,6.583333333333333
2022-09-21,33.996360000875,-117.4924,6.4,36.0,Mira Loma (Van Buren),22.311916874999998,65.2474535,9.567225204166666,1012.475,0.0,19.708333333333332
2022-09-22,33.996360000875,-117.4924,8.9,49.0,Mira Loma (Van Buren),22.593166874999998,49.921292875,7.37240715,1012.8625000000001,0.0,0.0
2022-09-23,33.996360000875,-117.4924,10.2,53.0,Mira Loma (Van Buren),25.126500125000003,42.54454175,8.4338353825,1011.9958333333334,0.0,7.125
2022-09-24,33.996360000875,-117.4924,12.4,57.0,Mira Loma (Van Buren),26.62858316666667,39.21141958333333,9.317009495833334,1014.025,0.0,8.333333333333334
2022-09-25,33.996360000875,-117.4924,10.0,53.0,Mira Loma (Van Buren),26.53275004166667,39.998619166666664,9.0774871375,1014.6958333333333,0.0,1.4583333333333333
2022-09-26,33.996360000875,-117.4924,11.6,56.0,Mira Loma (Van Buren),26.995249833333332,42.21670679166667,9.3351029375,1011.9625,0.0,2.875
2022-09-27,33.996360000875,-117.4924,13.9,60.0,Mira Loma (Van Buren),27.851500291666667,39.957229895833336,8.616008970833333,1010.4583333333334,0.0,17.625
2022-09-28,33.996360000875,-117.4924,15.5,63.0,Mira Loma (Van Buren),28.391083249999998,39.773177583333336,9.332427508333334,1011.2916666666666,0.0,5.791666666666667
2022-09-29,33.996360000875,-117.4924,16.9,66.0,Mira Loma (Van Buren),25.7473335,61.20124775,9.328839866666668,1013.6625,0.0,4.25
2022-09-30,33.996360000875,-117.4924,14.3,61.0,Mira Loma (Van Buren),22.759833708333332,71.68977112500001,8.717183829166666,1011.7125,0.0,27.916666666666668
2022-10-01,33.996360000875,-117.4924,8.9,49.0,Mira Loma (Van Buren),20.347333625,71.434340125,9.892381183333333,1010.35,0.0,35.416666666666664
2022-10-02,33.996360000875,-117.4924,15.6,63.0,Mira Loma (Van Buren),19.932750354166668,71.29650820833334,10.263486083333333,1012.3874999999999,0.0,5.708333333333333
2022-10-03,33.996360000875,-117.4924,14.1,60.0,Mira Loma (Van Buren),21.251500208333333,72.34823729166666,8.8650638625,1014.0500000000001,0.0,23.416666666666668
2022-10-04,33.996360000875,-117.4924,17.2,66.0,Mira Loma (Van Buren),22.51816666666667,69.62328166666667,9.163330295833333,1013.0333333333333,0.0,1.2916666666666667
2022-10-05,33.996360000875,-117.4924,17.9,67.0,Mira Loma (Van Buren),22.489000166666667,73.34701066666666,9.1188012375,1013.4791666666666,0.0,38.708333333333336
2022-10-06,33.996360000875,-117.4924,22.6,76.0,Mira Loma (Van Buren),21.701500291666665,75.67212425,8.663989879166666,1015.2083333333334,0.0,46.416666666666664
2022-10-07,33.996360000875,-117.4924,23.6,78.0,Mira Loma (Van Buren),21.611916875000002,74.36298429166666,10.208938283333334,1016.1625,0.0,42.291666666666664
2022-10-08,33.996360000875,-117.4924,16.2,64.0,Mira Loma (Van Buren),22.518167000000002,71.02212345833333,7.94027785,1016.5291666666667,0.04583333333333334,27.041666666666668
2022-10-09,33.996360000875,-117.4924,12.7,58.0,Mira Loma (Van Buren),22.791083666666665,66.50328725,8.393182229166667,1015.9625,0.0,18.791666666666668
2022-10-10,33.996360000875,-117.4924,15.7,63.0,Mira Loma (Van Buren),21.299416875000002,72.56955745833334,8.144624666666667,1014.8916666666668,0.0,43.541666666666664
2022-10-11,33.996360000875,-117.4924,17.1,66.0,Mira Loma (Van Buren),20.4598335,73.27306929166666,6.938883274999999,1014.2416666666667,0.0,46.333333333333336
2022-10-12,33.996360000875,-117.4924,19.1,70.0,Mira Loma (Van Buren),21.284833416666668,71.49835404166667,8.060774204166666,1016.7875,0.029166666666666664,53.375
2022-10-13,33.996360000875,-117.4924,30.7,91.0,Mira Loma (Van Buren),20.457750208333334,76.89463587499999,9.227877614999999,1016.0749999999999,0.0,55.166666666666664
2022-10-14,33.996360000875,-117.4924,25.5,82.0,Mira Loma (Van Buren),19.034833395833335,80.08210566666666,8.147954041666667,1011.6583333333333,0.0,58.416666666666664
2022-10-15,33.996360000875,-117.4924,6.5,36.0,Mira Loma (Van Buren),18.543166833333334,77.57887916666667,9.629181808333334,1011.2916666666666,0.024999999999999998,80.41666666666667
2022-10-16,33.996360000875,-117.4924,14.1,60.0,Mira Loma (Van Buren),18.524416875,76.32771258333334,8.289188512499999,1014.475,0.0625,84.33333333333333
2022-10-17,33.996360000875,-117.4924,18.2,68.0,Mira Loma (Van Buren),19.193166854166666,72.64314966666667,7.167510675,1016.0833333333334,0.0,1.0833333333333333
2022-10-18,33.996360000875,-117.4924,10.9,54.0,Mira Loma (Van Buren),22.59733316666667,57.33744866666667,6.445313516666666,1014.6416666666668,0.0,9.666666666666666
2022-10-19,33.996360000875,-117.4924,8.0,44.0,Mira Loma (Van Buren),25.182749958333332,34.79616279166667,7.218417850000001,1014.9458333333333,0.0,0.0
2022-10-20,33.996360000875,-117.4924,8.5,47.0,Mira Loma (Van Buren),25.224416541666667,30.623670166666667,7.189018366666667,1013.9041666666667,0.0,47.083333333333336
2022-10-21,33.996360000875,-117.4924,12.4,57.0,Mira Loma (Van Buren),22.618166666666667,45.628219541666674,8.525389695833333,1011.9375,0.0,0.5416666666666666
2022-10-22,33.996360000875,-117.4924,10.4,53.0,Mira Loma (Van Buren),19.414000083333335,75.92152554166667,9.064701270833334,1010.1166666666667,0.012500000000000002,50.5
2022-10-23,33.996360000875,-117.4924,8.2,46.0,Mira Loma (Van Buren),17.357750208333332,68.05128104166667,10.007914241666667,1008.7375000000001,0.012500000000000002,59.791666666666664
2022-10-24,33.996360000875,-117.4924,4.0,22.0,Mira Loma (Van Buren),17.386916895833334,41.64127311666667,12.819819162500002,1017.1041666666666,0.0,5.208333333333333
2022-10-25,33.996360000875,-117.4924,8.4,47.0,Mira Loma (Van Buren),17.341083583333333,29.090609916666665,7.409169599999999,1019.35,0.0,0.0
2022-10-26,33.996360000875,-117.4924,11.2,55.0,Mira Loma (Van Buren),16.714000125000002,53.207843708333336,6.969569628333333,1014.8291666666668,0.0,27.041666666666668
2022-10-27,33.996360000875,-117.4924,14.1,60.0,Mira Loma (Van Buren),16.768166812500002,69.90526491666667,5.967547908333334,1014.6625,0.0,24.541666666666668
2022-10-28,33.996360000875,-117.4924,13.0,58.0,Mira Loma (Van Buren),18.172333541666667,37.85583379166667,6.347394945833333,1018.4375,0.0,12.25
2022-10-29,33.996360000875,-117.4924,19.1,70.0,Mira Loma (Van Buren),18.064000208333333,58.70851266666667,7.637754228333333,1018.9583333333334,0.0,10.833333333333334
2022-10-30,33.996360000875,-117.4924,17.0,66.0,Mira Loma (Van Buren),19.18275025,32.9974445,8.201350220833334,1015.6291666666666,0.0,37.791666666666664
2022-10-31,33.996360000875,-117.4924,13.4,59.0,Mira Loma (Van Buren),19.7140001875,32.74591555,8.632053533333334,1012.775,0.0,27.0
2022-11-01,33.996360000875,-117.4924,15.9,64.0,Mira Loma (Van Buren),18.930667083333333,52.907200958333334,7.096137348749999,1011.5625,0.0,65.75
2022-11-02,33.996360000875,-117.4924,5.0,28.0,Mira Loma (Van Buren),16.020250375,67.95600033333334,9.300356945833334,1014.9583333333334,0.11666666666666665,61.958333333333336
2022-11-03,33.996360000875,-117.4924,4.2,23.0,Mira Loma (Van Buren),12.111916979166667,65.56480345833333,6.7869263,1016.0958333333333,0.008333333333333333,8.708333333333334
2022-11-04,33.996360000875,-117.4924,10.4,53.0,Mira Loma (Van Buren),11.201500170833334,55.77174229166667,7.191795540416667,1022.8083333333334,0.0,48.0
2022-11-05,33.996360000875,-117.4924,15.7,63.0,Mira Loma (Van Buren),12.930666858333334,51.08132466666667,6.622847720833334,1019.6208333333334,0.0,51.583333333333336
2022-11-06,33.996360000875,-117.4924,16.3,64.0,Mira Loma (Van Buren),13.986917166666666,57.23152483333333,5.9533467625,1013.1999999999999,0.0,0.25
2022-11-07,33.996360000875,-117.4924,7.9,44.0,Mira Loma (Van Buren),15.0035835625,78.15885725,7.3748345862499995,1013.8916666666668,0.0375,71.5
2022-11-08,33.996360000875,-117.4924,2.2,12.0,Mira Loma (Van Buren),14.574416874999999,87.19501520833334,10.992933641666667,1012.5500000000001,0.6083333333333333,87.79166666666667
2022-11-09,33.996360000875,-117.4924,3.5,19.0,Mira Loma (Van Buren),11.795250229166667,84.26456383333333,9.590620604166666,1014.8416666666667,0.7791666666666667,66.5
2022-11-10,33.996360000875,-117.4924,9.5,52.0,Mira Loma (Van Buren),10.914000074999999,70.02969804166666,6.6752484333333335,1019.9708333333333,0.0,4.875
2022-11-11,33.996360000875,-117.4924,5.3,29.0,Mira Loma (Van Buren),11.851500066666667,55.460079125,8.352647833333334,1018.8125,0.0,46.291666666666664
2022-11-12,33.996360000875,-117.4924,20.9,73.0,Mira Loma (Van Buren),11.4285834,54.86254304166667,5.662165216666666,1017.4125,0.0,17.041666666666668
2022-11-13,33.996360000875,-117.4924,19.9,71.0,Mira Loma (Van Buren),10.753583541666666,70.25119875,5.231776499166666,1016.1583333333333,0.0,2.75
2022-11-14,33.996360000875,-117.4924,10.3,53.0,Mira Loma (Van Buren),11.126500108333333,56.801189416666666,6.2557290375,1018.9333333333334,0.0,1.9583333333333333
2022-11-15,33.996360000875,-117.4924,5.6,31.0,Mira Loma (Van Buren),12.320250054166666,53.475362125000004,10.729980979166667,1019.4416666666666,0.0,0.0
2022-11-16,33.996360000875,-117.4924,5.5,31.0,Mira Loma (Van Buren),16.093166854166665,19.697959125,29.22527279166667,1022.6791666666667,0.0,0.0
2022-11-17,33.996360000875,-117.4924,4.7,26.0,Mira Loma (Van Buren),15.016083541666667,26.09734320833333,10.329546525,1022.8874999999999,0.0,10.083333333333334
2022-11-18,33.996360000875,-117.4924,9.1,51.0,Mira Loma (Van Buren),13.461916966666665,40.616435625,5.6291611999999995,1016.2958333333332,0.0,23.166666666666668
2022-11-19,33.996360000875,-117.4924,5.1,28.0,Mira Loma (Van Buren),14.907750229166666,29.2278190625,23.028579295833335,1016.6291666666666,0.0,0.0
2022-11-20,33.996360000875,-117.4924,6.7,37.0,Mira Loma (Van Buren),15.176500270833335,19.5080665625,14.740927229166667,1020.7208333333333,0.0,0.0
2022-11-21,33.996360000875,-117.4924,9.3,51.0,Mira Loma (Van Buren),14.399416891666666,25.343269733333333,9.499132854166666,1019.9833333333332,0.0,26.333333333333332
2022-11-22,33.996360000875,-117.4924,11.8,56.0,Mira Loma (Van Buren),14.166083408333334,24.846305,6.6478918,1018.4875000000001,0.0,76.375
2022-11-23,33.996360000875,-117.4924,16.3,64.0,Mira Loma (Van Buren),12.939000116666667,30.21354560416667,7.413745804166666,1017.8583333333332,0.0,13.416666666666666
2022-11-24,33.996360000875,-117.4924,3.4,19.0,Mira Loma (Van Buren),16.561916874999998,24.477824441666666,12.941437275,1019.9333333333334,0.0,30.5
2022-11-25,33.996360000875,-117.4924,8.6,48.0,Mira Loma (Van Buren),15.899416791666667,16.227622916666665,9.816765845833332,1024.1541666666667,0.0,20.916666666666668
2022-11-26,33.996360000875,-117.4924,16.6,65.0,Mira Loma (Van Buren),13.782750154166669,25.191036291666666,6.6680356,1020.8208333333333,0.0,3.7916666666666665
2022-11-27,33.996360000875,-117.4924,20.2,72.0,Mira Loma (Van Buren),13.853583545833333,40.936748125,6.4785995875,1017.6374999999999,0.0,6.541666666666667
2022-11-28,33.996360000875,-117.4924,18.9,69.0,Mira Loma (Van Buren),12.62650025,68.79814870833333,6.497578462500001,1014.8416666666667,0.0,84.08333333333333
2022-11-29,33.996360000875,-117.4924,10.3,53.0,Mira Loma (Van Buren),13.201500395833333,71.10246425,7.5080840625,1013.2791666666667,0.020833333333333332,77.04166666666667
2022-11-30,33.996360000875,-117.4924,12.0,56.0,Mira Loma (Van Buren),11.170250075,77.24957966666666,5.44629905,1016.1083333333332,0.0,15.458333333333334
2022-12-01,33.996360000875,-117.4924,5.6,31.0,Mira Loma (Van Buren),11.341083625000001,76.777581375,6.387309745833334,1016.6166666666667,0.016666666666666666,73.95833333333333
2022-12-02,33.996360000875,-117.4924,9.6,52.0,Mira Loma (Van Buren),12.0577503125,71.17946329166666,5.999286587499999,1019.4916666666667,0.025000000000000005,99.83333333333333
2022-12-03,33.996360000875,-117.4924,15.1,62.0,Mira Loma (Van Buren),13.9785835625,65.79461645833334,5.927263929166667,1018.5666666666666,0.004166666666666667,95.45833333333333
2022-12-04,33.996360000875,-117.4924,15.8,63.0,Mira Loma (Van Buren),13.1181669375,81.56422208333333,6.4749705791666665,1019.2833333333333,0.0,78.83333333333333
2022-12-05,33.996360000875,-117.4924,6.2,34.0,Mira Loma (Van Buren),13.534833645833332,83.61424779166667,5.655138708333333,1017.3583333333332,0.22083333333333333,90.125
2022-12-06,33.996360000875,-117.4924,9.7,52.0,Mira Loma (Van Buren),10.65566675,77.441626875,5.859994620833334,1016.8541666666666,0.0,76.5
2022-12-07,33.996360000875,-117.4924,9.2,51.0,Mira Loma (Van Buren),10.068166825,76.66329191666667,5.974748679166667,1020.2791666666667,0.07083333333333335,42.166666666666664
2022-12-08,33.996360000875,-117.4924,16.5,65.0,Mira Loma (Van Buren),9.2077500375,71.32544424999999,5.9317515125,1025.1166666666666,0.0,1.5833333333333333
2022-12-09,33.996360000875,-117.4924,15.7,63.0,Mira Loma (Van Buren),9.35775005,68.17677920833333,5.733830808333334,1022.0666666666666,0.0,10.541666666666666
2022-12-10,33.996360000875,-117.4924,15.9,64.0,Mira Loma (Van Buren),9.759833495833332,72.76260679166667,6.052971395833333,1020.0625,0.0,30.666666666666668
2022-12-11,33.996360000875,-117.4924,5.6,31.0,Mira Loma (Van Buren),11.23483375,89.915573875,10.358008604166667,1015.3333333333334,0.9250000000000002,79.41666666666667
2022-12-12,33.996360000875,-117.4924,7.9,44.0,Mira Loma (Van Buren),6.943166625,85.47968533333334,5.077829470833334,1012.7624999999999,0.30416666666666664,54.333333333333336
2022-12-13,33.996360000875,-117.4924,13.1,58.0,Mira Loma (Van Buren),6.8952500458333335,79.16149754166666,4.284604795833333,1016.0291666666667,0.0,22.0
2022-12-14,33.996360000875,-117.4924,18.5,69.0,Mira Loma (Van Buren),7.2535832708333325,68.715575875,6.125997925,1021.2541666666666,0.0,6.958333333333333
2022-12-15,33.996360000875,-117.4924,17.5,67.0,Mira Loma (Van Buren),7.920250129166667,63.488007,4.879015191666666,1021.0083333333333,0.0,67.375
2022-12-16,33.996360000875,-117.4924,4.1,23.0,Mira Loma (Van Buren),10.791083395833333,53.469788083333334,9.446807975,1019.8000000000001,0.0,96.16666666666667
2022-12-17,33.996360000875,-117.4924,10.7,54.0,Mira Loma (Van Buren),9.5369166625,47.50906454166667,12.757051416666668,1018.5708333333333,0.0,45.541666666666664
2022-12-18,33.996360000875,-117.4924,21.2,74.0,Mira Loma (Van Buren),9.130666720833334,59.00247816666666,6.166609879166667,1015.3708333333334,0.0,54.541666666666664
2022-12-19,33.996360000875,-117.4924,25.8,82.0,Mira Loma (Van Buren),8.561916770833333,64.36613016666666,5.5957434375,1021.2458333333334,0.0,1.0
2022-12-20,33.996360000875,-117.4924,23.2,77.0,Mira Loma (Van Buren),10.351500145833333,52.56884625,5.263522207083334,1024.2833333333333,0.0,67.91666666666667
2022-12-21,33.996360000875,-117.4924,20.0,71.0,Mira Loma (Van Buren),11.320250170833333,52.284236666666665,6.733521941666666,1020.8208333333333,0.0,1.5833333333333333
2022-12-22,33.996360000875,-117.4924,19.4,70.0,Mira Loma (Van Buren),12.770250175000001,51.96033020833334,5.639568649166667,1018.1333333333333,0.0,85.125
2022-12-23,33.996360000875,-117.4924,30.9,92.0,Mira Loma (Van Buren),12.868166775,55.22815375,5.9311370125,1019.3000000000001,0.0,38.666666666666664
2022-12-24,33.996360000875,-117.4924,28.2,87.0,Mira Loma (Van Buren),14.168166791666666,53.425112750000004,6.9567190375,1022.4125,0.0,1.4166666666666667
2022-12-25,33.996360000875,-117.4924,20.0,71.0,Mira Loma (Van Buren),16.701500291666665,39.94154079166667,8.194619220833333,1022.2166666666667,0.0,24.916666666666668
2022-12-26,33.996360000875,-117.4924,17.1,66.0,Mira Loma (Van Buren),17.191083625,41.29989320833334,7.470215470833334,1019.4333333333334,0.0,54.0
2022-12-27,33.996360000875,-117.4924,14.9,62.0,Mira Loma (Van Buren),16.24525025,46.74135583333333,6.6712475375,1016.975,0.0,93.95833333333333
2022-12-28,33.996360000875,-117.4924,13.9,60.0,Mira Loma (Van Buren),12.311917125,84.884603,6.169843907083333,1012.8208333333333,0.4291666666666667,80.08333333333333
2022-12-29,33.996360000875,-117.4924,8.5,47.0,Mira Loma (Van Buren),11.611917020833333,83.41323154166666,4.603388016666667,1014.8583333333332,0.016666666666666666,92.875
2022-12-30,33.996360000875,-117.4924,8.7,48.0,Mira Loma (Van Buren),11.609833666666667,79.11228608333333,4.032512883333333,1018.3958333333334,0.0,94.45833333333333
2022-12-31,33.996360000875,-117.4924,7.6,42.0,Mira Loma (Van Buren),12.601500291666667,90.123799125,3.1408665916666667,1017.8041666666667,0.125,100.0
2023-01-01,33.996360000875,-117.4924,7.8,43.0,Mira Loma (Van Buren),12.699417104166665,85.71671995833333,11.4723933375,1007.975,1.5041666666666667,76.625
2023-01-02,33.996360000875,-117.4924,12.1,57.0,Mira Loma (Van Buren),9.011916708333333,85.61738266666667,6.738813079166667,1012.6208333333334,0.012500000000000002,63.25
2023-01-03,33.996360000875,-117.4924,5.8,32.0,Mira Loma (Van Buren),10.016083666666667,85.73113000000001,6.906494670833333,1017.4333333333334,0.2791666666666667,98.75
2023-01-04,33.996360000875,-117.4924,7.8,43.0,Mira Loma (Van Buren),13.257750187500001,86.73527833333333,8.6368855125,1018.9458333333333,0.13333333333333333,96.25
2023-01-05,33.996360000875,-117.4924,3.4,19.0,Mira Loma (Van Buren),12.255666875000001,93.93131908333334,8.66715424875,1017.8458333333333,1.2916666666666667,92.375
2023-01-06,33.996360000875,-117.4924,9.8,52.0,Mira Loma (Van Buren),9.728583541666668,87.31825745833333,6.478322945833334,1022.6916666666666,0.09999999999999999,44.083333333333336
2023-01-07,33.996360000875,-117.4924,19.7,71.0,Mira Loma (Van Buren),10.4306667875,67.13003379166666,6.605157691666666,1021.4375,0.0,61.375
2023-01-08,33.996360000875,-117.4924,21.5,74.0,Mira Loma (Van Buren),11.074416816666668,69.51318041666667,4.8560503125,1021.1416666666668,0.012499999999999999,84.66666666666667
2023-01-09,33.996360000875,-117.4924,11.4,55.0,Mira Loma (Van Buren),12.476500291666667,73.62509629166667,5.803514370833334,1020.6,0.020833333333333332,99.91666666666667
2023-01-10,33.996360000875,-117.4924,4.2,23.0,Mira Loma (Van Buren),12.443166895833334,92.00278616666667,11.9221385125,1017.4833333333332,2.8541666666666665,99.83333333333333
2023-01-11,33.996360000875,-117.4924,12.2,57.0,Mira Loma (Van Buren),9.205666720833333,89.20071970833334,5.122038145833334,1022.0124999999999,0.05416666666666666,90.70833333333333
2023-01-12,33.996360000875,-117.4924,6.3,35.0,Mira Loma (Van Buren),11.239000141666667,70.034355375,7.953444795833334,1023.0416666666666,0.0,81.29166666666667
2023-01-13,33.996360000875,-117.4924,14.7,61.0,Mira Loma (Van Buren),12.126500154166665,62.45858375,7.4208248125,1021.1541666666667,0.0,99.95833333333333
2023-01-14,33.996360000875,-117.4924,16.8,65.0,Mira Loma (Van Buren),10.145250416666666,82.02845816666667,5.381431729166667,1016.8625000000001,0.6416666666666667,84.91666666666667
2023-01-15,33.996360000875,-117.4924,5.2,29.0,Mira Loma (Van Buren),10.422333604166667,93.39165979166667,9.436804087499999,1010.6,0.9625,93.5
2023-01-16,33.996360000875,-117.4924,1.9,11.0,Mira Loma (Van Buren),10.5577501875,90.09425683333332,11.161836079166667,1008.0625,1.5625,84.83333333333333
2023-01-17,33.996360000875,-117.4924,4.5,25.0,Mira Loma (Van Buren),8.722333466666667,79.71609533333334,8.4732910125,1011.1958333333333,0.0625,30.041666666666668
2023-01-18,33.996360000875,-117.4924,11.2,55.0,Mira Loma (Van Buren),7.528583383333333,73.74632370833334,5.744383249999999,1018.9333333333334,0.0,22.541666666666668
2023-01-19,33.996360000875,-117.4924,13.4,59.0,Mira Loma (Van Buren),8.236916779166666,74.02755320833333,6.522640227916667,1020.9583333333334,0.0,42.333333333333336
2023-01-20,33.996360000875,-117.4924,7.2,40.0,Mira Loma (Van Buren),9.147333429166666,66.34403891666666,7.893352120833334,1020.5,0.0,26.958333333333332
2023-01-21,33.996360000875,-117.4924,8.9,49.0,Mira Loma (Van Buren),7.445250112499999,60.00130904166667,6.7279721666666665,1025.5833333333333,0.0,0.5833333333333334
2023-01-22,33.996360000875,-117.4924,14.6,61.0,Mira Loma (Van Buren),7.8702501625,61.57926441666667,5.867211983333333,1020.3208333333333,0.0,23.833333333333332
2023-01-23,33.996360000875,-117.4924,15.0,62.0,Mira Loma (Van Buren),9.484833570833333,44.69119954166666,13.5374740125,1014.9833333333332,0.0,9.458333333333334
2023-01-24,33.996360000875,-117.4924,6.5,36.0,Mira Loma (Van Buren),8.578583366666667,53.225021875,6.625731537499999,1023.3833333333333,0.0,0.0
2023-01-25,33.996360000875,-117.4924,6.6,37.0,Mira Loma (Van Buren),10.318166775,54.03689533333333,9.357144058333335,1025.4666666666667,0.0,0.0
2023-01-26,33.996360000875,-117.4924,25.1,81.0,Mira Loma (Van Buren),11.761916670833335,42.846004625,14.276739308333333,1026.4458333333334,0.0,0.0
2023-01-27,33.996360000875,-117.4924,10.9,54.0,Mira Loma (Van Buren),10.007750058333334,53.187796416666664,6.114716320833334,1023.975,0.0,0.0
2023-01-28,33.996360000875,-117.4924,17.5,67.0,Mira Loma (Van Buren),9.476500037500001,64.50727320833333,6.8151343625,1015.4125,0.0,8.875
2023-01-29,33.996360000875,-117.4924,8.3,46.0,Mira Loma (Van Buren),9.845250195833334,84.14773095833333,7.248716966666667,1014.0833333333334,0.10833333333333334,69.95833333333333
2023-01-30,33.996360000875,-117.4924,2.2,12.0,Mira Loma (Van Buren),8.997333304166666,81.18533616666667,8.887279979166665,1013.6625,0.49166666666666664,82.79166666666667
2023-01-31,33.996360000875,-117.4924,2.9,16.0,Mira Loma (Van Buren),10.134833445833333,40.287183541666664,17.438166741666667,1016.7458333333334,0.004166666666666667,26.541666666666668
2023-02-01,33.996360000875,-117.4924,5.8,32.0,Mira Loma (Van Buren),9.557750033333333,40.550467625,9.521229462500001,1020.0541666666667,0.0,0.0
2023-02-02,33.996360000875,-117.4924,11.3,55.0,Mira Loma (Van Buren),10.222333425,53.80177795833333,6.198607133333333,1024.5416666666667,0.0,38.0
2023-02-03,33.996360000875,-117.4924,14.3,61.0,Mira Loma (Van Buren),12.336916912500001,52.002088125,6.100096954166666,1023.9875000000001,0.0,96.08333333333333
2023-02-04,33.996360000875,-117.4924,25.4,81.0,Mira Loma (Van Buren),12.168166724999999,58.49813708333334,6.4609910375,1020.9875000000001,0.0,39.125
2023-02-05,33.996360000875,-117.4924,21.5,74.0,Mira Loma (Van Buren),11.9910835,70.34866266666667,6.356805336250001,1021.75,0.0,46.041666666666664
2023-02-06,33.996360000875,-117.4924,4.5,25.0,Mira Loma (Van Buren),10.951500099999999,72.53523283333332,6.9657956,1021.8208333333333,0.008333333333333333,37.666666666666664
2023-02-07,33.996360000875,-117.4924,2.8,16.0,Mira Loma (Van Buren),12.120250141666666,42.104640958333334,8.528735845833333,1023.5833333333334,0.0,2.375
2023-02-08,33.996360000875,-117.4924,8.8,49.0,Mira Loma (Van Buren),12.251500054166668,49.73114841666666,6.496423266666667,1023.7291666666666,0.0,46.583333333333336
2023-02-09,33.996360000875,-117.4924,6.3,35.0,Mira Loma (Van Buren),14.682750195833334,43.28512539583334,9.891462754166666,1022.6999999999999,0.0,0.0
2023-02-10,33.996360000875,-117.4924,4.9,27.0,Mira Loma (Van Buren),16.036916791666666,22.818860229166663,13.469704083333333,1021.4791666666666,0.0,13.958333333333334
2023-02-11,33.996360000875,-117.4924,9.9,52.0,Mira Loma (Van Buren),14.397333520833334,31.121235,8.158812345833333,1014.2416666666667,0.0,64.66666666666667
2023-02-12,33.996360000875,-117.4924,9.9,52.0,Mira Loma (Van Buren),10.084833654166667,69.130063625,7.4058074125,1013.0583333333334,0.09166666666666667,47.916666666666664
2023-02-13,33.996360000875,-117.4924,6.5,36.0,Mira Loma (Van Buren),9.776499995833333,70.94215466666667,8.895671591666668,1012.8583333333332,0.004166666666666667,62.583333333333336
2023-02-14,33.996360000875,-117.4924,10.2,53.0,Mira Loma (Van Buren),11.253583520833333,72.96667675,10.682488878333332,1013.2916666666666,0.11666666666666665,73.25
2023-02-15,33.996360000875,-117.4924,4.1,23.0,Mira Loma (Van Buren),7.866083483333334,50.12704627083334,9.451652733333333,1015.8000000000001,0.03333333333333333,17.625
2023-02-16,33.996360000875,-117.4924,4.3,24.0,Mira Loma (Van Buren),7.895250085,37.9171525625,8.8570021375,1024.2625,0.0,36.833333333333336
2023-02-17,33.996360000875,-117.4924,3.8,21.0,Mira Loma (Van Buren),10.003583258333334,34.779024375,8.512768750000001,1019.6625,0.0,100.0
2023-02-18,33.996360000875,-117.4924,12.0,56.0,Mira Loma (Van Buren),10.714000170833332,37.58240577083333,7.480372725,1016.3541666666666,0.0,86.70833333333333
2023-02-19,33.996360000875,-117.4924,14.3,61.0,Mira Loma (Van Buren),11.924416729166666,36.292522625,8.230807262499999,1016.5958333333333,0.0,14.125
2023-02-20,33.996360000875,-117.4924,13.0,58.0,Mira Loma (Van Buren),13.614000016666667,50.33855041666666,8.239751495833334,1018.5500000000001,0.0,19.166666666666668
2023-02-21,33.996360000875,-117.4924,12.8,58.0,Mira Loma (Van Buren),14.147333549999999,42.61215958333333,9.233510591666667,1012.6583333333333,0.0,41.041666666666664
2023-02-22,33.996360000875,-117.4924,4.7,26.0,Mira Loma (Van Buren),10.053583545833334,52.985698041666666,21.022765708333335,1006.2083333333334,0.020833333333333332,40.333333333333336
2023-02-23,33.996360000875,-117.4924,2.9,16.0,Mira Loma (Van Buren),6.593166783333333,74.73818837500001,9.976620737500001,1014.4958333333334,0.29583333333333334,75.54166666666667
2023-02-24,33.996360000875,-117.4924,2.6,14.0,Mira Loma (Van Buren),6.453583370833333,85.169474625,8.752832191666666,1017.7666666666668,0.39166666666666666,89.04166666666667
2023-02-25,33.996360000875,-117.4924,2.7,15.0,Mira Loma (Van Buren),7.649416850000001,92.37683241666667,10.215768658333333,1013.4416666666666,2.029166666666667,98.91666666666667
2023-02-26,33.996360000875,-117.4924,8.0,44.0,Mira Loma (Van Buren),5.389000095833333,87.30438533333334,5.0952783875,1017.9625,0.2916666666666667,77.16666666666667
2023-02-27,33.996360000875,-117.4924,12.5,57.0,Mira Loma (Van Buren),6.678583416666666,78.55182491666666,5.528468075,1021.6291666666666,0.029166666666666664,86.04166666666667
2023-02-28,33.996360000875,-117.4924,4.9,27.0,Mira Loma (Van Buren),8.67650005,88.15516141666666,5.287145357083333,1018.4833333333332,0.39166666666666666,94.75
2023-03-01,33.996360000875,-117.4924,2.0,11.0,Mira Loma (Van Buren),8.539000141666667,81.12876341666667,16.194925641666668,1010.0625,0.8624999999999999,91.29166666666667
2023-03-02,33.996360000875,-117.4924,7.5,42.0,Mira Loma (Van Buren),6.424416717083333,60.353210958333335,8.293302325,1015.0541666666667,0.0,19.166666666666668
2023-03-03,33.996360000875,-117.4924,15.6,63.0,Mira Loma (Van Buren),8.711916904166666,75.82955775,6.521417575,1017.3791666666666,0.0,2.0
2023-03-04,33.996360000875,-117.4924,16.4,65.0,Mira Loma (Van Buren),9.291083470833334,79.11434104166666,6.930098570833334,1014.5416666666666,0.0,49.208333333333336
2023-03-05,33.996360000875,-117.4924,9.7,52.0,Mira Loma (Van Buren),9.893166904166668,74.70182975,10.082738858333334,1017.8333333333334,0.0,95.625
2023-03-06,33.996360000875,-117.4924,4.3,24.0,Mira Loma (Van Buren),10.455666958333333,77.680904,8.4827259875,1020.275,0.08333333333333333,87.79166666666667
2023-03-07,33.996360000875,-117.4924,7.0,39.0,Mira Loma (Van Buren),9.41608355,71.775858125,6.976211825,1020.4416666666666,0.0,76.04166666666667
2023-03-08,33.996360000875,-117.4924,10.5,54.0,Mira Loma (Van Buren),9.097333354166667,73.20475529166667,5.541015745833334,1020.1541666666667,0.0,66.25
2023-03-09,33.996360000875,-117.4924,13.9,60.0,Mira Loma (Van Buren),10.618166862499999,72.99112995833333,6.187631670833333,1019.5375,0.0,76.79166666666667
2023-03-10,33.996360000875,-117.4924,9.5,52.0,Mira Loma (Van Buren),11.834833625,82.80115991666666,7.4390747,1018.6458333333334,0.39166666666666666,98.08333333333333
2023-03-11,33.996360000875,-117.4924,5.1,28.0,Mira Loma (Van Buren),12.895250375000002,94.49706954166668,4.246618854166667,1017.5625,0.6166666666666667,99.95833333333333
2023-03-12,33.996360000875,-117.4924,6.3,35.0,Mira Loma (Van Buren),15.1181670625,86.71034020833333,7.7432984708333334,1019.2416666666667,0.024999999999999998,88.66666666666667
2023-03-13,33.996360000875,-117.4924,11.9,56.0,Mira Loma (Van Buren),14.466083520833335,82.230435875,7.612284891666667,1020.0041666666666,0.0,92.0
2023-03-14,33.996360000875,-117.4924,13.3,59.0,Mira Loma (Van Buren),13.686916895833333,89.37010725,6.7622420875,1017.9041666666667,0.14583333333333334,99.54166666666667
2023-03-15,33.996360000875,-117.4924,4.0,22.0,Mira Loma (Van Buren),13.570250416666667,94.25008116666667,7.681029954166667,1013.9916666666667,2.1083333333333334,100.0
2023-03-16,33.996360000875,-117.4924,6.7,37.0,Mira Loma (Van Buren),12.151500291666666,85.13323212499999,8.171453541666667,1016.1708333333332,0.016666666666666666,87.70833333333333
2023-03-17,33.996360000875,-117.4924,16.6,65.0,Mira Loma (Van Buren),12.3848338125,77.23348966666667,4.9412937999999995,1017.1875,0.0,67.125
2023-03-18,33.996360000875,-117.4924,7.6,42.0,Mira Loma (Van Buren),14.345250270833333,64.131917625,8.348403354166667,1016.6333333333333,0.0,64.0
2023-03-19,33.996360000875,-117.4924,9.0,50.0,Mira Loma (Van Buren),14.614000145833332,63.697810833333335,6.415521441666667,1015.5166666666668,0.029166666666666664,100.0
2023-03-20,33.996360000875,-117.4924,5.5,31.0,Mira Loma (Van Buren),12.7723336875,84.93141516666667,7.202179729166667,1013.5875,0.07083333333333333,99.20833333333333
2023-03-21,33.996360000875,-117.4924,4.2,23.0,Mira Loma (Van Buren),11.118166854166667,84.45354270833333,12.512968875,1009.6666666666666,1.2416666666666667,92.125
2023-03-22,33.996360000875,-117.4924,3.3,18.0,Mira Loma (Van Buren),9.605666775,83.66146425,9.703231416666666,1013.3208333333333,0.625,72.45833333333333
2023-03-23,33.996360000875,-117.4924,6.8,38.0,Mira Loma (Van Buren),9.274416816666667,87.04938120833333,4.917349175,1021.6374999999999,0.15,90.75
2023-03-24,33.996360000875,-117.4924,6.4,36.0,Mira Loma (Van Buren),10.6056668625,77.368264125,6.9699993875,1022.9708333333333,0.012500000000000002,39.041666666666664
2023-03-25,33.996360000875,-117.4924,9.5,52.0,Mira Loma (Van Buren),10.541083395833333,73.09770616666667,8.057182366666666,1020.2416666666667,0.0,7.541666666666667
2023-03-26,33.996360000875,-117.4924,12.3,57.0,Mira Loma (Van Buren),10.049416695833333,67.63831545833334,8.716914804166667,1018.6541666666667,0.0,33.75
2023-03-27,33.996360000875,-117.4924,3.9,22.0,Mira Loma (Van Buren),11.676500258333334,49.79003191666666,12.356421062499999,1020.4125,0.0,57.125
2023-03-28,33.996360000875,-117.4924,8.1,45.0,Mira Loma (Van Buren),12.6702501125,52.76705758333333,7.795607970833333,1018.7958333333332,0.0,32.083333333333336
2023-03-29,33.996360000875,-117.4924,6.0,33.0,Mira Loma (Van Buren),10.957750195833334,78.98134720833333,8.369957095833334,1015.1333333333333,0.4875,67.58333333333333
2023-03-30,33.996360000875,-117.4924,4.3,24.0,Mira Loma (Van Buren),8.9952500375,76.52998479166666,7.648040391666666,1013.5583333333334,0.43333333333333335,66.29166666666667
2023-03-31,33.996360000875,-117.4924,8.9,49.0,Mira Loma (Van Buren),9.351500008333334,76.2476615,6.1981545208333335,1020.6458333333334,0.008333333333333333,43.833333333333336
2023-04-01,33.996360000875,-117.4924,12.8,58.0,Mira Loma (Van Buren),12.4765001625,70.6456375,7.538631404166666,1020.2416666666667,0.0,35.166666666666664
2023-04-02,33.996360000875,-117.4924,10.5,54.0,Mira Loma (Van Buren),12.034833420833335,70.22135945833334,7.715164383333334,1018.7791666666667,0.0,6.791666666666667
2023-04-03,33.996360000875,-117.4924,4.0,22.0,Mira Loma (Van Buren),12.161916937500001,73.863413625,13.6592626375,1013.6958333333333,0.029166666666666664,42.458333333333336
2023-04-04,33.996360000875,-117.4924,3.7,21.0,Mira Loma (Van Buren),9.191083558333334,41.2074505,12.155597795833332,1017.2583333333333,0.0,0.2916666666666667
2023-04-05,33.996360000875,-117.4924,8.9,49.0,Mira Loma (Van Buren),10.6702501125,58.940794000000004,7.926815770833333,1019.6208333333334,0.0,30.0
2023-04-06,33.996360000875,-117.4924,9.4,52.0,Mira Loma (Van Buren),13.205666745833334,52.50723570833333,8.312615520833333,1018.1291666666666,0.0,24.375
2023-04-07,33.996360000875,-117.4924,10.9,54.0,Mira Loma (Van Buren),14.159833604166666,51.46435841666667,7.910499825,1016.6791666666667,0.0,46.708333333333336
2023-04-08,33.996360000875,-117.4924,12.9,58.0,Mira Loma (Van Buren),14.393167,64.20436854166667,6.790619945833334,1017.2708333333334,0.0,83.95833333333333
2023-04-09,33.996360000875,-117.4924,13.3,59.0,Mira Loma (Van Buren),14.909833604166666,76.074060625,7.6435366875,1018.6083333333332,0.0,35.666666666666664
2023-04-10,33.996360000875,-117.4924,18.2,68.0,Mira Loma (Van Buren),18.1910835,66.19454170833333,8.072008479166668,1016.6333333333333,0.0,1.3333333333333333
2023-04-11,33.996360000875,-117.4924,18.9,69.0,Mira Loma (Van Buren),16.693166979166666,71.9898245,8.068324016666667,1015.7416666666667,0.0,29.625
2023-04-12,33.996360000875,-117.4924,17.5,67.0,Mira Loma (Van Buren),14.899416916666667,77.82471104166667,9.1260896375,1012.3708333333334,0.0,84.45833333333333
2023-04-13,33.996360000875,-117.4924,4.2,23.0,Mira Loma (Van Buren),13.514000375,80.27805233333333,12.076698116666668,1009.0083333333333,0.13333333333333333,98.83333333333333
2023-04-14,33.996360000875,-117.4924,8.7,48.0,Mira Loma (Van Buren),12.872333583333335,69.98712462499999,8.758288229166666,1012.3458333333333,0.0,88.41666666666667
2023-04-15,33.996360000875,-117.4924,16.3,64.0,Mira Loma (Van Buren),13.849416808333332,71.70236775,7.813597945833333,1017.3583333333332,0.0,0.7083333333333334
2023-04-16,33.996360000875,-117.4924,14.5,61.0,Mira Loma (Van Buren),14.45150025,74.49608279166667,7.839151345833333,1018.7041666666668,0.0,28.708333333333332
2023-04-17,33.996360000875,-117.4924,15.4,63.0,Mira Loma (Van Buren),14.266083625,77.169262,7.624992075000001,1015.2875,0.0,54.583333333333336
2023-04-18,33.996360000875,-117.4924,9.9,52.0,Mira Loma (Van Buren),14.741083708333333,68.81794229166667,11.626002704166666,1014.0083333333333,0.0,73.91666666666667
2023-04-19,33.996360000875,-117.4924,10.6,54.0,Mira Loma (Van Buren),13.6660835,66.81523866666667,8.14819,1015.9833333333332,0.0,39.458333333333336
2023-04-20,33.996360000875,-117.4924,13.0,58.0,Mira Loma (Van Buren),16.647333541666665,47.946576395833326,8.177028833333333,1018.3166666666666,0.0,10.0
2023-04-21,33.996360000875,-117.4924,14.1,60.0,Mira Loma (Van Buren),20.864000291666667,36.25890404166667,7.2223175458333335,1018.875,0.0,3.8333333333333335
2023-04-22,33.996360000875,-117.4924,16.5,65.0,Mira Loma (Van Buren),22.201500333333332,35.416325875,8.267666169583334,1012.4291666666667,0.0,31.75
2023-04-23,33.996360000875,-117.4924,14.4,61.0,Mira Loma (Van Buren),20.649416958333333,52.33382895833333,9.164411495833333,1008.4708333333333,0.0,29.083333333333332
2023-04-24,33.996360000875,-117.4924,13.5,59.0,Mira Loma (Van Buren),16.4098335625,73.66120675,10.475621129166667,1010.8625000000001,0.0,38.666666666666664
2023-04-25,33.996360000875,-117.4924,12.5,57.0,Mira Loma (Van Buren),16.636917020833334,73.02770870833334,10.5816332,1011.7708333333334,0.0,56.666666666666664
2023-04-26,33.996360000875,-117.4924,16.6,65.0,Mira Loma (Van Buren),16.8056669375,74.02536216666667,10.234526120833333,1013.6750000000001,0.0,61.833333333333336
2023-04-27,33.996360000875,-117.4924,17.1,66.0,Mira Loma (Van Buren),19.4223335,59.547349875,9.851214766666667,1012.85,0.0,6.208333333333333
2023-04-28,33.996360000875,-117.4924,17.8,67.0,Mira Loma (Van Buren),18.120250270833335,66.46978908333334,11.018368500000001,1013.2125,0.0,24.541666666666668
2023-04-29,33.996360000875,-117.4924,19.3,70.0,Mira Loma (Van Buren),18.099416958333332,65.49858820833333,9.1553798625,1015.1750000000001,0.0,38.583333333333336
2023-04-30,33.996360000875,-117.4924,14.5,61.0,Mira Loma (Van Buren),17.38900025,71.18775270833333,11.767091262500001,1013.0500000000001,0.0,50.541666666666664
2023-05-01,33.996360000875,-117.4924,4.0,22.0,Mira Loma (Van Buren),15.130666958333334,72.463736375,10.616081266666667,1010.5166666666668,0.020833333333333332,83.41666666666667
2023-05-02,33.996360000875,-117.4924,3.8,21.0,Mira Loma (Van Buren),14.151500395833333,62.69884266666667,10.9323366875,1011.725,0.03333333333333333,90.79166666666667
2023-05-03,33.996360000875,-117.4924,4.3,24.0,Mira Loma (Van Buren),13.407750395833332,60.96279883333333,9.5371073375,1012.5583333333334,0.008333333333333333,70.25
2023-05-04,33.996360000875,-117.4924,1.5,8.0,Mira Loma (Van Buren),12.916083583333332,68.18094841666667,10.024375408333333,1012.3458333333333,0.5208333333333334,84.33333333333333
2023-05-05,33.996360000875,-117.4924,2.1,12.0,Mira Loma (Van Buren),13.280667000000001,72.69044025,7.729180070833333,1016.6833333333334,0.07916666666666666,89.04166666666667
2023-05-06,33.996360000875,-117.4924,5.6,31.0,Mira Loma (Van Buren),13.995250166666667,66.32504604166667,8.947843808333333,1018.1083333333332,0.0,47.708333333333336
2023-05-07,33.996360000875,-117.4924,6.6,37.0,Mira Loma (Van Buren),14.726500166666668,67.16866554166667,8.021032303333334,1018.4625,0.0,76.54166666666667
2023-05-08,33.996360000875,-117.4924,6.5,36.0,Mira Loma (Van Buren),15.605666916666666,70.37157195833333,8.585244386666666,1016.9708333333333,0.0,5.916666666666667
2023-05-09,33.996360000875,-117.4924,7.0,39.0,Mira Loma (Van Buren),16.107750333333332,69.75560695833333,8.639044790416667,1015.3208333333333,0.0,30.875
2023-05-10,33.996360000875,-117.4924,10.5,54.0,Mira Loma (Van Buren),15.799416958333333,61.56790395833334,11.287343633333334,1015.3166666666666,0.0,71.375
2023-05-11,33.996360000875,-117.4924,9.7,52.0,Mira Loma (Van Buren),16.005666958333332,68.29495841666666,9.05302075,1016.0416666666666,0.0,48.625
2023-05-12,33.996360000875,-117.4924,15.0,62.0,Mira Loma (Van Buren),16.68691677083333,71.94910083333333,10.260900320833334,1014.1666666666666,0.0,35.375
2023-05-13,33.996360000875,-117.4924,17.3,66.0,Mira Loma (Van Buren),18.3765001875,70.122482875,11.127229570833334,1011.6291666666666,0.0,32.958333333333336
2023-05-14,33.996360000875,-117.4924,16.5,65.0,Mira Loma (Van Buren),19.361917020833335,70.72072641666666,9.576289529166667,1011.4708333333333,0.0,37.458333333333336
2023-05-15,33.996360000875,-117.4924,17.8,67.0,Mira Loma (Van Buren),18.905666895833335,70.00599954166667,12.583540604166666,1015.775,0.0,57.208333333333336
2023-05-16,33.996360000875,-117.4924,19.1,70.0,Mira Loma (Van Buren),18.751500208333333,71.178635375,10.759349691666666,1015.9958333333334,0.0,66.79166666666667
2023-05-17,33.996360000875,-117.4924,15.3,63.0,Mira Loma (Van Buren),19.484833666666667,64.9336345,11.246864275,1012.9333333333334,0.0,26.166666666666668
2023-05-18,33.996360000875,-117.4924,13.1,58.0,Mira Loma (Van Buren),18.9369169375,70.27166495833333,11.580724204166666,1011.0541666666667,0.0,47.416666666666664
2023-05-19,33.996360000875,-117.4924,17.0,66.0,Mira Loma (Van Buren),18.5285835625,71.97281208333334,11.015125816666666,1014.6833333333334,0.0,40.708333333333336
2023-05-20,33.996360000875,-117.4924,17.9,67.0,Mira Loma (Van Buren),18.695250229166668,70.84804229166667,11.3460695375,1017.2166666666667,0.0,29.5
2023-05-21,33.996360000875,-117.4924,13.1,58.0,Mira Loma (Van Buren),19.736916895833335,69.17921083333333,9.419041870833334,1015.975,0.0,55.916666666666664
2023-05-22,33.996360000875,-117.4924,14.2,61.0,Mira Loma (Van Buren),19.897333541666665,69.7264335,11.238389829166666,1013.3708333333334,0.0,66.04166666666667
2023-05-23,33.996360000875,-117.4924,7.0,39.0,Mira Loma (Van Buren),18.649416895833333,70.39113270833333,12.021855495833334,1012.8125,0.0,40.541666666666664
2023-05-24,33.996360000875,-117.4924,4.9,27.0,Mira Loma (Van Buren),17.197333583333332,70.86020795833333,11.429134133333333,1013.1333333333333,0.0,42.125
2023-05-25,33.996360000875,-117.4924,5.5,31.0,Mira Loma (Van Buren),17.122333541666666,63.86158054166666,11.240098491666666,1011.7416666666667,0.004166666666666667,61.75
2023-05-26,33.996360000875,-117.4924,8.7,48.0,Mira Loma (Van Buren),17.359833666666667,60.12763858333333,13.7641871875,1012.8708333333334,0.004166666666666667,65.625
2023-05-27,33.996360000875,-117.4924,8.3,46.0,Mira Loma (Van Buren),17.528583645833333,62.668714,11.133726600000001,1014.0291666666667,0.0,60.791666666666664
2023-05-28,33.996360000875,-117.4924,12.1,57.0,Mira Loma (Van Buren),18.001500166666666,65.03216475,9.9784946375,1013.475,0.0,45.458333333333336
2023-05-29,33.996360000875,-117.4924,6.9,38.0,Mira Loma (Van Buren),18.080666937500002,66.24630012499999,11.856829300000001,1013.9083333333333,0.0,58.041666666666664
2023-05-30,33.996360000875,-117.4924,4.3,24.0,Mira Loma (Van Buren),17.705666895833335,64.88469404166666,12.182989187499999,1014.2291666666666,0.0,76.125
2023-05-31,33.996360000875,-117.4924,3.2,18.0,Mira Loma (Van Buren),16.595250291666666,65.654852625,13.6729985,1012.8625000000001,0.012500000000000002,88.20833333333333
2023-06-01,33.996360000875,-117.4924,8.1,45.0,Mira Loma (Van Buren),17.349416875,64.099408,10.4862591,1012.3208333333333,0.0,83.33333333333333
2023-06-02,33.996360000875,-117.4924,10.4,53.0,Mira Loma (Van Buren),18.428583604166665,64.11431391666666,10.510625420833334,1014.0708333333333,0.0,66.83333333333333
2023-06-03,33.996360000875,-117.4924,11.7,56.0,Mira Loma (Van Buren),18.364000291666667,66.881130625,10.235016020833333,1013.3000000000001,0.0,10.291666666666666
2023-06-04,33.996360000875,-117.4924,17.6,67.0,Mira Loma (Van Buren),18.470250125,69.84823966666666,10.592185862500001,1011.65,0.0,35.208333333333336
2023-06-05,33.996360000875,-117.4924,7.1,39.0,Mira Loma (Van Buren),17.466083604166666,69.43837279166667,12.790595604166667,1011.1916666666666,0.0,58.166666666666664
2023-06-06,33.996360000875,-117.4924,6.4,36.0,Mira Loma (Van Buren),17.07233372916667,58.71125608333333,10.64887355,1011.8166666666666,0.0,65.83333333333333
2023-06-07,33.996360000875,-117.4924,4.2,23.0,Mira Loma (Van Buren),17.6765001875,61.80447029166667,10.848722070833333,1013.4583333333334,0.029166666666666664,92.08333333333333
2023-06-08,33.996360000875,-117.4924,7.6,42.0,Mira Loma (Van Buren),18.434833645833333,63.64770445833333,9.93332555,1015.2458333333334,0.0,21.958333333333332
2023-06-09,33.996360000875,-117.4924,11.7,56.0,Mira Loma (Van Buren),18.972333458333335,64.893279625,10.8381978325,1015.8041666666667,0.0,49.833333333333336
2023-06-10,33.996360000875,-117.4924,9.2,51.0,Mira Loma (Van Buren),18.38483354166667,66.23072625,10.669290091666667,1013.0749999999999,0.0,98.25
2023-06-11,33.996360000875,-117.4924,3.5,19.0,Mira Loma (Van Buren),17.918166875,66.02753491666667,11.664955475,1011.6583333333333,0.004166666666666667,86.625
2023-06-12,33.996360000875,-117.4924,5.0,28.0,Mira Loma (Van Buren),18.001500166666666,66.59312604166666,11.1087520625,1015.4041666666667,0.012500000000000002,99.70833333333333
2023-06-13,33.996360000875,-117.4924,9.9,52.0,Mira Loma (Van Buren),18.722333479166668,64.65464291666667,9.913859191666667,1016.2916666666666,0.0,71.83333333333333
2023-06-14,33.996360000875,-117.4924,12.0,56.0,Mira Loma (Van Buren),18.40566689583333,69.05541766666667,10.2331115375,1013.9583333333334,0.0,51.625
2023-06-15,33.996360000875,-117.4924,6.9,38.0,Mira Loma (Van Buren),18.77858375,67.82061729166666,10.424538283333334,1012.5958333333333,0.0,56.375
2023-06-16,33.996360000875,-117.4924,12.2,57.0,Mira Loma (Van Buren),20.074416916666667,66.83985970833334,10.1923090375,1013.2166666666667,0.0,68.375
2023-06-17,33.996360000875,-117.4924,10.9,54.0,Mira Loma (Van Buren),21.499416979166668,63.92089804166667,11.241669229166666,1013.9333333333334,0.0,14.041666666666666
2023-06-18,33.996360000875,-117.4924,10.9,54.0,Mira Loma (Van Buren),21.345250229166666,64.18116029166667,11.977304195833334,1012.3874999999999,0.0,14.958333333333334
2023-06-19,33.996360000875,-117.4924,7.0,39.0,Mira Loma (Van Buren),19.399416895833333,66.726166875,11.499876245833335,1012.6374999999999,0.0,29.25
2023-06-20,33.996360000875,-117.4924,8.6,48.0,Mira Loma (Van Buren),19.6556669375,64.58634645833332,10.687964541666666,1014.5791666666668,0.0,30.416666666666668
2023-06-21,33.996360000875,-117.4924,11.1,55.0,Mira Loma (Van Buren),20.7869169375,57.032767875,9.4820566875,1014.0458333333332,0.0,15.0
2023-06-22,33.996360000875,-117.4924,11.7,56.0,Mira Loma (Van Buren),19.584833479166665,56.579056333333334,11.583902745833333,1013.3708333333334,0.0,41.875
2023-06-23,33.996360000875,-117.4924,10.2,53.0,Mira Loma (Van Buren),17.720250270833333,59.17081329166667,10.019187816666667,1015.7875,0.0,18.25
2023-06-24,33.996360000875,-117.4924,10.9,54.0,Mira Loma (Van Buren),19.320250145833334,54.719487333333326,9.341133125,1015.7416666666667,0.0,26.916666666666668
2023-06-25,33.996360000875,-117.4924,10.1,53.0,Mira Loma (Van Buren),19.3160835,63.42994933333333,11.011210279166667,1016.4416666666666,0.0,14.791666666666666
2023-06-26,33.996360000875,-117.4924,10.7,54.0,Mira Loma (Van Buren),19.9348335,57.974658874999996,10.257767104166666,1013.9916666666667,0.0,0.25
2023-06-27,33.996360000875,-117.4924,12.9,58.0,Mira Loma (Van Buren),20.420250083333332,61.77802679166666,10.427835341666666,1011.0375,0.0,4.333333333333333
2023-06-28,33.996360000875,-117.4924,11.5,55.0,Mira Loma (Van Buren),20.176500125,63.01547866666667,10.452562495833334,1011.2083333333334,0.0,19.5
2023-06-29,33.996360000875,-117.4924,11.2,55.0,Mira Loma (Van Buren),19.814000270833333,64.39593433333333,11.406775566666667,1011.9416666666666,0.0,12.791666666666666
2023-06-30,33.996360000875,-117.4924,16.8,65.0,Mira Loma (Van Buren),21.709833333333336,62.47460370833334,10.775039654166667,1011.5708333333333,0.0,14.625
2023-07-01,33.996360000875,-117.4924,13.0,58.0,Mira Loma (Van Buren),23.068166770833333,62.413527875,10.873197691666666,1011.0124999999999,0.0,31.75
2023-07-02,33.996360000875,-117.4924,17.3,66.0,Mira Loma (Van Buren),23.493166812500004,64.04337095833334,10.897648154166667,1011.6625,0.0,20.291666666666668
2023-07-03,33.996360000875,-117.4924,15.0,62.0,Mira Loma (Van Buren),24.005666708333333,57.854887041666665,10.050329329166667,1011.1,0.0,16.583333333333332
2023-07-04,33.996360000875,-117.4924,17.8,67.0,Mira Loma (Van Buren),23.178583375000002,58.20329745833334,9.592809420833333,1011.7624999999999,0.0,21.125
2023-07-05,33.996360000875,-117.4924,72.7,163.0,Mira Loma (Van Buren),21.722333625,56.41384691666667,9.579687075,1012.9416666666666,0.0,17.166666666666668
2023-07-06,33.996360000875,-117.4924,13.6,59.0,Mira Loma (Van Buren),21.036916875,59.93918129166667,10.407749466666667,1012.5124999999999,0.0,12.083333333333334
2023-07-07,33.996360000875,-117.4924,12.4,57.0,Mira Loma (Van Buren),20.136917104166667,64.59848095833333,9.623698894583333,1010.9583333333334,0.0,27.75
2023-07-08,33.996360000875,-117.4924,14.8,62.0,Mira Loma (Van Buren),20.832750354166667,62.698353833333336,10.520003166666667,1009.6708333333332,0.0,14.166666666666666
2023-07-09,33.996360000875,-117.4924,14.7,61.0,Mira Loma (Van Buren),20.97858366666667,65.324250375,10.927061924999999,1011.0916666666667,0.0,18.625
2023-07-10,33.996360000875,-117.4924,15.4,63.0,Mira Loma (Van Buren),22.98275025,58.33028975,9.229872841666667,1011.9499999999999,0.0,3.5833333333333335
2023-07-11,33.996360000875,-117.4924,12.6,58.0,Mira Loma (Van Buren),25.95358308333333,45.307937083333336,10.708423616666666,1012.6541666666667,0.0,0.0
2023-07-12,33.996360000875,-117.4924,9.6,52.0,Mira Loma (Van Buren),27.786916375,33.87271770833333,10.38348085,1013.7666666666668,0.0,0.4583333333333333
2023-07-13,33.996360000875,-117.4924,7.9,44.0,Mira Loma (Van Buren),28.299416291666663,29.517102374999997,9.5686547125,1013.1208333333334,0.0,44.291666666666664
2023-07-14,33.996360000875,-117.4924,12.4,57.0,Mira Loma (Van Buren),27.668166499999998,32.40986816666667,9.143833591666667,1010.9499999999999,0.0,6.083333333333333
2023-07-15,33.996360000875,-117.4924,17.5,67.0,Mira Loma (Van Buren),26.9765,40.30070425,10.600929566666666,1009.6208333333334,0.0,11.916666666666666
2023-07-16,33.996360000875,-117.4924,15.0,62.0,Mira Loma (Van Buren),26.21816670833333,53.774091416666664,11.411412633333333,1010.5583333333334,0.0,53.208333333333336
2023-07-17,33.996360000875,-117.4924,13.4,59.0,Mira Loma (Van Buren),27.128583208333335,53.04670083333334,11.493078316666667,1011.6666666666666,0.0,51.791666666666664
2023-07-18,33.996360000875,-117.4924,17.0,66.0,Mira Loma (Van Buren),27.930666583333334,46.47957158333333,10.485128595,1012.7708333333334,0.0,0.9166666666666666
2023-07-19,33.996360000875,-117.4924,12.8,58.0,Mira Loma (Van Buren),27.91608325,45.554969416666665,10.163121979166666,1013.625,0.0,0.0
2023-07-20,33.996360000875,-117.4924,12.2,57.0,Mira Loma (Van Buren),28.84524958333333,38.243272874999995,8.939416429166666,1013.3541666666666,0.0,25.833333333333332
2023-07-21,33.996360000875,-117.4924,16.2,64.0,Mira Loma (Van Buren),27.680666583333334,40.458036625,10.011284595833333,1011.7958333333332,0.0,32.541666666666664
2023-07-22,33.996360000875,-117.4924,16.7,65.0,Mira Loma (Van Buren),26.255666625,49.532496875,9.325461779166666,1010.2916666666666,0.0,16.625
2023-07-23,33.996360000875,-117.4924,15.5,63.0,Mira Loma (Van Buren),25.907749958333337,53.70248566666667,7.801448908333334,1010.9666666666667,0.0,49.416666666666664
2023-07-24,33.996360000875,-117.4924,17.0,66.0,Mira Loma (Van Buren),27.0765,59.696601416666674,10.7250168375,1013.4375,0.0,28.5
2023-07-25,33.996360000875,-117.4924,15.7,63.0,Mira Loma (Van Buren),28.647332875,52.26943704166666,9.63580361125,1013.35,0.0,0.08333333333333333
2023-07-26,33.996360000875,-117.4924,12.6,58.0,Mira Loma (Van Buren),29.943166541666667,39.80143975,9.850725208333333,1012.3333333333334,0.0,4.375
2023-07-27,33.996360000875,-117.4924,13.7,60.0,Mira Loma (Van Buren),29.670249791666667,37.46068354166667,9.899104990833333,1011.3375,0.0,2.0416666666666665
2023-07-28,33.996360000875,-117.4924,15.7,63.0,Mira Loma (Van Buren),27.403582916666664,55.249954333333335,10.578255141666666,1011.4875000000001,0.0,4.666666666666667
2023-07-29,33.996360000875,-117.4924,16.7,65.0,Mira Loma (Van Buren),26.959832833333333,56.56582504166667,9.985021916666666,1012.7708333333334,0.0,22.458333333333332
2023-07-30,33.996360000875,-117.4924,15.7,63.0,Mira Loma (Van Buren),27.272333291666666,59.06711954166667,10.151978345833333,1011.3874999999999,0.0,68.33333333333333
2023-07-31,33.996360000875,-117.4924,22.4,76.0,Mira Loma (Van Buren),28.866083083333333,54.201691874999995,8.744285320833333,1011.8375,0.008333333333333333,47.958333333333336
2023-08-01,33.996360000875,-117.4924,11.2,55.0,Mira Loma (Van Buren),27.366083500000002,52.110196374999994,10.7082775875,1013.9291666666667,0.0,75.16666666666667
2023-08-02,33.996360000875,-117.4924,12.2,57.0,Mira Loma (Van Buren),26.820249958333335,51.5844085,9.872645924166667,1014.375,0.0,20.333333333333332
2023-08-03,33.996360000875,-117.4924,11.7,56.0,Mira Loma (Van Buren),24.75983325,49.51663525,10.176828729166667,1014.2291666666666,0.0,3.2916666666666665
2023-08-04,33.996360000875,-117.4924,12.4,57.0,Mira Loma (Van Buren),23.372333541666666,58.37390291666667,10.459354516666666,1013.1125000000001,0.0,8.541666666666666
2023-08-05,33.996360000875,-117.4924,15.5,63.0,Mira Loma (Van Buren),24.841083416666667,61.89926783333333,9.489338620833333,1010.9083333333333,0.0,16.083333333333332
2023-08-06,33.996360000875,-117.4924,16.4,65.0,Mira Loma (Van Buren),26.79524975,51.805782416666666,8.61100539875,1011.7208333333333,0.0,0.20833333333333334
2023-08-07,33.996360000875,-117.4924,12.6,58.0,Mira Loma (Van Buren),25.841083041666668,50.94757141666667,10.283398729166667,1014.5416666666666,0.0,0.041666666666666664
2023-08-08,33.996360000875,-117.4924,8.9,49.0,Mira Loma (Van Buren),24.280666791666665,49.990973499999996,9.5177047875,1015.7208333333333,0.004166666666666667,21.416666666666668
2023-08-09,33.996360000875,-117.4924,9.7,52.0,Mira Loma (Van Buren),24.42858375,65.25784058333333,9.7216389125,1013.8375,0.020833333333333332,47.541666666666664
2023-08-10,33.996360000875,-117.4924,9.4,52.0,Mira Loma (Van Buren),22.951500291666665,73.560870375,11.216467404166666,1013.5375,0.19999999999999998,59.375
2023-08-11,33.996360000875,-117.4924,7.4,41.0,Mira Loma (Van Buren),23.341083458333333,67.64865204166667,10.650738794583333,1014.0749999999999,0.0,37.5
2023-08-12,33.996360000875,-117.4924,8.6,48.0,Mira Loma (Van Buren),23.707750208333334,66.60737125,9.406649778333334,1014.5124999999999,0.0,0.375
2023-08-13,33.996360000875,-117.4924,11.7,56.0,Mira Loma (Van Buren),24.311916749999998,63.80100075000001,10.728310325,1013.8125,0.0,1.5833333333333333
2023-08-14,33.996360000875,-117.4924,11.7,56.0,Mira Loma (Van Buren),24.491083125,63.340027,10.398550004166667,1012.6208333333334,0.0,5.041666666666667
2023-08-15,33.996360000875,-117.4924,10.3,53.0,Mira Loma (Van Buren),26.303583208333333,59.55978325,10.082921666666666,1012.9875000000001,0.0,17.583333333333332
2023-08-16,33.996360000875,-117.4924,9.2,51.0,Mira Loma (Van Buren),28.959833083333333,44.15259545833334,10.384806170833334,1011.9458333333333,0.0,18.25
2023-08-17,33.996360000875,-117.4924,9.2,51.0,Mira Loma (Van Buren),28.651499833333332,45.57180158333333,9.6112792125,1009.8291666666668,0.0,1.7083333333333333
2023-08-18,33.996360000875,-117.4924,9.6,52.0,Mira Loma (Van Buren),25.759833083333334,55.01092858333333,10.426618729166668,1009.85,0.0,0.125
2023-08-19,33.996360000875,-117.4924,8.7,48.0,Mira Loma (Van Buren),24.574416875,55.399645125,12.413115516666666,1009.2958333333332,0.0,49.416666666666664
2023-08-20,33.996360000875,-117.4924,4.1,23.0,Mira Loma (Van Buren),23.79525025,73.45461941666666,7.289580179166666,1004.7624999999999,0.7333333333333334,100.0
2023-08-21,33.996360000875,-117.4924,4.2,23.0,Mira Loma (Van Buren),21.393166875000002,83.398521625,7.320510641666666,1011.0291666666667,1.2791666666666666,78.08333333333333
2023-08-22,33.996360000875,-117.4924,7.7,43.0,Mira Loma (Van Buren),21.320250208333334,80.18990841666667,7.7385315875,1014.2624999999999,0.0,20.166666666666668
2023-08-23,33.996360000875,-117.4924,9.8,52.0,Mira Loma (Van Buren),22.686916874999998,77.84767333333333,7.865726004166667,1011.9375,0.0,1.0416666666666667
2023-08-24,33.996360000875,-117.4924,12.6,58.0,Mira Loma (Van Buren),22.4160835,77.595843,9.010768412500001,1012.2333333333332,0.0,25.208333333333332
2023-08-25,33.996360000875,-117.4924,9.5,52.0,Mira Loma (Van Buren),22.389000375,74.55025416666668,8.648953470833334,1013.0,0.0,25.833333333333332
2023-08-26,33.996360000875,-117.4924,9.4,52.0,Mira Loma (Van Buren),23.601500125,65.67918166666666,7.163827725,1012.7791666666667,0.0,4.166666666666667
2023-08-27,33.996360000875,-117.4924,11.5,55.0,Mira Loma (Van Buren),26.61191629166667,51.35518270833333,6.762595095833333,1011.7125,0.0,0.0
2023-08-28,33.996360000875,-117.4924,12.8,58.0,Mira Loma (Van Buren),29.136916583333335,41.2747975,9.156176954166666,1009.8458333333333,0.0,0.0
2023-08-29,33.996360000875,-117.4924,16.7,65.0,Mira Loma (Van Buren),30.378583000000003,34.572801229166664,7.297410591666666,1009.2583333333333,0.0,0.0
2023-08-30,33.996360000875,-117.4924,17.2,66.0,Mira Loma (Van Buren),30.863999583333335,32.210301375,8.482975833333333,1008.3458333333333,0.0,0.0
2023-08-31,33.996360000875,-117.4924,17.1,66.0,Mira Loma (Van Buren),26.393166500000003,57.06086283333334,10.255929470833333,1008.5500000000001,0.0,3.0416666666666665
2023-09-01,33.996360000875,-117.4924,14.8,62.0,Mira Loma (Van Buren),25.091083208333334,61.913246625,9.001420954166667,1009.4083333333333,0.0,23.291666666666668
2023-09-02,33.996360000875,-117.4924,9.5,52.0,Mira Loma (Van Buren),21.81191683333333,90.28949525,7.558577116666666,1014.4791666666666,2.2583333333333333,92.70833333333333
2023-09-03,33.996360000875,-117.4924,7.1,39.0,Mira Loma (Van Buren),22.216083458333333,81.55133245833333,9.413446583333334,1015.8041666666667,0.1125,73.45833333333333
2023-09-04,33.996360000875,-117.4924,8.2,46.0,Mira Loma (Van Buren),19.536916916666666,74.67170937499999,7.72914958125,1013.4708333333333,0.0,19.0
2023-09-05,33.996360000875,-117.4924,10.2,53.0,Mira Loma (Van Buren),20.218166916666668,78.69138408333333,6.988231879166666,1011.4625,0.0,31.541666666666668
2023-09-06,33.996360000875,-117.4924,10.4,53.0,Mira Loma (Van Buren),20.599416875,77.12143537499999,7.818675016666667,1013.2375000000001,0.0,26.125
2023-09-07,33.996360000875,-117.4924,13.7,60.0,Mira Loma (Van Buren),22.130666833333333,72.90968129166667,7.500521975000001,1013.2708333333334,0.0,25.125
2023-09-08,33.996360000875,-117.4924,12.5,57.0,Mira Loma (Van Buren),25.511916791666668,58.18804204166667,6.7392227333333325,1014.1750000000001,0.0,0.041666666666666664
2023-09-09,33.996360000875,-117.4924,13.2,59.0,Mira Loma (Van Buren),27.851500125,46.690926749999996,7.755532481666667,1014.4166666666666,0.0,7.583333333333333
2023-09-10,33.996360000875,-117.4924,11.7,56.0,Mira Loma (Van Buren),26.797333499999997,55.78249120833333,5.774799720833333,1013.0708333333333,0.13749999999999998,84.41666666666667
2023-09-11,33.996360000875,-117.4924,11.2,55.0,Mira Loma (Van Buren),27.114000041666667,53.31287633333333,6.5974234,1012.125,0.0,44.625
2023-09-12,33.996360000875,-117.4924,10.3,53.0,Mira Loma (Van Buren),26.334833500000002,52.909036791666665,8.2187195625,1011.9791666666666,0.0,31.5
2023-09-13,33.996360000875,-117.4924,11.3,55.0,Mira Loma (Van Buren),22.020250208333334,69.65578570833334,8.375035575,1013.1208333333334,0.0,25.916666666666668
2023-09-14,33.996360000875,-117.4924,11.3,55.0,Mira Loma (Van Buren),21.220250333333336,70.35572791666667,9.118375625,1013.0875,0.0,15.791666666666666
2023-09-15,33.996360000875,-117.4924,17.8,67.0,Mira Loma (Van Buren),20.668166791666668,72.34944008333333,8.574849299999999,1013.6791666666667,0.0,41.0
2023-09-16,33.996360000875,-117.4924,25.3,81.0,Mira Loma (Van Buren),20.81816675,73.596085,9.696079475,1013.8666666666667,0.0,55.375
2023-09-17,33.996360000875,-117.4924,9.7,52.0,Mira Loma (Van Buren),20.803583458333332,72.09345,9.438101286666667,1014.5041666666666,0.0,58.666666666666664
2023-09-18,33.996360000875,-117.4924,8.5,47.0,Mira Loma (Van Buren),21.122333375,67.77056708333333,9.248944520833334,1014.5124999999999,0.0,44.041666666666664
2023-09-19,33.996360000875,-117.4924,9.5,52.0,Mira Loma (Van Buren),20.124416854166668,70.140880375,7.4243132874999995,1013.4125,0.0,12.666666666666666
2023-09-20,33.996360000875,-117.4924,9.4,52.0,Mira Loma (Van Buren),20.624416791666665,67.00046104166667,8.5291982875,1011.5041666666666,0.0,21.875
2023-09-21,33.996360000875,-117.4924,14.1,60.0,Mira Loma (Van Buren),20.08900016666667,64.27961491666666,10.325324958333333,1012.3333333333334,0.008333333333333333,66.54166666666667
2023-09-22,33.996360000875,-117.4924,20.4,72.0,Mira Loma (Van Buren),19.561916874999998,68.920816125,7.151672441666666,1014.3000000000001,0.0,76.04166666666667
2023-09-23,33.996360000875,-117.4924,24.9,80.0,Mira Loma (Van Buren),20.824416833333334,64.344419875,7.617696820833333,1015.0083333333333,0.008333333333333333,48.125
2023-09-24,33.996360000875,-117.4924,25.4,81.0,Mira Loma (Van Buren),21.193166875,64.03351833333333,7.969287116666667,1014.8833333333333,0.0,9.541666666666666
2023-09-25,33.996360000875,-117.4924,24.3,79.0,Mira Loma (Van Buren),20.572333562500003,69.24493741666667,8.219686991666666,1015.8541666666666,0.0,26.041666666666668
2023-09-26,33.996360000875,-117.4924,18.7,69.0,Mira Loma (Van Buren),21.4035835,63.231822333333334,6.448871182083334,1015.4875000000001,0.0,0.0
2023-09-27,33.996360000875,-117.4924,15.7,63.0,Mira Loma (Van Buren),22.528583479166667,53.508436208333336,6.406072575,1012.2708333333334,0.0,61.25
2023-09-28,33.996360000875,-117.4924,18.3,68.0,Mira Loma (Van Buren),21.314000041666667,69.73621287499999,7.5508015125000005,1010.6208333333334,0.0,31.541666666666668
2023-09-29,33.996360000875,-117.4924,11.6,56.0,Mira Loma (Van Buren),19.3556669375,74.9338315,7.893473504166667,1010.4416666666666,0.0,35.5
2023-09-30,33.996360000875,-117.4924,6.0,33.0,Mira Loma (Van Buren),18.461916875,71.66953120833334,10.776407883333334,1010.3000000000001,0.3125,63.583333333333336
2023-10-01,33.996360000875,-117.4924,3.6,20.0,Mira Loma (Van Buren),16.014000270833332,76.902631,8.334654670833332,1011.4,0.11666666666666668,50.541666666666664
2023-10-02,33.996360000875,-117.4924,8.6,48.0,Mira Loma (Van Buren),15.651500125,69.791070875,6.5418588325,1014.4916666666667,0.0,4.0
2023-10-03,33.996360000875,-117.4924,9.6,52.0,Mira Loma (Van Buren),17.9931668125,68.01384845833333,6.727227004166667,1014.2833333333333,0.0,22.541666666666668
2023-10-04,33.996360000875,-117.4924,7.0,39.0,Mira Loma (Van Buren),21.78275004166667,53.18878879166667,6.89847165,1012.2666666666668,0.0,0.041666666666666664
2023-10-05,33.996360000875,-117.4924,6.1,34.0,Mira Loma (Van Buren),23.980666520833335,46.97226416666667,6.7356598575,1012.9333333333334,0.0,0.0
2023-10-06,33.996360000875,-117.4924,13.0,58.0,Mira Loma (Van Buren),25.134832875,43.44608591666667,6.9428477583333335,1012.3375,0.0,0.0
2023-10-07,33.996360000875,-117.4924,16.2,64.0,Mira Loma (Van Buren),25.151500125,43.22387766666666,7.5992091375,1010.9166666666666,0.0,0.0
2023-10-08,33.996360000875,-117.4924,19.5,70.0,Mira Loma (Van Buren),24.961916625,49.21489404166667,6.99044703625,1010.8708333333334,0.0,20.833333333333332
2023-10-09,33.996360000875,-117.4924,17.2,66.0,Mira Loma (Van Buren),23.457750041666667,52.429293291666674,6.517154765416667,1009.8625000000001,0.0,6.458333333333333
2023-10-10,33.996360000875,-117.4924,11.2,55.0,Mira Loma (Van Buren),19.455667000000002,73.92410354166667,6.599194658333334,1008.1541666666667,0.0,52.541666666666664
2023-10-11,33.996360000875,-117.4924,7.3,41.0,Mira Loma (Van Buren),19.539000208333334,73.73914795833333,8.783140944583334,1005.5625,0.03333333333333333,42.041666666666664
2023-10-12,33.996360000875,-117.4924,11.1,55.0,Mira Loma (Van Buren),19.051500208333334,63.80377141666667,7.490285441666667,1005.8791666666666,0.0,12.375
2023-10-13,33.996360000875,-117.4924,14.3,61.0,Mira Loma (Van Buren),19.374416916666664,54.638426208333335,6.352337291666667,1010.1666666666666,0.0,68.54166666666667
2023-10-14,33.996360000875,-117.4924,13.4,59.0,Mira Loma (Van Buren),19.8202503125,63.38515504166667,6.519918640416667,1014.8625000000001,0.0,0.2916666666666667
2023-10-15,33.996360000875,-117.4924,15.2,62.0,Mira Loma (Van Buren),22.2369168125,45.84355820833333,7.564414725,1015.9875000000001,0.0,0.0
2023-10-16,33.996360000875,-117.4924,18.5,69.0,Mira Loma (Van Buren),23.7931666875,38.09294466666667,8.026062333333334,1014.9958333333334,0.0,0.0
2023-10-17,33.996360000875,-117.4924,18.5,69.0,Mira Loma (Van Buren),22.664000083333335,53.509748791666674,6.249362333333334,1012.3791666666666,0.0,36.958333333333336
2023-10-18,33.996360000875,-117.4924,21.8,75.0,Mira Loma (Van Buren),23.7473335,46.045144791666665,7.4522978,1011.375,0.0,0.0
2023-10-19,33.996360000875,-117.4924,20.0,71.0,Mira Loma (Van Buren),24.266083249999998,48.30433995833334,7.3644918125,1012.7208333333333,0.0,0.3333333333333333
2023-10-20,33.996360000875,-117.4924,14.8,62.0,Mira Loma (Van Buren),24.703583374999997,40.705324166666664,6.518691272916667,1012.0749999999999,0.0,0.75
2023-10-21,33.996360000875,-117.4924,13.1,58.0,Mira Loma (Van Buren),24.864000041666667,37.721310083333336,7.0729251333333325,1009.7041666666668,0.0,0.125
2023-10-22,33.996360000875,-117.4924,7.6,42.0,Mira Loma (Van Buren),19.491083479166665,70.74855204166667,7.728522304166667,1009.5083333333333,0.0,23.041666666666668
2023-10-23,33.996360000875,-117.4924,4.7,26.0,Mira Loma (Van Buren),19.386917,68.28009104166667,9.359976683333334,1007.4666666666667,0.008333333333333333,44.666666666666664
2023-10-24,33.996360000875,-117.4924,7.5,42.0,Mira Loma (Van Buren),17.395250416666666,74.04163920833334,8.147967975,1009.0833333333334,0.0,25.416666666666668
2023-10-25,33.996360000875,-117.4924,6.3,35.0,Mira Loma (Van Buren),18.391083541666667,75.57623829166667,6.0070567125,1013.5708333333333,0.0,62.0
2023-10-26,33.996360000875,-117.4924,9.7,52.0,Mira Loma (Van Buren),18.511916833333334,69.18920441666667,8.615094095833333,1015.4416666666666,0.004166666666666667,76.0
2023-10-27,33.996360000875,-117.4924,11.4,55.0,Mira Loma (Van Buren),17.370250333333335,71.78565233333333,6.058034200000001,1015.4,0.0,23.458333333333332
2023-10-28,33.996360000875,-117.4924,13.2,59.0,Mira Loma (Van Buren),16.89316704166667,75.25994841666666,5.8801706375,1014.8458333333333,0.0,36.166666666666664
2023-10-29,33.996360000875,-117.4924,11.4,55.0,Mira Loma (Van Buren),17.3369170625,38.403682866666664,22.231475024999998,1015.6625,0.0,0.125
2023-10-30,33.996360000875,-117.4924,1.2,7.0,Mira Loma (Van Buren),19.224416708333333,10.121236508333334,20.439571224999998,1018.0583333333334,0.0,2.5
2023-10-31,33.996360000875,-117.4924,2.7,15.0,Mira Loma (Van Buren),19.026500479166668,12.084727695833335,10.284823191666666,1017.1125000000001,0.0,0.08333333333333333
2023-11-01,33.996360000875,-117.4924,7.6,42.0,Mira Loma (Van Buren),18.770250208333334,17.606682554166667,7.907344658333334,1016.6625,0.0,32.125
2023-11-02,33.996360000875,-117.4924,16.3,64.0,Mira Loma (Van Buren),19.10358360416667,22.289410875,7.071479358333334,1016.8458333333333,0.0,0.7916666666666666
2023-11-03,33.996360000875,-117.4924,22.8,77.0,Mira Loma (Van Buren),19.211916916666667,23.14404394583333,7.676722866666666,1017.0916666666667,0.0,0.0
2023-11-04,33.996360000875,-117.4924,31.4,93.0,Mira Loma (Van Buren),19.324416875,31.339298499999998,7.008498365833333,1016.7791666666667,0.0,24.958333333333332
2023-11-05,33.996360000875,-117.4924,32.4,94.0,Mira Loma (Van Buren),19.289000333333334,33.63936458333333,6.344990674999999,1014.7041666666668,0.0,18.25
2023-11-06,33.996360000875,-117.4924,21.5,74.0,Mira Loma (Van Buren),19.874416812499998,41.61491604166667,5.9670944583333325,1012.9333333333334,0.0,0.0
2023-11-07,33.996360000875,-117.4924,10.7,54.0,Mira Loma (Van Buren),17.961917083333333,65.50766645833333,6.4305922833333335,1014.3916666666668,0.0,35.083333333333336
2023-11-08,33.996360000875,-117.4924,6.7,37.0,Mira Loma (Van Buren),16.2390001875,61.5490663375,11.7581591875,1016.6708333333332,0.0,11.875
2023-11-09,33.996360000875,-117.4924,5.0,28.0,Mira Loma (Van Buren),18.218166979166668,16.566837375000002,16.81358457083333,1017.8583333333332,0.0,2.125
2023-11-10,33.996360000875,-117.4924,12.5,57.0,Mira Loma (Van Buren),14.834833445833333,23.619698870833332,7.4681220125,1016.9791666666666,0.0,46.541666666666664
2023-11-11,33.996360000875,-117.4924,17.7,67.0,Mira Loma (Van Buren),16.297333583333334,25.818513254166664,5.855209487500001,1017.2083333333334,0.0,0.4166666666666667
2023-11-12,33.996360000875,-117.4924,17.4,66.0,Mira Loma (Van Buren),16.751500270833333,29.6816596875,7.189788565833333,1016.5,0.0,2.5416666666666665
2023-11-13,33.996360000875,-117.4924,14.6,61.0,Mira Loma (Van Buren),17.55775016666667,33.26013091666667,7.5599163625,1015.7708333333334,0.0,72.20833333333333
2023-11-14,33.996360000875,-117.4924,14.6,61.0,Mira Loma (Van Buren),16.94525025,34.64424675,6.70562145,1015.5083333333333,0.0,11.5
2023-11-15,33.996360000875,-117.4924,13.0,58.0,Mira Loma (Van Buren),16.626500145833333,38.342506541666665,6.599601691666667,1013.9083333333333,0.13333333333333333,61.333333333333336
2023-11-16,33.996360000875,-117.4924,13.8,60.0,Mira Loma (Van Buren),15.234833604166667,87.43484470833333,5.5825279375,1015.8208333333333,0.6958333333333333,57.416666666666664
2023-11-17,33.996360000875,-117.4924,8.6,48.0,Mira Loma (Van Buren),15.641083791666667,78.17744195833333,5.925359258333334,1015.6416666666668,0.0,24.375
2023-11-18,33.996360000875,-117.4924,10.0,53.0,Mira Loma (Van Buren),15.776500291666666,82.266902125,5.9853849624999995,1016.0208333333334,0.05833333333333334,40.0
2023-11-19,33.996360000875,-117.4924,5.8,32.0,Mira Loma (Van Buren),15.8140001875,79.134753375,6.494874041666667,1018.225,0.012500000000000002,43.333333333333336
2023-11-20,33.996360000875,-117.4924,7.7,43.0,Mira Loma (Van Buren),15.109833645833334,39.148655874999996,19.988713758333333,1018.6,0.0,15.875
2023-11-21,33.996360000875,-117.4924,1.8,10.0,Mira Loma (Van Buren),16.070250208333334,29.523986625000003,14.455043608333334,1023.6125000000001,0.0,0.0
2023-11-22,33.996360000875,-117.4924,6.9,38.0,Mira Loma (Van Buren),16.007750270833334,39.6716125,9.004513858333334,1021.4166666666666,0.0,55.333333333333336
2023-11-23,33.996360000875,-117.4924,9.3,51.0,Mira Loma (Van Buren),15.972333625,43.96121358333334,6.267091529166667,1012.0041666666666,0.0,74.16666666666667
2023-11-24,33.996360000875,-117.4924,10.6,54.0,Mira Loma (Van Buren),14.389000270833334,79.20233495833334,6.625544279166667,1010.9958333333334,0.07083333333333333,58.791666666666664
2023-11-25,33.996360000875,-117.4924,6.7,37.0,Mira Loma (Van Buren),13.624416758333332,65.31687645833334,8.778124654166666,1015.9041666666667,0.05000000000000001,27.416666666666668
2023-11-26,33.996360000875,-117.4924,1.5,8.0,Mira Loma (Van Buren),12.641083629166667,30.295290958333336,12.701025545833334,1018.2291666666666,0.0,67.08333333333333
2023-11-27,33.996360000875,-117.4924,3.2,18.0,Mira Loma (Van Buren),13.870250291666666,25.660611208333332,11.073047129166667,1017.8791666666666,0.0,81.125
2023-11-28,33.996360000875,-117.4924,9.1,51.0,Mira Loma (Van Buren),13.5973336125,31.147091604166665,6.046667404166667,1019.9,0.0,54.833333333333336
2023-11-29,33.996360000875,-117.4924,10.5,54.0,Mira Loma (Van Buren),12.970250254166666,46.732627208333334,7.151669704166667,1016.9666666666667,0.0,34.75
2023-11-30,33.996360000875,-117.4924,6.3,35.0,Mira Loma (Van Buren),12.997333625000001,78.22238141666666,6.5757581125,1013.7166666666667,0.025000000000000005,69.5
2023-12-01,33.996360000875,-117.4924,8.1,45.0,Mira Loma (Van Buren),12.280667000000001,78.987215875,5.104360636666667,1014.7541666666666,0.012500000000000002,32.208333333333336
2023-12-02,33.996360000875,-117.4924,16.4,65.0,Mira Loma (Van Buren),11.566083508333334,61.54507254166666,5.167015970833334,1020.1458333333334,0.0,24.791666666666668
2023-12-03,33.996360000875,-117.4924,21.9,75.0,Mira Loma (Van Buren),12.0806670625,72.3544215,5.27473572,1022.3625000000001,0.0,51.833333333333336
2023-12-04,33.996360000875,-117.4924,13.7,60.0,Mira Loma (Van Buren),15.2140001875,45.954308708333336,6.703004533333334,1020.0833333333334,0.0,83.875
2023-12-05,33.996360000875,-117.4924,4.7,26.0,Mira Loma (Van Buren),16.9848335625,43.739713,8.832714795833333,1019.1583333333333,0.0,17.708333333333332
2023-12-06,33.996360000875,-117.4924,11.8,56.0,Mira Loma (Van Buren),16.395250166666667,47.064186375,8.127100929166668,1018.3666666666667,0.0,4.666666666666667
2023-12-07,33.996360000875,-117.4924,16.8,65.0,Mira Loma (Van Buren),13.478583583333332,74.15197204166667,5.909506037500001,1018.1541666666667,0.0,27.166666666666668
2023-12-08,33.996360000875,-117.4924,15.5,63.0,Mira Loma (Van Buren),12.778583666666668,74.14126020833334,6.193328091666667,1017.0083333333333,0.0,35.291666666666664
2023-12-09,33.996360000875,-117.4924,2.4,13.0,Mira Loma (Van Buren),14.526500166666667,27.281185479166666,13.058622325,1020.0541666666667,0.0,31.666666666666668
2023-12-10,33.996360000875,-117.4924,6.8,38.0,Mira Loma (Van Buren),15.5056670625,11.722877483333333,14.484953916666667,1022.625,0.0,15.166666666666666
2023-12-11,33.996360000875,-117.4924,20.0,71.0,Mira Loma (Van Buren),14.718166895833335,25.439852875,7.348015566666667,1015.7291666666666,0.0,99.875
2023-12-12,33.996360000875,-117.4924,24.6,80.0,Mira Loma (Van Buren),12.830666770833332,42.23823408333333,6.292553412499999,1011.9666666666667,0.0,31.916666666666668
2023-12-13,33.996360000875,-117.4924,10.9,54.0,Mira Loma (Van Buren),13.3890001875,67.83970279166667,8.396930875,1015.1333333333333,0.0,42.708333333333336
2023-12-14,33.996360000875,-117.4924,5.0,28.0,Mira Loma (Van Buren),12.8015000125,42.64388233333333,6.7877978125,1019.6583333333333,0.0,16.291666666666668
2023-12-15,33.996360000875,-117.4924,6.1,34.0,Mira Loma (Van Buren),14.049416904166668,36.98054654166666,10.656433583333333,1020.7666666666668,0.0,82.41666666666667
2023-12-16,33.996360000875,-117.4924,12.7,58.0,Mira Loma (Van Buren),15.1015003,29.439696541666667,7.358306045833333,1018.3208333333333,0.0,80.16666666666667
2023-12-17,33.996360000875,-117.4924,9.2,51.0,Mira Loma (Van Buren),15.907750270833333,27.419231791666665,7.790578045833333,1016.7833333333333,0.0,86.33333333333333
2023-12-18,33.996360000875,-117.4924,15.9,64.0,Mira Loma (Van Buren),16.81400025,30.279030541666668,5.087873041666667,1015.1208333333334,0.0,84.25
2023-12-19,33.996360000875,-117.4924,17.0,66.0,Mira Loma (Van Buren),15.457750249999998,68.98386395833333,5.28041625,1013.7041666666668,0.25,96.45833333333333
2023-12-20,33.996360000875,-117.4924,8.7,48.0,Mira Loma (Van Buren),14.370250125,86.27101725,5.360405383333333,1012.1583333333333,0.25416666666666665,79.95833333333333
2023-12-21,33.996360000875,-117.4924,3.6,20.0,Mira Loma (Van Buren),13.799416895833334,90.24381916666665,7.2120131625,1014.7333333333332,2.1333333333333333,94.70833333333333
2023-12-22,33.996360000875,-117.4924,7.3,41.0,Mira Loma (Van Buren),13.495250291666666,86.79360625,6.082702558333334,1013.0708333333333,0.4083333333333334,98.75
2023-12-23,33.996360000875,-117.4924,14.3,61.0,Mira Loma (Van Buren),11.872333583333335,85.07220891666667,5.41017694875,1015.0833333333334,0.0,29.708333333333332
2023-12-24,33.996360000875,-117.4924,24.4,80.0,Mira Loma (Van Buren),12.716083604166668,80.94736704166667,4.282768241666667,1019.7708333333334,0.0,47.75
2023-12-25,33.996360000875,-117.4924,33.1,96.0,Mira Loma (Van Buren),11.459833516666668,74.11026708333334,4.950701929166667,1021.3041666666667,0.0,13.041666666666666
2023-12-26,33.996360000875,-117.4924,30.2,90.0,Mira Loma (Van Buren),11.666083583333332,80.78473908333333,5.399609000000001,1020.9250000000001,0.0,74.0
2023-12-27,33.996360000875,-117.4924,27.2,85.0,Mira Loma (Van Buren),12.649416862499999,69.45068291666666,4.393024158333334,1020.7541666666666,0.0,85.875
2023-12-28,33.996360000875,-117.4924,53.9,146.0,Mira Loma (Van Buren),11.443166875000001,83.90784954166666,4.433515470833334,1021.6125000000001,0.0,64.70833333333333
2023-12-29,33.996360000875,-117.4924,37.1,105.0,Mira Loma (Van Buren),12.330666979166667,68.65975629166667,5.939909675,1020.0124999999999,0.0,79.375
2023-12-30,33.996360000875,-117.4924,24.7,80.0,Mira Loma (Van Buren),11.461917083333333,87.82164708333333,6.049918275,1019.1333333333333,0.3208333333333333,72.16666666666667
2023-12-31,33.996360000875,-117.4924,13.8,60.0,Mira Loma (Van Buren),10.336916862499999,86.98703108333332,5.138373270833333,1019.9666666666667,0.012500000000000002,72.375
2024-01-01,33.996360000875,-117.4924,22.3,76.0,Mira Loma (Van Buren),10.5181667875,76.217043,6.4111898625,1018.4875000000001,0.0,72.20833333333333
2024-01-02,33.996360000875,-117.4924,14.4,61.0,Mira Loma (Van Buren),9.5577501125,71.70164425,5.057001629166667,1022.2458333333334,0.0,8.375
2024-01-03,33.996360000875,-117.4924,10.1,53.0,Mira Loma (Van Buren),10.54525025,85.45402641666668,4.220147041666666,1020.475,0.37916666666666665,60.333333333333336
2024-01-04,33.996360000875,-117.4924,9.5,52.0,Mira Loma (Van Buren),8.0473334125,79.528420125,5.734441145833333,1019.0875,0.0,40.25
2024-01-05,33.996360000875,-117.4924,13.9,60.0,Mira Loma (Van Buren),8.403583429166666,66.65267525,5.479892954166666,1021.3916666666668,0.0,36.416666666666664
2024-01-06,33.996360000875,-117.4924,7.6,42.0,Mira Loma (Van Buren),8.493166779166666,65.38607991666667,6.291831702916666,1020.9625,0.0,14.333333333333334
2024-01-07,33.996360000875,-117.4924,3.2,18.0,Mira Loma (Van Buren),9.684833770833334,69.274952,10.270120475,1013.725,0.09583333333333333,48.791666666666664
2024-01-08,33.996360000875,-117.4924,2.1,12.0,Mira Loma (Van Buren),7.291083400000001,47.465971833333334,8.434463620833332,1019.9291666666667,0.0,1.25
2024-01-09,33.996360000875,-117.4924,11.0,55.0,Mira Loma (Van Buren),6.789000091666666,57.68876933333333,5.357810320833334,1024.7708333333333,0.0,10.625
2024-01-10,33.996360000875,-117.4924,13.5,59.0,Mira Loma (Van Buren),7.414000166666667,69.96342366666667,5.669371129166667,1017.3583333333332,0.0,15.041666666666666
2024-01-11,33.996360000875,-117.4924,7.0,39.0,Mira Loma (Van Buren),9.395250191666667,72.50203733333333,8.919786291666666,1014.1333333333333,0.0,45.541666666666664
2024-01-12,33.996360000875,-117.4924,14.1,60.0,Mira Loma (Van Buren),7.109833366666667,62.58629379166666,6.501699933333334,1021.275,0.0,34.083333333333336
2024-01-13,33.996360000875,-117.4924,24.1,79.0,Mira Loma (Van Buren),8.616083391666667,64.919638625,4.922804495833334,1019.2708333333334,0.0,28.708333333333332
2024-01-14,33.996360000875,-117.4924,34.0,97.0,Mira Loma (Van Buren),9.553583533333333,74.5972255,4.99756445,1017.8208333333333,0.0,42.958333333333336
2024-01-15,33.996360000875,-117.4924,35.0,99.0,Mira Loma (Van Buren),9.457750070833333,79.82140191666666,5.756509845833333,1017.7708333333334,0.0,67.33333333333333
2024-01-16,33.996360000875,-117.4924,33.7,97.0,Mira Loma (Van Buren),11.889000099999999,69.76413062499999,6.4031235375,1018.2833333333333,0.0,50.083333333333336
2024-01-17,33.996360000875,-117.4924,25.8,82.0,Mira Loma (Van Buren),11.826500141666665,82.74989670833334,4.7098571541666665,1017.4208333333332,0.0,65.25
2024-01-18,33.996360000875,-117.4924,24.9,80.0,Mira Loma (Van Buren),12.707750249999998,80.20501295833333,6.032921595833333,1018.5749999999999,0.0,71.95833333333333
2024-01-19,33.996360000875,-117.4924,18.6,69.0,Mira Loma (Van Buren),13.522333604166667,73.810434625,7.22657685,1017.4208333333332,0.0,98.54166666666667
2024-01-20,33.996360000875,-117.4924,20.5,72.0,Mira Loma (Van Buren),12.818166812500001,81.11419029166667,4.374327175,1014.1750000000001,0.1708333333333333,98.0
2024-01-21,33.996360000875,-117.4924,9.5,52.0,Mira Loma (Van Buren),11.847333541666666,92.10042925,3.826454554166667,1012.4458333333333,0.5,94.25
2024-01-22,33.996360000875,-117.4924,4.4,24.0,Mira Loma (Van Buren),12.659833645833332,86.58784804166667,7.041487295833334,1010.85,0.6291666666666667,90.95833333333333
2024-01-23,33.996360000875,-117.4924,10.5,54.0,Mira Loma (Van Buren),11.439000270833333,91.03941095833333,4.650472482500001,1010.8458333333333,0.18333333333333332,78.625
2024-01-24,33.996360000875,-117.4924,9.7,52.0,Mira Loma (Van Buren),12.170250458333333,83.85938320833334,5.430860008333333,1018.1333333333333,0.016666666666666666,70.04166666666667
2024-01-25,33.996360000875,-117.4924,10.0,53.0,Mira Loma (Van Buren),12.957750229166669,84.85985554166666,4.427737325,1020.1541666666667,0.041666666666666664,89.75
2024-01-26,33.996360000875,-117.4924,5.4,30.0,Mira Loma (Van Buren),12.691083383333334,76.88321379166666,6.660767220833333,1021.7416666666667,0.0,48.458333333333336
2024-01-27,33.996360000875,-117.4924,2.1,12.0,Mira Loma (Van Buren),13.6285835,56.211711666666666,9.072237733333333,1022.7666666666668,0.0,40.5
2024-01-28,33.996360000875,-117.4924,7.0,39.0,Mira Loma (Van Buren),15.289000229166668,62.323604749999994,6.7607938291666665,1020.2166666666667,0.0,99.16666666666667
2024-01-29,33.996360000875,-117.4924,6.9,38.0,Mira Loma (Van Buren),14.986916791666667,65.54554216666666,6.1576308375,1019.975,0.0,58.666666666666664
2024-01-30,33.996360000875,-117.4924,9.8,52.0,Mira Loma (Van Buren),14.907750125,60.86169025,5.934076541666666,1017.8916666666668,0.0,8.375
2024-01-31,33.996360000875,-117.4924,16.6,65.0,Mira Loma (Van Buren),14.430666875,65.87996916666667,5.916335395833333,1015.4958333333334,0.0,74.08333333333333
2024-02-01,33.996360000875,-117.4924,7.8,43.0,Mira Loma (Van Buren),10.978583583333332,86.92294983333333,9.9634207125,1010.9291666666667,1.5541666666666665,85.45833333333333
2024-02-02,33.996360000875,-117.4924,4.0,22.0,Mira Loma (Van Buren),10.305666966666665,87.91454816666668,6.868740829166666,1010.775,0.25833333333333336,54.291666666666664
2024-02-03,33.996360000875,-117.4924,4.2,23.0,Mira Loma (Van Buren),9.628583420833333,81.131547,6.090532387500001,1016.225,0.05416666666666667,59.458333333333336
2024-02-04,33.996360000875,-117.4924,5.1,28.0,Mira Loma (Van Buren),10.728583504166666,80.74223079166667,6.126567504166666,1015.9499999999999,0.2625,88.125
2024-02-05,33.996360000875,-117.4924,2.4,13.0,Mira Loma (Van Buren),11.695250291666667,93.40992958333334,9.9733096125,1013.0458333333332,3.2583333333333333,99.95833333333333
2024-02-06,33.996360000875,-117.4924,2.4,13.0,Mira Loma (Van Buren),10.61608375,95.44091333333334,5.835896791666666,1007.0375,1.6791666666666665,99.66666666666667
2024-02-07,33.996360000875,-117.4924,2.8,16.0,Mira Loma (Van Buren),9.272333625,88.33768675,5.941227104166667,1009.8249999999999,0.22083333333333333,84.25
2024-02-08,33.996360000875,-117.4924,6.1,34.0,Mira Loma (Van Buren),9.1015002375,76.62432745833333,9.988246225,1014.4541666666668,0.3166666666666667,48.375
2024-02-09,33.996360000875,-117.4924,4.3,24.0,Mira Loma (Van Buren),8.9515000125,82.11589270833333,4.9930064750000005,1018.2041666666668,0.05833333333333334,75.875
2024-02-10,33.996360000875,-117.4924,4.2,23.0,Mira Loma (Van Buren),9.209833495833333,74.53968445833333,6.360903120833334,1016.5375,0.0,23.791666666666668
2024-02-11,33.996360000875,-117.4924,4.3,24.0,Mira Loma (Van Buren),7.782750220833333,66.987724,6.851898970833333,1021.2583333333333,0.0,0.0
2024-02-12,33.996360000875,-117.4924,10.8,54.0,Mira Loma (Van Buren),8.803583383333333,67.19790241666666,5.981528970833334,1021.15,0.0,3.8333333333333335
2024-02-13,33.996360000875,-117.4924,10.7,54.0,Mira Loma (Van Buren),10.047333441666668,69.11526466666668,5.520154716666667,1016.85,0.0,25.833333333333332
2024-02-14,33.996360000875,-117.4924,10.0,53.0,Mira Loma (Van Buren),9.768166708333334,82.965125375,6.034452208333334,1019.3958333333334,0.0,45.5
2024-02-15,33.996360000875,-117.4924,12.2,57.0,Mira Loma (Van Buren),10.626500045833334,83.55708779166666,5.386410954166667,1021.7708333333334,0.0,73.16666666666667
2024-02-16,33.996360000875,-117.4924,20.8,73.0,Mira Loma (Van Buren),11.586917020833333,85.76297441666667,5.519840562500001,1020.2125,0.0,76.41666666666667
2024-02-17,33.996360000875,-117.4924,23.8,78.0,Mira Loma (Van Buren),12.00150025,88.28896741666667,5.6352753125,1018.5833333333334,0.004166666666666667,89.20833333333333
2024-02-18,33.996360000875,-117.4924,12.1,57.0,Mira Loma (Van Buren),12.014000166666667,85.31026733333333,6.122186225,1018.4916666666667,0.004166666666666667,84.45833333333333
2024-02-19,33.996360000875,-117.4924,5.7,32.0,Mira Loma (Van Buren),12.622333625000001,89.75646829166668,5.579476170833334,1017.8375,0.11666666666666668,85.75
2024-02-20,33.996360000875,-117.4924,3.6,20.0,Mira Loma (Van Buren),12.395250291666665,94.79171791666666,5.295080516666666,1020.1416666666668,1.625,100.0
2024-02-21,33.996360000875,-117.4924,5.3,29.0,Mira Loma (Van Buren),12.241083520833334,88.84943004166666,5.950152566666667,1019.1291666666666,0.5541666666666667,87.375
2024-02-22,33.996360000875,-117.4924,7.9,44.0,Mira Loma (Van Buren),12.047333666666667,81.85715208333333,5.699340702916667,1022.0124999999999,0.008333333333333333,41.25
2024-02-23,33.996360000875,-117.4924,3.0,17.0,Mira Loma (Van Buren),13.543166791666666,69.06508608333333,8.864206370833333,1019.475,0.0,91.04166666666667
2024-02-24,33.996360000875,-117.4924,8.9,49.0,Mira Loma (Van Buren),14.4077503125,68.18186354166666,5.195936329166667,1016.7624999999999,0.0,87.0
2024-02-25,33.996360000875,-117.4924,16.9,66.0,Mira Loma (Van Buren),14.224417041666667,73.99711420833333,6.838447354166667,1017.0458333333332,0.0,93.79166666666667
2024-02-26,33.996360000875,-117.4924,16.5,65.0,Mira Loma (Van Buren),12.799416916666667,83.895047125,7.0137715541666665,1017.1958333333333,0.004166666666666667,99.91666666666667
2024-02-27,33.996360000875,-117.4924,11.4,55.0,Mira Loma (Van Buren),13.195250270833334,85.014502875,5.223574533333333,1015.0583333333334,0.041666666666666664,86.75
2024-02-28,33.996360000875,-117.4924,11.9,56.0,Mira Loma (Van Buren),12.959833583333333,84.21986179166667,6.644428145833333,1016.6,0.0,37.875
2024-02-29,33.996360000875,-117.4924,9.6,52.0,Mira Loma (Van Buren),13.193167,86.382463125,5.603716295833333,1019.5541666666667,0.0,59.0
2024-03-01,33.996360000875,-117.4924,5.6,31.0,Mira Loma (Van Buren),13.255666833333335,76.28585308333334,9.205724129166667,1020.8000000000001,0.0,65.79166666666667
2024-03-02,33.996360000875,-117.4924,1.8,10.0,Mira Loma (Van Buren),12.655666895833335,84.079940125,14.901516158333335,1017.3833333333333,0.3416666666666666,70.25
2024-03-03,33.996360000875,-117.4924,3.4,19.0,Mira Loma (Van Buren),11.401500216666667,84.86540720833334,13.640189670833335,1017.1458333333334,0.15833333333333335,80.08333333333333
2024-03-04,33.996360000875,-117.4924,4.7,26.0,Mira Loma (Van Buren),10.982750320833333,79.14654825000001,7.662637295833334,1018.2666666666668,0.0,68.375
2024-03-05,33.996360000875,-117.4924,6.2,34.0,Mira Loma (Van Buren),11.076500412500002,79.83876966666666,5.65776139875,1018.1875,0.0,48.666666666666664
2024-03-06,33.996360000875,-117.4924,4.3,24.0,Mira Loma (Van Buren),11.782750208333333,84.09869133333333,6.451603229166667,1014.8208333333333,0.13333333333333333,76.375
2024-03-07,33.996360000875,-117.4924,4.0,22.0,Mira Loma (Van Buren),10.826500216666666,87.39719879166667,5.537996862499999,1011.2708333333334,0.35833333333333334,74.79166666666667
2024-03-08,33.996360000875,-117.4924,7.4,41.0,Mira Loma (Van Buren),11.445250079166668,82.10595066666667,5.611828916666667,1017.9166666666666,0.2041666666666667,20.916666666666668
2024-03-09,33.996360000875,-117.4924,13.0,58.0,Mira Loma (Van Buren),12.511916783333334,71.88881345833333,6.902346645833333,1020.0041666666666,0.0,61.708333333333336
2024-03-10,33.996360000875,-117.4924,13.1,58.0,Mira Loma (Van Buren),12.584833558333335,72.5066575,6.487954183333334,1018.7291666666666,0.0,40.25
2024-03-11,33.996360000875,-117.4924,5.9,33.0,Mira Loma (Van Buren),11.866083570833332,77.67816966666666,6.630698466666666,1017.7875,0.0,69.66666666666667
2024-03-12,33.996360000875,-117.4924,6.6,37.0,Mira Loma (Van Buren),12.034833541666666,80.80968912499999,6.519818108333333,1019.5749999999999,0.03333333333333333,85.33333333333333
2024-03-13,33.996360000875,-117.4924,8.0,44.0,Mira Loma (Van Buren),13.159833687499999,79.439039875,7.175592008333333,1016.9250000000001,0.0,77.0
2024-03-14,33.996360000875,-117.4924,3.7,21.0,Mira Loma (Van Buren),13.359833708333333,49.58168691666666,25.243709116666665,1010.8916666666668,0.0,26.5
2024-03-15,33.996360000875,-117.4924,3.0,17.0,Mira Loma (Van Buren),11.818166916666668,63.36161633333333,9.664411045833333,1008.9,0.15,69.29166666666667
2024-03-16,33.996360000875,-117.4924,8.9,49.0,Mira Loma (Van Buren),11.566083529166667,77.95289541666666,7.104463075000001,1015.3833333333333,0.06666666666666667,79.70833333333333
2024-03-17,33.996360000875,-117.4924,11.0,55.0,Mira Loma (Van Buren),11.889000141666665,81.36285154166667,6.186390491666667,1018.0541666666667,0.09583333333333333,52.416666666666664
2024-03-18,33.996360000875,-117.4924,7.9,44.0,Mira Loma (Van Buren),13.991083708333335,73.18391749999999,7.2882805375,1017.4166666666666,0.06666666666666667,15.5
2024-03-19,33.996360000875,-117.4924,9.6,52.0,Mira Loma (Van Buren),14.4869169375,71.82235716666666,7.4867609625,1017.525,0.0,22.291666666666668
2024-03-20,33.996360000875,-117.4924,12.1,57.0,Mira Loma (Van Buren),15.434833708333334,75.33670975,7.137151633333333,1015.8541666666666,0.0,7.291666666666667
2024-03-21,33.996360000875,-117.4924,19.9,71.0,Mira Loma (Van Buren),14.905666958333335,79.945924,5.744578220833333,1017.4541666666668,0.0,42.791666666666664
2024-03-22,33.996360000875,-117.4924,13.3,59.0,Mira Loma (Van Buren),14.7098335625,78.47693933333333,6.597439495833334,1018.3249999999999,0.0,63.125
2024-03-23,33.996360000875,-117.4924,7.4,41.0,Mira Loma (Van Buren),13.780667020833334,80.95514754166668,9.412587008333334,1014.0041666666666,0.6208333333333333,81.58333333333333
2024-03-24,33.996360000875,-117.4924,4.9,27.0,Mira Loma (Van Buren),10.947333541666666,75.05981816666666,10.976701141666666,1009.0916666666667,0.07916666666666666,40.166666666666664
2024-03-25,33.996360000875,-117.4924,6.6,37.0,Mira Loma (Van Buren),9.686916733333334,80.52076358333333,7.9212389875,1011.6125000000001,0.004166666666666667,51.916666666666664
2024-03-26,33.996360000875,-117.4924,8.2,46.0,Mira Loma (Van Buren),11.603583475,76.06883233333333,8.042846575,1015.9083333333333,0.0,36.0
2024-03-27,33.996360000875,-117.4924,10.0,53.0,Mira Loma (Van Buren),12.532750195833332,78.22042945833333,7.160676433333333,1020.3708333333334,0.0,42.291666666666664
2024-03-28,33.996360000875,-117.4924,10.3,53.0,Mira Loma (Van Buren),13.3723336125,78.01211291666667,7.132045747916667,1018.9208333333332,0.0,40.625
2024-03-29,33.996360000875,-117.4924,5.1,28.0,Mira Loma (Van Buren),13.0452501875,74.93063491666668,9.705466854166668,1014.5833333333334,0.0,61.958333333333336
2024-03-30,33.996360000875,-117.4924,3.5,19.0,Mira Loma (Van Buren),11.318166937500001,78.57670629166667,9.595607616666667,1008.8708333333334,1.0708333333333333,76.33333333333333
2024-03-31,33.996360000875,-117.4924,4.1,23.0,Mira Loma (Van Buren),10.484833520833334,76.66121691666667,7.480695083333334,1008.65,0.23750000000000002,78.33333333333333
2024-04-01,33.996360000875,-117.4924,5.1,28.0,Mira Loma (Van Buren),11.093166745833335,80.08256591666667,6.522234929166667,1011.9833333333332,0.1875,25.791666666666668
2024-04-02,33.996360000875,-117.4924,8.0,44.0,Mira Loma (Van Buren),13.370250149999999,73.02758470833334,8.700143970833333,1021.4708333333333,0.0,0.9166666666666666
2024-04-03,33.996360000875,-117.4924,8.3,46.0,Mira Loma (Van Buren),15.653583541666668,68.95080083333333,7.920458308333333,1022.2083333333334,0.0,0.0
2024-04-04,33.996360000875,-117.4924,7.4,41.0,Mira Loma (Van Buren),13.570250291666667,80.663453125,9.282198716666667,1014.3458333333333,0.004166666666666667,55.291666666666664
2024-04-05,33.996360000875,-117.4924,2.0,11.0,Mira Loma (Van Buren),9.051500075,77.87124758333333,11.840631979166666,1013.725,0.31666666666666665,71.625
2024-04-06,33.996360000875,-117.4924,6.0,33.0,Mira Loma (Van Buren),8.670250008333333,72.2250755,7.5282836458333335,1020.8458333333333,0.04583333333333334,15.916666666666666
2024-04-07,33.996360000875,-117.4924,8.5,47.0,Mira Loma (Van Buren),11.159833454166666,67.95729204166666,7.003883075,1020.4333333333334,0.0,28.958333333333332
2024-04-08,33.996360000875,-117.4924,7.0,39.0,Mira Loma (Van Buren),11.857750145833334,68.00063425,8.18469165,1014.65,0.0,20.916666666666668
2024-04-09,33.996360000875,-117.4924,5.8,32.0,Mira Loma (Van Buren),15.076500108333335,51.86512695833333,8.912853494583333,1016.5666666666666,0.0,0.0
2024-04-10,33.996360000875,-117.4924,10.0,53.0,Mira Loma (Van Buren),16.905666979166668,52.505421750000004,8.11171187,1017.4958333333334,0.0,0.0
2024-04-11,33.996360000875,-117.4924,14.9,62.0,Mira Loma (Van Buren),19.05358358333333,53.70445579166667,7.064808508333333,1013.5166666666668,0.0,0.0
2024-04-12,33.996360000875,-117.4924,21.7,74.0,Mira Loma (Van Buren),16.2952503125,73.902196875,9.495555529166667,1010.5416666666666,0.0,38.041666666666664
2024-04-13,33.996360000875,-117.4924,4.6,26.0,Mira Loma (Van Buren),13.799416854166665,72.29004833333333,7.504513258333334,1016.5291666666667,0.004166666666666667,45.666666666666664
2024-04-14,33.996360000875,-117.4924,4.2,23.0,Mira Loma (Van Buren),11.011916933333334,79.75336683333333,9.3177150375,1019.4250000000001,0.1625,50.583333333333336
2024-04-15,33.996360000875,-117.4924,6.9,38.0,Mira Loma (Van Buren),12.368166916666667,79.03826229166667,6.0149557541666665,1019.0708333333333,0.049999999999999996,54.5
2024-04-16,33.996360000875,-117.4924,7.8,43.0,Mira Loma (Van Buren),15.364000270833332,69.36860658333333,8.138414933333333,1016.8166666666666,0.0,10.875
2024-04-17,33.996360000875,-117.4924,8.1,45.0,Mira Loma (Van Buren),18.232750354166665,59.65961716666666,7.978806666666666,1015.4916666666667,0.0,21.125
2024-04-18,33.996360000875,-117.4924,11.8,56.0,Mira Loma (Van Buren),16.555667145833333,68.80048975,6.9655866374999995,1014.6541666666667,0.0,86.45833333333333
2024-04-19,33.996360000875,-117.4924,15.2,62.0,Mira Loma (Van Buren),15.357750354166667,77.35492633333332,7.857511190833333,1014.4916666666667,0.0,51.416666666666664
2024-04-20,33.996360000875,-117.4924,20.3,72.0,Mira Loma (Van Buren),15.095250083333333,75.72919041666667,6.954080140416667,1015.3708333333334,0.0,43.25
2024-04-21,33.996360000875,-117.4924,23.0,77.0,Mira Loma (Van Buren),17.01816697916667,73.97273716666666,9.083926883333334,1014.6583333333333,0.0,31.0
2024-04-22,33.996360000875,-117.4924,23.3,77.0,Mira Loma (Van Buren),17.141083604166667,77.46509579166667,9.2373887875,1012.0458333333332,0.0,57.25
2024-04-23,33.996360000875,-117.4924,5.2,29.0,Mira Loma (Van Buren),15.780667,74.53813674999999,9.139897345833333,1014.2041666666668,0.0,71.20833333333333
2024-04-24,33.996360000875,-117.4924,7.0,39.0,Mira Loma (Van Buren),15.157750229166666,70.27633125,9.755232832083333,1017.0500000000001,0.004166666666666667,34.875
2024-04-25,33.996360000875,-117.4924,3.3,18.0,Mira Loma (Van Buren),15.003583458333333,67.07094591666667,13.7738374375,1017.5333333333333,0.008333333333333333,81.45833333333333
2024-04-26,33.996360000875,-117.4924,4.8,27.0,Mira Loma (Van Buren),15.1431669375,64.39913883333334,11.796822379166665,1014.5291666666667,0.012499999999999999,83.375
2024-04-27,33.996360000875,-117.4924,8.9,49.0,Mira Loma (Van Buren),15.755666916666668,67.14732816666667,10.581386745833333,1012.9333333333334,0.0,28.916666666666668
2024-04-28,33.996360000875,-117.4924,10.8,54.0,Mira Loma (Van Buren),16.764000291666665,62.55039020833333,8.0184984375,1015.3958333333334,0.0,0.4583333333333333
2024-04-29,33.996360000875,-117.4924,12.0,56.0,Mira Loma (Van Buren),18.603583645833332,61.904460625000006,7.814635141666667,1012.9791666666666,0.0,0.08333333333333333
2024-04-30,33.996360000875,-117.4924,12.0,56.0,Mira Loma (Van Buren),19.030666958333335,59.426686458333336,8.366069083333334,1010.2875,0.0,0.4166666666666667
2024-05-01,33.996360000875,-117.4924,14.0,60.0,Mira Loma (Van Buren),17.159833458333335,72.088949125,11.036052741666666,1010.3916666666668,0.0,32.833333333333336
2024-05-02,33.996360000875,-117.4924,14.8,62.0,Mira Loma (Van Buren),17.403583625,72.35879945833334,9.221246027916667,1011.1125000000001,0.0,27.791666666666668
2024-05-03,33.996360000875,-117.4924,15.7,63.0,Mira Loma (Van Buren),16.882750229166668,72.44710020833334,8.257247566666667,1011.0166666666668,0.0,28.791666666666668
2024-05-04,33.996360000875,-117.4924,12.5,57.0,Mira Loma (Van Buren),17.224416979166666,70.57190525,9.511060358333333,1011.4791666666666,0.008333333333333333,62.541666666666664
2024-05-05,33.996360000875,-117.4924,5.2,29.0,Mira Loma (Van Buren),15.5244170625,63.42215829166667,16.561560083333333,1011.8916666666665,0.07916666666666666,64.375
2024-05-06,33.996360000875,-117.4924,6.8,38.0,Mira Loma (Van Buren),14.755666820833333,56.740563,8.886328516666667,1015.1833333333334,0.0,13.75
2024-05-07,33.996360000875,-117.4924,8.7,48.0,Mira Loma (Van Buren),16.97650025,53.33089195833333,7.9270536612499995,1013.2708333333334,0.0,4.75
2024-05-08,33.996360000875,-117.4924,11.6,56.0,Mira Loma (Van Buren),17.2035835625,57.439806250000004,9.910384858333332,1010.4416666666666,0.0,0.7083333333333334
2024-05-09,33.996360000875,-117.4924,13.3,59.0,Mira Loma (Van Buren),17.297333520833334,65.58041191666666,8.8812174,1011.6458333333334,0.0,21.958333333333332
2024-05-10,33.996360000875,-117.4924,15.1,62.0,Mira Loma (Van Buren),17.474416958333332,71.01260020833332,11.011349641666667,1013.6291666666666,0.0,45.166666666666664
2024-05-11,33.996360000875,-117.4924,15.2,62.0,Mira Loma (Van Buren),17.053583666666665,71.103605375,11.783692987499998,1013.2125,0.0,51.458333333333336
2024-05-12,33.996360000875,-117.4924,14.4,61.0,Mira Loma (Van Buren),17.997333541666666,71.68924558333333,8.820091941666666,1013.0333333333333,0.0,35.958333333333336
2024-05-13,33.996360000875,-117.4924,15.9,64.0,Mira Loma (Van Buren),18.195250291666667,71.09628308333333,9.976793862500001,1013.1,0.0,48.0
2024-05-14,33.996360000875,-117.4924,11.0,55.0,Mira Loma (Van Buren),16.959833458333332,72.57188512500001,9.256862795833333,1012.875,0.0,56.583333333333336
2024-05-15,33.996360000875,-117.4924,9.5,52.0,Mira Loma (Van Buren),16.239000333333333,73.518038,9.072692129166667,1012.5416666666666,0.0,58.916666666666664
2024-05-16,33.996360000875,-117.4924,9.2,51.0,Mira Loma (Van Buren),16.468166874999998,71.62447804166666,9.444471208333333,1013.4666666666667,0.004166666666666667,56.208333333333336
2024-05-17,33.996360000875,-117.4924,14.8,62.0,Mira Loma (Van Buren),17.7556669375,67.52682420833334,9.321151933333333,1013.8541666666666,0.0,58.916666666666664
2024-05-18,33.996360000875,-117.4924,11.3,55.0,Mira Loma (Van Buren),17.874416916666668,68.626535875,9.44466255,1014.1708333333332,0.0,41.541666666666664
2024-05-19,33.996360000875,-117.4924,7.1,39.0,Mira Loma (Van Buren),16.909833625,68.39101241666667,10.0986166875,1016.2833333333333,0.0,36.25
2024-05-20,33.996360000875,-117.4924,6.7,37.0,Mira Loma (Van Buren),16.505666833333333,67.196252875,10.302687229166667,1014.8833333333333,0.008333333333333333,34.708333333333336
2024-05-21,33.996360000875,-117.4924,11.5,55.0,Mira Loma (Van Buren),16.528583520833333,66.518392625,11.071114754166667,1013.7416666666667,0.0,38.291666666666664
2024-05-22,33.996360000875,-117.4924,14.3,61.0,Mira Loma (Van Buren),17.13900025,68.146817,10.0288339,1013.6291666666666,0.0,25.708333333333332
2024-05-23,33.996360000875,-117.4924,11.7,56.0,Mira Loma (Van Buren),16.228583708333336,70.90227025,10.5122513625,1013.4,0.0,45.75
2024-05-24,33.996360000875,-117.4924,9.0,50.0,Mira Loma (Van Buren),16.6556670625,69.0423755,10.0063309875,1012.875,0.0,46.083333333333336
2024-05-25,33.996360000875,-117.4924,8.0,44.0,Mira Loma (Van Buren),16.543166895833334,63.38958241666666,11.571439170833335,1014.0041666666666,0.0,43.708333333333336
2024-05-26,33.996360000875,-117.4924,8.1,45.0,Mira Loma (Van Buren),16.5535835625,67.768677625,8.856666083333334,1015.5625,0.0,27.875
2024-05-27,33.996360000875,-117.4924,11.0,55.0,Mira Loma (Van Buren),17.832750354166667,68.09428166666667,9.706541554166668,1015.7583333333333,0.0,18.583333333333332
2024-05-28,33.996360000875,-117.4924,16.2,64.0,Mira Loma (Van Buren),17.95566710416667,68.591539125,9.801980004166667,1016.1333333333333,0.0,32.125
2024-05-29,33.996360000875,-117.4924,15.3,63.0,Mira Loma (Van Buren),18.007750229166668,68.68926499999999,9.8427773,1016.125,0.0,31.041666666666668
2024-05-30,33.996360000875,-117.4924,13.4,59.0,Mira Loma (Van Buren),19.549416958333335,63.55002125000001,10.091193079166667,1013.5541666666667,0.0,2.1666666666666665
2024-05-31,33.996360000875,-117.4924,17.5,67.0,Mira Loma (Van Buren),18.595250125,71.7848805,11.349979187499999,1012.0083333333333,0.0,38.0
2024-06-01,33.996360000875,-117.4924,11.5,55.0,Mira Loma (Van Buren),17.993166854166667,71.362041375,9.62466325,1012.2583333333333,0.0,51.875
2024-06-02,33.996360000875,-117.4924,11.1,55.0,Mira Loma (Van Buren),17.711916916666667,69.8837305,10.284805016666667,1012.5041666666666,0.0,38.041666666666664
2024-06-03,33.996360000875,-117.4924,16.0,64.0,Mira Loma (Van Buren),18.078583666666667,71.62182795833333,10.013310820833334,1011.8583333333332,0.0,68.625
2024-06-04,33.996360000875,-117.4924,14.7,61.0,Mira Loma (Van Buren),19.030666854166668,70.46355504166667,11.294810683333333,1010.0666666666666,0.0,80.45833333333333
2024-06-05,33.996360000875,-117.4924,11.3,55.0,Mira Loma (Van Buren),20.0952503125,69.097331,10.643822612500001,1010.6541666666667,0.0,24.666666666666668
2024-06-06,33.996360000875,-117.4924,12.3,57.0,Mira Loma (Van Buren),21.17858358333333,70.34624145833334,11.493560458333334,1010.9083333333333,0.0,31.625
2024-06-07,33.996360000875,-117.4924,9.7,52.0,Mira Loma (Van Buren),21.164000291666667,67.95250483333334,10.1824971125,1011.0583333333334,0.0,35.5
2024-06-08,33.996360000875,-117.4924,7.2,40.0,Mira Loma (Van Buren),20.16608360416667,66.63280758333333,10.853319016666667,1012.1416666666668,0.0,26.833333333333332
2024-06-09,33.996360000875,-117.4924,7.1,39.0,Mira Loma (Van Buren),19.520250333333333,68.37503025,10.588202945833332,1013.1583333333333,0.0,53.541666666666664
2024-06-10,33.996360000875,-117.4924,10.3,53.0,Mira Loma (Van Buren),19.516083625,68.5551685,10.212573775000001,1013.0375,0.0,42.0
2024-06-11,33.996360000875,-117.4924,15.9,64.0,Mira Loma (Van Buren),19.730666833333334,70.75552474999999,10.891275325,1011.7958333333332,0.0,36.791666666666664
2024-06-12,33.996360000875,-117.4924,8.7,48.0,Mira Loma (Van Buren),19.495250125000002,69.45109070833333,9.482744154166665,1013.2958333333332,0.0,21.416666666666668
2024-06-13,33.996360000875,-117.4924,14.3,61.0,Mira Loma (Van Buren),20.81191677083333,64.701310125,12.109289804166666,1013.4,0.0,13.5
2024-06-14,33.996360000875,-117.4924,13.3,59.0,Mira Loma (Van Buren),21.049416937500002,60.60201758333333,9.428409633333333,1013.6166666666667,0.0,2.7083333333333335
2024-06-15,33.996360000875,-117.4924,16.8,65.0,Mira Loma (Van Buren),23.980666645833335,54.32571408333333,8.591878902916667,1009.4833333333332,0.0,0.5416666666666666
2024-06-16,33.996360000875,-117.4924,16.6,65.0,Mira Loma (Van Buren),23.414000041666668,56.147382375,8.524212295833333,1006.5875,0.0,1.0833333333333333
2024-06-17,33.996360000875,-117.4924,16.2,64.0,Mira Loma (Van Buren),20.30775010416667,65.33560616666666,11.7395630875,1005.9791666666666,0.0,30.291666666666668
2024-06-18,33.996360000875,-117.4924,16.4,65.0,Mira Loma (Van Buren),19.4827501875,67.91449874999999,11.787015916666666,1006.5208333333334,0.0,19.541666666666668
2024-06-19,33.996360000875,-117.4924,16.9,66.0,Mira Loma (Van Buren),20.630666791666666,67.55358199999999,10.325555020833333,1008.9583333333334,0.0,25.041666666666668
2024-06-20,33.996360000875,-117.4924,15.9,64.0,Mira Loma (Van Buren),21.672333645833334,65.178255875,9.8822327875,1008.8874999999999,0.0,8.25
2024-06-21,33.996360000875,-117.4924,14.5,61.0,Mira Loma (Van Buren),22.8973333125,58.419478125000005,9.459666479166666,1006.9708333333333,0.0,1.1666666666666667
2024-06-22,33.996360000875,-117.4924,15.7,63.0,Mira Loma (Van Buren),25.66816645833333,50.83284162499999,9.727834329166667,1007.8833333333333,0.0,3.125
2024-06-23,33.996360000875,-117.4924,14.1,60.0,Mira Loma (Van Buren),28.59524970833333,40.03051420833334,10.684828291666667,1010.3041666666667,0.0,9.125
2024-06-24,33.996360000875,-117.4924,9.2,51.0,Mira Loma (Van Buren),27.57441670833333,37.06706595833334,10.402592779166666,1011.5500000000001,0.0,7.5
2024-06-25,33.996360000875,-117.4924,11.2,55.0,Mira Loma (Van Buren),25.84941675,42.07010541666667,10.989884108333333,1011.9666666666667,0.0,0.8333333333333334
2024-06-26,33.996360000875,-117.4924,10.5,54.0,Mira Loma (Van Buren),24.380666791666666,51.466498,11.0426934125,1013.3541666666666,0.0,2.4166666666666665
2024-06-27,33.996360000875,-117.4924,13.2,59.0,Mira Loma (Van Buren),23.418166541666665,60.835173,10.601873079166667,1011.1,0.0,11.75
2024-06-28,33.996360000875,-117.4924,13.9,60.0,Mira Loma (Van Buren),23.782749916666663,61.07953508333333,10.276358045833334,1008.5,0.0,7.75
2024-06-29,33.996360000875,-117.4924,15.8,63.0,Mira Loma (Van Buren),22.820249875000002,61.45852341666667,10.165781683333334,1010.3166666666666,0.0,9.958333333333334
2024-06-30,33.996360000875,-117.4924,14.8,62.0,Mira Loma (Van Buren),25.149416625,51.547033125000006,10.003359783333332,1011.5,0.0,0.041666666666666664
2024-07-01,33.996360000875,-117.4924,12.3,57.0,Mira Loma (Van Buren),25.205666458333337,50.49583075,9.9215713375,1010.9583333333334,0.0,5.125
2024-07-02,33.996360000875,-117.4924,15.0,62.0,Mira Loma (Van Buren),23.401500062500002,61.97626929166666,11.323377808333333,1009.4499999999999,0.0,19.958333333333332
2024-07-03,33.996360000875,-117.4924,17.7,67.0,Mira Loma (Van Buren),25.680666375,53.90591945833333,11.692372629166668,1009.4291666666667,0.0,0.0
2024-07-04,33.996360000875,-117.4924,22.7,76.0,Mira Loma (Van Buren),25.216083166666667,57.41108,11.565933487499999,1012.3833333333333,0.0,8.041666666666666
2024-07-05,33.996360000875,-117.4924,59.8,154.0,Mira Loma (Van Buren),25.766083041666665,55.79124679166667,10.430596975,1010.4083333333333,0.0,5.083333333333333
2024-07-06,33.996360000875,-117.4924,16.4,65.0,Mira Loma (Van Buren),26.199416541666665,58.72323554166667,11.980370241666668,1008.3708333333334,0.0,16.541666666666668
2024-07-07,33.996360000875,-117.4924,12.8,58.0,Mira Loma (Van Buren),24.951499958333333,64.419832375,10.029687079166667,1011.4375,0.0,14.166666666666666
2024-07-08,33.996360000875,-117.4924,12.9,58.0,Mira Loma (Van Buren),24.849416625,60.49696325,10.11569965,1009.8375,0.0,7.625
2024-07-09,33.996360000875,-117.4924,17.7,67.0,Mira Loma (Van Buren),25.451500041666666,61.17574675,10.502221670833334,1008.7416666666667,0.0,16.041666666666668
2024-07-10,33.996360000875,-117.4924,21.2,74.0,Mira Loma (Van Buren),27.224416291666667,54.203052750000005,9.465904725,1009.1583333333333,0.0,1.4166666666666667
2024-07-11,33.996360000875,-117.4924,17.5,67.0,Mira Loma (Van Buren),26.29316645833333,60.23891729166667,10.306110533333333,1010.3541666666666,0.0,21.166666666666668
2024-07-12,33.996360000875,-117.4924,16.1,64.0,Mira Loma (Van Buren),24.28066670833333,63.13473270833333,10.829817670833334,1010.5333333333333,0.0,39.583333333333336
2024-07-13,33.996360000875,-117.4924,13.2,59.0,Mira Loma (Van Buren),25.020249916666668,57.69723458333333,11.860920845833334,1011.7208333333333,0.0,14.958333333333334
2024-07-14,33.996360000875,-117.4924,14.4,61.0,Mira Loma (Van Buren),24.47025016666667,61.563935166666674,11.60054755,1015.2541666666666,0.0,8.25
2024-07-15,33.996360000875,-117.4924,13.0,58.0,Mira Loma (Van Buren),24.920249875,59.3000485,11.3149724125,1015.4166666666666,0.0,8.75
2024-07-16,33.996360000875,-117.4924,11.4,55.0,Mira Loma (Van Buren),24.199416833333334,60.743338,11.4160341125,1014.15,0.0,8.458333333333334
2024-07-17,33.996360000875,-117.4924,10.8,54.0,Mira Loma (Van Buren),24.29316675,61.15367908333334,10.209664258333333,1013.4166666666666,0.0,18.5
2024-07-18,33.996360000875,-117.4924,12.0,56.0,Mira Loma (Van Buren),25.51191645833333,59.421850666666664,11.3051101375,1012.9499999999999,0.0,11.208333333333334
2024-07-19,33.996360000875,-117.4924,14.1,60.0,Mira Loma (Van Buren),26.307749958333332,57.256782125,9.702483658333334,1013.5916666666667,0.0,6.458333333333333
2024-07-20,33.996360000875,-117.4924,15.2,62.0,Mira Loma (Van Buren),28.603583125,43.82302983333333,8.985167183333333,1012.2208333333333,0.0,0.2916666666666667
2024-07-21,33.996360000875,-117.4924,14.2,61.0,Mira Loma (Van Buren),28.64316633333333,40.862877833333336,11.796470025,1010.7083333333334,0.0,7.416666666666667
2024-07-22,33.996360000875,-117.4924,14.7,61.0,Mira Loma (Van Buren),27.080666249999997,52.0162465,11.541551925,1010.2916666666666,0.0,9.083333333333334
2024-07-23,33.996360000875,-117.4924,13.4,59.0,Mira Loma (Van Buren),27.332749875,50.40141408333333,10.9211148625,1010.6625,0.0,2.4166666666666665
2024-07-24,33.996360000875,-117.4924,13.0,58.0,Mira Loma (Van Buren),27.478583041666667,51.57250629166666,10.68597914875,1014.3249999999999,0.0,3.2083333333333335
2024-07-25,33.996360000875,-117.4924,16.7,65.0,Mira Loma (Van Buren),29.166083,44.25750658333333,9.370064833333332,1015.275,0.0,0.25
2024-07-26,33.996360000875,-117.4924,11.7,56.0,Mira Loma (Van Buren),29.182749625,44.5330725,9.668723045833334,1011.9583333333334,0.0,0.0
2024-07-27,33.996360000875,-117.4924,13.4,59.0,Mira Loma (Van Buren),25.782749791666664,50.59975166666666,10.861293470833333,1010.3375,0.0,4.375
2024-07-28,33.996360000875,-117.4924,13.7,60.0,Mira Loma (Van Buren),24.218166666666665,53.249592625,10.04081957,1011.2875,0.0,3.2916666666666665
2024-07-29,33.996360000875,-117.4924,12.4,57.0,Mira Loma (Van Buren),23.68274972916667,52.779044,9.9146381075,1013.2958333333332,0.0,4.0
2024-07-30,33.996360000875,-117.4924,12.6,58.0,Mira Loma (Van Buren),24.16816670833333,49.22714354166666,9.282284266666666,1013.0458333333332,0.0,1.2083333333333333
2024-07-31,33.996360000875,-117.4924,14.1,60.0,Mira Loma (Van Buren),24.326500125,51.89834258333334,9.97036075,1012.0500000000001,0.0,0.875
2024-08-01,33.996360000875,-117.4924,15.8,63.0,Mira Loma (Van Buren),25.149416583333334,52.015947958333335,9.732181425,1013.1916666666666,0.0,35.291666666666664
2024-08-02,33.996360000875,-117.4924,15.8,63.0,Mira Loma (Van Buren),27.213999833333332,50.54847204166666,10.212175275,1015.3375,0.004166666666666667,7.708333333333333
2024-08-03,33.996360000875,-117.4924,15.0,62.0,Mira Loma (Van Buren),29.480666416666665,37.038543,8.6598158125,1013.2458333333334,0.0,3.6666666666666665
2024-08-04,33.996360000875,-117.4924,14.4,61.0,Mira Loma (Van Buren),28.85983333333333,41.77162179166667,9.147142683333334,1010.6750000000001,0.0,18.041666666666668
2024-08-05,33.996360000875,-117.4924,13.7,60.0,Mira Loma (Van Buren),30.05566625,41.85568075,9.206417904166667,1009.9875000000001,0.0,53.25
2024-08-06,33.996360000875,-117.4924,14.7,61.0,Mira Loma (Van Buren),29.253582708333337,42.216668166666665,10.74961625,1011.5166666666668,0.0,29.791666666666668
2024-08-07,33.996360000875,-117.4924,14.5,61.0,Mira Loma (Van Buren),27.64316641666667,49.360777125,10.265909560416667,1013.7916666666666,0.0,32.125
2024-08-08,33.996360000875,-117.4924,15.1,62.0,Mira Loma (Van Buren),25.082749875,54.850516999999996,9.942655129166667,1012.8249999999999,0.0,10.916666666666666
2024-08-09,33.996360000875,-117.4924,16.0,64.0,Mira Loma (Van Buren),25.503582958333336,54.613193499999994,10.563816708333333,1010.9541666666668,0.0,0.2916666666666667
2024-08-10,33.996360000875,-117.4924,19.3,70.0,Mira Loma (Van Buren),26.395250083333334,53.150574,10.154306979166668,1010.3791666666666,0.0,3.4166666666666665
2024-08-11,33.996360000875,-117.4924,19.0,69.0,Mira Loma (Van Buren),27.622333375,52.304135083333335,10.357079241666666,1011.7333333333332,0.0,23.833333333333332
2024-08-12,33.996360000875,-117.4924,12.6,58.0,Mira Loma (Van Buren),26.82858320833333,55.73972908333334,9.856091316666665,1012.7541666666666,0.0,42.208333333333336
2024-08-13,33.996360000875,-117.4924,12.3,57.0,Mira Loma (Van Buren),26.40566670833333,50.30784275,9.089537195,1012.0124999999999,0.0,0.0
2024-08-14,33.996360000875,-117.4924,13.3,59.0,Mira Loma (Van Buren),26.255666291666667,51.291779958333336,8.528260457083332,1012.9499999999999,0.0,0.16666666666666666
2024-08-15,33.996360000875,-117.4924,16.0,64.0,Mira Loma (Van Buren),26.461916375,52.389109958333336,7.842133583333333,1012.2583333333333,0.0,0.0
2024-08-16,33.996360000875,-117.4924,15.0,62.0,Mira Loma (Van Buren),27.00358291666667,49.58060341666667,8.538378745833333,1010.6291666666666,0.0,9.083333333333334
2024-08-17,33.996360000875,-117.4924,13.9,60.0,Mira Loma (Van Buren),24.997333333333334,61.954756124999996,12.147948925,1011.6083333333332,0.0,19.958333333333332
2024-08-18,33.996360000875,-117.4924,14.7,61.0,Mira Loma (Van Buren),23.578583249999998,61.742632541666666,10.520436570833333,1012.4541666666668,0.0,6.083333333333333
2024-08-19,33.996360000875,-117.4924,14.0,60.0,Mira Loma (Van Buren),25.893166875000002,55.68592016666667,9.4626233375,1013.0708333333333,0.0,0.0
2024-08-20,33.996360000875,-117.4924,11.0,55.0,Mira Loma (Van Buren),28.495249541666666,36.58189954583333,7.949227416666667,1012.6166666666667,0.0,0.0
2024-08-21,33.996360000875,-117.4924,12.2,57.0,Mira Loma (Van Buren),28.547333124999998,28.489403125,8.473601244583334,1012.4,0.0,0.5
2024-08-22,33.996360000875,-117.4924,12.6,58.0,Mira Loma (Van Buren),24.813999874999997,57.32355758333333,10.0353592625,1012.5749999999999,0.0,9.0
2024-08-23,33.996360000875,-117.4924,10.2,53.0,Mira Loma (Van Buren),22.474416833333333,64.38484291666667,10.01425338625,1012.9458333333333,0.0,9.625
2024-08-24,33.996360000875,-117.4924,9.9,52.0,Mira Loma (Van Buren),21.605666895833334,61.46160783333334,9.9955151875,1015.0,0.0,0.375
2024-08-25,33.996360000875,-117.4924,12.1,57.0,Mira Loma (Van Buren),22.020250375,60.018289833333334,8.749607436666667,1015.8291666666668,0.0,0.0
2024-08-26,33.996360000875,-117.4924,14.1,60.0,Mira Loma (Van Buren),24.461916666666667,46.40681158333334,9.101020941666667,1016.3125,0.0,0.0
2024-08-27,33.996360000875,-117.4924,15.0,62.0,Mira Loma (Van Buren),24.961916666666667,50.612570833333336,8.533265465416667,1014.4833333333332,0.0,0.0
2024-08-28,33.996360000875,-117.4924,15.7,63.0,Mira Loma (Van Buren),23.474416708333333,64.66452541666666,11.120820583333334,1013.4666666666667,0.0,23.291666666666668
2024-08-29,33.996360000875,-117.4924,17.7,67.0,Mira Loma (Van Buren),21.980666791666668,66.662424375,11.424370687500002,1013.975,0.0,23.541666666666668
2024-08-30,33.996360000875,-117.4924,18.8,69.0,Mira Loma (Van Buren),21.68275010416667,67.29935941666666,10.807538504166667,1014.8000000000001,0.0,16.5
2024-08-31,33.996360000875,-117.4924,19.1,70.0,Mira Loma (Van Buren),22.768166583333336,67.09506766666667,9.768078837500001,1014.2416666666667,0.0,20.458333333333332
2024-09-01,33.996360000875,-117.4924,18.1,68.0,Mira Loma (Van Buren),24.94524991666667,63.157960333333335,9.5808064375,1011.8125,0.0,21.708333333333332
2024-09-02,33.996360000875,-117.4924,17.9,67.0,Mira Loma (Van Buren),25.468166749999998,64.24852270833334,10.095425020833334,1011.3000000000001,0.0,21.333333333333332
2024-09-03,33.996360000875,-117.4924,15.9,64.0,Mira Loma (Van Buren),27.053583166666666,55.261969,9.506244774166667,1011.1541666666667,0.0,1.0833333333333333
2024-09-04,33.996360000875,-117.4924,14.0,60.0,Mira Loma (Van Buren),29.970249624999997,34.948756083333336,8.8371389375,1011.0375,0.0,0.08333333333333333
2024-09-05,33.996360000875,-117.4924,15.3,63.0,Mira Loma (Van Buren),33.297332958333335,24.269627916666668,7.982861633333333,1010.8375,0.0,0.0
2024-09-06,33.996360000875,-117.4924,18.2,68.0,Mira Loma (Van Buren),35.11816604166667,18.674457933333333,9.56823065,1009.0291666666667,0.0,9.125
2024-09-07,33.996360000875,-117.4924,20.3,72.0,Mira Loma (Van Buren),32.92233304166667,32.03605554166666,8.5495447625,1008.1125000000001,0.0,20.041666666666668
2024-09-08,33.996360000875,-117.4924,46.8,129.0,Mira Loma (Van Buren),33.58899945833333,25.381308458333333,7.647042945833333,1006.8666666666667,0.0,14.791666666666666
2024-09-09,33.996360000875,-117.4924,60.8,155.0,Mira Loma (Van Buren),33.95358266666667,22.22096504166667,7.086050433333334,1007.8958333333334,0.0,5.666666666666667
2024-09-10,33.996360000875,-117.4924,14.5,61.0,Mira Loma (Van Buren),32.07233325,22.97525525,8.99603779875,1008.7416666666667,0.0,0.4166666666666667
2024-09-11,33.996360000875,-117.4924,11.8,56.0,Mira Loma (Van Buren),23.58483354166667,55.387077250000004,9.253925975,1008.1374999999999,0.0,8.5
2024-09-12,33.996360000875,-117.4924,13.7,60.0,Mira Loma (Van Buren),20.3577501875,66.18885645833333,8.573693245,1006.2791666666667,0.0,11.083333333333334
2024-09-13,33.996360000875,-117.4924,13.6,59.0,Mira Loma (Van Buren),20.84525025,70.28563833333334,9.9460482625,1007.6083333333332,0.0,17.583333333333332
2024-09-14,33.996360000875,-117.4924,15.2,62.0,Mira Loma (Van Buren),21.189000145833333,68.85470758333334,10.337942383333333,1010.5083333333333,0.0,14.041666666666666
2024-09-15,33.996360000875,-117.4924,12.2,57.0,Mira Loma (Van Buren),20.43900029166667,71.60280341666667,9.985061825,1011.1750000000001,0.004166666666666667,41.041666666666664
2024-09-16,33.996360000875,-117.4924,7.3,41.0,Mira Loma (Van Buren),19.926500375,65.01080083333333,13.102973275000002,1010.5541666666667,0.08333333333333333,49.0
2024-09-17,33.996360000875,-117.4924,7.0,39.0,Mira Loma (Van Buren),17.68275022916667,65.18984220833333,8.3393089375,1013.3249999999999,0.0,20.5
2024-09-18,33.996360000875,-117.4924,9.7,52.0,Mira Loma (Van Buren),18.6556669375,65.46784095833333,7.357270704166666,1011.5749999999999,0.0,0.5416666666666666
2024-09-19,33.996360000875,-117.4924,7.4,41.0,Mira Loma (Van Buren),19.605667125,67.848140375,8.880422854166667,1010.875,0.0,47.791666666666664
2024-09-20,33.996360000875,-117.4924,10.0,53.0,Mira Loma (Van Buren),20.0035835,66.31424608333333,10.747631033333333,1011.0625,0.0,41.375
2024-09-21,33.996360000875,-117.4924,14.1,60.0,Mira Loma (Van Buren),18.70566691666667,71.74235658333333,8.204154966666666,1012.3874999999999,0.0,31.833333333333332
2024-09-22,33.996360000875,-117.4924,18.2,68.0,Mira Loma (Van Buren),20.595250270833333,71.26668500000001,8.921904275000001,1012.1,0.0,26.875
2024-09-23,33.996360000875,-117.4924,19.3,70.0,Mira Loma (Van Buren),22.664000083333335,63.084732583333334,8.565927041666667,1010.0375,0.0,6.375
2024-09-24,33.996360000875,-117.4924,17.0,66.0,Mira Loma (Van Buren),22.1265001875,67.66297841666666,9.980182958333334,1008.7375000000001,0.0,32.25
2024-09-25,33.996360000875,-117.4924,20.2,72.0,Mira Loma (Van Buren),20.666083625000002,71.58431691666667,9.501538029166666,1009.6750000000001,0.0,36.083333333333336
2024-09-26,33.996360000875,-117.4924,15.4,63.0,Mira Loma (Van Buren),19.922333625,72.26257616666666,8.81633905,1010.1541666666667,0.0,25.416666666666668
2024-09-27,33.996360000875,-117.4924,18.7,69.0,Mira Loma (Van Buren),20.024417166666666,69.65026479166666,8.118345529166666,1010.2833333333333,0.0,16.25
2024-09-28,33.996360000875,-117.4924,15.6,63.0,Mira Loma (Van Buren),20.257750125,67.34177916666667,8.500233441666667,1010.0625,0.0,29.0
2024-09-29,33.996360000875,-117.4924,19.9,71.0,Mira Loma (Van Buren),21.101500166666668,55.332535291666666,8.094431620833333,1011.3208333333333,0.0,0.7916666666666666
2024-09-30,33.996360000875,-117.4924,23.9,79.0,Mira Loma (Van Buren),23.039000104166664,50.857527250000004,7.494831754166667,1010.1916666666666,0.0,2.4583333333333335
2024-10-01,33.996360000875,-117.4924,23.3,77.0,Mira Loma (Van Buren),24.476499979166665,52.172311875,8.549142479166667,1011.8916666666668,0.0,5.541666666666667
2024-10-02,33.996360000875,-117.4924,20.5,72.0,Mira Loma (Van Buren),26.718166458333332,42.87727629166667,7.806327333333333,1009.7166666666667,0.0,11.791666666666666
2024-10-03,33.996360000875,-117.4924,21.5,74.0,Mira Loma (Van Buren),26.899416708333334,43.37246620833333,7.7464246125,1007.1666666666666,0.0,0.5416666666666666
2024-10-04,33.996360000875,-117.4924,21.1,73.0,Mira Loma (Van Buren),24.355666583333335,62.97834054166666,6.99949926875,1010.2708333333334,0.0,25.0
2024-10-05,33.996360000875,-117.4924,24.9,80.0,Mira Loma (Van Buren),23.855666791666668,63.2557265,8.946163816666667,1012.875,0.0,24.875
2024-10-06,33.996360000875,-117.4924,22.1,75.0,Mira Loma (Van Buren),25.093166583333332,53.698470166666674,7.123795595833333,1012.6583333333333,0.0,7.041666666666667
2024-10-07,33.996360000875,-117.4924,20.2,72.0,Mira Loma (Van Buren),26.551499916666668,45.00068375,6.404432370833334,1011.0541666666667,0.0,39.666666666666664
2024-10-08,33.996360000875,-117.4924,17.4,66.0,Mira Loma (Van Buren),25.909833250000002,43.539458875,6.384614379166667,1009.6750000000001,0.0,5.625
2024-10-09,33.996360000875,-117.4924,22.2,75.0,Mira Loma (Van Buren),23.96816670833333,46.241263624999995,7.110900291666667,1011.5500000000001,0.0,0.0
2024-10-10,33.996360000875,-117.4924,22.4,76.0,Mira Loma (Van Buren),21.88900035416667,63.07403358333334,7.410401491666666,1014.0541666666667,0.0,20.291666666666668
2024-10-11,33.996360000875,-117.4924,16.7,65.0,Mira Loma (Van Buren),23.568166666666666,42.29094033333333,8.01018625,1015.1999999999999,0.0,31.25
2024-10-12,33.996360000875,-117.4924,18.2,68.0,Mira Loma (Van Buren),23.445250083333335,38.137738166666665,5.959760374999999,1016.3083333333334,0.0,68.70833333333333
2024-10-13,33.996360000875,-117.4924,13.7,60.0,Mira Loma (Van Buren),19.803583541666665,61.3769925,7.006074104166667,1015.6458333333334,0.0,12.25
2024-10-14,33.996360000875,-117.4924,14.3,61.0,Mira Loma (Van Buren),18.480667041666667,73.85808495833334,6.693635441666667,1016.6,0.0,37.041666666666664
2024-10-15,33.996360000875,-117.4924,18.3,68.0,Mira Loma (Van Buren),17.536916916666666,78.84876495833333,7.574935491666667,1016.4625,0.0,49.25
2024-10-16,33.996360000875,-117.4924,21.3,74.0,Mira Loma (Van Buren),18.032750208333333,76.892101625,7.233245195833334,1014.4916666666667,0.0,56.416666666666664
2024-10-17,33.996360000875,-117.4924,8.3,46.0,Mira Loma (Van Buren),18.132750125,72.19314129166666,7.853560520833334,1011.5500000000001,0.004166666666666667,86.54166666666667
2024-10-18,33.996360000875,-117.4924,12.8,58.0,Mira Loma (Van Buren),18.2723335625,63.124951375,8.190373908333333,1011.0583333333334,0.0,42.083333333333336
2024-10-19,33.996360000875,-117.4924,10.4,53.0,Mira Loma (Van Buren),20.253583666666668,18.571872895833334,11.708073570833333,1015.6125000000001,0.0,5.041666666666667
2024-10-20,33.996360000875,-117.4924,14.8,62.0,Mira Loma (Van Buren),20.405666875,28.8474075625,6.556510670833333,1017.875,0.0,0.0
2024-10-21,33.996360000875,-117.4924,20.7,73.0,Mira Loma (Van Buren),20.972333458333335,31.391861666666667,7.836572104166667,1017.375,0.0,31.291666666666668
2024-10-22,33.996360000875,-117.4924,16.0,64.0,Mira Loma (Van Buren),22.101499958333335,30.441693416666666,7.412231679166666,1016.0124999999999,0.0,16.166666666666668
2024-10-23,33.996360000875,-117.4924,17.6,67.0,Mira Loma (Van Buren),22.843166999999998,30.366085666666667,7.9643050375,1015.4666666666667,0.0,0.0
2024-10-24,33.996360000875,-117.4924,18.6,69.0,Mira Loma (Van Buren),22.5327503125,37.66650995833333,5.4511364916666665,1013.6583333333333,0.0,31.583333333333332
2024-10-25,33.996360000875,-117.4924,20.6,72.0,Mira Loma (Van Buren),21.168166875,39.84140095833333,7.097916674166666,1013.4458333333333,0.0,0.8333333333333334
2024-10-26,33.996360000875,-117.4924,35.2,100.0,Mira Loma (Van Buren),21.176500020833334,40.078487833333334,6.83627226875,1016.0666666666666,0.0,83.16666666666667
2024-10-27,33.996360000875,-117.4924,23.1,77.0,Mira Loma (Van Buren),22.199416875,40.662801,6.207020233333334,1015.5583333333334,0.0,87.45833333333333
2024-10-28,33.996360000875,-117.4924,8.9,49.0,Mira Loma (Van Buren),19.378583541666668,64.84594170833334,8.876219308333333,1013.3041666666667,0.0,53.0
2024-10-29,33.996360000875,-117.4924,8.6,48.0,Mira Loma (Van Buren),15.22650025,72.07640175,6.568914100000001,1011.8249999999999,0.0375,28.125
2024-10-30,33.996360000875,-117.4924,9.7,52.0,Mira Loma (Van Buren),14.6098335625,58.46528570833333,6.334192875,1017.4375,0.0,37.875
2024-10-31,33.996360000875,-117.4924,13.4,59.0,Mira Loma (Van Buren),15.445250208333334,44.446875416666664,6.415493058333333,1017.7208333333333,0.0,0.0
2024-11-01,33.996360000875,-117.4924,13.7,60.0,Mira Loma (Van Buren),15.295250166666667,51.52094233333333,6.376592466666666,1014.6125000000001,0.0,0.9166666666666666
2024-11-02,33.996360000875,-117.4924,12.0,56.0,Mira Loma (Van Buren),14.764000208333334,70.93006170833333,6.641242591250001,1013.1791666666667,0.008333333333333333,63.958333333333336
2024-11-03,33.996360000875,-117.4924,10.6,54.0,Mira Loma (Van Buren),15.068166854166668,72.99980666666666,7.509202592916666,1011.2833333333333,0.0,47.708333333333336
2024-11-04,33.996360000875,-117.4924,7.1,39.0,Mira Loma (Van Buren),16.572333562500003,33.436315875,12.37017885,1015.1916666666666,0.0,0.5833333333333334
2024-11-05,33.996360000875,-117.4924,10.3,53.0,Mira Loma (Van Buren),15.539000258333333,35.066403333333334,5.765596566666667,1015.8125,0.0,14.791666666666666
2024-11-06,33.996360000875,-117.4924,18.0,68.0,Mira Loma (Van Buren),16.061916895833335,34.64790275,25.263794125,1011.7125,0.0,86.45833333333333
2024-11-07,33.996360000875,-117.4924,3.3,18.0,Mira Loma (Van Buren),16.52650010416667,13.724745195833334,18.012127158333332,1018.0375,0.0,15.75
2024-11-08,33.996360000875,-117.4924,11.7,56.0,Mira Loma (Van Buren),13.995250175,21.214403833333332,7.232289804166666,1020.35,0.0,0.0
2024-11-09,33.996360000875,-117.4924,21.4,74.0,Mira Loma (Van Buren),15.343166737499999,25.78933520833333,6.804941679166667,1015.9166666666666,0.0,0.0
2024-11-10,33.996360000875,-117.4924,30.1,90.0,Mira Loma (Van Buren),16.780666874999998,28.913435791666668,6.726466725000001,1014.6333333333333,0.0,52.458333333333336
2024-11-11,33.996360000875,-117.4924,23.2,77.0,Mira Loma (Van Buren),15.859833541666667,48.553393375000006,7.320763870833333,1016.2541666666666,0.0,19.291666666666668
2024-11-12,33.996360000875,-117.4924,11.6,56.0,Mira Loma (Van Buren),14.926500208333332,62.501996,5.857732766666667,1016.9541666666668,0.0,28.416666666666668
2024-11-13,33.996360000875,-117.4924,13.1,58.0,Mira Loma (Van Buren),15.711916716666666,25.008269333333335,2.9749184441666667,1018.0208333333334,0.0,9.375
2024-11-14,33.996360000875,-117.4924,14.4,61.0,Mira Loma (Van Buren),16.180666841666667,25.61052816666667,3.7436061708333335,1015.3666666666667,0.0,0.0
2024-11-15,33.996360000875,-117.4924,8.5,47.0,Mira Loma (Van Buren),14.245250291666666,66.98660675,6.361546804166667,1011.1208333333334,0.03333333333333333,42.375
2024-11-16,33.996360000875,-117.4924,12.5,57.0,Mira Loma (Van Buren),11.111916841666668,62.42374929166667,5.736233416666667,1012.7041666666668,0.0,8.5
2024-11-17,33.996360000875,-117.4924,12.9,58.0,Mira Loma (Van Buren),11.403583420833334,43.531196208333334,4.384545867916667,1014.5416666666666,0.0,1.875
2024-11-18,33.996360000875,-117.4924,14.6,61.0,Mira Loma (Van Buren),12.280666966666667,40.500161375,3.4177146370833333,1014.9,0.0,7.708333333333333
2024-11-19,33.996360000875,-117.4924,13.9,60.0,Mira Loma (Van Buren),12.736916883333334,66.5641825,4.731085845833333,1016.7125,0.0,58.291666666666664
2024-11-20,33.996360000875,-117.4924,11.9,56.0,Mira Loma (Van Buren),13.709833570833332,27.803397958333335,3.350794200833333,1020.275,0.0,20.0
2024-11-21,33.996360000875,-117.4924,18.0,68.0,Mira Loma (Van Buren),14.536916895833334,26.254544445833332,2.9353286029166665,1020.4458333333333,0.0,27.0
2024-11-22,33.996360000875,-117.4924,27.0,84.0,Mira Loma (Van Buren),14.805666745833333,21.4571064875,3.112864329166667,1017.8625000000001,0.0,0.0
2024-11-23,33.996360000875,-117.4924,21.8,75.0,Mira Loma (Van Buren),12.501500133333332,51.687613416666665,2.9489098979166664,1016.1,0.0,26.083333333333332
2024-11-24,33.996360000875,-117.4924,6.1,34.0,Mira Loma (Van Buren),15.057750333333333,72.640630625,4.275806583333334,1016.1958333333333,0.004166666666666667,83.25
2024-11-25,33.996360000875,-117.4924,17.0,66.0,Mira Loma (Van Buren),13.178583604166667,68.700667,3.0081057979166665,1020.225,0.0,92.20833333333333
2024-11-26,33.996360000875,-117.4924,13.1,58.0,Mira Loma (Van Buren),13.9785835625,61.581549875,1.7183570808333333,1019.8958333333334,0.0,52.833333333333336
2024-11-27,33.996360000875,-117.4924,15.1,62.0,Mira Loma (Van Buren),17.524416916666667,74.429805375,2.9955401433333333,1017.2458333333334,0.012500000000000002,84.375
2024-11-28,33.996360000875,-117.4924,5.7,32.0,Mira Loma (Van Buren),16.134833708333336,53.596495250000004,6.728864704166667,1016.7125,0.0,22.833333333333332
2024-11-29,33.996360000875,-117.4924,8.1,45.0,Mira Loma (Van Buren),15.826500291666667,19.1943943125,9.271361916666667,1017.1125000000001,0.0,81.375
2024-11-30,33.996360000875,-117.4924,13.5,59.0,Mira Loma (Van Buren),16.359833520833334,18.53715625,7.2535706625,1017.6041666666666,0.0,58.166666666666664
2024-12-01,33.996360000875,-117.4924,21.0,73.0,Mira Loma (Van Buren),17.018166895833335,19.31432327083333,2.9833839475,1018.5541666666667,0.0,66.08333333333333
2024-12-02,33.996360000875,-117.4924,29.7,89.0,Mira Loma (Van Buren),15.241083600000001,30.958327625,4.06812656875,1019.4208333333332,0.0,24.625
2024-12-03,33.996360000875,-117.4924,33.1,96.0,Mira Loma (Van Buren),14.716083645833335,34.938209791666665,3.0747446958333335,1018.8333333333334,0.0,91.5
2024-12-04,33.996360000875,-117.4924,42.4,118.0,Mira Loma (Van Buren),13.124416979166666,64.97771333333334,3.20196079,1020.9291666666667,0.0,5.291666666666667
2024-12-05,33.996360000875,-117.4924,58.0,153.0,Mira Loma (Van Buren),13.139000183333332,59.15530854166667,3.6616315220833333,1020.0749999999999,0.0,0.08333333333333333
2024-12-06,33.996360000875,-117.4924,20.3,72.0,Mira Loma (Van Buren),14.824416820833333,46.35210647916667,4.168294975,1018.2333333333332,0.0,0.0
2024-12-07,33.996360000875,-117.4924,14.3,61.0,Mira Loma (Van Buren),15.876500341666668,22.81262633333333,4.114643283333334,1018.4791666666666,0.0,0.0
2024-12-08,33.996360000875,-117.4924,23.9,79.0,Mira Loma (Van Buren),14.768166795833332,23.0120891875,3.582074834583333,1018.2458333333334,0.0,44.666666666666664
2024-12-09,33.996360000875,-117.4924,21.3,74.0,Mira Loma (Van Buren),12.755666766666666,65.10196225,3.0250791195833333,1018.4,0.0,16.333333333333332
2024-12-10,33.996360000875,-117.4924,3.3,18.0,Mira Loma (Van Buren),17.42441679166667,8.372207645833333,15.446305745833333,1023.4,0.0,0.16666666666666666
2024-12-11,33.996360000875,-117.4924,11.6,56.0,Mira Loma (Van Buren),14.703583604166667,9.3679056625,8.859003991666667,1022.6041666666666,0.0,85.5
2024-12-12,33.996360000875,-117.4924,14.4,61.0,Mira Loma (Van Buren),11.8327502125,21.415840016666667,5.800004466666667,1015.025,0.004166666666666667,57.916666666666664
2024-12-13,33.996360000875,-117.4924,16.4,65.0,Mira Loma (Van Buren),11.803583508333332,69.513266125,4.2922244762499995,1018.9708333333333,0.0,57.791666666666664
2024-12-14,33.996360000875,-117.4924,20.2,72.0,Mira Loma (Van Buren),12.480666904166666,58.531865625,3.512844487083333,1021.9499999999999,0.0,69.91666666666667
2024-12-15,33.996360000875,-117.4924,21.5,74.0,Mira Loma (Van Buren),12.434833591666667,65.969840125,4.06951323875,1021.4125,0.0,41.083333333333336
2024-12-16,33.996360000875,-117.4924,19.4,70.0,Mira Loma (Van Buren),12.345250174999999,49.753701916666664,4.3419527,1020.3041666666667,0.0,39.208333333333336
2024-12-17,33.996360000875,-117.4924,15.2,62.0,Mira Loma (Van Buren),14.261916854166666,35.57966745833333,4.318485720833333,1019.2583333333333,0.0,36.666666666666664
2024-12-18,33.996360000875,-117.4924,2.5,14.0,Mira Loma (Van Buren),20.330666875000002,16.75655925,9.067983158333332,1019.4958333333334,0.0,2.125
2024-12-19,33.996360000875,-117.4924,13.9,60.0,Mira Loma (Van Buren),17.997333625,20.6248715625,5.119101483333333,1018.6625,0.0,19.458333333333332
2024-12-20,33.996360000875,-117.4924,22.6,76.0,Mira Loma (Van Buren),16.580666895833335,30.542192208333333,2.933109179166667,1019.7208333333333,0.0,26.208333333333332
2024-12-21,33.996360000875,-117.4924,22.6,76.0,Mira Loma (Van Buren),16.580666895833335,30.542192208333333,2.933109179166667,1019.7208333333333,0.0,26.208333333333332
2024-12-22,33.996360000875,-117.4924,22.6,76.0,Mira Loma (Van Buren),16.580666895833335,30.542192208333333,2.933109179166667,1019.7208333333333,0.0,26.208333333333332
2024-12-23,33.996360000875,-117.4924,22.6,76.0,Mira Loma (Van Buren),16.580666895833335,30.542192208333333,2.933109179166667,1019.7208333333333,0.0,26.208333333333332
2024-12-24,33.996360000875,-117.4924,22.6,76.0,Mira Loma (Van Buren),16.580666895833335,30.542192208333333,2.933109179166667,1019.7208333333333,0.0,26.208333333333332
2024-12-25,33.996360000875,-117.4924,22.6,76.0,Mira Loma (Van Buren),16.580666895833335,30.542192208333333,2.933109179166667,1019.7208333333333,0.0,26.208333333333332
2024-12-26,33.996360000875,-117.4924,22.6,76.0,Mira Loma (Van Buren),16.580666895833335,30.542192208333333,2.933109179166667,1019.7208333333333,0.0,26.208333333333332
2024-12-27,33.996360000875,-117.4924,22.6,76.0,Mira Loma (Van Buren),16.580666895833335,30.542192208333333,2.933109179166667,1019.7208333333333,0.0,26.208333333333332
2024-12-28,33.996360000875,-117.4924,22.6,76.0,Mira Loma (Van Buren),16.580666895833335,30.542192208333333,2.933109179166667,1019.7208333333333,0.0,26.208333333333332
2024-12-29,33.996360000875,-117.4924,22.6,76.0,Mira Loma (Van Buren),16.580666895833335,30.542192208333333,2.933109179166667,1019.7208333333333,0.0,26.208333333333332
2024-12-30,33.996360000875,-117.4924,22.6,76.0,Mira Loma (Van Buren),16.580666895833335,30.542192208333333,2.933109179166667,1019.7208333333333,0.0,26.208333333333332
2024-12-31,33.996360000875,-117.4924,22.6,76.0,Mira Loma (Van Buren),16.580666895833335,30.542192208333333,2.933109179166667,1019.7208333333333,0.0,26.208333333333332
2025-01-01,33.996360000875,-117.4924,75.4,165.0,Mira Loma (Van Buren),12.203583529166666,60.41507479166666,4.640724725,1018.0875,0.0,39.166666666666664
2025-01-02,33.996360000875,-117.4924,33.1,96.0,Mira Loma (Van Buren),14.3785834875,40.109636625,4.293757029166667,1018.6625,0.0,16.166666666666668
2025-01-03,33.996360000875,-117.4924,24.7,80.0,Mira Loma (Van Buren),15.580666770833334,32.4699265,3.3350845587499998,1017.6541666666667,0.0,84.5
2025-01-04,33.996360000875,-117.4924,44.1,122.0,Mira Loma (Van Buren),10.549416795833332,72.86258558333333,4.122280365,1018.6416666666668,0.0,44.333333333333336
2025-01-05,33.996360000875,-117.4924,24.4,80.0,Mira Loma (Van Buren),12.620250091666668,43.28819229166667,3.7470577166666668,1019.6583333333333,0.0,76.79166666666667
2025-01-06,33.996360000875,-117.4924,15.5,63.0,Mira Loma (Van Buren),15.055666875,28.647676625,3.4404358333333334,1018.9166666666666,0.0,21.458333333333332
2025-01-07,33.996360000875,-117.4924,8.3,46.0,Mira Loma (Van Buren),14.882750104166666,38.09606304166667,9.44527407375,1014.2624999999999,0.0,64.33333333333333
2025-01-08,33.996360000875,-117.4924,4.4,24.0,Mira Loma (Van Buren),15.949416958333332,15.971726666666667,20.515463999999998,1018.1416666666668,0.0,23.208333333333332
2025-01-09,33.996360000875,-117.4924,4.0,22.0,Mira Loma (Van Buren),13.7660834,19.004033058333334,7.77321079875,1019.2916666666666,0.0,2.7916666666666665
2025-01-10,33.996360000875,-117.4924,14.3,61.0,Mira Loma (Van Buren),16.018166875000002,12.5851412625,8.730016633333333,1024.4125000000001,0.0,0.5
2025-01-11,33.996360000875,-117.4924,15.5,63.0,Mira Loma (Van Buren),13.009833629166666,20.888705291666668,6.376620455416667,1019.7166666666667,0.0,0.0
2025-01-12,33.996360000875,-117.4924,1.6,9.0,Mira Loma (Van Buren),15.791083624999999,11.756919062500002,13.692369708333333,1017.3375,0.0,0.0
2025-01-13,33.996360000875,-117.4924,2.0,11.0,Mira Loma (Van Buren),13.607750229166667,14.618991270833334,16.377146041666666,1021.2291666666666,0.0,0.0
2025-01-14,33.996360000875,-117.4924,4.1,23.0,Mira Loma (Van Buren),12.311917016666667,14.354754604166667,10.473802983333334,1025.3791666666666,0.0,0.0
2025-01-15,33.996360000875,-117.4924,3.1,17.0,Mira Loma (Van Buren),12.455666766666667,19.281205500000002,6.29112601,1023.5291666666667,0.0,0.0
2025-01-16,33.996360000875,-117.4924,9.8,52.0,Mira Loma (Van Buren),11.601500266666667,19.384874541666665,5.4490772625,1021.6875,0.0,1.7083333333333333
2025-01-17,33.996360000875,-117.4924,13.8,60.0,Mira Loma (Van Buren),10.4348334625,62.08406029166667,4.098869549583333,1022.2583333333333,0.0,23.333333333333332
2025-01-18,33.996360000875,-117.4924,20.2,72.0,Mira Loma (Van Buren),10.201500141666667,70.508350625,3.9383960074999997,1023.0833333333334,0.0,7.833333333333333
2025-01-19,33.996360000875,-117.4924,31.5,93.0,Mira Loma (Van Buren),10.539000108333333,72.99744229166667,3.774821704166667,1022.9583333333334,0.0,18.666666666666668
2025-01-20,33.996360000875,-117.4924,15.3,63.0,Mira Loma (Van Buren),11.670250120833332,61.647002625,9.234190829166666,1020.375,0.0,19.25
2025-01-21,33.996360000875,-117.4924,5.6,31.0,Mira Loma (Van Buren),12.599416912499999,9.708456933333332,13.213253845833334,1028.6416666666667,0.0,0.20833333333333334
2025-01-22,33.996360000875,-117.4924,5.4,30.0,Mira Loma (Van Buren),15.009833508333335,7.9246987833333336,10.414328383333332,1024.4750000000001,0.0,95.375
2025-01-23,33.996360000875,-117.4924,2.3,13.0,Mira Loma (Van Buren),19.166083479166666,4.331740716666666,12.981793154166667,1024.1875,0.0,5.0
2025-01-24,33.996360000875,-117.4924,7.7,43.0,Mira Loma (Van Buren),15.714000395833333,6.621644687500001,8.6433365375,1020.6833333333334,0.0,6.458333333333333
2025-01-25,33.996360000875,-117.4924,15.9,64.0,Mira Loma (Van Buren),12.574416837500001,17.1747074375,4.388491641666667,1012.0208333333334,0.0,65.29166666666667
2025-01-26,33.996360000875,-117.4924,6.8,38.0,Mira Loma (Van Buren),10.895250229166669,73.37082320833333,5.484642274166667,1015.6958333333333,0.37083333333333335,70.45833333333333
2025-01-27,33.996360000875,-117.4924,7.1,39.0,Mira Loma (Van Buren),8.818166683333333,79.36692929166666,5.4439871375,1018.5541666666667,0.8624999999999999,62.958333333333336
2025-01-28,33.996360000875,-117.4924,13.4,59.0,Mira Loma (Van Buren),7.9035834375,78.32936808333334,4.0592474166666666,1019.0500000000001,0.0,14.458333333333334
2025-01-29,33.996360000875,-117.4924,15.4,63.0,Mira Loma (Van Buren),10.099416820833333,81.50430999999999,4.222971378333333,1019.1291666666666,0.0,44.708333333333336
2025-01-30,33.996360000875,-117.4924,21.1,73.0,Mira Loma (Van Buren),9.368166854166667,82.54753095833333,4.281538916666666,1022.8583333333332,0.0,50.25
2025-01-31,33.996360000875,-117.4924,27.2,85.0,Mira Loma (Van Buren),8.949416745833334,77.47887425,2.700122191666667,1024.375,0.0,55.291666666666664
2025-02-01,33.996360000875,-117.4924,35.7,101.0,Mira Loma (Van Buren),12.080666791666667,66.86260758333333,3.18681411875,1021.5500000000001,0.0,87.66666666666667
2025-02-02,33.996360000875,-117.4924,36.1,102.0,Mira Loma (Van Buren),15.716083666666668,59.82858100000001,3.5735208583333335,1018.8416666666667,0.0,24.791666666666668
2025-02-03,33.996360000875,-117.4924,28.1,86.0,Mira Loma (Van Buren),17.153583666666666,54.415836625,3.8265330416666665,1014.9333333333334,0.0,59.833333333333336
2025-02-04,33.996360000875,-117.4924,13.6,59.0,Mira Loma (Van Buren),15.0327503125,65.26817316666667,6.8097039,1013.7666666666668,0.0,46.416666666666664
2025-02-05,33.996360000875,-117.4924,8.5,47.0,Mira Loma (Van Buren),13.880667083333334,69.47739866666667,6.328596616666666,1017.8583333333332,0.0625,90.625
2025-02-06,33.996360000875,-117.4924,7.6,42.0,Mira Loma (Van Buren),13.9702501875,86.30979845833333,4.364302484583333,1016.75,0.06666666666666667,55.916666666666664
2025-02-07,33.996360000875,-117.4924,4.2,23.0,Mira Loma (Van Buren),15.314000270833333,85.31400133333334,6.531118425,1018.3916666666668,0.1625,91.58333333333333
2025-02-08,33.996360000875,-117.4924,14.2,61.0,Mira Loma (Van Buren),12.611916854166667,81.96400704166666,5.085299505,1019.4375,0.0,82.79166666666667
2025-02-09,33.996360000875,-117.4924,19.5,70.0,Mira Loma (Van Buren),13.018166654166668,66.26878633333332,4.4781597458333335,1017.5083333333333,0.0,85.83333333333333
2025-02-10,33.996360000875,-117.4924,15.5,63.0,Mira Loma (Van Buren),12.29525025,68.22426320833334,4.194082765,1017.1416666666668,0.0,36.958333333333336
2025-02-11,33.996360000875,-117.4924,9.7,52.0,Mira Loma (Van Buren),11.820250354166667,62.279162500000005,6.115446033333334,1015.1583333333333,0.008333333333333333,70.33333333333333
2025-02-12,33.996360000875,-117.4924,6.0,33.0,Mira Loma (Van Buren),10.855667104166665,68.52445583333333,5.1219910749999995,1013.3583333333332,0.12916666666666668,98.16666666666667
2025-02-13,33.996360000875,-117.4924,4.8,27.0,Mira Loma (Van Buren),12.136917041666665,88.28154783333333,7.159801479166667,1014.9,0.9625,99.45833333333333
2025-02-14,33.996360000875,-117.4924,6.9,38.0,Mira Loma (Van Buren),12.861916979166667,87.38350175,13.773937458333334,1017.1999999999999,1.1708333333333334,85.08333333333333
2025-02-15,33.996360000875,-117.4924,10.1,53.0,Mira Loma (Van Buren),11.1431667875,79.22211845833333,5.1010148808333335,1021.9666666666667,0.0,70.29166666666667
2025-02-16,33.996360000875,-117.4924,14.3,61.0,Mira Loma (Van Buren),12.497333466666667,68.62144795833333,3.0621514329166666,1020.1458333333334,0.0,88.54166666666667
2025-02-17,33.996360000875,-117.4924,15.1,62.0,Mira Loma (Van Buren),13.191083541666666,69.73289575,2.922246635,1014.8416666666667,0.0,64.70833333333333
2025-02-18,33.996360000875,-117.4924,13.1,58.0,Mira Loma (Van Buren),12.222333645833332,81.32809116666667,4.123961804166666,1015.7916666666666,0.0,76.5
2025-02-19,33.996360000875,-117.4924,16.7,65.0,Mira Loma (Van Buren),12.8848336,72.93973766666666,4.377650249999999,1018.1916666666666,0.0,60.208333333333336
2025-02-20,33.996360000875,-117.4924,12.3,57.0,Mira Loma (Van Buren),14.582750208333335,68.76676512499999,5.03824377625,1015.7958333333332,0.0,23.541666666666668
2025-02-21,33.996360000875,-117.4924,4.5,25.0,Mira Loma (Van Buren),16.130667041666666,38.69113508333333,6.34333505,1016.525,0.0,1.7083333333333333
2025-02-22,33.996360000875,-117.4924,8.3,46.0,Mira Loma (Van Buren),14.680666858333334,51.489873375,4.015248970833333,1020.9875000000001,0.0,17.125
2025-02-23,33.996360000875,-117.4924,17.7,67.0,Mira Loma (Van Buren),15.720250229166666,47.67555345833333,4.181839053333333,1022.8291666666668,0.0,17.666666666666668
2025-02-24,33.996360000875,-117.4924,19.7,71.0,Mira Loma (Van Buren),17.605667083333334,42.749577499999994,4.929365339166666,1019.8958333333334,0.0,0.0
2025-02-25,33.996360000875,-117.4924,17.2,66.0,Mira Loma (Van Buren),18.186916916666664,46.267444624999996,4.651113072083334,1015.4625,0.0,0.0
2025-02-26,33.996360000875,-117.4924,9.5,52.0,Mira Loma (Van Buren),18.807750270833335,49.60157067916666,4.207790037083334,1013.1999999999999,0.0,0.041666666666666664
2025-02-27,33.996360000875,-117.4924,1.8,10.0,Mira Loma (Van Buren),20.778583416666667,16.181548379166667,8.045210091666666,1016.5583333333334,0.0,36.708333333333336
2025-02-28,33.996360000875,-117.4924,8.0,44.0,Mira Loma (Van Buren),18.6306668125,20.079408416666666,7.172628085416666,1014.6083333333332,0.0,53.458333333333336
2025-03-01,33.996360000875,-117.4924,8.9,49.0,Mira Loma (Van Buren),14.726500166666668,68.82151029166667,9.1409499375,1014.0749999999999,0.004166666666666667,79.0
2025-03-02,33.996360000875,-117.4924,5.7,32.0,Mira Loma (Van Buren),13.69525025,65.76179358333333,9.843005494583332,1018.2166666666667,0.0,72.75
2025-03-03,33.996360000875,-117.4924,6.0,33.0,Mira Loma (Van Buren),10.589000195833334,71.1939225,6.377118156666666,1017.225,0.08333333333333333,36.291666666666664
2025-03-04,33.996360000875,-117.4924,8.4,47.0,Mira Loma (Van Buren),12.122333433333333,54.45540483333334,5.457198291666667,1021.1708333333332,0.0,34.333333333333336
2025-03-05,33.996360000875,-117.4924,11.4,55.0,Mira Loma (Van Buren),13.286916937500001,63.858816958333335,5.023641847083334,1016.9666666666667,0.1625,88.70833333333333
2025-03-06,33.996360000875,-117.4924,5.1,28.0,Mira Loma (Van Buren),10.370250229166667,81.855087,12.863480858333332,1011.9083333333333,0.5708333333333333,75.41666666666667
2025-03-07,33.996360000875,-117.4924,8.4,47.0,Mira Loma (Van Buren),7.9577500125,84.6392105,4.719320797083333,1014.2875,0.32916666666666666,70.25
2025-03-08,33.996360000875,-117.4924,13.2,59.0,Mira Loma (Van Buren),12.651501,64.820984,5.232399,1017.1,0.0,42.0
2025-03-09,33.996360000875,-117.4924,13.2,59.0,Mira Loma (Van Buren),12.651501,64.820984,5.232399,1017.1,0.0,42.0
