date,latitude,longitude,pm2.5,ozone,aqi,city,temperature_2m,relative_humidity_2m,wind_speed_10m,pressure_msl,precipitation,cloud_cover
2014-01-01,37.743065,-122.169935,24.9,0.009,80.0,Oakland,8.418470552941177,69.39925476470589,3.4061664470588235,1021.864705882353,0.0,65.05882352941177
2014-01-02,37.743065,-122.169935,18.0,0.01,68.0,Oakland,9.981583429166667,51.441501625,6.419883124999999,1020.6,0.0,49.041666666666664
2014-01-03,37.743065,-122.169935,18.1,0.006,68.0,Oakland,10.677416791666667,53.73144454166667,4.302322395833333,1017.3583333333332,0.0,73.5
2014-01-04,37.743065,-122.169935,15.9,0.018,64.0,Oakland,10.289916795833333,68.31450458333333,5.8156137333333335,1015.6750000000001,0.0,14.875
2014-01-05,37.743065,-122.169935,8.4,0.033,47.0,Oakland,11.185750075,32.326464791666666,9.359840737499999,1019.1750000000001,0.0,0.0
2014-01-06,37.743065,-122.169935,26.9,0.009,84.0,Oakland,8.869083487500001,52.01003054166667,6.773144816666666,1022.6916666666666,0.0,58.25
2014-01-07,37.743065,-122.169935,29.7,0.007,89.0,Oakland,10.6190835,60.83398775,3.789621375,1021.7541666666666,0.0,90.25
2014-01-08,37.743065,-122.169935,6.7,0.024,37.0,Oakland,12.002417000000001,84.195208625,6.675407366666668,1021.8958333333334,0.0,84.83333333333333
2014-01-09,37.743065,-122.169935,7.2,0.024,40.0,Oakland,11.98575025,79.512598375,7.922170049999999,1022.7666666666668,0.0,79.58333333333333
2014-01-10,37.743065,-122.169935,10.4,0.011,53.0,Oakland,10.623250116666666,75.02220345833334,5.976626802916667,1024.0708333333334,0.0,85.0
2014-01-11,37.743065,-122.169935,10.9,0.017,54.0,Oakland,10.4357502125,85.91017783333332,7.2142180499999995,1022.7083333333334,0.016666666666666666,99.91666666666667
2014-01-12,37.743065,-122.169935,7.7,0.024,43.0,Oakland,9.825333625,77.54751183333333,8.9879578625,1025.6583333333333,0.004166666666666667,40.583333333333336
2014-01-13,37.743065,-122.169935,4.5,0.032,25.0,Oakland,11.727416683333333,48.74956420833333,9.845537125,1028.3208333333334,0.0,1.75
2014-01-14,37.743065,-122.169935,9.2,0.03,51.0,Oakland,10.642000083333334,48.092693125000004,9.581438858333334,1029.2541666666666,0.0,0.08333333333333333
2014-01-15,37.743065,-122.169935,10.8,0.036,54.0,Oakland,12.252416708333334,37.086538499999996,9.7459677625,1026.3708333333334,0.0,0.0
2014-01-16,37.743065,-122.169935,10.7,0.035,54.0,Oakland,12.135750070833334,40.89509170833333,10.0365655875,1022.4666666666667,0.0,0.0
2014-01-17,37.743065,-122.169935,20.5,0.015,72.0,Oakland,10.946166666666668,46.50341179166667,7.931441733333333,1020.5749999999999,0.0,1.0
2014-01-18,37.743065,-122.169935,18.0,0.013,68.0,Oakland,10.527416758333333,47.053654,6.348097591666666,1019.975,0.0,2.8333333333333335
2014-01-19,37.743065,-122.169935,23.6,0.025,78.0,Oakland,9.748250020833334,51.32409079166666,7.3665179499999995,1018.5625,0.0,2.1666666666666665
2014-01-20,37.743065,-122.169935,21.6,0.01,74.0,Oakland,10.3086667875,51.691762458333336,5.219954220833333,1020.0916666666667,0.0,45.708333333333336
2014-01-21,37.743065,-122.169935,11.8,0.009,56.0,Oakland,10.260750066666667,51.5397,4.863341140833334,1022.9,0.0,46.458333333333336
2014-01-22,37.743065,-122.169935,12.3,0.015,57.0,Oakland,11.739916629166666,47.69458479166667,3.8737988158333336,1019.9958333333334,0.0,40.791666666666664
2014-01-23,37.743065,-122.169935,24.6,0.041,80.0,Oakland,11.444083387500001,58.80106,8.01671145,1013.1708333333332,0.0,9.625
2014-01-24,37.743065,-122.169935,37.6,0.014,106.0,Oakland,11.662833391666666,51.02334079166667,4.3675956625,1017.3958333333334,0.0,19.833333333333332
2014-01-25,37.743065,-122.169935,17.6,0.016,67.0,Oakland,13.087833445833333,63.30488354166667,4.2066275583333335,1023.3291666666668,0.0,34.541666666666664
2014-01-26,37.743065,-122.169935,14.2,0.025,61.0,Oakland,12.846166791666667,58.417367541666664,4.031368012500001,1019.4958333333334,0.0,71.33333333333333
2014-01-27,37.743065,-122.169935,12.1,0.021,57.0,Oakland,11.614916904166668,76.91130162500001,5.724506208333334,1019.4708333333333,0.0,76.41666666666667
2014-01-28,37.743065,-122.169935,9.0,0.014,50.0,Oakland,13.360750375,80.10508558333333,6.571708841666666,1022.4583333333334,0.0,94.83333333333333
2014-01-29,37.743065,-122.169935,5.3,0.015,29.0,Oakland,15.646167041666667,88.07610520833333,6.9963796625,1021.7666666666668,0.0,99.79166666666667
2014-01-30,37.743065,-122.169935,4.5,0.034,25.0,Oakland,13.710750416666668,77.49262591666667,8.409402866666667,1014.1416666666668,0.05833333333333334,73.875
2014-01-31,37.743065,-122.169935,5.4,0.025,30.0,Oakland,11.577416975,70.05861316666666,9.855643045833334,1014.3208333333333,0.024999999999999998,34.666666666666664
2014-02-01,37.743065,-122.169935,5.4,0.027,30.0,Oakland,9.4128336125,64.69142683333332,8.9863005875,1019.0291666666667,0.0,0.20833333333333334
2014-02-02,37.743065,-122.169935,4.3,0.028,24.0,Oakland,8.971166916666666,79.59145516666666,10.731246575,1015.4333333333334,0.48333333333333334,62.666666666666664
2014-02-03,37.743065,-122.169935,7.5,0.027,42.0,Oakland,8.9690834625,83.00510712500001,8.126544879166667,1015.5666666666666,0.008333333333333333,37.708333333333336
2014-02-04,37.743065,-122.169935,6.0,0.017,33.0,Oakland,7.808666775,74.15149729166667,5.231449866666667,1018.5958333333333,0.0,69.91666666666667
2014-02-05,37.743065,-122.169935,4.7,0.033,26.0,Oakland,8.179500195833333,75.52654983333333,7.954066133333334,1020.9250000000001,0.0,57.125
2014-02-06,37.743065,-122.169935,5.7,0.017,32.0,Oakland,10.283667166666667,81.954060625,9.331152254166666,1016.0,0.5208333333333334,100.0
2014-02-07,37.743065,-122.169935,6.2,0.031,34.0,Oakland,11.775333750000001,85.55250679166666,8.349250445833333,1016.35,0.125,99.20833333333333
2014-02-08,37.743065,-122.169935,2.1,0.027,12.0,Oakland,13.735750416666667,88.91545550000001,20.93165133333333,1018.025,0.525,100.0
2014-02-09,37.743065,-122.169935,2.0,0.025,11.0,Oakland,14.944083583333333,90.818266875,17.617280541666666,1020.1208333333334,0.7000000000000001,100.0
2014-02-10,37.743065,-122.169935,3.3,0.016,18.0,Oakland,14.177416916666667,91.20852208333334,11.778858825,1021.3541666666666,0.03333333333333333,100.0
2014-02-11,37.743065,-122.169935,7.0,0.019,39.0,Oakland,11.642000416666667,90.00750891666667,5.3144321,1023.5625,0.0,81.83333333333333
2014-02-12,37.743065,-122.169935,11.7,0.013,56.0,Oakland,11.0670005,86.66567908333333,5.32892415,1023.5124999999999,0.0,89.0
2014-02-13,37.743065,-122.169935,10.6,0.01,54.0,Oakland,13.410750333333333,89.20874545833334,5.015513333333334,1022.2083333333334,0.0,96.625
2014-02-14,37.743065,-122.169935,4.0,0.017,22.0,Oakland,14.829500291666667,90.672653125,5.9945024416666675,1020.3125,0.0,92.875
2014-02-15,37.743065,-122.169935,4.2,0.019,23.0,Oakland,13.092000416666666,87.87604566666666,7.657268379166666,1017.0541666666667,0.0,99.41666666666667
2014-02-16,37.743065,-122.169935,6.2,0.033,34.0,Oakland,13.950333583333332,76.61430404166667,9.190067533333334,1018.9250000000001,0.06666666666666667,70.0
2014-02-17,37.743065,-122.169935,6.2,0.028,34.0,Oakland,11.210750183333333,74.44668466666667,8.082475691666668,1020.5124999999999,0.0,73.83333333333333
2014-02-18,37.743065,-122.169935,7.4,0.015,41.0,Oakland,11.406583666666668,78.39352020833333,6.147839211666667,1021.1625,0.0,72.29166666666667
2014-02-19,37.743065,-122.169935,5.5,0.03,31.0,Oakland,14.54825025,72.51805424999999,8.9326548875,1020.2333333333332,0.0,41.375
2014-02-20,37.743065,-122.169935,5.6,0.018,31.0,Oakland,12.533666958333335,65.126859125,5.6003227825,1021.7583333333333,0.0,70.54166666666667
2014-02-21,37.743065,-122.169935,7.1,0.022,39.0,Oakland,12.910750125,67.3495475,3.928655656666667,1019.2958333333332,0.0,28.125
2014-02-22,37.743065,-122.169935,8.1,0.02,45.0,Oakland,12.817000279166669,77.85233516666666,5.040303370833334,1015.7333333333332,0.0,49.708333333333336
2014-02-23,37.743065,-122.169935,9.7,0.021,52.0,Oakland,12.192000208333333,81.67080670833333,5.5311150583333335,1015.1999999999999,0.0,41.208333333333336
2014-02-24,37.743065,-122.169935,11.2,0.026,55.0,Oakland,12.517000070833333,78.36538154166666,4.734990370833334,1015.0166666666668,0.0,39.375
2014-02-25,37.743065,-122.169935,11.2,0.026,55.0,Oakland,12.517000070833333,78.36538154166666,4.734990370833334,1015.0166666666668,0.0,39.375
2014-02-26,37.743065,-122.169935,5.7,0.036,32.0,Oakland,13.994083583333333,78.25120020833333,11.085279575,1012.8125,0.49583333333333335,95.04166666666667
2014-02-27,37.743065,-122.169935,3.3,0.039,18.0,Oakland,14.864917041666667,84.17859395833334,16.268540708333333,1009.1541666666667,0.8458333333333333,76.66666666666667
2014-02-28,37.743065,-122.169935,2.7,0.038,15.0,Oakland,14.960750333333335,77.04205166666667,11.901213795833334,999.1583333333333,1.0083333333333333,98.66666666666667
2014-03-01,37.743065,-122.169935,3.5,0.036,19.0,Oakland,14.675333583333334,76.82819175,15.241333520833335,999.2916666666666,0.15416666666666667,88.04166666666667
2014-03-02,37.743065,-122.169935,1.9,0.036,11.0,Oakland,14.289916875000001,85.09211354166668,9.230093895833333,1011.1416666666668,0.22499999999999998,86.20833333333333
2014-03-03,37.743065,-122.169935,5.6,0.024,31.0,Oakland,13.279500375,87.04943229166668,10.073113720833334,1020.0208333333334,0.041666666666666664,71.625
2014-03-04,37.743065,-122.169935,5.7,0.022,32.0,Oakland,14.410750208333333,82.87368479166666,7.163723654166667,1018.5541666666667,0.3458333333333334,100.0
2014-03-05,37.743065,-122.169935,8.0,0.024,44.0,Oakland,15.162833458333333,89.09941004166666,6.139774604166667,1018.4208333333332,0.0,99.16666666666667
2014-03-06,37.743065,-122.169935,6.1,0.035,34.0,Oakland,16.189916583333332,80.3065865,10.984264549999999,1018.7125,0.4041666666666666,96.5
2014-03-07,37.743065,-122.169935,6.3,0.029,35.0,Oakland,13.61908375,77.74015170833333,7.6609282875,1021.3208333333333,0.0,32.25
2014-03-08,37.743065,-122.169935,10.4,0.027,53.0,Oakland,13.427416958333334,81.73846220833333,5.287661665416667,1020.5625,0.0,62.416666666666664
2014-03-09,37.743065,-122.169935,9.3,0.025,51.0,Oakland,17.20241654166667,70.55925570833334,4.162056270833333,1021.0083333333333,0.0,97.29166666666667
2014-03-10,37.743065,-122.169935,2.6,0.04,14.0,Oakland,16.456583333333334,75.283182375,8.336631145833334,1020.6791666666667,0.024999999999999998,84.54166666666667
2014-03-11,37.743065,-122.169935,2.9,0.04,16.0,Oakland,15.475333375,48.049186999999996,10.32643275,1020.7041666666668,0.0,0.08333333333333333
2014-03-12,37.743065,-122.169935,2.2,0.038,12.0,Oakland,17.70658333333333,29.171678041666667,16.63373825,1017.4875000000001,0.0,0.0
2014-03-13,37.743065,-122.169935,5.7,0.028,32.0,Oakland,16.289916791666666,45.28511129166666,7.188837841666667,1016.6125000000001,0.0,1.0
2014-03-14,37.743065,-122.169935,9.7,0.03,52.0,Oakland,14.610750208333334,74.57778925000001,7.1712428875,1018.8874999999999,0.0,53.833333333333336
2014-03-15,37.743065,-122.169935,8.3,0.035,46.0,Oakland,15.125333458333335,79.05123475,5.284949566666667,1023.8083333333333,0.0,23.916666666666668
2014-03-16,37.743065,-122.169935,8.3,0.03,46.0,Oakland,14.981583541666666,77.34450033333333,5.9988063445833335,1025.2458333333334,0.0,60.125
2014-03-17,37.743065,-122.169935,6.2,0.037,34.0,Oakland,14.892000083333334,65.12708612499999,11.151185641666666,1021.3708333333334,0.0,29.583333333333332
2014-03-18,37.743065,-122.169935,6.4,0.038,36.0,Oakland,14.398250208333332,55.70484966666667,7.041648941666666,1014.5333333333333,0.0,3.9583333333333335
2014-03-19,37.743065,-122.169935,5.5,0.035,31.0,Oakland,14.860750291666667,52.21210420833333,5.150061554166666,1015.625,0.0,12.791666666666666
2014-03-20,37.743065,-122.169935,9.7,0.03,52.0,Oakland,15.083666833333334,68.77470383333333,6.5747663625,1016.8708333333334,0.0,87.54166666666667
2014-03-21,37.743065,-122.169935,12.5,0.036,57.0,Oakland,13.442000083333333,73.79822295833334,8.67068875,1014.6958333333333,0.0,63.458333333333336
2014-03-22,37.743065,-122.169935,12.1,0.035,57.0,Oakland,12.700333666666667,71.46581975,8.658073333333332,1016.4541666666668,0.0,29.958333333333332
2014-03-23,37.743065,-122.169935,12.2,0.039,57.0,Oakland,12.812833583333335,74.266854625,7.501244879166666,1019.9833333333332,0.0,37.583333333333336
2014-03-24,37.743065,-122.169935,12.1,0.028,57.0,Oakland,12.8045001125,73.9062355,6.386626875,1019.6416666666668,0.0,24.291666666666668
2014-03-25,37.743065,-122.169935,5.0,0.037,28.0,Oakland,13.258666904166667,75.48548404166667,9.641770658333334,1016.0708333333333,0.07083333333333335,61.625
2014-03-26,37.743065,-122.169935,3.7,0.04,21.0,Oakland,13.737833666666667,80.07388158333333,12.588729066666666,1010.9208333333332,0.19166666666666665,73.375
2014-03-27,37.743065,-122.169935,7.6,0.043,42.0,Oakland,13.942000291666666,74.25725312499999,10.109000220833334,1015.7041666666668,0.012500000000000002,70.16666666666667
2014-03-28,37.743065,-122.169935,4.6,0.034,26.0,Oakland,15.323250125000001,75.29707266666666,9.914586158333334,1020.3916666666668,0.0,94.70833333333333
2014-03-29,37.743065,-122.169935,3.1,0.033,17.0,Oakland,15.212833625,82.588278125,14.01418365,1018.9083333333333,0.5333333333333333,97.70833333333333
2014-03-30,37.743065,-122.169935,4.0,0.04,22.0,Oakland,12.433667,79.99474658333334,11.730754479166668,1018.3166666666666,0.12083333333333333,60.125
2014-03-31,37.743065,-122.169935,5.1,0.038,28.0,Oakland,11.506583708333332,77.76302229166667,12.287887879166666,1015.9375,0.5625,69.58333333333333
2014-04-01,37.743065,-122.169935,3.1,0.04,17.0,Oakland,10.369083708333333,78.673590625,11.121911845833333,1012.4250000000001,0.46249999999999997,54.5
2014-04-02,37.743065,-122.169935,2.0,0.042,11.0,Oakland,10.2607502,77.044280625,8.174130208333333,1013.9833333333332,0.17500000000000002,65.125
2014-04-03,37.743065,-122.169935,5.4,0.041,30.0,Oakland,11.954500291666667,76.4237215,7.625222454166667,1019.1,0.0,64.875
2014-04-04,37.743065,-122.169935,3.8,0.042,21.0,Oakland,12.929500333333335,78.99983566666667,9.3008022375,1016.6666666666666,0.18333333333333335,70.58333333333333
2014-04-05,37.743065,-122.169935,6.0,0.036,33.0,Oakland,12.664916875000001,75.59940016666667,9.478062779166667,1018.6374999999999,0.0,29.416666666666668
2014-04-06,37.743065,-122.169935,8.8,0.031,49.0,Oakland,14.750333625000001,74.95806758333333,6.869999125,1022.0916666666667,0.0,22.166666666666668
2014-04-07,37.743065,-122.169935,8.7,0.039,48.0,Oakland,17.575333416666666,75.930471625,6.390450345833333,1019.7875,0.0,14.583333333333334
2014-04-08,37.743065,-122.169935,11.4,0.037,55.0,Oakland,18.452416791666668,77.86919170833333,4.539856937500001,1018.3708333333334,0.0,63.125
2014-04-09,37.743065,-122.169935,6.0,0.019,33.0,Oakland,15.679500291666669,79.56069354166667,7.706334495833333,1017.7875,0.0,87.29166666666667
2014-04-10,37.743065,-122.169935,11.2,0.019,55.0,Oakland,14.133666750000001,78.01437025,5.858296262500001,1016.1708333333332,0.0,44.125
2014-04-11,37.743065,-122.169935,9.9,0.038,52.0,Oakland,14.539916833333335,80.27864291666667,7.2871884499999995,1013.2041666666668,0.0,97.5
2014-04-12,37.743065,-122.169935,8.7,0.043,48.0,Oakland,13.937833541666668,77.53608525,12.516737458333333,1012.1999999999999,0.0,60.666666666666664
2014-04-13,37.743065,-122.169935,9.9,0.048,52.0,Oakland,14.362833583333334,72.43757108333334,10.761989895833333,1014.7333333333332,0.0,56.125
2014-04-14,37.743065,-122.169935,11.3,0.037,55.0,Oakland,14.396166958333334,79.97809037500001,8.6706728875,1017.5,0.0,36.666666666666664
2014-04-15,37.743065,-122.169935,12.7,0.037,58.0,Oakland,14.8003335,78.09617275000001,9.975756229166667,1016.7916666666666,0.0,74.5
2014-04-16,37.743065,-122.169935,14.3,0.034,61.0,Oakland,15.889916791666666,67.51991495833333,7.6018852875,1012.5041666666666,0.0,28.0
2014-04-17,37.743065,-122.169935,11.0,0.036,55.0,Oakland,15.617000083333332,75.31446904166667,9.528344020833334,1010.3125,0.0,28.208333333333332
2014-04-18,37.743065,-122.169935,7.2,0.044,40.0,Oakland,15.771166791666667,63.764474875,10.698161045833332,1011.7041666666668,0.0,46.875
2014-04-19,37.743065,-122.169935,5.1,0.047,28.0,Oakland,14.150333625,66.93387408333334,14.861225625000001,1015.7166666666667,0.0,40.666666666666664
2014-04-20,37.743065,-122.169935,8.3,0.04,46.0,Oakland,15.512833541666668,70.1572285,8.3986488625,1019.6625,0.0,43.5
2014-04-21,37.743065,-122.169935,12.8,0.044,58.0,Oakland,15.258666833333335,64.84895195833333,9.054903708333333,1017.725,0.0,47.75
2014-04-22,37.743065,-122.169935,3.4,0.046,19.0,Oakland,14.364917,61.71952570833333,20.34081958333333,1016.9791666666666,0.0,39.958333333333336
2014-04-23,37.743065,-122.169935,4.1,0.042,23.0,Oakland,13.525333541666667,57.17476370833333,14.000502595833334,1019.75,0.0,55.416666666666664
2014-04-24,37.743065,-122.169935,6.3,0.04,35.0,Oakland,15.198250125000001,73.327466375,12.189764033333333,1018.8291666666668,0.0,52.333333333333336
2014-04-25,37.743065,-122.169935,2.8,0.044,16.0,Oakland,14.329500208333334,82.898166375,12.340554333333335,1013.1666666666666,0.3333333333333333,97.0
2014-04-26,37.743065,-122.169935,3.1,0.044,17.0,Oakland,12.046166874999999,69.89685808333333,15.481480791666668,1012.3958333333334,0.10416666666666667,48.666666666666664
2014-04-27,37.743065,-122.169935,4.9,0.042,27.0,Oakland,14.089916916666667,66.89660716666667,13.088208708333333,1018.0749999999999,0.0,69.16666666666667
2014-04-28,37.743065,-122.169935,8.9,0.039,49.0,Oakland,14.406583500000002,66.79842129166667,9.125865375,1021.0958333333333,0.0,5.041666666666667
2014-04-29,37.743065,-122.169935,8.7,0.046,48.0,Oakland,18.464916708333334,47.34661029166667,6.673992062500001,1021.3125,0.0,39.416666666666664
2014-04-30,37.743065,-122.169935,6.7,0.068,37.0,Oakland,22.031583375,47.661281083333336,7.0216493625,1017.5041666666666,0.0,59.833333333333336
2014-05-01,37.743065,-122.169935,9.1,0.057,51.0,Oakland,22.306583208333333,45.91482075,6.410834345833333,1017.1958333333333,0.0,73.375
2014-05-02,37.743065,-122.169935,6.6,0.028,37.0,Oakland,19.03783329166667,55.65241841666667,9.214809391666668,1018.0124999999999,0.0,46.666666666666664
2014-05-03,37.743065,-122.169935,4.2,0.042,23.0,Oakland,15.831583583333334,70.87775720833334,14.6115083125,1017.1,0.0,65.58333333333333
2014-05-04,37.743065,-122.169935,2.3,0.036,13.0,Oakland,16.014916791666668,72.057792375,16.056746229166666,1016.7291666666666,0.0,68.29166666666667
2014-05-05,37.743065,-122.169935,4.2,0.038,23.0,Oakland,15.844083458333332,69.68031125,15.997672916666666,1016.7083333333334,0.0,78.58333333333333
2014-05-06,37.743065,-122.169935,7.0,0.033,39.0,Oakland,15.1315835,59.878519000000004,16.67460755833333,1013.5166666666668,0.0,9.041666666666666
2014-05-07,37.743065,-122.169935,8.9,0.042,49.0,Oakland,14.908666708333334,66.38932454166667,13.370564716666665,1012.9458333333333,0.0,22.25
2014-05-08,37.743065,-122.169935,4.6,0.037,26.0,Oakland,14.881583416666667,71.64339308333334,14.558121875,1016.6125000000001,0.0,88.25
2014-05-09,37.743065,-122.169935,3.3,0.04,18.0,Oakland,16.723250041666667,72.64733541666666,15.611669020833332,1019.4041666666667,0.0,86.0
2014-05-10,37.743065,-122.169935,4.7,0.039,26.0,Oakland,15.377416833333333,59.2816325,18.427290250000002,1019.4791666666666,0.0,6.333333333333333
2014-05-11,37.743065,-122.169935,4.5,0.038,25.0,Oakland,17.062833416666667,49.40910470833333,15.264216608333333,1018.0375,0.0,1.2916666666666667
2014-05-12,37.743065,-122.169935,6.7,0.041,37.0,Oakland,17.9315835,55.446676333333336,7.737601541666667,1017.7666666666668,0.0,44.583333333333336
2014-05-13,37.743065,-122.169935,8.2,0.058,46.0,Oakland,21.542,42.93412275,6.2138596958333325,1018.1875,0.0,30.416666666666668
2014-05-14,37.743065,-122.169935,9.5,0.057,52.0,Oakland,23.164916708333333,41.11035883333333,6.6003695166666665,1018.9541666666668,0.0,3.3333333333333335
2014-05-15,37.743065,-122.169935,7.6,0.036,42.0,Oakland,22.200333291666666,39.38281908333334,8.936140925,1017.9291666666667,0.0,40.958333333333336
2014-05-16,37.743065,-122.169935,8.5,0.037,47.0,Oakland,18.060750125000002,55.126493583333335,12.003354100000001,1017.9791666666666,0.0,88.95833333333333
2014-05-17,37.743065,-122.169935,6.5,0.036,36.0,Oakland,16.5253335,67.806114875,15.603688125,1015.5833333333334,0.0,52.708333333333336
2014-05-18,37.743065,-122.169935,4.7,0.036,26.0,Oakland,16.848250083333333,64.123836125,17.324162395833334,1014.8416666666667,0.0,37.625
2014-05-19,37.743065,-122.169935,2.0,0.033,11.0,Oakland,16.219083583333333,66.98241291666666,19.033712104166668,1014.1166666666667,0.0,37.25
2014-05-20,37.743065,-122.169935,4.7,0.034,26.0,Oakland,15.789916916666668,69.66850733333334,12.060838079166667,1014.5166666666668,0.0,34.791666666666664
2014-05-21,37.743065,-122.169935,10.0,0.034,53.0,Oakland,16.704500125,72.81244008333333,12.5392759625,1014.4375,0.0,40.708333333333336
2014-05-22,37.743065,-122.169935,5.0,0.035,28.0,Oakland,15.958666833333334,74.52652404166666,11.847228291666667,1014.0625,0.0,58.5
2014-05-23,37.743065,-122.169935,4.0,0.024,22.0,Oakland,16.067000041666667,75.82617083333334,12.334258679166666,1015.7666666666668,0.0,56.583333333333336
2014-05-24,37.743065,-122.169935,6.9,0.03,38.0,Oakland,17.585749916666668,67.1123835,12.497232470833334,1014.5625,0.0,79.58333333333333
2014-05-25,37.743065,-122.169935,13.0,0.036,58.0,Oakland,18.108666833333334,59.782480541666665,11.200917995833334,1013.8583333333332,0.0,40.541666666666664
2014-05-26,37.743065,-122.169935,7.2,0.031,40.0,Oakland,19.487833291666668,50.841266749999996,11.422869874999998,1014.275,0.0,1.875
2014-05-27,37.743065,-122.169935,10.0,0.039,53.0,Oakland,17.464916458333335,56.82552333333334,14.1138238125,1016.0708333333333,0.0,4.875
2014-05-28,37.743065,-122.169935,7.6,0.036,42.0,Oakland,17.637833416666666,41.24511316666666,12.982935,1016.3375,0.0,0.2916666666666667
2014-05-29,37.743065,-122.169935,7.8,0.037,43.0,Oakland,18.046166791666668,57.9027015,8.646553475,1013.6791666666667,0.0,2.2083333333333335
2014-05-30,37.743065,-122.169935,14.1,0.041,60.0,Oakland,15.446166958333334,68.24442275,13.269949208333335,1013.3958333333334,0.0,41.291666666666664
2014-05-31,37.743065,-122.169935,9.2,0.036,51.0,Oakland,14.702416916666666,75.90043366666667,11.362417533333334,1014.1583333333333,0.0,55.75
2014-06-01,37.743065,-122.169935,11.1,0.035,55.0,Oakland,15.854500166666668,71.29005875,10.366346779166667,1012.4791666666666,0.0,33.583333333333336
2014-06-02,37.743065,-122.169935,3.4,0.034,19.0,Oakland,15.406583458333335,72.60134816666667,13.068923875000001,1010.5541666666667,0.0,37.458333333333336
2014-06-03,37.743065,-122.169935,5.4,0.03,30.0,Oakland,15.262833541666666,72.04389633333334,12.024346041666668,1012.6958333333333,0.0,52.916666666666664
2014-06-04,37.743065,-122.169935,12.7,0.029,58.0,Oakland,15.785750083333333,71.75688975,9.247020904166666,1011.7833333333333,0.0,25.708333333333332
2014-06-05,37.743065,-122.169935,15.1,0.026,62.0,Oakland,16.6190835,70.53023504166667,10.256924795833333,1010.4333333333334,0.0,25.333333333333332
2014-06-06,37.743065,-122.169935,15.1,0.026,62.0,Oakland,16.6190835,70.53023504166667,10.256924795833333,1010.4333333333334,0.0,25.333333333333332
2014-06-07,37.743065,-122.169935,15.1,0.026,62.0,Oakland,16.6190835,70.53023504166667,10.256924795833333,1010.4333333333334,0.0,25.333333333333332
2014-06-08,37.743065,-122.169935,15.1,0.026,62.0,Oakland,16.6190835,70.53023504166667,10.256924795833333,1010.4333333333334,0.0,25.333333333333332
2014-06-09,37.743065,-122.169935,15.1,0.026,62.0,Oakland,16.6190835,70.53023504166667,10.256924795833333,1010.4333333333334,0.0,25.333333333333332
2014-06-10,37.743065,-122.169935,6.0,0.022,33.0,Oakland,19.056583291666666,66.113555625,11.916904625,1006.6666666666666,0.0,18.333333333333332
2014-06-11,37.743065,-122.169935,6.4,0.029,36.0,Oakland,17.804499833333335,69.74592525,15.826275583333333,1009.6791666666667,0.0,32.458333333333336
2014-06-12,37.743065,-122.169935,6.4,0.029,36.0,Oakland,17.804499833333335,69.74592525,15.826275583333333,1009.6791666666667,0.0,32.458333333333336
2014-06-13,37.743065,-122.169935,10.6,0.028,54.0,Oakland,17.35450008333333,66.01044987499999,11.985312358333333,1013.9791666666666,0.0,7.083333333333333
2014-06-14,37.743065,-122.169935,13.2,0.033,59.0,Oakland,18.9545,62.423427624999995,8.056087612499999,1012.9416666666666,0.0,25.125
2014-06-15,37.743065,-122.169935,14.3,0.028,61.0,Oakland,16.87325016666667,63.91880304166667,14.0707141875,1009.7166666666667,0.0,58.791666666666664
2014-06-16,37.743065,-122.169935,9.6,0.03,52.0,Oakland,16.023250291666667,66.87200654166666,20.033345291666667,1010.7083333333334,0.0,37.541666666666664
2014-06-17,37.743065,-122.169935,8.9,0.026,49.0,Oakland,16.775333291666666,58.78894991666667,11.528062654166668,1012.5791666666668,0.0,31.625
2014-06-18,37.743065,-122.169935,9.8,0.03,52.0,Oakland,18.873249916666666,58.31203779166666,8.639363054166667,1012.9125,0.0,2.0
2014-06-19,37.743065,-122.169935,10.1,0.024,53.0,Oakland,17.812833416666667,62.37033279166667,10.5618058125,1014.1583333333333,0.0,39.666666666666664
2014-06-20,37.743065,-122.169935,8.2,0.027,46.0,Oakland,18.546166791666668,63.425191958333336,11.989988616666666,1014.5500000000001,0.0,55.541666666666664
2014-06-21,37.743065,-122.169935,12.5,0.03,57.0,Oakland,17.281583333333334,61.28622516666667,14.37503475,1012.8249999999999,0.0,81.33333333333333
2014-06-22,37.743065,-122.169935,11.3,0.029,55.0,Oakland,16.148250166666667,68.52563833333333,12.772435666666667,1012.65,0.0,19.333333333333332
2014-06-23,37.743065,-122.169935,11.2,0.028,55.0,Oakland,16.377416791666665,72.02123308333334,13.426493195833332,1013.4875000000001,0.0,56.291666666666664
2014-06-24,37.743065,-122.169935,8.1,0.02,45.0,Oakland,19.129500083333333,58.26516458333333,13.608023483333334,1014.15,0.0,16.75
2014-06-25,37.743065,-122.169935,3.1,0.016,17.0,Oakland,17.556583416666665,78.45121341666668,17.264275083333334,1014.6791666666667,0.0,65.875
2014-06-26,37.743065,-122.169935,3.2,0.026,18.0,Oakland,18.056583041666666,77.06057483333333,13.890542520833334,1014.7291666666666,0.0,80.41666666666667
2014-06-27,37.743065,-122.169935,3.6,0.018,20.0,Oakland,18.20866679166667,76.85265654166666,13.137529708333332,1014.6625,0.0,51.0
2014-06-28,37.743065,-122.169935,4.7,0.024,26.0,Oakland,18.833666625,75.25779083333333,13.070254541666666,1013.5791666666668,0.0,42.583333333333336
2014-06-29,37.743065,-122.169935,10.0,0.03,53.0,Oakland,19.7045,63.92435183333333,9.633457779166667,1012.725,0.0,6.291666666666667
2014-06-30,37.743065,-122.169935,15.8,0.032,63.0,Oakland,21.37324975,61.13248725,8.322615441666667,1009.6875,0.0,30.25
2014-07-01,37.743065,-122.169935,6.6,0.027,37.0,Oakland,18.671166708333335,71.40217454166667,12.447754416666667,1009.2166666666667,0.0,56.5
2014-07-02,37.743065,-122.169935,5.5,0.025,31.0,Oakland,17.38991675,78.18607591666667,13.191737958333334,1010.6291666666666,0.0,49.291666666666664
2014-07-03,37.743065,-122.169935,10.2,0.026,53.0,Oakland,17.45241675,73.53597266666667,14.015234833333333,1012.3000000000001,0.0,33.083333333333336
2014-07-04,37.743065,-122.169935,16.0,0.026,64.0,Oakland,17.279500208333335,73.37989725,11.059704658333333,1013.1666666666666,0.0,32.541666666666664
2014-07-05,37.743065,-122.169935,10.2,0.027,53.0,Oakland,16.925333458333334,69.5056765,10.9754631625,1016.3249999999999,0.0,38.0
2014-07-06,37.743065,-122.169935,7.6,0.023,42.0,Oakland,17.258666875,70.60048733333333,9.3265154,1016.4791666666666,0.0,29.416666666666668
2014-07-07,37.743065,-122.169935,7.7,0.011,43.0,Oakland,17.398250166666667,72.537242,9.6001704875,1012.7833333333333,0.004166666666666667,43.083333333333336
2014-07-08,37.743065,-122.169935,4.3,0.019,24.0,Oakland,18.073249999999998,73.26006754166667,10.400601979166668,1011.7125,0.0,32.708333333333336
2014-07-09,37.743065,-122.169935,5.8,0.018,32.0,Oakland,18.229500041666665,74.37289470833333,10.417579983333335,1012.7583333333333,0.0,26.791666666666668
2014-07-10,37.743065,-122.169935,3.8,0.022,21.0,Oakland,18.621166625,74.20313566666667,11.1671194125,1012.1791666666667,0.0,34.125
2014-07-11,37.743065,-122.169935,2.6,0.024,14.0,Oakland,18.741999833333335,72.98790083333334,12.4888712375,1014.2666666666668,0.0,35.333333333333336
2014-07-12,37.743065,-122.169935,2.7,0.027,15.0,Oakland,17.64825,76.00401716666666,11.695303666666668,1017.6541666666667,0.0,23.166666666666668
2014-07-13,37.743065,-122.169935,6.2,0.025,34.0,Oakland,17.227416875,76.00939774999999,12.4851040625,1016.275,0.0,52.583333333333336
2014-07-14,37.743065,-122.169935,14.3,0.022,61.0,Oakland,20.258666708333333,67.40956941666667,8.9291411625,1011.5583333333334,0.0,51.375
2014-07-15,37.743065,-122.169935,7.5,0.027,42.0,Oakland,19.967000083333332,70.35819820833333,9.858349720833333,1013.6416666666668,0.0,83.91666666666667
2014-07-16,37.743065,-122.169935,4.9,0.022,27.0,Oakland,20.396166333333333,75.20340083333333,10.990806220833333,1015.0625,0.0,40.583333333333336
2014-07-17,37.743065,-122.169935,4.2,0.023,23.0,Oakland,19.083666416666667,75.21706183333333,13.108368616666667,1015.0333333333333,0.0,43.208333333333336
2014-07-18,37.743065,-122.169935,2.7,0.022,15.0,Oakland,19.156583291666667,71.57176,12.658550533333333,1015.125,0.0,54.375
2014-07-19,37.743065,-122.169935,4.5,0.024,25.0,Oakland,18.883666625,72.09295383333334,10.633238175,1013.8833333333333,0.0,75.20833333333333
2014-07-20,37.743065,-122.169935,3.4,0.021,19.0,Oakland,18.950333166666667,73.26513591666667,11.619178337500001,1013.9333333333334,0.04583333333333334,81.58333333333333
2014-07-21,37.743065,-122.169935,2.6,0.024,14.0,Oakland,19.881583125,75.62154345833333,11.158331079166667,1015.6166666666667,0.0,60.208333333333336
2014-07-22,37.743065,-122.169935,3.0,0.024,17.0,Oakland,19.748249916666666,73.93123904166667,10.5594810375,1017.2375000000001,0.05833333333333333,36.166666666666664
2014-07-23,37.743065,-122.169935,3.5,0.018,19.0,Oakland,20.454499916666666,74.76888641666666,10.053091308333334,1019.0458333333332,0.0,28.416666666666668
2014-07-24,37.743065,-122.169935,7.9,0.027,44.0,Oakland,20.823249833333332,69.85740166666666,8.107499579166667,1015.8041666666667,0.0,20.375
2014-07-25,37.743065,-122.169935,14.6,0.04,61.0,Oakland,22.844083541666667,59.42489145833333,7.233666066666667,1010.6041666666666,0.0,2.2916666666666665
2014-07-26,37.743065,-122.169935,14.2,0.028,61.0,Oakland,22.589916541666668,57.775527124999996,8.976083204166667,1011.8958333333334,0.0,17.666666666666668
2014-07-27,37.743065,-122.169935,12.2,0.023,57.0,Oakland,20.8211665,64.91895470833333,8.8129859,1013.875,0.0,59.5
2014-07-28,37.743065,-122.169935,8.9,0.02,49.0,Oakland,20.467000083333335,64.758088375,10.0972261875,1015.5791666666668,0.0,76.0
2014-07-29,37.743065,-122.169935,8.3,0.017,46.0,Oakland,20.102416541666667,62.276606375,9.484131079166668,1016.7583333333333,0.0,41.875
2014-07-30,37.743065,-122.169935,7.5,0.014,42.0,Oakland,19.900333375,64.61981383333334,9.510779941666668,1014.9583333333334,0.0,33.666666666666664
2014-07-31,37.743065,-122.169935,8.2,0.019,46.0,Oakland,19.717000083333335,65.49819158333334,9.963466095833333,1014.1916666666666,0.0,18.541666666666668
2014-08-01,37.743065,-122.169935,10.7,0.022,54.0,Oakland,19.746166541666668,68.69783566666666,10.418086029166666,1012.3125,0.0,54.208333333333336
2014-08-02,37.743065,-122.169935,7.9,0.025,44.0,Oakland,18.789916666666667,71.27564283333334,12.149118333333334,1012.6750000000001,0.0,39.958333333333336
2014-08-03,37.743065,-122.169935,6.3,0.025,35.0,Oakland,17.454500166666666,76.20997979166667,12.769479875,1013.3874999999999,0.0,77.70833333333333
2014-08-04,37.743065,-122.169935,6.0,0.025,33.0,Oakland,17.685750000000002,75.02548295833334,9.460980495833335,1014.1541666666667,0.0,90.04166666666667
2014-08-05,37.743065,-122.169935,6.8,0.019,38.0,Oakland,18.973249833333334,72.61486125,7.9704632166666665,1015.9958333333334,0.008333333333333333,91.79166666666667
2014-08-06,37.743065,-122.169935,7.9,0.021,44.0,Oakland,21.335749833333335,70.89581129166667,7.6646512541666665,1016.0958333333333,0.0,95.29166666666667
2014-08-07,37.743065,-122.169935,9.0,0.019,50.0,Oakland,19.062833375,73.460352875,11.427900070833333,1014.3375,0.0,50.041666666666664
2014-08-08,37.743065,-122.169935,14.8,0.024,62.0,Oakland,18.76908333333333,71.45125075,12.034360604166666,1012.6666666666666,0.0,45.875
2014-08-09,37.743065,-122.169935,10.2,0.02,53.0,Oakland,18.619083375,69.81925220833334,13.769097375000001,1012.8708333333334,0.0,30.375
2014-08-10,37.743065,-122.169935,5.3,0.025,29.0,Oakland,17.4628335,75.81587241666666,13.011101479166667,1014.5124999999999,0.0,64.75
2014-08-11,37.743065,-122.169935,7.6,0.025,42.0,Oakland,18.70658320833333,73.76374558333333,9.169470141666666,1013.7791666666667,0.0,42.541666666666664
2014-08-12,37.743065,-122.169935,5.2,0.029,29.0,Oakland,19.258666708333333,71.91282354166667,10.899250520833334,1013.8249999999999,0.0,49.625
2014-08-13,37.743065,-122.169935,4.7,0.026,26.0,Oakland,18.87325004166667,71.96052620833333,11.850863095833333,1014.25,0.0,64.70833333333333
2014-08-14,37.743065,-122.169935,4.0,0.016,22.0,Oakland,19.16283329166667,74.189784125,9.874957925,1013.8375,0.0,33.541666666666664
2014-08-15,37.743065,-122.169935,8.0,0.02,44.0,Oakland,19.102416708333333,70.95190925,9.121878629166666,1014.2458333333334,0.0,31.291666666666668
2014-08-16,37.743065,-122.169935,10.0,0.023,53.0,Oakland,18.80033325,71.8544845,9.284551691666666,1015.5749999999999,0.0,28.708333333333332
2014-08-17,37.743065,-122.169935,5.5,0.025,31.0,Oakland,17.775333333333332,74.42763766666667,10.48349,1015.6791666666667,0.0,40.541666666666664
2014-08-18,37.743065,-122.169935,6.0,0.027,33.0,Oakland,17.883666791666666,76.86250616666666,12.439851625000001,1012.3708333333334,0.0,51.791666666666664
2014-08-19,37.743065,-122.169935,3.6,0.028,20.0,Oakland,17.921166666666668,76.12362016666667,13.068526416666666,1010.2666666666668,0.0,63.333333333333336
2014-08-20,37.743065,-122.169935,3.8,0.027,21.0,Oakland,19.298249833333333,74.41824379166667,13.147857625,1011.1875,0.0,62.583333333333336
2014-08-21,37.743065,-122.169935,6.1,0.021,34.0,Oakland,19.450333125,72.38794079166667,8.108682095833332,1013.0333333333333,0.0,30.625
2014-08-22,37.743065,-122.169935,5.5,0.026,31.0,Oakland,19.3899165,76.77326920833333,12.110084375,1012.9708333333333,0.0,30.208333333333332
2014-08-23,37.743065,-122.169935,5.4,0.034,30.0,Oakland,18.671166666666668,72.484261625,10.953953804166666,1012.8625000000001,0.0,39.666666666666664
2014-08-24,37.743065,-122.169935,5.2,0.031,29.0,Oakland,18.885749875,73.33509566666667,10.46015105,1011.475,0.0,18.75
2014-08-25,37.743065,-122.169935,5.8,0.039,32.0,Oakland,18.637833125,73.20078858333333,13.870371333333333,1010.9666666666667,0.0,42.666666666666664
2014-08-26,37.743065,-122.169935,7.2,0.035,40.0,Oakland,18.75033325,72.78049958333334,8.933100379166666,1014.1666666666666,0.0,18.458333333333332
2014-08-27,37.743065,-122.169935,9.0,0.028,50.0,Oakland,19.99824975,71.03594216666666,8.273521387499999,1015.9708333333333,0.0,11.5
2014-08-28,37.743065,-122.169935,8.1,0.021,45.0,Oakland,19.517000041666666,71.80355391666667,9.704958020833333,1016.9458333333333,0.0,30.5
2014-08-29,37.743065,-122.169935,6.1,0.019,34.0,Oakland,18.860749916666666,78.52574299999999,11.060975158333333,1013.6750000000001,0.0,66.66666666666667
2014-08-30,37.743065,-122.169935,7.4,0.026,41.0,Oakland,20.531583291666667,70.42187870833334,10.072848708333334,1012.0749999999999,0.0,69.41666666666667
2014-08-31,37.743065,-122.169935,7.8,0.029,43.0,Oakland,21.233666375000002,66.981122875,11.801233125000001,1011.9541666666668,0.0,19.5
2014-09-01,37.743065,-122.169935,12.3,0.036,57.0,Oakland,21.362833166666665,65.74343954166666,8.499112504166666,1010.0541666666667,0.0,22.333333333333332
2014-09-02,37.743065,-122.169935,7.4,0.024,41.0,Oakland,20.431583083333333,70.98421233333333,10.932709687500001,1009.0208333333334,0.0,30.083333333333332
2014-09-03,37.743065,-122.169935,7.4,0.024,41.0,Oakland,20.431583083333333,70.98421233333333,10.932709687500001,1009.0208333333334,0.0,30.083333333333332
2014-09-04,37.743065,-122.169935,12.2,0.028,57.0,Oakland,19.242000041666667,72.14603991666667,9.641059754166667,1006.6041666666666,0.0,24.375
2014-09-05,37.743065,-122.169935,17.6,0.036,67.0,Oakland,18.725333083333332,73.72808450000001,9.2607274875,1009.8125,0.0,21.208333333333332
2014-09-06,37.743065,-122.169935,22.3,0.046,76.0,Oakland,17.8315835,74.19590445833333,8.645919591666667,1012.8833333333333,0.0,15.375
2014-09-07,37.743065,-122.169935,14.3,0.048,61.0,Oakland,17.039916666666667,71.942418875,9.523313854166666,1011.9291666666667,0.0,3.6666666666666665
2014-09-08,37.743065,-122.169935,10.8,0.047,54.0,Oakland,16.852416708333333,72.21299454166667,11.630736687499999,1011.0458333333332,0.0,18.0
2014-09-09,37.743065,-122.169935,9.2,0.029,51.0,Oakland,16.764916875,74.37204470833333,9.156475408333334,1014.0375,0.0,38.708333333333336
2014-09-10,37.743065,-122.169935,12.3,0.03,57.0,Oakland,18.900333333333332,70.98001475,5.781657441666667,1012.875,0.0,19.958333333333332
2014-09-11,37.743065,-122.169935,12.6,0.035,58.0,Oakland,20.266999958333333,67.279258125,6.228430729166667,1011.2875,0.0,9.958333333333334
2014-09-12,37.743065,-122.169935,12.0,0.027,56.0,Oakland,19.731583458333333,67.65876704166666,7.024260379166667,1011.025,0.0,19.083333333333332
2014-09-13,37.743065,-122.169935,9.7,0.031,52.0,Oakland,19.850333166666665,68.54098520833334,7.970014429166667,1009.8375,0.0,60.083333333333336
2014-09-14,37.743065,-122.169935,11.7,0.037,56.0,Oakland,19.146166666666666,73.77914583333333,9.014427058333334,1009.7083333333334,0.0,29.5
2014-09-15,37.743065,-122.169935,9.3,0.033,51.0,Oakland,19.6399165,73.332550375,9.611896233333333,1010.9416666666666,0.0,14.416666666666666
2014-09-16,37.743065,-122.169935,8.5,0.029,47.0,Oakland,19.53783316666667,70.79987329166667,8.066918212500001,1012.375,0.0,6.208333333333333
2014-09-17,37.743065,-122.169935,5.5,0.029,31.0,Oakland,20.237833166666665,73.54860320833333,8.604058891666666,1009.1458333333334,0.0,45.125
2014-09-18,37.743065,-122.169935,4.2,0.029,23.0,Oakland,22.925333249999998,68.79900420833333,13.633720229166668,1008.8833333333333,0.0375,52.625
2014-09-19,37.743065,-122.169935,9.3,0.024,51.0,Oakland,20.2836665,78.32258125,7.632865391666667,1011.7166666666667,0.0,26.083333333333332
2014-09-20,37.743065,-122.169935,6.3,0.027,35.0,Oakland,19.523249791666668,80.07202495833333,8.957381583333333,1012.1625,0.0,39.541666666666664
2014-09-21,37.743065,-122.169935,4.4,0.028,24.0,Oakland,19.53574975,76.28611470833333,12.936167,1014.1958333333333,0.0,64.95833333333333
2014-09-22,37.743065,-122.169935,6.1,0.034,34.0,Oakland,19.925333166666665,73.83197766666667,10.070878416666666,1015.8625000000001,0.0,38.875
2014-09-23,37.743065,-122.169935,4.2,0.02,23.0,Oakland,19.919083166666667,74.80009058333333,8.362779029166667,1014.8541666666666,0.0,21.708333333333332
2014-09-24,37.743065,-122.169935,2.6,0.028,14.0,Oakland,21.437833125,76.367353875,9.720441366666666,1013.7375000000001,0.0,70.54166666666667
2014-09-25,37.743065,-122.169935,3.9,0.035,22.0,Oakland,19.85449975,70.80494066666667,9.5718513125,1013.6458333333334,0.07083333333333333,61.25
2014-09-26,37.743065,-122.169935,6.7,0.033,37.0,Oakland,18.764916791666668,75.97378695833333,7.936820029166667,1015.025,0.004166666666666667,23.0
2014-09-27,37.743065,-122.169935,8.2,0.029,46.0,Oakland,19.085749916666668,74.43238616666666,9.345134308333334,1012.5500000000001,0.0,18.791666666666668
2014-09-28,37.743065,-122.169935,9.0,0.03,50.0,Oakland,19.406583208333334,74.43187575,9.386175216666667,1010.8791666666666,0.004166666666666667,51.25
2014-09-29,37.743065,-122.169935,10.1,0.027,53.0,Oakland,18.07324995833333,75.42422325,7.804323016666667,1014.8041666666667,0.0,28.958333333333332
2014-09-30,37.743065,-122.169935,6.7,0.025,37.0,Oakland,18.602416666666667,76.83134741666667,8.349290504166666,1014.1958333333333,0.0,35.666666666666664
2014-10-01,37.743065,-122.169935,6.5,0.035,36.0,Oakland,21.035749916666667,51.31002320833333,6.8769761,1011.1750000000001,0.0,0.4166666666666667
2014-10-02,37.743065,-122.169935,7.3,0.047,41.0,Oakland,21.669083458333333,37.11540479166667,6.829943370833334,1014.0708333333333,0.0,0.0
2014-10-03,37.743065,-122.169935,12.2,0.045,57.0,Oakland,24.241999833333335,28.609429291666668,5.233451504166667,1016.475,0.0,0.0
2014-10-04,37.743065,-122.169935,11.8,0.057,56.0,Oakland,23.939916625,34.266793066666665,4.850017849166666,1015.9666666666667,0.0,0.0
2014-10-05,37.743065,-122.169935,11.3,0.053,55.0,Oakland,21.262833458333333,55.092988375000004,4.683115515416667,1013.2541666666666,0.0,1.875
2014-10-06,37.743065,-122.169935,12.6,0.03,58.0,Oakland,19.78366670833333,65.4267875,5.154898404166667,1012.4708333333333,0.0,23.375
2014-10-07,37.743065,-122.169935,11.2,0.021,55.0,Oakland,18.587833375,69.95382208333334,6.8998972375,1012.0291666666667,0.0,58.75
2014-10-08,37.743065,-122.169935,10.7,0.011,54.0,Oakland,18.28783329166667,72.32573791666667,7.532572575,1011.7583333333333,0.0,43.375
2014-10-09,37.743065,-122.169935,7.5,0.031,42.0,Oakland,18.106583208333333,75.45230916666667,9.703703095833333,1012.9291666666667,0.0,25.708333333333332
2014-10-10,37.743065,-122.169935,6.9,0.026,38.0,Oakland,16.996166916666667,78.13082225000001,10.076036770833333,1015.8583333333332,0.0,45.375
2014-10-11,37.743065,-122.169935,8.3,0.023,46.0,Oakland,17.271166875000002,78.97581866666667,8.745600045833333,1016.4291666666667,0.0,72.58333333333333
2014-10-12,37.743065,-122.169935,9.9,0.037,52.0,Oakland,20.946166833333333,55.78807145833333,6.631773554166667,1014.4916666666667,0.0,15.166666666666666
2014-10-13,37.743065,-122.169935,9.8,0.033,52.0,Oakland,21.44825,34.82411495833333,5.536173466666667,1013.0166666666668,0.0,33.958333333333336
2014-10-14,37.743065,-122.169935,9.7,0.034,52.0,Oakland,18.814916625,71.515259125,11.263374283333334,1012.3125,0.0,69.79166666666667
2014-10-15,37.743065,-122.169935,5.7,0.034,32.0,Oakland,19.269083041666665,70.76132700000001,13.061398991666666,1012.8874999999999,0.016666666666666666,78.79166666666667
2014-10-16,37.743065,-122.169935,6.7,0.032,37.0,Oakland,17.044083541666666,72.15586458333333,5.976949425,1015.9708333333333,0.0,82.41666666666667
2014-10-17,37.743065,-122.169935,6.7,0.036,37.0,Oakland,17.052417000000002,71.01392916666667,8.320960900000001,1013.8874999999999,0.012499999999999999,79.79166666666667
2014-10-18,37.743065,-122.169935,6.2,0.032,34.0,Oakland,19.941999875,68.44519333333334,4.533445870833334,1014.2083333333334,0.049999999999999996,35.333333333333336
2014-10-19,37.743065,-122.169935,4.8,0.026,27.0,Oakland,18.675333249999998,84.29967925,5.7195814875,1012.2333333333332,0.0,48.708333333333336
2014-10-20,37.743065,-122.169935,3.8,0.035,21.0,Oakland,18.519083166666665,79.552164875,9.487563645833333,1012.975,0.016666666666666666,55.708333333333336
2014-10-21,37.743065,-122.169935,5.5,0.033,31.0,Oakland,16.435750000000002,68.82519895833333,7.441202466666667,1017.5666666666666,0.0,34.416666666666664
2014-10-22,37.743065,-122.169935,7.1,0.026,39.0,Oakland,16.454500125,73.15614195833334,6.4548117000000005,1017.1708333333332,0.0,71.83333333333333
2014-10-23,37.743065,-122.169935,8.3,0.024,46.0,Oakland,18.246166583333334,81.71566716666666,5.439007970833334,1017.0375,0.0,89.54166666666667
2014-10-24,37.743065,-122.169935,7.0,0.03,39.0,Oakland,17.919083291666666,80.02531325,5.934773495833333,1014.3208333333333,0.0,42.166666666666664
2014-10-25,37.743065,-122.169935,6.0,0.036,33.0,Oakland,19.200333208333333,72.459057375,17.532158125,1014.2458333333334,0.125,79.95833333333333
2014-10-26,37.743065,-122.169935,6.9,0.033,38.0,Oakland,16.825333375,70.59062924999999,8.667272979166667,1020.1541666666667,0.016666666666666666,18.291666666666668
2014-10-27,37.743065,-122.169935,7.6,0.022,42.0,Oakland,15.112833416666668,69.76946270833334,6.955931195833333,1017.3333333333334,0.0,40.375
2014-10-28,37.743065,-122.169935,7.2,0.021,40.0,Oakland,15.260750083333335,76.26168679166666,4.857877529166667,1017.9250000000001,0.0,23.0
2014-10-29,37.743065,-122.169935,11.1,0.018,55.0,Oakland,17.381583333333335,71.471006625,6.063469508333333,1018.5124999999999,0.0,27.625
2014-10-30,37.743065,-122.169935,11.1,0.018,55.0,Oakland,17.381583333333335,71.471006625,6.063469508333333,1018.5124999999999,0.0,27.625
2014-10-31,37.743065,-122.169935,6.4,0.025,36.0,Oakland,17.191999875,85.23612812500001,7.91372565,1011.3083333333334,0.3166666666666667,86.91666666666667
2014-11-01,37.743065,-122.169935,6.3,0.034,35.0,Oakland,14.798250333333334,76.20963225,9.248076904166666,1009.5,0.029166666666666664,88.33333333333333
2014-11-02,37.743065,-122.169935,7.2,0.027,40.0,Oakland,13.708666875,73.14580670833332,6.4899300625,1018.0333333333333,0.0,7.333333333333333
2014-11-03,37.743065,-122.169935,7.2,0.023,40.0,Oakland,13.939916833333333,76.04797075,4.449997270833333,1021.8791666666666,0.0,60.791666666666664
2014-11-04,37.743065,-122.169935,10.2,0.02,53.0,Oakland,14.560750125,76.81652683333333,4.909774404166667,1024.7208333333333,0.0,84.79166666666667
2014-11-05,37.743065,-122.169935,12.7,0.019,58.0,Oakland,16.158666666666665,66.21221704166666,6.209999775,1022.2791666666667,0.0,10.875
2014-11-06,37.743065,-122.169935,16.2,0.023,64.0,Oakland,16.58366675,72.25160316666667,4.146339900416667,1020.8625000000001,0.0,69.70833333333333
2014-11-07,37.743065,-122.169935,13.0,0.011,58.0,Oakland,15.777416833333334,83.65921879166667,5.023024579166667,1022.2291666666666,0.0,36.916666666666664
2014-11-08,37.743065,-122.169935,16.7,0.018,65.0,Oakland,16.764916791666668,76.16634875,4.856484695833333,1018.9125,0.0,25.958333333333332
2014-11-09,37.743065,-122.169935,13.9,0.02,60.0,Oakland,17.123250125,70.79167825,4.0248153916666665,1015.2166666666667,0.0,23.458333333333332
2014-11-10,37.743065,-122.169935,16.0,0.024,64.0,Oakland,15.227416833333335,82.0056025,3.6941221458333335,1009.9291666666667,0.0,41.0
2014-11-11,37.743065,-122.169935,6.1,0.037,34.0,Oakland,16.035750208333333,76.97228970833334,9.2130444,1011.225,0.0,70.83333333333333
2014-11-12,37.743065,-122.169935,8.4,0.04,47.0,Oakland,16.671166583333335,71.69310383333332,6.017318141666667,1014.8083333333334,0.0,84.66666666666667
2014-11-13,37.743065,-122.169935,3.1,0.024,17.0,Oakland,17.298250041666666,74.07292320833334,8.0795456875,1015.1333333333333,0.07083333333333335,99.5
2014-11-14,37.743065,-122.169935,8.5,0.029,47.0,Oakland,15.7003335,84.14243116666667,6.56195405,1018.0583333333334,0.0,78.29166666666667
2014-11-15,37.743065,-122.169935,9.7,0.026,52.0,Oakland,14.823250125,81.04599620833334,7.034349625,1019.4625,0.0,55.0
2014-11-16,37.743065,-122.169935,7.1,0.031,39.0,Oakland,14.119083708333333,62.45084433333333,7.4802330875,1022.2291666666666,0.0,45.5
2014-11-17,37.743065,-122.169935,9.1,0.03,51.0,Oakland,13.260750208333334,37.52130183333333,9.530549229166667,1023.1291666666666,0.0,70.91666666666667
2014-11-18,37.743065,-122.169935,20.5,0.02,72.0,Oakland,12.219083654166667,57.005931624999995,8.591105341666667,1019.5333333333333,0.0,92.58333333333333
2014-11-19,37.743065,-122.169935,11.5,0.026,55.0,Oakland,14.904500083333334,67.02169416666666,7.576699208333333,1016.9708333333333,0.12083333333333333,90.125
2014-11-20,37.743065,-122.169935,11.2,0.016,55.0,Oakland,14.200333791666667,93.65310979166667,5.2741506375,1018.6416666666668,0.19166666666666665,85.0
2014-11-21,37.743065,-122.169935,15.8,0.023,63.0,Oakland,13.860750291666667,86.39711495833335,4.671587970833333,1017.5416666666666,0.12916666666666668,84.125
2014-11-22,37.743065,-122.169935,8.9,0.026,49.0,Oakland,16.400333416666665,86.31805883333334,12.652302552916666,1019.0166666666668,0.20833333333333334,88.25
2014-11-23,37.743065,-122.169935,9.5,0.023,52.0,Oakland,13.387833666666667,70.990888875,7.370964266666667,1024.2041666666667,0.0,20.5
2014-11-24,37.743065,-122.169935,9.1,0.013,51.0,Oakland,12.248250291666666,70.717809,2.954504666666667,1027.125,0.0,40.041666666666664
2014-11-25,37.743065,-122.169935,14.5,0.017,61.0,Oakland,12.333666737500002,69.72391020833334,6.235309287500001,1029.2875000000001,0.0,10.583333333333334
2014-11-26,37.743065,-122.169935,24.3,0.01,79.0,Oakland,12.096166958333333,74.628139875,7.211773316666666,1026.0791666666667,0.0,23.75
2014-11-27,37.743065,-122.169935,32.5,0.013,95.0,Oakland,12.477416916666668,78.9847065,3.5435978791666667,1021.6541666666667,0.0,80.20833333333333
2014-11-28,37.743065,-122.169935,16.6,0.027,65.0,Oakland,10.7315835,85.46302829166666,4.330969052916667,1016.6791666666667,0.0,40.708333333333336
2014-11-29,37.743065,-122.169935,7.1,0.024,39.0,Oakland,15.198250250000001,87.727614,8.725985608333334,1010.6625,0.2333333333333333,73.125
2014-11-30,37.743065,-122.169935,5.3,0.024,29.0,Oakland,14.648250333333335,90.55253616666666,7.072937333333333,1008.6458333333334,0.7916666666666666,97.41666666666667
2014-12-01,37.743065,-122.169935,6.7,0.02,37.0,Oakland,14.721166875,91.10424124999999,6.3063950125,1016.6125000000001,0.10833333333333334,82.5
2014-12-02,37.743065,-122.169935,3.8,0.023,21.0,Oakland,14.104500291666668,91.02596716666666,8.199954245833334,1012.0708333333333,1.7166666666666668,79.625
2014-12-03,37.743065,-122.169935,3.7,0.031,21.0,Oakland,16.367000125,90.21366783333333,14.383304291666667,1006.4125,0.7875,84.16666666666667
2014-12-04,37.743065,-122.169935,4.7,0.03,26.0,Oakland,16.523250041666667,87.89395308333333,8.967078179166666,1011.9499999999999,0.04583333333333334,54.0
2014-12-05,37.743065,-122.169935,4.3,0.023,24.0,Oakland,15.929500166666665,87.4082385,7.2249381,1015.75,0.020833333333333332,88.95833333333333
2014-12-06,37.743065,-122.169935,4.6,0.025,26.0,Oakland,17.175333291666668,84.99414745833333,9.0489032,1019.5833333333334,0.2708333333333333,84.5
2014-12-07,37.743065,-122.169935,10.7,0.014,54.0,Oakland,14.869083708333333,91.371398625,4.813706120833333,1022.2583333333333,0.0,98.91666666666667
2014-12-08,37.743065,-122.169935,8.7,0.012,48.0,Oakland,14.677416833333334,91.02512620833333,5.5627524374999995,1020.9625,0.0,67.0
2014-12-09,37.743065,-122.169935,13.6,0.005,59.0,Oakland,15.8065835,92.30769370833333,2.4966985604166667,1020.9416666666666,0.0,86.08333333333333
2014-12-10,37.743065,-122.169935,10.7,0.027,54.0,Oakland,15.269083625,93.74644983333333,6.8156868875,1016.7791666666667,0.0,88.375
2014-12-11,37.743065,-122.169935,4.3,0.028,24.0,Oakland,16.439916583333332,84.43565341666667,21.540180137500002,1005.3833333333333,1.8166666666666667,99.83333333333333
2014-12-12,37.743065,-122.169935,5.5,0.022,31.0,Oakland,11.989917125,84.77232791666667,6.0729949375,1007.625,1.2750000000000001,98.625
2014-12-13,37.743065,-122.169935,7.5,0.025,42.0,Oakland,10.592000375,88.98248683333333,4.708217341666667,1019.6,0.05833333333333333,63.5
2014-12-14,37.743065,-122.169935,7.8,0.026,43.0,Oakland,11.060750458333333,83.96907191666666,7.188706616666667,1019.9708333333333,0.029166666666666664,81.75
2014-12-15,37.743065,-122.169935,7.8,0.026,43.0,Oakland,11.060750458333333,83.96907191666666,7.188706616666667,1019.9708333333333,0.029166666666666664,81.75
2014-12-16,37.743065,-122.169935,4.6,0.029,26.0,Oakland,12.739917166666666,87.83155004166667,10.117696920833334,1012.6458333333334,0.21666666666666667,77.16666666666667
2014-12-17,37.743065,-122.169935,7.2,0.031,40.0,Oakland,12.221167125000001,82.24794116666666,8.830823683333334,1014.5708333333333,0.4375,72.41666666666667
2014-12-18,37.743065,-122.169935,7.2,0.031,40.0,Oakland,12.221167125000001,82.24794116666666,8.830823683333334,1014.5708333333333,0.4375,72.41666666666667
2014-12-19,37.743065,-122.169935,7.2,0.031,40.0,Oakland,12.221167125000001,82.24794116666666,8.830823683333334,1014.5708333333333,0.4375,72.41666666666667
2014-12-20,37.743065,-122.169935,7.8,0.026,43.0,Oakland,13.987833708333334,92.40805079166667,3.7596623,1021.0583333333334,0.16666666666666666,96.41666666666667
2014-12-21,37.743065,-122.169935,5.9,0.019,33.0,Oakland,16.23575025,89.77761687499999,8.187786895833334,1024.3083333333334,0.0,99.75
2014-12-22,37.743065,-122.169935,7.6,0.007,42.0,Oakland,15.525333541666667,91.83375045833333,4.8150969625,1024.5583333333334,0.0,94.41666666666667
2014-12-23,37.743065,-122.169935,6.2,0.012,34.0,Oakland,13.671166958333332,89.700766875,4.501122204166667,1022.0625,0.0,45.125
2014-12-24,37.743065,-122.169935,6.2,0.031,34.0,Oakland,13.412833708333332,89.63683583333334,7.559615228333333,1018.6458333333334,0.03333333333333333,82.54166666666667
2014-12-25,37.743065,-122.169935,4.9,0.03,27.0,Oakland,10.592000320833334,65.43307283333333,15.688095666666667,1018.1833333333334,0.0,0.375
2014-12-26,37.743065,-122.169935,6.7,0.03,37.0,Oakland,10.25866685,54.51191075,10.426435812500001,1020.4958333333334,0.0,0.0
2014-12-27,37.743065,-122.169935,9.0,0.022,50.0,Oakland,9.048250362500001,57.71490508333333,6.046267229166666,1025.25,0.0,46.208333333333336
2014-12-28,37.743065,-122.169935,19.9,0.019,71.0,Oakland,8.467000170833334,73.86516804166666,4.8331002875,1027.125,0.0,51.791666666666664
2014-12-29,37.743065,-122.169935,9.0,0.017,50.0,Oakland,9.110750099999999,87.70203795833334,5.642358375000001,1023.1041666666666,0.0,43.458333333333336
2014-12-30,37.743065,-122.169935,6.0,0.031,33.0,Oakland,9.062833475,61.1065295,13.585858704166666,1020.0124999999999,0.0,16.916666666666668
2014-12-31,37.743065,-122.169935,6.0,0.031,33.0,Oakland,9.062833475,61.1065295,13.585858704166666,1020.0124999999999,0.0,16.916666666666668
2015-01-01,37.743065,-122.169935,13.4,0.032,59.0,Oakland,7.421166833333333,51.02718745833334,8.0639953875,1019.4250000000001,0.0,0.0
2015-01-02,37.743065,-122.169935,21.7,0.021,74.0,Oakland,5.408666679166667,67.08804441666668,5.798363354166667,1021.5458333333332,0.0,11.625
2015-01-03,37.743065,-122.169935,22.7,0.015,76.0,Oakland,6.292000191666666,69.91159633333334,4.650370858333333,1022.7916666666666,0.0,2.5
2015-01-04,37.743065,-122.169935,29.3,0.02,89.0,Oakland,6.87325005,78.77370133333334,4.994396320833333,1027.4625,0.0,81.5
2015-01-05,37.743065,-122.169935,18.1,0.024,68.0,Oakland,7.6607501125,79.05528783333334,7.347598120833333,1028.1333333333334,0.0,79.20833333333333
2015-01-06,37.743065,-122.169935,24.8,0.024,80.0,Oakland,9.346166795833334,82.40935625,9.043299704166666,1023.9083333333333,0.0,70.29166666666667
2015-01-07,37.743065,-122.169935,22.6,0.008,76.0,Oakland,9.908666670833332,82.65781154166667,8.390742145833334,1021.7875,0.0,7.0
2015-01-08,37.743065,-122.169935,26.1,0.008,83.0,Oakland,10.283666725,86.409964875,5.856802900000001,1018.3625000000001,0.0,75.54166666666667
2015-01-09,37.743065,-122.169935,27.2,0.003,85.0,Oakland,11.523250416666668,84.65231795833334,3.1792413958333334,1016.0916666666667,0.0,76.0
2015-01-10,37.743065,-122.169935,16.8,0.017,65.0,Oakland,12.18575025,89.10983945833334,3.52399494,1015.5666666666666,0.0,56.5
2015-01-11,37.743065,-122.169935,17.7,0.01,67.0,Oakland,10.850333666666666,90.98646666666667,3.91742394875,1017.0124999999999,0.0,91.625
2015-01-12,37.743065,-122.169935,15.0,0.005,62.0,Oakland,10.448250208333333,91.83148566666667,4.020890191666667,1022.3375,0.0,83.16666666666667
2015-01-13,37.743065,-122.169935,10.3,0.021,53.0,Oakland,11.789916820833334,84.16813491666666,5.858645470833333,1022.2291666666666,0.0,43.375
2015-01-14,37.743065,-122.169935,22.2,0.019,75.0,Oakland,9.375333570833334,84.19370258333333,7.211883120833334,1021.8000000000001,0.0,19.791666666666668
2015-01-15,37.743065,-122.169935,31.8,0.012,93.0,Oakland,9.039916766666666,88.23241808333334,6.039642658333334,1025.0375000000001,0.0,79.54166666666667
2015-01-16,37.743065,-122.169935,27.7,0.013,86.0,Oakland,11.239917208333333,89.18711541666666,4.526836329166667,1024.6541666666667,0.008333333333333333,85.95833333333333
2015-01-17,37.743065,-122.169935,15.4,0.015,63.0,Oakland,12.131583833333332,91.16860216666667,5.859084545833333,1024.4791666666667,0.0,88.375
2015-01-18,37.743065,-122.169935,13.5,0.007,59.0,Oakland,12.577416999999999,91.72286904166667,4.0454075708333335,1024.875,0.0,99.375
2015-01-19,37.743065,-122.169935,8.5,0.018,47.0,Oakland,13.354500375,92.407505,4.036975095,1024.9541666666667,0.0,97.875
2015-01-20,37.743065,-122.169935,15.4,0.007,63.0,Oakland,11.146167,89.50360520833334,3.4733595666666663,1021.2708333333334,0.0,81.41666666666667
2015-01-21,37.743065,-122.169935,15.4,0.007,63.0,Oakland,11.146167,89.50360520833334,3.4733595666666663,1021.2708333333334,0.0,81.41666666666667
2015-01-22,37.743065,-122.169935,15.4,0.007,63.0,Oakland,11.146167,89.50360520833334,3.4733595666666663,1021.2708333333334,0.0,81.41666666666667
2015-01-23,37.743065,-122.169935,15.3,0.014,63.0,Oakland,9.712833462499999,77.69251083333333,5.654084087499999,1026.9166666666667,0.0,15.833333333333334
2015-01-24,37.743065,-122.169935,13.9,0.021,60.0,Oakland,12.97325025,71.85215679166667,7.309453895833333,1023.4041666666667,0.0,11.291666666666666
2015-01-25,37.743065,-122.169935,12.9,0.013,58.0,Oakland,10.88991685,75.42079966666667,9.3446843125,1019.7041666666668,0.0,15.25
2015-01-26,37.743065,-122.169935,13.6,0.012,59.0,Oakland,9.460750279166666,78.66732449999999,6.900565749999999,1016.7458333333334,0.0,45.625
2015-01-27,37.743065,-122.169935,8.2,0.025,46.0,Oakland,14.371167125,80.105771,5.6113507375000005,1018.3166666666666,0.0,96.45833333333333
2015-01-28,37.743065,-122.169935,17.5,0.016,67.0,Oakland,13.233666683333333,84.77632866666666,4.2369982375,1023.8083333333334,0.0,55.208333333333336
2015-01-29,37.743065,-122.169935,15.9,0.015,64.0,Oakland,12.17741685,88.0113255,4.098795233333333,1020.8583333333332,0.0,60.916666666666664
2015-01-30,37.743065,-122.169935,11.7,0.013,56.0,Oakland,12.362833666666667,86.39955016666666,4.3472768875000005,1016.8541666666666,0.0,44.708333333333336
2015-01-31,37.743065,-122.169935,5.9,0.034,33.0,Oakland,14.114917041666667,62.01945295833334,8.270381683333333,1013.6958333333333,0.0,18.5
2015-02-01,37.743065,-122.169935,13.3,0.018,59.0,Oakland,12.1190834625,74.439108375,4.8701586375,1018.2875,0.0,66.91666666666667
2015-02-02,37.743065,-122.169935,25.4,0.011,81.0,Oakland,12.59616675,79.26601458333333,3.8339107,1020.7958333333332,0.0,86.91666666666667
2015-02-03,37.743065,-122.169935,16.3,0.012,64.0,Oakland,13.573250333333334,81.372827375,3.9891568791666665,1019.3083333333334,0.0,82.95833333333333
2015-02-04,37.743065,-122.169935,24.7,0.018,80.0,Oakland,13.119083625,89.00347104166667,3.6720064083333335,1017.7791666666667,0.0,97.25
2015-02-05,37.743065,-122.169935,10.3,0.028,53.0,Oakland,13.614917,86.57424595833334,7.841918404166666,1016.2708333333334,0.0,93.66666666666667
2015-02-06,37.743065,-122.169935,3.6,0.025,20.0,Oakland,15.7628335,75.362794,19.2249157,1011.6291666666666,0.6083333333333333,95.5
2015-02-07,37.743065,-122.169935,6.7,0.026,37.0,Oakland,17.383666541666667,88.06808050000001,18.9029043375,1014.0291666666667,0.9958333333333332,62.25
2015-02-08,37.743065,-122.169935,3.8,0.039,21.0,Oakland,17.023249916666668,89.318794125,12.868369541666667,1015.6750000000001,0.7916666666666666,83.95833333333333
2015-02-09,37.743065,-122.169935,9.2,0.033,51.0,Oakland,16.860750083333333,81.91698079166666,17.035191220833333,1018.7583333333333,0.16666666666666666,40.375
2015-02-10,37.743065,-122.169935,6.3,0.023,35.0,Oakland,12.729500250000001,85.66186808333333,5.448276616666667,1022.6291666666666,0.0,66.5
2015-02-11,37.743065,-122.169935,5.5,0.025,31.0,Oakland,12.583666820833335,83.45840608333333,5.1755230875,1020.2041666666668,0.0,85.79166666666667
2015-02-12,37.743065,-122.169935,9.0,0.022,50.0,Oakland,13.810750083333334,83.640847625,7.69626355,1021.3249999999999,0.0,84.0
2015-02-13,37.743065,-122.169935,12.5,0.015,57.0,Oakland,14.419083541666666,84.33381791666666,6.224485666666666,1019.9291666666667,0.0,74.75
2015-02-14,37.743065,-122.169935,10.9,0.024,54.0,Oakland,15.267000166666667,82.36354670833333,4.670300825,1018.5916666666667,0.0,46.416666666666664
2015-02-15,37.743065,-122.169935,7.3,0.029,41.0,Oakland,15.587833291666668,74.56681937500001,5.192596741666667,1016.8541666666666,0.0,30.958333333333332
2015-02-16,37.743065,-122.169935,11.0,0.035,55.0,Oakland,14.987833625,81.18382670833334,3.42443596125,1015.3666666666667,0.0,42.166666666666664
2015-02-17,37.743065,-122.169935,10.2,0.035,53.0,Oakland,13.65033375,90.241307875,7.477603829166667,1018.0,0.0,86.45833333333333
2015-02-18,37.743065,-122.169935,10.0,0.028,53.0,Oakland,13.335750291666669,85.03674066666666,5.212415429166667,1021.75,0.0,34.791666666666664
2015-02-19,37.743065,-122.169935,17.8,0.021,67.0,Oakland,13.096166958333333,91.33432945833333,3.7306875500000003,1020.6750000000001,0.0,82.33333333333333
2015-02-20,37.743065,-122.169935,12.5,0.016,57.0,Oakland,13.756583666666666,89.16717483333333,4.3670400375,1017.8874999999999,0.0,61.166666666666664
2015-02-21,37.743065,-122.169935,9.0,0.028,50.0,Oakland,13.814916875,81.6952165,3.7100937658333333,1014.0166666666668,0.0,40.333333333333336
2015-02-22,37.743065,-122.169935,6.6,0.031,37.0,Oakland,13.477416833333335,73.225761,7.2683095625,1010.7541666666666,0.004166666666666667,41.25
2015-02-23,37.743065,-122.169935,5.0,0.035,28.0,Oakland,13.952416874999999,30.223637416666666,14.482757999999999,1013.75,0.0,0.5416666666666666
2015-02-24,37.743065,-122.169935,7.2,0.03,40.0,Oakland,12.223250279166669,39.43080233333333,6.775299133333333,1024.4833333333333,0.0,0.0
2015-02-25,37.743065,-122.169935,10.7,0.026,54.0,Oakland,11.939916666666667,78.05983329166666,6.1725466125,1024.825,0.0,56.666666666666664
2015-02-26,37.743065,-122.169935,11.3,0.023,55.0,Oakland,13.452416958333332,80.44430941666667,7.0941046666666665,1018.1458333333334,0.0,62.083333333333336
2015-02-27,37.743065,-122.169935,3.9,0.035,22.0,Oakland,14.87741675,76.47343095833334,15.569614083333335,1011.8208333333333,0.0,19.208333333333332
2015-02-28,37.743065,-122.169935,3.9,0.032,22.0,Oakland,12.469083750000001,74.61040100000001,12.6738771125,1007.6208333333334,0.012499999999999999,21.125
2015-03-01,37.743065,-122.169935,5.4,0.031,30.0,Oakland,12.160750333333333,70.1427345,5.4013533208333335,1013.1708333333332,0.0375,22.291666666666668
2015-03-02,37.743065,-122.169935,7.7,0.038,43.0,Oakland,12.519083666666667,77.24363166666667,9.197682179166668,1011.2666666666668,0.008333333333333333,58.166666666666664
2015-03-03,37.743065,-122.169935,7.9,0.029,44.0,Oakland,12.146166795833333,69.27462358333334,3.918267633333333,1014.9458333333333,0.0,17.75
2015-03-04,37.743065,-122.169935,7.9,0.029,44.0,Oakland,12.146166795833333,69.27462358333334,3.918267633333333,1014.9458333333333,0.0,17.75
2015-03-05,37.743065,-122.169935,7.7,0.037,43.0,Oakland,13.354500154166667,63.93394766666666,6.049136045833333,1023.9499999999999,0.0,3.375
2015-03-06,37.743065,-122.169935,11.1,0.033,55.0,Oakland,14.771166958333334,60.509542624999995,5.6267309999999995,1024.8208333333334,0.0,4.083333333333333
2015-03-07,37.743065,-122.169935,13.5,0.037,59.0,Oakland,14.304500124999999,71.11333054166667,5.864217783333333,1019.8874999999999,0.0,22.583333333333332
2015-03-08,37.743065,-122.169935,14.0,0.028,60.0,Oakland,14.367000208333332,78.11647645833334,5.257244812500001,1017.8000000000001,0.0,35.833333333333336
2015-03-09,37.743065,-122.169935,13.6,0.022,59.0,Oakland,14.135750083333333,82.542558375,6.247383833333333,1016.5,0.0,55.208333333333336
2015-03-10,37.743065,-122.169935,16.0,0.022,64.0,Oakland,13.760750208333334,84.3723485,5.2010300208333335,1013.8833333333333,0.0,70.20833333333333
2015-03-11,37.743065,-122.169935,9.0,0.035,50.0,Oakland,15.160750291666666,81.76222583333333,6.651995374166667,1017.4625,0.024999999999999998,89.5
2015-03-12,37.743065,-122.169935,6.9,0.026,38.0,Oakland,15.348250166666666,82.95175458333334,5.323558895833333,1023.4916666666667,0.004166666666666667,35.791666666666664
2015-03-13,37.743065,-122.169935,11.1,0.022,55.0,Oakland,16.198250333333334,82.92816791666667,5.027188366666667,1020.6625,0.0,73.54166666666667
2015-03-14,37.743065,-122.169935,13.3,0.041,59.0,Oakland,18.750333333333334,76.24721041666668,4.943531075,1018.6583333333333,0.0,87.5
2015-03-15,37.743065,-122.169935,5.9,0.038,33.0,Oakland,19.381583375,71.698211625,8.992224766666666,1016.1875,0.0,94.95833333333333
2015-03-16,37.743065,-122.169935,6.3,0.025,35.0,Oakland,16.294083375,71.92748154166667,4.697907108333333,1016.8416666666667,0.0,98.54166666666667
2015-03-17,37.743065,-122.169935,5.2,0.035,29.0,Oakland,16.452416708333335,75.61157954166667,9.141218458333332,1017.7958333333332,0.0,92.375
2015-03-18,37.743065,-122.169935,6.6,0.03,37.0,Oakland,14.610750208333334,72.20030329166667,7.7048123875,1017.5500000000001,0.0,25.0
2015-03-19,37.743065,-122.169935,10.7,0.031,54.0,Oakland,15.219083625000001,73.11422591666667,6.560403683333334,1017.1,0.0,39.541666666666664
2015-03-20,37.743065,-122.169935,7.4,0.039,41.0,Oakland,15.05866675,74.54330337500001,7.334991787500001,1017.9958333333334,0.0,92.79166666666667
2015-03-21,37.743065,-122.169935,6.0,0.035,33.0,Oakland,15.437833458333335,76.23969704166667,7.291819704166667,1020.5875,0.0,84.95833333333333
2015-03-22,37.743065,-122.169935,6.0,0.038,33.0,Oakland,16.539916708333333,78.81142708333333,11.044657325000001,1020.3458333333333,0.016666666666666666,93.04166666666667
2015-03-23,37.743065,-122.169935,5.6,0.043,31.0,Oakland,15.306583458333334,72.82287875,10.5897512125,1023.1416666666668,0.041666666666666664,73.29166666666667
2015-03-24,37.743065,-122.169935,6.6,0.035,37.0,Oakland,14.877416833333333,71.579924125,10.443983508333334,1025.2708333333333,0.0,80.625
2015-03-25,37.743065,-122.169935,7.3,0.025,41.0,Oakland,15.858666833333332,75.36425620833333,7.431813329166666,1023.1999999999999,0.0,13.708333333333334
2015-03-26,37.743065,-122.169935,10.5,0.034,54.0,Oakland,17.354500208333334,74.03972208333333,5.832626520833333,1020.5666666666666,0.0,10.25
2015-03-27,37.743065,-122.169935,6.4,0.026,36.0,Oakland,16.535750125,80.94234979166667,7.2093220208333335,1019.4541666666668,0.0,29.916666666666668
2015-03-28,37.743065,-122.169935,10.2,0.034,53.0,Oakland,16.102417,70.01549145833333,8.186389404166666,1020.6958333333333,0.0,16.958333333333332
2015-03-29,37.743065,-122.169935,12.3,0.034,57.0,Oakland,16.258666791666666,68.47871479166666,6.858235766666667,1018.8291666666668,0.0,14.958333333333334
2015-03-30,37.743065,-122.169935,11.4,0.035,55.0,Oakland,15.810750041666667,73.91562533333332,7.999936099999999,1016.9208333333332,0.0,51.916666666666664
2015-03-31,37.743065,-122.169935,7.0,0.04,39.0,Oakland,15.521166916666667,67.23374495833333,16.324087291666668,1019.1583333333333,0.0,37.958333333333336
2015-04-01,37.743065,-122.169935,6.8,0.043,38.0,Oakland,14.021166791666666,55.01611191666667,14.923367395833333,1021.15,0.0,24.666666666666668
2015-04-02,37.743065,-122.169935,8.0,0.041,44.0,Oakland,14.012833445833332,53.17608658333333,10.979644929166668,1020.275,0.0,0.0
2015-04-03,37.743065,-122.169935,14.0,0.038,60.0,Oakland,13.908666695833332,60.61675920833333,8.342328529166666,1021.5500000000001,0.0,5.25
2015-04-04,37.743065,-122.169935,9.6,0.044,52.0,Oakland,13.633666750000001,56.028910958333334,12.550488158333332,1018.6333333333333,0.0,21.875
2015-04-05,37.743065,-122.169935,4.6,0.046,26.0,Oakland,12.19200025,67.47020175,14.083061079166667,1013.8333333333334,0.0625,58.333333333333336
2015-04-06,37.743065,-122.169935,5.2,0.045,29.0,Oakland,11.592000125,63.39868804166667,11.167711908333333,1013.775,0.0,57.958333333333336
2015-04-07,37.743065,-122.169935,1.7,0.046,9.0,Oakland,13.242000500000001,70.30733479166666,17.538648458333334,1010.9458333333333,0.6791666666666667,80.58333333333333
2015-04-08,37.743065,-122.169935,5.3,0.04,29.0,Oakland,12.535750375,70.07634383333333,7.2089643125,1018.6750000000001,0.0,37.833333333333336
2015-04-09,37.743065,-122.169935,6.6,0.037,37.0,Oakland,13.062833458333332,73.29513,5.208362204166667,1017.8458333333333,0.0,61.0
2015-04-10,37.743065,-122.169935,5.1,0.041,28.0,Oakland,13.896166833333334,72.66677304166667,7.069358591666667,1015.7541666666666,0.0,25.958333333333332
2015-04-11,37.743065,-122.169935,7.4,0.036,41.0,Oakland,14.47116675,67.71212758333333,8.92844055,1017.2375000000001,0.0,62.458333333333336
2015-04-12,37.743065,-122.169935,6.2,0.04,34.0,Oakland,15.844083458333335,70.7840905,7.254989544583334,1016.5375,0.0,16.416666666666668
2015-04-13,37.743065,-122.169935,6.5,0.043,36.0,Oakland,14.787833416666667,72.70057533333333,10.4344302375,1016.7958333333332,0.0,24.125
2015-04-14,37.743065,-122.169935,6.8,0.045,38.0,Oakland,13.812833625000001,51.182744500000005,15.713188125,1023.2708333333334,0.0,9.5
2015-04-15,37.743065,-122.169935,7.2,0.043,40.0,Oakland,14.873250125,46.090228875,12.300175104166668,1022.0833333333334,0.0,27.75
2015-04-16,37.743065,-122.169935,6.0,0.051,33.0,Oakland,18.604499916666665,30.4199295,10.351502929166667,1016.375,0.0,1.7083333333333333
2015-04-17,37.743065,-122.169935,11.6,0.039,56.0,Oakland,17.329499875,48.881320458333334,7.877808291666667,1017.2041666666668,0.0,0.4166666666666667
2015-04-18,37.743065,-122.169935,15.5,0.035,63.0,Oakland,14.675333416666668,69.73050658333334,8.359948158333333,1016.7583333333333,0.0,31.791666666666668
2015-04-19,37.743065,-122.169935,11.3,0.038,55.0,Oakland,14.171166791666666,72.99977750000001,9.54429715,1014.0541666666667,0.0,23.416666666666668
2015-04-20,37.743065,-122.169935,9.7,0.039,52.0,Oakland,14.064916833333333,79.52046958333334,12.127495354166667,1012.0083333333333,0.0,52.916666666666664
2015-04-21,37.743065,-122.169935,6.9,0.036,38.0,Oakland,13.510750333333334,80.53136633333334,15.737675479166667,1011.1458333333334,0.0,88.41666666666667
2015-04-22,37.743065,-122.169935,10.7,0.035,54.0,Oakland,14.067000416666666,77.38749441666667,10.937795870833334,1011.0333333333333,0.0,72.83333333333333
2015-04-23,37.743065,-122.169935,14.5,0.039,61.0,Oakland,14.417000250000001,74.308683,11.189074191666668,1011.3541666666666,0.0,34.083333333333336
2015-04-24,37.743065,-122.169935,7.8,0.045,43.0,Oakland,14.79825025,63.33520679166667,18.607058833333333,1013.15,0.0,60.291666666666664
2015-04-25,37.743065,-122.169935,5.0,0.037,28.0,Oakland,14.675333541666667,71.81288595833333,17.15276366666667,1014.375,0.26666666666666666,82.20833333333333
2015-04-26,37.743065,-122.169935,7.3,0.041,41.0,Oakland,14.97116675,62.24986808333333,13.242231920833333,1018.1541666666667,0.0,21.333333333333332
2015-04-27,37.743065,-122.169935,7.6,0.027,42.0,Oakland,17.704499916666666,67.31198191666667,7.306518516666666,1016.6458333333334,0.0,28.208333333333332
2015-04-28,37.743065,-122.169935,7.6,0.027,42.0,Oakland,17.704499916666666,67.31198191666667,7.306518516666666,1016.6458333333334,0.0,28.208333333333332
2015-04-29,37.743065,-122.169935,13.7,0.038,60.0,Oakland,15.606583416666666,71.15507475,11.329670125,1015.8083333333334,0.0,42.375
2015-04-30,37.743065,-122.169935,10.3,0.054,53.0,Oakland,18.856583375,57.94621458333333,6.941748020833334,1011.4708333333333,0.0,3.4583333333333335
2015-05-01,37.743065,-122.169935,13.4,0.039,59.0,Oakland,20.78366675,55.640701375,8.408573620833334,1009.7666666666668,0.0,4.458333333333333
2015-05-02,37.743065,-122.169935,13.7,0.043,60.0,Oakland,15.762833416666666,69.72616583333333,9.886675704166667,1011.4708333333333,0.0,11.916666666666666
2015-05-03,37.743065,-122.169935,9.2,0.047,51.0,Oakland,14.212833541666667,74.69969841666666,12.963226729166665,1011.3666666666667,0.0,30.833333333333332
2015-05-04,37.743065,-122.169935,8.1,0.043,45.0,Oakland,13.358666999999999,76.5023295,14.166193979166666,1013.4416666666666,0.0,50.666666666666664
2015-05-05,37.743065,-122.169935,11.5,0.042,55.0,Oakland,13.837833791666666,76.46944379166668,14.854348375,1013.8625000000001,0.0,41.25
2015-05-06,37.743065,-122.169935,13.6,0.039,59.0,Oakland,14.721166916666666,65.88762175000001,11.754263808333334,1011.5500000000001,0.0,42.041666666666664
2015-05-07,37.743065,-122.169935,11.6,0.035,56.0,Oakland,15.235750125000001,56.827026625,8.641408516666667,1008.0124999999999,0.0,18.375
2015-05-08,37.743065,-122.169935,12.6,0.037,58.0,Oakland,15.36075025,63.38349220833334,8.600914620833334,1009.3291666666668,0.0,36.416666666666664
2015-05-09,37.743065,-122.169935,10.8,0.039,54.0,Oakland,14.323250291666668,73.705846875,11.846901945833332,1017.025,0.0,27.625
2015-05-10,37.743065,-122.169935,9.9,0.04,52.0,Oakland,13.537833541666666,77.27438216666667,13.7954683125,1017.8541666666666,0.0,63.541666666666664
2015-05-11,37.743065,-122.169935,9.5,0.04,52.0,Oakland,14.004500291666666,74.54540779166666,15.581379041666667,1014.4208333333332,0.0,75.08333333333333
2015-05-12,37.743065,-122.169935,7.7,0.042,43.0,Oakland,13.902416875,61.21531366666667,18.903310625,1012.4041666666667,0.0,32.458333333333336
2015-05-13,37.743065,-122.169935,4.5,0.044,25.0,Oakland,13.937833541666668,64.890682625,15.300223645833334,1013.9250000000001,0.0,80.45833333333333
2015-05-14,37.743065,-122.169935,4.4,0.045,24.0,Oakland,14.967000166666667,70.86396816666667,8.240316133333334,1011.0958333333333,0.0,94.875
2015-05-15,37.743065,-122.169935,6.0,0.041,33.0,Oakland,14.017000375,71.948531875,10.547338483333334,1011.3125,0.0,54.458333333333336
2015-05-16,37.743065,-122.169935,6.1,0.038,34.0,Oakland,14.614916749999999,74.33108341666666,15.267757583333333,1014.4083333333333,0.0,55.541666666666664
2015-05-17,37.743065,-122.169935,4.4,0.038,24.0,Oakland,14.533666958333335,76.19762479166667,13.925665645833334,1016.3541666666666,0.0,84.25
2015-05-18,37.743065,-122.169935,6.5,0.034,36.0,Oakland,14.137833583333332,76.72879579166667,14.639816875000001,1017.5666666666666,0.0,75.0
2015-05-19,37.743065,-122.169935,6.5,0.034,36.0,Oakland,14.479500333333334,77.78344299999999,13.982038958333334,1018.5708333333333,0.0,63.083333333333336
2015-05-20,37.743065,-122.169935,5.9,0.035,33.0,Oakland,14.631583458333333,78.00445258333333,14.088466854166667,1014.9083333333333,0.0,46.375
2015-05-21,37.743065,-122.169935,2.9,0.035,16.0,Oakland,15.254500125,78.8847415,13.772117291666667,1013.7291666666666,0.0,79.66666666666667
2015-05-22,37.743065,-122.169935,5.1,0.036,28.0,Oakland,15.5815835,78.08872258333334,12.108484345833332,1015.1791666666667,0.07083333333333333,66.54166666666667
2015-05-23,37.743065,-122.169935,8.7,0.04,48.0,Oakland,15.029500208333333,78.5637985,14.511274104166667,1017.75,0.0,78.875
2015-05-24,37.743065,-122.169935,8.6,0.037,48.0,Oakland,14.906583333333332,77.75091258333333,13.362785870833333,1016.35,0.0,42.416666666666664
2015-05-25,37.743065,-122.169935,3.3,0.034,18.0,Oakland,14.354500375,81.12640195833333,14.8691341875,1014.4541666666668,0.0,69.25
2015-05-26,37.743065,-122.169935,3.9,0.036,22.0,Oakland,14.783667000000001,77.36819345833334,13.998680791666667,1015.1,0.0,66.33333333333333
2015-05-27,37.743065,-122.169935,5.6,0.03,31.0,Oakland,14.969083625000001,78.69628091666667,12.692887333333333,1015.7583333333333,0.0,59.875
2015-05-28,37.743065,-122.169935,4.5,0.029,25.0,Oakland,14.479500166666668,80.07797629166667,12.889711687500002,1016.3666666666667,0.0,70.0
2015-05-29,37.743065,-122.169935,5.7,0.032,32.0,Oakland,14.673250208333334,79.6662205,12.005610729166667,1015.2666666666668,0.0,79.04166666666667
2015-05-30,37.743065,-122.169935,5.7,0.035,32.0,Oakland,14.719083666666668,78.91672774999999,11.579606666666665,1013.8791666666666,0.0,89.70833333333333
2015-05-31,37.743065,-122.169935,8.6,0.041,48.0,Oakland,14.383666833333335,77.08268716666667,13.194243875,1013.0833333333334,0.0,64.41666666666667
2015-06-01,37.743065,-122.169935,3.9,0.033,22.0,Oakland,16.508666666666667,76.32991591666666,11.341400925,1015.1708333333332,0.0,64.04166666666667
2015-06-02,37.743065,-122.169935,5.8,0.03,32.0,Oakland,17.27116675,78.41533741666667,11.398637683333334,1017.2125,0.0,30.125
2015-06-03,37.743065,-122.169935,9.1,0.033,51.0,Oakland,16.771166875000002,71.12540183333333,14.3962978375,1014.025,0.0,75.41666666666667
2015-06-04,37.743065,-122.169935,11.4,0.03,55.0,Oakland,16.310750083333335,74.07339995833333,12.433842137500001,1010.475,0.0,56.458333333333336
2015-06-05,37.743065,-122.169935,11.4,0.03,55.0,Oakland,16.310750083333335,74.07339995833333,12.433842137500001,1010.475,0.0,56.458333333333336
2015-06-06,37.743065,-122.169935,11.4,0.03,55.0,Oakland,16.310750083333335,74.07339995833333,12.433842137500001,1010.475,0.0,56.458333333333336
2015-06-07,37.743065,-122.169935,11.4,0.03,55.0,Oakland,16.310750083333335,74.07339995833333,12.433842137500001,1010.475,0.0,56.458333333333336
2015-06-08,37.743065,-122.169935,11.4,0.03,55.0,Oakland,16.310750083333335,74.07339995833333,12.433842137500001,1010.475,0.0,56.458333333333336
2015-06-09,37.743065,-122.169935,4.7,0.035,26.0,Oakland,20.117,71.01248920833334,10.934935533333332,1010.1916666666666,0.0,59.208333333333336
2015-06-10,37.743065,-122.169935,6.2,0.023,34.0,Oakland,18.716999833333333,75.178108,7.1701271166666665,1012.375,0.05416666666666667,99.625
2015-06-11,37.743065,-122.169935,10.7,0.028,54.0,Oakland,18.587833375,75.89593145833332,7.306986879166666,1011.6416666666668,0.020833333333333332,41.416666666666664
2015-06-12,37.743065,-122.169935,10.9,0.03,54.0,Oakland,19.8815835,69.28287641666667,8.565955183333333,1009.5749999999999,0.0,22.916666666666668
2015-06-13,37.743065,-122.169935,12.4,0.029,57.0,Oakland,19.844083291666667,69.26517925,12.584757916666668,1007.6291666666666,0.0,26.0
2015-06-14,37.743065,-122.169935,16.5,0.032,65.0,Oakland,17.244083416666665,74.74259716666667,14.170303979166667,1008.2375000000001,0.0,33.416666666666664
2015-06-15,37.743065,-122.169935,10.2,0.029,53.0,Oakland,15.346166791666667,77.519526375,14.941472541666668,1010.8625000000001,0.0,62.208333333333336
2015-06-16,37.743065,-122.169935,12.5,0.03,57.0,Oakland,15.97325,77.28364979166666,12.365014924999999,1013.4208333333332,0.0,43.208333333333336
2015-06-17,37.743065,-122.169935,13.8,0.028,60.0,Oakland,17.10033341666667,71.18786795833334,11.249738158333335,1013.1583333333333,0.0,51.083333333333336
2015-06-18,37.743065,-122.169935,9.0,0.032,50.0,Oakland,16.912833333333335,70.29851883333333,13.268073166666667,1013.9583333333334,0.0,24.458333333333332
2015-06-19,37.743065,-122.169935,8.3,0.028,46.0,Oakland,17.269083541666667,67.576906625,12.456666583333332,1015.2916666666666,0.0,15.916666666666666
2015-06-20,37.743065,-122.169935,6.1,0.028,34.0,Oakland,17.752416625,68.65288945833333,10.370018758333334,1012.8583333333332,0.0,80.83333333333333
2015-06-21,37.743065,-122.169935,8.8,0.036,49.0,Oakland,16.552416750000003,71.97940708333333,14.0721268125,1013.7291666666666,0.0,53.541666666666664
2015-06-22,37.743065,-122.169935,6.2,0.03,34.0,Oakland,16.164916666666667,71.87301016666667,13.262864833333333,1016.5458333333332,0.0,34.958333333333336
2015-06-23,37.743065,-122.169935,11.2,0.031,55.0,Oakland,17.402416625,68.91915225,11.664366091666666,1015.6833333333334,0.0,14.291666666666666
2015-06-24,37.743065,-122.169935,7.8,0.03,43.0,Oakland,18.004499958333334,69.16784175,12.840420645833333,1013.5375,0.0,13.541666666666666
2015-06-25,37.743065,-122.169935,11.2,0.026,55.0,Oakland,20.106583458333333,66.39776908333333,9.052990141666667,1011.8833333333333,0.0,7.625
2015-06-26,37.743065,-122.169935,11.2,0.026,55.0,Oakland,20.106583458333333,66.39776908333333,9.052990141666667,1011.8833333333333,0.0,7.625
2015-06-27,37.743065,-122.169935,11.2,0.026,55.0,Oakland,20.106583458333333,66.39776908333333,9.052990141666667,1011.8833333333333,0.0,7.625
2015-06-28,37.743065,-122.169935,11.2,0.026,55.0,Oakland,20.106583458333333,66.39776908333333,9.052990141666667,1011.8833333333333,0.0,7.625
2015-06-29,37.743065,-122.169935,11.2,0.026,55.0,Oakland,20.106583458333333,66.39776908333333,9.052990141666667,1011.8833333333333,0.0,7.625
2015-06-30,37.743065,-122.169935,6.5,0.022,36.0,Oakland,19.848249916666667,70.18131408333333,7.882103154166667,1012.4291666666667,0.0,75.25
2015-07-01,37.743065,-122.169935,7.0,0.026,39.0,Oakland,21.531583291666667,61.904406333333334,8.883182879166666,1010.8958333333334,0.0,62.541666666666664
2015-07-02,37.743065,-122.169935,4.1,0.016,23.0,Oakland,20.77533325,64.20664629166667,9.4870203625,1012.775,0.029166666666666664,73.95833333333333
2015-07-03,37.743065,-122.169935,4.7,0.025,26.0,Oakland,19.296166458333335,68.776489,9.3036733125,1013.2624999999999,0.016666666666666666,66.83333333333333
2015-07-04,37.743065,-122.169935,12.5,0.028,57.0,Oakland,18.998249916666666,71.94410783333333,11.604438708333333,1011.4208333333332,0.0,42.291666666666664
2015-07-05,37.743065,-122.169935,1.5,0.025,8.0,Oakland,19.146166541666666,77.71659783333334,14.010727833333334,1012.525,0.0,68.04166666666667
2015-07-06,37.743065,-122.169935,5.5,0.028,31.0,Oakland,19.212833208333333,73.04880145833333,13.109577108333333,1016.4166666666666,0.0,35.75
2015-07-07,37.743065,-122.169935,5.5,0.028,31.0,Oakland,19.212833208333333,73.04880145833333,13.109577108333333,1016.4166666666666,0.0,35.75
2015-07-08,37.743065,-122.169935,2.4,0.023,13.0,Oakland,18.6399165,73.4877225,14.994604645833334,1012.2166666666667,0.0,26.625
2015-07-09,37.743065,-122.169935,0.8,0.025,4.0,Oakland,17.883666541666667,74.23322320833334,15.7173989375,1010.8000000000001,0.004166666666666667,90.375
2015-07-10,37.743065,-122.169935,3.6,0.027,20.0,Oakland,18.2649165,74.07695804166667,10.831101783333333,1012.8208333333333,0.0625,89.16666666666667
2015-07-11,37.743065,-122.169935,2.6,0.028,14.0,Oakland,19.358666333333336,72.97909887499999,10.878639837500002,1014.0333333333333,0.0,21.041666666666668
2015-07-12,37.743065,-122.169935,3.5,0.027,19.0,Oakland,19.746166416666668,71.00020870833333,12.288145041666667,1016.0916666666667,0.0,58.916666666666664
2015-07-13,37.743065,-122.169935,4.7,0.017,26.0,Oakland,20.244083166666666,73.02766466666667,12.099577383333333,1016.1125000000001,0.0,46.0
2015-07-14,37.743065,-122.169935,3.8,0.024,21.0,Oakland,19.614916541666666,74.08619695833333,15.5208726875,1013.1166666666667,0.0,45.791666666666664
2015-07-15,37.743065,-122.169935,6.8,0.027,38.0,Oakland,19.42116654166667,74.79061425,11.7315405,1011.5458333333332,0.0,47.125
2015-07-16,37.743065,-122.169935,6.4,0.024,36.0,Oakland,19.891999958333333,69.24446104166667,11.7301555,1012.0833333333334,0.0,29.208333333333332
2015-07-17,37.743065,-122.169935,8.7,0.028,48.0,Oakland,19.421166666666668,73.10545008333334,9.726144504166667,1010.8041666666667,0.0,35.875
2015-07-18,37.743065,-122.169935,4.7,0.036,26.0,Oakland,19.421166666666668,71.64960512500001,10.653293133333333,1011.0333333333333,0.0,24.25
2015-07-19,37.743065,-122.169935,6.2,0.039,34.0,Oakland,21.416999708333336,71.69638416666668,6.4892559458333325,1015.9291666666667,0.19166666666666665,42.75
2015-07-20,37.743065,-122.169935,4.7,0.022,26.0,Oakland,24.239916458333337,69.42440908333333,9.822015079166666,1015.9625,0.0,46.0
2015-07-21,37.743065,-122.169935,4.3,0.021,24.0,Oakland,19.739916541666666,73.28694704166666,13.350843625000001,1013.2375000000001,0.0,47.5
2015-07-22,37.743065,-122.169935,8.0,0.024,44.0,Oakland,18.202416666666668,75.91994341666667,16.418228541666668,1010.7125,0.0,60.166666666666664
2015-07-23,37.743065,-122.169935,8.3,0.025,46.0,Oakland,17.856583125,75.792416625,16.229340812500002,1013.5875,0.0,58.75
2015-07-24,37.743065,-122.169935,4.4,0.027,24.0,Oakland,18.458666583333333,72.79353433333334,11.948903895833332,1017.9791666666666,0.0,17.541666666666668
2015-07-25,37.743065,-122.169935,3.3,0.021,18.0,Oakland,18.623249958333332,72.46428441666667,12.305043254166668,1018.5041666666666,0.0,17.416666666666668
2015-07-26,37.743065,-122.169935,6.3,0.025,35.0,Oakland,18.5649165,77.09900370833334,13.590119916666666,1014.6083333333332,0.0,52.5
2015-07-27,37.743065,-122.169935,10.3,0.028,53.0,Oakland,20.687833291666667,66.03334041666666,9.6353750625,1013.0541666666667,0.0,0.5
2015-07-28,37.743065,-122.169935,9.7,0.031,52.0,Oakland,22.15866670833333,60.546300333333335,7.55668905,1011.5625,0.0,14.75
2015-07-29,37.743065,-122.169935,7.1,0.023,39.0,Oakland,22.950333208333333,57.815212374999994,8.37865375,1011.6083333333332,0.0,3.7083333333333335
2015-07-30,37.743065,-122.169935,8.9,0.027,49.0,Oakland,20.5649165,66.56982970833333,10.265273829166667,1014.8083333333334,0.0,24.916666666666668
2015-07-31,37.743065,-122.169935,2.7,0.025,15.0,Oakland,19.479499875,71.21938129166666,11.556509166666666,1015.6916666666666,0.0,55.666666666666664
2015-08-01,37.743065,-122.169935,2.2,0.03,12.0,Oakland,19.67949975,72.60313058333334,13.5242700625,1015.1291666666666,0.0,43.333333333333336
2015-08-02,37.743065,-122.169935,4.0,0.023,22.0,Oakland,19.789916583333333,73.21785866666666,13.918965416666666,1014.1625,0.0,56.625
2015-08-03,37.743065,-122.169935,4.2,0.028,23.0,Oakland,19.875333166666667,72.29059033333333,13.619197791666666,1013.6416666666668,0.0,13.333333333333334
2015-08-04,37.743065,-122.169935,4.0,0.026,22.0,Oakland,19.471166541666665,70.8019975,11.990297783333332,1014.6958333333333,0.0,28.0
2015-08-05,37.743065,-122.169935,7.1,0.028,39.0,Oakland,19.192,74.40034941666667,8.192012375,1016.1125000000001,0.0,1.1666666666666667
2015-08-06,37.743065,-122.169935,13.0,0.021,58.0,Oakland,19.6274165,75.55865829166667,7.643915945833334,1012.4625,0.0,50.291666666666664
2015-08-07,37.743065,-122.169935,12.8,0.031,58.0,Oakland,19.99199966666667,72.59169091666666,10.723015433333332,1010.8375,0.0,40.833333333333336
2015-08-08,37.743065,-122.169935,8.7,0.024,48.0,Oakland,19.029499916666666,76.74620579166667,12.2973065,1012.65,0.0,34.916666666666664
2015-08-09,37.743065,-122.169935,4.3,0.02,24.0,Oakland,19.298249958333333,76.17959691666667,11.958996533333334,1013.4625,0.0,27.291666666666668
2015-08-10,37.743065,-122.169935,1.3,0.019,7.0,Oakland,19.7711665,74.30660279166666,15.730037666666666,1013.1041666666666,0.0,59.0
2015-08-11,37.743065,-122.169935,-0.2,0.025,0.0,Oakland,19.485749916666666,78.709033125,13.800421520833334,1012.9916666666667,0.0,61.75
2015-08-12,37.743065,-122.169935,0.9,0.021,5.0,Oakland,19.321166666666667,72.87199341666667,9.4591407125,1015.6041666666666,0.0,8.458333333333334
2015-08-13,37.743065,-122.169935,0.3,0.025,2.0,Oakland,20.7649165,74.66803291666666,10.822021204166667,1016.9499999999999,0.0,49.5
2015-08-14,37.743065,-122.169935,2.5,0.022,14.0,Oakland,20.498249875,71.69184858333334,10.825562437499999,1017.1166666666667,0.0,7.416666666666667
2015-08-15,37.743065,-122.169935,23.8,0.053,78.0,Oakland,22.262833458333333,64.18310854166667,6.540201774166667,1015.0625,0.0,54.125
2015-08-16,37.743065,-122.169935,44.7,0.073,124.0,Oakland,24.47116683333333,57.146749875000005,5.802506287499999,1011.9291666666667,0.0,79.625
2015-08-17,37.743065,-122.169935,23.9,0.029,79.0,Oakland,23.598249958333337,59.73531516666667,7.884753170833334,1010.2666666666668,0.0,38.458333333333336
2015-08-18,37.743065,-122.169935,21.0,0.039,73.0,Oakland,19.71074975,68.08764037499999,9.692771795833334,1011.975,0.0,17.916666666666668
2015-08-19,37.743065,-122.169935,10.8,0.036,54.0,Oakland,18.67533333333333,75.38606629166667,11.106177375,1012.7958333333332,0.0,37.25
2015-08-20,37.743065,-122.169935,9.8,0.038,52.0,Oakland,18.725333208333335,75.921318,12.243105333333332,1012.4833333333332,0.0,35.208333333333336
2015-08-21,37.743065,-122.169935,7.1,0.027,39.0,Oakland,18.452416625,78.14504854166667,12.773421416666666,1011.2583333333333,0.0,60.0
2015-08-22,37.743065,-122.169935,5.9,0.03,33.0,Oakland,18.941999916666667,75.29340504166667,10.987858625000001,1012.1999999999999,0.0,46.5
2015-08-23,37.743065,-122.169935,7.4,0.034,41.0,Oakland,19.164916458333334,74.39659966666666,11.3702726125,1014.3208333333333,0.0,73.375
2015-08-24,37.743065,-122.169935,11.6,0.036,56.0,Oakland,18.85449975,72.35414491666667,10.7757891375,1016.025,0.0,48.708333333333336
2015-08-25,37.743065,-122.169935,14.0,0.04,60.0,Oakland,18.82116675,71.423813625,10.247449583333333,1015.1833333333334,0.0,36.083333333333336
2015-08-26,37.743065,-122.169935,13.5,0.027,59.0,Oakland,19.431583208333333,67.85538187499999,9.443868858333333,1015.3625000000001,0.0,48.25
2015-08-27,37.743065,-122.169935,6.5,0.031,36.0,Oakland,22.125333208333334,60.0554445,7.924705745833333,1016.1291666666666,0.0,24.458333333333332
2015-08-28,37.743065,-122.169935,2.8,0.016,16.0,Oakland,24.291999750000002,53.746816708333334,8.167163579166667,1013.0583333333334,0.0,67.625
2015-08-29,37.743065,-122.169935,1.4,0.025,8.0,Oakland,21.937833166666667,73.88281133333334,12.03510275,1013.5166666666668,0.0,89.45833333333333
2015-08-30,37.743065,-122.169935,2.0,0.029,11.0,Oakland,20.664916541666667,73.25056829166667,11.375428016666667,1016.0458333333332,0.0,28.0
2015-08-31,37.743065,-122.169935,5.9,0.029,33.0,Oakland,20.91283329166667,75.42149354166666,9.915530816666667,1013.3249999999999,0.0,21.0
2015-09-01,37.743065,-122.169935,6.3,0.028,35.0,Oakland,20.135749916666665,72.367725125,10.560503129166667,1011.2875,0.0,19.708333333333332
2015-09-02,37.743065,-122.169935,2.4,0.026,13.0,Oakland,19.283666583333332,75.1678365,15.24448375,1012.9125,0.0,28.25
2015-09-03,37.743065,-122.169935,6.1,0.031,34.0,Oakland,18.850333375,70.33697662499999,13.816782645833333,1012.4875000000001,0.0,6.958333333333333
2015-09-04,37.743065,-122.169935,5.4,0.026,30.0,Oakland,17.929499958333334,68.85439108333334,12.253711779166666,1010.6,0.0,14.5
2015-09-05,37.743065,-122.169935,3.8,0.03,21.0,Oakland,18.114916583333333,59.50005183333334,8.950571190416666,1012.9499999999999,0.0,27.625
2015-09-06,37.743065,-122.169935,4.0,0.037,22.0,Oakland,20.24825,49.04091975,6.304395829166666,1014.0708333333333,0.0,52.583333333333336
2015-09-07,37.743065,-122.169935,4.9,0.055,27.0,Oakland,21.51908333333333,48.813465687500006,5.7431476625,1012.65,0.0,25.125
2015-09-08,37.743065,-122.169935,6.5,0.058,36.0,Oakland,24.117000291666667,37.6456034125,6.069652054166667,1011.2083333333334,0.0,0.3333333333333333
2015-09-09,37.743065,-122.169935,6.5,0.058,36.0,Oakland,24.117000291666667,37.6456034125,6.069652054166667,1011.2083333333334,0.0,0.3333333333333333
2015-09-10,37.743065,-122.169935,7.3,0.03,41.0,Oakland,23.406583458333333,50.815646583333326,7.1977105125,1010.5541666666667,0.0,35.333333333333336
2015-09-11,37.743065,-122.169935,5.7,0.024,32.0,Oakland,21.369083291666666,55.48817975,7.627543591666666,1012.0916666666667,0.0,36.875
2015-09-12,37.743065,-122.169935,5.6,0.029,31.0,Oakland,18.446166666666667,70.64075645833334,11.221304920833333,1013.1041666666666,0.0,77.5
2015-09-13,37.743065,-122.169935,5.3,0.021,29.0,Oakland,19.86283320833333,73.02278125,9.225669208333334,1011.0875,0.0,74.41666666666667
2015-09-14,37.743065,-122.169935,3.0,0.027,17.0,Oakland,18.398249958333334,77.63269904166667,12.4428033875,1007.1041666666666,0.0,37.458333333333336
2015-09-15,37.743065,-122.169935,2.9,0.032,16.0,Oakland,18.073249833333332,71.00432141666667,15.050167854166666,1010.0708333333333,0.0,75.33333333333333
2015-09-16,37.743065,-122.169935,2.0,0.035,11.0,Oakland,17.442000125,68.81131016666667,12.567086250000001,1014.4833333333332,0.0,38.875
2015-09-17,37.743065,-122.169935,4.8,0.028,27.0,Oakland,18.85449995833333,73.30229520833333,9.134303395833333,1016.7624999999999,0.008333333333333333,56.208333333333336
2015-09-18,37.743065,-122.169935,5.0,0.028,28.0,Oakland,18.67325,71.73126604166667,7.328467216666667,1014.6791666666667,0.0,9.5
2015-09-19,37.743065,-122.169935,6.9,0.046,38.0,Oakland,19.696166625,65.81013541666667,5.738462820833334,1011.1541666666667,0.0,19.333333333333332
2015-09-20,37.743065,-122.169935,8.7,0.074,48.0,Oakland,24.098250250000003,47.421169416666665,4.9694655291666665,1009.8208333333333,0.0,0.25
2015-09-21,37.743065,-122.169935,10.7,0.047,54.0,Oakland,25.18991675,46.374162250000005,5.8645586708333335,1008.4625,0.0,1.0833333333333333
2015-09-22,37.743065,-122.169935,8.7,0.029,48.0,Oakland,19.685749791666666,70.50634866666667,12.664619645833334,1009.9833333333332,0.0,31.25
2015-09-23,37.743065,-122.169935,8.0,0.026,44.0,Oakland,17.30241691666667,68.40520675,10.103972770833334,1014.5958333333333,0.0,33.958333333333336
2015-09-24,37.743065,-122.169935,6.2,0.028,34.0,Oakland,20.804499791666668,59.745145666666666,5.7611291583333335,1013.4208333333332,0.0,74.25
2015-09-25,37.743065,-122.169935,4.9,0.025,27.0,Oakland,20.3295,64.81581229166666,7.719985904166666,1011.9541666666668,0.0,19.5
2015-09-26,37.743065,-122.169935,4.7,0.025,26.0,Oakland,19.891999958333333,67.07207100000001,8.48410225,1012.7166666666667,0.0,22.75
2015-09-27,37.743065,-122.169935,11.4,0.025,55.0,Oakland,18.85658325,72.76898233333334,6.7575816875,1009.7291666666666,0.0,86.5
2015-09-28,37.743065,-122.169935,8.0,0.029,44.0,Oakland,17.691999958333334,75.15496529166667,7.336866691666667,1010.7375000000001,0.0,59.166666666666664
2015-09-29,37.743065,-122.169935,6.9,0.035,38.0,Oakland,16.660750166666666,76.21370691666667,9.322046579166667,1013.8249999999999,0.0,88.625
2015-09-30,37.743065,-122.169935,6.6,0.015,37.0,Oakland,16.081583458333334,76.25253104166667,6.1726466208333335,1014.9625,0.05833333333333333,99.25
2015-10-01,37.743065,-122.169935,4.1,0.023,23.0,Oakland,18.523249791666668,82.40217358333334,4.952980825,1014.0375,0.3041666666666667,76.95833333333333
2015-10-02,37.743065,-122.169935,7.0,0.023,39.0,Oakland,18.594083416666667,77.82891504166666,7.4166677625,1016.3083333333334,0.0,4.291666666666667
2015-10-03,37.743065,-122.169935,9.8,0.036,52.0,Oakland,17.735750041666666,80.78442925,9.588094429166667,1007.2125,0.0,31.416666666666668
2015-10-04,37.743065,-122.169935,8.4,0.038,47.0,Oakland,16.93991683333333,69.73501341666666,9.062489075,999.8083333333334,0.0,6.416666666666667
2015-10-05,37.743065,-122.169935,6.8,0.039,38.0,Oakland,18.392,77.447135625,6.9601118416666665,1007.6958333333333,0.0,2.7083333333333335
2015-10-06,37.743065,-122.169935,6.3,0.036,35.0,Oakland,19.354499916666665,79.15715633333333,6.034346108333334,1016.3000000000001,0.0,23.625
2015-10-07,37.743065,-122.169935,6.3,0.036,35.0,Oakland,19.354499916666665,79.15715633333333,6.034346108333334,1016.3000000000001,0.0,23.625
2015-10-08,37.743065,-122.169935,6.3,0.036,35.0,Oakland,19.354499916666665,79.15715633333333,6.034346108333334,1016.3000000000001,0.0,23.625
2015-10-09,37.743065,-122.169935,5.4,0.032,30.0,Oakland,19.973249875,67.62932612499999,6.806570379166668,1017.6458333333334,0.0,47.5
2015-10-10,37.743065,-122.169935,2.2,0.023,12.0,Oakland,18.925333166666665,83.07373295833334,7.924641004166666,1015.8333333333334,0.0,38.625
2015-10-11,37.743065,-122.169935,3.5,0.024,19.0,Oakland,19.156583333333334,77.90857370833334,6.322995054166667,1015.7041666666668,0.0,40.208333333333336
2015-10-12,37.743065,-122.169935,9.4,0.028,52.0,Oakland,19.189916874999998,72.54377525,4.6293772041666665,1014.4416666666666,0.0,19.791666666666668
2015-10-13,37.743065,-122.169935,10.9,0.047,54.0,Oakland,22.369083375000002,64.62554458333334,4.457322591666666,1014.4916666666667,0.0,1.25
2015-10-14,37.743065,-122.169935,6.5,0.03,36.0,Oakland,21.414916708333333,70.62762904166667,5.888552704166667,1015.2166666666667,0.0,47.875
2015-10-15,37.743065,-122.169935,6.1,0.027,34.0,Oakland,20.062833166666667,75.00497545833333,6.324476466666667,1013.6875,0.0,86.875
2015-10-16,37.743065,-122.169935,4.7,0.037,26.0,Oakland,18.60033316666667,78.0301035,6.1988627375,1013.2708333333334,0.0,35.375
2015-10-17,37.743065,-122.169935,1.3,0.04,7.0,Oakland,18.283666541666665,78.88205158333334,11.256229374999998,1013.8125,0.05833333333333334,51.875
2015-10-18,37.743065,-122.169935,1.5,0.036,8.0,Oakland,17.979499999999998,82.50002783333333,11.157998554166667,1014.7166666666667,0.0,52.166666666666664
2015-10-19,37.743065,-122.169935,1.7,0.029,9.0,Oakland,18.127416583333332,81.10787083333334,9.129505983333333,1015.7791666666667,0.0,53.125
2015-10-20,37.743065,-122.169935,2.9,0.021,16.0,Oakland,18.369083375,72.92311320833333,5.6343475708333335,1014.7708333333334,0.0,7.875
2015-10-21,37.743065,-122.169935,5.1,0.023,28.0,Oakland,18.744083541666665,68.54147804166666,5.307552770833333,1013.6916666666666,0.0,19.25
2015-10-22,37.743065,-122.169935,9.9,0.026,52.0,Oakland,17.633666791666666,74.76694229166667,5.346636445833333,1013.4583333333334,0.0,28.083333333333332
2015-10-23,37.743065,-122.169935,11.4,0.021,55.0,Oakland,17.900333375,69.827082125,4.643020183333333,1014.9125,0.0,50.875
2015-10-24,37.743065,-122.169935,11.5,0.025,55.0,Oakland,17.123249958333332,78.8221415,4.1602213416666665,1015.4708333333333,0.0,94.91666666666667
2015-10-25,37.743065,-122.169935,5.6,0.033,31.0,Oakland,17.535750125,81.84938216666667,6.426903529166666,1014.6708333333332,0.0,78.83333333333333
2015-10-26,37.743065,-122.169935,7.5,0.018,42.0,Oakland,17.142000125,82.71702641666667,4.669845095,1015.2333333333332,0.0,48.958333333333336
2015-10-27,37.743065,-122.169935,5.3,0.018,29.0,Oakland,17.594083375,78.51401125,5.382775325,1014.8333333333334,0.0,93.95833333333333
2015-10-28,37.743065,-122.169935,2.8,0.029,16.0,Oakland,18.475333333333335,81.460741,6.169341054166666,1016.2333333333332,0.10416666666666667,75.83333333333333
2015-10-29,37.743065,-122.169935,4.4,0.021,24.0,Oakland,17.287833333333335,70.86755624999999,10.0432739125,1015.8874999999999,0.0,1.4166666666666667
2015-10-30,37.743065,-122.169935,7.2,0.019,40.0,Oakland,17.59200004166667,64.92411008333333,6.571316070833333,1015.5666666666666,0.0,3.1666666666666665
2015-10-31,37.743065,-122.169935,4.6,0.023,26.0,Oakland,17.642000083333333,77.52265775,6.123294641666667,1017.1125000000001,0.0,24.75
2015-11-01,37.743065,-122.169935,2.3,0.027,13.0,Oakland,17.710749958333334,80.72676483333333,9.657297620833333,1019.4625,0.004166666666666667,60.833333333333336
2015-11-02,37.743065,-122.169935,1.7,0.032,9.0,Oakland,16.450333416666666,87.40091083333334,9.932468266666667,1012.6125000000001,0.5916666666666667,82.95833333333333
2015-11-03,37.743065,-122.169935,3.4,0.027,19.0,Oakland,13.639916833333332,69.10278508333333,8.4946537875,1010.7291666666666,0.0,11.458333333333334
2015-11-04,37.743065,-122.169935,3.1,0.035,17.0,Oakland,13.542000250000001,59.726300916666666,9.782561166666666,1015.0708333333333,0.0,5.458333333333333
2015-11-05,37.743065,-122.169935,5.8,0.025,32.0,Oakland,12.567000112499999,65.77274483333333,4.2293932,1021.275,0.0,58.083333333333336
2015-11-06,37.743065,-122.169935,7.0,0.024,39.0,Oakland,13.142000333333334,68.60087975,4.459496554166667,1024.3999999999999,0.0,1.1666666666666667
2015-11-07,37.743065,-122.169935,6.9,0.025,38.0,Oakland,12.806583375,73.14993812499999,5.278907295833333,1021.4583333333334,0.0,24.833333333333332
2015-11-08,37.743065,-122.169935,4.5,0.032,25.0,Oakland,12.642000166666667,84.89710933333333,7.1515592041666665,1016.5083333333333,0.10833333333333334,54.0
2015-11-09,37.743065,-122.169935,2.7,0.039,15.0,Oakland,12.1420005,83.48198520833334,10.225505658333333,1014.1541666666667,0.3125,56.5
2015-11-10,37.743065,-122.169935,3.5,0.033,19.0,Oakland,11.183667154166665,76.90183670833333,9.269200829166666,1019.1166666666667,0.0,27.791666666666668
2015-11-11,37.743065,-122.169935,6.7,0.018,37.0,Oakland,10.717000129166665,80.4436545,4.8572490833333335,1027.4791666666667,0.0,15.375
2015-11-12,37.743065,-122.169935,5.8,0.023,32.0,Oakland,11.402416695833333,77.02985112500001,4.772304066666666,1024.95,0.0,1.2083333333333333
2015-11-13,37.743065,-122.169935,7.9,0.024,44.0,Oakland,12.012833558333334,76.55664020833333,5.247389383333334,1019.5,0.0,20.666666666666668
2015-11-14,37.743065,-122.169935,13.7,0.028,60.0,Oakland,11.777416791666667,72.86333258333333,4.4483668624999995,1014.9375,0.0,4.958333333333333
2015-11-15,37.743065,-122.169935,4.2,0.035,23.0,Oakland,13.77950025,77.82591245833333,17.541887104166666,1010.3583333333332,0.37916666666666665,50.208333333333336
2015-11-16,37.743065,-122.169935,2.8,0.031,16.0,Oakland,11.3607502375,52.49818033333333,19.097661916666667,1020.4958333333334,0.0,7.083333333333333
2015-11-17,37.743065,-122.169935,3.7,0.022,21.0,Oakland,12.137833654166668,65.92647408333333,8.492679158333333,1026.3999999999999,0.0,47.541666666666664
2015-11-18,37.743065,-122.169935,4.7,0.018,26.0,Oakland,12.696166833333335,81.50902808333333,7.453603475,1024.1541666666667,0.0,56.208333333333336
2015-11-19,37.743065,-122.169935,4.3,0.015,24.0,Oakland,12.839916933333333,81.54572133333333,4.455789966666667,1020.9708333333333,0.0,19.083333333333332
2015-11-20,37.743065,-122.169935,6.2,0.013,34.0,Oakland,14.744083583333333,76.19922745833334,5.119309875,1019.1791666666667,0.0,32.5
2015-11-21,37.743065,-122.169935,7.5,0.032,42.0,Oakland,13.921166791666666,74.126615125,6.5738886,1018.1166666666667,0.0,38.958333333333336
2015-11-22,37.743065,-122.169935,12.5,0.019,57.0,Oakland,13.252416545833334,71.29276399999999,7.947359725000001,1015.9250000000001,0.0,94.625
2015-11-23,37.743065,-122.169935,12.6,0.025,58.0,Oakland,12.406583500000002,83.00715691666666,5.687873995833333,1013.0749999999999,0.0,58.625
2015-11-24,37.743065,-122.169935,7.7,0.032,43.0,Oakland,12.608667083333335,80.37166408333333,12.596608758333334,1012.8874999999999,0.09583333333333333,52.083333333333336
2015-11-25,37.743065,-122.169935,4.2,0.024,23.0,Oakland,9.177416891666667,71.80198262500001,7.449344895833334,1012.9958333333334,0.0625,21.916666666666668
2015-11-26,37.743065,-122.169935,6.8,0.028,38.0,Oakland,8.429500054166667,54.207947499999996,6.215904770833333,1017.4708333333333,0.0,8.0
2015-11-27,37.743065,-122.169935,5.2,0.028,29.0,Oakland,8.375333529166667,43.410176375,8.1595584,1019.4666666666667,0.0,0.0
2015-11-28,37.743065,-122.169935,4.2,0.03,23.0,Oakland,7.742000125000001,41.921233875,9.300046708333333,1020.0583333333334,0.0,0.0
2015-11-29,37.743065,-122.169935,4.8,0.028,27.0,Oakland,7.192000112500001,48.102527458333334,8.8178424875,1021.0124999999999,0.0,0.25
2015-11-30,37.743065,-122.169935,9.5,0.021,52.0,Oakland,6.702416741666667,61.5926615,7.428450729166666,1022.0916666666667,0.049999999999999996,65.33333333333333
2015-12-01,37.743065,-122.169935,6.1,0.02,34.0,Oakland,8.979500320833333,55.119220541666664,6.867661458333333,1022.9416666666666,0.0,60.416666666666664
2015-12-02,37.743065,-122.169935,12.3,0.02,57.0,Oakland,10.6961669875,51.16157458333333,5.5125722249999995,1022.5875,0.0,76.20833333333333
2015-12-03,37.743065,-122.169935,7.7,0.025,43.0,Oakland,11.037833708333332,77.7656585,10.9068559375,1016.3833333333333,0.39999999999999997,64.625
2015-12-04,37.743065,-122.169935,6.1,0.022,34.0,Oakland,11.214917029166665,87.192780625,6.8448751125,1020.7291666666666,0.03333333333333333,41.333333333333336
2015-12-05,37.743065,-122.169935,8.7,0.011,48.0,Oakland,9.752416933333334,82.65878654166666,5.022931545833333,1024.4083333333333,0.0,73.58333333333333
2015-12-06,37.743065,-122.169935,4.7,0.024,26.0,Oakland,12.789916916666668,81.35849729166667,9.708071433333332,1024.175,0.07916666666666668,83.08333333333333
2015-12-07,37.743065,-122.169935,9.7,0.007,52.0,Oakland,14.502417000000001,87.78431179166667,3.6610225541666668,1025.2458333333334,0.008333333333333333,94.625
2015-12-08,37.743065,-122.169935,10.2,0.004,53.0,Oakland,13.187833875,92.53947637499999,3.719597245833333,1023.8666666666667,0.0,96.375
2015-12-09,37.743065,-122.169935,3.6,0.019,20.0,Oakland,15.037833416666667,90.54713329166667,7.026973025,1020.9083333333333,0.0,99.08333333333333
2015-12-10,37.743065,-122.169935,4.5,0.034,25.0,Oakland,15.825333541666666,83.86379216666667,15.300787195833331,1014.0625,0.2833333333333333,85.25
2015-12-11,37.743065,-122.169935,4.6,0.03,26.0,Oakland,11.827417124999998,79.72620408333333,11.067267491666668,1011.3458333333333,0.3666666666666667,57.0
2015-12-12,37.743065,-122.169935,5.8,0.025,32.0,Oakland,10.148250308333333,77.91117874999999,8.592261133333333,1018.1541666666667,0.0,25.083333333333332
2015-12-13,37.743065,-122.169935,3.6,0.034,20.0,Oakland,12.804500249999998,82.45753145833334,16.251713204166666,1017.9083333333333,0.5,76.16666666666667
2015-12-14,37.743065,-122.169935,2.9,0.028,16.0,Oakland,8.921166783333334,66.97360479166666,15.825968208333334,1018.3874999999999,0.0,6.458333333333333
2015-12-15,37.743065,-122.169935,3.9,0.03,22.0,Oakland,8.8524169,66.57796529166667,11.403032854166668,1020.6833333333334,0.0,13.208333333333334
2015-12-16,37.743065,-122.169935,6.3,0.012,35.0,Oakland,8.152416820833333,58.67440895833334,6.4146279875,1022.9708333333333,0.0,15.125
2015-12-17,37.743065,-122.169935,5.7,0.02,32.0,Oakland,8.919083625,72.65830033333334,5.0914013208333335,1024.2541666666666,0.0,75.33333333333333
2015-12-18,37.743065,-122.169935,2.2,0.027,12.0,Oakland,10.808667029166665,83.757482375,8.401088033333332,1019.9250000000001,0.0,56.916666666666664
2015-12-19,37.743065,-122.169935,3.7,0.028,21.0,Oakland,12.073250166666668,83.72861691666667,8.2650147125,1014.7375000000001,0.30416666666666664,74.625
2015-12-20,37.743065,-122.169935,3.2,0.025,18.0,Oakland,8.752416825,81.61633595833334,9.082749895833333,1020.35,0.075,54.958333333333336
2015-12-21,37.743065,-122.169935,0.1,0.027,1.0,Oakland,13.181583791666668,90.84605749999999,15.316201854166666,1018.9708333333333,0.6916666666666668,100.0
2015-12-22,37.743065,-122.169935,3.2,0.033,18.0,Oakland,14.971167166666667,88.75240833333334,23.732457874999998,1010.4250000000001,0.6041666666666666,98.20833333333333
2015-12-23,37.743065,-122.169935,5.6,0.026,31.0,Oakland,11.804500291666669,67.26192491666667,19.650127,1013.6625,0.0,42.166666666666664
2015-12-24,37.743065,-122.169935,7.7,0.031,43.0,Oakland,9.881583833333332,76.06158770833333,13.559008695833334,1014.7958333333332,0.23750000000000002,50.083333333333336
2015-12-25,37.743065,-122.169935,8.6,0.027,48.0,Oakland,7.3315833999999995,76.50585291666667,10.685494508333333,1019.6,0.004166666666666667,25.041666666666668
2015-12-26,37.743065,-122.169935,4.7,0.029,26.0,Oakland,7.162833508333333,59.54364241666667,9.811172541666666,1028.5708333333334,0.0,0.0
2015-12-27,37.743065,-122.169935,9.2,0.014,51.0,Oakland,5.344083483333333,62.984911333333336,4.95005735,1026.1333333333334,0.0,26.666666666666668
2015-12-28,37.743065,-122.169935,8.8,0.02,49.0,Oakland,6.837833320833333,76.138299125,6.419744345833333,1019.2125,0.0625,77.41666666666667
2015-12-29,37.743065,-122.169935,8.0,0.013,44.0,Oakland,6.566999991666666,75.27916716666667,4.412577878333333,1017.7125,0.0,3.4166666666666665
2015-12-30,37.743065,-122.169935,7.1,0.019,39.0,Oakland,6.78366685,77.59427695833334,4.710687225,1022.7833333333333,0.0,41.791666666666664
2015-12-31,37.743065,-122.169935,7.1,0.019,39.0,Oakland,6.78366685,77.59427695833334,4.710687225,1022.7833333333333,0.0,41.791666666666664
2016-01-01,37.743065,-122.169935,3.1,0.031,17.0,Oakland,5.858666858333334,53.74933766666666,9.056252554166667,1021.1625,0.0,1.9583333333333333
2016-01-02,37.743065,-122.169935,8.4,0.026,47.0,Oakland,6.575333391666667,60.807529458333335,7.891139529166666,1019.2333333333332,0.0,67.375
2016-01-03,37.743065,-122.169935,12.5,0.023,57.0,Oakland,8.439916683333333,69.45245595833333,8.72797195,1013.4916666666667,0.016666666666666666,96.33333333333333
2016-01-04,37.743065,-122.169935,5.3,0.029,29.0,Oakland,10.5878335,79.53247933333334,8.3214425875,1008.1625,0.37083333333333335,89.91666666666667
2016-01-05,37.743065,-122.169935,3.3,0.026,18.0,Oakland,12.696167041666667,85.104656625,12.63123925,1004.5583333333334,0.9249999999999999,95.375
2016-01-06,37.743065,-122.169935,2.0,0.028,11.0,Oakland,11.127417166666667,85.00122870833333,14.013849316666667,1006.4541666666668,0.8624999999999999,81.375
2016-01-07,37.743065,-122.169935,5.1,0.023,28.0,Oakland,9.492000391666666,87.22890770833334,5.803825854166667,1010.1166666666667,0.012500000000000002,78.95833333333333
2016-01-08,37.743065,-122.169935,5.3,0.02,29.0,Oakland,8.3232501125,89.28132158333334,4.690225270833333,1017.5541666666667,0.0,56.833333333333336
2016-01-09,37.743065,-122.169935,4.7,0.024,26.0,Oakland,11.189917083333334,83.983982125,7.895286570833334,1019.2375000000001,0.125,98.45833333333333
2016-01-10,37.743065,-122.169935,4.1,0.024,23.0,Oakland,10.858667083333335,87.23220066666666,6.236400166666667,1021.475,0.016666666666666666,67.5
2016-01-11,37.743065,-122.169935,7.6,0.015,42.0,Oakland,11.360750416666667,85.70800616666666,6.185053791666667,1024.425,0.020833333333333332,96.29166666666667
2016-01-12,37.743065,-122.169935,8.0,0.028,44.0,Oakland,11.321167,86.61612237499999,5.8412549,1024.1625000000001,0.0,80.75
2016-01-13,37.743065,-122.169935,5.8,0.033,32.0,Oakland,14.260750208333334,82.442128375,16.953660375000002,1018.3166666666666,0.3,73.70833333333333
2016-01-14,37.743065,-122.169935,3.7,0.028,21.0,Oakland,10.006583683333334,85.02854125,7.443442083333333,1021.4416666666666,0.07083333333333333,79.25
2016-01-15,37.743065,-122.169935,5.8,0.026,32.0,Oakland,12.548250333333334,84.0334795,9.974118891666667,1017.4916666666667,0.09583333333333333,79.75
2016-01-16,37.743065,-122.169935,4.8,0.019,27.0,Oakland,13.448250458333334,84.11659191666666,8.1077051125,1020.2375000000001,0.31666666666666665,91.95833333333333
2016-01-17,37.743065,-122.169935,1.5,0.02,8.0,Oakland,14.781583666666668,91.21093983333333,10.489541195833333,1020.2291666666666,0.04583333333333334,96.29166666666667
2016-01-18,37.743065,-122.169935,2.9,0.025,16.0,Oakland,14.38783375,90.20492470833334,10.2859652625,1019.1625,1.1916666666666667,90.58333333333333
2016-01-19,37.743065,-122.169935,4.8,0.027,27.0,Oakland,14.625333583333335,86.98384183333333,14.185123995833335,1017.6625,0.8083333333333332,90.41666666666667
2016-01-20,37.743065,-122.169935,8.0,0.015,44.0,Oakland,12.292000333333334,89.09747441666667,4.721398695833334,1022.5416666666666,0.0,86.41666666666667
2016-01-21,37.743065,-122.169935,6.9,0.026,38.0,Oakland,12.500333750000001,88.86723012499999,5.560497520833334,1021.7583333333333,0.0,98.91666666666667
2016-01-22,37.743065,-122.169935,0.7,0.035,4.0,Oakland,14.989917,83.75201729166666,12.200200225000001,1016.2916666666666,0.19583333333333333,99.375
2016-01-23,37.743065,-122.169935,4.3,0.035,24.0,Oakland,14.025333583333333,82.50825929166666,18.000431875,1016.0375,0.4041666666666666,79.95833333333333
2016-01-24,37.743065,-122.169935,5.2,0.032,29.0,Oakland,11.339916833333334,81.320508625,9.514768179166667,1021.4541666666668,0.008333333333333333,38.75
2016-01-25,37.743065,-122.169935,5.4,0.019,30.0,Oakland,11.789917166666667,80.99799345833334,5.144120433333334,1023.875,0.0,64.95833333333333
2016-01-26,37.743065,-122.169935,5.6,0.018,31.0,Oakland,11.783667041666668,89.46558062499999,5.347112216666667,1025.7250000000001,0.0,83.125
2016-01-27,37.743065,-122.169935,7.5,0.02,42.0,Oakland,11.598250375,86.29173708333333,6.8391097125,1026.2375,0.0,82.16666666666667
2016-01-28,37.743065,-122.169935,12.2,0.006,57.0,Oakland,11.198250291666668,89.33616599999999,3.860155883333333,1025.1125,0.08333333333333333,50.875
2016-01-29,37.743065,-122.169935,4.9,0.031,27.0,Oakland,15.162833583333333,88.83136604166667,9.626006825,1021.5875,0.06666666666666667,99.45833333333333
2016-01-30,37.743065,-122.169935,2.4,0.036,13.0,Oakland,13.367000333333335,80.99021045833334,10.547782845833334,1017.4208333333332,0.09583333333333334,76.91666666666667
2016-01-31,37.743065,-122.169935,2.9,0.032,16.0,Oakland,11.271167166666666,68.73240370833334,9.7870136375,1012.8666666666667,0.0,83.16666666666667
2016-02-01,37.743065,-122.169935,3.2,0.031,18.0,Oakland,9.875333529166667,52.335319625000004,18.38823897916667,1017.2041666666668,0.0,8.041666666666666
2016-02-02,37.743065,-122.169935,3.7,0.023,21.0,Oakland,9.83991685,75.009133875,8.070273045833334,1023.7791666666667,0.049999999999999996,59.708333333333336
2016-02-03,37.743065,-122.169935,5.2,0.021,29.0,Oakland,8.173250279166668,83.452730125,6.438170629166667,1026.9750000000001,0.0,66.375
2016-02-04,37.743065,-122.169935,5.9,0.03,33.0,Oakland,10.973250208333333,78.68423329166667,6.475604133333333,1029.8875,0.004166666666666667,68.29166666666667
2016-02-05,37.743065,-122.169935,6.9,0.019,38.0,Oakland,10.079500225,83.28869,6.791621295833333,1029.0708333333334,0.0,40.833333333333336
2016-02-06,37.743065,-122.169935,9.3,0.025,51.0,Oakland,10.975333545833335,83.38582379166667,6.772558158333333,1029.1583333333333,0.0,55.166666666666664
2016-02-07,37.743065,-122.169935,5.3,0.029,29.0,Oakland,13.431583458333334,71.33444208333334,6.745093762500001,1025.2541666666666,0.0,15.166666666666666
2016-02-08,37.743065,-122.169935,4.8,0.032,27.0,Oakland,15.414916708333335,64.95668829166667,8.363843183333334,1022.6333333333333,0.0,0.0
2016-02-09,37.743065,-122.169935,10.3,0.021,53.0,Oakland,14.360750083333334,74.93313754166667,7.623875375,1021.7583333333333,0.0,21.791666666666668
2016-02-10,37.743065,-122.169935,13.6,0.02,59.0,Oakland,13.650333583333333,84.02859012500001,4.322745766666666,1022.7416666666667,0.0,61.125
2016-02-11,37.743065,-122.169935,12.4,0.013,57.0,Oakland,14.217000291666666,80.223273375,4.654421970833334,1020.525,0.0,97.95833333333333
2016-02-12,37.743065,-122.169935,11.2,0.016,55.0,Oakland,13.950333708333334,86.22299066666666,5.2417401625,1022.0333333333333,0.0,97.5
2016-02-13,37.743065,-122.169935,7.7,0.021,43.0,Oakland,14.317000375000001,87.33694241666666,5.664267779166667,1023.3541666666666,0.0,84.33333333333333
2016-02-14,37.743065,-122.169935,6.3,0.021,35.0,Oakland,14.787833541666666,71.86135583333333,8.153024254166667,1024.5583333333334,0.0,57.333333333333336
2016-02-15,37.743065,-122.169935,4.3,0.024,24.0,Oakland,17.250333416666667,69.85629141666666,8.753517441666666,1021.4916666666667,0.0,48.0
2016-02-16,37.743065,-122.169935,10.2,0.034,53.0,Oakland,16.998250125000002,73.070544,6.197138091666666,1015.3416666666667,0.0,51.791666666666664
2016-02-17,37.743065,-122.169935,5.4,0.038,30.0,Oakland,18.221166416666666,70.86680470833333,13.400054712500001,1004.85,0.029166666666666664,86.5
2016-02-18,37.743065,-122.169935,4.9,0.04,27.0,Oakland,13.435750333333333,78.36971683333333,19.361684208333333,1007.9625,0.7999999999999999,60.25
2016-02-19,37.743065,-122.169935,4.8,0.035,27.0,Oakland,12.683667083333333,79.02053558333334,11.999202125000002,1018.1750000000001,0.049999999999999996,66.41666666666667
2016-02-20,37.743065,-122.169935,3.7,0.031,21.0,Oakland,11.225333583333333,81.77987829166666,5.732913687500001,1023.15,0.008333333333333333,93.29166666666667
2016-02-21,37.743065,-122.169935,4.7,0.031,26.0,Oakland,11.014916999999999,77.21797916666667,5.304375286666667,1023.4833333333332,0.0,40.916666666666664
2016-02-22,37.743065,-122.169935,3.0,0.029,17.0,Oakland,12.919083541666666,73.17021679166668,5.5164061875,1023.875,0.0,60.833333333333336
2016-02-23,37.743065,-122.169935,2.6,0.025,14.0,Oakland,14.269083458333334,64.420359875,5.467885654166667,1018.1416666666668,0.0,78.125
2016-02-24,37.743065,-122.169935,9.0,0.025,50.0,Oakland,13.9128335,68.79956654166666,5.019241691666667,1019.0541666666667,0.0,52.875
2016-02-25,37.743065,-122.169935,15.1,0.024,62.0,Oakland,15.119083416666667,74.420104,3.8215905958333334,1019.7541666666666,0.0,40.333333333333336
2016-02-26,37.743065,-122.169935,8.0,0.027,44.0,Oakland,14.667000125000001,84.02588629166667,5.793705654166666,1019.1625,0.0,76.75
2016-02-27,37.743065,-122.169935,2.3,0.031,13.0,Oakland,15.314916875,79.966996625,6.079043133333333,1021.8625000000001,0.008333333333333333,73.875
2016-02-28,37.743065,-122.169935,5.7,0.027,32.0,Oakland,13.289916875000001,78.605635625,6.404163920833334,1021.7125,0.0,80.16666666666667
2016-02-29,37.743065,-122.169935,6.0,0.015,33.0,Oakland,14.071166916666668,82.216509,5.265872112499999,1021.7541666666666,0.0,72.08333333333333
2016-03-01,37.743065,-122.169935,3.9,0.029,22.0,Oakland,15.746166708333334,70.02575045833333,5.448366064583333,1019.8125,0.0,69.95833333333333
2016-03-02,37.743065,-122.169935,3.3,0.026,18.0,Oakland,14.954500208333334,85.506004625,5.709615516666666,1019.4041666666667,0.0,62.375
2016-03-03,37.743065,-122.169935,2.0,0.022,11.0,Oakland,15.921166708333333,84.84586079166667,7.4707970625,1018.9916666666667,0.020833333333333332,99.83333333333333
2016-03-04,37.743065,-122.169935,2.7,0.015,15.0,Oakland,16.714916666666667,87.342214125,7.049748091666667,1016.3625000000001,0.17500000000000002,99.95833333333333
2016-03-05,37.743065,-122.169935,0.2,0.042,1.0,Oakland,16.78158325,92.13689033333333,15.698225458333333,1011.475,0.3458333333333334,96.83333333333333
2016-03-06,37.743065,-122.169935,3.5,0.043,19.0,Oakland,14.362833583333334,75.75879566666667,19.500399304166667,1009.5749999999999,1.0458333333333334,69.33333333333333
2016-03-07,37.743065,-122.169935,2.4,0.033,13.0,Oakland,12.071166916666668,78.376964875,14.258610558333332,1009.1374999999999,1.0374999999999999,93.0
2016-03-08,37.743065,-122.169935,2.5,0.036,14.0,Oakland,11.064917070833333,71.33486170833334,11.150696941666666,1016.4125,0.024999999999999998,35.083333333333336
2016-03-09,37.743065,-122.169935,3.4,0.023,19.0,Oakland,13.510750250000001,79.59311983333333,7.3009871125,1018.8041666666667,0.004166666666666667,97.45833333333333
2016-03-10,37.743065,-122.169935,2.5,0.031,14.0,Oakland,16.321166833333333,83.21781470833334,11.979505791666666,1016.7041666666668,0.4791666666666667,76.41666666666667
2016-03-11,37.743065,-122.169935,2.8,0.04,16.0,Oakland,14.517000291666667,85.10326491666667,14.931507991666669,1009.85,1.2750000000000001,98.70833333333333
2016-03-12,37.743065,-122.169935,2.8,0.036,16.0,Oakland,12.792000416666667,75.51948333333333,19.821151416666666,1016.725,0.1625,80.41666666666667
2016-03-13,37.743065,-122.169935,1.3,0.036,7.0,Oakland,14.333667083333333,88.77568437500001,15.993724479166668,1017.875,0.6,99.95833333333333
2016-03-14,37.743065,-122.169935,3.8,0.042,21.0,Oakland,14.35658375,77.01915141666667,13.102932279166666,1019.7791666666667,0.15416666666666667,94.66666666666667
2016-03-15,37.743065,-122.169935,5.9,0.033,33.0,Oakland,12.071166708333335,71.36355395833333,6.891354324999999,1024.2625,0.0,57.875
2016-03-16,37.743065,-122.169935,4.7,0.028,26.0,Oakland,13.929500083333332,70.85692954166667,5.789719770833333,1020.0708333333333,0.0,17.041666666666668
2016-03-17,37.743065,-122.169935,4.2,0.037,23.0,Oakland,16.121166833333334,72.10099920833333,5.525625036666667,1014.5833333333334,0.0,13.083333333333334
2016-03-18,37.743065,-122.169935,4.9,0.032,27.0,Oakland,14.842000208333333,82.28674004166666,7.663381791666667,1014.3583333333332,0.0,50.333333333333336
2016-03-19,37.743065,-122.169935,1.4,0.032,8.0,Oakland,14.337833666666667,84.63783804166667,7.9653424458333335,1016.5666666666666,0.0,92.125
2016-03-20,37.743065,-122.169935,0.7,0.029,4.0,Oakland,15.339916833333334,81.04429929166666,10.543444616666667,1016.9833333333332,0.05416666666666667,84.375
2016-03-21,37.743065,-122.169935,4.8,0.041,27.0,Oakland,14.958666916666667,85.43206991666666,14.0562689375,1018.0833333333334,0.19583333333333333,84.75
2016-03-22,37.743065,-122.169935,2.9,0.036,16.0,Oakland,12.842000291666666,74.16258720833333,11.078317266666666,1021.25,0.07916666666666668,34.208333333333336
2016-03-23,37.743065,-122.169935,4.0,0.03,22.0,Oakland,12.98783375,72.350224625,7.849535575,1024.9333333333334,0.0,52.75
2016-03-24,37.743065,-122.169935,4.0,0.031,22.0,Oakland,14.135750291666668,76.42111554166667,8.911047379166666,1024.7208333333333,0.0,43.375
2016-03-25,37.743065,-122.169935,8.5,0.033,47.0,Oakland,14.498250208333333,80.54155145833333,8.146704254166666,1019.2875,0.0,41.541666666666664
2016-03-26,37.743065,-122.169935,5.5,0.03,31.0,Oakland,14.983666916666666,71.43218029166667,8.860056104166667,1014.9625,0.0,20.416666666666668
2016-03-27,37.743065,-122.169935,4.1,0.037,23.0,Oakland,15.296166916666666,80.211288,13.149598583333335,1017.2166666666667,0.0,57.0
2016-03-28,37.743065,-122.169935,2.5,0.039,14.0,Oakland,12.789916958333334,59.956283875,19.261633333333332,1014.8541666666666,0.0,29.75
2016-03-29,37.743065,-122.169935,3.7,0.034,21.0,Oakland,11.723250183333334,65.89981558333334,8.430377258333333,1012.0208333333334,0.0,6.625
2016-03-30,37.743065,-122.169935,6.1,0.037,34.0,Oakland,12.223250112499999,73.350429,9.359763625000001,1014.025,0.0,26.875
2016-03-31,37.743065,-122.169935,5.2,0.038,29.0,Oakland,13.867000333333332,80.25974679166667,9.5108860875,1018.625,0.0,15.5
2016-04-01,37.743065,-122.169935,4.0,0.041,22.0,Oakland,13.660750375,80.83810445833333,11.480761966666668,1020.7375000000001,0.0,45.708333333333336
2016-04-02,37.743065,-122.169935,5.9,0.036,33.0,Oakland,13.733667041666665,80.91644654166667,7.3781646875,1021.7875,0.0,42.416666666666664
2016-04-03,37.743065,-122.169935,4.2,0.038,23.0,Oakland,13.625333666666668,80.15015116666667,9.367376208333333,1019.8833333333333,0.0,75.20833333333333
2016-04-04,37.743065,-122.169935,5.4,0.034,30.0,Oakland,15.50241675,75.204058875,10.578090229166667,1021.4791666666666,0.0,50.833333333333336
2016-04-05,37.743065,-122.169935,5.1,0.039,28.0,Oakland,16.469083416666667,62.00438404166667,6.766027429166667,1022.3666666666667,0.0,3.6666666666666665
2016-04-06,37.743065,-122.169935,3.6,0.051,20.0,Oakland,20.152416666666667,50.74623595833333,9.267694795833334,1018.9625,0.0,6.083333333333333
2016-04-07,37.743065,-122.169935,8.9,0.042,49.0,Oakland,20.754499875,59.428360749999996,8.945372616666667,1014.0958333333333,0.0,86.83333333333333
2016-04-08,37.743065,-122.169935,7.7,0.033,43.0,Oakland,16.4024165,80.45024466666666,8.0758613875,1012.2958333333332,0.0,98.75
2016-04-09,37.743065,-122.169935,2.0,0.029,11.0,Oakland,15.654500208333333,86.76006245833334,8.338280591666667,1012.4375,0.5416666666666666,99.29166666666667
2016-04-10,37.743065,-122.169935,1.6,0.037,9.0,Oakland,14.392000208333334,87.37216108333332,9.172834233333333,1012.0791666666668,0.375,99.83333333333333
2016-04-11,37.743065,-122.169935,2.4,0.037,13.0,Oakland,14.727416875000001,80.114530625,7.835457637499999,1016.7541666666666,0.0,94.5
2016-04-12,37.743065,-122.169935,4.2,0.044,23.0,Oakland,14.308667,81.28545391666667,10.031293091666667,1021.4958333333334,0.0,65.54166666666667
2016-04-13,37.743065,-122.169935,5.9,0.044,33.0,Oakland,14.312833541666668,73.25500020833333,12.8560600125,1022.4666666666667,0.0,61.5
2016-04-14,37.743065,-122.169935,5.6,0.043,31.0,Oakland,14.17325025,70.09818145833333,13.519635125,1019.725,0.049999999999999996,44.625
2016-04-15,37.743065,-122.169935,3.3,0.038,18.0,Oakland,13.931583583333333,62.899502000000005,15.740587499999998,1020.2791666666667,0.0,9.875
2016-04-16,37.743065,-122.169935,2.6,0.043,14.0,Oakland,17.389916916666667,54.470481041666666,7.890197533333333,1018.8125,0.0,6.208333333333333
2016-04-17,37.743065,-122.169935,5.6,0.057,31.0,Oakland,18.910750125,61.825084125,5.4704284375,1016.6750000000001,0.0,21.833333333333332
2016-04-18,37.743065,-122.169935,6.9,0.049,38.0,Oakland,20.13575008333333,58.086805625000004,4.949656445833333,1016.4958333333334,0.0,40.416666666666664
2016-04-19,37.743065,-122.169935,5.0,0.042,28.0,Oakland,19.383666583333333,44.94850120833333,6.452031816666666,1015.4416666666666,0.0,88.875
2016-04-20,37.743065,-122.169935,4.2,0.042,23.0,Oakland,17.227416708333333,54.85775329166666,8.077030525,1013.3000000000001,0.0,28.291666666666668
2016-04-21,37.743065,-122.169935,1.4,0.036,8.0,Oakland,17.929499916666668,75.67159358333333,9.459412695833334,1012.7541666666666,0.016666666666666666,93.875
2016-04-22,37.743065,-122.169935,2.5,0.048,14.0,Oakland,16.594083458333333,75.76668933333333,19.88081125,1011.1750000000001,0.3541666666666667,64.625
2016-04-23,37.743065,-122.169935,1.3,0.044,7.0,Oakland,14.487833625,72.41930062499999,11.223811120833332,1020.0749999999999,0.0,25.416666666666668
2016-04-24,37.743065,-122.169935,4.2,0.042,23.0,Oakland,15.68366675,71.02527154166667,14.454112375,1018.7791666666667,0.0,53.166666666666664
2016-04-25,37.743065,-122.169935,4.0,0.04,22.0,Oakland,13.719083541666668,53.228311,20.00730325,1015.9499999999999,0.0,6.333333333333333
2016-04-26,37.743065,-122.169935,6.5,0.037,36.0,Oakland,13.725333458333333,67.44890241666667,10.106454004166666,1017.125,0.0,44.416666666666664
2016-04-27,37.743065,-122.169935,5.6,0.04,31.0,Oakland,14.050333583333334,71.05121679166666,16.951141125,1015.5375,0.029166666666666664,49.166666666666664
2016-04-28,37.743065,-122.169935,6.8,0.036,38.0,Oakland,14.7940835,66.130328375,12.928391258333333,1011.9125,0.0,5.541666666666667
2016-04-29,37.743065,-122.169935,7.7,0.038,43.0,Oakland,15.379500166666666,71.09824041666667,12.756352633333334,1015.1458333333334,0.0,51.916666666666664
2016-04-30,37.743065,-122.169935,3.8,0.04,21.0,Oakland,17.65450004166667,48.501257458333335,16.460625125,1012.6583333333333,0.0,12.208333333333334
2016-05-01,37.743065,-122.169935,7.6,0.045,42.0,Oakland,20.8649165,38.763514125,7.852949312500001,1009.6791666666667,0.0,2.6666666666666665
2016-05-02,37.743065,-122.169935,8.7,0.034,48.0,Oakland,17.075333458333333,70.981091875,8.434932870833334,1014.9250000000001,0.004166666666666667,39.25
2016-05-03,37.743065,-122.169935,7.3,0.026,41.0,Oakland,15.000333500000002,74.28564779166666,8.77202485,1015.8833333333333,0.0,98.45833333333333
2016-05-04,37.743065,-122.169935,5.3,0.037,29.0,Oakland,15.852416791666668,74.55113391666667,9.477858495833333,1012.3416666666667,0.0,94.83333333333333
2016-05-05,37.743065,-122.169935,3.0,0.036,17.0,Oakland,16.083666625,75.830765,11.752797679166667,1011.1,0.020833333333333332,95.79166666666667
2016-05-06,37.743065,-122.169935,4.3,0.027,24.0,Oakland,14.381583625,83.913645875,7.651168925,1010.9250000000001,0.21666666666666667,91.75
2016-05-07,37.743065,-122.169935,3.1,0.028,17.0,Oakland,14.633666958333334,86.8587145,6.412558841666667,1012.6875,0.35000000000000003,97.5
2016-05-08,37.743065,-122.169935,1.9,0.037,11.0,Oakland,15.733666833333332,85.74905916666667,6.393954183333334,1014.4916666666667,0.004166666666666667,86.16666666666667
2016-05-09,37.743065,-122.169935,1.9,0.037,11.0,Oakland,15.733666833333332,85.74905916666667,6.393954183333334,1014.4916666666667,0.004166666666666667,86.16666666666667
2016-05-10,37.743065,-122.169935,7.9,0.03,44.0,Oakland,14.956583625,81.56552979166666,8.7271775125,1014.6333333333333,0.0,26.875
2016-05-11,37.743065,-122.169935,8.8,0.032,49.0,Oakland,15.331583458333334,80.86717691666666,8.555995241666666,1015.8625000000001,0.0,38.583333333333336
2016-05-12,37.743065,-122.169935,6.6,0.036,37.0,Oakland,14.764916916666666,80.835807375,10.320954125,1017.0083333333333,0.0,47.416666666666664
2016-05-13,37.743065,-122.169935,4.4,0.04,24.0,Oakland,14.794083541666666,78.52932020833333,13.805559541666668,1016.225,0.0,76.08333333333333
2016-05-14,37.743065,-122.169935,1.6,0.032,9.0,Oakland,15.873250125,75.092270625,11.738504504166668,1016.8833333333333,0.0,60.208333333333336
2016-05-15,37.743065,-122.169935,2.2,0.03,12.0,Oakland,17.375333375,78.19974883333333,13.256591416666666,1015.1875,0.0,47.916666666666664
2016-05-16,37.743065,-122.169935,5.4,0.027,30.0,Oakland,17.492000166666667,70.081823625,11.657578529166665,1014.4916666666667,0.0,26.708333333333332
2016-05-17,37.743065,-122.169935,7.7,0.037,43.0,Oakland,20.369083125,60.621133791666665,8.9409085,1012.6333333333333,0.0,6.416666666666667
2016-05-18,37.743065,-122.169935,14.2,0.032,61.0,Oakland,21.16283316666667,63.74767004166667,8.211246645833333,1013.3000000000001,0.0,10.708333333333334
2016-05-19,37.743065,-122.169935,8.1,0.039,45.0,Oakland,17.444083208333335,65.191771,16.738281020833334,1012.0041666666666,0.0,31.416666666666668
2016-05-20,37.743065,-122.169935,2.2,0.034,12.0,Oakland,14.7315835,60.69236725,24.808376291666665,1008.7791666666667,0.0,57.625
2016-05-21,37.743065,-122.169935,1.3,0.036,7.0,Oakland,14.523250124999999,72.61298220833334,14.643178125,1014.3833333333333,0.020833333333333332,61.625
2016-05-22,37.743065,-122.169935,0.3,0.03,2.0,Oakland,14.733666958333332,73.192928625,10.3937768125,1018.6125000000001,0.0,50.291666666666664
2016-05-23,37.743065,-122.169935,1.2,0.029,7.0,Oakland,15.492000208333332,73.0499545,12.289991445833332,1015.3958333333334,0.020833333333333332,37.125
2016-05-24,37.743065,-122.169935,0.7,0.023,4.0,Oakland,15.794083583333332,75.714280625,14.079175041666666,1013.4125,0.0,46.125
2016-05-25,37.743065,-122.169935,3.0,0.03,17.0,Oakland,15.689916791666667,77.373721875,13.3539241875,1018.1083333333332,0.0,59.541666666666664
2016-05-26,37.743065,-122.169935,6.7,0.042,37.0,Oakland,16.1878335,73.84752495833334,13.389436041666668,1018.6458333333334,0.0,49.583333333333336
2016-05-27,37.743065,-122.169935,11.7,0.037,56.0,Oakland,17.144083541666667,68.06846029166667,9.787110358333333,1014.5541666666667,0.0,32.875
2016-05-28,37.743065,-122.169935,13.0,0.048,58.0,Oakland,20.510749791666665,55.08901266666666,6.859379820833333,1010.0916666666667,0.0,65.29166666666667
2016-05-29,37.743065,-122.169935,12.7,0.041,58.0,Oakland,18.77949991666667,62.51405641666667,10.361913866666667,1012.8208333333333,0.0,18.291666666666668
2016-05-30,37.743065,-122.169935,11.9,0.036,56.0,Oakland,17.214916958333333,70.36272029166666,10.790413054166665,1014.8125,0.0,40.375
2016-05-31,37.743065,-122.169935,8.8,0.035,49.0,Oakland,18.175333375,70.90047341666667,8.714815166666666,1012.0375,0.0,21.833333333333332
2016-06-01,37.743065,-122.169935,6.7,0.035,37.0,Oakland,18.404500208333335,70.50982795833333,9.197470716666666,1010.5416666666666,0.0,40.208333333333336
2016-06-02,37.743065,-122.169935,9.7,0.028,52.0,Oakland,17.652416875,71.86249658333334,8.678398608333334,1013.9458333333333,0.0,34.75
2016-06-03,37.743065,-122.169935,7.6,0.054,42.0,Oakland,20.148250041666667,66.98507158333334,6.338767600000001,1014.7791666666667,0.0,40.166666666666664
2016-06-04,37.743065,-122.169935,7.5,0.028,42.0,Oakland,20.427416583333333,67.15239075,7.106684583333333,1012.2291666666666,0.0,86.125
2016-06-05,37.743065,-122.169935,3.6,0.032,20.0,Oakland,17.523250125,72.06009879166668,9.295097120833333,1012.2208333333333,0.0,25.041666666666668
2016-06-06,37.743065,-122.169935,1.0,0.025,6.0,Oakland,16.544083416666666,77.34073408333333,13.381625416666667,1010.025,0.0,51.75
2016-06-07,37.743065,-122.169935,1.8,0.027,10.0,Oakland,17.13158341666667,78.63329545833334,13.486648875,1011.4125,0.0,69.33333333333333
2016-06-08,37.743065,-122.169935,1.8,0.027,10.0,Oakland,17.13158341666667,78.63329545833334,13.486648875,1011.4125,0.0,69.33333333333333
2016-06-09,37.743065,-122.169935,2.4,0.026,13.0,Oakland,16.544083375,77.170053375,15.965681208333335,1013.8166666666666,0.0,79.625
2016-06-10,37.743065,-122.169935,5.2,0.034,29.0,Oakland,17.427416708333336,69.57653604166667,14.911711895833333,1014.2916666666666,0.0,34.875
2016-06-11,37.743065,-122.169935,8.0,0.039,44.0,Oakland,18.227416833333333,60.25839929166667,8.414493466666666,1013.4291666666667,0.0,37.208333333333336
2016-06-12,37.743065,-122.169935,11.7,0.035,56.0,Oakland,19.923249958333333,61.66883320833333,12.460590416666667,1013.7833333333333,0.0,17.083333333333332
2016-06-13,37.743065,-122.169935,7.1,0.037,39.0,Oakland,16.835750083333334,73.66393558333333,15.370314562499999,1017.8041666666667,0.0,36.833333333333336
2016-06-14,37.743065,-122.169935,4.7,0.034,26.0,Oakland,16.667000041666668,65.86801208333334,19.747147583333334,1016.6666666666666,0.0,23.375
2016-06-15,37.743065,-122.169935,2.3,0.03,13.0,Oakland,15.319083583333333,63.1927455,20.745149125,1014.9708333333333,0.0,28.208333333333332
2016-06-16,37.743065,-122.169935,2.2,0.034,12.0,Oakland,16.612833583333334,68.32335975,8.9998850625,1018.2541666666666,0.0,38.5
2016-06-17,37.743065,-122.169935,2.0,0.024,11.0,Oakland,18.77950004166667,72.38450429166666,9.781375695833333,1017.5875,0.012500000000000002,49.5
2016-06-18,37.743065,-122.169935,3.4,0.035,19.0,Oakland,17.989916708333332,69.05313379166667,8.6404219125,1020.0833333333334,0.0,38.833333333333336
2016-06-19,37.743065,-122.169935,4.3,0.042,24.0,Oakland,20.977416708333333,53.227735625,7.274580777916667,1018.4625,0.0,15.708333333333334
2016-06-20,37.743065,-122.169935,9.5,0.027,52.0,Oakland,19.904499833333333,58.113875625,9.643322212500001,1017.1625,0.0,10.875
2016-06-21,37.743065,-122.169935,10.5,0.028,54.0,Oakland,20.052416625,61.302064875000006,9.355130479166666,1016.5708333333333,0.0,23.125
2016-06-22,37.743065,-122.169935,10.1,0.03,53.0,Oakland,18.010750166666668,67.29412233333333,14.287107666666666,1014.9833333333332,0.0,17.708333333333332
2016-06-23,37.743065,-122.169935,7.0,0.028,39.0,Oakland,17.700333416666666,65.53464091666667,14.269845833333333,1016.6416666666668,0.0,8.458333333333334
2016-06-24,37.743065,-122.169935,5.0,0.026,28.0,Oakland,18.389916583333335,69.65730958333333,12.875215833333334,1017.7958333333332,0.0,12.291666666666666
2016-06-25,37.743065,-122.169935,15.5,0.03,63.0,Oakland,19.771166541666666,64.25724270833334,8.531240279166667,1014.6708333333332,0.0,7.708333333333333
2016-06-26,37.743065,-122.169935,10.7,0.03,54.0,Oakland,19.852416541666667,64.40840716666666,9.792916495833333,1014.0333333333333,0.0,18.5
2016-06-27,37.743065,-122.169935,8.6,0.022,48.0,Oakland,20.577416583333335,56.99898325,10.510440304166666,1015.2083333333334,0.0,11.291666666666666
2016-06-28,37.743065,-122.169935,9.5,0.021,52.0,Oakland,19.52116666666667,62.878372625,10.064974241666667,1014.5583333333334,0.0,10.5
2016-06-29,37.743065,-122.169935,10.5,0.022,54.0,Oakland,16.785750041666667,73.03383516666666,13.2577338125,1014.1208333333334,0.0,35.375
2016-06-30,37.743065,-122.169935,14.8,0.024,62.0,Oakland,16.808666708333334,74.45578608333334,11.621847804166668,1012.2916666666666,0.0,40.458333333333336
2016-07-01,37.743065,-122.169935,14.4,0.022,61.0,Oakland,18.31075,69.61667720833334,12.5570850625,1010.2208333333333,0.0,23.125
2016-07-02,37.743065,-122.169935,7.6,0.024,42.0,Oakland,17.21700004166667,72.92725633333333,13.135594666666668,1012.4583333333334,0.0,29.083333333333332
2016-07-03,37.743065,-122.169935,3.4,0.027,19.0,Oakland,16.914916791666666,75.62196133333333,12.8689753125,1015.3458333333333,0.0,46.5
2016-07-04,37.743065,-122.169935,9.1,0.026,51.0,Oakland,16.973250333333333,74.3252555,12.467645875,1015.9166666666666,0.0,36.625
2016-07-05,37.743065,-122.169935,4.2,0.025,23.0,Oakland,16.454500125,77.25304824999999,13.332129875,1015.3125,0.0,57.541666666666664
2016-07-06,37.743065,-122.169935,5.9,0.026,33.0,Oakland,15.877416708333334,75.855988875,15.776464229166665,1014.6416666666668,0.0,47.083333333333336
2016-07-07,37.743065,-122.169935,1.5,0.018,8.0,Oakland,15.644083416666668,77.83021345833333,16.389421125000002,1015.1083333333332,0.0,55.5
2016-07-08,37.743065,-122.169935,-0.4,0.019,0.0,Oakland,16.352416833333333,80.732410375,15.135907062500001,1015.7666666666668,0.0,64.875
2016-07-09,37.743065,-122.169935,0.5,0.024,3.0,Oakland,18.78783341666667,79.48180183333334,13.2151630875,1017.6666666666666,0.0,57.0
2016-07-10,37.743065,-122.169935,4.4,0.027,24.0,Oakland,18.131583250000002,67.58889154166667,14.547244791666666,1018.1458333333334,0.0,5.375
2016-07-11,37.743065,-122.169935,7.2,0.023,40.0,Oakland,19.366999958333334,64.89929554166666,9.122464341666666,1014.2833333333333,0.0,3.0
2016-07-12,37.743065,-122.169935,5.2,0.023,29.0,Oakland,17.971166583333332,69.16248308333333,14.257274541666668,1013.6916666666666,0.0,18.666666666666668
2016-07-13,37.743065,-122.169935,7.8,0.027,43.0,Oakland,18.833666541666666,73.07161258333333,9.759849,1014.5,0.0,26.875
2016-07-14,37.743065,-122.169935,10.0,0.021,53.0,Oakland,19.656583375,68.27895012500001,8.9321406875,1014.3041666666667,0.0,22.208333333333332
2016-07-15,37.743065,-122.169935,7.0,0.026,39.0,Oakland,17.531583208333334,72.966038875,10.144529075,1013.4291666666667,0.0,35.958333333333336
2016-07-16,37.743065,-122.169935,6.3,0.026,35.0,Oakland,17.675333333333334,73.74527641666667,12.780636375,1011.6833333333334,0.0,45.416666666666664
2016-07-17,37.743065,-122.169935,3.0,0.021,17.0,Oakland,16.5565835,77.029045125,15.357148354166668,1012.0416666666666,0.0,45.916666666666664
2016-07-18,37.743065,-122.169935,1.5,0.021,8.0,Oakland,16.489916875000002,77.81947920833333,16.59433189583333,1016.5625,0.0,65.25
2016-07-19,37.743065,-122.169935,0.7,0.025,4.0,Oakland,16.919083375,76.63114775,13.797817375,1018.4708333333333,0.0,53.416666666666664
2016-07-20,37.743065,-122.169935,2.6,0.023,14.0,Oakland,17.47116675,71.19803495833334,11.914415833333335,1017.5916666666667,0.0,31.208333333333332
2016-07-21,37.743065,-122.169935,2.5,0.026,14.0,Oakland,17.450333291666666,71.80089770833332,13.479547104166668,1017.7208333333333,0.0,34.291666666666664
2016-07-22,37.743065,-122.169935,4.7,0.022,26.0,Oakland,18.01908333333333,71.7594775,10.645110375,1018.9791666666666,0.0,24.541666666666668
2016-07-23,37.743065,-122.169935,9.7,0.026,52.0,Oakland,19.994083333333332,67.10691704166666,8.848131745833333,1015.2125,0.0,15.708333333333334
2016-07-24,37.743065,-122.169935,12.5,0.026,57.0,Oakland,19.78575,68.37057104166666,10.019958391666666,1010.9791666666666,0.0,18.875
2016-07-25,37.743065,-122.169935,6.2,0.023,34.0,Oakland,18.2545,73.03765491666667,11.602661583333335,1012.8000000000001,0.0,31.0
2016-07-26,37.743065,-122.169935,6.8,0.038,38.0,Oakland,18.969083333333334,70.420041375,6.3946632625,1012.3333333333334,0.0,22.875
2016-07-27,37.743065,-122.169935,6.6,0.019,37.0,Oakland,20.254499833333334,66.977251875,8.269658166666666,1011.4083333333333,0.0,19.375
2016-07-28,37.743065,-122.169935,3.7,0.015,21.0,Oakland,17.833666875000002,72.44847533333333,9.357880416666667,1012.25,0.0,30.208333333333332
2016-07-29,37.743065,-122.169935,3.1,0.017,17.0,Oakland,17.869083375,71.35429583333332,9.444199070833333,1010.7041666666668,0.0,24.75
2016-07-30,37.743065,-122.169935,2.7,0.02,15.0,Oakland,17.598249958333334,71.01729358333334,10.395069429166666,1009.25,0.0,27.083333333333332
2016-07-31,37.743065,-122.169935,3.0,0.025,17.0,Oakland,17.306583333333332,73.36772466666666,10.622976979166667,1010.9875000000001,0.0,34.958333333333336
2016-08-01,37.743065,-122.169935,5.3,0.029,29.0,Oakland,17.244083416666665,74.93307704166666,10.6944453,1013.2624999999999,0.0,36.208333333333336
2016-08-02,37.743065,-122.169935,4.7,0.021,26.0,Oakland,17.03366670833333,74.97253808333333,10.959544858333333,1015.3375,0.0,36.458333333333336
2016-08-03,37.743065,-122.169935,9.5,0.022,52.0,Oakland,17.887833583333332,74.63654079166666,9.737932141666667,1014.475,0.0,30.708333333333332
2016-08-04,37.743065,-122.169935,4.0,0.023,22.0,Oakland,16.319083333333335,77.99447704166667,14.4492889375,1013.5333333333333,0.0,44.625
2016-08-05,37.743065,-122.169935,1.0,0.024,6.0,Oakland,16.70866679166667,78.45797016666667,13.062411375000002,1012.4291666666667,0.0,73.45833333333333
2016-08-06,37.743065,-122.169935,7.5,0.025,42.0,Oakland,16.287833625,78.18365691666666,12.350785708333333,1011.9625,0.0,57.125
2016-08-07,37.743065,-122.169935,5.9,0.026,33.0,Oakland,16.71908375,75.087684875,13.442269791666668,1011.725,0.0,36.708333333333336
2016-08-08,37.743065,-122.169935,5.3,0.024,29.0,Oakland,18.206583291666664,73.64611704166667,11.361590208333332,1010.525,0.0,35.75
2016-08-09,37.743065,-122.169935,6.3,0.02,35.0,Oakland,18.644083416666668,72.18385908333333,11.023829091666668,1009.8166666666666,0.0,40.75
2016-08-10,37.743065,-122.169935,4.8,0.022,27.0,Oakland,18.37741670833333,73.58454608333334,11.5397723125,1010.7416666666667,0.0,29.708333333333332
2016-08-11,37.743065,-122.169935,6.5,0.021,36.0,Oakland,17.425333458333334,76.0967375,10.418877166666666,1014.2624999999999,0.0,41.375
2016-08-12,37.743065,-122.169935,5.4,0.019,30.0,Oakland,17.092000083333332,76.17261904166666,9.309739625,1016.375,0.0,34.375
2016-08-13,37.743065,-122.169935,8.1,0.022,45.0,Oakland,17.37741675,76.12820258333333,8.994517354166666,1015.0041666666666,0.0,28.458333333333332
2016-08-14,37.743065,-122.169935,2.3,0.019,13.0,Oakland,17.427416583333333,75.321400625,9.683852604166667,1012.7583333333333,0.0,36.166666666666664
2016-08-15,37.743065,-122.169935,3.2,0.017,18.0,Oakland,16.446166958333333,77.09177483333333,11.565558770833334,1013.0291666666667,0.0,50.416666666666664
2016-08-16,37.743065,-122.169935,4.3,0.018,24.0,Oakland,16.633666708333333,78.28757870833333,10.057378229166668,1012.7916666666666,0.0,41.708333333333336
2016-08-17,37.743065,-122.169935,4.8,0.019,27.0,Oakland,17.417000083333335,76.44324929166667,9.582398645833333,1011.1041666666666,0.0,30.458333333333332
2016-08-18,37.743065,-122.169935,4.4,0.023,24.0,Oakland,17.762833458333333,75.04603283333334,9.364697320833335,1010.3708333333334,0.0,24.75
2016-08-19,37.743065,-122.169935,9.7,0.031,52.0,Oakland,17.671166708333335,74.1899215,9.5132118125,1011.8458333333333,0.0,28.75
2016-08-20,37.743065,-122.169935,5.2,0.031,29.0,Oakland,17.144083541666667,75.40133129166666,10.111635591666667,1013.4916666666667,0.0,35.125
2016-08-21,37.743065,-122.169935,4.1,0.031,23.0,Oakland,16.60450025,78.22496883333334,11.806836895833333,1013.0,0.0,49.875
2016-08-22,37.743065,-122.169935,3.3,0.027,18.0,Oakland,16.84616683333333,75.93847695833334,12.225652833333333,1013.5124999999999,0.0,59.625
2016-08-23,37.743065,-122.169935,3.2,0.029,18.0,Oakland,17.2545,74.80862145833333,11.150429458333333,1016.1708333333332,0.0,57.0
2016-08-24,37.743065,-122.169935,4.4,0.027,24.0,Oakland,16.76491675,76.13898316666666,10.806130895833334,1018.1958333333333,0.0,47.083333333333336
2016-08-25,37.743065,-122.169935,4.3,0.029,24.0,Oakland,16.27950025,78.83853641666667,10.943882470833332,1014.4083333333333,0.0,54.166666666666664
2016-08-26,37.743065,-122.169935,3.5,0.03,19.0,Oakland,17.900333333333332,75.958179375,11.444908583333335,1012.65,0.0,49.666666666666664
2016-08-27,37.743065,-122.169935,5.2,0.033,29.0,Oakland,18.3711665,74.44712583333333,11.046828791666668,1014.6916666666666,0.0,52.416666666666664
2016-08-28,37.743065,-122.169935,5.0,0.039,28.0,Oakland,17.825333208333333,73.91259408333333,10.324400591666667,1017.2125,0.0,50.541666666666664
2016-08-29,37.743065,-122.169935,2.3,0.03,13.0,Oakland,17.2815835,73.77132375000001,12.302677395833333,1018.2083333333334,0.0,57.666666666666664
2016-08-30,37.743065,-122.169935,1.8,0.021,10.0,Oakland,18.962833291666666,71.43885404166666,12.093082145833334,1015.7291666666666,0.0,34.0
2016-08-31,37.743065,-122.169935,1.9,0.021,11.0,Oakland,19.269083249999998,69.43605204166667,13.453911750000001,1013.4250000000001,0.0,46.041666666666664
2016-09-01,37.743065,-122.169935,4.1,0.02,23.0,Oakland,18.158666666666665,79.32204704166666,13.202463854166666,1014.1,0.0,57.416666666666664
2016-09-02,37.743065,-122.169935,7.2,0.024,40.0,Oakland,18.250333375,72.84463729166667,10.237180458333333,1012.9708333333333,0.0,45.541666666666664
2016-09-03,37.743065,-122.169935,7.3,0.027,41.0,Oakland,17.812833125,72.81732845833334,13.031002,1010.6291666666666,0.0,59.375
2016-09-04,37.743065,-122.169935,8.7,0.026,48.0,Oakland,17.262833416666666,70.97779516666667,13.979153875,1009.875,0.0,26.25
2016-09-05,37.743065,-122.169935,9.5,0.027,52.0,Oakland,17.450333416666666,69.621843625,9.661038204166667,1010.0833333333334,0.0,24.666666666666668
2016-09-06,37.743065,-122.169935,12.3,0.029,57.0,Oakland,18.321166666666667,69.52844791666666,7.177614108333334,1010.5541666666667,0.0,15.958333333333334
2016-09-07,37.743065,-122.169935,13.6,0.037,59.0,Oakland,21.066999916666667,64.87436058333334,5.644696962499999,1011.3958333333334,0.0,19.25
2016-09-08,37.743065,-122.169935,7.6,0.038,42.0,Oakland,19.973249833333334,68.66985795833334,10.898653808333334,1016.4916666666667,0.0,26.916666666666668
2016-09-09,37.743065,-122.169935,7.6,0.038,42.0,Oakland,19.973249833333334,68.66985795833334,10.898653808333334,1016.4916666666667,0.0,26.916666666666668
2016-09-10,37.743065,-122.169935,7.6,0.038,42.0,Oakland,19.973249833333334,68.66985795833334,10.898653808333334,1016.4916666666667,0.0,26.916666666666668
2016-09-11,37.743065,-122.169935,7.6,0.038,42.0,Oakland,19.973249833333334,68.66985795833334,10.898653808333334,1016.4916666666667,0.0,26.916666666666668
2016-09-12,37.743065,-122.169935,7.6,0.038,42.0,Oakland,19.973249833333334,68.66985795833334,10.898653808333334,1016.4916666666667,0.0,26.916666666666668
2016-09-13,37.743065,-122.169935,8.2,0.035,46.0,Oakland,16.671166958333334,70.26719695833333,11.587308587499999,1011.275,0.0,43.458333333333336
2016-09-14,37.743065,-122.169935,9.7,0.03,52.0,Oakland,18.089916625,69.57528629166667,5.126876172916667,1017.0,0.0,12.375
2016-09-15,37.743065,-122.169935,8.4,0.032,47.0,Oakland,16.806583541666665,75.47986479166667,7.892086558333333,1017.6208333333334,0.0,30.791666666666668
2016-09-16,37.743065,-122.169935,10.2,0.026,53.0,Oakland,16.53366683333333,76.01068808333333,8.474376025,1015.3625000000001,0.0,30.291666666666668
2016-09-17,37.743065,-122.169935,12.1,0.03,57.0,Oakland,17.13158329166667,75.85507358333334,6.191847066666667,1015.1333333333333,0.0,28.083333333333332
2016-09-18,37.743065,-122.169935,10.8,0.044,54.0,Oakland,19.100333333333335,70.58192616666666,5.192346170833333,1014.0416666666666,0.0,19.166666666666668
2016-09-19,37.743065,-122.169935,12.2,0.032,57.0,Oakland,22.302416625000003,67.98983,5.901889883333333,1012.6333333333333,0.0,18.916666666666668
2016-09-20,37.743065,-122.169935,11.7,0.026,56.0,Oakland,20.156583333333334,64.50998183333333,9.572374270833334,1014.0124999999999,0.0,37.916666666666664
2016-09-21,37.743065,-122.169935,8.9,0.03,49.0,Oakland,17.827416583333335,63.469741625000005,14.036725416666668,1013.3041666666667,0.0,43.041666666666664
2016-09-22,37.743065,-122.169935,7.4,0.028,41.0,Oakland,16.794083416666666,63.74937616666667,18.12098225,1015.2833333333333,0.0,2.3333333333333335
2016-09-23,37.743065,-122.169935,7.4,0.024,41.0,Oakland,16.812833291666667,65.8268065,7.869730704166667,1018.7624999999999,0.0,29.708333333333332
2016-09-24,37.743065,-122.169935,6.2,0.03,34.0,Oakland,19.371166499999998,63.08554829166667,6.9939827375000005,1019.3874999999999,0.0,9.916666666666666
2016-09-25,37.743065,-122.169935,7.2,0.056,40.0,Oakland,21.864917166666668,58.90224820833333,7.226619004166667,1016.9499999999999,0.0,0.375
2016-09-26,37.743065,-122.169935,10.6,0.054,54.0,Oakland,25.012833583333332,41.392658375,5.19062935,1014.7291666666666,0.0,0.0
2016-09-27,37.743065,-122.169935,9.2,0.03,51.0,Oakland,22.552416750000003,46.746136541666665,6.4550331625,1012.4708333333333,0.0,0.625
2016-09-28,37.743065,-122.169935,8.2,0.028,46.0,Oakland,18.054500041666667,73.18026341666668,8.022666408333334,1011.4333333333334,0.0,27.916666666666668
2016-09-29,37.743065,-122.169935,9.1,0.034,51.0,Oakland,15.579500208333334,79.23217295833334,12.00261075,1015.8874999999999,0.0,56.583333333333336
2016-09-30,37.743065,-122.169935,8.7,0.034,48.0,Oakland,14.879500083333333,74.52396295833334,13.820221333333334,1019.0500000000001,0.0,37.625
2016-10-01,37.743065,-122.169935,6.7,0.035,37.0,Oakland,15.789916791666668,67.869135375,12.301154666666667,1019.3874999999999,0.0,4.125
2016-10-02,37.743065,-122.169935,5.5,0.036,31.0,Oakland,16.146166875000002,74.47300945833334,12.486894816666668,1017.3583333333332,0.020833333333333332,19.291666666666668
2016-10-03,37.743065,-122.169935,4.4,0.031,24.0,Oakland,14.87741675,80.93264525,9.2999828375,1018.1833333333334,0.004166666666666667,63.541666666666664
2016-10-04,37.743065,-122.169935,4.6,0.031,26.0,Oakland,17.150333333333332,64.9588555,6.4383682625,1016.1416666666668,0.0,72.58333333333333
2016-10-05,37.743065,-122.169935,5.9,0.031,33.0,Oakland,16.3003335,64.936879375,9.520244154166667,1016.8583333333332,0.0,0.08333333333333333
2016-10-06,37.743065,-122.169935,5.2,0.027,29.0,Oakland,16.931583375,65.77556758333334,6.140970508333333,1017.3458333333333,0.0,11.375
2016-10-07,37.743065,-122.169935,6.1,0.035,34.0,Oakland,17.90866675,58.704702958333336,5.967433036666667,1015.5708333333333,0.0,89.95833333333333
2016-10-08,37.743065,-122.169935,8.5,0.047,47.0,Oakland,20.569083208333335,43.652194333333334,4.407773541666667,1012.65,0.0,27.791666666666668
2016-10-09,37.743065,-122.169935,10.2,0.048,53.0,Oakland,19.169083375,60.88151095833334,4.03782498625,1013.2166666666667,0.0,2.125
2016-10-10,37.743065,-122.169935,8.1,0.036,45.0,Oakland,16.34616683333333,71.260453125,6.985372341666667,1014.3625000000001,0.0,66.375
2016-10-11,37.743065,-122.169935,6.5,0.041,36.0,Oakland,15.364916875,76.346322875,9.706019704166666,1016.5208333333334,0.0,38.083333333333336
2016-10-12,37.743065,-122.169935,4.0,0.026,22.0,Oakland,15.121166833333334,81.23952775,8.991585933333333,1017.9333333333334,0.0,88.91666666666667
2016-10-13,37.743065,-122.169935,4.4,0.023,24.0,Oakland,15.219083333333332,79.27011575,7.752051525,1017.8166666666666,0.0,79.29166666666667
2016-10-14,37.743065,-122.169935,3.5,0.021,19.0,Oakland,18.325333125,83.30771333333333,13.578995966666668,1014.0833333333334,0.4375,99.83333333333333
2016-10-15,37.743065,-122.169935,4.5,0.03,25.0,Oakland,17.279499958333336,88.70507691666667,10.933196762500001,1012.9041666666667,0.016666666666666666,89.375
2016-10-16,37.743065,-122.169935,3.1,0.035,17.0,Oakland,18.010749833333332,92.93749029166668,11.870543408333333,1009.7541666666666,0.6541666666666667,98.04166666666667
2016-10-17,37.743065,-122.169935,3.1,0.035,17.0,Oakland,18.010749833333332,92.93749029166668,11.870543408333333,1009.7541666666666,0.6541666666666667,98.04166666666667
2016-10-18,37.743065,-122.169935,5.6,0.031,31.0,Oakland,15.635750000000002,78.16112004166666,7.895631766666667,1019.8458333333333,0.0,13.375
2016-10-19,37.743065,-122.169935,6.7,0.026,37.0,Oakland,16.866999916666668,62.75952254166666,6.5688447,1021.4958333333334,0.0,29.25
2016-10-20,37.743065,-122.169935,8.7,0.019,48.0,Oakland,16.781583333333334,72.10783716666667,4.673730383333333,1019.8541666666666,0.0,16.25
2016-10-21,37.743065,-122.169935,9.1,0.016,51.0,Oakland,17.269083583333334,79.04877608333334,4.692317,1015.225,0.0,35.791666666666664
2016-10-22,37.743065,-122.169935,8.1,0.025,45.0,Oakland,16.104500124999998,79.293093,6.577269295833333,1012.15,0.0,69.83333333333333
2016-10-23,37.743065,-122.169935,6.5,0.037,36.0,Oakland,14.802416749999999,78.16000779166667,6.1562014000000005,1012.5416666666666,0.0,72.375
2016-10-24,37.743065,-122.169935,5.2,0.032,29.0,Oakland,17.4086665,72.23773504166667,14.550451520833334,1013.2041666666668,0.012500000000000002,95.33333333333333
2016-10-25,37.743065,-122.169935,3.5,0.026,19.0,Oakland,18.566999916666667,76.811483125,16.045419291666665,1015.9250000000001,0.4291666666666667,95.08333333333333
2016-10-26,37.743065,-122.169935,5.3,0.018,29.0,Oakland,17.962833333333332,77.4068525,7.3327071,1016.5791666666668,0.0,33.25
2016-10-27,37.743065,-122.169935,4.6,0.008,26.0,Oakland,17.017,82.53709587499999,4.8359085041666665,1014.5791666666668,0.31666666666666665,83.95833333333333
2016-10-28,37.743065,-122.169935,2.7,0.026,15.0,Oakland,17.439916375,93.97118712499999,5.884655058333333,1012.3083333333334,0.8791666666666668,96.5
2016-10-29,37.743065,-122.169935,3.4,0.029,19.0,Oakland,18.350333041666666,89.909434125,7.560810520833333,1013.8458333333333,0.20833333333333334,58.666666666666664
2016-10-30,37.743065,-122.169935,3.7,0.036,21.0,Oakland,16.981583291666666,84.64682599999999,13.579330029166668,1011.5500000000001,0.25,59.958333333333336
2016-10-31,37.743065,-122.169935,4.9,0.034,27.0,Oakland,15.352416875000001,83.24508566666667,8.3865871,1017.3291666666668,0.012500000000000002,51.333333333333336
2016-11-01,37.743065,-122.169935,5.4,0.037,30.0,Oakland,16.004500291666666,77.779302625,10.138799066666666,1016.6791666666667,0.10833333333333334,62.166666666666664
2016-11-02,37.743065,-122.169935,6.4,0.02,36.0,Oakland,14.183666791666667,80.65994683333334,6.043192524999999,1020.8874999999999,0.0,4.666666666666667
2016-11-03,37.743065,-122.169935,6.7,0.026,37.0,Oakland,14.744083458333334,79.48335354166666,7.455922783333333,1021.4916666666667,0.0,17.916666666666668
2016-11-04,37.743065,-122.169935,11.7,0.02,56.0,Oakland,15.223250125,79.862400375,5.979035229166667,1019.5291666666667,0.0,67.375
2016-11-05,37.743065,-122.169935,11.4,0.022,55.0,Oakland,14.685749958333332,85.83028341666666,5.1831018958333335,1019.3625000000001,0.0,52.0
2016-11-06,37.743065,-122.169935,6.2,0.023,34.0,Oakland,17.029499916666666,86.45399175,5.995128645833333,1018.4958333333334,0.004166666666666667,95.70833333333333
2016-11-07,37.743065,-122.169935,8.5,0.017,47.0,Oakland,16.933666666666667,88.03105216666667,4.080147466666666,1020.1833333333334,0.0,96.54166666666667
2016-11-08,37.743065,-122.169935,7.5,0.021,42.0,Oakland,17.264916666666668,86.67671879166666,5.4155109625,1020.1291666666666,0.0,79.33333333333333
2016-11-09,37.743065,-122.169935,9.3,0.02,51.0,Oakland,17.079500125,86.89989637500001,4.77333368375,1019.4625,0.0,64.16666666666667
2016-11-10,37.743065,-122.169935,13.9,0.014,60.0,Oakland,16.9878335,88.40183158333333,4.8682021625,1016.9916666666667,0.0,43.791666666666664
2016-11-11,37.743065,-122.169935,15.0,0.024,62.0,Oakland,16.8628335,89.07981675,2.934322785833333,1017.2125,0.0,56.875
2016-11-12,37.743065,-122.169935,6.4,0.027,36.0,Oakland,17.764916666666668,83.93108979166666,5.1410576,1019.2791666666667,0.0,83.66666666666667
2016-11-13,37.743065,-122.169935,10.8,0.022,54.0,Oakland,15.7940835,87.822968,4.649643316666666,1020.7833333333333,0.0,51.208333333333336
2016-11-14,37.743065,-122.169935,15.3,0.015,63.0,Oakland,14.667000041666666,92.81897270833333,4.198128179166667,1021.3874999999999,0.0,42.333333333333336
2016-11-15,37.743065,-122.169935,5.2,0.026,29.0,Oakland,15.531583500000002,92.43554066666667,7.521607908333333,1019.8791666666666,0.0,74.83333333333333
2016-11-16,37.743065,-122.169935,5.2,0.033,29.0,Oakland,13.787833541666666,69.887401,12.447715583333334,1018.7375000000001,0.0,39.708333333333336
2016-11-17,37.743065,-122.169935,6.2,0.017,34.0,Oakland,10.808666862499999,72.85543245833334,5.443710066666667,1019.0958333333333,0.0,0.125
2016-11-18,37.743065,-122.169935,8.1,0.037,45.0,Oakland,11.364916820833335,62.45381070833333,7.3344533458333325,1017.0833333333334,0.0,10.375
2016-11-19,37.743065,-122.169935,5.1,0.035,28.0,Oakland,14.860750333333334,73.47085779166666,13.320465375,1013.375,0.23750000000000002,66.70833333333333
2016-11-20,37.743065,-122.169935,5.7,0.023,32.0,Oakland,14.942000375,90.43948999999999,8.591854054166665,1013.3583333333332,0.3541666666666667,92.83333333333333
2016-11-21,37.743065,-122.169935,5.7,0.023,32.0,Oakland,14.942000375,90.43948999999999,8.591854054166665,1013.3583333333332,0.3541666666666667,92.83333333333333
2016-11-22,37.743065,-122.169935,5.3,0.025,29.0,Oakland,11.735750529166667,86.97084954166667,5.869963329166667,1021.0500000000001,0.0,55.916666666666664
2016-11-23,37.743065,-122.169935,6.9,0.028,38.0,Oakland,12.785750416666666,77.81285845833334,7.671678204166667,1022.9958333333334,0.13749999999999998,47.125
2016-11-24,37.743065,-122.169935,10.9,0.024,54.0,Oakland,10.154500241666666,78.29702658333333,5.538388329166668,1026.6583333333333,0.0,24.083333333333332
2016-11-25,37.743065,-122.169935,7.2,0.034,40.0,Oakland,9.8940836125,81.02807904166666,5.7678653125,1020.2958333333335,0.0,91.41666666666667
2016-11-26,37.743065,-122.169935,3.3,0.035,18.0,Oakland,12.29408375,80.19041554166667,10.744515175000002,1012.225,0.6666666666666666,84.58333333333333
2016-11-27,37.743065,-122.169935,6.1,0.035,34.0,Oakland,12.325333916666667,79.25176754166667,14.21134275,1014.6041666666666,0.35000000000000003,73.70833333333333
2016-11-28,37.743065,-122.169935,6.0,0.028,33.0,Oakland,12.954500375,76.654939875,10.120857333333333,1017.6458333333334,0.029166666666666664,86.79166666666667
2016-11-29,37.743065,-122.169935,6.1,0.022,34.0,Oakland,10.831583475,69.57298054166667,6.811400945833333,1018.475,0.0,14.125
2016-11-30,37.743065,-122.169935,9.2,0.014,51.0,Oakland,10.277417029166667,81.69960883333333,4.114575275,1020.2208333333333,0.0,54.791666666666664
2016-12-01,37.743065,-122.169935,7.9,0.02,44.0,Oakland,10.519083779166667,76.25554208333334,5.1731725583333334,1019.4083333333333,0.0,49.708333333333336
2016-12-02,37.743065,-122.169935,6.4,0.032,36.0,Oakland,11.773250333333335,47.072679083333334,13.017724625,1021.525,0.0,7.583333333333333
2016-12-03,37.743065,-122.169935,10.0,0.016,53.0,Oakland,11.173250154166666,60.141248,6.273927429166666,1023.4833333333332,0.0,18.833333333333332
2016-12-04,37.743065,-122.169935,12.7,0.014,58.0,Oakland,9.644083529166666,88.948824,4.347449757083333,1021.875,0.0,76.29166666666667
2016-12-05,37.743065,-122.169935,10.7,0.017,54.0,Oakland,11.294083791666667,88.66059891666667,5.504125616666666,1019.3249999999999,0.0,79.70833333333333
2016-12-06,37.743065,-122.169935,7.3,0.03,41.0,Oakland,9.548250225,74.81543158333334,9.090654179166666,1017.9333333333334,0.0,83.625
2016-12-07,37.743065,-122.169935,5.8,0.022,32.0,Oakland,7.742000141666666,76.239500625,7.190411629166667,1020.4625,0.08333333333333333,79.04166666666667
2016-12-08,37.743065,-122.169935,5.1,0.013,28.0,Oakland,11.273250500000001,87.43944479166667,8.479598658333334,1018.9291666666667,0.3,100.0
2016-12-09,37.743065,-122.169935,5.1,0.022,28.0,Oakland,14.575333666666667,91.40444225,7.295600033333333,1022.2125,0.008333333333333333,96.83333333333333
2016-12-10,37.743065,-122.169935,3.6,0.017,20.0,Oakland,16.010750083333335,93.964567375,14.222429983333333,1019.4208333333332,0.6208333333333333,97.29166666666667
2016-12-11,37.743065,-122.169935,7.4,0.022,41.0,Oakland,11.156583625000001,85.78878520833332,5.8833455,1020.7375000000001,0.049999999999999996,98.0
2016-12-12,37.743065,-122.169935,6.9,0.02,38.0,Oakland,10.489917125,78.24442170833333,4.405328995833333,1020.9416666666666,0.0,97.75
2016-12-13,37.743065,-122.169935,9.3,0.006,51.0,Oakland,10.827416999999999,82.6601855,4.007516770833333,1019.5124999999999,0.024999999999999998,92.20833333333333
2016-12-14,37.743065,-122.169935,6.0,0.02,33.0,Oakland,13.714916875,87.95190154166666,7.996462954166667,1017.5083333333333,0.008333333333333333,100.0
2016-12-15,37.743065,-122.169935,2.1,0.036,12.0,Oakland,15.548250291666667,86.99089891666667,17.795149791666667,1012.525,0.525,100.0
2016-12-16,37.743065,-122.169935,4.9,0.033,27.0,Oakland,12.239917041666667,73.76289479166667,21.698294833333335,1008.7041666666668,0.9500000000000001,41.083333333333336
2016-12-17,37.743065,-122.169935,8.2,0.026,46.0,Oakland,7.1815834333333335,65.63104229166667,8.83056045,1021.3958333333334,0.0,0.16666666666666666
2016-12-18,37.743065,-122.169935,7.1,0.032,39.0,Oakland,6.960750050000001,56.79696512500001,5.523966525,1026.5625,0.0,0.3333333333333333
2016-12-19,37.743065,-122.169935,8.2,0.024,46.0,Oakland,6.1399167512499995,59.97127845833333,6.0377767375,1029.0375,0.0,9.916666666666666
2016-12-20,37.743065,-122.169935,11.0,0.014,55.0,Oakland,6.86491675,72.59684195833334,6.747794633333334,1027.0166666666667,0.0,39.541666666666664
2016-12-21,37.743065,-122.169935,9.4,0.028,52.0,Oakland,9.9795001125,72.80110995833333,7.342526475,1020.9041666666667,0.0,18.833333333333332
2016-12-22,37.743065,-122.169935,8.3,0.018,46.0,Oakland,9.5378335,72.61329133333334,4.61416126125,1016.4375,0.0,1.6666666666666667
2016-12-23,37.743065,-122.169935,7.0,0.027,39.0,Oakland,10.214917041666666,86.07160858333333,11.329268158333333,1012.7291666666666,0.5625,78.79166666666667
2016-12-24,37.743065,-122.169935,8.6,0.03,48.0,Oakland,8.500333666666668,79.08018112500001,12.454326729166667,1011.0083333333333,0.025000000000000005,14.458333333333334
2016-12-25,37.743065,-122.169935,8.9,0.026,49.0,Oakland,6.514916808333333,76.00701916666667,7.582461054166667,1016.0458333333332,0.0,42.583333333333336
2016-12-26,37.743065,-122.169935,4.2,0.028,23.0,Oakland,6.8545001375000005,67.61754558333332,10.1749951125,1022.8125,0.0,8.125
2016-12-27,37.743065,-122.169935,4.2,0.028,23.0,Oakland,6.8545001375000005,67.61754558333332,10.1749951125,1022.8125,0.0,8.125
2016-12-28,37.743065,-122.169935,4.2,0.028,23.0,Oakland,6.8545001375000005,67.61754558333332,10.1749951125,1022.8125,0.0,8.125
2016-12-29,37.743065,-122.169935,14.4,0.023,61.0,Oakland,8.158666766666666,72.34364395833333,9.059589191666666,1022.5,0.0,9.25
2016-12-30,37.743065,-122.169935,13.6,0.031,59.0,Oakland,8.225333441666667,83.64240629166666,6.039082466666667,1018.6583333333333,0.0,77.04166666666667
2016-12-31,37.743065,-122.169935,13.6,0.031,59.0,Oakland,8.225333441666667,83.64240629166666,6.039082466666667,1018.6583333333333,0.0,77.04166666666667
2017-01-01,37.743065,-122.169935,8.7,0.036,48.0,Oakland,8.641666725,79.736468,11.976866775,1014.0625,0.0,28.875
2017-01-02,37.743065,-122.169935,4.5,0.033,25.0,Oakland,7.981250170833333,78.74302775,12.098583908333334,1015.6125000000001,0.15,72.75
2017-01-03,37.743065,-122.169935,3.6,0.029,20.0,Oakland,8.8270835625,86.59249591666666,11.5934418,1017.5666666666666,0.6166666666666667,92.375
2017-01-04,37.743065,-122.169935,4.5,0.02,25.0,Oakland,11.964583458333331,89.37703566666666,17.142384375000002,1013.4791666666666,1.9541666666666666,95.79166666666667
2017-01-05,37.743065,-122.169935,5.2,0.026,29.0,Oakland,8.597916816666666,83.82999391666667,6.717998620833334,1015.8874999999999,0.15416666666666667,72.375
2017-01-06,37.743065,-122.169935,5.2,0.027,29.0,Oakland,4.797916691666667,60.416572541666675,10.427276183333333,1019.2125,0.0,29.75
2017-01-07,37.743065,-122.169935,4.9,0.026,27.0,Oakland,9.168750154166666,79.05724033333333,17.62148225,1015.4208333333332,0.6458333333333334,99.04166666666667
2017-01-08,37.743065,-122.169935,3.2,0.029,18.0,Oakland,14.264583541666667,88.852119,24.459832333333335,1013.5583333333334,2.0208333333333335,100.0
2017-01-09,37.743065,-122.169935,3.2,0.029,18.0,Oakland,14.264583541666667,88.852119,24.459832333333335,1013.5583333333334,2.0208333333333335,100.0
2017-01-10,37.743065,-122.169935,3.2,0.029,18.0,Oakland,14.264583541666667,88.852119,24.459832333333335,1013.5583333333334,2.0208333333333335,100.0
2017-01-11,37.743065,-122.169935,4.5,0.036,25.0,Oakland,11.66875025,85.42224404166666,19.8283211875,1010.275,1.2541666666666667,72.125
2017-01-12,37.743065,-122.169935,4.2,0.026,23.0,Oakland,8.472916808333332,84.87606270833334,6.851147879166667,1012.7958333333332,0.5083333333333333,86.0
2017-01-13,37.743065,-122.169935,7.6,0.015,42.0,Oakland,6.2229166750000005,89.6265315,5.498413925,1019.0333333333333,0.004166666666666667,50.208333333333336
2017-01-14,37.743065,-122.169935,10.2,0.018,53.0,Oakland,7.877083616666667,74.93833345833333,5.727360658333333,1022.8249999999999,0.0,13.875
2017-01-15,37.743065,-122.169935,11.9,0.019,56.0,Oakland,7.7479168750000005,80.8402,5.276137916666666,1020.7166666666667,0.0,54.833333333333336
2017-01-16,37.743065,-122.169935,15.8,0.019,63.0,Oakland,6.6187500875,78.21885454166666,6.090916125,1020.8125,0.0,8.25
2017-01-17,37.743065,-122.169935,19.7,0.013,71.0,Oakland,6.452083429166667,79.36023654166667,7.976629804166667,1019.8041666666667,0.0,41.791666666666664
2017-01-18,37.743065,-122.169935,10.0,0.032,53.0,Oakland,9.327083429166667,79.19874020833333,14.5462791,1017.4666666666667,0.24583333333333335,98.45833333333333
2017-01-19,37.743065,-122.169935,6.5,0.034,36.0,Oakland,10.122916875,87.16791954166666,15.801959995833334,1010.0166666666668,1.2916666666666667,79.16666666666667
2017-01-20,37.743065,-122.169935,4.5,0.036,25.0,Oakland,10.016666833333334,85.26909120833334,16.489335791666665,1000.6166666666667,1.2750000000000001,91.04166666666667
2017-01-21,37.743065,-122.169935,6.5,0.037,36.0,Oakland,9.3083336125,85.1237875,12.678357370833334,1003.1125000000001,1.2166666666666668,86.79166666666667
2017-01-22,37.743065,-122.169935,4.2,0.036,23.0,Oakland,10.966666875,78.80038283333333,21.72098939583333,1007.7666666666668,1.0541666666666667,89.625
2017-01-23,37.743065,-122.169935,4.7,0.031,26.0,Oakland,7.997916708333334,83.65648900000001,11.2401456375,1008.1,0.5416666666666666,86.875
2017-01-24,37.743065,-122.169935,6.9,0.029,38.0,Oakland,7.472916895833333,80.58492604166666,11.627966854166667,1014.5083333333333,0.05000000000000001,64.83333333333333
2017-01-25,37.743065,-122.169935,7.1,0.029,39.0,Oakland,7.760416808333333,80.928275,7.053077441666667,1024.5666666666666,0.0,18.916666666666668
2017-01-26,37.743065,-122.169935,6.0,0.026,33.0,Oakland,8.102083433333332,79.545834375,5.058492595833333,1029.4750000000001,0.0,45.0
2017-01-27,37.743065,-122.169935,4.7,0.028,26.0,Oakland,8.241666770833334,65.949474875,6.478882825,1032.7083333333333,0.0,18.375
2017-01-28,37.743065,-122.169935,10.4,0.026,53.0,Oakland,8.8354168375,70.08007695833334,10.634518633333334,1034.6375,0.0,40.708333333333336
2017-01-29,37.743065,-122.169935,11.5,0.027,55.0,Oakland,10.366666733333334,67.956707375,11.910110366666666,1031.0208333333333,0.0,18.791666666666668
2017-01-30,37.743065,-122.169935,12.2,0.022,57.0,Oakland,10.000000129166667,71.723525125,8.304523941666666,1024.7166666666667,0.0,88.91666666666667
2017-01-31,37.743065,-122.169935,25.7,0.024,82.0,Oakland,9.4833334125,79.20730970833334,9.5658713125,1020.2833333333333,0.0,52.666666666666664
2017-02-01,37.743065,-122.169935,22.7,0.027,76.0,Oakland,10.1187501,79.17210025,7.9087641375,1016.0291666666667,0.008333333333333333,92.625
2017-02-02,37.743065,-122.169935,4.4,0.027,24.0,Oakland,12.270833625,78.952850625,13.99450205,1014.2791666666667,0.24583333333333335,93.79166666666667
2017-02-03,37.743065,-122.169935,5.4,0.036,30.0,Oakland,13.687500291666666,89.04514329166666,17.580252625,1013.225,0.5541666666666667,81.20833333333333
2017-02-04,37.743065,-122.169935,4.5,0.033,25.0,Oakland,12.662500166666668,88.76668529166666,12.275251895833334,1018.0916666666667,0.375,82.54166666666667
2017-02-05,37.743065,-122.169935,4.3,0.034,24.0,Oakland,11.666666833333332,84.076271375,8.778106816666666,1016.5333333333333,0.012499999999999999,93.95833333333333
2017-02-06,37.743065,-122.169935,3.9,0.034,22.0,Oakland,12.862500208333332,87.51214091666667,18.256251250000002,1009.3916666666668,0.8083333333333332,97.125
2017-02-07,37.743065,-122.169935,4.4,0.02,24.0,Oakland,14.222916750000001,91.24600708333332,21.9641718875,1011.4958333333334,1.6375,99.91666666666667
2017-02-08,37.743065,-122.169935,3.5,0.012,19.0,Oakland,15.18541675,94.315945,12.480755058333335,1017.8208333333333,0.3833333333333333,99.625
2017-02-09,37.743065,-122.169935,3.0,0.028,17.0,Oakland,15.352083458333333,93.52066545833333,17.923380124999998,1015.2916666666666,1.0791666666666666,99.95833333333333
2017-02-10,37.743065,-122.169935,4.9,0.033,27.0,Oakland,13.245833416666665,93.44244566666667,7.9308113250000005,1015.3833333333333,0.6958333333333333,98.33333333333333
2017-02-11,37.743065,-122.169935,5.8,0.027,32.0,Oakland,10.629166808333332,77.92861012499999,11.630968895833334,1020.8916666666668,0.0,27.708333333333332
2017-02-12,37.743065,-122.169935,6.3,0.026,35.0,Oakland,10.58125015,72.15648733333333,5.680739291666666,1023.0083333333333,0.0,5.666666666666667
2017-02-13,37.743065,-122.169935,10.2,0.011,53.0,Oakland,11.120833470833333,79.38196658333334,5.4138289125000005,1021.2458333333334,0.0,74.58333333333333
2017-02-14,37.743065,-122.169935,10.5,0.018,54.0,Oakland,11.241666741666668,77.19156020833333,4.426802391666667,1019.7791666666667,0.0,36.791666666666664
2017-02-15,37.743065,-122.169935,11.5,0.033,55.0,Oakland,13.104166583333333,81.35951191666666,6.415859045833333,1018.7125,0.004166666666666667,88.375
2017-02-16,37.743065,-122.169935,6.3,0.041,35.0,Oakland,14.487499958333332,77.84191308333334,15.392576066666665,1014.0124999999999,0.5083333333333334,72.375
2017-02-17,37.743065,-122.169935,3.7,0.035,21.0,Oakland,12.514583625,87.297427125,15.181988629166668,1000.3000000000001,1.0125,79.20833333333333
2017-02-18,37.743065,-122.169935,4.3,0.04,24.0,Oakland,12.041666958333332,84.33150766666667,15.126392758333333,995.4125,0.6291666666666667,96.83333333333333
2017-02-19,37.743065,-122.169935,3.6,0.034,20.0,Oakland,10.197916958333332,78.20601854166667,17.581160979166665,1009.3874999999999,0.2125,87.125
2017-02-20,37.743065,-122.169935,3.5,0.044,19.0,Oakland,12.947916874999999,85.36951533333333,21.45860454166667,1012.5291666666667,2.1708333333333334,99.66666666666667
2017-02-21,37.743065,-122.169935,4.8,0.035,27.0,Oakland,12.402083541666668,88.280777,17.542850041666664,1019.0875,1.3791666666666667,82.58333333333333
2017-02-22,37.743065,-122.169935,3.8,0.038,21.0,Oakland,9.75625015,78.07147004166667,13.219783870833334,1023.9166666666666,0.2791666666666667,49.916666666666664
2017-02-23,37.743065,-122.169935,3.5,0.038,19.0,Oakland,7.443750154166666,67.18905074999999,14.912663083333333,1022.9250000000001,0.004166666666666667,5.041666666666667
2017-02-24,37.743065,-122.169935,5.0,0.036,28.0,Oakland,7.4604168125,71.30637266666666,9.345773508333332,1023.6750000000001,0.0,8.208333333333334
2017-02-25,37.743065,-122.169935,5.5,0.037,31.0,Oakland,8.206250170833334,75.60681995833333,7.449575374999999,1022.275,0.0375,56.375
2017-02-26,37.743065,-122.169935,5.2,0.038,29.0,Oakland,7.614583429166667,74.28155945833333,6.977752920833333,1016.3791666666666,0.008333333333333333,28.5
2017-02-27,37.743065,-122.169935,4.3,0.036,24.0,Oakland,8.554166791666667,77.99432229166666,9.498131395833333,1013.8833333333333,0.15416666666666667,47.625
2017-02-28,37.743065,-122.169935,13.1,0.035,58.0,Oakland,8.325000212499999,73.22387400000001,11.395806804166668,1018.9083333333333,0.0,4.625
2017-03-01,37.743065,-122.169935,6.3,0.023,35.0,Oakland,8.502083404166667,81.69377204166666,7.2330422625,1027.9541666666667,0.0,8.333333333333334
2017-03-02,37.743065,-122.169935,7.6,0.023,42.0,Oakland,10.522916741666666,72.49112770833334,4.853540008333334,1027.3500000000001,0.0,0.0
2017-03-03,37.743065,-122.169935,8.3,0.035,46.0,Oakland,10.558333529166667,77.86454133333334,5.261013291666667,1021.4458333333333,0.0,53.208333333333336
2017-03-04,37.743065,-122.169935,3.0,0.044,17.0,Oakland,11.304166916666667,85.249357375,12.041904045833334,1015.8625000000001,0.07083333333333333,60.875
2017-03-05,37.743065,-122.169935,4.1,0.043,23.0,Oakland,9.414583483333333,79.05278216666666,22.742972958333336,1012.6958333333333,1.3791666666666667,67.33333333333333
2017-03-06,37.743065,-122.169935,5.3,0.037,29.0,Oakland,8.0729167125,71.61105816666667,13.721292145833333,1022.1791666666667,0.08750000000000001,47.0
2017-03-07,37.743065,-122.169935,5.9,0.029,33.0,Oakland,9.054166866666666,82.21739029166666,5.040539545833333,1026.8833333333334,0.0,66.33333333333333
2017-03-08,37.743065,-122.169935,5.8,0.027,32.0,Oakland,10.747916583333334,80.08705479166666,7.109043533333334,1026.3458333333333,0.0,25.708333333333332
2017-03-09,37.743065,-122.169935,7.0,0.019,39.0,Oakland,12.700000000000001,90.840606375,5.9920612325,1023.0833333333334,0.0,36.583333333333336
2017-03-10,37.743065,-122.169935,7.2,0.012,40.0,Oakland,13.114583458333334,93.61744166666666,5.001323950000001,1021.8874999999999,0.0,95.5
2017-03-11,37.743065,-122.169935,7.7,0.027,43.0,Oakland,14.402083249999999,87.13273091666667,5.708826249166666,1020.0625,0.0,30.083333333333332
2017-03-12,37.743065,-122.169935,6.6,0.026,37.0,Oakland,13.112500166666665,88.23716008333334,5.9857652875000005,1021.7166666666667,0.0,29.208333333333332
2017-03-13,37.743065,-122.169935,6.6,0.026,37.0,Oakland,13.112500166666665,88.23716008333334,5.9857652875000005,1021.7166666666667,0.0,29.208333333333332
2017-03-14,37.743065,-122.169935,11.3,0.044,55.0,Oakland,16.816666708333333,76.58949475,5.2968201666666666,1016.8666666666667,0.0,9.583333333333334
2017-03-15,37.743065,-122.169935,5.7,0.021,32.0,Oakland,14.214583416666665,89.32277466666666,8.779017825,1018.875,0.0,51.791666666666664
2017-03-16,37.743065,-122.169935,6.7,0.024,37.0,Oakland,13.652083458333331,89.14977691666667,7.745957,1022.2166666666667,0.0,87.625
2017-03-17,37.743065,-122.169935,8.7,0.032,48.0,Oakland,13.718750041666667,75.40814079166667,6.013952683333334,1019.0583333333334,0.0,37.625
2017-03-18,37.743065,-122.169935,6.3,0.033,35.0,Oakland,15.1666665,70.35481625,5.809094883333334,1016.6708333333332,0.0,90.91666666666667
2017-03-19,37.743065,-122.169935,6.3,0.027,35.0,Oakland,14.029166708333333,87.61289616666666,6.0577471625,1017.7375000000001,0.0,95.16666666666667
2017-03-20,37.743065,-122.169935,5.5,0.023,31.0,Oakland,13.458333416666667,80.45236216666667,11.803546579166666,1015.8125,0.13749999999999998,94.54166666666667
2017-03-21,37.743065,-122.169935,3.9,0.04,22.0,Oakland,15.004166750000001,83.34437004166666,17.236751708333333,1013.1208333333334,1.0,77.125
2017-03-22,37.743065,-122.169935,3.4,0.043,19.0,Oakland,12.802083541666667,79.74854895833333,15.174164916666667,1016.1458333333334,0.5541666666666666,62.125
2017-03-23,37.743065,-122.169935,4.0,0.042,22.0,Oakland,10.768750083333332,78.37069545833333,13.528719929166668,1021.4291666666667,0.004166666666666667,33.375
2017-03-24,37.743065,-122.169935,4.7,0.032,26.0,Oakland,11.937500166666666,78.62048670833333,15.493820512500001,1022.3249999999999,0.42083333333333334,98.375
2017-03-25,37.743065,-122.169935,5.5,0.041,31.0,Oakland,12.437500125,85.87620708333333,8.762086495833334,1021.3916666666668,0.07916666666666666,61.375
2017-03-26,37.743065,-122.169935,3.7,0.041,21.0,Oakland,12.037500375,81.718631,9.502841304166667,1019.8791666666666,0.0,82.5
2017-03-27,37.743065,-122.169935,5.7,0.036,32.0,Oakland,12.562500083333333,78.70901066666667,15.3569996875,1020.9166666666666,0.12083333333333333,41.916666666666664
2017-03-28,37.743065,-122.169935,6.0,0.042,33.0,Oakland,12.941666666666665,71.90309858333333,12.561874041666668,1023.1916666666666,0.0,3.0
2017-03-29,37.743065,-122.169935,11.7,0.035,56.0,Oakland,14.535416708333331,77.20462158333333,6.9314292625,1021.75,0.0,27.875
2017-03-30,37.743065,-122.169935,10.4,0.039,53.0,Oakland,13.862500083333332,78.66430212499999,19.225996958333333,1019.5916666666667,0.004166666666666667,37.666666666666664
2017-03-31,37.743065,-122.169935,6.9,0.042,38.0,Oakland,13.795833416666667,53.893073375,18.466278916666667,1016.3625000000001,0.0,5.75
2017-04-01,37.743065,-122.169935,8.7,0.043,48.0,Oakland,15.914583166666667,54.90635266666666,8.758451891666667,1015.4333333333334,0.0,23.291666666666668
2017-04-02,37.743065,-122.169935,11.5,0.029,55.0,Oakland,14.960416625,86.13257175000001,7.867823761666667,1016.1708333333332,0.0,51.958333333333336
2017-04-03,37.743065,-122.169935,10.6,0.037,54.0,Oakland,14.460416583333332,73.995195875,7.474621158333334,1014.7041666666668,0.0,15.458333333333334
2017-04-04,37.743065,-122.169935,10.0,0.039,53.0,Oakland,12.714583333333332,78.1643855,7.410666708333333,1015.7708333333334,0.0,48.708333333333336
2017-04-05,37.743065,-122.169935,6.7,0.042,37.0,Oakland,14.100000041666666,65.95816195833333,6.255793466666667,1017.2291666666666,0.0,95.16666666666667
2017-04-06,37.743065,-122.169935,5.9,0.051,33.0,Oakland,14.827083416666667,57.024396375,9.712339745833333,1013.4333333333334,0.04583333333333334,98.58333333333333
2017-04-07,37.743065,-122.169935,5.4,0.042,30.0,Oakland,13.408333416666666,78.10091020833333,21.859599708333334,1010.0208333333334,0.7625000000000001,97.95833333333333
2017-04-08,37.743065,-122.169935,3.4,0.048,19.0,Oakland,11.093750333333332,80.24298616666667,16.746144020833334,1015.125,1.125,61.125
2017-04-09,37.743065,-122.169935,4.2,0.044,23.0,Oakland,9.760416945833333,80.16223345833333,8.777987491666666,1022.5875,0.0,36.458333333333336
2017-04-10,37.743065,-122.169935,5.1,0.042,28.0,Oakland,11.229166904166666,75.52734479166666,8.614712004166668,1022.7541666666666,0.0,61.583333333333336
2017-04-11,37.743065,-122.169935,7.2,0.041,40.0,Oakland,13.570833333333333,80.53844566666668,10.750499495833333,1016.7375000000001,0.004166666666666667,96.83333333333333
2017-04-12,37.743065,-122.169935,2.2,0.044,12.0,Oakland,14.475000249999999,81.765799,12.945360866666666,1015.0333333333333,0.125,95.125
2017-04-13,37.743065,-122.169935,3.5,0.047,19.0,Oakland,13.062500208333333,79.48382141666667,19.17595748333333,1014.5666666666666,0.5291666666666667,52.125
2017-04-14,37.743065,-122.169935,6.7,0.039,37.0,Oakland,10.7166667625,70.43100816666667,15.068385720833334,1022.225,0.0,5.583333333333333
2017-04-15,37.743065,-122.169935,5.7,0.034,32.0,Oakland,11.725000108333333,77.28879045833334,8.5209184,1019.6750000000001,0.0,48.75
2017-04-16,37.743065,-122.169935,6.3,0.037,35.0,Oakland,13.481250041666668,72.641058,9.935765275,1014.4791666666666,0.0625,97.95833333333333
2017-04-17,37.743065,-122.169935,4.3,0.032,24.0,Oakland,13.935416875,86.46802383333333,9.649334595833333,1015.975,0.1416666666666667,99.875
2017-04-18,37.743065,-122.169935,3.5,0.038,19.0,Oakland,13.583333416666667,86.381158625,6.065743969583334,1018.3625000000001,0.225,81.75
2017-04-19,37.743065,-122.169935,6.1,0.044,34.0,Oakland,13.256249875,85.82128383333334,8.12800245,1022.7875,0.0,44.708333333333336
2017-04-20,37.743065,-122.169935,6.7,0.046,37.0,Oakland,14.445833458333333,78.821917875,10.611639483333333,1024.7250000000001,0.02916666666666667,38.583333333333336
2017-04-21,37.743065,-122.169935,6.3,0.039,35.0,Oakland,14.449999916666668,73.978892375,8.273559791666667,1021.8249999999999,0.0,41.791666666666664
2017-04-22,37.743065,-122.169935,6.4,0.037,36.0,Oakland,14.141666541666666,74.57791604166667,8.6093302,1016.5208333333334,0.0,57.5
2017-04-23,37.743065,-122.169935,5.0,0.041,28.0,Oakland,13.254166916666668,81.14190679166667,16.4690109625,1016.1875,0.0,62.208333333333336
2017-04-24,37.743065,-122.169935,3.9,0.041,22.0,Oakland,12.862500166666665,79.681422375,17.471417125,1017.4458333333333,0.012500000000000002,88.625
2017-04-25,37.743065,-122.169935,3.8,0.041,21.0,Oakland,13.033333625,81.00217083333332,15.858425479166668,1018.3249999999999,0.0,63.791666666666664
2017-04-26,37.743065,-122.169935,2.2,0.028,12.0,Oakland,13.866666833333333,91.84224166666667,15.542788895833333,1018.4416666666666,0.020833333333333332,97.375
2017-04-27,37.743065,-122.169935,2.2,0.028,12.0,Oakland,13.866666833333333,91.84224166666667,15.542788895833333,1018.4416666666666,0.020833333333333332,97.375
2017-04-28,37.743065,-122.169935,6.9,0.043,38.0,Oakland,14.066666625000002,71.23842458333333,11.438075479166665,1016.8916666666668,0.0,29.291666666666668
2017-04-29,37.743065,-122.169935,8.3,0.044,46.0,Oakland,17.035416291666667,46.97426070833333,12.108835929166666,1017.8125,0.0,0.0
2017-04-30,37.743065,-122.169935,11.1,0.039,55.0,Oakland,15.335416583333332,74.20934429166667,7.814415429166666,1020.0375,0.0,0.5
2017-05-01,37.743065,-122.169935,10.3,0.037,53.0,Oakland,17.091666375,77.16526008333334,6.983818540833333,1017.6875,0.0,0.0
2017-05-02,37.743065,-122.169935,11.0,0.029,55.0,Oakland,18.491666374999998,71.72872404166667,6.937470375,1014.525,0.0,15.791666666666666
2017-05-03,37.743065,-122.169935,8.0,0.039,44.0,Oakland,20.083332916666667,76.61930754166667,5.885868982083333,1013.2875,0.0,1.5416666666666667
2017-05-04,37.743065,-122.169935,3.5,0.02,19.0,Oakland,16.608333249999998,81.851863875,9.6590488625,1013.2166666666667,0.0,18.333333333333332
2017-05-05,37.743065,-122.169935,5.2,0.04,29.0,Oakland,13.997916583333334,83.306925875,18.177661083333334,1013.75,0.0,74.41666666666667
2017-05-06,37.743065,-122.169935,9.1,0.039,51.0,Oakland,12.197916999999999,70.94759841666666,16.13680520833333,1010.3208333333333,0.0,61.583333333333336
2017-05-07,37.743065,-122.169935,14.0,0.039,60.0,Oakland,14.145833208333334,73.319269,8.507133008333334,1007.3333333333334,0.012500000000000002,37.5
2017-05-08,37.743065,-122.169935,16.8,0.032,65.0,Oakland,14.345833541666666,74.047594,8.691665216666667,1012.8583333333332,0.0,39.625
2017-05-09,37.743065,-122.169935,16.4,0.036,65.0,Oakland,14.772916625,75.517207625,8.567717033333333,1011.0541666666667,0.0,54.541666666666664
2017-05-10,37.743065,-122.169935,7.0,0.038,39.0,Oakland,13.720833416666666,76.0294095,15.696424875,1013.9125,0.0,43.125
2017-05-11,37.743065,-122.169935,4.5,0.036,25.0,Oakland,13.870833458333331,79.36457929166666,14.099426958333334,1020.1291666666666,0.0,72.91666666666667
2017-05-12,37.743065,-122.169935,5.5,0.037,31.0,Oakland,13.152083500000002,73.49455420833333,18.009542624999998,1020.9291666666667,0.0,18.458333333333332
2017-05-13,37.743065,-122.169935,4.2,0.039,23.0,Oakland,12.464583333333332,64.83442233333334,18.6336720625,1019.275,0.0,0.2916666666666667
2017-05-14,37.743065,-122.169935,8.5,0.037,47.0,Oakland,12.53125025,73.33869045833333,12.418832883333332,1014.1125000000001,0.0,18.333333333333332
2017-05-15,37.743065,-122.169935,8.7,0.042,48.0,Oakland,12.877083416666666,75.57840808333334,11.878292579166667,1012.1374999999999,0.0,18.0
2017-05-16,37.743065,-122.169935,4.5,0.027,25.0,Oakland,12.200000291666667,79.75813016666667,21.510215875,1015.6833333333334,0.0,70.83333333333333
2017-05-17,37.743065,-122.169935,4.9,0.035,27.0,Oakland,13.19375,80.16410516666666,16.034122516666667,1017.7416666666667,0.0,45.916666666666664
2017-05-18,37.743065,-122.169935,9.6,0.029,52.0,Oakland,13.687499833333334,74.75776916666666,9.5127693625,1015.6,0.0,12.333333333333334
2017-05-19,37.743065,-122.169935,10.5,0.037,54.0,Oakland,17.260416541666668,63.76817716666667,8.326871816666667,1013.8416666666667,0.0,0.041666666666666664
2017-05-20,37.743065,-122.169935,8.3,0.037,46.0,Oakland,17.472916541666667,66.24304566666667,7.679643394583334,1013.7958333333332,0.0,0.125
2017-05-21,37.743065,-122.169935,9.9,0.041,52.0,Oakland,18.079166208333334,63.164710125,7.94063065,1012.7666666666668,0.0,2.6666666666666665
2017-05-22,37.743065,-122.169935,8.7,0.033,48.0,Oakland,16.293749833333333,74.440278125,8.785295683333333,1014.3625000000001,0.0,39.291666666666664
2017-05-23,37.743065,-122.169935,7.0,0.029,39.0,Oakland,15.035416541666665,81.59846370833334,11.284362345833335,1014.3083333333334,0.0,32.625
2017-05-24,37.743065,-122.169935,5.1,0.035,28.0,Oakland,13.804166666666667,81.97986695833333,13.8060301875,1011.8833333333333,0.0,75.54166666666667
2017-05-25,37.743065,-122.169935,4.3,0.035,24.0,Oakland,14.808333416666665,74.59206525,15.174535895833335,1007.5541666666667,0.004166666666666667,78.58333333333333
2017-05-26,37.743065,-122.169935,6.6,0.034,37.0,Oakland,14.391666791666665,73.0282025,12.757671625,1012.2166666666667,0.004166666666666667,42.958333333333336
2017-05-27,37.743065,-122.169935,4.4,0.034,24.0,Oakland,14.068750125000001,78.22793783333333,11.510591491666666,1017.8583333333332,0.0,25.708333333333332
2017-05-28,37.743065,-122.169935,4.6,0.032,26.0,Oakland,13.643750208333332,84.80250325,14.394995270833334,1018.9541666666668,0.0,64.83333333333333
2017-05-29,37.743065,-122.169935,3.8,0.032,21.0,Oakland,13.187500291666666,85.01095595833333,17.715553270833333,1016.2666666666668,0.0,86.29166666666667
2017-05-30,37.743065,-122.169935,4.4,0.033,24.0,Oakland,12.856250125,84.30598145833333,19.855366416666666,1014.7458333333334,0.0,97.25
2017-05-31,37.743065,-122.169935,3.1,0.027,17.0,Oakland,14.237500041666665,78.17736766666667,16.1405285,1014.4833333333332,0.012500000000000002,61.708333333333336
2017-06-01,37.743065,-122.169935,2.8,0.023,16.0,Oakland,14.93541675,88.576127875,15.051206516666667,1014.6291666666666,0.0,81.70833333333333
2017-06-02,37.743065,-122.169935,5.9,0.025,33.0,Oakland,15.014583125,78.83258770833334,10.590092554166667,1014.4541666666665,0.0,19.083333333333332
2017-06-03,37.743065,-122.169935,6.2,0.033,34.0,Oakland,14.743749874999999,79.99500075,11.604674979166667,1013.2291666666666,0.0,73.33333333333333
2017-06-04,37.743065,-122.169935,10.7,0.038,54.0,Oakland,14.499999541666666,76.308841,14.326441333333333,1013.5958333333333,0.0,32.125
2017-06-05,37.743065,-122.169935,11.5,0.033,55.0,Oakland,14.849999916666667,73.29130329166667,12.127542845833332,1013.5500000000001,0.0,23.791666666666668
2017-06-06,37.743065,-122.169935,9.9,0.03,52.0,Oakland,14.935416208333331,76.34297429166666,10.799661354166666,1013.1666666666666,0.0,16.958333333333332
2017-06-07,37.743065,-122.169935,5.8,0.028,32.0,Oakland,14.139583333333334,76.371019,13.856831916666666,1013.5541666666667,0.0,64.75
2017-06-08,37.743065,-122.169935,3.0,0.025,17.0,Oakland,15.970833166666665,78.81621279166667,10.210795241666666,1014.6333333333333,0.1625,92.625
2017-06-09,37.743065,-122.169935,3.2,0.034,18.0,Oakland,15.872916541666667,85.15446004166667,12.388818533333334,1014.7583333333333,0.020833333333333332,74.875
2017-06-10,37.743065,-122.169935,4.3,0.03,24.0,Oakland,13.825000125,80.702570625,19.543911875,1015.0124999999999,0.0,10.208333333333334
2017-06-11,37.743065,-122.169935,4.5,0.028,25.0,Oakland,13.6145835,74.78104524999999,23.5142875,1013.85,0.0,7.666666666666667
2017-06-12,37.743065,-122.169935,8.5,0.026,47.0,Oakland,14.135416625,77.550866625,11.758477554166667,1017.375,0.0,18.791666666666668
2017-06-13,37.743065,-122.169935,6.3,0.025,35.0,Oakland,14.610416458333333,78.32187533333332,9.787912287500001,1019.1041666666666,0.0,21.833333333333332
2017-06-14,37.743065,-122.169935,8.7,0.028,48.0,Oakland,15.691666499999998,73.36473145833334,9.518498254166667,1015.4375,0.0,1.4583333333333333
2017-06-15,37.743065,-122.169935,5.6,0.026,31.0,Oakland,16.285416791666666,71.92640812500001,9.619575420833334,1016.1208333333334,0.0,6.708333333333333
2017-06-16,37.743065,-122.169935,6.9,0.02,38.0,Oakland,17.589583083333334,77.21992191666666,8.797791475,1016.0708333333333,0.0,1.9583333333333333
2017-06-17,37.743065,-122.169935,11.3,0.029,55.0,Oakland,19.299999666666668,68.24738070833332,7.906013579166667,1013.3083333333334,0.0,1.0
2017-06-18,37.743065,-122.169935,12.1,0.042,57.0,Oakland,22.864583,56.800278625000004,6.557552852916667,1009.1958333333333,0.0,4.5
2017-06-19,37.743065,-122.169935,13.8,0.021,60.0,Oakland,20.422915999999997,64.84150891666667,9.315399845833333,1008.6999999999999,0.0,4.291666666666667
2017-06-20,37.743065,-122.169935,13.2,0.017,59.0,Oakland,19.041666333333335,70.913506375,8.375101725,1010.3833333333333,0.0,0.5
2017-06-21,37.743065,-122.169935,12.0,0.028,56.0,Oakland,17.535416541666667,75.925808125,12.247498658333333,1009.3291666666668,0.0,32.541666666666664
2017-06-22,37.743065,-122.169935,15.8,0.034,63.0,Oakland,21.112499416666665,67.27831879166666,8.330098233333333,1005.9666666666667,0.0,1.125
2017-06-23,37.743065,-122.169935,4.8,0.028,27.0,Oakland,17.23333308333333,78.159814375,14.990464179166667,1010.6125000000001,0.0,7.916666666666667
2017-06-24,37.743065,-122.169935,1.2,0.026,7.0,Oakland,16.156250041666667,85.35179729166667,14.460592979166668,1013.975,0.0,77.5
2017-06-25,37.743065,-122.169935,1.8,0.028,10.0,Oakland,15.737499916666666,83.21625345833333,14.098086083333333,1014.8333333333334,0.0,56.333333333333336
2017-06-26,37.743065,-122.169935,1.2,0.026,7.0,Oakland,16.152083,81.36392358333333,15.525423458333334,1016.5875,0.0,45.041666666666664
2017-06-27,37.743065,-122.169935,1.3,0.025,7.0,Oakland,15.912499708333334,82.03654350000001,17.469828916666668,1015.5,0.0,32.833333333333336
2017-06-28,37.743065,-122.169935,7.9,0.025,44.0,Oakland,14.858333208333333,82.70040841666666,15.803820479166667,1014.0291666666667,0.0,72.91666666666667
2017-06-29,37.743065,-122.169935,10.4,0.028,53.0,Oakland,15.125000125,80.78571291666667,14.30364125,1014.1750000000001,0.0,48.375
2017-06-30,37.743065,-122.169935,10.0,0.028,53.0,Oakland,14.989583333333334,81.59766833333333,16.1578055,1014.9375,0.0,62.333333333333336
2017-07-01,37.743065,-122.169935,8.9,0.028,49.0,Oakland,15.077083208333333,80.70942441666666,16.416664833333332,1012.8125,0.0,59.333333333333336
2017-07-02,37.743065,-122.169935,6.0,0.028,33.0,Oakland,15.924999666666666,77.58425370833334,13.771077229166666,1012.3291666666668,0.0,25.875
2017-07-03,37.743065,-122.169935,6.2,0.028,34.0,Oakland,16.047916583333333,79.14191908333333,11.7147303125,1015.6041666666666,0.0,8.791666666666666
2017-07-04,37.743065,-122.169935,16.0,0.032,64.0,Oakland,15.766666708333332,81.280561125,13.330872008333332,1015.8625000000001,0.0,14.041666666666666
2017-07-05,37.743065,-122.169935,5.3,0.026,29.0,Oakland,15.435416541666667,81.255169125,12.929300270833332,1016.4833333333332,0.0,36.708333333333336
2017-07-06,37.743065,-122.169935,6.0,0.023,33.0,Oakland,16.235416625,77.57122029166666,8.731579683333333,1017.9166666666666,0.0,10.416666666666666
2017-07-07,37.743065,-122.169935,10.3,0.025,53.0,Oakland,18.22083320833333,64.41946008333333,8.111666516666666,1016.7916666666666,0.0,0.3333333333333333
2017-07-08,37.743065,-122.169935,14.3,0.029,61.0,Oakland,20.539582749999997,56.227281624999996,6.893854520833333,1013.2208333333333,0.0,0.0
2017-07-09,37.743065,-122.169935,6.9,0.024,38.0,Oakland,16.845833166666665,72.54663408333333,8.709861120833333,1013.4250000000001,0.0,1.2083333333333333
2017-07-10,37.743065,-122.169935,9.2,0.021,51.0,Oakland,16.872916416666666,75.76956166666666,10.316967545833334,1012.5375,0.0,4.0
2017-07-11,37.743065,-122.169935,13.4,0.027,59.0,Oakland,16.116666249999998,74.61824816666667,12.233386750000001,1012.5583333333334,0.0,1.6666666666666667
2017-07-12,37.743065,-122.169935,10.7,0.022,54.0,Oakland,16.327083416666667,74.01834325,11.182236549999999,1013.7208333333333,0.0,0.8333333333333334
2017-07-13,37.743065,-122.169935,9.4,0.02,52.0,Oakland,15.883333208333333,80.3497755,9.5382427875,1014.9875000000001,0.0,5.625
2017-07-14,37.743065,-122.169935,10.5,0.023,54.0,Oakland,16.310416375,77.06978129166667,8.347529554166668,1016.3083333333334,0.0,10.416666666666666
2017-07-15,37.743065,-122.169935,12.0,0.033,56.0,Oakland,17.549999708333335,73.60319154166667,6.430223445833334,1016.2958333333332,0.0,15.5
2017-07-16,37.743065,-122.169935,14.6,0.027,61.0,Oakland,20.737499333333332,59.22422766666667,7.317155416666666,1013.4499999999999,0.0,12.708333333333334
2017-07-17,37.743065,-122.169935,15.2,0.021,62.0,Oakland,19.033333125,60.94277029166667,9.2535266875,1011.4375,0.0,0.0
2017-07-18,37.743065,-122.169935,8.7,0.022,48.0,Oakland,15.866666416666666,75.73263858333333,13.543655791666666,1014.7833333333333,0.0,26.333333333333332
2017-07-19,37.743065,-122.169935,8.3,0.022,46.0,Oakland,15.964583333333332,75.262092,11.682985458333334,1016.2041666666668,0.0,5.125
2017-07-20,37.743065,-122.169935,6.4,0.019,36.0,Oakland,15.947916708333333,80.778430125,13.7389669375,1016.7083333333334,0.0,46.375
2017-07-21,37.743065,-122.169935,7.1,0.021,39.0,Oakland,16.0729165,74.59929579166666,11.8695677625,1016.0625,0.0,0.75
2017-07-22,37.743065,-122.169935,10.0,0.037,53.0,Oakland,17.047916666666666,70.67448312500001,9.9162593625,1013.6666666666666,0.0,0.7916666666666666
2017-07-23,37.743065,-122.169935,8.0,0.017,44.0,Oakland,18.422915999999997,71.2824785,8.666891725000001,1010.6291666666666,0.0,8.916666666666666
2017-07-24,37.743065,-122.169935,4.8,0.025,27.0,Oakland,17.24375004166667,78.526984875,11.775123745833334,1010.3000000000001,0.0,16.666666666666668
2017-07-25,37.743065,-122.169935,4.4,0.026,24.0,Oakland,17.510416541666668,78.39505262499999,12.107691825000002,1012.5708333333333,0.0,12.416666666666666
2017-07-26,37.743065,-122.169935,5.6,0.025,31.0,Oakland,16.743749708333333,82.19681670833333,12.998063854166666,1016.0041666666666,0.0,28.708333333333332
2017-07-27,37.743065,-122.169935,8.0,0.023,44.0,Oakland,16.854166375,79.076327375,8.514394345833333,1015.3291666666668,0.0,24.458333333333332
2017-07-28,37.743065,-122.169935,12.6,0.02,58.0,Oakland,16.939583250000002,77.87680108333333,8.890714816666668,1013.1791666666667,0.0,5.208333333333333
2017-07-29,37.743065,-122.169935,12.1,0.021,57.0,Oakland,16.095833250000002,80.183204875,10.072894854166668,1014.2541666666666,0.0,6.083333333333333
2017-07-30,37.743065,-122.169935,6.6,0.025,37.0,Oakland,16.28749995833333,81.26682570833333,9.121087175,1016.5416666666666,0.0,21.791666666666668
2017-07-31,37.743065,-122.169935,5.7,0.023,32.0,Oakland,16.51041641666667,80.4399535,10.927079379166665,1017.2291666666666,0.0,16.291666666666668
2017-08-01,37.743065,-122.169935,6.1,0.022,34.0,Oakland,16.760416708333334,77.67623579166667,8.296808766666667,1014.0458333333332,0.0,25.208333333333332
2017-08-02,37.743065,-122.169935,7.7,0.031,43.0,Oakland,18.989583166666666,75.31285541666666,8.889303079166666,1011.8916666666668,0.0,36.291666666666664
2017-08-03,37.743065,-122.169935,9.5,0.024,52.0,Oakland,20.98541595833333,65.19664412499999,9.203342370833333,1013.525,0.0,82.875
2017-08-04,37.743065,-122.169935,8.0,0.016,44.0,Oakland,20.681249625,66.699297625,9.9138370125,1013.9708333333333,0.004166666666666667,97.95833333333333
2017-08-05,37.743065,-122.169935,2.5,0.025,14.0,Oakland,18.26666625,81.87116483333334,8.554247041666667,1013.5124999999999,0.016666666666666666,48.875
2017-08-06,37.743065,-122.169935,8.8,0.03,49.0,Oakland,17.393749708333335,83.78147079166666,12.659187858333333,1013.375,0.0,50.333333333333336
2017-08-07,37.743065,-122.169935,10.8,0.033,54.0,Oakland,16.689583208333335,83.388042875,14.885777,1014.1208333333334,0.0,73.20833333333333
2017-08-08,37.743065,-122.169935,5.1,0.027,28.0,Oakland,16.97291625,82.59554941666667,12.578639770833334,1014.6708333333332,0.0,60.458333333333336
2017-08-09,37.743065,-122.169935,7.3,0.025,41.0,Oakland,16.868749875,83.14098679166666,14.345849125,1014.1208333333334,0.0,73.04166666666667
2017-08-10,37.743065,-122.169935,9.0,0.027,50.0,Oakland,16.895833083333333,83.34343079166666,14.475060395833333,1014.5541666666667,0.0,74.41666666666667
2017-08-11,37.743065,-122.169935,9.0,0.032,50.0,Oakland,16.672916666666666,84.635728375,12.480162333333332,1014.2291666666666,0.0,67.20833333333333
2017-08-12,37.743065,-122.169935,14.2,0.028,61.0,Oakland,16.364583291666666,84.67370879166667,12.7789038,1013.2791666666667,0.0,48.416666666666664
2017-08-13,37.743065,-122.169935,3.5,0.018,19.0,Oakland,16.564583,82.02214854166667,15.156334375,1013.4250000000001,0.0,33.458333333333336
2017-08-14,37.743065,-122.169935,10.1,0.024,53.0,Oakland,16.574999916666666,84.57201191666667,18.110441166666664,1012.4166666666666,0.0,99.83333333333333
2017-08-15,37.743065,-122.169935,9.9,0.025,52.0,Oakland,16.502083208333335,76.99719991666667,16.129699625,1011.3666666666667,0.0,61.0
2017-08-16,37.743065,-122.169935,10.2,0.029,53.0,Oakland,16.985416583333333,77.82174233333333,11.853979370833335,1013.5708333333333,0.0,34.583333333333336
2017-08-17,37.743065,-122.169935,11.9,0.024,56.0,Oakland,17.633333125,81.28952758333334,10.826047075,1015.1333333333333,0.0,9.458333333333334
2017-08-18,37.743065,-122.169935,11.5,0.028,55.0,Oakland,17.327083291666664,83.513375625,11.441160016666666,1015.4,0.0,54.208333333333336
2017-08-19,37.743065,-122.169935,10.4,0.028,53.0,Oakland,17.406249791666667,83.39464675,11.051845220833334,1013.2916666666666,0.0,49.458333333333336
2017-08-20,37.743065,-122.169935,11.2,0.035,55.0,Oakland,17.962499875,79.46118104166666,9.8469087375,1011.5291666666667,0.0,15.916666666666666
2017-08-21,37.743065,-122.169935,10.1,0.029,53.0,Oakland,18.370832708333335,81.93507545833334,14.136270454166668,1014.0666666666666,0.0,37.291666666666664
2017-08-22,37.743065,-122.169935,13.5,0.036,59.0,Oakland,17.804166291666665,81.87726883333333,10.144719466666666,1016.4791666666666,0.004166666666666667,36.791666666666664
2017-08-23,37.743065,-122.169935,19.0,0.033,69.0,Oakland,17.025000000000002,84.28089308333334,10.966575029166668,1015.275,0.0,42.25
2017-08-24,37.743065,-122.169935,6.8,0.021,38.0,Oakland,16.574999958333333,84.98519741666667,14.149652916666668,1013.1541666666667,0.0,68.16666666666667
2017-08-25,37.743065,-122.169935,14.0,0.024,60.0,Oakland,16.787499916666665,80.31123683333333,11.010070270833333,1010.9166666666666,0.0,31.208333333333332
2017-08-26,37.743065,-122.169935,13.9,0.049,60.0,Oakland,18.668749833333333,76.49668329166667,7.116885208333334,1012.2583333333333,0.0,1.7083333333333333
2017-08-27,37.743065,-122.169935,14.8,0.036,62.0,Oakland,21.89583275,61.18260025,7.144522983333334,1013.5166666666668,0.0,0.041666666666666664
2017-08-28,37.743065,-122.169935,15.3,0.032,63.0,Oakland,20.393749458333332,67.45508370833333,6.874557540416667,1011.3874999999999,0.0,0.0
2017-08-29,37.743065,-122.169935,10.5,0.029,54.0,Oakland,17.21249975,80.02829754166667,10.8997562125,1011.4375,0.0,18.25
2017-08-30,37.743065,-122.169935,5.7,0.02,32.0,Oakland,16.47708325,81.27473779166667,10.232446925,1012.1875,0.0,21.833333333333332
2017-08-31,37.743065,-122.169935,16.6,0.041,65.0,Oakland,18.89374975,75.70113004166667,8.2528206,1010.5083333333333,0.0,5.0
2017-09-01,37.743065,-122.169935,39.9,0.1,112.0,Oakland,27.393749416666665,38.08001325,7.140714354166666,1008.6541666666667,0.0,0.0
2017-09-02,37.743065,-122.169935,32.4,0.086,94.0,Oakland,30.206249333333332,26.917345708333333,8.198229445833332,1008.7875,0.0,0.375
2017-09-03,37.743065,-122.169935,44.6,0.053,123.0,Oakland,28.08541620833333,37.18084616666667,8.442675516666666,1010.4166666666666,0.0,6.041666666666667
2017-09-04,37.743065,-122.169935,52.2,0.04,142.0,Oakland,23.768749416666665,59.30163029166667,8.721723245833333,1010.4291666666667,0.0,35.541666666666664
2017-09-05,37.743065,-122.169935,12.6,0.031,58.0,Oakland,22.697916208333336,76.17026866666667,11.762544437499999,1012.9583333333334,0.0,40.875
2017-09-06,37.743065,-122.169935,13.0,0.028,58.0,Oakland,19.920832541666666,84.14598966666667,11.479381295833333,1014.8125,0.0,45.458333333333336
2017-09-07,37.743065,-122.169935,10.9,0.028,54.0,Oakland,20.302082791666667,77.80592404166667,12.2995249,1014.35,0.008333333333333333,66.875
2017-09-08,37.743065,-122.169935,7.6,0.028,42.0,Oakland,18.74374908333333,85.37924358333333,10.62045285,1012.8125,0.0,73.33333333333333
2017-09-09,37.743065,-122.169935,11.5,0.029,55.0,Oakland,18.462499333333334,83.900570625,9.790537379166667,1014.0708333333333,0.0,65.08333333333333
2017-09-10,37.743065,-122.169935,13.3,0.059,59.0,Oakland,22.024999124999997,72.99223612499999,7.2639261,1014.3458333333333,0.0,0.7083333333333334
2017-09-11,37.743065,-122.169935,11.4,0.036,55.0,Oakland,23.91041625,57.77138866666667,8.2991246,1011.7958333333332,0.0,80.08333333333333
2017-09-12,37.743065,-122.169935,8.7,0.038,48.0,Oakland,22.160415916666665,69.44422645833333,7.6969412125000005,1012.0666666666666,0.09583333333333333,57.333333333333336
2017-09-13,37.743065,-122.169935,2.5,0.029,14.0,Oakland,19.524999249999997,82.7284455,14.858425104166665,1011.4708333333333,0.029166666666666664,66.20833333333333
2017-09-14,37.743065,-122.169935,8.9,0.029,49.0,Oakland,17.829165999999997,79.8651955,16.120734625,1011.2083333333334,0.0,68.45833333333333
2017-09-15,37.743065,-122.169935,8.4,0.033,47.0,Oakland,16.931249791666666,73.94393866666667,12.538262804166665,1013.0625,0.0,2.875
2017-09-16,37.743065,-122.169935,13.5,0.032,59.0,Oakland,17.022916499999997,80.65000779166667,8.334596841666666,1013.1458333333334,0.0,42.125
2017-09-17,37.743065,-122.169935,11.8,0.032,56.0,Oakland,16.89999975,77.847786,10.746063654166667,1013.3458333333333,0.0,19.583333333333332
2017-09-18,37.743065,-122.169935,3.0,0.031,17.0,Oakland,17.92291595833333,87.413796375,14.683348637499998,1014.1916666666666,0.012500000000000002,79.375
2017-09-19,37.743065,-122.169935,5.0,0.033,28.0,Oakland,17.204166541666666,71.209002625,14.596291020833334,1015.5333333333333,0.0,39.75
2017-09-20,37.743065,-122.169935,4.2,0.032,23.0,Oakland,17.539583041666667,78.71855770833334,10.867483054166668,1014.2375000000001,0.016666666666666666,35.958333333333336
2017-09-21,37.743065,-122.169935,3.6,0.031,20.0,Oakland,16.035416458333334,72.5797725,17.8835876875,1011.7875,0.0,21.916666666666668
2017-09-22,37.743065,-122.169935,5.2,0.03,29.0,Oakland,15.439583333333333,72.20664991666666,11.4100324625,1012.5916666666667,0.0,15.916666666666666
2017-09-23,37.743065,-122.169935,6.9,0.03,38.0,Oakland,16.97916675,63.096121708333335,8.271461458333333,1012.4041666666667,0.0,0.6666666666666666
2017-09-24,37.743065,-122.169935,9.3,0.033,51.0,Oakland,18.16249995833333,52.72715508333334,7.527507212500001,1013.1458333333334,0.0,17.0
2017-09-25,37.743065,-122.169935,8.0,0.038,44.0,Oakland,19.360416208333334,49.96604825,6.831255550000001,1013.3916666666668,0.0,23.416666666666668
2017-09-26,37.743065,-122.169935,5.8,0.04,32.0,Oakland,21.433332958333335,42.309748479166664,6.370380704166667,1010.3916666666668,0.0,10.916666666666666
2017-09-27,37.743065,-122.169935,8.5,0.047,47.0,Oakland,22.902082833333335,37.457392166666665,7.173644608333333,1010.3458333333333,0.0,0.0
2017-09-28,37.743065,-122.169935,9.1,0.029,51.0,Oakland,21.979165999999996,40.02161758333333,7.196499904166667,1013.3958333333334,0.0,21.583333333333332
2017-09-29,37.743065,-122.169935,7.2,0.03,40.0,Oakland,16.762499708333333,82.00479316666666,9.210118704166666,1014.9875000000001,0.0,73.54166666666667
2017-09-30,37.743065,-122.169935,10.2,0.031,53.0,Oakland,16.854166625,82.28948208333334,12.292101041666667,1014.5500000000001,0.0,63.75
2017-10-01,37.743065,-122.169935,8.7,0.033,48.0,Oakland,17.547916291666667,73.08726875,8.382073507083334,1013.4708333333333,0.0,61.916666666666664
2017-10-02,37.743065,-122.169935,7.6,0.033,42.0,Oakland,17.347916541666667,47.19441754166667,9.990316933333334,1010.4458333333333,0.0,8.125
2017-10-03,37.743065,-122.169935,10.4,0.027,53.0,Oakland,14.997916583333334,70.84513224999999,9.020387745833334,1008.8083333333334,0.0,3.875
2017-10-04,37.743065,-122.169935,9.2,0.028,51.0,Oakland,16.616666583333334,58.860300333333335,7.099244629166667,1016.4583333333334,0.0,0.08333333333333333
2017-10-05,37.743065,-122.169935,8.7,0.032,48.0,Oakland,17.208333041666666,59.691736541666664,7.614878720833333,1016.65,0.0,0.08333333333333333
2017-10-06,37.743065,-122.169935,7.5,0.036,42.0,Oakland,18.90208279166667,40.664273375,6.819860233333333,1016.0041666666666,0.0,0.0
2017-10-07,37.743065,-122.169935,9.9,0.036,52.0,Oakland,18.841666,46.10696220833333,7.717727466666666,1013.7333333333332,0.0,12.5
2017-10-08,37.743065,-122.169935,10.9,0.037,54.0,Oakland,16.737499833333334,71.17677145833333,7.4811421041666675,1009.625,0.0,0.6666666666666666
2017-10-09,37.743065,-122.169935,19.3,0.044,70.0,Oakland,20.75833270833333,18.364669312500002,13.87197495,1010.5749999999999,0.0,0.0
2017-10-10,37.743065,-122.169935,20.9,0.045,73.0,Oakland,18.410416416666667,45.50662358333333,7.847600533333334,1013.5666666666666,0.0,14.125
2017-10-11,37.743065,-122.169935,44.6,0.033,123.0,Oakland,15.297916541666666,70.30474004166666,8.780327295833333,1013.5083333333333,0.0,36.583333333333336
2017-10-12,37.743065,-122.169935,57.6,0.043,152.0,Oakland,14.758333166666667,51.471825,8.376332032083333,1017.2541666666666,0.0,1.625
2017-10-13,37.743065,-122.169935,70.2,0.049,161.0,Oakland,15.060416625,56.85402495833333,6.2706940825,1018.6750000000001,0.0,0.0
2017-10-14,37.743065,-122.169935,28.0,0.04,86.0,Oakland,16.193749791666665,49.667027125000004,8.457705641666667,1018.9166666666666,0.0,0.0
2017-10-15,37.743065,-122.169935,10.5,0.053,54.0,Oakland,19.697916291666665,27.8132425,10.788429362499999,1018.4875000000001,0.0,48.25
2017-10-16,37.743065,-122.169935,18.9,0.034,69.0,Oakland,20.097916583333333,34.32824358333333,6.174682475,1019.3125,0.0,47.416666666666664
2017-10-17,37.743065,-122.169935,26.0,0.031,82.0,Oakland,20.014582833333332,32.291014041666664,5.712668408333333,1018.0124999999999,0.0,77.75
2017-10-18,37.743065,-122.169935,14.5,0.027,61.0,Oakland,14.231249958333335,75.4923995,7.187625879166667,1017.475,0.0,56.5
2017-10-19,37.743065,-122.169935,3.4,0.033,19.0,Oakland,14.091666625,83.21911270833333,11.858750604166666,1015.7583333333333,0.0,73.5
2017-10-20,37.743065,-122.169935,3.4,0.033,19.0,Oakland,14.091666625,83.21911270833333,11.858750604166666,1015.7583333333333,0.0,73.5
2017-10-21,37.743065,-122.169935,5.9,0.031,33.0,Oakland,12.756250083333333,76.58952925,9.364219941666667,1022.5749999999999,0.0,51.125
2017-10-22,37.743065,-122.169935,6.5,0.025,36.0,Oakland,14.404166333333334,82.60437258333333,7.1869709375,1026.2749999999999,0.0,2.0
2017-10-23,37.743065,-122.169935,4.1,0.032,23.0,Oakland,18.341666666666665,64.420981375,6.402104908333333,1023.6916666666666,0.0,0.0
2017-10-24,37.743065,-122.169935,3.8,0.034,21.0,Oakland,22.889582625,48.599414333333335,9.446455941666667,1020.2333333333332,0.0,8.333333333333334
2017-10-25,37.743065,-122.169935,12.0,0.041,56.0,Oakland,22.11041625,50.03733495833333,5.705794595833333,1015.7208333333333,0.0,5.166666666666667
2017-10-26,37.743065,-122.169935,14.0,0.038,60.0,Oakland,21.529166291666666,53.52038183333334,4.533680891666667,1011.5541666666667,0.0,0.0
2017-10-27,37.743065,-122.169935,12.8,0.042,58.0,Oakland,21.020832625,51.61329545833333,5.642371937499999,1013.7416666666667,0.0,2.1666666666666665
2017-10-28,37.743065,-122.169935,12.7,0.025,58.0,Oakland,16.831249875,75.89633933333333,6.346203729166667,1013.4499999999999,0.0,3.4166666666666665
2017-10-29,37.743065,-122.169935,12.2,0.035,57.0,Oakland,13.860416791666665,89.226472375,6.682918895833333,1012.6416666666668,0.0,67.91666666666667
2017-10-30,37.743065,-122.169935,7.1,0.036,39.0,Oakland,13.333333375,85.41883250000001,15.108668450000001,1011.4250000000001,0.0,76.75
2017-10-31,37.743065,-122.169935,8.5,0.032,47.0,Oakland,13.939583291666667,75.28626570833333,9.797537316666666,1012.0124999999999,0.0,47.708333333333336
2017-11-01,37.743065,-122.169935,9.2,0.031,51.0,Oakland,13.552083416666667,82.31819416666667,6.978590415416666,1014.1,0.0,21.541666666666668
2017-11-02,37.743065,-122.169935,10.2,0.035,53.0,Oakland,13.841666541666667,80.48256183333334,4.912640229166667,1015.0416666666666,0.0,8.125
2017-11-03,37.743065,-122.169935,7.2,0.031,40.0,Oakland,15.5229165,70.67082929166666,9.773346345833334,1016.2291666666666,0.125,78.91666666666667
2017-11-04,37.743065,-122.169935,5.1,0.037,28.0,Oakland,14.368750166666667,78.9333095,9.838869483333333,1016.0041666666666,0.25,80.83333333333333
2017-11-05,37.743065,-122.169935,6.0,0.035,33.0,Oakland,11.650000125,63.044817375,13.959204270833332,1019.1875,0.0,17.583333333333332
2017-11-06,37.743065,-122.169935,6.5,0.032,36.0,Oakland,12.210416833333333,74.0797045,7.569175983333333,1020.1416666666668,0.0,11.625
2017-11-07,37.743065,-122.169935,7.0,0.029,39.0,Oakland,12.610416625,61.502411708333334,9.498157625,1019.9291666666667,0.0,4.875
2017-11-08,37.743065,-122.169935,6.0,0.025,33.0,Oakland,13.99375,62.39381645833333,8.009775883333333,1016.4916666666667,0.13333333333333333,86.58333333333333
2017-11-09,37.743065,-122.169935,3.9,0.033,22.0,Oakland,15.539583291666666,87.51957833333334,13.264258604166665,1014.6666666666666,0.8500000000000001,87.375
2017-11-10,37.743065,-122.169935,9.7,0.029,52.0,Oakland,14.260416999999999,89.09485170833334,6.334674933333333,1017.4625,0.03333333333333333,81.5
2017-11-11,37.743065,-122.169935,6.7,0.031,37.0,Oakland,13.731250125,91.56492170833333,4.453894483333333,1018.5166666666668,0.020833333333333332,77.70833333333333
2017-11-12,37.743065,-122.169935,7.1,0.033,39.0,Oakland,13.183333499999998,84.68739916666667,5.390266933333333,1019.1208333333334,0.0,59.708333333333336
2017-11-13,37.743065,-122.169935,4.1,0.028,23.0,Oakland,14.229166708333333,79.52018333333334,7.771539779166666,1021.35,0.03333333333333333,38.333333333333336
2017-11-14,37.743065,-122.169935,5.7,0.025,32.0,Oakland,14.202083333333334,82.84659629166667,7.795681845833333,1022.9458333333333,0.125,68.29166666666667
2017-11-15,37.743065,-122.169935,4.7,0.029,26.0,Oakland,13.168750083333334,67.85615266666666,6.040687345833334,1018.0208333333334,0.0,77.16666666666667
2017-11-16,37.743065,-122.169935,3.5,0.029,19.0,Oakland,14.668750208333334,85.10595104166667,12.686890575,1012.35,1.3583333333333334,95.04166666666667
2017-11-17,37.743065,-122.169935,4.5,0.033,25.0,Oakland,13.231250166666667,80.72342029166667,8.932345145833333,1017.4583333333334,0.041666666666666664,51.291666666666664
2017-11-18,37.743065,-122.169935,6.2,0.023,34.0,Oakland,9.979166908333333,63.266073125,6.775193108333333,1022.7458333333334,0.0,11.291666666666666
2017-11-19,37.743065,-122.169935,12.7,0.017,58.0,Oakland,10.027083391666666,79.88814816666667,4.921872244583334,1020.8833333333333,0.0,71.25
2017-11-20,37.743065,-122.169935,13.9,0.014,60.0,Oakland,13.806250041666667,77.88610762500001,5.700437141666666,1018.5875,0.004166666666666667,97.375
2017-11-21,37.743065,-122.169935,12.3,0.019,57.0,Oakland,15.639583166666666,80.736557375,10.937297266666667,1019.8458333333333,0.0,80.54166666666667
2017-11-22,37.743065,-122.169935,19.0,0.015,69.0,Oakland,15.366666833333333,82.501475125,8.972789916666667,1019.7666666666668,0.0,51.333333333333336
2017-11-23,37.743065,-122.169935,18.6,0.005,69.0,Oakland,15.85208325,86.580399375,4.436714283333333,1019.725,0.0,93.125
2017-11-24,37.743065,-122.169935,9.7,0.018,52.0,Oakland,15.631249958333333,93.91616179166665,3.6060597,1018.8916666666668,0.0,86.25
2017-11-25,37.743065,-122.169935,9.1,0.016,51.0,Oakland,16.168749875,82.80889729166667,8.424139404166667,1015.1291666666667,0.0,82.25
2017-11-26,37.743065,-122.169935,5.4,0.037,30.0,Oakland,16.408333250000002,82.124655125,11.892179583333332,1014.9166666666666,0.3833333333333333,99.54166666666667
2017-11-27,37.743065,-122.169935,6.0,0.032,33.0,Oakland,12.775000083333333,80.89118329166666,12.040488725000001,1016.5458333333332,0.5416666666666666,58.125
2017-11-28,37.743065,-122.169935,6.8,0.016,38.0,Oakland,10.329166820833333,80.92083179166666,4.710695095833334,1020.6291666666666,0.0,34.625
2017-11-29,37.743065,-122.169935,6.3,0.023,35.0,Oakland,10.960416712499999,76.352813875,5.6168886124999995,1020.5875,0.0,9.666666666666666
2017-11-30,37.743065,-122.169935,7.6,0.018,42.0,Oakland,10.810416679166666,66.40079991666666,6.616774783333334,1020.775,0.0,22.25
2017-12-01,37.743065,-122.169935,13.1,0.008,58.0,Oakland,11.279166850000001,76.86652091666666,4.473705983333333,1019.4166666666666,0.0,55.625
2017-12-02,37.743065,-122.169935,21.3,0.023,74.0,Oakland,9.925000041666665,85.11531683333332,4.7628581458333334,1017.4499999999999,0.0,94.25
2017-12-03,37.743065,-122.169935,5.3,0.031,29.0,Oakland,11.735416833333332,77.023714375,9.278415274166667,1019.3125,0.024999999999999998,45.833333333333336
2017-12-04,37.743065,-122.169935,2.5,0.035,14.0,Oakland,10.235416920833332,49.753463333333336,13.100258912500001,1021.7333333333332,0.0,2.7916666666666665
2017-12-05,37.743065,-122.169935,5.8,0.03,32.0,Oakland,11.625000083333333,36.160291875,18.164330320833333,1022.8083333333334,0.0,0.0
2017-12-06,37.743065,-122.169935,11.0,0.031,55.0,Oakland,10.352083604166667,52.94502175,8.814000375,1024.6083333333333,0.0,0.0
2017-12-07,37.743065,-122.169935,7.2,0.029,40.0,Oakland,12.602083416666666,46.725906375,13.264365249999999,1026.8374999999999,0.0,0.0
2017-12-08,37.743065,-122.169935,15.8,0.03,63.0,Oakland,10.38333345,53.712946875,7.522811695833333,1029.5583333333334,0.0,74.08333333333333
2017-12-09,37.743065,-122.169935,13.5,0.029,59.0,Oakland,11.2958333,55.762864416666666,9.531396045833334,1026.5375000000001,0.0,84.875
2017-12-10,37.743065,-122.169935,11.2,0.029,55.0,Oakland,12.233333333333334,54.226788625000005,12.000340125000001,1024.575,0.0,26.083333333333332
2017-12-11,37.743065,-122.169935,13.5,0.02,59.0,Oakland,13.106250125,50.749605374999994,11.898213158333334,1024.0916666666667,0.0,65.75
2017-12-12,37.743065,-122.169935,9.5,0.019,52.0,Oakland,10.5479167625,52.03346308333334,7.3181379416666665,1025.8333333333333,0.0,36.166666666666664
2017-12-13,37.743065,-122.169935,13.2,0.018,59.0,Oakland,9.050000083333334,60.688021875,6.073740791666666,1021.275,0.0,6.458333333333333
2017-12-14,37.743065,-122.169935,16.8,0.023,65.0,Oakland,10.539583237499999,57.71342683333333,5.710411779166667,1018.5541666666667,0.0,35.291666666666664
2017-12-15,37.743065,-122.169935,16.8,0.023,65.0,Oakland,10.539583237499999,57.71342683333333,5.710411779166667,1018.5541666666667,0.0,35.291666666666664
2017-12-16,37.743065,-122.169935,8.4,0.034,47.0,Oakland,11.420833375,65.52465466666666,13.419768275000001,1015.4875000000001,0.0,41.708333333333336
2017-12-17,37.743065,-122.169935,6.0,0.033,33.0,Oakland,12.370833458333331,29.390493458333335,14.165778058333332,1015.4666666666667,0.0,18.333333333333332
2017-12-18,37.743065,-122.169935,17.3,0.018,66.0,Oakland,10.087500229166666,49.960789291666664,5.280211854166667,1020.4125,0.0,28.958333333333332
2017-12-19,37.743065,-122.169935,13.6,0.031,59.0,Oakland,9.500000083333333,61.392755375,6.137375716666667,1021.725,0.0,46.458333333333336
2017-12-20,37.743065,-122.169935,5.7,0.031,32.0,Oakland,10.497916791666666,77.927243875,13.054227666666668,1021.8958333333334,0.09166666666666667,53.458333333333336
2017-12-21,37.743065,-122.169935,6.3,0.031,35.0,Oakland,8.118750166666667,57.60454295833333,10.0765776875,1023.9208333333332,0.0,5.0
2017-12-22,37.743065,-122.169935,18.0,0.023,68.0,Oakland,6.8166668249999995,52.73582995833333,4.5356167125,1025.5,0.0,55.583333333333336
2017-12-23,37.743065,-122.169935,28.3,0.023,87.0,Oakland,8.4166667625,62.04664954166666,8.348042900000001,1025.25,0.0,97.70833333333333
2017-12-24,37.743065,-122.169935,24.2,0.012,79.0,Oakland,8.872916783333332,61.79046845833333,7.060947908333333,1022.6416666666668,0.0,94.375
2017-12-25,37.743065,-122.169935,20.3,0.017,72.0,Oakland,10.2687500125,56.485629875,6.400894154166667,1021.9541666666668,0.0,92.66666666666667
2017-12-26,37.743065,-122.169935,12.8,0.011,58.0,Oakland,9.906250191666667,59.749219833333335,4.8592281250000005,1021.9625,0.0,48.25
2017-12-27,37.743065,-122.169935,16.4,0.005,65.0,Oakland,9.10416675,81.94587525,4.620552216666667,1024.9624999999999,0.0,40.791666666666664
2017-12-28,37.743065,-122.169935,15.0,0.015,62.0,Oakland,8.962500070833334,80.38274241666666,4.4455770249999995,1024.0916666666667,0.0,47.125
2017-12-29,37.743065,-122.169935,25.6,0.007,82.0,Oakland,11.145833458333334,73.64421391666666,8.774306479166667,1021.5833333333334,0.0,93.0
2017-12-30,37.743065,-122.169935,35.5,0.01,101.0,Oakland,9.9562499625,76.780903375,6.053896908333333,1019.7916666666666,0.0,96.29166666666667
2017-12-31,37.743065,-122.169935,35.5,0.01,101.0,Oakland,9.9562499625,76.780903375,6.053896908333333,1019.7916666666666,0.0,96.29166666666667
2018-01-01,37.743065,-122.169935,27.1,0.015,85.0,Oakland,10.5083335625,87.161685125,4.315200975,1021.9083333333333,0.0,74.54166666666667
2018-01-02,37.743065,-122.169935,22.2,0.01,75.0,Oakland,12.40625,64.112439625,6.516439325,1021.35,0.0,97.25
2018-01-03,37.743065,-122.169935,30.4,0.015,91.0,Oakland,12.493750291666666,59.86943887499999,9.955597016666667,1017.8833333333333,0.029166666666666664,97.58333333333333
2018-01-04,37.743065,-122.169935,12.4,0.016,57.0,Oakland,13.841666666666667,84.07838754166666,10.369250520833333,1017.275,0.2708333333333333,72.58333333333333
2018-01-05,37.743065,-122.169935,4.5,0.021,25.0,Oakland,14.635416791666666,91.19926895833333,10.986073333333332,1020.5833333333334,0.24166666666666667,80.45833333333333
2018-01-06,37.743065,-122.169935,9.8,0.027,52.0,Oakland,11.789583541666666,92.174813875,6.342134916666667,1022.9125,0.17916666666666667,79.875
2018-01-07,37.743065,-122.169935,11.5,0.009,55.0,Oakland,9.693750245833334,88.49661104166667,5.259521416666667,1021.0,0.0,69.91666666666667
2018-01-08,37.743065,-122.169935,6.0,0.011,33.0,Oakland,11.883333583333332,90.53881558333332,10.224622783333333,1013.0875,0.8125,99.79166666666667
2018-01-09,37.743065,-122.169935,5.6,0.021,31.0,Oakland,13.583333625,92.47670045833333,11.474008104166666,1002.8458333333333,0.875,99.66666666666667
2018-01-10,37.743065,-122.169935,8.7,0.02,48.0,Oakland,11.102083416666666,85.88712329166667,11.374147695833335,1016.1791666666667,0.004166666666666667,82.58333333333333
2018-01-11,37.743065,-122.169935,13.1,0.015,58.0,Oakland,11.972916875000001,91.19671949999999,3.9928338833333332,1024.8,0.0,81.5
2018-01-12,37.743065,-122.169935,10.5,0.013,54.0,Oakland,11.629166833333334,91.44390395833334,5.4940775875000005,1027.2208333333333,0.0,65.95833333333333
2018-01-13,37.743065,-122.169935,12.8,0.017,58.0,Oakland,11.181250125,84.22418416666666,10.442863966666666,1024.0333333333333,0.0,65.33333333333333
2018-01-14,37.743065,-122.169935,21.5,0.011,74.0,Oakland,12.733333416666667,79.32278225,13.200002191666668,1020.7833333333333,0.0,90.58333333333333
2018-01-15,37.743065,-122.169935,26.3,0.008,83.0,Oakland,11.560417,79.93784775,6.418150683333334,1019.3874999999999,0.0,98.125
2018-01-16,37.743065,-122.169935,17.5,0.012,67.0,Oakland,13.362500124999999,83.82948525,5.7120846875,1021.6458333333334,0.16666666666666666,97.75
2018-01-17,37.743065,-122.169935,20.6,0.008,72.0,Oakland,12.954166749999999,90.46225133333333,6.841625733333333,1023.2541666666666,0.0,88.08333333333333
2018-01-18,37.743065,-122.169935,13.5,0.03,59.0,Oakland,12.272916875,91.07686229166667,7.621959683333333,1020.4833333333332,0.041666666666666664,93.25
2018-01-19,37.743065,-122.169935,5.9,0.032,33.0,Oakland,10.983333625,83.25614416666666,10.254496125000001,1019.0541666666667,0.11666666666666665,62.333333333333336
2018-01-20,37.743065,-122.169935,8.4,0.027,47.0,Oakland,8.131250183333334,76.19642616666667,9.635778358333333,1020.2458333333334,0.0,13.375
2018-01-21,37.743065,-122.169935,9.5,0.032,52.0,Oakland,8.639583445833333,82.71424229166666,4.936393579166666,1025.8833333333334,0.0,56.166666666666664
2018-01-22,37.743065,-122.169935,10.4,0.028,53.0,Oakland,11.439583416666666,81.80700058333333,10.581484170833333,1026.7291666666667,0.3666666666666667,92.75
2018-01-23,37.743065,-122.169935,8.8,0.019,49.0,Oakland,10.235416904166668,84.032139375,8.869752766666666,1025.45,0.0,75.875
2018-01-24,37.743065,-122.169935,9.2,0.031,51.0,Oakland,10.297916791666667,83.16017920833333,9.353492758333333,1020.2541666666666,0.020833333333333332,93.20833333333333
2018-01-25,37.743065,-122.169935,7.6,0.03,42.0,Oakland,9.360416866666666,82.594101125,10.818537237500001,1018.275,0.75,54.25
2018-01-26,37.743065,-122.169935,9.0,0.023,50.0,Oakland,8.266666925,84.814108875,6.03355394875,1025.2041666666667,0.0375,32.625
2018-01-27,37.743065,-122.169935,8.9,0.022,49.0,Oakland,8.337500175,79.44411816666667,5.8010955583333335,1029.3875,0.0,68.33333333333333
2018-01-28,37.743065,-122.169935,6.7,0.026,37.0,Oakland,11.3333333625,75.11950654166667,9.103207408333333,1027.8500000000001,0.0,23.375
2018-01-29,37.743065,-122.169935,14.6,0.02,61.0,Oakland,12.831249958333332,67.39993954166667,11.175006600000001,1023.8000000000001,0.0,96.75
2018-01-30,37.743065,-122.169935,12.8,0.009,58.0,Oakland,10.922916683333334,80.32307066666667,6.9364475625,1021.025,0.0,25.083333333333332
2018-01-31,37.743065,-122.169935,11.6,0.015,56.0,Oakland,12.614583283333333,82.11740595833334,3.8134171625,1018.85,0.0,41.458333333333336
2018-02-01,37.743065,-122.169935,11.1,0.01,55.0,Oakland,13.231250000000001,68.09544604166666,3.942128808333333,1018.4499999999999,0.0,86.0
2018-02-02,37.743065,-122.169935,7.0,0.023,39.0,Oakland,14.758333333333333,68.079735875,6.203189883333334,1020.5375,0.0,55.75
2018-02-03,37.743065,-122.169935,7.5,0.032,42.0,Oakland,15.377083166666665,65.09895658333333,7.738135508333333,1020.5375,0.0,16.166666666666668
2018-02-04,37.743065,-122.169935,11.4,0.024,55.0,Oakland,15.491666416666666,69.56545983333334,6.726037412499999,1019.2083333333334,0.0,53.416666666666664
2018-02-05,37.743065,-122.169935,10.3,0.015,53.0,Oakland,14.493749916666665,77.81342408333333,4.013941991666667,1017.475,0.0,28.208333333333332
2018-02-06,37.743065,-122.169935,7.2,0.034,40.0,Oakland,15.004166333333332,62.02511895833334,5.639139408333333,1016.7208333333333,0.0,0.125
2018-02-07,37.743065,-122.169935,11.9,0.039,56.0,Oakland,14.025000041666667,61.59931195833334,6.831494312499999,1021.3833333333333,0.0,1.125
2018-02-08,37.743065,-122.169935,19.3,0.019,70.0,Oakland,14.252083375,72.57663225,4.476962975,1023.1666666666666,0.0,0.0
2018-02-09,37.743065,-122.169935,11.7,0.019,56.0,Oakland,15.231249749999998,65.01847016666666,4.432571529166666,1018.7375000000001,0.0,9.625
2018-02-10,37.743065,-122.169935,8.8,0.033,49.0,Oakland,14.58333325,73.45525366666666,5.143755729166666,1014.8541666666666,0.0,29.208333333333332
2018-02-11,37.743065,-122.169935,7.0,0.032,39.0,Oakland,11.018750033333333,48.537002,11.261326062499998,1013.8208333333333,0.0,29.291666666666668
2018-02-12,37.743065,-122.169935,5.5,0.029,31.0,Oakland,9.7166667875,72.71559554166667,11.984053216666666,1011.4,0.0,20.791666666666668
2018-02-13,37.743065,-122.169935,4.6,0.029,26.0,Oakland,10.345833416666666,49.78736945833333,10.387932453333333,1017.2833333333333,0.0,1.6666666666666667
2018-02-14,37.743065,-122.169935,8.0,0.033,44.0,Oakland,10.043750095833333,58.43071275,6.143720125000001,1021.9375,0.0,20.416666666666668
2018-02-15,37.743065,-122.169935,5.5,0.03,31.0,Oakland,10.222916829166666,65.12450112500001,11.710448900000001,1023.3333333333334,0.0,1.5833333333333333
2018-02-16,37.743065,-122.169935,8.2,0.023,46.0,Oakland,10.606250183333334,55.711264625000005,5.696515304166667,1024.5625,0.0,2.0833333333333335
2018-02-17,37.743065,-122.169935,8.4,0.028,47.0,Oakland,11.352083575,62.81744545833333,6.593905041666667,1021.275,0.0,0.0
2018-02-18,37.743065,-122.169935,6.0,0.04,33.0,Oakland,11.079166791666665,79.46451816666666,16.544702295833332,1016.8125,0.0,14.25
2018-02-19,37.743065,-122.169935,6.6,0.035,37.0,Oakland,7.452083591666667,58.16825095833334,19.812318979166665,1015.2333333333332,0.0,8.541666666666666
2018-02-20,37.743065,-122.169935,6.7,0.03,37.0,Oakland,6.2687501125,56.595195958333335,9.4775090125,1021.3666666666667,0.008333333333333333,11.083333333333334
2018-02-21,37.743065,-122.169935,7.8,0.033,43.0,Oakland,7.2104167708333335,67.38795329166668,7.125970008333333,1022.5500000000001,0.008333333333333333,43.375
2018-02-22,37.743065,-122.169935,5.2,0.037,29.0,Oakland,8.529166791666666,66.518980875,16.691451675,1022.9666666666667,0.008333333333333333,11.0
2018-02-23,37.743065,-122.169935,6.5,0.034,36.0,Oakland,6.5937501,57.276661708333336,15.114874441666666,1025.3166666666666,0.016666666666666666,2.125
2018-02-24,37.743065,-122.169935,8.4,0.036,47.0,Oakland,7.3562501000000005,69.71232804166667,11.6555959875,1029.1291666666666,0.0,20.333333333333332
2018-02-25,37.743065,-122.169935,9.2,0.036,51.0,Oakland,7.327083433333333,80.37565270833333,8.3551164875,1026.8583333333333,0.0,29.583333333333332
2018-02-26,37.743065,-122.169935,7.4,0.036,41.0,Oakland,9.027083416666667,80.004584375,15.403740333333333,1019.5375,0.32083333333333336,64.70833333333333
2018-02-27,37.743065,-122.169935,7.7,0.037,43.0,Oakland,7.508333425,64.188118375,9.115462991666666,1014.6875,0.14166666666666666,39.291666666666664
2018-02-28,37.743065,-122.169935,6.0,0.032,33.0,Oakland,8.254166908333334,65.92802379166666,10.279785779166668,1020.6416666666668,0.004166666666666667,39.791666666666664
2018-03-01,37.743065,-122.169935,4.6,0.04,26.0,Oakland,10.650000166666667,86.98579166666667,20.168770029166666,1015.6374999999999,1.0458333333333334,93.125
2018-03-02,37.743065,-122.169935,4.4,0.037,24.0,Oakland,8.939583504166666,76.24274875,16.4701136875,1012.7291666666666,0.42083333333333334,62.875
2018-03-03,37.743065,-122.169935,5.5,0.039,31.0,Oakland,7.383333458333333,82.71922625,11.031095145833334,1015.3958333333334,0.5750000000000001,62.25
2018-03-04,37.743065,-122.169935,5.5,0.036,31.0,Oakland,7.416666741666667,79.10996616666667,8.608917829166666,1022.65,0.1625,38.458333333333336
2018-03-05,37.743065,-122.169935,5.6,0.035,31.0,Oakland,8.110416725,66.720889875,7.916231933333333,1026.1416666666667,0.0,4.666666666666667
2018-03-06,37.743065,-122.169935,7.3,0.029,41.0,Oakland,11.518749891666666,56.72957329166667,9.093273379166666,1020.4916666666667,0.0,72.75
2018-03-07,37.743065,-122.169935,8.6,0.041,48.0,Oakland,12.52916675,66.52149683333333,6.855716020833333,1017.1416666666668,0.0,93.41666666666667
2018-03-08,37.743065,-122.169935,3.9,0.028,22.0,Oakland,13.706250124999999,68.100148875,7.8812755625,1018.5875,0.004166666666666667,79.95833333333333
2018-03-09,37.743065,-122.169935,11.6,0.026,56.0,Oakland,12.037500083333333,89.76854745833333,5.911327745833333,1017.6916666666666,0.0,98.125
2018-03-10,37.743065,-122.169935,14.4,0.014,61.0,Oakland,11.889583583333334,93.31204904166667,5.003794958333334,1014.7624999999999,0.020833333333333332,100.0
2018-03-11,37.743065,-122.169935,13.5,0.022,59.0,Oakland,12.010416833333332,90.78303262499999,4.6229077541666665,1016.8208333333333,0.004166666666666667,38.458333333333336
2018-03-12,37.743065,-122.169935,6.3,0.021,35.0,Oakland,14.577083166666666,82.53904829166667,5.738479712499999,1017.6541666666667,0.008333333333333333,61.0
2018-03-13,37.743065,-122.169935,2.7,0.036,15.0,Oakland,15.004166875000001,87.97299783333334,15.706220250000001,1013.2791666666667,1.0,90.33333333333333
2018-03-14,37.743065,-122.169935,3.4,0.041,19.0,Oakland,10.729166958333332,83.97915379166666,12.0730752,1014.6166666666667,0.5166666666666667,71.91666666666667
2018-03-15,37.743065,-122.169935,5.2,0.039,29.0,Oakland,9.389583504166668,78.83990620833333,13.581846720833333,1016.4125,0.11666666666666665,42.75
2018-03-16,37.743065,-122.169935,4.0,0.038,22.0,Oakland,9.916666833333332,83.64516316666666,16.639324770833333,1013.2458333333334,1.0,66.875
2018-03-17,37.743065,-122.169935,5.3,0.038,29.0,Oakland,8.804166808333333,78.79615854166667,9.811150654166667,1015.0833333333334,0.2625,62.041666666666664
2018-03-18,37.743065,-122.169935,7.6,0.029,42.0,Oakland,8.604166904166666,80.71516720833334,4.8562219749999995,1020.4916666666667,0.0,49.625
2018-03-19,37.743065,-122.169935,4.6,0.035,26.0,Oakland,10.502083329166666,68.52885304166666,8.295655408333333,1020.6416666666668,0.0,43.208333333333336
2018-03-20,37.743065,-122.169935,6.0,0.026,33.0,Oakland,12.537500125,73.515241625,8.099172841666666,1015.9375,0.3708333333333333,93.79166666666667
2018-03-21,37.743065,-122.169935,1.3,0.031,7.0,Oakland,14.041666791666666,86.92940891666666,11.365397579166666,1010.5500000000001,0.6791666666666667,99.70833333333333
2018-03-22,37.743065,-122.169935,4.0,0.042,22.0,Oakland,13.9833335,87.08772716666668,19.62363158333333,1009.5124999999999,1.3333333333333333,89.33333333333333
2018-03-23,37.743065,-122.169935,4.2,0.041,23.0,Oakland,9.56875015,68.251544625,15.2874611875,1021.2708333333334,0.0,13.333333333333334
2018-03-24,37.743065,-122.169935,3.8,0.045,21.0,Oakland,10.08750025,78.12271408333334,10.966631104166666,1019.4,0.2916666666666667,48.0
2018-03-25,37.743065,-122.169935,4.6,0.039,26.0,Oakland,8.929166862499999,76.07138720833333,11.279547283333335,1020.0208333333334,0.12083333333333333,42.958333333333336
2018-03-26,37.743065,-122.169935,3.9,0.034,22.0,Oakland,10.0083334125,70.47989054166666,11.359334195833334,1021.8833333333333,0.0,9.625
2018-03-27,37.743065,-122.169935,7.2,0.031,40.0,Oakland,12.625000012500001,64.19301329166667,7.443461474166667,1022.9250000000001,0.0,26.833333333333332
2018-03-28,37.743065,-122.169935,8.6,0.033,48.0,Oakland,15.19375,70.818384875,6.283358229166667,1020.9166666666666,0.0,22.0
2018-03-29,37.743065,-122.169935,8.8,0.036,49.0,Oakland,16.733333291666664,65.33662816666667,6.691363179166667,1018.5749999999999,0.0,23.291666666666668
2018-03-30,37.743065,-122.169935,10.7,0.036,54.0,Oakland,17.743749875,67.67487762500001,7.137872875,1017.8249999999999,0.0,47.916666666666664
2018-03-31,37.743065,-122.169935,12.5,0.028,57.0,Oakland,16.74583325,71.46937445833333,6.2233896458333335,1016.9208333333332,0.0,98.91666666666667
2018-04-01,37.743065,-122.169935,11.5,0.037,55.0,Oakland,12.90416675,83.35509233333333,7.357731004166666,1014.9708333333333,0.0,30.458333333333332
2018-04-02,37.743065,-122.169935,9.3,0.035,51.0,Oakland,13.160416750000001,83.31603299999999,8.350227116666668,1012.4666666666667,0.0,32.916666666666664
2018-04-03,37.743065,-122.169935,11.0,0.033,55.0,Oakland,12.218750166666666,83.91953345833333,8.016798745833333,1014.5541666666667,0.0,52.333333333333336
2018-04-04,37.743065,-122.169935,7.1,0.039,39.0,Oakland,12.2645835,81.077243125,9.811466608333333,1017.6166666666667,0.0,92.20833333333333
2018-04-05,37.743065,-122.169935,6.1,0.035,34.0,Oakland,12.31875025,74.08130954166667,7.986497545833333,1019.1291666666666,0.0,94.95833333333333
2018-04-06,37.743065,-122.169935,3.2,0.017,18.0,Oakland,14.385416708333333,89.13941312499999,12.824988325,1015.8416666666667,1.2833333333333334,100.0
2018-04-07,37.743065,-122.169935,10.3,0.039,53.0,Oakland,15.718750041666667,89.36605654166668,17.570769316666667,1014.1374999999999,0.9291666666666667,82.33333333333333
2018-04-08,37.743065,-122.169935,11.0,0.041,55.0,Oakland,12.954166875,84.16955170833333,11.980429658333334,1021.2791666666667,0.008333333333333333,15.458333333333334
2018-04-09,37.743065,-122.169935,10.9,0.032,54.0,Oakland,14.149999874999999,74.01940579166667,6.1462616458333335,1019.3083333333334,0.0,37.0
2018-04-10,37.743065,-122.169935,10.1,0.035,53.0,Oakland,15.808333291666665,77.62583654166666,8.218520875000001,1017.4375,0.0625,96.83333333333333
2018-04-11,37.743065,-122.169935,6.4,0.047,36.0,Oakland,12.489583458333334,81.17524058333333,13.436008966666668,1018.125,0.0,60.916666666666664
2018-04-12,37.743065,-122.169935,7.1,0.048,39.0,Oakland,10.964583458333335,71.50680295833334,19.911709541666667,1021.0375,0.2333333333333333,33.375
2018-04-13,37.743065,-122.169935,8.3,0.037,46.0,Oakland,11.135416791666666,72.77389495833333,11.565572508333332,1028.35,0.0,19.333333333333332
2018-04-14,37.743065,-122.169935,11.8,0.04,56.0,Oakland,13.454166749999999,81.93916595833333,7.518228400000001,1026.4541666666667,0.0,19.833333333333332
2018-04-15,37.743065,-122.169935,7.7,0.045,43.0,Oakland,13.195833541666666,77.271778,12.40205025,1018.1583333333333,0.0,65.54166666666667
2018-04-16,37.743065,-122.169935,3.7,0.045,21.0,Oakland,10.014583458333334,80.08252366666666,15.9762505125,1015.15,0.8416666666666667,68.0
2018-04-17,37.743065,-122.169935,3.8,0.038,21.0,Oakland,9.960416862499999,73.760832875,10.563799475,1023.1291666666666,0.004166666666666667,18.666666666666668
2018-04-18,37.743065,-122.169935,4.2,0.039,23.0,Oakland,11.131250208333334,73.326525125,9.998423608333333,1020.875,0.0,89.875
2018-04-19,37.743065,-122.169935,7.4,0.034,41.0,Oakland,11.112500124999999,76.03654758333333,10.672036704166667,1017.7458333333334,0.0,31.0
2018-04-20,37.743065,-122.169935,11.7,0.035,56.0,Oakland,12.714583416666665,83.77148095833333,8.4317963125,1020.9916666666667,0.0,2.375
2018-04-21,37.743065,-122.169935,13.0,0.038,58.0,Oakland,13.537499833333333,83.120991125,9.1467726,1020.5083333333333,0.0,2.3333333333333335
2018-04-22,37.743065,-122.169935,15.5,0.038,63.0,Oakland,15.043749875000001,83.472125375,7.720517829166667,1016.0791666666668,0.0,37.583333333333336
2018-04-23,37.743065,-122.169935,18.0,0.037,68.0,Oakland,16.1229165,77.54239158333333,7.193005599999999,1014.3083333333334,0.0,42.375
2018-04-24,37.743065,-122.169935,18.0,0.037,68.0,Oakland,16.1229165,77.54239158333333,7.193005599999999,1014.3083333333334,0.0,42.375
2018-04-25,37.743065,-122.169935,12.1,0.041,57.0,Oakland,12.308333625000001,86.84738458333334,11.343236191666668,1017.4,0.0,52.166666666666664
2018-04-26,37.743065,-122.169935,9.7,0.043,52.0,Oakland,11.831250124999999,84.53625245833334,14.686418541666667,1017.375,0.0,53.041666666666664
2018-04-27,37.743065,-122.169935,7.7,0.043,43.0,Oakland,12.897916875,77.38797100000001,15.200269895833335,1018.3583333333332,0.016666666666666666,71.20833333333333
2018-04-28,37.743065,-122.169935,4.9,0.048,27.0,Oakland,13.137500166666667,81.391733625,11.816632670833334,1019.0749999999999,0.041666666666666664,38.5
2018-04-29,37.743065,-122.169935,3.8,0.041,21.0,Oakland,12.785416875000001,79.56053058333333,17.440832,1018.3666666666667,0.012499999999999999,51.875
2018-04-30,37.743065,-122.169935,8.5,0.04,47.0,Oakland,12.545833583333334,83.41299895833333,10.401439745833333,1017.5124999999999,0.0,60.125
2018-05-01,37.743065,-122.169935,10.2,0.038,53.0,Oakland,12.504166791666668,79.67036095833333,9.941932995833334,1012.4333333333334,0.049999999999999996,20.75
2018-05-02,37.743065,-122.169935,9.7,0.037,52.0,Oakland,13.279166833333333,79.54606141666666,13.668262274999998,1013.1,0.0,44.833333333333336
2018-05-03,37.743065,-122.169935,8.1,0.037,45.0,Oakland,12.558333458333331,85.17029908333333,12.38923225,1021.5291666666667,0.0,40.416666666666664
2018-05-04,37.743065,-122.169935,9.1,0.03,51.0,Oakland,12.741666958333333,85.680089125,9.83522165,1023.5208333333334,0.0,75.04166666666667
2018-05-05,37.743065,-122.169935,7.7,0.04,43.0,Oakland,13.327083666666667,83.520448625,10.2816107125,1019.2166666666667,0.0,86.125
2018-05-06,37.743065,-122.169935,3.1,0.036,17.0,Oakland,12.766666916666667,80.84137733333334,16.146665333333335,1018.2083333333334,0.0,78.83333333333333
2018-05-07,37.743065,-122.169935,5.2,0.032,29.0,Oakland,13.766666875,80.90728958333334,9.496428541666667,1019.6999999999999,0.0,35.791666666666664
2018-05-08,37.743065,-122.169935,4.0,0.029,22.0,Oakland,14.110416708333332,83.09215999999999,11.158775562499999,1018.5708333333333,0.0,20.583333333333332
2018-05-09,37.743065,-122.169935,5.2,0.038,29.0,Oakland,13.964583416666665,88.255179625,16.111742791666668,1018.9583333333334,0.0,82.41666666666667
2018-05-10,37.743065,-122.169935,9.8,0.039,52.0,Oakland,14.127083541666666,82.17670504166666,13.296868937500001,1015.6958333333333,0.0,65.58333333333333
2018-05-11,37.743065,-122.169935,11.4,0.035,55.0,Oakland,14.668750083333334,78.424197,10.820267208333334,1011.2624999999999,0.0,77.08333333333333
2018-05-12,37.743065,-122.169935,9.8,0.038,52.0,Oakland,18.979166125,47.34212779166666,12.478599154166666,1009.6875,0.0,0.08333333333333333
2018-05-13,37.743065,-122.169935,8.7,0.039,48.0,Oakland,15.095833249999998,77.75514816666667,13.278888791666667,1014.4166666666666,0.0,30.791666666666668
2018-05-14,37.743065,-122.169935,3.3,0.035,18.0,Oakland,13.691666875000001,77.374931,14.857336604166667,1015.7666666666668,0.0,42.625
2018-05-15,37.743065,-122.169935,1.4,0.035,8.0,Oakland,13.777083249999999,74.18376991666666,15.004933666666666,1016.2291666666666,0.0,56.291666666666664
2018-05-16,37.743065,-122.169935,1.7,0.033,9.0,Oakland,14.179166625,73.35551495833333,16.120619458333334,1018.1708333333332,0.004166666666666667,57.125
2018-05-17,37.743065,-122.169935,3.7,0.03,21.0,Oakland,13.897916625,80.58515783333333,12.637120141666665,1017.7958333333332,0.0,42.583333333333336
2018-05-18,37.743065,-122.169935,3.5,0.032,19.0,Oakland,13.858333375,82.02596975,17.562833520833333,1015.9833333333332,0.0,86.29166666666667
2018-05-19,37.743065,-122.169935,7.5,0.04,42.0,Oakland,13.187500125,81.44748154166668,21.081872666666666,1015.1291666666666,0.0,81.04166666666667
2018-05-20,37.743065,-122.169935,6.8,0.038,38.0,Oakland,12.81250025,79.16977166666668,23.949335416666667,1014.7583333333333,0.0,96.70833333333333
2018-05-21,37.743065,-122.169935,8.8,0.033,49.0,Oakland,13.456250166666665,79.454605625,14.342774958333335,1011.9875000000001,0.0,55.25
2018-05-22,37.743065,-122.169935,3.6,0.031,20.0,Oakland,13.562500083333333,81.75715895833333,17.323019125,1011.9250000000001,0.0,84.875
2018-05-23,37.743065,-122.169935,3.3,0.033,18.0,Oakland,13.827083416666667,79.94106745833334,16.628904666666667,1013.3541666666666,0.0,86.5
2018-05-24,37.743065,-122.169935,2.8,0.034,16.0,Oakland,13.462500166666667,79.6774185,15.072563458333335,1016.5749999999999,0.0,68.16666666666667
2018-05-25,37.743065,-122.169935,2.8,0.032,16.0,Oakland,13.658333458333333,78.08809341666667,13.651233604166668,1018.5625,0.10833333333333334,97.91666666666667
2018-05-26,37.743065,-122.169935,5.8,0.03,32.0,Oakland,13.968750083333333,83.80948704166666,9.158723279166667,1018.85,0.008333333333333333,76.29166666666667
2018-05-27,37.743065,-122.169935,8.5,0.027,47.0,Oakland,14.547916541666666,80.47014879166666,9.463341458333334,1016.3333333333334,0.0,28.5
2018-05-28,37.743065,-122.169935,12.6,0.039,58.0,Oakland,17.643749583333335,70.64448291666666,7.603273708333333,1013.8708333333334,0.0,0.7916666666666666
2018-05-29,37.743065,-122.169935,18.8,0.031,69.0,Oakland,17.793749666666667,73.87610158333334,7.369834279166667,1010.4041666666667,0.0,0.16666666666666666
2018-05-30,37.743065,-122.169935,12.4,0.033,57.0,Oakland,13.947916916666665,76.644082125,19.832918375000002,1008.9833333333332,0.0,41.291666666666664
2018-05-31,37.743065,-122.169935,7.3,0.032,41.0,Oakland,13.285416791666668,72.55066933333333,24.660626958333335,1012.7291666666666,0.04583333333333334,63.75
2018-06-01,37.743065,-122.169935,7.8,0.032,43.0,Oakland,14.233333416666667,75.28407495833333,10.637303141666667,1017.3708333333334,0.0,1.7916666666666667
2018-06-02,37.743065,-122.169935,10.0,0.04,53.0,Oakland,17.958333166666666,66.39074466666666,8.021952929166666,1016.0291666666667,0.0,0.0
2018-06-03,37.743065,-122.169935,14.7,0.032,61.0,Oakland,18.935416291666666,65.29303233333333,7.154858107083334,1012.5791666666668,0.0,9.666666666666666
2018-06-04,37.743065,-122.169935,10.0,0.034,53.0,Oakland,16.1499995,72.49571895833334,10.793594525000001,1012.9833333333332,0.0,0.9583333333333334
2018-06-05,37.743065,-122.169935,8.6,0.034,48.0,Oakland,14.302083166666668,77.02000970833333,14.658756375000001,1012.7791666666667,0.0,47.833333333333336
2018-06-06,37.743065,-122.169935,8.6,0.034,48.0,Oakland,14.302083166666668,77.02000970833333,14.658756375000001,1012.7791666666667,0.0,47.833333333333336
2018-06-07,37.743065,-122.169935,7.6,0.039,42.0,Oakland,13.722916666666668,80.04246766666667,20.362852083333333,1015.1958333333333,0.0,76.33333333333333
2018-06-08,37.743065,-122.169935,6.6,0.033,37.0,Oakland,14.981249874999998,76.74722695833333,12.966412745833333,1017.5458333333332,0.0,15.208333333333334
2018-06-09,37.743065,-122.169935,3.5,0.033,19.0,Oakland,15.020833333333334,79.80431279166667,19.78473345833333,1018.3000000000001,0.004166666666666667,90.41666666666667
2018-06-10,37.743065,-122.169935,5.0,0.031,28.0,Oakland,15.212499833333332,61.97370325,14.020227595833333,1018.8291666666668,0.0,65.91666666666667
2018-06-11,37.743065,-122.169935,6.5,0.024,36.0,Oakland,15.810416625,71.00265579166667,10.416882595833334,1015.3541666666666,0.0,1.0416666666666667
2018-06-12,37.743065,-122.169935,12.7,0.026,58.0,Oakland,17.56041625,73.323305,7.9357105875,1010.9791666666666,0.0,0.0
2018-06-13,37.743065,-122.169935,11.2,0.027,55.0,Oakland,17.458333166666666,68.77438074999999,9.4487775125,1009.65,0.0,0.08333333333333333
2018-06-14,37.743065,-122.169935,11.6,0.027,56.0,Oakland,16.029166416666666,75.11282033333333,14.665269333333333,1009.2666666666668,0.0,34.458333333333336
2018-06-15,37.743065,-122.169935,10.5,0.026,54.0,Oakland,16.037499874999998,74.571258,15.001586220833333,1007.6166666666667,0.0,21.833333333333332
2018-06-16,37.743065,-122.169935,8.0,0.031,44.0,Oakland,15.44375,74.87112725,15.410137966666667,1006.4166666666666,0.0,25.875
2018-06-17,37.743065,-122.169935,7.1,0.034,39.0,Oakland,15.881249833333333,70.73392154166667,16.4742581125,1009.875,0.0,53.833333333333336
2018-06-18,37.743065,-122.169935,8.7,0.034,48.0,Oakland,16.414583083333333,78.59181120833334,11.916049708333333,1016.3458333333333,0.0,38.958333333333336
2018-06-19,37.743065,-122.169935,4.7,0.027,26.0,Oakland,14.664583333333333,82.35283954166667,13.129244550000001,1017.0416666666666,0.0,54.458333333333336
2018-06-20,37.743065,-122.169935,4.7,0.026,26.0,Oakland,14.533333208333332,81.116050625,16.048655041666667,1016.5791666666668,0.0,55.291666666666664
2018-06-21,37.743065,-122.169935,5.7,0.026,32.0,Oakland,14.645833208333334,80.26550379166666,13.512369791666666,1016.1625,0.0,53.416666666666664
2018-06-22,37.743065,-122.169935,10.9,0.024,54.0,Oakland,16.756249916666665,73.612261125,8.19028415,1014.0749999999999,0.0,4.833333333333333
2018-06-23,37.743065,-122.169935,12.0,0.039,56.0,Oakland,20.047916291666667,65.28298529166666,8.088368225,1009.0708333333333,0.0,0.0
2018-06-24,37.743065,-122.169935,8.1,0.036,45.0,Oakland,19.920832875,66.97616691666667,9.273487979166667,1008.9166666666666,0.0,4.541666666666667
2018-06-25,37.743065,-122.169935,5.8,0.028,32.0,Oakland,16.762499583333334,80.053663375,16.73341775,1013.8833333333333,0.0,53.625
2018-06-26,37.743065,-122.169935,11.0,0.029,55.0,Oakland,16.022916541666664,73.79446245833334,13.373020583333334,1014.0958333333333,0.0,1.4166666666666667
2018-06-27,37.743065,-122.169935,10.1,0.028,53.0,Oakland,15.722916416666665,77.47164545833333,14.139568854166667,1013.9333333333334,0.0,27.625
2018-06-28,37.743065,-122.169935,11.7,0.032,56.0,Oakland,15.162499958333333,76.62446570833333,17.086132208333332,1013.9,0.0,34.333333333333336
2018-06-29,37.743065,-122.169935,11.2,0.029,55.0,Oakland,16.291666708333334,71.97964875,11.953612524999999,1013.1416666666668,0.0,1.4166666666666667
2018-06-30,37.743065,-122.169935,11.3,0.032,55.0,Oakland,19.249999624999997,64.25240804166667,8.982899183333332,1011.65,0.0,0.0
2018-07-01,37.743065,-122.169935,4.3,0.025,24.0,Oakland,18.524999458333333,73.99043695833333,10.659471675,1013.3916666666668,0.0,5.791666666666667
2018-07-02,37.743065,-122.169935,4.8,0.028,27.0,Oakland,16.514583041666665,80.89599825,12.650765066666667,1014.2541666666666,0.0,27.125
2018-07-03,37.743065,-122.169935,11.8,0.029,56.0,Oakland,16.989583083333333,75.82544591666667,11.098994016666666,1011.0749999999999,0.0,12.833333333333334
2018-07-04,37.743065,-122.169935,21.2,0.031,74.0,Oakland,16.735416416666666,74.21935579166667,15.1493935625,1013.1875,0.0,19.125
2018-07-05,37.743065,-122.169935,8.9,0.027,49.0,Oakland,16.260416541666668,77.3825545,13.309038029166667,1018.6374999999999,0.0,28.541666666666668
2018-07-06,37.743065,-122.169935,6.7,0.018,37.0,Oakland,18.466666333333333,71.79976512500001,7.732962775,1020.6374999999999,0.0,86.75
2018-07-07,37.743065,-122.169935,7.8,0.022,43.0,Oakland,18.718749791666667,70.608597,8.809740004166667,1017.3625000000001,0.0,26.291666666666668
2018-07-08,37.743065,-122.169935,8.3,0.025,46.0,Oakland,17.570832958333334,70.51650866666667,9.54960505,1015.5541666666667,0.0,9.0
2018-07-09,37.743065,-122.169935,7.4,0.028,41.0,Oakland,17.608332833333332,69.76010525,10.109568099999999,1017.2708333333334,0.0,0.08333333333333333
2018-07-10,37.743065,-122.169935,8.8,0.021,49.0,Oakland,18.795832833333332,65.49566374999999,9.623740225,1016.8666666666667,0.0,0.08333333333333333
2018-07-11,37.743065,-122.169935,5.9,0.02,33.0,Oakland,17.397916666666667,76.10282016666666,13.015359416666668,1013.2708333333334,0.0,45.166666666666664
2018-07-12,37.743065,-122.169935,4.0,0.023,22.0,Oakland,17.999999708333334,77.70674154166666,13.128411358333333,1012.3249999999999,0.0,62.833333333333336
2018-07-13,37.743065,-122.169935,4.5,0.02,25.0,Oakland,18.137499625,76.977179625,13.687390475,1016.1125000000001,0.03333333333333333,63.708333333333336
2018-07-14,37.743065,-122.169935,1.6,0.022,9.0,Oakland,17.635416333333335,77.43421733333334,12.964001812500001,1017.1374999999999,0.0,28.5
2018-07-15,37.743065,-122.169935,4.0,0.026,22.0,Oakland,16.310416583333332,80.14047604166667,14.372382125,1015.5833333333334,0.0,52.666666666666664
2018-07-16,37.743065,-122.169935,6.3,0.025,35.0,Oakland,16.393749666666668,80.88656412499999,12.55600125,1015.1958333333333,0.0,41.875
2018-07-17,37.743065,-122.169935,6.0,0.022,33.0,Oakland,16.772916541666664,83.32653533333333,10.935174175,1015.3291666666668,0.0,48.875
2018-07-18,37.743065,-122.169935,8.1,0.022,45.0,Oakland,17.295832916666665,81.89914620833333,8.374007495833334,1014.8666666666667,0.0,41.291666666666664
2018-07-19,37.743065,-122.169935,8.7,0.022,48.0,Oakland,17.397916416666664,80.56964341666666,9.980397633333334,1013.5333333333333,0.0,44.458333333333336
2018-07-20,37.743065,-122.169935,8.8,0.025,49.0,Oakland,18.568749666666665,78.5085895,11.434343654166668,1012.1458333333334,0.0,16.291666666666668
2018-07-21,37.743065,-122.169935,4.2,0.022,23.0,Oakland,18.34791625,77.24559445833333,14.986311966666667,1014.2416666666667,0.0,4.916666666666667
2018-07-22,37.743065,-122.169935,5.4,0.025,30.0,Oakland,17.849999666666665,80.167225875,13.834283812499999,1017.6083333333332,0.0,40.791666666666664
2018-07-23,37.743065,-122.169935,7.6,0.028,42.0,Oakland,17.610416458333333,82.206670625,13.071679429166666,1018.5833333333334,0.0,44.375
2018-07-24,37.743065,-122.169935,9.9,0.026,52.0,Oakland,16.847916625,83.04548608333333,11.956422954166667,1017.4791666666666,0.0,66.25
2018-07-25,37.743065,-122.169935,9.3,0.024,51.0,Oakland,16.920833124999998,81.47238237500001,9.294825166666667,1018.0458333333332,0.0,24.25
2018-07-26,37.743065,-122.169935,7.1,0.022,39.0,Oakland,16.4229165,82.727811125,11.376175304166667,1016.5625,0.0,72.54166666666667
2018-07-27,37.743065,-122.169935,5.0,0.019,28.0,Oakland,15.941666583333332,82.713767375,13.252963812499999,1014.8791666666666,0.0,45.375
2018-07-28,37.743065,-122.169935,4.2,0.019,23.0,Oakland,15.695833125,82.20466745833333,11.5765174375,1014.1,0.0,27.375
2018-07-29,37.743065,-122.169935,3.1,0.021,17.0,Oakland,15.62708325,83.62017025,11.944278650000001,1015.2916666666666,0.0,63.166666666666664
2018-07-30,37.743065,-122.169935,4.9,0.019,27.0,Oakland,15.666666583333333,82.63412720833334,11.751101916666668,1015.6708333333332,0.0,72.70833333333333
2018-07-31,37.743065,-122.169935,6.4,0.025,36.0,Oakland,15.818749791666667,81.64292904166666,9.206813975000001,1014.3083333333334,0.0,20.416666666666668
2018-08-01,37.743065,-122.169935,6.3,0.021,35.0,Oakland,15.120833166666666,82.83803254166666,11.956490591666666,1014.6333333333333,0.0,25.666666666666668
2018-08-02,37.743065,-122.169935,6.1,0.021,34.0,Oakland,15.068749791666667,82.77376741666667,12.0019569375,1014.5291666666667,0.0,31.875
2018-08-03,37.743065,-122.169935,12.0,0.016,56.0,Oakland,16.19791641666667,76.75647504166666,10.384072179166667,1014.1125000000001,0.0,6.583333333333333
2018-08-04,37.743065,-122.169935,12.2,0.02,57.0,Oakland,19.433332833333335,63.62826854166667,6.95798045,1013.1208333333334,0.0,1.9583333333333333
2018-08-05,37.743065,-122.169935,6.0,0.022,33.0,Oakland,15.858333416666667,80.42353870833334,9.865974216666666,1014.125,0.0,22.208333333333332
2018-08-06,37.743065,-122.169935,7.2,0.019,40.0,Oakland,17.141666375,73.214980625,7.533674475000001,1015.3249999999999,0.0,0.3333333333333333
2018-08-07,37.743065,-122.169935,6.4,0.022,36.0,Oakland,16.054166583333334,77.10421554166668,8.443633845833334,1013.8000000000001,0.0,8.416666666666666
2018-08-08,37.743065,-122.169935,7.9,0.022,44.0,Oakland,15.4291665,84.21892629166666,8.689283429166666,1013.0124999999999,0.0,49.625
2018-08-09,37.743065,-122.169935,10.3,0.026,53.0,Oakland,16.420832875,81.136227375,6.5216821070833335,1013.6333333333333,0.0,17.833333333333332
2018-08-10,37.743065,-122.169935,5.8,0.016,32.0,Oakland,17.106249708333333,77.0256345,6.707694279166667,1014.6,0.0,8.416666666666666
2018-08-11,37.743065,-122.169935,7.2,0.019,40.0,Oakland,18.47708283333333,69.48296479166667,8.815427204166667,1015.1458333333334,0.0,1.5416666666666667
2018-08-12,37.743065,-122.169935,8.9,0.019,49.0,Oakland,17.441666375,74.26050433333334,10.312838929166666,1013.9958333333334,0.0,0.5416666666666666
2018-08-13,37.743065,-122.169935,9.2,0.025,51.0,Oakland,16.28749995833333,82.35953491666668,11.7545777375,1014.6166666666667,0.0,15.791666666666666
2018-08-14,37.743065,-122.169935,5.4,0.027,30.0,Oakland,15.339583374999998,86.54913254166667,15.416085458333333,1013.8375,0.0,82.33333333333333
2018-08-15,37.743065,-122.169935,12.7,0.037,58.0,Oakland,16.293749875,85.5503025,16.472697145833333,1013.875,0.008333333333333333,80.95833333333333
2018-08-16,37.743065,-122.169935,16.9,0.043,66.0,Oakland,16.160416708333333,85.38728479166667,15.073042666666666,1016.0625,0.0,63.666666666666664
2018-08-17,37.743065,-122.169935,15.1,0.033,62.0,Oakland,16.13749975,79.341994875,10.537195145833333,1017.9291666666667,0.0,44.291666666666664
2018-08-18,37.743065,-122.169935,13.3,0.031,59.0,Oakland,17.222916375,73.687630375,8.288425733333334,1017.1,0.0,7.458333333333333
2018-08-19,37.743065,-122.169935,19.1,0.032,70.0,Oakland,16.443749708333332,79.74709483333334,8.544028854166667,1015.2375000000001,0.0,22.75
2018-08-20,37.743065,-122.169935,21.0,0.031,73.0,Oakland,15.858333166666666,83.13615466666666,10.287636141666667,1012.2624999999999,0.0,55.416666666666664
2018-08-21,37.743065,-122.169935,11.7,0.038,56.0,Oakland,15.797916625,81.58359120833333,13.253985541666665,1013.8708333333334,0.0,56.958333333333336
2018-08-22,37.743065,-122.169935,25.6,0.041,82.0,Oakland,16.995833208333334,83.015041375,10.198955970833333,1016.0749999999999,0.008333333333333333,52.666666666666664
2018-08-23,37.743065,-122.169935,42.1,0.048,117.0,Oakland,16.533332916666666,82.634428,12.522487854166668,1017.2416666666667,0.0,58.541666666666664
2018-08-24,37.743065,-122.169935,19.3,0.04,70.0,Oakland,16.187499958333333,81.99254975000001,13.026375041666666,1015.7666666666668,0.0,50.333333333333336
2018-08-25,37.743065,-122.169935,15.1,0.027,62.0,Oakland,15.799999791666666,83.90155179166668,8.702579887499999,1014.025,0.0,35.916666666666664
2018-08-26,37.743065,-122.169935,12.7,0.031,58.0,Oakland,15.674999958333332,82.69395854166667,9.945559445833334,1015.225,0.0,28.458333333333332
2018-08-27,37.743065,-122.169935,11.8,0.027,56.0,Oakland,16.718749666666664,79.66898666666667,13.113774625,1014.0875,0.0,53.791666666666664
2018-08-28,37.743065,-122.169935,4.7,0.02,26.0,Oakland,16.577083124999998,80.27900254166667,13.356331312500002,1013.7958333333332,0.0,74.79166666666667
2018-08-29,37.743065,-122.169935,8.7,0.037,48.0,Oakland,17.070833041666667,79.79842054166666,10.88251405,1015.1833333333334,0.0,25.291666666666668
2018-08-30,37.743065,-122.169935,10.1,0.039,53.0,Oakland,17.631249541666666,80.55529220833334,11.055898145833334,1016.5333333333333,0.05833333333333334,71.66666666666667
2018-08-31,37.743065,-122.169935,5.8,0.021,32.0,Oakland,16.643749833333334,79.420763125,11.804109262499999,1016.9916666666667,0.0,45.166666666666664
2018-09-01,37.743065,-122.169935,8.7,0.021,48.0,Oakland,16.108333249999998,82.22782466666666,11.5435908375,1012.9458333333333,0.0,33.666666666666664
2018-09-02,37.743065,-122.169935,14.0,0.025,60.0,Oakland,16.656250041666667,78.6796355,8.003685629166666,1010.0416666666666,0.0,1.4166666666666667
2018-09-03,37.743065,-122.169935,16.5,0.03,65.0,Oakland,16.14791675,84.21030950000001,9.664706895833334,1011.3125,0.0,25.166666666666668
2018-09-04,37.743065,-122.169935,15.6,0.029,63.0,Oakland,16.2125,84.16373070833333,9.3016501,1011.3583333333332,0.0,27.708333333333332
2018-09-05,37.743065,-122.169935,18.0,0.028,68.0,Oakland,16.11666645833333,84.71522341666666,11.438266616666667,1012.9916666666667,0.0,26.583333333333332
2018-09-06,37.743065,-122.169935,10.3,0.027,53.0,Oakland,15.372916625,81.575898,12.5448000625,1017.1916666666666,0.0,55.0
2018-09-07,37.743065,-122.169935,12.7,0.022,58.0,Oakland,15.64999975,84.39899391666667,6.798210291666667,1016.7875,0.0,18.541666666666668
2018-09-08,37.743065,-122.169935,8.9,0.024,49.0,Oakland,16.931249875,76.37782279166667,7.8287791166666665,1015.1416666666668,0.0,1.25
2018-09-09,37.743065,-122.169935,8.2,0.026,46.0,Oakland,16.791666458333335,77.09981791666667,9.550094933333334,1012.6750000000001,0.0,11.583333333333334
2018-09-10,37.743065,-122.169935,10.0,0.026,53.0,Oakland,16.849999999999998,76.10085637499999,9.29428935,1012.2875,0.0,24.541666666666668
2018-09-11,37.743065,-122.169935,10.2,0.03,53.0,Oakland,16.8979165,74.09297520833333,9.541359216666667,1011.5208333333334,0.0,0.16666666666666666
2018-09-12,37.743065,-122.169935,6.1,0.029,34.0,Oakland,16.145833166666666,76.957901,13.014340708333334,1012.4666666666667,0.0,45.458333333333336
2018-09-13,37.743065,-122.169935,7.2,0.027,40.0,Oakland,15.749999958333333,78.40603558333333,14.33873415,1014.3916666666668,0.0,41.541666666666664
2018-09-14,37.743065,-122.169935,6.5,0.023,36.0,Oakland,15.593749875,80.06229387500001,11.089426445833332,1014.5041666666666,0.0,55.791666666666664
2018-09-15,37.743065,-122.169935,4.7,0.026,26.0,Oakland,15.410416666666665,78.42441041666667,15.339018041666668,1012.7208333333333,0.0,38.125
2018-09-16,37.743065,-122.169935,3.3,0.029,18.0,Oakland,15.504166583333332,82.30958737499999,12.977744170833333,1015.275,0.0,21.791666666666668
2018-09-17,37.743065,-122.169935,4.1,0.03,23.0,Oakland,15.618750041666667,82.184827625,11.743108095833334,1014.9208333333332,0.0,46.791666666666664
2018-09-18,37.743065,-122.169935,8.2,0.026,46.0,Oakland,15.3916665,80.24849545833334,13.336968125,1014.3916666666668,0.0,59.583333333333336
2018-09-19,37.743065,-122.169935,12.8,0.026,58.0,Oakland,15.566666499999998,78.20181833333334,10.050557870833332,1012.4250000000001,0.0,7.5
2018-09-20,37.743065,-122.169935,12.4,0.052,57.0,Oakland,19.310416166666666,59.7886275,6.431490775,1010.6291666666666,0.0,0.0
2018-09-21,37.743065,-122.169935,19.6,0.031,71.0,Oakland,20.374999499999998,44.130930375,8.306755045833333,1012.6875,0.0,0.041666666666666664
2018-09-22,37.743065,-122.169935,9.3,0.026,51.0,Oakland,15.818749833333333,80.906862625,8.8681260375,1015.0416666666666,0.0,22.208333333333332
2018-09-23,37.743065,-122.169935,9.3,0.025,51.0,Oakland,15.908333124999999,79.53827179166667,8.326671375,1012.8208333333333,0.0,21.208333333333332
2018-09-24,37.743065,-122.169935,13.1,0.033,58.0,Oakland,17.016666541666666,71.77060570833333,6.381233783333333,1011.0875,0.0,0.9583333333333334
2018-09-25,37.743065,-122.169935,14.8,0.028,62.0,Oakland,16.681249833333332,75.1098285,8.290729879166667,1012.6083333333332,0.0,5.625
2018-09-26,37.743065,-122.169935,21.1,0.028,73.0,Oakland,16.614583333333332,78.48438195833333,7.787098308333333,1014.8833333333333,0.0,36.541666666666664
2018-09-27,37.743065,-122.169935,11.6,0.032,56.0,Oakland,15.389583166666666,82.84577083333333,8.634842533333334,1014.1458333333334,0.0,76.375
2018-09-28,37.743065,-122.169935,10.1,0.036,53.0,Oakland,15.127083416666666,84.55347725,13.098648333333335,1012.0166666666668,0.0,81.41666666666667
2018-09-29,37.743065,-122.169935,5.6,0.029,31.0,Oakland,16.891666666666666,76.30558475,13.389942625000002,1011.5291666666667,0.0,40.666666666666664
2018-09-30,37.743065,-122.169935,4.7,0.029,26.0,Oakland,17.735416333333333,79.29099516666666,9.27868615,1012.6458333333334,0.0,38.75
2018-10-01,37.743065,-122.169935,7.0,0.024,39.0,Oakland,17.695833166666667,79.853239125,7.338267933333333,1011.4125,0.0,93.08333333333333
2018-10-02,37.743065,-122.169935,6.7,0.024,37.0,Oakland,18.731249416666667,74.13757154166667,7.327168183333334,1009.0416666666666,0.20833333333333334,74.08333333333333
2018-10-03,37.743065,-122.169935,3.3,0.025,18.0,Oakland,18.931249416666667,83.32608025,7.7021871,1011.2083333333334,0.04583333333333334,57.375
2018-10-04,37.743065,-122.169935,5.6,0.03,31.0,Oakland,17.45624954166667,86.846674875,8.408798558333332,1014.0749999999999,0.18333333333333335,74.0
2018-10-05,37.743065,-122.169935,6.1,0.024,34.0,Oakland,15.508333291666666,81.78121516666667,9.207986766666666,1017.6041666666666,0.0,29.166666666666668
2018-10-06,37.743065,-122.169935,4.6,0.026,26.0,Oakland,16.835416541666664,80.72858629166667,9.861707979166667,1014.2125,0.0,19.75
2018-10-07,37.743065,-122.169935,5.4,0.039,30.0,Oakland,20.093749416666665,48.05669120833334,16.320931625,1011.2375000000001,0.0,4.625
2018-10-08,37.743065,-122.169935,6.5,0.029,36.0,Oakland,20.945832499999998,29.82764775,8.460160291666666,1009.5333333333333,0.0,0.0
2018-10-09,37.743065,-122.169935,8.0,0.023,44.0,Oakland,18.431249666666666,74.086829375,6.9386368,1008.725,0.0,7.416666666666667
2018-10-10,37.743065,-122.169935,5.9,0.029,33.0,Oakland,16.035416666666666,79.32002433333334,11.997098829166667,1008.8583333333332,0.0,44.583333333333336
2018-10-11,37.743065,-122.169935,7.4,0.028,41.0,Oakland,15.831249958333332,79.57663183333334,8.221558770833333,1009.9499999999999,0.0,30.541666666666668
2018-10-12,37.743065,-122.169935,6.0,0.027,33.0,Oakland,17.004166625,68.68189791666667,8.725313066666667,1011.6916666666666,0.0,1.0833333333333333
2018-10-13,37.743065,-122.169935,8.6,0.028,48.0,Oakland,17.9249995,62.071862583333335,7.646361141666667,1010.1916666666666,0.0,0.0
2018-10-14,37.743065,-122.169935,11.3,0.035,55.0,Oakland,15.764583291666666,80.71603433333333,7.229038575,1012.5041666666666,0.0,20.833333333333332
2018-10-15,37.743065,-122.169935,11.3,0.035,55.0,Oakland,15.764583291666666,80.71603433333333,7.229038575,1012.5041666666666,0.0,20.833333333333332
2018-10-16,37.743065,-122.169935,11.3,0.035,55.0,Oakland,15.764583291666666,80.71603433333333,7.229038575,1012.5041666666666,0.0,20.833333333333332
2018-10-17,37.743065,-122.169935,11.3,0.035,55.0,Oakland,15.764583291666666,80.71603433333333,7.229038575,1012.5041666666666,0.0,20.833333333333332
2018-10-18,37.743065,-122.169935,11.3,0.035,55.0,Oakland,15.764583291666666,80.71603433333333,7.229038575,1012.5041666666666,0.0,20.833333333333332
2018-10-19,37.743065,-122.169935,14.9,0.037,62.0,Oakland,16.756249916666665,75.62833304166666,6.021283541666667,1019.2875,0.0,0.4583333333333333
2018-10-20,37.743065,-122.169935,17.1,0.03,66.0,Oakland,17.033333125,71.85337266666666,6.205693050000001,1016.5666666666666,0.0,1.875
2018-10-21,37.743065,-122.169935,13.6,0.031,59.0,Oakland,14.216666541666667,85.871084625,7.7094586125,1014.85,0.0,22.375
2018-10-22,37.743065,-122.169935,11.0,0.033,55.0,Oakland,14.056250166666667,83.44543504166667,10.260651329166667,1014.4499999999999,0.0,28.916666666666668
2018-10-23,37.743065,-122.169935,5.3,0.033,29.0,Oakland,14.15625,78.05605633333333,11.368341441666667,1015.6958333333333,0.0,45.166666666666664
2018-10-24,37.743065,-122.169935,4.8,0.02,27.0,Oakland,14.789583375,84.40060283333334,7.306235075,1016.6625,0.0,43.708333333333336
2018-10-25,37.743065,-122.169935,7.3,0.021,41.0,Oakland,15.858333166666666,86.41966129166667,6.5177092750000005,1018.6958333333333,0.0,45.375
2018-10-26,37.743065,-122.169935,7.5,0.02,42.0,Oakland,16.4541665,76.73495708333333,6.248404779166667,1018.8000000000001,0.0,31.375
2018-10-27,37.743065,-122.169935,4.1,0.013,23.0,Oakland,16.383333125,88.45197841666668,6.023790375,1017.4541666666668,0.0,93.75
2018-10-28,37.743065,-122.169935,2.8,0.019,16.0,Oakland,16.4729165,90.02686170833333,11.549875316666666,1018.9250000000001,0.0,84.95833333333333
2018-10-29,37.743065,-122.169935,4.7,0.028,26.0,Oakland,15.635416583333333,67.89974233333334,11.021509604166667,1020.9958333333334,0.0,58.041666666666664
2018-10-30,37.743065,-122.169935,4.4,0.025,24.0,Oakland,15.412499666666667,62.53188004166666,10.435343583333333,1019.2416666666667,0.0,1.2916666666666667
2018-10-31,37.743065,-122.169935,8.0,0.014,44.0,Oakland,15.47499975,48.333155166666664,5.1713335,1018.9416666666666,0.0,52.666666666666664
2018-11-01,37.743065,-122.169935,8.5,0.019,47.0,Oakland,18.712499666666666,49.16877912499999,5.328158233333333,1019.625,0.0,78.79166666666667
2018-11-02,37.743065,-122.169935,11.5,0.015,55.0,Oakland,18.091666333333333,65.60782437499999,5.765053174999999,1020.4250000000001,0.0,47.708333333333336
2018-11-03,37.743065,-122.169935,10.8,0.02,54.0,Oakland,17.187499916666667,61.49860354166666,6.494665929166666,1019.0833333333334,0.0,32.125
2018-11-04,37.743065,-122.169935,9.6,0.029,52.0,Oakland,16.402083083333334,66.666246,6.726164320833333,1016.975,0.0,71.91666666666667
2018-11-05,37.743065,-122.169935,8.9,0.019,49.0,Oakland,15.464583208333332,77.624644,5.818619600000001,1014.7041666666668,0.0,30.083333333333332
2018-11-06,37.743065,-122.169935,7.6,0.022,42.0,Oakland,15.174999958333332,54.81735525,4.696302369583333,1014.275,0.0,1.125
2018-11-07,37.743065,-122.169935,10.5,0.021,54.0,Oakland,16.152083083333334,36.054338625,6.180137083333334,1016.1374999999999,0.0,11.083333333333334
2018-11-08,37.743065,-122.169935,31.4,0.047,93.0,Oakland,14.94374975,26.709337833333333,9.998171908333333,1017.2375000000001,0.0,0.0
2018-11-09,37.743065,-122.169935,87.7,0.031,174.0,Oakland,15.337499833333332,19.933344791666666,8.45426875,1020.1625,0.0,0.0
2018-11-10,37.743065,-122.169935,99.7,0.029,182.0,Oakland,12.970833475,31.456031958333337,5.603835666666666,1017.5583333333334,0.0,5.125
2018-11-11,37.743065,-122.169935,78.6,0.047,167.0,Oakland,12.354166399999999,35.204943666666665,8.225842116666668,1017.1458333333334,0.0,2.75
2018-11-12,37.743065,-122.169935,81.7,0.043,169.0,Oakland,14.118749958333334,32.519957416666664,10.724721158333333,1023.4125,0.0,0.0
2018-11-13,37.743065,-122.169935,59.3,0.022,154.0,Oakland,13.104166679166667,40.39653104166667,5.389060883333333,1027.7916666666667,0.0,82.45833333333333
2018-11-14,37.743065,-122.169935,83.0,0.019,170.0,Oakland,12.389583345833332,40.969916500000004,5.645329970833334,1027.3374999999999,0.0,29.666666666666668
2018-11-15,37.743065,-122.169935,152.3,0.016,228.0,Oakland,12.695833416666666,39.22881925,4.479303758333333,1021.9416666666666,0.0,19.916666666666668
2018-11-16,37.743065,-122.169935,172.1,0.024,247.0,Oakland,12.1354166,45.94939333333334,5.823931304166667,1016.9583333333334,0.0,16.125
2018-11-17,37.743065,-122.169935,119.4,0.033,196.0,Oakland,12.2520833875,63.76398045833333,4.907874416666666,1016.2458333333334,0.0,7.0
2018-11-18,37.743065,-122.169935,65.7,0.024,158.0,Oakland,11.335416666666667,86.353045,5.186203091666667,1018.3208333333333,0.0,49.208333333333336
2018-11-19,37.743065,-122.169935,92.8,0.022,177.0,Oakland,11.824999925,67.01257583333333,5.341048341666667,1017.4083333333333,0.0,76.25
2018-11-20,37.743065,-122.169935,49.8,0.021,136.0,Oakland,12.358333220833332,58.409766499999996,4.3095732875,1016.1374999999999,0.0,34.875
2018-11-21,37.743065,-122.169935,9.3,0.015,51.0,Oakland,13.860416625,75.57001783333334,10.425566870833334,1015.1791666666667,0.5291666666666667,90.625
2018-11-22,37.743065,-122.169935,3.8,0.03,21.0,Oakland,13.414583458333333,88.10552866666666,8.842070291666667,1018.0458333333332,0.8791666666666668,68.79166666666667
2018-11-23,37.743065,-122.169935,2.8,0.029,16.0,Oakland,14.014583625,90.97275187499999,14.9964386125,1020.9833333333332,1.0291666666666666,98.0
2018-11-24,37.743065,-122.169935,4.0,0.028,22.0,Oakland,14.777083583333335,93.06948754166666,12.496994875,1017.4083333333333,0.275,82.91666666666667
2018-11-25,37.743065,-122.169935,7.2,0.014,40.0,Oakland,11.829166833333334,92.38720725,4.054658460416667,1018.0625,0.0,48.583333333333336
2018-11-26,37.743065,-122.169935,10.3,0.004,53.0,Oakland,12.006250083333333,85.510043125,4.3595101875,1021.1750000000001,0.0,40.875
2018-11-27,37.743065,-122.169935,8.7,0.012,48.0,Oakland,12.704167041666667,90.66948366666666,7.02444285,1019.8375,0.19999999999999998,75.08333333333333
2018-11-28,37.743065,-122.169935,4.4,0.032,24.0,Oakland,14.633333541666666,91.04277291666666,6.7968917625,1013.4791666666666,0.45416666666666666,85.75
2018-11-29,37.743065,-122.169935,4.5,0.035,25.0,Oakland,13.493750125,88.16400850000001,18.24923241666667,1001.7416666666667,1.5875000000000001,82.5
2018-11-30,37.743065,-122.169935,5.3,0.026,29.0,Oakland,12.204166916666667,76.931551625,15.919356666666667,1011.4083333333333,0.12916666666666668,53.708333333333336
2018-12-01,37.743065,-122.169935,4.6,0.032,26.0,Oakland,11.652083500000002,81.46838795833334,15.667619845833334,1017.6291666666666,0.2916666666666667,41.333333333333336
2018-12-02,37.743065,-122.169935,4.1,0.024,23.0,Oakland,9.112500179166666,77.51142625,9.791458650000001,1018.125,0.0,13.625
2018-12-03,37.743065,-122.169935,5.2,0.02,29.0,Oakland,9.295833391666667,72.0175035,11.616404991666668,1021.5625,0.0,70.0
2018-12-04,37.743065,-122.169935,9.4,0.022,52.0,Oakland,10.066666875,74.3396735,18.824512875,1017.0500000000001,0.0,98.25
2018-12-05,37.743065,-122.169935,6.2,0.028,34.0,Oakland,10.725000291666667,75.121005,18.698691354166666,1012.1374999999999,0.2625,93.95833333333333
2018-12-06,37.743065,-122.169935,4.4,0.026,24.0,Oakland,11.0208335,73.322653,14.140520854166667,1012.725,0.0375,67.375
2018-12-07,37.743065,-122.169935,8.6,0.011,48.0,Oakland,10.327083620833333,76.07938195833334,6.322495324999999,1018.1666666666666,0.0,24.75
2018-12-08,37.743065,-122.169935,17.9,0.026,67.0,Oakland,10.302083583333333,82.86872866666667,7.195756820833334,1025.05,0.0,24.875
2018-12-09,37.743065,-122.169935,17.2,0.013,66.0,Oakland,10.058333366666666,83.53881791666667,8.867244033333334,1025.8333333333333,0.0,90.25
2018-12-10,37.743065,-122.169935,16.7,0.015,65.0,Oakland,8.668750241666666,88.52137,7.077072120833333,1024.0125,0.07916666666666666,76.54166666666667
2018-12-11,37.743065,-122.169935,9.2,0.006,51.0,Oakland,9.454166720833333,85.09500695833333,4.82784862375,1022.4458333333333,0.0,13.458333333333334
2018-12-12,37.743065,-122.169935,10.8,0.022,54.0,Oakland,11.354167041666665,84.65555320833333,7.1922712075,1023.5333333333333,0.0,68.0
2018-12-13,37.743065,-122.169935,11.7,0.023,56.0,Oakland,10.356250125,68.23583408333333,7.9149886625,1024.5333333333333,0.0,31.416666666666668
2018-12-14,37.743065,-122.169935,13.5,0.029,59.0,Oakland,11.568750208333334,71.87244829166666,12.480139591666665,1019.2208333333333,0.0375,83.875
2018-12-15,37.743065,-122.169935,7.7,0.022,43.0,Oakland,13.214583499999998,86.23085041666667,7.8705328833333335,1019.1458333333334,0.09166666666666667,90.625
2018-12-16,37.743065,-122.169935,4.6,0.03,26.0,Oakland,13.437500208333333,79.464189375,14.169084279166666,1017.8791666666666,0.0625,87.20833333333333
2018-12-17,37.743065,-122.169935,6.7,0.024,37.0,Oakland,12.497916833333333,91.30101704166667,8.083906683333334,1020.1125000000001,0.6458333333333334,74.58333333333333
2018-12-18,37.743065,-122.169935,5.3,0.023,29.0,Oakland,11.01458365,92.31753679166667,5.4519926820833335,1026.0583333333334,0.0,82.75
2018-12-19,37.743065,-122.169935,6.4,0.018,36.0,Oakland,12.214583583333335,89.93303616666667,4.496421491666667,1025.9416666666666,0.0,65.58333333333333
2018-12-20,37.743065,-122.169935,11.5,0.007,55.0,Oakland,10.81250025,89.859234125,8.095692220833334,1021.1666666666666,0.0,69.08333333333333
2018-12-21,37.743065,-122.169935,8.7,0.018,48.0,Oakland,11.670833583333334,90.26293975,5.078308082083333,1019.2375000000001,0.16666666666666666,94.70833333333333
2018-12-22,37.743065,-122.169935,6.0,0.012,33.0,Oakland,9.683333504166667,77.20824770833333,6.272019129166666,1020.1583333333333,0.0,56.791666666666664
2018-12-23,37.743065,-122.169935,8.2,0.012,46.0,Oakland,10.043750141666667,74.25261195833333,4.3848941325,1023.2375000000001,0.008333333333333333,90.0
2018-12-24,37.743065,-122.169935,7.0,0.033,39.0,Oakland,11.275000166666667,87.92197408333334,9.466650245833334,1021.6625,0.2833333333333333,78.29166666666667
2018-12-25,37.743065,-122.169935,6.0,0.025,33.0,Oakland,10.739583445833333,83.58821983333333,15.94176845,1013.7125,0.3666666666666667,37.875
2018-12-26,37.743065,-122.169935,5.3,0.014,29.0,Oakland,9.237500208333334,73.99644475000001,7.384208354166667,1018.9250000000001,0.0,23.208333333333332
2018-12-27,37.743065,-122.169935,2.8,0.032,16.0,Oakland,9.691666766666666,76.352884125,9.526813629166666,1020.6166666666667,0.0,35.416666666666664
2018-12-28,37.743065,-122.169935,2.5,0.031,14.0,Oakland,9.687500275,46.316425333333335,15.033944916666668,1022.6083333333332,0.0,26.0
2018-12-29,37.743065,-122.169935,5.6,0.02,31.0,Oakland,7.589583429166667,56.87075008333333,4.570572929166667,1026.6291666666666,0.0,23.416666666666668
2018-12-30,37.743065,-122.169935,8.7,0.021,48.0,Oakland,8.939583541666666,71.66601766666666,4.9987440375,1024.2916666666667,0.0,28.958333333333332
2018-12-31,37.743065,-122.169935,8.7,0.021,48.0,Oakland,8.939583541666666,71.66601766666666,4.9987440375,1024.2916666666667,0.0,28.958333333333332
2019-01-01,37.743065,-122.169935,4.2,0.033,23.0,Oakland,7.4979167083333325,42.16995008333333,14.888956833333333,1020.9166666666666,0.0,30.375
2019-01-02,37.743065,-122.169935,8.1,0.01,45.0,Oakland,7.012500070833333,60.40263354166667,4.3953665375,1023.9625,0.0,18.166666666666668
2019-01-03,37.743065,-122.169935,16.5,0.022,65.0,Oakland,6.535416783333333,62.39556808333333,8.144491266666668,1023.8333333333334,0.0,40.708333333333336
2019-01-04,37.743065,-122.169935,24.7,0.027,80.0,Oakland,7.708333454166667,69.63996066666667,8.146244933333334,1017.7375000000001,0.0,76.875
2019-01-05,37.743065,-122.169935,5.0,0.032,28.0,Oakland,10.404166833333333,78.776381,16.409319203333332,1009.0708333333333,0.21666666666666667,71.66666666666667
2019-01-06,37.743065,-122.169935,4.0,0.031,22.0,Oakland,9.500000224999999,90.41720512500001,17.65312366666667,1011.9291666666667,1.6958333333333335,79.5
2019-01-07,37.743065,-122.169935,4.1,0.02,23.0,Oakland,11.383333583333332,87.08220762500001,13.670589016666668,1015.75,0.7333333333333334,86.375
2019-01-08,37.743065,-122.169935,3.9,0.028,22.0,Oakland,13.156250208333333,83.46253425,11.999534958333333,1018.1541666666667,0.0,99.5
2019-01-09,37.743065,-122.169935,3.7,0.029,21.0,Oakland,13.143750291666665,88.64365108333334,15.290963116666667,1015.8458333333333,0.48333333333333334,97.91666666666667
2019-01-10,37.743065,-122.169935,9.1,0.017,51.0,Oakland,10.595833512499999,91.03439887500001,6.280099979166667,1021.1833333333334,0.08750000000000001,42.291666666666664
2019-01-11,37.743065,-122.169935,4.7,0.02,26.0,Oakland,11.812500041666667,83.56138595833333,12.2253278875,1015.6791666666667,0.012500000000000002,81.70833333333333
2019-01-12,37.743065,-122.169935,6.3,0.024,35.0,Oakland,12.564583416666666,82.92664275,8.558143833333334,1013.4416666666666,0.2791666666666667,71.0
2019-01-13,37.743065,-122.169935,6.3,0.028,35.0,Oakland,11.531250066666667,81.90866004166666,7.965833716666666,1016.4041666666667,0.004166666666666667,47.375
2019-01-14,37.743065,-122.169935,4.8,0.026,27.0,Oakland,11.912500166666666,70.88636629166666,17.745912916666665,1012.9833333333332,0.08750000000000001,92.79166666666667
2019-01-15,37.743065,-122.169935,1.8,0.031,10.0,Oakland,10.356250208333334,83.97584954166666,13.893426729166668,1010.0416666666666,0.6124999999999999,92.95833333333333
2019-01-16,37.743065,-122.169935,2.1,0.036,12.0,Oakland,12.633333375,88.20158258333333,19.944021875,1011.0124999999999,0.8125,97.70833333333333
2019-01-17,37.743065,-122.169935,9.2,0.03,51.0,Oakland,13.137500375,86.2208285,21.04176645833333,1012.7416666666667,1.2666666666666666,80.5
2019-01-18,37.743065,-122.169935,8.0,0.021,44.0,Oakland,12.037500375,86.32908820833335,6.442056075,1024.4458333333334,0.0375,91.41666666666667
2019-01-19,37.743065,-122.169935,8.1,0.015,45.0,Oakland,13.639583458333334,80.34570704166667,3.868667545833333,1027.4333333333334,0.0,96.95833333333333
2019-01-20,37.743065,-122.169935,4.3,0.037,24.0,Oakland,13.502083458333333,90.78618445833332,10.562008715416667,1020.9625,0.15,94.625
2019-01-21,37.743065,-122.169935,4.2,0.03,23.0,Oakland,10.047916875,79.20162716666667,17.748683645833335,1019.8833333333333,0.39166666666666666,30.208333333333332
2019-01-22,37.743065,-122.169935,3.2,0.02,18.0,Oakland,9.250000125,66.83292766666666,6.497129658333333,1027.5166666666667,0.0,34.75
2019-01-23,37.743065,-122.169935,5.8,0.024,32.0,Oakland,9.179166833333333,68.77647129166667,3.5026938,1029.8125,0.0,27.833333333333332
2019-01-24,37.743065,-122.169935,5.1,0.022,28.0,Oakland,9.733333591666666,74.74572716666667,4.4922318625,1025.3125,0.0,9.625
2019-01-25,37.743065,-122.169935,9.9,0.025,52.0,Oakland,10.910416720833334,73.11777883333333,7.295911345833333,1023.4499999999999,0.0,0.25
2019-01-26,37.743065,-122.169935,9.5,0.025,52.0,Oakland,11.506249991666666,68.240633125,8.094988554166667,1024.375,0.0,70.25
2019-01-27,37.743065,-122.169935,12.6,0.028,58.0,Oakland,12.206249833333333,67.30890170833334,7.093407041666667,1023.475,0.0,78.125
2019-01-28,37.743065,-122.169935,12.4,0.007,57.0,Oakland,13.714583208333332,67.16639695833334,4.73381629875,1018.0166666666668,0.0,73.66666666666667
2019-01-29,37.743065,-122.169935,7.5,0.014,42.0,Oakland,12.714583333333332,87.21429633333334,4.139984654166667,1015.8458333333333,0.0,76.95833333333333
2019-01-30,37.743065,-122.169935,8.7,0.016,48.0,Oakland,11.4208335,92.58841395833333,6.736908020833333,1014.4333333333334,0.0,69.54166666666667
2019-01-31,37.743065,-122.169935,11.0,0.025,55.0,Oakland,12.216666791666666,88.41945545833333,5.718705683333333,1011.8249999999999,0.3666666666666667,72.79166666666667
2019-02-01,37.743065,-122.169935,2.0,0.037,11.0,Oakland,12.527083458333331,85.19796629166667,11.607143379166667,1012.1541666666667,0.029166666666666664,77.83333333333333
2019-02-02,37.743065,-122.169935,1.5,0.036,8.0,Oakland,12.589583541666668,81.18867999999999,23.43599370833333,1000.9333333333334,1.1916666666666667,84.625
2019-02-03,37.743065,-122.169935,2.3,0.036,13.0,Oakland,11.383333541666666,83.6843135,23.030149249999997,1000.7833333333333,0.5875,86.79166666666667
2019-02-04,37.743065,-122.169935,1.7,0.037,9.0,Oakland,9.635416874999999,82.41191295833333,20.525498520833334,1003.75,1.1708333333333334,72.125
2019-02-05,37.743065,-122.169935,4.0,0.031,22.0,Oakland,5.952083391666666,76.18749220833332,13.640974216666669,1008.225,0.46249999999999997,56.916666666666664
2019-02-06,37.743065,-122.169935,4.0,0.027,22.0,Oakland,6.4729168249999995,73.09473104166666,6.9224602125,1019.375,0.0,2.875
2019-02-07,37.743065,-122.169935,4.7,0.027,26.0,Oakland,6.597916833333333,69.45781729166667,7.3602194875,1024.4916666666666,0.0,42.833333333333336
2019-02-08,37.743065,-122.169935,5.5,0.022,31.0,Oakland,8.21875015,74.09055616666667,9.041677224999999,1020.6708333333332,0.1875,74.45833333333333
2019-02-09,37.743065,-122.169935,2.5,0.036,14.0,Oakland,8.079166770833334,86.74992833333333,10.264517454166667,1014.0333333333333,0.3833333333333333,71.83333333333333
2019-02-10,37.743065,-122.169935,3.9,0.037,22.0,Oakland,8.033333420833333,76.38318079166667,19.818426849999998,1013.4499999999999,0.6916666666666668,73.375
2019-02-11,37.743065,-122.169935,3.9,0.032,22.0,Oakland,7.37083355,75.20145279166667,7.619946133333333,1022.1583333333333,0.0,45.5
2019-02-12,37.743065,-122.169935,2.4,0.033,13.0,Oakland,7.310416770833334,71.84625654166666,8.349674529166666,1019.5583333333334,0.0,85.04166666666667
2019-02-13,37.743065,-122.169935,1.5,0.03,8.0,Oakland,10.5583335,72.69722220833333,22.478542375,1005.9666666666667,1.8958333333333333,100.0
2019-02-14,37.743065,-122.169935,2.5,0.038,14.0,Oakland,13.487500083333332,88.14112620833333,25.07763125,999.5,1.4375,94.125
2019-02-15,37.743065,-122.169935,3.0,0.037,17.0,Oakland,9.570833625,78.26646966666667,18.859741125,1012.0625,0.5583333333333333,70.41666666666667
2019-02-16,37.743065,-122.169935,3.5,0.035,19.0,Oakland,8.450000191666666,80.666718625,14.523503725,1019.8708333333334,0.41250000000000003,54.416666666666664
2019-02-17,37.743065,-122.169935,3.1,0.035,17.0,Oakland,8.402083554166667,70.75294908333333,19.33600675,1018.475,0.12083333333333333,24.458333333333332
2019-02-18,37.743065,-122.169935,3.1,0.033,17.0,Oakland,6.8541667833333335,67.71636995833333,10.343878170833333,1020.725,0.012500000000000002,5.625
2019-02-19,37.743065,-122.169935,4.1,0.03,23.0,Oakland,6.347916804166666,58.606502791666664,6.0583033791666665,1023.2708333333334,0.0,1.7916666666666667
2019-02-20,37.743065,-122.169935,2.6,0.033,14.0,Oakland,8.956250116666666,73.41529808333333,13.539136466666667,1017.1166666666667,0.016666666666666666,62.458333333333336
2019-02-21,37.743065,-122.169935,2.9,0.035,16.0,Oakland,7.5187501375,70.08699891666667,13.929116333333333,1007.5958333333333,0.004166666666666667,5.083333333333333
2019-02-22,37.743065,-122.169935,3.5,0.031,19.0,Oakland,7.139583458333333,49.99242004166667,11.963457012500001,1015.475,0.0,8.375
2019-02-23,37.743065,-122.169935,4.8,0.031,27.0,Oakland,7.6458334458333335,67.35129616666667,7.3018157666666665,1024.6666666666667,0.0,32.041666666666664
2019-02-24,37.743065,-122.169935,5.1,0.035,28.0,Oakland,9.3625000875,80.80505704166667,6.418444379166666,1024.9333333333334,0.0,77.91666666666667
2019-02-25,37.743065,-122.169935,3.5,0.033,19.0,Oakland,10.264583374999999,81.64418545833333,11.842701229166666,1017.9333333333334,0.0625,93.58333333333333
2019-02-26,37.743065,-122.169935,2.5,0.031,14.0,Oakland,11.989583541666667,84.08575429166667,25.298585833333334,1014.3041666666667,0.5875,98.83333333333333
2019-02-27,37.743065,-122.169935,5.1,0.032,28.0,Oakland,12.964583625000001,82.98896333333333,23.585242500000003,1012.7624999999999,0.5375,84.875
2019-02-28,37.743065,-122.169935,3.8,0.037,21.0,Oakland,10.112500208333334,81.77168233333333,9.2710908125,1019.7041666666668,0.13333333333333333,87.91666666666667
2019-03-01,37.743065,-122.169935,4.5,0.024,25.0,Oakland,9.135416741666667,73.23919679166666,5.079265453333334,1019.8416666666667,0.0,97.08333333333333
2019-03-02,37.743065,-122.169935,3.7,0.02,21.0,Oakland,12.2395835,83.76503483333333,10.701854525,1011.1916666666666,0.8666666666666667,97.375
2019-03-03,37.743065,-122.169935,4.9,0.032,27.0,Oakland,12.668750208333334,91.07955708333333,7.461235466666667,1015.475,0.09166666666666667,86.625
2019-03-04,37.743065,-122.169935,3.4,0.029,19.0,Oakland,10.775000166666667,86.53011504166666,8.1407793375,1019.2875,0.03333333333333333,69.95833333333333
2019-03-05,37.743065,-122.169935,3.5,0.031,19.0,Oakland,11.262500208333334,83.51552758333334,9.2391715125,1015.0375,0.17500000000000002,100.0
2019-03-06,37.743065,-122.169935,1.5,0.036,8.0,Oakland,12.795833541666667,83.63357325,19.57874920833333,1005.5666666666666,0.8083333333333332,88.0
2019-03-07,37.743065,-122.169935,2.4,0.038,13.0,Oakland,10.74166675,83.84273170833333,12.798113666666666,1014.4,0.12916666666666668,94.375
2019-03-08,37.743065,-122.169935,2.0,0.04,11.0,Oakland,9.308333441666667,62.92823658333333,18.581606458333333,1016.6333333333333,0.004166666666666667,51.166666666666664
2019-03-09,37.743065,-122.169935,2.9,0.035,16.0,Oakland,8.491666799999999,76.09794470833333,15.2449417375,1016.5458333333332,0.26666666666666666,65.20833333333333
2019-03-10,37.743065,-122.169935,2.9,0.033,16.0,Oakland,9.320833470833334,80.27547679166666,13.2957848375,1013.1416666666668,0.3125,68.83333333333333
2019-03-11,37.743065,-122.169935,3.9,0.027,22.0,Oakland,8.8083334625,78.02520554166666,4.847799190416667,1017.4583333333334,0.1875,16.625
2019-03-12,37.743065,-122.169935,5.5,0.036,31.0,Oakland,10.904166845833332,80.97318729166666,13.662529925000001,1013.8833333333333,0.0,8.708333333333334
2019-03-13,37.743065,-122.169935,3.6,0.038,20.0,Oakland,9.975000095833334,58.97354920833333,17.899186166666667,1019.1291666666666,0.0,0.0
2019-03-14,37.743065,-122.169935,5.2,0.038,29.0,Oakland,9.891666766666667,58.91369745833333,9.206591099999999,1023.8375,0.0,8.416666666666666
2019-03-15,37.743065,-122.169935,6.8,0.034,38.0,Oakland,10.991666745833333,70.40487141666667,4.471311820833333,1023.85,0.0,46.791666666666664
2019-03-16,37.743065,-122.169935,9.0,0.036,50.0,Oakland,12.627083225,69.76517229166667,7.5294309625,1021.15,0.0,1.25
2019-03-17,37.743065,-122.169935,9.0,0.036,50.0,Oakland,12.627083225,69.76517229166667,7.5294309625,1021.15,0.0,1.25
2019-03-18,37.743065,-122.169935,9.0,0.036,50.0,Oakland,12.627083225,69.76517229166667,7.5294309625,1021.15,0.0,1.25
2019-03-19,37.743065,-122.169935,8.9,0.04,49.0,Oakland,14.245833041666666,71.77463887500001,7.508450458333333,1013.0625,0.0,84.95833333333333
2019-03-20,37.743065,-122.169935,3.5,0.041,19.0,Oakland,12.770833416666667,75.53833033333333,13.883530433333334,1013.4125,0.5416666666666666,87.70833333333333
2019-03-21,37.743065,-122.169935,5.5,0.036,31.0,Oakland,10.933333529166667,77.80990441666667,7.4107754875000005,1018.9375,0.0,24.583333333333332
2019-03-22,37.743065,-122.169935,3.8,0.031,21.0,Oakland,11.241666833333333,86.33166645833334,9.8745618375,1021.4541666666668,0.31666666666666665,65.45833333333333
2019-03-23,37.743065,-122.169935,5.2,0.042,29.0,Oakland,12.352083666666665,83.50326404166667,11.501145920833332,1021.4875000000001,0.6166666666666666,74.33333333333333
2019-03-24,37.743065,-122.169935,4.9,0.039,27.0,Oakland,10.927083504166667,80.10369908333332,7.009343204166666,1023.3208333333333,0.0,56.583333333333336
2019-03-25,37.743065,-122.169935,5.1,0.035,28.0,Oakland,12.4208335,70.62043204166666,11.737026908333334,1019.4166666666666,0.225,88.25
2019-03-26,37.743065,-122.169935,1.5,0.038,8.0,Oakland,12.835416958333333,85.59329345833333,6.8152473,1017.9291666666667,0.6166666666666667,81.58333333333333
2019-03-27,37.743065,-122.169935,2.8,0.038,16.0,Oakland,13.975000291666667,80.43595970833333,13.815958991666667,1013.8666666666667,0.45,83.125
2019-03-28,37.743065,-122.169935,4.8,0.038,27.0,Oakland,12.004167083333334,81.59828779166666,11.382591645833335,1021.3291666666668,0.08750000000000001,40.833333333333336
2019-03-29,37.743065,-122.169935,4.7,0.037,26.0,Oakland,11.358333475,81.78508066666667,8.35646137,1026.5666666666666,0.049999999999999996,38.416666666666664
2019-03-30,37.743065,-122.169935,4.3,0.032,24.0,Oakland,11.391666720833333,83.33039645833334,8.527408616666667,1025.0583333333334,0.0,26.375
2019-03-31,37.743065,-122.169935,4.5,0.034,25.0,Oakland,12.910416583333332,82.90654591666667,6.9781949416666675,1021.775,0.0,45.416666666666664
2019-04-01,37.743065,-122.169935,6.0,0.025,33.0,Oakland,13.65,82.77277333333333,6.314884158333332,1017.3125,0.020833333333333332,94.79166666666667
2019-04-02,37.743065,-122.169935,2.1,0.028,12.0,Oakland,13.083333583333333,86.911174,9.570563869999999,1012.7416666666667,0.41250000000000003,89.16666666666667
2019-04-03,37.743065,-122.169935,1.2,0.029,7.0,Oakland,13.4083335,85.34362862500001,7.938605166666666,1015.8000000000001,0.09166666666666667,88.45833333333333
2019-04-04,37.743065,-122.169935,0.0,0.03,0.0,Oakland,13.293750208333334,84.86615758333333,8.8994528375,1017.1416666666668,0.09166666666666667,99.75
2019-04-05,37.743065,-122.169935,2.2,0.037,12.0,Oakland,13.12291675,82.25779329166666,11.475633791666667,1015.8708333333334,0.2791666666666667,95.04166666666667
2019-04-06,37.743065,-122.169935,2.5,0.038,14.0,Oakland,13.895833458333334,82.08336491666667,7.751770902916667,1018.4666666666667,0.075,95.20833333333333
2019-04-07,37.743065,-122.169935,5.1,0.028,28.0,Oakland,14.868749999999999,84.982528875,7.674267254166666,1023.7083333333334,0.0,77.58333333333333
2019-04-08,37.743065,-122.169935,4.3,0.037,24.0,Oakland,15.366666375,91.3671795,7.018977808333333,1023.7166666666667,0.004166666666666667,98.66666666666667
2019-04-09,37.743065,-122.169935,4.1,0.038,23.0,Oakland,14.316666666666665,81.492175125,18.0225521875,1023.1833333333334,0.17500000000000002,37.166666666666664
2019-04-10,37.743065,-122.169935,5.2,0.033,29.0,Oakland,13.1354165,67.932056125,14.999810375000001,1025.1791666666666,0.0,1.6666666666666667
2019-04-11,37.743065,-122.169935,4.7,0.035,26.0,Oakland,13.208333375,77.99745970833332,11.363172149999999,1022.4625,0.0,55.625
2019-04-12,37.743065,-122.169935,4.2,0.033,23.0,Oakland,13.152083374999998,73.90921770833333,14.637691345833334,1015.2875,0.0,28.208333333333332
2019-04-13,37.743065,-122.169935,6.8,0.038,38.0,Oakland,13.439583124999999,84.35529829166667,7.649680345833333,1014.8333333333334,0.0,25.291666666666668
2019-04-14,37.743065,-122.169935,5.8,0.039,32.0,Oakland,12.591666791666666,85.79487662499999,13.352703608333334,1015.6583333333333,0.0,72.125
2019-04-15,37.743065,-122.169935,5.7,0.041,32.0,Oakland,11.629166916666668,78.38146483333334,13.320918541666666,1012.7583333333333,0.04583333333333334,80.41666666666667
2019-04-16,37.743065,-122.169935,4.1,0.034,23.0,Oakland,12.725000125,81.14519258333333,13.663681166666665,1014.75,0.37916666666666665,65.04166666666667
2019-04-17,37.743065,-122.169935,4.8,0.033,27.0,Oakland,13.122916833333333,81.74727120833333,9.302612841666667,1021.8666666666667,0.0,35.0
2019-04-18,37.743065,-122.169935,8.0,0.041,44.0,Oakland,15.379166833333334,79.07521129166666,6.0159016408333335,1020.9208333333332,0.0,9.333333333333334
2019-04-19,37.743065,-122.169935,4.9,0.024,27.0,Oakland,15.762500000000001,79.79504579166667,7.7210465,1015.8583333333332,0.0,59.0
2019-04-20,37.743065,-122.169935,5.5,0.039,31.0,Oakland,13.016666791666665,86.88289125,20.761929124999998,1013.1833333333334,0.008333333333333333,78.95833333333333
2019-04-21,37.743065,-122.169935,9.2,0.031,51.0,Oakland,12.462500166666667,83.14515641666667,11.940975841666665,1017.8416666666667,0.0,26.291666666666668
2019-04-22,37.743065,-122.169935,11.2,0.027,55.0,Oakland,13.766666583333333,84.34875341666667,7.911642383333334,1018.8833333333333,0.0,17.625
2019-04-23,37.743065,-122.169935,9.6,0.04,52.0,Oakland,17.341666583333332,73.46503908333334,5.3542959166666675,1016.1125000000001,0.0,43.916666666666664
2019-04-24,37.743065,-122.169935,12.6,0.033,58.0,Oakland,19.331249541666665,72.041658875,6.152951975000001,1013.9416666666666,0.0,9.25
2019-04-25,37.743065,-122.169935,13.9,0.036,60.0,Oakland,15.708333208333334,81.22478708333334,7.096293800000001,1013.8125,0.0,12.083333333333334
2019-04-26,37.743065,-122.169935,12.6,0.035,58.0,Oakland,14.681249958333332,78.31804241666667,7.654764345833333,1014.6083333333332,0.0,45.541666666666664
2019-04-27,37.743065,-122.169935,12.6,0.041,58.0,Oakland,14.631250041666666,80.56437629166666,9.423502920833334,1014.0416666666666,0.0,57.041666666666664
2019-04-28,37.743065,-122.169935,12.7,0.039,58.0,Oakland,13.624999916666667,80.59414679166666,12.191818379166667,1011.6666666666666,0.0,47.875
2019-04-29,37.743065,-122.169935,9.2,0.039,51.0,Oakland,13.941666750000001,79.68918895833333,11.43099625,1008.7041666666668,0.0,65.54166666666667
2019-04-30,37.743065,-122.169935,9.2,0.039,51.0,Oakland,13.941666750000001,79.68918895833333,11.43099625,1008.7041666666668,0.0,65.54166666666667
2019-05-01,37.743065,-122.169935,11.0,0.037,55.0,Oakland,13.637500041666668,76.917552625,8.169141483333334,1016.2041666666668,0.0,13.333333333333334
2019-05-02,37.743065,-122.169935,11.0,0.037,55.0,Oakland,13.637500041666668,76.917552625,8.169141483333334,1016.2041666666668,0.0,13.333333333333334
2019-05-03,37.743065,-122.169935,10.9,0.039,54.0,Oakland,14.195833291666666,74.93875004166667,8.721045754166667,1015.375,0.0,48.666666666666664
2019-05-04,37.743065,-122.169935,8.2,0.043,46.0,Oakland,13.258333333333333,78.77456495833333,11.863679316666667,1013.6416666666668,0.0,57.291666666666664
2019-05-05,37.743065,-122.169935,3.6,0.041,20.0,Oakland,12.96666675,74.32849120833333,14.6529288125,1011.3249999999999,0.0,53.041666666666664
2019-05-06,37.743065,-122.169935,1.3,0.034,7.0,Oakland,13.406249958333333,75.09131116666667,14.947793791666667,1012.0166666666668,0.0625,96.125
2019-05-07,37.743065,-122.169935,0.9,0.033,5.0,Oakland,14.060416583333334,76.42363883333333,12.029181808333334,1016.3916666666668,0.0,80.125
2019-05-08,37.743065,-122.169935,5.1,0.033,28.0,Oakland,13.885416625,80.258695625,12.146157654166666,1016.5166666666668,0.0,49.416666666666664
2019-05-09,37.743065,-122.169935,4.3,0.033,24.0,Oakland,14.193750041666666,83.22461391666667,12.246996104166668,1010.3416666666667,0.0,59.541666666666664
2019-05-10,37.743065,-122.169935,5.0,0.033,28.0,Oakland,15.018749833333333,77.79264454166666,13.681779283333334,1008.7166666666667,0.0,50.041666666666664
2019-05-11,37.743065,-122.169935,6.2,0.039,34.0,Oakland,14.5104165,81.67443083333333,12.191820033333334,1014.1541666666667,0.0,34.875
2019-05-12,37.743065,-122.169935,5.8,0.035,32.0,Oakland,13.727083333333333,82.68327366666666,14.253096958333332,1015.0375,0.0,72.70833333333333
2019-05-13,37.743065,-122.169935,3.2,0.032,18.0,Oakland,13.722916833333334,81.125394,15.301047500000001,1016.6958333333333,0.0,85.875
2019-05-14,37.743065,-122.169935,3.5,0.032,19.0,Oakland,14.243750208333333,78.25697354166667,14.750959291666668,1017.2291666666666,0.0,83.83333333333333
2019-05-15,37.743065,-122.169935,3.2,0.042,18.0,Oakland,15.206250083333332,79.37004891666668,13.164910399999998,1012.4875000000001,0.16666666666666666,99.70833333333333
2019-05-16,37.743065,-122.169935,4.9,0.039,27.0,Oakland,13.354166916666665,83.49972558333333,21.218257458333333,1008.9791666666666,1.2583333333333333,79.45833333333333
2019-05-17,37.743065,-122.169935,3.4,0.038,19.0,Oakland,12.697916958333332,76.64545145833334,19.840182541666668,1018.5749999999999,0.18333333333333335,72.5
2019-05-18,37.743065,-122.169935,2.7,0.033,15.0,Oakland,12.322916999999999,79.41994204166667,12.125395704166666,1016.3249999999999,0.32916666666666666,89.375
2019-05-19,37.743065,-122.169935,2.6,0.047,14.0,Oakland,12.283333583333333,86.43192695833334,16.272199770833335,1008.6541666666667,1.2166666666666666,79.75
2019-05-20,37.743065,-122.169935,3.4,0.043,19.0,Oakland,11.889583541666667,83.89161804166666,8.728200595833334,1013.4208333333332,0.25,59.75
2019-05-21,37.743065,-122.169935,5.5,0.038,31.0,Oakland,12.9895835,82.48649741666667,19.240483083333334,1014.375,0.3,70.29166666666667
2019-05-22,37.743065,-122.169935,5.9,0.029,33.0,Oakland,13.518749999999999,79.02368416666667,18.82898258333333,1010.375,0.02916666666666667,49.458333333333336
2019-05-23,37.743065,-122.169935,10.5,0.028,54.0,Oakland,15.279166541666667,85.26595575,9.038885220833334,1009.0208333333334,0.0,62.958333333333336
2019-05-24,37.743065,-122.169935,2.7,0.033,15.0,Oakland,14.987500083333332,83.60997304166666,10.44437265,1015.1625,0.0,38.75
2019-05-25,37.743065,-122.169935,8.7,0.042,48.0,Oakland,13.856250000000001,82.56978766666667,14.287275770833332,1011.7083333333334,0.0,59.333333333333336
2019-05-26,37.743065,-122.169935,6.1,0.038,34.0,Oakland,12.727083333333333,77.725757875,22.942534,1009.6458333333334,0.08333333333333333,78.45833333333333
2019-05-27,37.743065,-122.169935,5.2,0.03,29.0,Oakland,12.627083541666666,83.24092929166666,11.408552004166667,1016.525,0.041666666666666664,57.5
2019-05-28,37.743065,-122.169935,8.1,0.031,45.0,Oakland,14.020833458333334,83.77247933333334,11.005551525,1017.3000000000001,0.0,72.375
2019-05-29,37.743065,-122.169935,11.4,0.028,55.0,Oakland,14.427083458333334,84.79452191666667,10.817761991666666,1013.3958333333334,0.0,71.66666666666667
2019-05-30,37.743065,-122.169935,2.1,0.028,12.0,Oakland,13.606250041666668,85.75362945833332,15.663931583333332,1012.8416666666667,0.0,82.91666666666667
2019-05-31,37.743065,-122.169935,6.5,0.023,36.0,Oakland,13.929166541666667,87.80522733333333,9.395592216666666,1013.1333333333333,0.0,63.916666666666664
2019-06-01,37.743065,-122.169935,8.6,0.028,48.0,Oakland,15.470833166666665,85.60644420833334,7.263986979166667,1010.3125,0.0,19.958333333333332
2019-06-02,37.743065,-122.169935,3.7,0.026,21.0,Oakland,15.2125,85.59388495833333,11.313236875000001,1010.7041666666668,0.0,55.541666666666664
2019-06-03,37.743065,-122.169935,6.8,0.025,38.0,Oakland,14.80416675,86.15131600000001,11.964927145833334,1012.9416666666666,0.0,49.958333333333336
2019-06-04,37.743065,-122.169935,15.5,0.034,63.0,Oakland,16.443749708333332,80.79042904166667,7.426352216666667,1012.8958333333334,0.0,0.9166666666666666
2019-06-05,37.743065,-122.169935,13.9,0.026,60.0,Oakland,18.556249625,73.36530325,6.727896725,1011.9625,0.0,35.458333333333336
2019-06-06,37.743065,-122.169935,7.2,0.029,40.0,Oakland,15.595833208333332,79.45109425,15.375457279166667,1013.4,0.0,48.25
2019-06-07,37.743065,-122.169935,7.4,0.031,41.0,Oakland,14.754166750000001,68.92655508333333,13.156089941666666,1015.7958333333332,0.0,27.833333333333332
2019-06-08,37.743065,-122.169935,5.0,0.038,28.0,Oakland,18.927083,55.051928833333335,10.762126700000001,1015.4499999999999,0.0,11.333333333333334
2019-06-09,37.743065,-122.169935,5.4,0.046,30.0,Oakland,22.681249750000003,42.02324120833333,6.9808470541666665,1015.0583333333334,0.0,66.20833333333333
2019-06-10,37.743065,-122.169935,9.0,0.073,50.0,Oakland,26.897916,36.85506395833333,6.376317216666667,1014.9666666666667,0.0,86.375
2019-06-11,37.743065,-122.169935,11.2,0.073,55.0,Oakland,25.554166291666665,41.89069766666667,8.928208425,1015.2875,0.0,39.083333333333336
2019-06-12,37.743065,-122.169935,12.5,0.031,57.0,Oakland,23.566666041666664,50.806468208333335,10.7227435625,1013.3208333333333,0.0,60.583333333333336
2019-06-13,37.743065,-122.169935,4.0,0.026,22.0,Oakland,17.529166333333333,76.65679429166667,13.382340358333332,1013.0375,0.0,32.083333333333336
2019-06-14,37.743065,-122.169935,4.7,0.025,26.0,Oakland,15.827083,79.74567641666667,15.827220729166667,1013.6458333333334,0.0,61.541666666666664
2019-06-15,37.743065,-122.169935,3.5,0.024,19.0,Oakland,14.589583333333332,80.98767183333334,17.098059625,1014.5375,0.0,84.5
2019-06-16,37.743065,-122.169935,4.7,0.022,26.0,Oakland,14.608333208333333,80.59436933333333,14.243711729166668,1012.9541666666668,0.0,71.29166666666667
2019-06-17,37.743065,-122.169935,7.4,0.021,41.0,Oakland,16.033333125,79.63975370833333,11.787013125000001,1010.3375,0.0,25.375
2019-06-18,37.743065,-122.169935,6.7,0.023,37.0,Oakland,17.264582916666665,80.64506949999999,10.035221245833332,1012.2708333333334,0.0,20.0
2019-06-19,37.743065,-122.169935,4.0,0.024,22.0,Oakland,16.50833325,83.56091829166667,11.048041775,1013.3874999999999,0.0,20.875
2019-06-20,37.743065,-122.169935,6.5,0.028,36.0,Oakland,16.97083320833333,78.79309075,13.004351720833334,1012.2125,0.0,36.458333333333336
2019-06-21,37.743065,-122.169935,10.8,0.025,54.0,Oakland,16.072916458333335,76.31740470833334,10.634837029166667,1011.9291666666667,0.0,16.958333333333332
2019-06-22,37.743065,-122.169935,15.7,0.029,63.0,Oakland,17.0666665,74.60582383333333,8.450580504166666,1013.3166666666666,0.0,0.75
2019-06-23,37.743065,-122.169935,14.0,0.03,60.0,Oakland,18.75208329166667,68.26071016666667,8.055588629166666,1014.15,0.0,0.0
2019-06-24,37.743065,-122.169935,9.0,0.025,50.0,Oakland,17.631249583333332,76.79470775,8.652184825,1012.3583333333332,0.0,42.25
2019-06-25,37.743065,-122.169935,8.8,0.029,49.0,Oakland,17.337499708333333,70.88177337500001,11.269208229166667,1010.5625,0.0,55.75
2019-06-26,37.743065,-122.169935,4.2,0.026,23.0,Oakland,16.158333041666666,74.79357333333333,17.899668166666668,1014.1333333333333,0.0,28.916666666666668
2019-06-27,37.743065,-122.169935,3.5,0.024,19.0,Oakland,15.8291665,77.809787875,16.99312702083333,1018.4666666666667,0.0,33.708333333333336
2019-06-28,37.743065,-122.169935,5.2,0.023,29.0,Oakland,16.304166416666664,73.17056699999999,12.270081479166668,1017.6166666666667,0.0,89.70833333333333
2019-06-29,37.743065,-122.169935,11.2,0.024,55.0,Oakland,15.791666458333333,76.31631320833334,11.371674729166665,1017.5583333333334,0.0,34.541666666666664
2019-06-30,37.743065,-122.169935,5.3,0.026,29.0,Oakland,16.320833125,74.99357316666666,11.635150779166667,1017.2041666666668,0.0,38.583333333333336
2019-07-01,37.743065,-122.169935,5.8,0.026,32.0,Oakland,15.785416666666665,79.280776625,14.932676916666667,1017.9291666666667,0.0,47.333333333333336
2019-07-02,37.743065,-122.169935,8.0,0.025,44.0,Oakland,16.231249875,76.85892404166667,13.268874454166665,1015.7708333333334,0.0,16.166666666666668
2019-07-03,37.743065,-122.169935,7.2,0.026,40.0,Oakland,16.145833333333332,77.12350758333334,12.930689783333333,1013.5124999999999,0.0,42.125
2019-07-04,37.743065,-122.169935,19.4,0.027,70.0,Oakland,15.85,78.11567741666666,14.510583208333335,1013.6125000000001,0.0,56.125
2019-07-05,37.743065,-122.169935,8.6,0.028,48.0,Oakland,16.116666583333334,78.81798916666666,12.04835035,1015.5041666666666,0.0,17.5
2019-07-06,37.743065,-122.169935,9.0,0.029,50.0,Oakland,16.641666458333333,74.00860795833333,12.460279666666667,1015.9458333333333,0.0,33.083333333333336
2019-07-07,37.743065,-122.169935,8.3,0.026,46.0,Oakland,15.877083416666666,76.00126545833334,16.8837305,1013.9333333333334,0.0,57.0
2019-07-08,37.743065,-122.169935,4.8,0.025,27.0,Oakland,15.233333541666667,80.59191991666667,19.507823583333334,1015.0208333333334,0.0,87.29166666666667
2019-07-09,37.743065,-122.169935,3.5,0.022,19.0,Oakland,15.154166708333333,84.31992379166667,16.642075875,1017.1541666666667,0.0,94.66666666666667
2019-07-10,37.743065,-122.169935,2.8,0.012,16.0,Oakland,16.77708279166667,89.14321799999999,15.411601083333332,1018.7416666666667,0.0,93.16666666666667
2019-07-11,37.743065,-122.169935,1.4,0.014,8.0,Oakland,16.545833291666668,86.4733725,13.718824458333332,1018.3416666666667,0.0,68.54166666666667
2019-07-12,37.743065,-122.169935,2.5,0.015,14.0,Oakland,16.266666625,84.47708666666666,13.158244666666667,1015.2666666666668,0.0,75.25
2019-07-13,37.743065,-122.169935,5.0,0.017,28.0,Oakland,16.783333333333335,80.26388820833334,12.02770325,1012.4666666666667,0.0,23.958333333333332
2019-07-14,37.743065,-122.169935,7.0,0.023,39.0,Oakland,16.91249983333333,77.66791049999999,12.209454429166668,1014.6125000000001,0.0,18.208333333333332
2019-07-15,37.743065,-122.169935,6.7,0.021,37.0,Oakland,18.239582875,70.18183833333333,10.380300208333333,1016.4291666666667,0.0,0.0
2019-07-16,37.743065,-122.169935,4.1,0.02,23.0,Oakland,17.287499583333332,81.55983125,15.001274437500001,1013.875,0.0,55.458333333333336
2019-07-17,37.743065,-122.169935,8.0,0.028,44.0,Oakland,17.60208325,75.30862083333334,14.893652295833334,1012.4833333333332,0.0,70.33333333333333
2019-07-18,37.743065,-122.169935,3.5,0.018,19.0,Oakland,17.9437495,79.40917716666667,13.144621404166665,1013.25,0.0,89.79166666666667
2019-07-19,37.743065,-122.169935,7.6,0.026,42.0,Oakland,18.079166458333333,77.9609475,13.030481583333334,1012.1958333333333,0.0,40.041666666666664
2019-07-20,37.743065,-122.169935,5.2,0.025,29.0,Oakland,17.799999833333334,77.97457045833333,13.714009908333333,1012.9,0.0,24.208333333333332
2019-07-21,37.743065,-122.169935,6.7,0.026,37.0,Oakland,17.012499958333333,79.87246220833333,10.659642312499999,1013.0666666666666,0.0,43.208333333333336
2019-07-22,37.743065,-122.169935,7.6,0.023,42.0,Oakland,18.414583083333333,77.09276029166666,9.49446129875,1014.0833333333334,0.0,19.416666666666668
2019-07-23,37.743065,-122.169935,5.5,0.018,31.0,Oakland,17.247916458333332,75.92257975,10.932240645833334,1015.9875000000001,0.0,7.708333333333333
2019-07-24,37.743065,-122.169935,10.7,0.03,54.0,Oakland,19.064583125,67.76500854166666,7.9578241,1016.0083333333333,0.0,0.125
2019-07-25,37.743065,-122.169935,12.2,0.023,57.0,Oakland,19.79166641666667,66.40256395833333,8.570719529166666,1013.6708333333332,0.0,32.916666666666664
2019-07-26,37.743065,-122.169935,6.3,0.023,35.0,Oakland,17.53124975,78.77186795833333,13.2236296125,1015.7666666666668,0.0,17.083333333333332
2019-07-27,37.743065,-122.169935,8.3,0.034,46.0,Oakland,17.799999833333334,79.73667929166666,8.940450874166666,1016.8249999999999,0.0,30.791666666666668
2019-07-28,37.743065,-122.169935,12.2,0.03,57.0,Oakland,20.758333,67.47323191666666,7.873808937500001,1013.9375,0.0,1.0833333333333333
2019-07-29,37.743065,-122.169935,11.3,0.024,55.0,Oakland,17.364582958333333,77.48970483333333,15.542167520833333,1013.7083333333334,0.0,36.458333333333336
2019-07-30,37.743065,-122.169935,7.1,0.028,39.0,Oakland,16.441666458333334,80.03201941666667,17.789144541666666,1014.4499999999999,0.0,71.95833333333333
2019-07-31,37.743065,-122.169935,7.8,0.026,43.0,Oakland,16.902083041666668,77.40903775,11.219047333333334,1014.15,0.0,7.666666666666667
2019-08-01,37.743065,-122.169935,1.7,0.016,9.0,Oakland,16.883332791666664,82.65094145833334,14.536695333333334,1016.0875,0.0,64.54166666666667
2019-08-02,37.743065,-122.169935,1.5,0.015,8.0,Oakland,17.131249791666665,85.92328408333333,15.05849525,1017.5083333333333,0.0,80.375
2019-08-03,37.743065,-122.169935,2.2,0.02,12.0,Oakland,17.635416458333335,83.85762991666667,10.467383083333333,1015.1416666666668,0.0,55.458333333333336
2019-08-04,37.743065,-122.169935,5.2,0.028,29.0,Oakland,17.312499666666668,85.66898404166666,12.464652854166665,1014.7291666666666,0.0,72.20833333333333
2019-08-05,37.743065,-122.169935,8.1,0.027,45.0,Oakland,17.270833291666666,83.15638970833334,12.008804920833335,1015.3083333333334,0.0,86.91666666666667
2019-08-06,37.743065,-122.169935,10.5,0.028,54.0,Oakland,17.39999975,82.14986945833333,10.4209892875,1013.6625,0.0,55.833333333333336
2019-08-07,37.743065,-122.169935,6.2,0.031,34.0,Oakland,16.36874975,84.007564875,15.429817458333334,1013.7958333333332,0.0,65.16666666666667
2019-08-08,37.743065,-122.169935,4.1,0.03,23.0,Oakland,16.372916375,80.844318625,19.394266854166666,1014.8083333333334,0.0,76.20833333333333
2019-08-09,37.743065,-122.169935,2.2,0.026,12.0,Oakland,17.439583,77.061121625,15.868202916666666,1014.8541666666666,0.0,52.833333333333336
2019-08-10,37.743065,-122.169935,0.9,0.02,5.0,Oakland,18.858332875,84.67771091666667,12.862987233333333,1014.7916666666666,0.0,62.375
2019-08-11,37.743065,-122.169935,4.6,0.027,26.0,Oakland,18.474999583333332,80.25348770833334,12.612715450000001,1016.975,0.0,55.416666666666664
2019-08-12,37.743065,-122.169935,7.1,0.028,39.0,Oakland,19.310416208333333,70.714115875,9.042044275,1015.8625000000001,0.0,0.4166666666666667
2019-08-13,37.743065,-122.169935,8.4,0.029,47.0,Oakland,19.83958275,66.869988375,9.188407979166668,1014.6666666666666,0.0,0.0
2019-08-14,37.743065,-122.169935,10.5,0.044,54.0,Oakland,22.160415999999998,62.25787745833333,6.958588403333334,1014.3791666666666,0.0,0.0
2019-08-15,37.743065,-122.169935,12.3,0.04,57.0,Oakland,23.25416595833333,59.65340125,7.200188616666666,1013.5208333333334,0.0,0.0
2019-08-16,37.743065,-122.169935,16.0,0.027,64.0,Oakland,21.839582625000002,65.92042954166666,8.3094845625,1011.0291666666667,0.0,0.0
2019-08-17,37.743065,-122.169935,10.3,0.028,53.0,Oakland,18.937499625,76.53348429166667,14.472525666666668,1009.8833333333333,0.0,11.083333333333334
2019-08-18,37.743065,-122.169935,3.4,0.026,19.0,Oakland,18.187499833333334,76.32183695833334,15.897160479166667,1010.5708333333333,0.0,44.125
2019-08-19,37.743065,-122.169935,2.9,0.026,16.0,Oakland,17.816666333333334,78.218392,14.6647685,1013.9375,0.0,65.83333333333333
2019-08-20,37.743065,-122.169935,3.3,0.025,18.0,Oakland,17.135416375000002,81.40375733333333,15.958105458333334,1016.0458333333332,0.0,73.41666666666667
2019-08-21,37.743065,-122.169935,4.4,0.027,24.0,Oakland,17.924999833333334,80.14885104166667,11.879684500000002,1015.3375,0.0,57.625
2019-08-22,37.743065,-122.169935,5.0,0.019,28.0,Oakland,20.595832583333333,84.80868687499999,11.361389854166667,1010.4125,0.0,69.875
2019-08-23,37.743065,-122.169935,9.6,0.025,52.0,Oakland,19.654166333333333,76.79799870833334,8.158575454166668,1008.0749999999999,0.0,6.416666666666667
2019-08-24,37.743065,-122.169935,6.7,0.033,37.0,Oakland,18.645832541666667,80.65466562499999,12.449714583333332,1012.2666666666668,0.0,29.5
2019-08-25,37.743065,-122.169935,5.8,0.033,32.0,Oakland,18.612499416666665,81.06450087500001,10.5140210875,1015.0749999999999,0.0,14.958333333333334
2019-08-26,37.743065,-122.169935,4.5,0.023,25.0,Oakland,19.26874925,73.07785566666666,8.637773045833333,1013.375,0.0,2.25
2019-08-27,37.743065,-122.169935,5.4,0.026,30.0,Oakland,18.424999625,77.84726991666666,8.777559920833333,1010.75,0.0,46.0
2019-08-28,37.743065,-122.169935,5.8,0.028,32.0,Oakland,18.272915791666666,82.693851125,12.116906049999999,1012.2291666666666,0.0,44.5
2019-08-29,37.743065,-122.169935,7.0,0.026,39.0,Oakland,19.589582666666665,78.51911004166666,15.156198791666668,1016.0041666666666,0.0,65.5
2019-08-30,37.743065,-122.169935,7.2,0.023,40.0,Oakland,18.695832416666665,82.72932491666667,12.181146233333335,1016.8833333333333,0.0,31.291666666666668
2019-08-31,37.743065,-122.169935,7.2,0.029,40.0,Oakland,18.962499666666666,78.33768120833334,8.248945058333334,1014.525,0.0,8.166666666666666
2019-09-01,37.743065,-122.169935,4.7,0.021,26.0,Oakland,20.097916208333334,76.243775,7.958098083333333,1013.2875,0.0,5.958333333333333
2019-09-02,37.743065,-122.169935,5.4,0.024,30.0,Oakland,19.462499291666667,76.79679925,9.2561019375,1013.975,0.0,5.791666666666667
2019-09-03,37.743065,-122.169935,4.3,0.022,24.0,Oakland,18.03124933333333,82.31558837499999,13.928691125,1015.5916666666667,0.0,66.75
2019-09-04,37.743065,-122.169935,5.4,0.022,30.0,Oakland,18.504166333333334,80.147881625,9.530276566666666,1012.8541666666666,0.0,30.041666666666668
2019-09-05,37.743065,-122.169935,1.9,0.025,11.0,Oakland,17.635416166666666,82.68462904166667,14.168077541666667,1014.3125,0.0,63.708333333333336
2019-09-06,37.743065,-122.169935,2.7,0.024,15.0,Oakland,17.612499375,84.57725491666666,14.129520124999999,1017.8958333333334,0.0,72.04166666666667
2019-09-07,37.743065,-122.169935,2.5,0.024,14.0,Oakland,17.07291641666667,84.09670854166667,18.75051854166667,1017.8874999999999,0.008333333333333333,82.875
2019-09-08,37.743065,-122.169935,5.5,0.026,31.0,Oakland,17.80624975,80.61832833333334,15.823122708333335,1015.7166666666667,0.0,29.541666666666668
2019-09-09,37.743065,-122.169935,3.9,0.028,22.0,Oakland,18.122916333333333,81.52910070833333,11.768316483333335,1014.6083333333332,0.0,19.166666666666668
2019-09-10,37.743065,-122.169935,5.4,0.028,30.0,Oakland,17.785416333333334,78.81550341666666,16.13194275,1012.6125000000001,0.0,23.25
2019-09-11,37.743065,-122.169935,5.9,0.034,33.0,Oakland,18.120832958333335,79.76496233333333,8.651303616666667,1015.6125000000001,0.0,3.25
2019-09-12,37.743065,-122.169935,7.4,0.038,41.0,Oakland,21.537499458333333,60.70726629166666,7.753289604166667,1016.3833333333333,0.0,0.0
2019-09-13,37.743065,-122.169935,9.8,0.055,52.0,Oakland,24.197916125000003,45.787047,8.1381919625,1015.1541666666667,0.0,16.375
2019-09-14,37.743065,-122.169935,7.7,0.025,43.0,Oakland,21.35416616666667,63.974574875,7.705254041666667,1013.8583333333332,0.0,0.0
2019-09-15,37.743065,-122.169935,3.2,0.028,18.0,Oakland,17.27499975,82.31575775,14.470206895833334,1012.6583333333333,0.0,65.54166666666667
2019-09-16,37.743065,-122.169935,3.2,0.028,18.0,Oakland,17.27499975,82.31575775,14.470206895833334,1012.6583333333333,0.0,65.54166666666667
2019-09-17,37.743065,-122.169935,3.2,0.028,18.0,Oakland,17.27499975,82.31575775,14.470206895833334,1012.6583333333333,0.0,65.54166666666667
2019-09-18,37.743065,-122.169935,3.2,0.028,18.0,Oakland,17.27499975,82.31575775,14.470206895833334,1012.6583333333333,0.0,65.54166666666667
2019-09-19,37.743065,-122.169935,3.2,0.028,18.0,Oakland,17.27499975,82.31575775,14.470206895833334,1012.6583333333333,0.0,65.54166666666667
2019-09-20,37.743065,-122.169935,4.9,0.031,27.0,Oakland,19.070832958333334,68.47465304166667,7.7771594875000005,1013.9291666666667,0.0,0.2916666666666667
2019-09-21,37.743065,-122.169935,5.2,0.037,29.0,Oakland,20.704166291666667,59.30789120833333,7.689199187500001,1013.7666666666668,0.0,0.0
2019-09-22,37.743065,-122.169935,7.2,0.019,40.0,Oakland,20.135416,67.639106,7.092723478333333,1013.1625,0.0,23.458333333333332
2019-09-23,37.743065,-122.169935,5.5,0.023,31.0,Oakland,18.568749541666666,80.51178229166668,10.440348570833333,1013.8791666666666,0.0,36.75
2019-09-24,37.743065,-122.169935,6.8,0.042,38.0,Oakland,21.966666125,52.47571083333333,6.3921184975,1014.9916666666667,0.0,0.0
2019-09-25,37.743065,-122.169935,6.4,0.032,36.0,Oakland,25.883332874999997,39.87012108333334,5.82161225,1009.4041666666667,0.0,19.333333333333332
2019-09-26,37.743065,-122.169935,10.3,0.039,53.0,Oakland,23.172915958333334,62.343054583333334,9.617370608333333,1009.5208333333334,0.0,1.2083333333333333
2019-09-27,37.743065,-122.169935,3.5,0.03,19.0,Oakland,19.17916620833333,82.58754445833334,16.299363250000003,1013.1416666666668,0.0625,70.83333333333333
2019-09-28,37.743065,-122.169935,9.0,0.03,50.0,Oakland,15.668749916666668,72.89196929166667,18.563629916666667,1008.525,0.004166666666666667,38.291666666666664
2019-09-29,37.743065,-122.169935,6.2,0.029,34.0,Oakland,14.579166541666666,65.11942258333333,14.379793229166667,1011.3791666666666,0.016666666666666666,7.125
2019-09-30,37.743065,-122.169935,4.2,0.031,23.0,Oakland,14.606250083333334,70.81829554166667,13.256972666666668,1014.3583333333332,0.02916666666666667,29.791666666666668
2019-10-01,37.743065,-122.169935,3.9,0.026,22.0,Oakland,13.824999875000001,72.2866025,9.082523629166667,1015.1750000000001,0.0,0.8333333333333334
2019-10-02,37.743065,-122.169935,5.2,0.024,29.0,Oakland,14.764583083333333,67.74380270833333,8.304764170833334,1016.2916666666666,0.0,0.0
2019-10-03,37.743065,-122.169935,6.0,0.029,33.0,Oakland,14.806249833333332,71.79368770833334,10.18063695,1015.6583333333333,0.0,0.125
2019-10-04,37.743065,-122.169935,5.3,0.029,29.0,Oakland,15.277083124999999,65.20372400000001,9.547973758333333,1018.5625,0.0,2.3333333333333335
2019-10-05,37.743065,-122.169935,6.1,0.03,34.0,Oakland,16.222916583333333,57.36669008333333,6.75386404875,1019.7583333333333,0.0,0.0
2019-10-06,37.743065,-122.169935,5.8,0.036,32.0,Oakland,19.220832791666666,40.90329441666667,5.348618770833333,1016.6833333333334,0.0,8.041666666666666
2019-10-07,37.743065,-122.169935,9.1,0.039,51.0,Oakland,20.743749583333333,47.904711416666665,6.190306941666667,1014.9875000000001,0.0,35.541666666666664
2019-10-08,37.743065,-122.169935,8.6,0.025,48.0,Oakland,19.53958283333333,54.12853020833333,6.445399119583333,1012.2083333333334,0.0,30.791666666666668
2019-10-09,37.743065,-122.169935,8.5,0.031,47.0,Oakland,15.999999833333334,72.44065866666666,8.028387033333333,1011.6916666666666,0.0,6.416666666666667
2019-10-10,37.743065,-122.169935,6.0,0.037,33.0,Oakland,17.2854165,28.707875562500003,11.747162708333335,1013.7624999999999,0.0,15.166666666666666
2019-10-11,37.743065,-122.169935,7.2,0.034,40.0,Oakland,17.458333083333333,28.105768416666667,7.948328929166667,1015.5625,0.0,51.291666666666664
2019-10-12,37.743065,-122.169935,10.8,0.048,54.0,Oakland,17.4041665,44.596559500000005,6.051860695833334,1013.4666666666667,0.0,10.5
2019-10-13,37.743065,-122.169935,10.2,0.035,53.0,Oakland,16.4541665,60.196269,7.615061791666666,1011.2791666666667,0.0,49.625
2019-10-14,37.743065,-122.169935,11.4,0.03,55.0,Oakland,13.672916749999999,78.79253275,6.813909479166667,1013.3333333333334,0.0,4.0
2019-10-15,37.743065,-122.169935,14.1,0.024,60.0,Oakland,13.454166833333332,83.395945375,7.546870504166667,1017.6625,0.0,33.625
2019-10-16,37.743065,-122.169935,7.8,0.029,43.0,Oakland,13.456250083333332,85.70046083333334,7.833839725,1016.4375,0.0,45.083333333333336
2019-10-17,37.743065,-122.169935,5.5,0.031,31.0,Oakland,16.012499875,78.80949579166666,14.704578541666669,1013.475,0.03333333333333333,50.291666666666664
2019-10-18,37.743065,-122.169935,8.2,0.033,46.0,Oakland,14.268749875,77.93812895833334,10.656841354166668,1017.1083333333332,0.0,10.5
2019-10-19,37.743065,-122.169935,7.7,0.031,43.0,Oakland,14.031249791666667,83.112238875,9.703214145833334,1018.5625,0.004166666666666667,42.916666666666664
2019-10-20,37.743065,-122.169935,6.9,0.029,38.0,Oakland,14.972916416666665,82.141451375,6.7839493541666664,1019.2208333333333,0.004166666666666667,49.083333333333336
2019-10-21,37.743065,-122.169935,7.3,0.02,41.0,Oakland,16.2166665,70.18908520833334,6.630440825,1020.1791666666667,0.0,2.1666666666666665
2019-10-22,37.743065,-122.169935,7.1,0.03,39.0,Oakland,19.202082916666665,48.096404791666664,6.744671258333334,1020.9708333333333,0.0,0.8333333333333334
2019-10-23,37.743065,-122.169935,7.6,0.029,42.0,Oakland,20.4562495,49.89892095833333,5.874436003333333,1016.5625,0.0,7.208333333333333
2019-10-24,37.743065,-122.169935,3.3,0.038,18.0,Oakland,23.166666208333336,23.304900354166666,12.621196845833333,1014.8208333333333,0.0,7.458333333333333
2019-10-25,37.743065,-122.169935,9.4,0.028,52.0,Oakland,23.533333041666666,20.023253583333332,9.4586170875,1018.0166666666668,0.0,21.5
2019-10-26,37.743065,-122.169935,18.3,0.031,68.0,Oakland,20.264582625,42.014026,6.454016345833334,1013.3166666666666,0.0,5.458333333333333
2019-10-27,37.743065,-122.169935,18.3,0.031,68.0,Oakland,20.264582625,42.014026,6.454016345833334,1013.3166666666666,0.0,5.458333333333333
2019-10-28,37.743065,-122.169935,19.5,0.038,70.0,Oakland,15.643749791666666,18.207273166666667,13.872646816666666,1016.1208333333334,0.0,5.166666666666667
2019-10-29,37.743065,-122.169935,11.0,0.035,55.0,Oakland,14.897916625,35.37338733333333,8.2945530875,1014.85,0.0,0.041666666666666664
2019-10-30,37.743065,-122.169935,4.2,0.037,23.0,Oakland,14.483333166666666,16.0524575,11.002211308333335,1017.6708333333332,0.0,0.0
2019-10-31,37.743065,-122.169935,8.0,0.032,44.0,Oakland,15.043750000000001,24.401917333333333,8.605221141666666,1022.8666666666667,0.0,0.0
2019-11-01,37.743065,-122.169935,9.9,0.028,52.0,Oakland,14.541666541666666,28.358587291666666,5.224297499166666,1020.9791666666666,0.0,0.0
2019-11-02,37.743065,-122.169935,13.5,0.034,59.0,Oakland,15.545833333333334,31.70559391666667,5.5577632249999995,1019.7666666666668,0.0,0.0
2019-11-03,37.743065,-122.169935,15.6,0.046,63.0,Oakland,15.602083083333333,34.51589025,4.723225140833333,1016.6958333333333,0.0,0.0
2019-11-04,37.743065,-122.169935,14.1,0.027,60.0,Oakland,15.714583249999999,54.759277958333335,5.837325170833334,1015.0791666666668,0.0,0.5833333333333334
2019-11-05,37.743065,-122.169935,16.9,0.022,66.0,Oakland,15.212499874999999,64.55094575,5.771030470833334,1016.6999999999999,0.0,0.4583333333333333
2019-11-06,37.743065,-122.169935,14.5,0.017,61.0,Oakland,13.647916625,82.61925533333333,6.071246675,1016.85,0.0,50.0
2019-11-07,37.743065,-122.169935,20.4,0.024,72.0,Oakland,12.497916625,87.88007391666667,6.094714641666667,1017.9250000000001,0.0,54.666666666666664
2019-11-08,37.743065,-122.169935,20.9,0.018,73.0,Oakland,12.195833333333333,86.13926029166667,7.58130821125,1021.7458333333334,0.0,62.375
2019-11-09,37.743065,-122.169935,20.5,0.018,72.0,Oakland,12.258333458333333,88.06714591666668,6.037594329166667,1021.4375,0.0,32.166666666666664
2019-11-10,37.743065,-122.169935,17.0,0.024,66.0,Oakland,12.987500124999999,86.06158412500001,5.6648571541666675,1018.75,0.0,34.875
2019-11-11,37.743065,-122.169935,15.1,0.014,62.0,Oakland,15.060416583333334,64.16547491666667,5.204638566666667,1016.9166666666666,0.0,22.291666666666668
2019-11-12,37.743065,-122.169935,15.8,0.026,63.0,Oakland,16.5354165,60.25019116666667,4.1666281875,1017.7708333333334,0.0,97.375
2019-11-13,37.743065,-122.169935,15.8,0.026,63.0,Oakland,16.5354165,60.25019116666667,4.1666281875,1017.7708333333334,0.0,97.375
2019-11-14,37.743065,-122.169935,9.2,0.024,51.0,Oakland,13.087500125,86.60254904166668,8.8244562,1017.2333333333332,0.0,97.16666666666667
2019-11-15,37.743065,-122.169935,5.5,0.018,31.0,Oakland,13.89583325,84.57179591666667,7.359092504166667,1021.6374999999999,0.0,63.208333333333336
2019-11-16,37.743065,-122.169935,8.5,0.014,47.0,Oakland,14.289583458333333,89.138462875,5.631779279166667,1020.9166666666666,0.0,59.791666666666664
2019-11-17,37.743065,-122.169935,11.5,0.033,55.0,Oakland,15.618750125,72.44934466666666,6.762723770833333,1019.0875,0.0,32.208333333333336
2019-11-18,37.743065,-122.169935,16.1,0.026,64.0,Oakland,15.9791665,61.63651383333334,4.7966492291666665,1015.1833333333334,0.0,0.2916666666666667
2019-11-19,37.743065,-122.169935,8.5,0.028,47.0,Oakland,14.377083333333333,84.40949825,10.695979825,1009.4958333333334,0.0,47.291666666666664
2019-11-20,37.743065,-122.169935,4.2,0.028,23.0,Oakland,13.575000041666668,73.91966045833333,8.384248729166666,1001.3458333333333,0.10833333333333334,38.208333333333336
2019-11-21,37.743065,-122.169935,10.0,0.021,53.0,Oakland,12.243750283333334,60.80480725,7.5258360458333335,1006.7166666666667,0.0,3.375
2019-11-22,37.743065,-122.169935,11.8,0.019,56.0,Oakland,11.983333512500002,83.25096058333334,5.623636129166667,1019.0041666666666,0.0,12.75
2019-11-23,37.743065,-122.169935,13.9,0.023,60.0,Oakland,12.4708333625,71.791402625,4.889288195833333,1022.8083333333334,0.0,0.125
2019-11-24,37.743065,-122.169935,12.6,0.021,58.0,Oakland,13.056249945833335,61.667327916666665,5.443634033333333,1021.7291666666666,0.0,7.625
2019-11-25,37.743065,-122.169935,7.9,0.031,44.0,Oakland,12.735416625,69.988110625,8.921177091666666,1018.5541666666667,0.0,11.958333333333334
2019-11-26,37.743065,-122.169935,5.4,0.028,30.0,Oakland,9.8437501375,61.642026375,11.4889755,1016.7375000000001,0.0375,33.583333333333336
2019-11-27,37.743065,-122.169935,5.3,0.028,29.0,Oakland,8.929166808333333,82.91365820833333,17.045042249999998,1001.1541666666667,1.5250000000000001,90.04166666666667
2019-11-28,37.743065,-122.169935,7.3,0.024,41.0,Oakland,6.2354167375,82.39589808333334,10.101766750000001,1001.6958333333333,0.05833333333333334,60.916666666666664
2019-11-29,37.743065,-122.169935,7.0,0.027,39.0,Oakland,6.931250070833333,79.33243725,7.768829370833333,1006.5833333333334,0.04583333333333334,29.083333333333332
2019-11-30,37.743065,-122.169935,2.5,0.032,14.0,Oakland,7.756250041666667,79.55313991666667,13.4427035875,1015.625,0.13749999999999998,78.0
2019-12-01,37.743065,-122.169935,1.7,0.03,9.0,Oakland,11.860416958333333,79.00789375000001,24.053902875000002,1011.9083333333333,0.8125,99.625
2019-12-02,37.743065,-122.169935,2.7,0.02,15.0,Oakland,13.556250083333333,86.908531875,12.6409824625,1015.0083333333333,1.4791666666666667,94.08333333333333
2019-12-03,37.743065,-122.169935,3.8,0.018,21.0,Oakland,12.677083541666667,87.655965,11.236911766666667,1019.1708333333332,0.1875,67.58333333333333
2019-12-04,37.743065,-122.169935,5.7,0.009,32.0,Oakland,12.383333541666666,85.40943520833333,11.785829170833333,1011.7583333333333,0.7208333333333333,98.58333333333333
2019-12-05,37.743065,-122.169935,8.4,0.018,47.0,Oakland,12.754166791666668,89.78511099999999,9.268677670833332,1015.7083333333334,0.07916666666666668,82.875
2019-12-06,37.743065,-122.169935,3.0,0.034,17.0,Oakland,14.062499916666667,82.65399195833334,11.655908075,1016.7458333333334,0.020833333333333332,66.33333333333333
2019-12-07,37.743065,-122.169935,2.9,0.034,16.0,Oakland,14.585416791666667,85.05252583333333,19.841669983333333,1014.4083333333333,0.725,76.75
2019-12-08,37.743065,-122.169935,5.6,0.037,31.0,Oakland,13.025000083333333,91.82050083333333,9.7184921625,1015.2958333333332,0.7958333333333334,80.33333333333333
2019-12-09,37.743065,-122.169935,6.3,0.022,35.0,Oakland,10.791666933333333,94.05304954166667,4.4340548,1020.4875000000001,0.0,54.916666666666664
2019-12-10,37.743065,-122.169935,9.2,0.02,51.0,Oakland,10.622916958333333,89.71661458333334,5.978949916666667,1023.6541666666667,0.0,62.416666666666664
2019-12-11,37.743065,-122.169935,5.7,0.013,32.0,Oakland,12.674999999999999,87.458985,10.286076266666667,1023.3083333333334,0.3958333333333333,93.125
2019-12-12,37.743065,-122.169935,5.2,0.011,29.0,Oakland,14.847916833333334,94.087685625,9.959993945833334,1023.9333333333334,0.3125,99.70833333333333
2019-12-13,37.743065,-122.169935,7.3,0.03,41.0,Oakland,13.364583541666667,97.28516604166667,5.157657854166667,1024.2625,0.10416666666666667,98.58333333333333
2019-12-14,37.743065,-122.169935,3.3,0.038,18.0,Oakland,12.162500291666667,87.46131587500001,13.569778670833335,1018.9666666666667,0.18333333333333335,63.75
2019-12-15,37.743065,-122.169935,5.5,0.032,31.0,Oakland,9.681250166666667,78.95277254166668,12.916268866666668,1020.2208333333333,0.029166666666666664,17.541666666666668
2019-12-16,37.743065,-122.169935,3.4,0.029,19.0,Oakland,8.220833495833334,77.682671375,6.531039875,1025.9958333333334,0.0,55.875
2019-12-17,37.743065,-122.169935,8.7,0.028,48.0,Oakland,9.170833508333333,65.8871655,13.234242625,1023.9375,0.0,97.58333333333333
2019-12-18,37.743065,-122.169935,3.0,0.03,17.0,Oakland,10.439583470833334,72.15779270833333,18.002271208333333,1016.525,0.2333333333333333,83.58333333333333
2019-12-19,37.743065,-122.169935,5.6,0.03,31.0,Oakland,11.7020835,91.51044075,6.7942616375,1020.7666666666668,0.14583333333333334,93.58333333333333
2019-12-20,37.743065,-122.169935,11.4,0.005,55.0,Oakland,11.150000141666666,85.33174104166666,5.6871924625000005,1023.8125,0.0,88.83333333333333
2019-12-21,37.743065,-122.169935,8.8,0.026,49.0,Oakland,11.497916916666666,76.75278079166667,7.290841166666667,1017.85,0.0,99.79166666666667
2019-12-22,37.743065,-122.169935,5.7,0.036,32.0,Oakland,11.695833499999999,73.90827854166666,15.430795195833333,1008.7958333333332,0.43333333333333335,67.875
2019-12-23,37.743065,-122.169935,5.0,0.021,28.0,Oakland,8.312500112499999,85.85148845833334,8.609769433333334,1012.4875000000001,0.0,46.166666666666664
2019-12-24,37.743065,-122.169935,6.7,0.03,37.0,Oakland,8.1333336125,84.8991915,8.4584194375,1012.7166666666667,0.012500000000000002,44.75
2019-12-25,37.743065,-122.169935,4.1,0.03,23.0,Oakland,9.110416816666666,81.11444608333333,12.092034425,1011.3375,0.13749999999999998,91.83333333333333
2019-12-26,37.743065,-122.169935,5.9,0.022,33.0,Oakland,9.002083529166667,73.068821625,14.742046287500001,1010.9125,0.049999999999999996,73.66666666666667
2019-12-27,37.743065,-122.169935,6.3,0.018,35.0,Oakland,8.025000279166667,68.611025375,6.887072324999999,1016.8416666666667,0.0,19.875
2019-12-28,37.743065,-122.169935,9.0,0.015,50.0,Oakland,8.070833470833334,77.39612183333334,4.0246248875,1020.1541666666667,0.0,16.75
2019-12-29,37.743065,-122.169935,8.2,0.023,46.0,Oakland,9.975000166666666,84.800133,8.898447795833333,1020.3708333333334,0.16666666666666666,89.375
2019-12-30,37.743065,-122.169935,8.8,0.017,49.0,Oakland,9.783333483333333,84.46789758333334,12.098098649999999,1018.3458333333333,0.4666666666666666,43.5
2019-12-31,37.743065,-122.169935,8.8,0.017,49.0,Oakland,9.783333483333333,84.46789758333334,12.098098649999999,1018.3458333333333,0.4666666666666666,43.5
2020-01-01,37.743065,-122.169935,13.1,0.02,58.0,Oakland,11.039583475,80.62132129166666,6.520376779166667,1020.8833333333333,0.0,76.29166666666667
2020-01-02,37.743065,-122.169935,7.6,0.011,42.0,Oakland,10.547916804166666,92.22635779166666,6.0462036333333335,1019.9333333333334,0.0,74.54166666666667
2020-01-03,37.743065,-122.169935,15.0,0.007,62.0,Oakland,9.797916820833334,76.32769816666666,4.6227735375,1021.8083333333334,0.0,86.33333333333333
2020-01-04,37.743065,-122.169935,9.5,0.024,52.0,Oakland,10.560416804166666,84.59909191666667,7.0507599875,1026.6166666666666,0.03333333333333333,92.04166666666667
2020-01-05,37.743065,-122.169935,6.1,0.03,34.0,Oakland,9.079166770833334,82.918293375,6.332883633333334,1032.4833333333333,0.0,35.25
2020-01-06,37.743065,-122.169935,4.7,0.018,26.0,Oakland,8.793750129166666,77.24112612500001,6.213770591666666,1032.9291666666666,0.0,0.0
2020-01-07,37.743065,-122.169935,7.5,0.03,42.0,Oakland,7.5708333875,77.63423754166666,6.696271366666667,1025.4916666666666,0.0,28.333333333333332
2020-01-08,37.743065,-122.169935,5.2,0.03,29.0,Oakland,10.158333541666666,90.589487125,7.624551945833333,1020.5583333333334,0.07916666666666666,65.16666666666667
2020-01-09,37.743065,-122.169935,4.7,0.023,26.0,Oakland,10.2395835,86.60970916666666,12.065439370833333,1017.8208333333333,0.2333333333333333,74.75
2020-01-10,37.743065,-122.169935,4.6,0.02,26.0,Oakland,8.068750204166667,80.51593258333334,4.9535322375,1024.2875000000001,0.0,13.208333333333334
2020-01-11,37.743065,-122.169935,8.2,0.03,46.0,Oakland,9.9958335125,85.37962062499999,10.632012241666667,1025.4624999999999,0.09583333333333333,51.958333333333336
2020-01-12,37.743065,-122.169935,5.3,0.028,29.0,Oakland,8.131250120833334,85.16241945833333,6.4568325458333335,1023.4,0.004166666666666667,48.583333333333336
2020-01-13,37.743065,-122.169935,4.0,0.034,22.0,Oakland,9.577083429166667,86.75943575000001,9.609836366666666,1022.2458333333334,0.041666666666666664,51.125
2020-01-14,37.743065,-122.169935,5.1,0.032,28.0,Oakland,10.350000083333333,80.58469083333334,11.3545242875,1022.6125000000001,0.11666666666666665,65.41666666666667
2020-01-15,37.743065,-122.169935,4.1,0.032,23.0,Oakland,7.512500137500001,84.35088,6.597918008333333,1020.6083333333332,0.0,55.833333333333336
2020-01-16,37.743065,-122.169935,5.9,0.03,33.0,Oakland,8.558333491666668,80.39281254166667,17.711319425,1011.7166666666667,0.5541666666666667,87.5
2020-01-17,37.743065,-122.169935,5.2,0.024,29.0,Oakland,7.652083487500001,86.28269270833334,6.831819008333333,1021.6999999999999,0.3541666666666667,68.41666666666667
2020-01-18,37.743065,-122.169935,5.0,0.027,28.0,Oakland,8.350000229166666,79.69854354166667,10.834250266666666,1026.7250000000001,0.0,92.95833333333333
2020-01-19,37.743065,-122.169935,5.4,0.021,30.0,Oakland,9.212500158333333,69.59944283333333,13.349822975,1022.6791666666667,0.0,95.20833333333333
2020-01-20,37.743065,-122.169935,13.2,0.011,59.0,Oakland,8.212500083333333,75.787325,8.638994620833333,1017.4541666666668,0.0,96.20833333333333
2020-01-21,37.743065,-122.169935,4.2,0.026,23.0,Oakland,10.527083554166667,84.08793983333334,11.320618141666666,1018.85,0.06666666666666667,81.5
2020-01-22,37.743065,-122.169935,5.0,0.022,28.0,Oakland,12.243750375,89.549053,7.384375128333333,1022.7166666666667,0.29583333333333334,79.70833333333333
2020-01-23,37.743065,-122.169935,7.3,0.017,41.0,Oakland,11.0979168875,87.69644295833332,6.805207616666666,1023.6541666666667,0.0,84.125
2020-01-24,37.743065,-122.169935,9.7,0.018,52.0,Oakland,11.227083624999999,89.04316287500001,4.538129279166667,1021.4541666666668,0.0,54.833333333333336
2020-01-25,37.743065,-122.169935,9.7,0.022,52.0,Oakland,12.568750125,94.56531975,5.309797333333333,1021.0625,0.0,82.125
2020-01-26,37.743065,-122.169935,5.9,0.035,33.0,Oakland,13.097916708333335,94.55019220833333,10.047217291666668,1021.5583333333334,0.24166666666666667,85.20833333333333
2020-01-27,37.743065,-122.169935,7.0,0.028,39.0,Oakland,10.335416808333333,93.18475633333333,7.318162733333334,1027.9791666666667,0.012500000000000002,55.541666666666664
2020-01-28,37.743065,-122.169935,6.8,0.024,38.0,Oakland,11.495833583333335,92.108179875,8.276548729166667,1028.3916666666667,0.041666666666666664,91.20833333333333
2020-01-29,37.743065,-122.169935,8.5,0.018,47.0,Oakland,10.1437500875,88.969063375,7.540560970833333,1025.525,0.008333333333333333,55.708333333333336
2020-01-30,37.743065,-122.169935,7.9,0.013,44.0,Oakland,11.035416666666668,93.05834733333334,6.424525016666667,1023.775,0.008333333333333333,69.16666666666667
2020-01-31,37.743065,-122.169935,10.5,0.014,54.0,Oakland,12.152083291666665,92.53811337500001,3.9000885541666666,1025.55,0.0,83.58333333333333
2020-02-01,37.743065,-122.169935,18.5,0.017,69.0,Oakland,12.0854166,88.27705225,5.3621990125,1026.3083333333334,0.0,23.5
2020-02-02,37.743065,-122.169935,6.2,0.034,34.0,Oakland,11.78958325,82.61686025,12.986437283333332,1020.7125,0.0,63.708333333333336
2020-02-03,37.743065,-122.169935,3.1,0.033,17.0,Oakland,7.241666704166666,64.79482216666666,16.806298075,1020.5333333333333,0.0,3.1666666666666665
2020-02-04,37.743065,-122.169935,4.0,0.032,22.0,Oakland,7.856250108333334,42.69790991666667,13.816728750000001,1023.2624999999999,0.0,14.958333333333334
2020-02-05,37.743065,-122.169935,6.4,0.018,36.0,Oakland,8.577083508333333,64.77640454166666,4.656288520833333,1024.8,0.0,39.083333333333336
2020-02-06,37.743065,-122.169935,10.8,0.014,54.0,Oakland,10.531249991666666,69.49278891666667,4.490596654166667,1022.2333333333332,0.0,3.0833333333333335
2020-02-07,37.743065,-122.169935,14.5,0.019,61.0,Oakland,11.1937500875,78.138686375,4.904018808333333,1020.3874999999999,0.0,0.2916666666666667
2020-02-08,37.743065,-122.169935,9.4,0.026,52.0,Oakland,10.100000266666667,89.34834112499999,7.137685990416667,1019.25,0.0,37.041666666666664
2020-02-09,37.743065,-122.169935,2.7,0.034,15.0,Oakland,10.820833595833333,55.754563999999995,20.0061849625,1015.8125,0.0,0.25
2020-02-10,37.743065,-122.169935,5.1,0.031,28.0,Oakland,12.1687501125,41.30277158333333,15.9389617375,1016.9708333333333,0.0,0.6666666666666666
2020-02-11,37.743065,-122.169935,4.3,0.029,24.0,Oakland,13.299999904166667,51.07533141666667,7.060725795833334,1017.5124999999999,0.0,0.625
2020-02-12,37.743065,-122.169935,10.0,0.021,53.0,Oakland,13.347916666666665,53.564429458333336,5.376377054166667,1017.3708333333334,0.0,9.875
2020-02-13,37.743065,-122.169935,8.5,0.033,47.0,Oakland,10.875000125,84.71933704166666,7.100594029166667,1018.2083333333334,0.0,53.5
2020-02-14,37.743065,-122.169935,9.1,0.027,51.0,Oakland,10.208333541666667,84.08116075,6.940853741666667,1019.2083333333334,0.0,51.708333333333336
2020-02-15,37.743065,-122.169935,11.8,0.027,56.0,Oakland,10.531250129166667,85.94646683333333,5.894534849999999,1021.8916666666668,0.0,45.416666666666664
2020-02-16,37.743065,-122.169935,7.6,0.033,42.0,Oakland,10.810416850000001,86.18535891666666,10.0129629,1023.5916666666667,0.0,53.041666666666664
2020-02-17,37.743065,-122.169935,7.9,0.02,44.0,Oakland,11.566666695833334,81.55946929166667,5.415339129166667,1020.3041666666667,0.0,83.79166666666667
2020-02-18,37.743065,-122.169935,6.0,0.031,33.0,Oakland,12.0104167625,47.76516083333333,7.06675,1017.2125,0.0,56.833333333333336
2020-02-19,37.743065,-122.169935,10.9,0.019,54.0,Oakland,10.879166708333335,81.24113645833333,6.8963486624999994,1018.6208333333334,0.0,30.125
2020-02-20,37.743065,-122.169935,11.7,0.036,56.0,Oakland,11.806250070833334,72.07380329166666,4.671228791666667,1019.7125,0.0,77.66666666666667
2020-02-21,37.743065,-122.169935,10.9,0.035,54.0,Oakland,13.222916695833334,57.447672583333336,6.030288191666667,1018.7666666666668,0.0,71.83333333333333
2020-02-22,37.743065,-122.169935,12.6,0.037,58.0,Oakland,14.1458335,63.264543,7.796904254166666,1015.5083333333333,0.0,63.125
2020-02-23,37.743065,-122.169935,7.2,0.033,40.0,Oakland,11.114583625,81.1759245,14.957128083333332,1023.0333333333333,0.0,64.08333333333333
2020-02-24,37.743065,-122.169935,7.9,0.022,44.0,Oakland,11.322916845833333,87.19945175,6.286485107083333,1028.3166666666666,0.0,50.708333333333336
2020-02-25,37.743065,-122.169935,6.6,0.034,37.0,Oakland,13.472916433333333,54.042881875,5.6127620333333335,1025.3083333333332,0.0,5.916666666666667
2020-02-26,37.743065,-122.169935,10.6,0.034,54.0,Oakland,15.147916583333334,49.61079295833333,5.887431254166667,1025.5041666666666,0.0,1.8333333333333333
2020-02-27,37.743065,-122.169935,13.3,0.033,59.0,Oakland,15.714583166666666,60.50810229166667,5.104906508333333,1024.0666666666666,0.0,28.708333333333332
2020-02-28,37.743065,-122.169935,13.3,0.033,59.0,Oakland,15.714583166666666,60.50810229166667,5.104906508333333,1024.0666666666666,0.0,28.708333333333332
2020-02-29,37.743065,-122.169935,8.2,0.038,46.0,Oakland,11.733333541666667,81.42503958333333,12.999324329166667,1018.65,0.0,74.625
2020-03-01,37.743065,-122.169935,6.0,0.036,33.0,Oakland,9.806250179166666,70.97541341666667,14.1418384125,1016.0458333333332,0.004166666666666667,73.33333333333333
2020-03-02,37.743065,-122.169935,3.2,0.038,18.0,Oakland,13.422916958333333,24.92375429166667,17.74438329166667,1016.5416666666666,0.004166666666666667,7.208333333333333
2020-03-03,37.743065,-122.169935,7.2,0.028,40.0,Oakland,15.443749958333333,45.60262641666667,8.597751779166666,1016.5416666666666,0.0,0.0
2020-03-04,37.743065,-122.169935,12.5,0.033,57.0,Oakland,15.46874975,59.83070008333333,6.350396087499999,1017.0791666666668,0.0,48.958333333333336
2020-03-05,37.743065,-122.169935,11.2,0.032,55.0,Oakland,13.506250291666667,78.99463270833333,7.8862927125,1019.8083333333334,0.0,44.916666666666664
2020-03-06,37.743065,-122.169935,3.7,0.033,21.0,Oakland,12.089583541666668,82.35293108333333,12.273004333333333,1017.6541666666667,0.0,88.0
2020-03-07,37.743065,-122.169935,2.7,0.034,15.0,Oakland,10.775000166666667,82.654964875,12.730291208333334,1013.8916666666668,0.29583333333333334,91.95833333333333
2020-03-08,37.743065,-122.169935,3.7,0.036,21.0,Oakland,9.806250041666667,79.45177329166667,4.99176025,1015.2958333333332,0.0,73.5
2020-03-09,37.743065,-122.169935,3.4,0.036,19.0,Oakland,11.339583404166667,71.04950154166666,7.9805518541666665,1018.1708333333332,0.0,82.04166666666667
2020-03-10,37.743065,-122.169935,4.2,0.032,23.0,Oakland,14.327083166666666,59.034670750000004,8.505000445833334,1017.0625,0.0,50.0
2020-03-11,37.743065,-122.169935,6.1,0.031,34.0,Oakland,15.110416791666665,71.20303483333333,6.060349375,1016.9583333333334,0.008333333333333333,45.125
2020-03-12,37.743065,-122.169935,9.7,0.034,52.0,Oakland,13.004166725,84.63348958333333,6.755434211666667,1014.2666666666668,0.0,15.708333333333334
2020-03-13,37.743065,-122.169935,11.6,0.037,56.0,Oakland,13.29166675,79.79911666666666,10.311636016666666,1007.2624999999999,0.0,16.541666666666668
2020-03-14,37.743065,-122.169935,3.9,0.036,22.0,Oakland,11.235416875,78.79940779166667,17.839072416666667,1013.65,0.39166666666666666,89.29166666666667
2020-03-15,37.743065,-122.169935,2.8,0.04,16.0,Oakland,9.675000291666667,83.08436483333334,17.5121463125,1014.4583333333334,0.9333333333333332,85.58333333333333
2020-03-16,37.743065,-122.169935,2.8,0.038,16.0,Oakland,7.872916783333333,83.266211625,7.657803752083333,1014.4333333333334,0.4666666666666666,91.45833333333333
2020-03-17,37.743065,-122.169935,3.9,0.036,22.0,Oakland,7.889583533333333,80.43847991666667,6.115531929166667,1014.1958333333333,0.020833333333333332,50.5
2020-03-18,37.743065,-122.169935,4.7,0.037,26.0,Oakland,9.179166804166666,80.16138366666667,7.4886058375,1013.3791666666666,0.049999999999999996,93.95833333333333
2020-03-19,37.743065,-122.169935,5.2,0.036,29.0,Oakland,9.981250229166667,81.49393175,6.131207558333333,1014.4250000000001,0.02916666666666667,56.625
2020-03-20,37.743065,-122.169935,8.0,0.034,44.0,Oakland,10.4604168375,79.02598633333334,5.0003272125,1021.3458333333333,0.025000000000000005,24.5
2020-03-21,37.743065,-122.169935,6.3,0.039,35.0,Oakland,11.397916808333333,81.52769266666667,5.318319941666666,1021.3208333333333,0.09999999999999999,48.833333333333336
2020-03-22,37.743065,-122.169935,6.1,0.034,34.0,Oakland,12.633333416666666,75.53480725,5.2987388625,1019.5166666666668,0.10416666666666667,51.083333333333336
2020-03-23,37.743065,-122.169935,5.5,0.041,31.0,Oakland,12.039583416666666,84.43304654166667,11.615351829166668,1017.7041666666668,0.05416666666666667,55.291666666666664
2020-03-24,37.743065,-122.169935,2.0,0.039,11.0,Oakland,10.716667041666666,82.57013829166667,12.273005,1021.2916666666666,0.11666666666666665,64.16666666666667
2020-03-25,37.743065,-122.169935,3.5,0.038,19.0,Oakland,9.283333516666668,80.45338825,9.9908675375,1019.225,0.5333333333333333,41.875
2020-03-26,37.743065,-122.169935,5.2,0.032,29.0,Oakland,8.879166783333334,73.07241245833333,10.342334987500001,1017.6875,0.02916666666666667,17.666666666666668
2020-03-27,37.743065,-122.169935,8.7,0.046,48.0,Oakland,9.927083429166666,71.40185345833333,14.549951654166668,1019.775,0.004166666666666667,20.416666666666668
2020-03-28,37.743065,-122.169935,10.3,0.043,53.0,Oakland,10.695833624999999,83.72381850000001,7.758914895833333,1022.9708333333333,0.16666666666666666,78.58333333333333
2020-03-29,37.743065,-122.169935,5.0,0.041,28.0,Oakland,11.079166875,84.424121125,7.005247574999999,1020.5666666666666,0.09166666666666667,79.16666666666667
2020-03-30,37.743065,-122.169935,2.1,0.033,12.0,Oakland,12.214583458333331,83.297909125,7.535026995833333,1024.1458333333333,0.0,38.041666666666664
2020-03-31,37.743065,-122.169935,3.0,0.025,17.0,Oakland,12.033333708333332,87.53099070833333,9.160115991666666,1024.5791666666667,0.0,51.666666666666664
2020-04-01,37.743065,-122.169935,5.7,0.035,32.0,Oakland,11.510416958333332,79.88411945833333,12.597404741666667,1017.1041666666666,0.0,12.083333333333334
2020-04-02,37.743065,-122.169935,4.6,0.031,26.0,Oakland,10.537500183333334,67.60537037499999,9.440961708333333,1017.5208333333334,0.0,0.0
2020-04-03,37.743065,-122.169935,5.7,0.031,32.0,Oakland,10.6250002625,71.991152875,9.084413487499999,1018.6208333333334,0.0,23.75
2020-04-04,37.743065,-122.169935,2.7,0.029,15.0,Oakland,10.808333541666668,81.14077779166666,16.1981045,1014.0500000000001,0.24583333333333335,42.666666666666664
2020-04-05,37.743065,-122.169935,3.1,0.033,17.0,Oakland,11.402083625000001,87.339852125,17.252410145833334,1006.4083333333333,0.9541666666666666,93.0
2020-04-06,37.743065,-122.169935,4.7,0.03,26.0,Oakland,9.241666720833333,82.809721,6.412524645833333,1008.8625000000001,0.19999999999999998,79.29166666666667
2020-04-07,37.743065,-122.169935,4.5,0.034,25.0,Oakland,8.439583608333333,84.99293125,6.785280383333333,1017.8333333333334,0.1875,26.333333333333332
2020-04-08,37.743065,-122.169935,5.3,0.033,29.0,Oakland,11.933333500000002,82.86530599999999,10.184815891666666,1015.125,0.012499999999999999,56.083333333333336
2020-04-09,37.743065,-122.169935,3.3,0.032,18.0,Oakland,12.654167041666666,83.02318774999999,9.095364941666666,1015.8125,0.03333333333333333,94.91666666666667
2020-04-10,37.743065,-122.169935,5.0,0.034,28.0,Oakland,13.333333458333334,86.42769987499999,10.235877508333333,1017.9916666666667,0.03333333333333333,61.541666666666664
2020-04-11,37.743065,-122.169935,4.8,0.036,27.0,Oakland,11.956250166666665,86.01739908333333,12.550766791666666,1017.5166666666668,0.0,58.75
2020-04-12,37.743065,-122.169935,10.9,0.04,54.0,Oakland,12.229166833333332,83.269182125,11.009526091666666,1016.7666666666668,0.0,60.875
2020-04-13,37.743065,-122.169935,12.8,0.039,58.0,Oakland,12.672916666666666,85.44588454166667,11.4826785,1019.15,0.0,32.666666666666664
2020-04-14,37.743065,-122.169935,7.5,0.042,42.0,Oakland,13.602083220833334,75.23328941666666,8.034542699166666,1022.6208333333334,0.0,0.4583333333333333
2020-04-15,37.743065,-122.169935,9.7,0.033,52.0,Oakland,15.5,62.067219875,7.540991954166667,1020.0583333333334,0.0,11.541666666666666
2020-04-16,37.743065,-122.169935,4.7,0.028,26.0,Oakland,13.293750166666667,85.10324120833333,10.678909875,1013.9041666666667,0.0,91.58333333333333
2020-04-17,37.743065,-122.169935,5.5,0.038,31.0,Oakland,13.010416708333333,80.01056870833334,13.060367208333334,1013.3291666666668,0.0,96.45833333333333
2020-04-18,37.743065,-122.169935,5.5,0.039,31.0,Oakland,13.18750025,73.76297345833333,12.0304361125,1016.9708333333333,0.0,77.5
2020-04-19,37.743065,-122.169935,5.9,0.037,33.0,Oakland,12.652083416666665,77.018730125,10.737040479166666,1018.9,0.0,45.5
2020-04-20,37.743065,-122.169935,5.6,0.037,31.0,Oakland,12.706250166666665,76.28338395833333,13.3755948125,1019.0500000000001,0.0,70.45833333333333
2020-04-21,37.743065,-122.169935,6.2,0.031,34.0,Oakland,12.695833333333333,81.61145595833334,13.776585333333335,1022.8000000000001,0.0,40.416666666666664
2020-04-22,37.743065,-122.169935,4.6,0.027,26.0,Oakland,13.741666666666667,81.82936516666666,9.788605458333334,1024.8583333333333,0.0,22.041666666666668
2020-04-23,37.743065,-122.169935,5.5,0.028,31.0,Oakland,15.5791665,88.80183983333335,10.665756620833333,1024.1833333333332,0.0,67.70833333333333
2020-04-24,37.743065,-122.169935,8.6,0.031,48.0,Oakland,16.689583375,73.37490954166667,7.419844158333333,1020.1750000000001,0.0,8.75
2020-04-25,37.743065,-122.169935,6.5,0.025,36.0,Oakland,17.0604165,76.98283183333334,6.493096433333334,1017.975,0.0,77.04166666666667
2020-04-26,37.743065,-122.169935,5.8,0.036,32.0,Oakland,14.752083333333333,85.03816266666666,11.10792315,1017.5666666666666,0.0,73.75
2020-04-27,37.743065,-122.169935,7.3,0.031,41.0,Oakland,14.666666708333333,71.046394875,12.2529151875,1019.6416666666668,0.0,35.166666666666664
2020-04-28,37.743065,-122.169935,4.2,0.024,23.0,Oakland,16.160416541666667,81.78201716666666,8.172469054166667,1019.4,0.0,24.708333333333332
2020-04-29,37.743065,-122.169935,2.9,0.024,16.0,Oakland,13.914583499999999,87.17614220833333,14.878484833333333,1017.5541666666667,0.0,82.75
2020-04-30,37.743065,-122.169935,5.3,0.037,29.0,Oakland,14.583333333333334,83.22787991666667,15.749228416666668,1019.2416666666667,0.0,83.66666666666667
2020-05-01,37.743065,-122.169935,5.5,0.038,31.0,Oakland,14.083333333333334,67.38277108333334,14.523841854166667,1019.5333333333333,0.0,36.625
2020-05-02,37.743065,-122.169935,2.6,0.025,14.0,Oakland,14.747916666666667,84.65591525,14.330395041666668,1019.5458333333332,0.04583333333333334,86.45833333333333
2020-05-03,37.743065,-122.169935,4.7,0.04,26.0,Oakland,14.785416666666668,74.39736487500001,12.080474829166667,1021.5666666666666,0.004166666666666667,34.083333333333336
2020-05-04,37.743065,-122.169935,6.0,0.039,33.0,Oakland,13.608333333333334,73.79739354166666,9.524202929166668,1021.7333333333332,0.0,10.583333333333334
2020-05-05,37.743065,-122.169935,3.5,0.033,19.0,Oakland,14.454166625,74.48457379166668,12.349942812499998,1020.6291666666666,0.0,40.875
2020-05-06,37.743065,-122.169935,7.8,0.04,43.0,Oakland,15.977083208333333,71.68784624999999,14.088016029166667,1021.9875000000001,0.0,52.333333333333336
2020-05-07,37.743065,-122.169935,9.8,0.039,52.0,Oakland,18.339583,59.34870429166667,8.128852944583334,1016.3791666666666,0.0,32.75
2020-05-08,37.743065,-122.169935,12.1,0.049,57.0,Oakland,18.50833325,61.640269625,7.044669995833334,1012.4250000000001,0.0,39.708333333333336
2020-05-09,37.743065,-122.169935,9.2,0.035,51.0,Oakland,15.543749833333331,77.62926883333334,9.604170041666666,1012.7291666666666,0.0,67.66666666666667
2020-05-10,37.743065,-122.169935,8.6,0.039,48.0,Oakland,14.366666375,78.85427341666666,13.0056595375,1013.8125,0.0,62.25
2020-05-11,37.743065,-122.169935,4.7,0.039,26.0,Oakland,15.558333291666665,66.60091204166666,13.489311483333333,1014.0583333333334,0.008333333333333333,64.625
2020-05-12,37.743065,-122.169935,3.8,0.038,21.0,Oakland,15.312499875,81.01157141666667,15.176945708333333,1014.9416666666666,0.47083333333333327,74.83333333333333
2020-05-13,37.743065,-122.169935,5.0,0.029,28.0,Oakland,14.662499916666667,74.58689608333333,14.004307229166665,1017.5958333333333,0.08750000000000001,57.708333333333336
2020-05-14,37.743065,-122.169935,3.2,0.029,18.0,Oakland,15.360416583333333,79.33234449999999,11.716523016666669,1019.375,0.02916666666666667,76.29166666666667
2020-05-15,37.743065,-122.169935,4.5,0.034,25.0,Oakland,15.391666708333332,81.731841,13.586195854166666,1019.7958333333332,0.020833333333333332,60.333333333333336
2020-05-16,37.743065,-122.169935,2.5,0.023,14.0,Oakland,15.045833208333333,77.795271,12.820251729166666,1016.3583333333332,0.0,80.375
2020-05-17,37.743065,-122.169935,3.7,0.034,21.0,Oakland,17.085416416666664,79.322096125,14.728686854166668,1011.2833333333333,0.23750000000000002,72.66666666666667
2020-05-18,37.743065,-122.169935,3.9,0.036,22.0,Oakland,15.227083166666667,79.11072275,16.3058893125,1011.7958333333332,0.49583333333333335,60.291666666666664
2020-05-19,37.743065,-122.169935,4.5,0.033,25.0,Oakland,14.183333416666668,77.80070095833334,12.682898079166668,1016.2833333333333,0.07916666666666668,33.375
2020-05-20,37.743065,-122.169935,4.1,0.03,23.0,Oakland,14.512500000000001,79.039510375,14.27353625,1019.5333333333333,0.0,42.875
2020-05-21,37.743065,-122.169935,7.2,0.029,40.0,Oakland,15.006249833333333,82.51556929166667,10.607378783333333,1018.4541666666668,0.0,34.458333333333336
2020-05-22,37.743065,-122.169935,8.2,0.035,46.0,Oakland,14.872916625,77.03661079166666,11.693471079166665,1014.3916666666668,0.0,47.208333333333336
2020-05-23,37.743065,-122.169935,10.5,0.032,54.0,Oakland,15.425000083333332,75.843996875,9.730037704166667,1014.3041666666667,0.0,4.541666666666667
2020-05-24,37.743065,-122.169935,10.2,0.037,53.0,Oakland,16.0625,74.02346354166667,8.793858245833333,1015.2375000000001,0.0,10.5
2020-05-25,37.743065,-122.169935,9.4,0.04,52.0,Oakland,19.81249933333333,62.263723375000005,7.376662425,1013.0666666666666,0.0,0.0
2020-05-26,37.743065,-122.169935,13.2,0.034,59.0,Oakland,20.799999375,66.22483983333333,7.305917811666667,1011.7833333333333,0.0,0.0
2020-05-27,37.743065,-122.169935,12.1,0.023,57.0,Oakland,21.92083304166667,62.20865658333333,6.603755591666666,1011.8583333333332,0.0,5.458333333333333
2020-05-28,37.743065,-122.169935,6.2,0.026,34.0,Oakland,17.48749954166667,75.01286816666666,8.799701820833333,1012.7708333333334,0.0,5.583333333333333
2020-05-29,37.743065,-122.169935,3.5,0.03,19.0,Oakland,16.956249666666668,79.16165483333333,11.900933070833332,1012.3666666666667,0.0,45.416666666666664
2020-05-30,37.743065,-122.169935,4.5,0.026,25.0,Oakland,18.410416041666668,65.77047254166666,14.720562791666666,1012.8666666666667,0.05416666666666667,75.79166666666667
2020-05-31,37.743065,-122.169935,4.1,0.029,23.0,Oakland,16.452083124999998,78.998538125,11.867771404166668,1015.2041666666668,0.0,88.70833333333333
2020-06-01,37.743065,-122.169935,7.6,0.028,42.0,Oakland,15.95624975,77.468040375,10.707804995833333,1015.7624999999999,0.0,66.125
2020-06-02,37.743065,-122.169935,10.0,0.041,53.0,Oakland,18.44374983333333,71.86811025,8.509498766666667,1015.5208333333334,0.0,24.458333333333332
2020-06-03,37.743065,-122.169935,11.1,0.032,55.0,Oakland,21.291666208333332,62.639246500000006,7.296117170833334,1014.8791666666666,0.0,9.708333333333334
2020-06-04,37.743065,-122.169935,15.9,0.031,64.0,Oakland,20.32291641666667,67.42411995833334,6.9568694041666665,1010.2583333333333,0.0,9.375
2020-06-05,37.743065,-122.169935,8.2,0.031,46.0,Oakland,16.479166458333335,70.863755125,20.373582833333334,1008.3458333333333,0.0,38.75
2020-06-06,37.743065,-122.169935,6.2,0.03,34.0,Oakland,14.929166625,72.239464,24.532091666666663,1013.3249999999999,0.0,57.125
2020-06-07,37.743065,-122.169935,5.2,0.029,29.0,Oakland,14.704166375,66.51308254166666,24.55747975,1018.9125,0.016666666666666666,6.583333333333333
2020-06-08,37.743065,-122.169935,5.2,0.029,29.0,Oakland,16.106249958333333,61.531394625,11.661416445833334,1021.375,0.0,5.583333333333333
2020-06-09,37.743065,-122.169935,7.0,0.029,39.0,Oakland,18.002083333333335,58.48557091666667,9.534043545833333,1021.5166666666668,0.0,8.541666666666666
2020-06-10,37.743065,-122.169935,6.5,0.019,36.0,Oakland,18.74999975,68.24436725,8.416539841666667,1018.0333333333333,0.0,34.083333333333336
2020-06-11,37.743065,-122.169935,4.2,0.02,23.0,Oakland,17.418749916666666,78.92213729166666,9.433314608333333,1016.0124999999999,0.0,50.291666666666664
2020-06-12,37.743065,-122.169935,4.8,0.026,27.0,Oakland,16.047916666666666,77.76515683333334,15.562139895833333,1017.2416666666667,0.0,78.75
2020-06-13,37.743065,-122.169935,3.9,0.027,22.0,Oakland,15.374999833333334,75.53040216666666,20.090462583333334,1019.2375000000001,0.0,40.875
2020-06-14,37.743065,-122.169935,3.0,0.022,17.0,Oakland,16.558333041666668,76.828790125,11.150719991666667,1017.1291666666666,0.0,41.833333333333336
2020-06-15,37.743065,-122.169935,4.7,0.022,26.0,Oakland,16.447916333333332,79.72486495833333,13.300074729166667,1016.5875,0.0,60.708333333333336
2020-06-16,37.743065,-122.169935,5.8,0.029,32.0,Oakland,16.32499975,73.01937508333333,16.921799458333332,1016.1416666666668,0.0,19.916666666666668
2020-06-17,37.743065,-122.169935,6.3,0.03,35.0,Oakland,17.947916458333335,64.24928975,9.959542804166666,1015.2791666666667,0.0,0.0
2020-06-18,37.743065,-122.169935,8.4,0.037,47.0,Oakland,20.76666625,52.017813875,8.170376740416666,1012.9499999999999,0.0,6.416666666666667
2020-06-19,37.743065,-122.169935,10.1,0.032,53.0,Oakland,17.956249458333332,71.16658712499999,10.562308275,1012.4,0.0,32.375
2020-06-20,37.743065,-122.169935,5.3,0.023,29.0,Oakland,16.158333125,79.65505158333333,13.2495658125,1014.7458333333334,0.0,32.25
2020-06-21,37.743065,-122.169935,5.7,0.02,32.0,Oakland,17.254166375,80.892412375,13.349038416666666,1015.1750000000001,0.0,83.16666666666667
2020-06-22,37.743065,-122.169935,7.5,0.026,42.0,Oakland,17.043749916666666,77.72231833333333,11.642040645833333,1014.275,0.0,36.333333333333336
2020-06-23,37.743065,-122.169935,6.3,0.025,35.0,Oakland,17.304166541666664,79.40644379166666,11.574527304166667,1013.375,0.0,16.333333333333332
2020-06-24,37.743065,-122.169935,6.7,0.021,37.0,Oakland,17.320832916666667,79.33755225,12.156274233333333,1010.9166666666666,0.0,34.208333333333336
2020-06-25,37.743065,-122.169935,4.9,0.016,27.0,Oakland,17.745833208333334,76.37938270833332,13.7733750625,1008.6416666666668,0.0,37.25
2020-06-26,37.743065,-122.169935,6.9,0.018,38.0,Oakland,17.364583125,79.84592933333333,11.257357429166667,1011.1999999999999,0.0,33.958333333333336
2020-06-27,37.743065,-122.169935,6.3,0.025,35.0,Oakland,17.504166458333334,79.43496254166666,12.871779187500001,1011.4875000000001,0.0,26.291666666666668
2020-06-28,37.743065,-122.169935,12.7,0.026,58.0,Oakland,15.452083125,77.39448166666666,22.141088208333333,1008.6083333333332,0.008333333333333333,67.91666666666667
2020-06-29,37.743065,-122.169935,13.5,0.024,59.0,Oakland,16.435416458333332,69.40884045833333,13.422690129166666,1009.4666666666667,0.0,1.25
2020-06-30,37.743065,-122.169935,13.2,0.024,59.0,Oakland,18.262499791666666,68.22303633333333,8.376377169583334,1013.1541666666667,0.0,0.16666666666666666
2020-07-01,37.743065,-122.169935,11.7,0.023,56.0,Oakland,17.2874995,73.31663670833333,11.337498125000002,1010.5625,0.0,4.5
2020-07-02,37.743065,-122.169935,9.8,0.029,52.0,Oakland,16.96250004166667,73.57894354166667,12.656092345833335,1011.0833333333334,0.0,20.25
2020-07-03,37.743065,-122.169935,11.6,0.029,56.0,Oakland,16.362500083333334,76.61751145833334,13.8284486875,1015.275,0.0,28.0
2020-07-04,37.743065,-122.169935,41.1,0.036,115.0,Oakland,17.362499916666668,68.09101691666666,9.421889858333333,1017.1333333333333,0.0,0.0
2020-07-05,37.743065,-122.169935,25.0,0.036,81.0,Oakland,18.672916208333334,65.33652820833333,8.948041091666667,1016.0500000000001,0.0,0.0
2020-07-06,37.743065,-122.169935,9.1,0.029,51.0,Oakland,17.158333208333335,72.2155365,13.619822325000001,1014.3958333333334,0.0,13.666666666666666
2020-07-07,37.743065,-122.169935,10.0,0.032,53.0,Oakland,16.43958325,71.98892941666666,15.396033104166667,1014.9583333333334,0.0,13.083333333333334
2020-07-08,37.743065,-122.169935,10.2,0.02,53.0,Oakland,17.733333166666664,73.23348158333333,10.721052466666668,1012.6374999999999,0.0,3.5416666666666665
2020-07-09,37.743065,-122.169935,12.2,0.02,57.0,Oakland,17.704166416666666,70.21968708333334,12.333893275,1012.1583333333333,0.0,3.125
2020-07-10,37.743065,-122.169935,5.7,0.012,32.0,Oakland,18.118749375,71.73059049999999,8.445968525,1015.0208333333334,0.0,22.5
2020-07-11,37.743065,-122.169935,11.3,0.024,55.0,Oakland,18.454166333333333,67.81758625,7.986751616666666,1016.0500000000001,0.0,27.0
2020-07-12,37.743065,-122.169935,11.6,0.028,56.0,Oakland,18.364583041666666,67.54695820833334,7.8375493875,1014.5458333333332,0.0,0.0
2020-07-13,37.743065,-122.169935,12.2,0.025,57.0,Oakland,17.73124975,74.18525370833333,13.916422625000001,1011.625,0.0,24.125
2020-07-14,37.743065,-122.169935,9.0,0.03,50.0,Oakland,17.262499875,73.41296379166667,14.249822770833333,1012.6541666666667,0.0,14.291666666666666
2020-07-15,37.743065,-122.169935,6.5,0.024,36.0,Oakland,17.774999875,76.83556995833334,11.28893,1012.9875000000001,0.0,25.583333333333332
2020-07-16,37.743065,-122.169935,5.4,0.028,30.0,Oakland,16.797916416666666,78.85448633333333,15.129433791666665,1012.5458333333332,0.0,20.75
2020-07-17,37.743065,-122.169935,5.2,0.027,29.0,Oakland,17.927083208333332,75.97775445833334,13.793936458333334,1013.8375,0.0,34.166666666666664
2020-07-18,37.743065,-122.169935,6.0,0.028,33.0,Oakland,18.004166291666667,75.23274641666667,13.423893450000001,1014.6916666666666,0.0,3.7916666666666665
2020-07-19,37.743065,-122.169935,4.9,0.024,27.0,Oakland,17.093749833333334,80.39879208333333,16.172201,1015.2458333333334,0.0,24.916666666666668
2020-07-20,37.743065,-122.169935,3.1,0.021,17.0,Oakland,16.597916625,79.40119941666667,16.376284833333333,1016.0458333333332,0.0,55.333333333333336
2020-07-21,37.743065,-122.169935,2.0,0.019,11.0,Oakland,15.752083333333333,81.665137125,14.922621416666667,1013.275,0.0,71.45833333333333
2020-07-22,37.743065,-122.169935,2.5,0.019,14.0,Oakland,16.733333041666665,78.70667691666667,15.059735062500001,1010.8583333333332,0.0,69.16666666666667
2020-07-23,37.743065,-122.169935,4.0,0.02,22.0,Oakland,16.583333125,79.44778254166667,14.422652333333334,1012.0958333333333,0.0,57.041666666666664
2020-07-24,37.743065,-122.169935,7.6,0.023,42.0,Oakland,15.731249791666665,80.68896425,15.176779541666667,1013.0833333333334,0.0,33.416666666666664
2020-07-25,37.743065,-122.169935,10.1,0.024,53.0,Oakland,16.737499916666668,76.86318575,11.760218791666667,1013.35,0.0,38.583333333333336
2020-07-26,37.743065,-122.169935,8.1,0.024,45.0,Oakland,17.316666375,78.87227566666667,12.999257083333333,1013.5333333333333,0.0,23.125
2020-07-27,37.743065,-122.169935,5.2,0.023,29.0,Oakland,16.516666416666666,80.821874625,13.546081583333333,1014.0541666666667,0.0,42.833333333333336
2020-07-28,37.743065,-122.169935,8.5,0.025,47.0,Oakland,16.104166583333335,81.69842025,12.869952166666666,1013.4416666666666,0.0,53.375
2020-07-29,37.743065,-122.169935,3.6,0.023,20.0,Oakland,15.77291675,84.64933895833333,12.076261254166667,1013.275,0.0,71.79166666666667
2020-07-30,37.743065,-122.169935,4.8,0.024,27.0,Oakland,15.899999708333333,83.063347875,13.177506208333334,1015.4833333333332,0.0,66.83333333333333
2020-07-31,37.743065,-122.169935,5.4,0.02,30.0,Oakland,15.229166416666667,83.592964625,13.1436644375,1016.7708333333334,0.0,65.91666666666667
2020-08-01,37.743065,-122.169935,3.4,0.015,19.0,Oakland,16.727083291666666,80.21636908333333,12.537436208333332,1016.6625,0.0,32.125
2020-08-02,37.743065,-122.169935,4.7,0.019,26.0,Oakland,16.70624975,76.61582954166667,12.246445583333333,1016.7291666666666,0.0,26.625
2020-08-03,37.743065,-122.169935,5.9,0.019,33.0,Oakland,18.08749975,72.52040245833334,10.777350375,1016.8708333333334,0.0,0.041666666666666664
2020-08-04,37.743065,-122.169935,5.7,0.022,32.0,Oakland,16.785416625,84.56281270833334,16.900172583333333,1015.7208333333333,0.0,69.33333333333333
2020-08-05,37.743065,-122.169935,5.7,0.024,32.0,Oakland,16.062499833333334,84.56515141666667,21.975781333333334,1014.8041666666667,0.03333333333333333,94.75
2020-08-06,37.743065,-122.169935,6.1,0.023,34.0,Oakland,16.84999983333333,78.18377808333334,15.877522316666665,1013.3416666666667,0.0,73.33333333333333
2020-08-07,37.743065,-122.169935,9.8,0.025,52.0,Oakland,17.597916541666667,73.93762766666667,13.901279975,1013.3208333333333,0.0,23.083333333333332
2020-08-08,37.743065,-122.169935,10.6,0.024,54.0,Oakland,17.86666645833333,76.7050775,9.132695958333334,1014.2624999999999,0.0,3.75
2020-08-09,37.743065,-122.169935,7.3,0.026,41.0,Oakland,18.743749708333333,76.121404125,9.996177070833333,1013.6166666666667,0.0,8.666666666666666
2020-08-10,37.743065,-122.169935,6.8,0.023,38.0,Oakland,18.539583208333333,77.06781641666667,11.101817620833332,1012.8874999999999,0.0,8.041666666666666
2020-08-11,37.743065,-122.169935,4.6,0.025,26.0,Oakland,17.449999708333333,80.22967575,14.789729000000001,1013.4250000000001,0.0,36.666666666666664
2020-08-12,37.743065,-122.169935,6.2,0.026,34.0,Oakland,18.068749625,79.1321245,12.272789520833333,1013.6166666666667,0.0,55.833333333333336
2020-08-13,37.743065,-122.169935,10.7,0.032,54.0,Oakland,19.512499583333334,67.14928691666667,7.524601170833333,1013.1791666666667,0.0,11.0
2020-08-14,37.743065,-122.169935,9.3,0.039,51.0,Oakland,24.395832833333333,46.983859583333334,8.674866891666667,1012.775,0.0,60.291666666666664
2020-08-15,37.743065,-122.169935,10.7,0.03,54.0,Oakland,25.045832666666666,47.898951625,8.869540640416666,1011.5708333333333,0.0,22.708333333333332
2020-08-16,37.743065,-122.169935,11.5,0.034,55.0,Oakland,24.71666625,54.066803291666666,8.366770491666665,1011.8083333333334,0.0,74.0
2020-08-17,37.743065,-122.169935,8.8,0.019,49.0,Oakland,22.618749583333337,63.56707325,7.7635784375000005,1013.9916666666667,0.0,78.66666666666667
2020-08-18,37.743065,-122.169935,13.2,0.018,59.0,Oakland,21.36666633333333,70.10067491666666,7.0425724875,1015.1291666666666,0.0,47.833333333333336
2020-08-19,37.743065,-122.169935,46.7,0.033,129.0,Oakland,21.333332875,61.63512241666667,7.63758915,1013.7125,0.0,2.625
2020-08-20,37.743065,-122.169935,32.5,0.021,95.0,Oakland,18.629166291666667,71.78916104166667,9.7854484875,1012.975,0.0,7.083333333333333
2020-08-21,37.743065,-122.169935,40.3,0.03,113.0,Oakland,18.681249708333333,84.88829833333334,11.740231770833333,1011.4833333333332,0.0,64.75
2020-08-22,37.743065,-122.169935,40.5,0.04,113.0,Oakland,18.904166291666666,80.29171533333333,8.987837033333333,1011.7125,0.0,29.333333333333332
2020-08-23,37.743065,-122.169935,33.4,0.033,96.0,Oakland,19.36874975,74.267057375,7.745121808333334,1011.35,0.0,27.5
2020-08-24,37.743065,-122.169935,26.3,0.026,83.0,Oakland,19.537499291666666,77.482730625,10.0726574125,1011.0500000000001,0.008333333333333333,27.291666666666668
2020-08-25,37.743065,-122.169935,30.6,0.03,91.0,Oakland,18.879166333333334,79.93082120833333,12.555235816666666,1011.275,0.0,19.166666666666668
2020-08-26,37.743065,-122.169935,10.8,0.024,54.0,Oakland,16.949999791666666,81.046823125,11.684844616666666,1011.225,0.0,12.625
2020-08-27,37.743065,-122.169935,8.0,0.022,44.0,Oakland,16.14375,79.85538791666666,13.792351583333334,1010.5875,0.0,67.5
2020-08-28,37.743065,-122.169935,28.3,0.028,87.0,Oakland,16.660416416666667,82.01583666666666,8.548494175,1009.6875,0.0,30.25
2020-08-29,37.743065,-122.169935,17.6,0.026,67.0,Oakland,16.952083375,80.962326625,10.3208695625,1010.8583333333332,0.0,18.166666666666668
2020-08-30,37.743065,-122.169935,13.5,0.024,59.0,Oakland,16.987499958333334,81.94202225,11.531806604166666,1011.4375,0.0,34.208333333333336
2020-08-31,37.743065,-122.169935,21.3,0.031,74.0,Oakland,16.356249833333333,81.259277875,11.446937579166667,1010.3833333333333,0.0,28.291666666666668
2020-09-01,37.743065,-122.169935,19.0,0.031,69.0,Oakland,16.12291670833333,81.95200125000001,11.744839133333334,1012.5333333333333,0.0,24.708333333333332
2020-09-02,37.743065,-122.169935,13.4,0.031,59.0,Oakland,16.366666708333334,81.50558491666668,14.257206854166668,1016.6666666666666,0.0,40.875
2020-09-03,37.743065,-122.169935,17.5,0.03,67.0,Oakland,16.010416541666668,83.81184129166667,14.892002958333334,1017.5291666666667,0.0,49.375
2020-09-04,37.743065,-122.169935,16.8,0.035,65.0,Oakland,15.812499958333333,82.84211629166667,11.891527250000001,1016.5,0.0,44.791666666666664
2020-09-05,37.743065,-122.169935,23.5,0.061,78.0,Oakland,20.331249291666666,60.7511705,6.388575525,1014.9666666666667,0.0,0.041666666666666664
2020-09-06,37.743065,-122.169935,34.7,0.066,99.0,Oakland,26.0812495,44.91252558333333,7.484179904166666,1013.9833333333332,0.0,0.4166666666666667
2020-09-07,37.743065,-122.169935,30.5,0.044,91.0,Oakland,27.912499541666666,38.57060125,6.8967963999999995,1010.8041666666667,0.0,0.0
2020-09-08,37.743065,-122.169935,16.5,0.013,65.0,Oakland,22.320832999999997,58.417786166666666,7.677403504166667,1005.7875,0.0,6.208333333333333
2020-09-09,37.743065,-122.169935,32.7,0.022,95.0,Oakland,18.44999975,81.04653358333333,8.152085716666667,1008.1458333333334,0.0,45.291666666666664
2020-09-10,37.743065,-122.169935,110.5,0.014,190.0,Oakland,17.366666291666665,80.49805566666667,11.499097558333332,1014.6125000000001,0.0,8.125
2020-09-11,37.743065,-122.169935,167.7,0.031,243.0,Oakland,17.427083208333332,82.60036070833333,9.68941495,1017.3249999999999,0.0,25.875
2020-09-12,37.743065,-122.169935,101.7,0.042,183.0,Oakland,17.41041625,83.07211633333334,7.864968183333333,1014.6291666666666,0.0,52.541666666666664
2020-09-13,37.743065,-122.169935,105.4,0.04,186.0,Oakland,16.491666499999997,83.51947483333333,9.71833365,1013.2958333333332,0.0,34.458333333333336
2020-09-14,37.743065,-122.169935,117.3,0.048,194.0,Oakland,15.781250041666667,83.05013058333333,12.468620970833333,1015.475,0.0,62.75
2020-09-15,37.743065,-122.169935,20.4,0.019,72.0,Oakland,16.906249833333334,82.50292258333333,10.3024861125,1017.7624999999999,0.0,46.958333333333336
2020-09-16,37.743065,-122.169935,4.1,0.012,23.0,Oakland,18.595832666666666,88.20389933333333,9.804338391666667,1017.5041666666666,0.0,69.29166666666667
2020-09-17,37.743065,-122.169935,4.5,0.017,25.0,Oakland,18.787499416666666,91.9254815,9.1090276125,1015.6125000000001,0.016666666666666666,86.20833333333333
2020-09-18,37.743065,-122.169935,7.2,0.029,40.0,Oakland,18.483332916666665,85.69392941666666,12.1501265125,1015.9791666666666,0.0,63.0
2020-09-19,37.743065,-122.169935,10.1,0.029,53.0,Oakland,18.083332916666667,86.90794520833333,12.061050183333334,1015.8666666666667,0.0,75.125
2020-09-20,37.743065,-122.169935,17.0,0.039,66.0,Oakland,19.470832791666666,75.64430345833334,7.296758083333334,1012.8125,0.0,12.166666666666666
2020-09-21,37.743065,-122.169935,15.8,0.026,63.0,Oakland,18.383332916666667,80.28958704166666,7.8055944833333335,1012.75,0.0,0.5
2020-09-22,37.743065,-122.169935,4.3,0.027,24.0,Oakland,17.37499975,83.086225625,12.881481749999999,1015.9791666666666,0.0,66.66666666666667
2020-09-23,37.743065,-122.169935,4.5,0.021,25.0,Oakland,17.208333166666666,80.66372258333332,8.955337241666667,1018.6958333333333,0.0,24.666666666666668
2020-09-24,37.743065,-122.169935,4.8,0.027,27.0,Oakland,18.581249416666665,90.93575804166666,13.683697083333334,1017.9541666666668,0.016666666666666666,70.25
2020-09-25,37.743065,-122.169935,10.0,0.029,53.0,Oakland,17.610416291666667,77.22411020833333,12.405874854166667,1016.1125000000001,0.0,29.708333333333332
2020-09-26,37.743065,-122.169935,8.2,0.024,46.0,Oakland,18.281249791666667,77.65532970833333,8.069045770833334,1016.9291666666667,0.0,6.083333333333333
2020-09-27,37.743065,-122.169935,11.8,0.037,56.0,Oakland,21.766666166666667,63.52337045833334,6.1067986916666674,1013.0958333333333,0.0,41.625
2020-09-28,37.743065,-122.169935,16.4,0.046,65.0,Oakland,27.699999833333333,23.781612916666663,7.8778954625,1011.7125,0.0,0.0
2020-09-29,37.743065,-122.169935,7.6,0.036,42.0,Oakland,20.095832916666666,72.72907854166667,11.065330904166666,1015.0708333333333,0.0,18.166666666666668
2020-09-30,37.743065,-122.169935,30.7,0.036,91.0,Oakland,18.199999875,81.08230433333334,9.24550225,1018.125,0.0,53.791666666666664
2020-10-01,37.743065,-122.169935,58.7,0.028,153.0,Oakland,24.393749416666665,47.561226375,6.002933012500001,1015.5749999999999,0.0,0.16666666666666666
2020-10-02,37.743065,-122.169935,75.7,0.028,165.0,Oakland,24.82083270833333,39.43085058333333,5.719791775,1014.6583333333333,0.0,0.0
2020-10-03,37.743065,-122.169935,26.9,0.025,84.0,Oakland,21.187499416666665,57.88499225,6.1932995375,1013.3791666666666,0.0,0.0
2020-10-04,37.743065,-122.169935,13.2,0.025,59.0,Oakland,18.199999541666667,75.08163883333333,6.598408370833333,1014.5416666666666,0.0,3.625
2020-10-05,37.743065,-122.169935,17.9,0.028,67.0,Oakland,18.162499708333332,79.97132,5.837289402916666,1016.1416666666668,0.0,30.375
2020-10-06,37.743065,-122.169935,19.5,0.022,70.0,Oakland,16.606249791666666,81.46737075,8.324119541666667,1016.1875,0.0,33.541666666666664
2020-10-07,37.743065,-122.169935,30.3,0.03,90.0,Oakland,15.354166625,84.935986375,9.302900504166667,1014.4499999999999,0.0,70.91666666666667
2020-10-08,37.743065,-122.169935,15.7,0.032,63.0,Oakland,15.691666833333334,84.583163375,12.5361581875,1014.0958333333333,0.0,87.70833333333333
2020-10-09,37.743065,-122.169935,2.3,0.02,13.0,Oakland,16.477083208333333,80.951063625,10.064660533333333,1015.0208333333334,0.004166666666666667,90.75
2020-10-10,37.743065,-122.169935,3.8,0.02,21.0,Oakland,16.941666458333334,85.04482195833333,8.390079045833334,1014.6374999999999,0.0,56.125
2020-10-11,37.743065,-122.169935,6.5,0.03,36.0,Oakland,17.979166458333335,79.63022533333334,9.8931855375,1017.7291666666666,0.0,55.5
2020-10-12,37.743065,-122.169935,9.6,0.027,52.0,Oakland,19.512499583333334,56.633938458333326,6.099858465833333,1019.4125,0.0,0.75
2020-10-13,37.743065,-122.169935,10.5,0.027,54.0,Oakland,20.864582875,59.00521595833334,6.777443929166666,1018.0416666666666,0.0,0.08333333333333333
2020-10-14,37.743065,-122.169935,9.8,0.021,52.0,Oakland,21.208332833333333,61.43711716666667,6.325615470833333,1018.6875,0.0,0.0
2020-10-15,37.743065,-122.169935,8.3,0.036,46.0,Oakland,23.633332874999997,35.837020145833336,8.3159291625,1016.0041666666666,0.0,0.0
2020-10-16,37.743065,-122.169935,4.6,0.033,26.0,Oakland,27.110416083333334,17.388178125,12.833302116666667,1014.3291666666668,0.0,0.0
2020-10-17,37.743065,-122.169935,10.0,0.044,53.0,Oakland,25.2999995,22.543745416666667,5.049593636666667,1013.3666666666667,0.0,0.0
2020-10-18,37.743065,-122.169935,10.7,0.038,54.0,Oakland,23.077082916666665,39.262634874999996,7.336259000000001,1014.5124999999999,0.0,0.0
2020-10-19,37.743065,-122.169935,11.7,0.015,56.0,Oakland,17.88958308333333,76.27230020833333,7.925699174999999,1015.8083333333334,0.0,5.333333333333333
2020-10-20,37.743065,-122.169935,11.0,0.024,55.0,Oakland,18.570832958333334,78.74744579166666,6.1477168375,1013.2375000000001,0.0,3.125
2020-10-21,37.743065,-122.169935,11.5,0.021,55.0,Oakland,20.07499925,62.324914375,6.30764473125,1010.475,0.0,0.0
2020-10-22,37.743065,-122.169935,13.4,0.026,59.0,Oakland,19.341666166666666,62.83986291666667,6.069092975,1009.6666666666666,0.0,0.125
2020-10-23,37.743065,-122.169935,10.7,0.03,54.0,Oakland,15.585416791666667,83.70663841666666,8.926101216666668,1013.4958333333334,0.0,37.625
2020-10-24,37.743065,-122.169935,9.7,0.033,52.0,Oakland,16.27708325,82.47762716666666,10.833256554166667,1015.7541666666666,0.0,75.70833333333333
2020-10-25,37.743065,-122.169935,10.4,0.036,53.0,Oakland,16.108333458333334,78.95932945833333,9.393277195833333,1013.5666666666666,0.016666666666666666,49.708333333333336
2020-10-26,37.743065,-122.169935,12.3,0.041,57.0,Oakland,16.81666625,13.732617120833332,21.042784291666667,1017.2833333333333,0.0,5.041666666666667
2020-10-27,37.743065,-122.169935,8.8,0.034,49.0,Oakland,17.493749875,20.422192629166666,8.3184478625,1019.4458333333333,0.0,32.958333333333336
2020-10-28,37.743065,-122.169935,13.9,0.036,60.0,Oakland,17.145833125,28.791532416666666,5.526147116666667,1018.3625000000001,0.0,0.0
2020-10-29,37.743065,-122.169935,18.6,0.042,69.0,Oakland,16.183333166666667,45.998133208333336,6.048650341666666,1018.0416666666666,0.0,0.0
2020-10-30,37.743065,-122.169935,18.5,0.033,69.0,Oakland,15.845833249999998,69.21834541666666,6.351312345833333,1017.7916666666666,0.0,0.0
2020-10-31,37.743065,-122.169935,20.1,0.037,71.0,Oakland,16.012500083333332,68.47328362500001,5.41216257,1018.2125,0.0,0.041666666666666664
2020-11-01,37.743065,-122.169935,24.3,0.042,79.0,Oakland,17.802083208333332,48.929890625000006,5.227573058333333,1019.4416666666666,0.0,1.0
2020-11-02,37.743065,-122.169935,20.2,0.032,72.0,Oakland,17.935416166666666,41.843099583333334,5.3581034999999995,1019.1125000000001,0.0,11.041666666666666
2020-11-03,37.743065,-122.169935,13.6,0.028,59.0,Oakland,14.981249875000001,79.39724062500001,7.3356400375,1018.1750000000001,0.0,14.416666666666666
2020-11-04,37.743065,-122.169935,8.0,0.015,44.0,Oakland,14.149999874999999,82.48103625,6.490992299999999,1021.725,0.0,23.041666666666668
2020-11-05,37.743065,-122.169935,9.2,0.018,51.0,Oakland,17.110416375,75.387447875,5.2769123075,1021.4916666666667,0.0,0.9583333333333334
2020-11-06,37.743065,-122.169935,6.2,0.036,34.0,Oakland,14.595833541666666,77.158041,16.3328283375,1011.2624999999999,0.004166666666666667,35.208333333333336
2020-11-07,37.743065,-122.169935,6.7,0.033,37.0,Oakland,11.077083458333334,75.68427241666667,9.898851854166667,1006.0875,0.049999999999999996,29.125
2020-11-08,37.743065,-122.169935,7.6,0.033,42.0,Oakland,11.664583541666666,59.108342666666665,20.082504291666666,1007.9250000000001,0.004166666666666667,14.791666666666666
2020-11-09,37.743065,-122.169935,7.6,0.033,42.0,Oakland,11.664583541666666,59.108342666666665,20.082504291666666,1007.9250000000001,0.004166666666666667,14.791666666666666
2020-11-10,37.743065,-122.169935,7.6,0.033,42.0,Oakland,11.664583541666666,59.108342666666665,20.082504291666666,1007.9250000000001,0.004166666666666667,14.791666666666666
2020-11-11,37.743065,-122.169935,7.6,0.033,42.0,Oakland,11.664583541666666,59.108342666666665,20.082504291666666,1007.9250000000001,0.004166666666666667,14.791666666666666
2020-11-12,37.743065,-122.169935,7.6,0.033,42.0,Oakland,11.664583541666666,59.108342666666665,20.082504291666666,1007.9250000000001,0.004166666666666667,14.791666666666666
2020-11-13,37.743065,-122.169935,7.1,0.029,39.0,Oakland,10.958333516666665,81.050706625,9.685617745833333,1019.6333333333333,0.06666666666666667,65.70833333333333
2020-11-14,37.743065,-122.169935,10.3,0.027,53.0,Oakland,12.256250166666668,85.9006835,9.718890104166666,1023.0500000000001,0.2625,48.041666666666664
2020-11-15,37.743065,-122.169935,11.0,0.021,55.0,Oakland,11.600000145833333,74.4867715,4.398497925,1025.3500000000001,0.0,0.875
2020-11-16,37.743065,-122.169935,10.4,0.03,53.0,Oakland,14.520833333333334,69.001378625,9.9250064125,1020.025,0.0,30.541666666666668
2020-11-17,37.743065,-122.169935,6.6,0.028,37.0,Oakland,15.06458325,63.307396958333335,14.113108791666667,1011.9541666666668,0.19166666666666665,68.16666666666667
2020-11-18,37.743065,-122.169935,4.6,0.03,26.0,Oakland,14.341666875,90.28523658333334,12.816284812500001,1015.4708333333333,0.5083333333333333,81.875
2020-11-19,37.743065,-122.169935,7.7,0.017,43.0,Oakland,11.9833335,90.41591575,6.362253720833333,1024.0166666666667,0.020833333333333332,71.70833333333333
2020-11-20,37.743065,-122.169935,7.0,0.029,39.0,Oakland,10.5791666375,67.94764550000001,7.811558008333333,1024.3666666666666,0.0,48.291666666666664
2020-11-21,37.743065,-122.169935,10.0,0.026,53.0,Oakland,10.781250070833332,56.52212908333333,8.523280975,1022.8874999999999,0.0,45.916666666666664
2020-11-22,37.743065,-122.169935,12.8,0.017,58.0,Oakland,9.260416745833334,65.09488916666668,5.626864691666667,1019.0166666666668,0.0,36.166666666666664
2020-11-23,37.743065,-122.169935,7.9,0.022,44.0,Oakland,11.591666958333333,87.1043625,6.956493195833333,1016.8083333333334,0.0,61.541666666666664
2020-11-24,37.743065,-122.169935,7.5,0.024,42.0,Oakland,10.481250208333334,84.355163375,5.0713320416666665,1018.8208333333333,0.0,6.833333333333333
2020-11-25,37.743065,-122.169935,6.9,0.026,38.0,Oakland,11.531250208333333,84.43933320833334,9.210856125,1021.5333333333333,0.0,27.416666666666668
2020-11-26,37.743065,-122.169935,8.3,0.03,46.0,Oakland,10.454166775,62.16069120833333,12.507155062499999,1023.2458333333334,0.0,0.125
2020-11-27,37.743065,-122.169935,6.7,0.023,37.0,Oakland,10.533333554166667,46.42791925,7.3732633875,1023.0958333333333,0.0,0.0
2020-11-28,37.743065,-122.169935,11.7,0.027,56.0,Oakland,9.441666733333333,54.35508254166667,5.811343154166667,1024.0708333333334,0.0,0.0
2020-11-29,37.743065,-122.169935,15.1,0.017,62.0,Oakland,9.437499995833333,63.861870833333334,5.212048908333333,1022.3958333333334,0.0,29.083333333333332
2020-11-30,37.743065,-122.169935,12.4,0.014,57.0,Oakland,10.645833420833332,63.91275654166666,4.5615984916666665,1024.2875000000001,0.0,39.125
2020-12-01,37.743065,-122.169935,12.0,0.011,56.0,Oakland,10.850000083333333,70.58088054166667,3.998652441666667,1023.9708333333333,0.0,0.0
2020-12-02,37.743065,-122.169935,12.0,0.011,56.0,Oakland,10.850000083333333,70.58088054166667,3.998652441666667,1023.9708333333333,0.0,0.0
2020-12-03,37.743065,-122.169935,21.6,0.015,74.0,Oakland,11.545833366666665,60.54584841666667,4.540816741666666,1022.1541666666667,0.0,58.958333333333336
2020-12-04,37.743065,-122.169935,25.5,0.019,82.0,Oakland,11.34583325,59.24423554166666,4.554956733333333,1025.3125,0.0,30.708333333333332
2020-12-05,37.743065,-122.169935,21.9,0.02,75.0,Oakland,11.108333379166666,56.983366375,5.4111118875,1023.2208333333333,0.0,15.833333333333334
2020-12-06,37.743065,-122.169935,15.5,0.024,63.0,Oakland,11.302083429166666,79.089252625,4.9151335375,1026.3208333333334,0.0,59.125
2020-12-07,37.743065,-122.169935,5.5,0.033,31.0,Oakland,12.708333333333334,55.95350479166667,14.115217145833334,1021.9708333333333,0.0,16.25
2020-12-08,37.743065,-122.169935,6.3,0.019,35.0,Oakland,14.002083333333333,38.20971645833333,8.074987045833334,1021.8000000000001,0.0,0.0
2020-12-09,37.743065,-122.169935,21.3,0.038,74.0,Oakland,12.575000016666666,44.029533791666665,8.864671745833332,1019.4208333333332,0.0,48.666666666666664
2020-12-10,37.743065,-122.169935,13.4,0.02,59.0,Oakland,11.308333512499999,52.061586625,5.748008433333333,1016.4541666666668,0.0,52.666666666666664
2020-12-11,37.743065,-122.169935,7.9,0.025,44.0,Oakland,10.010416874999999,86.027943875,7.995326333333334,1021.0708333333333,0.0,62.291666666666664
2020-12-12,37.743065,-122.169935,5.9,0.021,33.0,Oakland,12.020833458333334,87.61451875,12.865486954166668,1019.7125,0.7374999999999999,96.04166666666667
2020-12-13,37.743065,-122.169935,6.5,0.025,36.0,Oakland,11.277083458333331,86.63382445833334,13.636223854166666,1021.5583333333334,0.6875,93.79166666666667
2020-12-14,37.743065,-122.169935,7.0,0.019,39.0,Oakland,9.614583429166666,87.89622145833333,10.23773435,1024.1083333333333,0.07083333333333333,14.416666666666666
2020-12-15,37.743065,-122.169935,10.5,0.007,54.0,Oakland,8.533333379166667,78.42805108333333,4.2490669875,1026.2833333333333,0.0,50.958333333333336
2020-12-16,37.743065,-122.169935,18.8,0.015,69.0,Oakland,9.356250095833333,78.63322195833334,6.508620429166666,1025.3291666666667,0.0,47.125
2020-12-17,37.743065,-122.169935,8.4,0.028,47.0,Oakland,11.916666916666665,85.63806825,13.141996841666666,1017.6791666666667,0.33749999999999997,79.875
2020-12-18,37.743065,-122.169935,8.0,0.014,44.0,Oakland,9.0166667375,73.94702616666667,6.372730729166666,1023.3125,0.0,4.0
2020-12-19,37.743065,-122.169935,10.9,0.025,54.0,Oakland,9.168750108333333,66.216523,4.6795429125,1028.1291666666666,0.0,17.166666666666668
2020-12-20,37.743065,-122.169935,14.4,0.024,61.0,Oakland,9.0833333625,76.733316,7.150318254166667,1027.4125000000001,0.0,0.08333333333333333
2020-12-21,37.743065,-122.169935,15.3,0.006,63.0,Oakland,8.633333483333333,73.63471516666667,7.167120141666667,1020.275,0.0,15.583333333333334
2020-12-22,37.743065,-122.169935,7.6,0.027,42.0,Oakland,10.227083470833334,84.41424637499999,7.7075708625,1020.1875,0.0,55.208333333333336
2020-12-23,37.743065,-122.169935,6.0,0.031,33.0,Oakland,8.358333520833334,53.416115291666664,8.7258109,1023.0958333333333,0.0,10.083333333333334
2020-12-24,37.743065,-122.169935,23.4,0.014,78.0,Oakland,8.787500195833333,63.66145995833333,14.849957466666666,1024.2666666666667,0.0,96.33333333333333
2020-12-25,37.743065,-122.169935,12.8,0.035,58.0,Oakland,11.179166833333333,59.81333354166667,11.186348391666668,1020.5500000000001,0.049999999999999996,82.16666666666667
2020-12-26,37.743065,-122.169935,8.4,0.032,47.0,Oakland,11.866666833333333,88.11555729166666,12.815724083333334,1021.3958333333334,0.39999999999999997,68.91666666666667
2020-12-27,37.743065,-122.169935,6.0,0.026,33.0,Oakland,9.316666845833334,83.787981625,6.281132745833333,1017.9958333333334,0.0,85.33333333333333
2020-12-28,37.743065,-122.169935,8.2,0.026,46.0,Oakland,9.933333416666667,77.45993129166666,9.954328079166666,1008.2333333333332,0.0375,89.33333333333333
2020-12-29,37.743065,-122.169935,7.7,0.014,43.0,Oakland,8.283333404166667,76.00052104166666,3.9538150375,1019.8583333333332,0.0,9.791666666666666
2020-12-30,37.743065,-122.169935,7.5,0.021,42.0,Oakland,8.800000154166666,70.59974645833334,6.0277914783333335,1027.2416666666666,0.0,59.916666666666664
2020-12-31,37.743065,-122.169935,7.5,0.021,42.0,Oakland,8.800000154166666,70.59974645833334,6.0277914783333335,1027.2416666666666,0.0,59.916666666666664
2021-01-01,37.743065,-122.169935,14.2,0.019,61.0,Oakland,9.1791667375,76.563141625,5.068572395833333,1020.875,0.0,32.708333333333336
2021-01-02,37.743065,-122.169935,9.4,0.014,52.0,Oakland,10.412500291666666,89.15381279166667,6.7870822083333335,1023.4083333333333,0.17916666666666667,93.95833333333333
2021-01-03,37.743065,-122.169935,13.7,0.016,60.0,Oakland,10.768750124999999,93.44094862499999,3.190607325,1024.4916666666666,0.0,99.0
2021-01-04,37.743065,-122.169935,8.2,0.03,46.0,Oakland,11.602083458333333,88.86570670833333,14.411208379166666,1020.6916666666666,0.3625,92.16666666666667
2021-01-05,37.743065,-122.169935,6.6,0.023,37.0,Oakland,9.714583516666666,89.140904625,6.768061761249999,1024.4791666666667,0.012500000000000002,38.708333333333336
2021-01-06,37.743065,-122.169935,10.1,0.013,53.0,Oakland,8.379167033333333,84.08547683333333,6.280412662500001,1023.4916666666667,0.012499999999999999,71.33333333333333
2021-01-07,37.743065,-122.169935,9.5,0.02,52.0,Oakland,9.297916899999999,86.022960125,7.777029179166667,1023.8958333333334,0.004166666666666667,60.833333333333336
2021-01-08,37.743065,-122.169935,12.2,0.012,57.0,Oakland,9.6791668375,87.25701404166666,6.7092493125,1023.3916666666668,0.05833333333333333,77.75
2021-01-09,37.743065,-122.169935,13.0,0.016,58.0,Oakland,8.631250083333333,83.37115812500001,7.272382941666667,1025.3208333333334,0.0,19.208333333333332
2021-01-10,37.743065,-122.169935,11.8,0.019,56.0,Oakland,9.683333483333334,77.68639191666666,5.3830864375,1024.8374999999999,0.012500000000000002,63.0
2021-01-11,37.743065,-122.169935,13.7,0.012,60.0,Oakland,9.906250254166666,82.12826433333333,6.712399970833334,1024.8458333333333,0.0,82.20833333333333
2021-01-12,37.743065,-122.169935,17.2,0.008,66.0,Oakland,10.206250095833333,84.11358879166666,5.8831472125,1024.6166666666666,0.0,97.54166666666667
2021-01-13,37.743065,-122.169935,11.9,0.017,56.0,Oakland,11.945833666666667,88.12363820833333,4.093286133333334,1028.1541666666667,0.008333333333333333,80.91666666666667
2021-01-14,37.743065,-122.169935,10.1,0.014,53.0,Oakland,13.92708325,81.5774955,9.150154445833333,1026.9958333333334,0.0,29.708333333333332
2021-01-15,37.743065,-122.169935,11.7,0.016,56.0,Oakland,12.906249833333334,77.122656375,4.920741545833334,1025.9791666666667,0.0,49.0
2021-01-16,37.743065,-122.169935,14.8,0.014,62.0,Oakland,12.597916666666668,76.66678495833334,4.9964600375,1023.025,0.0,33.375
2021-01-17,37.743065,-122.169935,11.2,0.021,55.0,Oakland,13.877083375,70.15910429166667,6.292258720833334,1019.9458333333333,0.0,8.5
2021-01-18,37.743065,-122.169935,8.3,0.038,46.0,Oakland,15.268749833333333,51.895472041666665,10.913195841666665,1014.9833333333332,0.0,26.416666666666668
2021-01-19,37.743065,-122.169935,4.4,0.035,24.0,Oakland,14.722916625000002,27.958531375000003,29.3197540625,1012.9916666666667,0.0,19.708333333333332
2021-01-20,37.743065,-122.169935,13.1,0.016,58.0,Oakland,12.739583408333333,35.2268875,11.043247683333334,1018.25,0.0,0.0
2021-01-21,37.743065,-122.169935,11.2,0.015,55.0,Oakland,10.343750120833333,50.72671883333334,5.6295945,1018.4666666666667,0.0,16.0
2021-01-22,37.743065,-122.169935,6.6,0.032,37.0,Oakland,9.539583416666666,86.07528283333333,12.322789645833334,1014.2958333333332,0.12083333333333333,75.79166666666667
2021-01-23,37.743065,-122.169935,9.3,0.026,51.0,Oakland,7.741666866666667,84.025634625,7.8563257916666664,1013.4875000000001,0.0,32.958333333333336
2021-01-24,37.743065,-122.169935,6.2,0.035,34.0,Oakland,8.102083516666667,88.24370366666666,10.8557832,1014.0749999999999,0.020833333333333332,43.875
2021-01-25,37.743065,-122.169935,4.8,0.034,27.0,Oakland,7.55833355,71.59064408333333,19.841359999999998,1010.2624999999999,0.15,21.416666666666668
2021-01-26,37.743065,-122.169935,3.4,0.035,19.0,Oakland,6.379166804166666,72.16062645833334,13.881700816666667,1012.8000000000001,0.008333333333333333,27.5
2021-01-27,37.743065,-122.169935,3.1,0.033,17.0,Oakland,9.312500170833333,82.13676141666667,24.188275416666666,1008.025,1.0958333333333334,94.54166666666667
2021-01-28,37.743065,-122.169935,4.2,0.029,23.0,Oakland,9.843750291666666,87.81544774999999,14.213984770833333,1007.1583333333333,1.2166666666666666,92.0
2021-01-29,37.743065,-122.169935,6.0,0.029,33.0,Oakland,8.387500216666666,87.48280908333334,5.374257350000001,1010.2041666666668,0.17916666666666667,55.625
2021-01-30,37.743065,-122.169935,6.5,0.027,36.0,Oakland,8.4979168625,80.26846491666667,5.605530720833333,1020.2125,0.004166666666666667,59.791666666666664
2021-01-31,37.743065,-122.169935,7.7,0.028,43.0,Oakland,11.056250208333333,73.15677283333333,7.170530504166667,1021.6458333333334,0.004166666666666667,83.58333333333333
2021-02-01,37.743065,-122.169935,6.0,0.034,33.0,Oakland,11.256250191666666,75.71525091666668,9.236187016666667,1017.5708333333333,0.11666666666666665,58.916666666666664
2021-02-02,37.743065,-122.169935,5.3,0.029,29.0,Oakland,12.229166791666666,88.51563379166667,11.726141204166666,1018.1666666666666,0.5708333333333333,78.70833333333333
2021-02-03,37.743065,-122.169935,4.6,0.033,26.0,Oakland,9.068750095833334,86.76468299999999,7.591862787499999,1023.275,0.0,18.375
2021-02-04,37.743065,-122.169935,5.7,0.031,32.0,Oakland,8.814583441666667,78.21397075,6.09857457375,1024.1333333333334,0.0,27.25
2021-02-05,37.743065,-122.169935,8.2,0.02,46.0,Oakland,9.1875001375,66.04351729166667,4.394131195833333,1023.8625000000001,0.0,0.0
2021-02-06,37.743065,-122.169935,11.1,0.021,55.0,Oakland,10.508333283333334,76.67334108333334,3.9471750708333335,1019.9958333333334,0.0,0.0
2021-02-07,37.743065,-122.169935,13.8,0.022,60.0,Oakland,11.587499904166668,69.71691704166666,5.011596479166667,1016.7791666666667,0.0,28.666666666666668
2021-02-08,37.743065,-122.169935,14.8,0.014,62.0,Oakland,10.318750208333332,85.208906375,3.5495824016666666,1014.7375000000001,0.0,79.29166666666667
2021-02-09,37.743065,-122.169935,8.7,0.02,48.0,Oakland,10.42500025,92.34174654166667,5.921489887499999,1016.5166666666668,0.0,97.875
2021-02-10,37.743065,-122.169935,6.5,0.024,36.0,Oakland,10.579166875,89.51779004166667,8.905530025,1018.9250000000001,0.004166666666666667,52.083333333333336
2021-02-11,37.743065,-122.169935,7.5,0.032,42.0,Oakland,10.335416875,89.27895691666667,6.282016320833333,1019.725,0.125,78.08333333333333
2021-02-12,37.743065,-122.169935,5.2,0.03,29.0,Oakland,11.187500291666666,86.83139683333333,15.940014145833333,1016.3958333333334,0.48333333333333334,52.791666666666664
2021-02-13,37.743065,-122.169935,7.4,0.036,41.0,Oakland,11.558333541666668,88.74276083333332,17.759610391666666,1017.4375,0.05000000000000001,85.04166666666667
2021-02-14,37.743065,-122.169935,6.9,0.035,38.0,Oakland,9.772916891666666,77.753007875,11.186159791666666,1018.7041666666668,0.0,53.333333333333336
2021-02-15,37.743065,-122.169935,6.9,0.029,38.0,Oakland,11.943750291666667,91.23095579166666,11.691734537499999,1019.0458333333332,0.7666666666666667,97.70833333333333
2021-02-16,37.743065,-122.169935,7.5,0.028,42.0,Oakland,10.154167016666667,82.811869375,12.1372048375,1020.5500000000001,0.0,36.291666666666664
2021-02-17,37.743065,-122.169935,5.7,0.033,32.0,Oakland,9.606250166666667,77.15140495833333,7.310019725,1021.8874999999999,0.0,26.25
2021-02-18,37.743065,-122.169935,7.0,0.026,39.0,Oakland,9.3125001375,56.18893645833333,5.699088733333333,1025.4958333333334,0.0,32.958333333333336
2021-02-19,37.743065,-122.169935,5.0,0.035,28.0,Oakland,11.547916958333333,78.26876320833334,9.102570629166665,1027.0208333333333,0.15833333333333333,96.20833333333333
2021-02-20,37.743065,-122.169935,6.9,0.035,38.0,Oakland,10.745833475,79.88165020833334,16.294056083333334,1026.2666666666667,0.04583333333333334,47.0
2021-02-21,37.743065,-122.169935,6.8,0.028,38.0,Oakland,9.8791668375,72.62258770833334,7.7028262125,1030.3,0.0,10.291666666666666
2021-02-22,37.743065,-122.169935,4.2,0.035,23.0,Oakland,11.520833220833333,65.42371629166666,6.184273208333334,1027.5416666666667,0.0,4.291666666666667
2021-02-23,37.743065,-122.169935,8.3,0.03,46.0,Oakland,14.018750041666665,58.334522875,6.399471761250001,1021.0625,0.0,49.875
2021-02-24,37.743065,-122.169935,5.6,0.042,31.0,Oakland,13.481249833333331,46.52431925,7.7107119625,1020.4,0.0,0.9166666666666666
2021-02-25,37.743065,-122.169935,3.7,0.034,21.0,Oakland,12.258333408333334,35.157398,13.685217058333334,1024.0833333333333,0.0,16.875
2021-02-26,37.743065,-122.169935,3.7,0.034,21.0,Oakland,12.258333408333334,35.157398,13.685217058333334,1024.0833333333333,0.0,16.875
2021-02-27,37.743065,-122.169935,3.7,0.034,21.0,Oakland,12.258333408333334,35.157398,13.685217058333334,1024.0833333333333,0.0,16.875
2021-02-28,37.743065,-122.169935,3.7,0.034,21.0,Oakland,12.258333408333334,35.157398,13.685217058333334,1024.0833333333333,0.0,16.875
2021-03-01,37.743065,-122.169935,3.7,0.034,21.0,Oakland,12.258333408333334,35.157398,13.685217058333334,1024.0833333333333,0.0,16.875
2021-03-02,37.743065,-122.169935,8.9,0.037,49.0,Oakland,11.245833441666667,53.777344666666664,8.494746483333333,1015.725,0.0,60.708333333333336
2021-03-03,37.743065,-122.169935,10.2,0.036,53.0,Oakland,11.056250212499998,77.96048154166667,7.251618761666666,1009.375,0.0,97.58333333333333
2021-03-04,37.743065,-122.169935,8.8,0.037,49.0,Oakland,10.618750208333333,83.42619433333333,10.704563679166668,1019.7916666666666,0.0,27.625
2021-03-05,37.743065,-122.169935,5.8,0.039,32.0,Oakland,11.293750208333334,72.53505970833334,6.4681277625,1023.3708333333334,0.0,27.291666666666668
2021-03-06,37.743065,-122.169935,3.5,0.038,19.0,Oakland,10.670833641666666,80.9509215,13.276954216666667,1019.2958333333332,0.23333333333333336,44.208333333333336
2021-03-07,37.743065,-122.169935,4.6,0.043,26.0,Oakland,9.78541695,77.78676108333333,10.188688475,1020.5416666666666,0.0,7.083333333333333
2021-03-08,37.743065,-122.169935,6.2,0.044,34.0,Oakland,10.091666875,72.14988070833333,14.369525375,1020.4958333333334,0.0,46.625
2021-03-09,37.743065,-122.169935,3.1,0.042,17.0,Oakland,9.635416900000001,78.09944691666666,10.859062854166666,1021.6374999999999,0.10833333333333334,74.625
2021-03-10,37.743065,-122.169935,3.1,0.042,17.0,Oakland,9.635416900000001,78.09944691666666,10.859062854166666,1021.6374999999999,0.10833333333333334,74.625
2021-03-11,37.743065,-122.169935,3.1,0.039,17.0,Oakland,7.637500204166667,79.47459616666667,7.885394166666667,1017.0208333333334,0.04583333333333334,69.95833333333333
2021-03-12,37.743065,-122.169935,6.4,0.033,36.0,Oakland,9.391666725,80.81700391666666,8.809772866666666,1020.5041666666666,0.0,26.708333333333332
2021-03-13,37.743065,-122.169935,5.7,0.043,32.0,Oakland,9.952083458333334,86.34154925,13.109196566666666,1024.2208333333333,0.0,57.875
2021-03-14,37.743065,-122.169935,3.5,0.041,19.0,Oakland,9.772916875,75.97621754166667,13.806543708333335,1025.0166666666667,0.0,91.04166666666667
2021-03-15,37.743065,-122.169935,5.5,0.036,31.0,Oakland,8.768750145833334,73.21026979166668,21.54515579166667,1017.2416666666667,0.35833333333333334,62.541666666666664
2021-03-16,37.743065,-122.169935,6.3,0.035,35.0,Oakland,8.422916891666667,74.40585708333333,9.681782754166667,1017.475,0.004166666666666667,17.916666666666668
2021-03-17,37.743065,-122.169935,4.5,0.036,25.0,Oakland,8.189583466666667,81.17066033333333,6.9463653333333335,1019.8833333333333,0.0,53.25
2021-03-18,37.743065,-122.169935,4.1,0.03,23.0,Oakland,10.433333541666666,79.55241754166667,12.184812329166666,1019.0333333333333,0.3583333333333334,92.75
2021-03-19,37.743065,-122.169935,5.0,0.04,28.0,Oakland,11.889583666666667,89.45543779166667,7.503063916666666,1021.3333333333334,0.15,68.58333333333333
2021-03-20,37.743065,-122.169935,5.9,0.039,33.0,Oakland,10.1208335,79.25651704166667,13.874183375000001,1024.3916666666667,0.016666666666666666,11.125
2021-03-21,37.743065,-122.169935,6.3,0.033,35.0,Oakland,9.516666804166666,80.36097174999999,11.311539529166666,1025.1916666666666,0.0,6.041666666666667
2021-03-22,37.743065,-122.169935,5.9,0.036,33.0,Oakland,10.343750041666667,81.25900558333333,10.843419579166666,1023.0375,0.0,40.416666666666664
2021-03-23,37.743065,-122.169935,2.5,0.045,14.0,Oakland,11.6812501,68.58695295833333,17.285610916666666,1018.6208333333334,0.0,1.4583333333333333
2021-03-24,37.743065,-122.169935,6.6,0.036,37.0,Oakland,12.658333308333333,43.003530624999996,11.351701275000002,1017.9125,0.0,23.5
2021-03-25,37.743065,-122.169935,6.8,0.036,38.0,Oakland,10.781250166666666,81.20893666666667,13.255624529166667,1011.1916666666666,0.0,52.291666666666664
2021-03-26,37.743065,-122.169935,6.5,0.035,36.0,Oakland,10.9,75.970928,7.543288179166667,1014.0749999999999,0.0,1.4583333333333333
2021-03-27,37.743065,-122.169935,7.9,0.041,44.0,Oakland,12.8416665,63.78594304166666,7.605445225,1022.7291666666666,0.0,0.16666666666666666
2021-03-28,37.743065,-122.169935,7.9,0.037,44.0,Oakland,13.677083333333334,64.364859,7.3350626625,1024.8416666666667,0.0,0.0
2021-03-29,37.743065,-122.169935,8.5,0.038,47.0,Oakland,10.797916820833334,84.97370074999999,8.990050025,1019.6416666666668,0.0,1.25
2021-03-30,37.743065,-122.169935,5.5,0.044,31.0,Oakland,13.206250033333333,54.53541583333333,7.1979743375,1015.6875,0.0,0.0
2021-03-31,37.743065,-122.169935,6.6,0.048,37.0,Oakland,15.76041675,49.224194833333335,7.8937561999999994,1018.5625,0.0,0.0
2021-04-01,37.743065,-122.169935,9.2,0.051,51.0,Oakland,17.91666641666667,47.951882833333336,5.3008513875,1015.9708333333333,0.0,0.0
2021-04-02,37.743065,-122.169935,10.1,0.041,53.0,Oakland,13.918750125,70.46369129166666,9.282773041666667,1014.9083333333333,0.0,15.958333333333334
2021-04-03,37.743065,-122.169935,8.2,0.045,46.0,Oakland,11.329166708333332,79.32364004166666,14.86351025,1020.1291666666666,0.0,71.54166666666667
2021-04-04,37.743065,-122.169935,4.9,0.04,27.0,Oakland,11.693750125,73.43546029166667,13.997096999999998,1022.5333333333333,0.0,79.16666666666667
2021-04-05,37.743065,-122.169935,4.9,0.037,27.0,Oakland,11.425000291666665,77.59794408333333,16.013989041666665,1019.3083333333334,0.0,67.5
2021-04-06,37.743065,-122.169935,10.0,0.039,53.0,Oakland,10.983333458333334,80.992580875,11.089493124999999,1017.5083333333333,0.0,62.208333333333336
2021-04-07,37.743065,-122.169935,6.3,0.042,35.0,Oakland,10.760416791666666,80.33048016666667,16.289455666666665,1021.1083333333332,0.0,60.958333333333336
2021-04-08,37.743065,-122.169935,6.0,0.035,33.0,Oakland,10.991666833333333,80.65254329166667,14.3708860625,1022.0625,0.0,52.125
2021-04-09,37.743065,-122.169935,8.7,0.041,48.0,Oakland,11.195833458333333,81.985661125,11.479950979166667,1020.4125,0.0,37.333333333333336
2021-04-10,37.743065,-122.169935,9.5,0.04,52.0,Oakland,10.845833458333333,80.12623391666666,14.071811429166667,1019.5375,0.0,46.791666666666664
2021-04-11,37.743065,-122.169935,12.5,0.04,57.0,Oakland,11.781249958333333,79.26107579166667,10.429536966666666,1014.3249999999999,0.0,61.708333333333336
2021-04-12,37.743065,-122.169935,15.1,0.039,62.0,Oakland,11.429166833333333,81.65544741666666,10.073866845833333,1011.2708333333334,0.0,47.166666666666664
2021-04-13,37.743065,-122.169935,14.6,0.044,61.0,Oakland,11.670833458333334,79.735263875,14.677497108333334,1011.0124999999999,0.0,30.458333333333332
2021-04-14,37.743065,-122.169935,13.0,0.043,58.0,Oakland,11.535416750000001,74.63371179166667,15.175107854166667,1012.8291666666668,0.0,14.625
2021-04-15,37.743065,-122.169935,12.0,0.042,56.0,Oakland,11.833333541666667,77.17609495833334,9.9873429,1016.8874999999999,0.0,2.75
2021-04-16,37.743065,-122.169935,9.9,0.038,52.0,Oakland,11.029166833333333,81.99905020833333,11.917023979166666,1017.3666666666667,0.0,37.875
2021-04-17,37.743065,-122.169935,10.1,0.034,53.0,Oakland,12.208333333333334,82.22069525,13.837618120833334,1017.3291666666668,0.0,56.25
2021-04-18,37.743065,-122.169935,9.3,0.039,51.0,Oakland,14.362499958333332,70.423575125,7.867191408333333,1018.8625000000001,0.0,0.25
2021-04-19,37.743065,-122.169935,8.5,0.039,47.0,Oakland,13.208333291666667,77.30428562499999,11.291845666666667,1019.4166666666666,0.0,32.25
2021-04-20,37.743065,-122.169935,9.1,0.033,51.0,Oakland,12.175000208333332,81.78778129166666,16.34159633333333,1015.15,0.0,45.708333333333336
2021-04-21,37.743065,-122.169935,12.0,0.037,56.0,Oakland,12.289583458333333,81.90285679166666,14.179008395833334,1011.0791666666668,0.0,57.458333333333336
2021-04-22,37.743065,-122.169935,11.6,0.038,56.0,Oakland,11.681250125,81.11435033333333,13.909398854166668,1013.0791666666668,0.0,51.041666666666664
2021-04-23,37.743065,-122.169935,10.1,0.037,53.0,Oakland,11.862500249999998,78.41652475,15.523687141666665,1015.3083333333334,0.0,75.45833333333333
2021-04-24,37.743065,-122.169935,3.7,0.039,21.0,Oakland,11.856250166666667,75.82761766666667,15.623976125,1017.1125000000001,0.0,91.375
2021-04-25,37.743065,-122.169935,4.8,0.04,27.0,Oakland,11.854166958333332,78.91033791666666,13.507794062499999,1013.8416666666667,0.19166666666666665,99.875
2021-04-26,37.743065,-122.169935,3.9,0.039,22.0,Oakland,11.008333499999999,78.39418825,12.5743389625,1013.2125,0.008333333333333333,44.375
2021-04-27,37.743065,-122.169935,5.5,0.032,31.0,Oakland,11.787500041666666,77.92132204166667,11.459274504166666,1015.2833333333333,0.0,22.0
2021-04-28,37.743065,-122.169935,6.7,0.04,37.0,Oakland,14.268749833333333,73.56152016666667,8.9414543375,1020.6083333333332,0.0,0.041666666666666664
2021-04-29,37.743065,-122.169935,7.2,0.027,40.0,Oakland,14.191666499999998,75.67023966666666,8.869860641666667,1022.8041666666667,0.0,59.75
2021-04-30,37.743065,-122.169935,7.2,0.027,40.0,Oakland,14.191666499999998,75.67023966666666,8.869860641666667,1022.8041666666667,0.0,59.75
2021-05-01,37.743065,-122.169935,5.2,0.028,29.0,Oakland,13.143750249999998,86.06481608333333,20.36734304166667,1018.1041666666666,0.0,75.95833333333333
2021-05-02,37.743065,-122.169935,10.6,0.03,54.0,Oakland,13.441666583333332,79.47479299999999,12.692716866666666,1014.8583333333332,0.0,9.833333333333334
2021-05-03,37.743065,-122.169935,12.3,0.03,57.0,Oakland,15.21875,75.41305041666666,9.795196504166666,1013.4,0.0,2.0
2021-05-04,37.743065,-122.169935,12.0,0.022,56.0,Oakland,16.73333308333333,68.50466208333333,7.7354304125,1014.1791666666667,0.0,9.25
2021-05-05,37.743065,-122.169935,9.1,0.035,51.0,Oakland,15.766666458333333,75.36372733333333,7.523013727916666,1013.3916666666668,0.0,0.375
2021-05-06,37.743065,-122.169935,9.1,0.035,51.0,Oakland,15.766666458333333,75.36372733333333,7.523013727916666,1013.3916666666668,0.0,0.375
2021-05-07,37.743065,-122.169935,10.1,0.038,53.0,Oakland,13.604166541666666,77.839911625,14.629146916666668,1017.9458333333333,0.0,33.416666666666664
2021-05-08,37.743065,-122.169935,12.7,0.036,58.0,Oakland,16.472916625,65.045146875,9.051330045833334,1016.7333333333332,0.0,0.0
2021-05-09,37.743065,-122.169935,13.7,0.031,60.0,Oakland,16.906249791666667,68.46377533333333,9.466428391666666,1014.5291666666667,0.0,24.0
2021-05-10,37.743065,-122.169935,12.6,0.034,58.0,Oakland,16.085416541666664,70.71732970833334,9.462683416666666,1011.6666666666666,0.0,0.125
2021-05-11,37.743065,-122.169935,13.4,0.033,59.0,Oakland,16.945833083333333,64.77204775,8.359717954166667,1012.2041666666668,0.0,0.125
2021-05-12,37.743065,-122.169935,7.1,0.035,39.0,Oakland,14.558333083333332,77.70937808333333,11.062632554166667,1014.5291666666667,0.0,17.666666666666668
2021-05-13,37.743065,-122.169935,5.2,0.03,29.0,Oakland,12.860416958333333,82.59720633333333,12.707728000000001,1017.3666666666667,0.0,58.875
2021-05-14,37.743065,-122.169935,6.1,0.038,34.0,Oakland,12.787500083333333,81.72106591666666,15.5472668125,1015.3041666666667,0.0,57.333333333333336
2021-05-15,37.743065,-122.169935,6.1,0.038,34.0,Oakland,12.787500083333333,81.72106591666666,15.5472668125,1015.3041666666667,0.0,57.333333333333336
2021-05-16,37.743065,-122.169935,6.1,0.038,34.0,Oakland,12.787500083333333,81.72106591666666,15.5472668125,1015.3041666666667,0.0,57.333333333333336
2021-05-17,37.743065,-122.169935,3.6,0.031,20.0,Oakland,12.520833416666667,79.81516320833333,18.355321625,1016.9916666666667,0.0,72.70833333333333
2021-05-18,37.743065,-122.169935,6.2,0.037,34.0,Oakland,13.527083249999999,77.60116979166666,17.278645458333333,1018.9833333333332,0.0,49.958333333333336
2021-05-19,37.743065,-122.169935,8.4,0.035,47.0,Oakland,13.189583416666666,68.77186987500001,21.895306291666667,1016.1541666666667,0.0,8.875
2021-05-20,37.743065,-122.169935,6.2,0.036,34.0,Oakland,12.735416625,58.7191325,19.106636208333335,1016.0666666666666,0.0,3.2916666666666665
2021-05-21,37.743065,-122.169935,7.1,0.034,39.0,Oakland,13.508333333333333,61.706852875,13.539537829166667,1015.7458333333334,0.0,10.958333333333334
2021-05-22,37.743065,-122.169935,11.2,0.037,55.0,Oakland,13.366666666666667,73.32208479166667,12.321782725,1017.0875,0.0,15.333333333333334
2021-05-23,37.743065,-122.169935,5.4,0.036,30.0,Oakland,12.614583666666666,78.53071829166667,17.123702875,1020.4833333333332,0.0,58.291666666666664
2021-05-24,37.743065,-122.169935,5.2,0.029,29.0,Oakland,12.960416708333334,80.10665275000001,10.864019925000001,1020.6291666666666,0.0,35.958333333333336
2021-05-25,37.743065,-122.169935,4.6,0.031,26.0,Oakland,14.07291675,81.61219720833334,15.019959145833333,1019.2583333333333,0.0,39.166666666666664
2021-05-26,37.743065,-122.169935,8.5,0.029,47.0,Oakland,13.637499749999998,77.17625508333333,10.921885383333333,1017.625,0.0,16.0
2021-05-27,37.743065,-122.169935,5.2,0.029,29.0,Oakland,13.4166665,77.48093179166666,16.204473,1019.2333333333332,0.0,25.125
2021-05-28,37.743065,-122.169935,8.3,0.031,46.0,Oakland,14.329166666666666,82.616315375,14.908849083333331,1017.9458333333333,0.0,75.25
2021-05-29,37.743065,-122.169935,9.3,0.032,51.0,Oakland,13.1625,79.13890333333333,17.283267583333334,1014.9458333333333,0.0,70.58333333333333
2021-05-30,37.743065,-122.169935,12.6,0.033,58.0,Oakland,14.208333333333334,75.58373879166668,14.677320854166666,1013.525,0.0,59.5
2021-05-31,37.743065,-122.169935,15.7,0.034,63.0,Oakland,17.077082916666665,67.017393875,9.622187004166667,1012.2333333333332,0.0,9.208333333333334
2021-06-01,37.743065,-122.169935,8.0,0.028,44.0,Oakland,16.562499875,72.927697625,10.664061775,1014.0124999999999,0.0,13.541666666666666
2021-06-02,37.743065,-122.169935,2.2,0.021,12.0,Oakland,14.058333291666665,82.90535016666666,14.262474374999998,1013.6916666666666,0.0,63.208333333333336
2021-06-03,37.743065,-122.169935,4.6,0.019,26.0,Oakland,14.5625,79.88444745833333,14.911843875,1011.8083333333334,0.0,63.583333333333336
2021-06-04,37.743065,-122.169935,8.5,0.033,47.0,Oakland,15.610416375,74.341954,14.358057583333334,1012.8083333333334,0.0,38.5
2021-06-05,37.743065,-122.169935,11.7,0.034,56.0,Oakland,15.522916666666667,67.45842441666666,15.511486583333335,1013.5625,0.0,27.583333333333332
2021-06-06,37.743065,-122.169935,12.5,0.034,57.0,Oakland,15.64999975,70.022098875,14.059901479166667,1010.3916666666668,0.0,26.375
2021-06-07,37.743065,-122.169935,8.1,0.034,45.0,Oakland,14.5,70.56931516666667,18.279343791666665,1011.3166666666666,0.0,14.166666666666666
2021-06-08,37.743065,-122.169935,3.6,0.03,20.0,Oakland,13.691666750000001,71.60456875,23.531529708333334,1015.9458333333333,0.0,23.375
2021-06-09,37.743065,-122.169935,3.2,0.029,18.0,Oakland,13.40000025,73.452112125,19.357620645833332,1020.2291666666666,0.0,27.375
2021-06-10,37.743065,-122.169935,2.8,0.028,16.0,Oakland,13.629166958333334,73.71786295833333,16.651796958333332,1023.8541666666666,0.0,15.041666666666666
2021-06-11,37.743065,-122.169935,1.0,0.029,6.0,Oakland,14.547916708333332,71.511355125,14.054590837500001,1020.2458333333334,0.0,30.083333333333332
2021-06-12,37.743065,-122.169935,2.6,0.022,14.0,Oakland,17.147916416666664,80.26865679166667,11.6351914125,1016.5083333333333,0.0,40.041666666666664
2021-06-13,37.743065,-122.169935,1.6,0.018,9.0,Oakland,17.174999875,87.25743812500001,14.915301,1014.1958333333333,0.004166666666666667,69.91666666666667
2021-06-14,37.743065,-122.169935,1.9,0.028,11.0,Oakland,17.999999499999998,81.110354,14.149002416666667,1016.7083333333334,0.008333333333333333,58.875
2021-06-15,37.743065,-122.169935,4.4,0.026,24.0,Oakland,16.93749975,73.709518,14.594472520833333,1019.25,0.0,0.7916666666666666
2021-06-16,37.743065,-122.169935,9.5,0.032,52.0,Oakland,18.74374975,70.82481816666667,8.979871994583334,1016.4791666666666,0.0,44.625
2021-06-17,37.743065,-122.169935,13.2,0.037,59.0,Oakland,21.293749333333334,62.596365125,7.989606425000001,1010.75,0.0,20.083333333333332
2021-06-18,37.743065,-122.169935,19.4,0.037,70.0,Oakland,21.462499499999996,60.15735945833333,8.340543058333333,1007.3375,0.0,1.4166666666666667
2021-06-19,37.743065,-122.169935,17.2,0.032,66.0,Oakland,18.820833083333333,70.7110175,9.794546420833333,1007.3208333333333,0.0,0.9166666666666666
2021-06-20,37.743065,-122.169935,7.5,0.031,42.0,Oakland,16.914583208333333,76.657545875,13.008932512500001,1009.1291666666666,0.0,4.041666666666667
2021-06-21,37.743065,-122.169935,3.7,0.027,21.0,Oakland,16.941666375,75.96620925,17.210695666666666,1012.6458333333334,0.0,26.583333333333332
2021-06-22,37.743065,-122.169935,1.3,0.022,7.0,Oakland,17.952082666666666,74.748373375,13.898129245833333,1013.1208333333334,0.004166666666666667,43.666666666666664
2021-06-23,37.743065,-122.169935,1.7,0.02,9.0,Oakland,17.610416416666666,75.92962220833333,15.151447225,1013.0041666666666,0.0,47.75
2021-06-24,37.743065,-122.169935,1.2,0.022,7.0,Oakland,16.402083125,78.24241616666667,16.107679333333333,1016.0583333333334,0.0,48.708333333333336
2021-06-25,37.743065,-122.169935,2.2,0.022,12.0,Oakland,15.270833375,82.13110629166667,15.7549980625,1016.6374999999999,0.0,68.54166666666667
2021-06-26,37.743065,-122.169935,1.1,0.018,6.0,Oakland,15.218749875,84.02026770833334,15.459318604166667,1014.8166666666666,0.0,81.66666666666667
2021-06-27,37.743065,-122.169935,1.6,0.018,9.0,Oakland,15.299999916666666,85.015465875,16.350822458333333,1011.3208333333333,0.0,86.625
2021-06-28,37.743065,-122.169935,2.1,0.017,12.0,Oakland,15.427083375,87.159404875,19.285322416666666,1010.0833333333334,0.012500000000000002,93.16666666666667
2021-06-29,37.743065,-122.169935,6.0,0.016,33.0,Oakland,15.874999791666667,85.46263266666666,16.337688500000002,1010.1041666666666,0.0,82.79166666666667
2021-06-30,37.743065,-122.169935,4.7,0.018,26.0,Oakland,16.177083166666666,82.57709683333333,15.885532875,1010.7958333333332,0.012500000000000002,52.541666666666664
2021-07-01,37.743065,-122.169935,3.8,0.021,21.0,Oakland,16.318749999999998,82.66555929166667,16.990004604166668,1013.1999999999999,0.0,74.5
2021-07-02,37.743065,-122.169935,2.5,0.021,14.0,Oakland,16.216666541666665,83.88390254166667,15.272870645833335,1013.2416666666667,0.0,72.875
2021-07-03,37.743065,-122.169935,1.0,0.023,6.0,Oakland,15.983333291666668,83.506136125,14.974816395833335,1013.9499999999999,0.0,81.875
2021-07-04,37.743065,-122.169935,13.2,0.026,59.0,Oakland,16.504166625,79.99097975,15.595978479166668,1014.9291666666667,0.0,61.0
2021-07-05,37.743065,-122.169935,4.2,0.023,23.0,Oakland,15.933333208333332,81.61754179166667,15.539079708333333,1015.5791666666668,0.0,57.958333333333336
2021-07-06,37.743065,-122.169935,3.4,0.022,19.0,Oakland,14.925000124999999,83.97670983333333,16.897703041666666,1016.5958333333333,0.0,82.75
2021-07-07,37.743065,-122.169935,5.9,0.023,33.0,Oakland,14.581250083333332,83.76533345833333,18.06776525,1015.0124999999999,0.0,78.5
2021-07-08,37.743065,-122.169935,10.8,0.025,54.0,Oakland,15.524999916666665,78.235405625,11.036064795833333,1011.25,0.0,59.583333333333336
2021-07-09,37.743065,-122.169935,13.8,0.021,60.0,Oakland,19.32708308333333,66.47072408333334,8.3909852875,1011.4250000000001,0.0,7.583333333333333
2021-07-10,37.743065,-122.169935,8.6,0.021,48.0,Oakland,17.837499625,71.778327875,8.192449870833334,1014.0375,0.0,5.041666666666667
2021-07-11,37.743065,-122.169935,9.8,0.022,52.0,Oakland,16.8625,73.96461054166666,10.6696520125,1013.0833333333334,0.0,19.0
2021-07-12,37.743065,-122.169935,5.4,0.023,30.0,Oakland,15.072916583333333,81.64560129166667,15.308329291666666,1012.7125,0.0,64.0
2021-07-13,37.743065,-122.169935,5.6,0.024,31.0,Oakland,14.968749875,79.99393870833333,16.434570833333336,1012.3708333333334,0.0,53.708333333333336
2021-07-14,37.743065,-122.169935,5.3,0.029,29.0,Oakland,15.597916625000002,79.16647366666668,13.643102291666667,1013.3541666666666,0.0,56.041666666666664
2021-07-15,37.743065,-122.169935,2.7,0.023,15.0,Oakland,15.02083325,81.98460366666667,17.234687375,1015.2541666666666,0.0,74.45833333333333
2021-07-16,37.743065,-122.169935,5.9,0.023,33.0,Oakland,15.108333416666667,79.486446625,14.751996354166666,1014.4416666666666,0.0,69.79166666666667
2021-07-17,37.743065,-122.169935,8.5,0.02,47.0,Oakland,16.466666583333332,77.19901654166667,9.755992720833333,1013.3541666666666,0.0,7.916666666666667
2021-07-18,37.743065,-122.169935,9.4,0.024,52.0,Oakland,16.952083,77.45097379166667,8.821385000000001,1014.6999999999999,0.0,21.583333333333332
2021-07-19,37.743065,-122.169935,11.5,0.018,55.0,Oakland,17.377083,75.598307625,9.5413685125,1016.3041666666667,0.0,45.791666666666664
2021-07-20,37.743065,-122.169935,6.3,0.017,35.0,Oakland,16.124999916666667,78.8642255,15.882966645833333,1017.1333333333333,0.0,46.333333333333336
2021-07-21,37.743065,-122.169935,9.3,0.021,51.0,Oakland,16.010416458333335,79.32293266666666,15.140121229166667,1014.9250000000001,0.0,38.458333333333336
2021-07-22,37.743065,-122.169935,12.0,0.02,56.0,Oakland,16.210416625,76.92491174999999,15.147300625,1013.8208333333333,0.0,23.916666666666668
2021-07-23,37.743065,-122.169935,11.8,0.025,56.0,Oakland,16.64791645833333,74.13915520833334,10.494499991666666,1015.8291666666668,0.0,18.041666666666668
2021-07-24,37.743065,-122.169935,8.5,0.026,47.0,Oakland,16.362499875,77.60516941666667,10.977435491666666,1015.8041666666667,0.0,14.041666666666666
2021-07-25,37.743065,-122.169935,6.4,0.027,36.0,Oakland,16.368749958333332,78.100250875,12.876605083333333,1014.2375000000001,0.0,48.291666666666664
2021-07-26,37.743065,-122.169935,5.7,0.02,32.0,Oakland,16.793749875,77.63693024999999,14.074681833333335,1013.1333333333333,0.0,65.125
2021-07-27,37.743065,-122.169935,5.9,0.026,33.0,Oakland,18.249999666666668,72.76883829166667,12.360547395833335,1014.8666666666667,0.0,60.25
2021-07-28,37.743065,-122.169935,3.9,0.021,22.0,Oakland,17.47916641666667,79.94752754166667,11.511202395833335,1016.7375000000001,0.0,26.083333333333332
2021-07-29,37.743065,-122.169935,6.0,0.022,33.0,Oakland,17.308333083333334,80.90005079166667,11.247843454166665,1015.1541666666667,0.0,49.291666666666664
2021-07-30,37.743065,-122.169935,4.2,0.022,23.0,Oakland,17.095833083333332,80.75470145833333,10.876203016666667,1013.2458333333334,0.0,32.708333333333336
2021-07-31,37.743065,-122.169935,4.7,0.028,26.0,Oakland,17.245833041666668,78.684959625,14.3245868375,1015.8291666666668,0.0,43.333333333333336
2021-08-01,37.743065,-122.169935,3.2,0.029,18.0,Oakland,17.399999666666666,78.78407625,15.778897770833334,1017.6458333333334,0.0,27.125
2021-08-02,37.743065,-122.169935,2.6,0.032,14.0,Oakland,17.125,75.99354541666666,14.828300375,1018.9166666666666,0.0,49.416666666666664
2021-08-03,37.743065,-122.169935,4.9,0.024,27.0,Oakland,15.837499874999999,79.560118625,11.838462974999999,1017.5083333333333,0.0,48.041666666666664
2021-08-04,37.743065,-122.169935,2.9,0.024,16.0,Oakland,15.1770835,83.84842354166666,13.3511528,1015.1625,0.0,63.5
2021-08-05,37.743065,-122.169935,2.9,0.017,16.0,Oakland,15.902083124999999,82.91817354166666,17.460584916666665,1016.1416666666668,0.0,81.95833333333333
2021-08-06,37.743065,-122.169935,6.6,0.011,37.0,Oakland,17.156249624999997,82.39484091666667,10.835977995833334,1015.1458333333334,0.0,58.083333333333336
2021-08-07,37.743065,-122.169935,4.1,0.016,23.0,Oakland,17.666666375000002,80.19139483333333,9.3936519,1012.7666666666668,0.0,33.875
2021-08-08,37.743065,-122.169935,5.7,0.021,32.0,Oakland,17.799999875,82.44271016666667,11.200857495833333,1011.7624999999999,0.0,35.958333333333336
2021-08-09,37.743065,-122.169935,10.2,0.026,53.0,Oakland,17.483333291666664,76.999255375,10.862299625,1012.1666666666666,0.0,7.0
2021-08-10,37.743065,-122.169935,9.1,0.03,51.0,Oakland,17.493749916666665,76.58842591666667,12.019873966666667,1013.0833333333334,0.0,14.208333333333334
2021-08-11,37.743065,-122.169935,8.6,0.026,48.0,Oakland,17.872916291666666,78.945168125,12.578349404166666,1014.3249999999999,0.0,9.708333333333334
2021-08-12,37.743065,-122.169935,9.4,0.029,52.0,Oakland,17.387499791666666,79.98624929166667,12.496971379166666,1015.3208333333333,0.0,58.416666666666664
2021-08-13,37.743065,-122.169935,5.6,0.027,31.0,Oakland,17.577083,76.89888579166667,12.7294157375,1016.6625,0.0,21.541666666666668
2021-08-14,37.743065,-122.169935,7.9,0.027,44.0,Oakland,17.645832625,79.25402816666667,11.4699089375,1018.3125,0.0,62.208333333333336
2021-08-15,37.743065,-122.169935,7.9,0.027,44.0,Oakland,17.645832625,79.25402816666667,11.4699089375,1018.3125,0.0,62.208333333333336
2021-08-16,37.743065,-122.169935,12.5,0.018,57.0,Oakland,18.770832833333333,75.86908383333333,12.1096613125,1010.9541666666668,0.0,17.708333333333332
2021-08-17,37.743065,-122.169935,10.1,0.03,53.0,Oakland,18.014582916666665,78.20933075,19.192620833333333,1008.9791666666666,0.004166666666666667,42.708333333333336
2021-08-18,37.743065,-122.169935,14.0,0.026,60.0,Oakland,18.16250008333333,69.83055408333333,12.115383012499999,1009.0416666666666,0.0,8.041666666666666
2021-08-19,37.743065,-122.169935,13.5,0.031,59.0,Oakland,17.774999666666666,79.43441391666667,11.584547820833334,1012.6291666666666,0.0,17.541666666666668
2021-08-20,37.743065,-122.169935,15.6,0.037,63.0,Oakland,17.45208320833333,82.466041625,10.558840533333333,1010.9708333333333,0.0,40.0
2021-08-21,37.743065,-122.169935,15.5,0.029,63.0,Oakland,17.720833,78.69281245833334,15.115510458333333,1008.8083333333334,0.0,43.708333333333336
2021-08-22,37.743065,-122.169935,6.3,0.028,35.0,Oakland,16.6916665,78.477328375,12.531453879166667,1009.9833333333332,0.0,58.916666666666664
2021-08-23,37.743065,-122.169935,9.0,0.032,50.0,Oakland,16.612500041666667,79.31107370833332,12.37267035,1010.6708333333332,0.0,23.291666666666668
2021-08-24,37.743065,-122.169935,9.9,0.037,52.0,Oakland,16.422916333333333,79.00516895833333,12.802580758333335,1012.7791666666667,0.0,37.333333333333336
2021-08-25,37.743065,-122.169935,11.4,0.035,55.0,Oakland,15.950000000000001,78.2476635,13.232344166666666,1015.2624999999999,0.0,27.375
2021-08-26,37.743065,-122.169935,12.2,0.031,57.0,Oakland,16.468749958333333,78.35397999999999,8.922131808333333,1015.2125,0.0,14.833333333333334
2021-08-27,37.743065,-122.169935,23.4,0.046,78.0,Oakland,20.410416125,68.49269704166666,8.410826070833332,1009.9875000000001,0.0,0.0
2021-08-28,37.743065,-122.169935,33.0,0.061,96.0,Oakland,23.5374995,52.924359708333334,7.484081491666667,1006.5,0.0,0.0
2021-08-29,37.743065,-122.169935,13.8,0.035,60.0,Oakland,20.316666166666668,68.39551795833333,10.302827725,1008.7708333333334,0.0,2.0
2021-08-30,37.743065,-122.169935,17.4,0.028,66.0,Oakland,17.922916541666666,79.06872954166667,8.230843041666667,1008.4541666666668,0.0,9.958333333333334
2021-08-31,37.743065,-122.169935,13.0,0.033,58.0,Oakland,18.227083041666667,71.40081925,12.7515875,1006.5375,0.0,0.4166666666666667
2021-09-01,37.743065,-122.169935,13.0,0.034,58.0,Oakland,16.687499875,73.39135479166667,17.156097374999998,1008.625,0.0,26.25
2021-09-02,37.743065,-122.169935,23.2,0.038,77.0,Oakland,16.218749833333334,76.72185950000001,12.020629604166666,1012.6791666666667,0.0,51.833333333333336
2021-09-03,37.743065,-122.169935,20.5,0.034,72.0,Oakland,16.34999995833333,79.59499595833334,10.4391693875,1014.4,0.0,41.0
2021-09-04,37.743065,-122.169935,18.5,0.042,69.0,Oakland,16.3416665,80.7504435,9.411391100000001,1014.4041666666667,0.0,33.958333333333336
2021-09-05,37.743065,-122.169935,19.7,0.045,71.0,Oakland,17.735416458333333,76.22320770833333,8.26193645,1014.1416666666668,0.0,8.791666666666666
2021-09-06,37.743065,-122.169935,16.7,0.045,65.0,Oakland,18.666666541666668,72.88926241666667,8.024154591666667,1014.0666666666666,0.0,76.79166666666667
2021-09-07,37.743065,-122.169935,12.5,0.023,57.0,Oakland,18.956249583333335,73.29029316666667,8.335525425,1014.25,0.0,16.708333333333332
2021-09-08,37.743065,-122.169935,10.7,0.025,54.0,Oakland,20.379166125,68.47974470833334,7.405956779166666,1012.6750000000001,0.0,0.75
2021-09-09,37.743065,-122.169935,8.2,0.022,46.0,Oakland,18.489582916666667,75.11453591666667,8.977312441666667,1011.0833333333334,0.0,21.166666666666668
2021-09-10,37.743065,-122.169935,4.2,0.026,23.0,Oakland,17.287499666666665,82.35926316666666,11.590644479166668,1013.625,0.10416666666666667,61.583333333333336
2021-09-11,37.743065,-122.169935,9.5,0.028,52.0,Oakland,16.92499975,82.03153754166667,9.981217466666665,1016.6,0.0,12.791666666666666
2021-09-12,37.743065,-122.169935,10.2,0.025,53.0,Oakland,17.814583,77.87675983333334,6.942941429166667,1014.9208333333332,0.0,16.5
2021-09-13,37.743065,-122.169935,14.4,0.025,61.0,Oakland,18.089583083333334,75.53029475,7.470327845833334,1012.7666666666668,0.0,0.375
2021-09-14,37.743065,-122.169935,13.5,0.028,59.0,Oakland,18.216666625,76.69924416666667,7.050030458333333,1011.6291666666666,0.0,6.25
2021-09-15,37.743065,-122.169935,13.5,0.037,59.0,Oakland,16.333333166666666,80.92212483333334,10.957767691666668,1012.7208333333333,0.0,14.583333333333334
2021-09-16,37.743065,-122.169935,9.7,0.032,52.0,Oakland,15.702083333333334,80.26267058333333,13.920226583333333,1011.35,0.0,44.25
2021-09-17,37.743065,-122.169935,11.0,0.03,55.0,Oakland,15.833333166666668,80.233779125,11.489268470833332,1012.9250000000001,0.0,51.125
2021-09-18,37.743065,-122.169935,5.6,0.026,31.0,Oakland,16.558333083333334,78.73217245833334,13.721552354166667,1017.1541666666667,0.0,68.41666666666667
2021-09-19,37.743065,-122.169935,3.0,0.032,17.0,Oakland,17.7083325,83.91915695833333,13.261889908333332,1018.3666666666667,0.07916666666666666,54.0
2021-09-20,37.743065,-122.169935,5.2,0.038,29.0,Oakland,18.72499983333333,70.66729233333334,7.52743091125,1015.6458333333334,0.0,1.5
2021-09-21,37.743065,-122.169935,8.3,0.051,46.0,Oakland,22.547915916666668,40.005457125,8.721893729166666,1015.9208333333332,0.0,0.0
2021-09-22,37.743065,-122.169935,6.6,0.031,37.0,Oakland,20.018749541666665,67.72552016666667,11.352823941666665,1019.0791666666668,0.0,5.125
2021-09-23,37.743065,-122.169935,10.5,0.037,54.0,Oakland,18.633333083333333,74.79969666666666,6.956799995833333,1014.7916666666666,0.0,38.125
2021-09-24,37.743065,-122.169935,8.5,0.031,47.0,Oakland,19.312499624999997,74.07750608333333,8.517007153333333,1012.5166666666668,0.0,61.666666666666664
2021-09-25,37.743065,-122.169935,7.7,0.036,43.0,Oakland,16.44374995833333,84.58634125,10.725600049999999,1014.8791666666666,0.0,33.208333333333336
2021-09-26,37.743065,-122.169935,5.4,0.035,30.0,Oakland,15.597916750000001,80.85685720833334,15.066474354166667,1016.3375,0.0,79.83333333333333
2021-09-27,37.743065,-122.169935,1.6,0.028,9.0,Oakland,16.358332916666665,83.29147154166667,14.321358333333334,1017.5458333333332,0.004166666666666667,85.20833333333333
2021-09-28,37.743065,-122.169935,5.0,0.033,28.0,Oakland,17.245832833333335,70.3377785,15.669171520833332,1017.5375,0.04583333333333334,40.958333333333336
2021-09-29,37.743065,-122.169935,8.2,0.028,46.0,Oakland,16.049999666666668,74.24381295833334,9.042767629166667,1015.8208333333333,0.0,32.791666666666664
2021-09-30,37.743065,-122.169935,6.4,0.037,36.0,Oakland,18.416666583333335,59.63386133333333,7.559843645833333,1015.8416666666667,0.0,0.0
2021-10-01,37.743065,-122.169935,8.4,0.05,47.0,Oakland,20.245833,50.88835229166667,6.9273533291666665,1014.6833333333334,0.0,0.08333333333333333
2021-10-02,37.743065,-122.169935,13.0,0.056,58.0,Oakland,20.60208283333333,58.026733916666664,6.937764112500001,1015.3416666666667,0.0,0.2916666666666667
2021-10-03,37.743065,-122.169935,11.9,0.061,56.0,Oakland,21.145832374999998,51.82306333333333,7.1869112625,1014.8541666666666,0.0,0.0
2021-10-04,37.743065,-122.169935,9.7,0.044,52.0,Oakland,21.622916416666666,47.34405029166666,6.10339515,1012.6958333333333,0.0,7.666666666666667
2021-10-05,37.743065,-122.169935,6.1,0.032,34.0,Oakland,16.852083166666667,76.30071404166667,10.772682841666667,1013.7708333333334,0.0,34.333333333333336
2021-10-06,37.743065,-122.169935,5.4,0.031,30.0,Oakland,15.589583499999998,80.5096345,14.650577104166667,1016.0749999999999,0.0,95.83333333333333
2021-10-07,37.743065,-122.169935,6.0,0.03,33.0,Oakland,14.618750041666667,74.80092716666667,14.027178124999999,1015.75,0.0,89.16666666666667
2021-10-08,37.743065,-122.169935,4.6,0.03,26.0,Oakland,13.945833458333333,72.01949391666666,20.507582458333335,1017.5416666666666,0.0,66.33333333333333
2021-10-09,37.743065,-122.169935,3.7,0.036,21.0,Oakland,15.50208325,72.49328625,10.242979770833333,1021.3541666666666,0.075,47.333333333333336
2021-10-10,37.743065,-122.169935,6.5,0.03,36.0,Oakland,15.831249958333332,73.06312945833334,8.895784675,1020.1958333333333,0.0,0.5416666666666666
2021-10-11,37.743065,-122.169935,4.8,0.035,27.0,Oakland,15.460416541666667,53.30846866666667,19.33086691666667,1015.1958333333333,0.0,0.7916666666666666
2021-10-12,37.743065,-122.169935,4.7,0.032,26.0,Oakland,16.018749791666668,24.905774979166665,19.244608958333334,1015.8874999999999,0.0,0.16666666666666666
2021-10-13,37.743065,-122.169935,6.3,0.029,35.0,Oakland,13.214583374999998,78.16179133333334,10.707992654166667,1016.6708333333332,0.0,47.708333333333336
2021-10-14,37.743065,-122.169935,5.1,0.028,28.0,Oakland,12.874999916666667,78.40189637499999,6.1266040166666675,1018.1791666666667,0.0,30.666666666666668
2021-10-15,37.743065,-122.169935,6.6,0.03,37.0,Oakland,16.616666541666667,44.93023433333334,5.111098279166667,1019.7333333333332,0.0,0.0
2021-10-16,37.743065,-122.169935,9.2,0.05,51.0,Oakland,19.058332833333335,36.79708208333333,6.7334149,1017.0958333333333,0.0,0.0
2021-10-17,37.743065,-122.169935,9.2,0.05,51.0,Oakland,19.058332833333335,36.79708208333333,6.7334149,1017.0958333333333,0.0,0.0
2021-10-18,37.743065,-122.169935,3.7,0.034,21.0,Oakland,12.666666874999999,78.20733054166666,16.71770660416667,1015.3291666666668,0.15,41.25
2021-10-19,37.743065,-122.169935,3.2,0.037,18.0,Oakland,12.591666583333334,78.88280158333333,6.773846908333333,1016.5791666666668,0.0,62.5
2021-10-20,37.743065,-122.169935,2.7,0.026,15.0,Oakland,15.318749916666667,65.69615908333334,16.034809166666665,1016.475,0.22916666666666666,100.0
2021-10-21,37.743065,-122.169935,2.0,0.026,11.0,Oakland,17.614582833333333,89.92973124999999,12.404627675,1018.6166666666667,0.8375,100.0
2021-10-22,37.743065,-122.169935,2.5,0.034,14.0,Oakland,16.027083291666667,89.05003329166668,14.347909991666667,1016.5749999999999,0.5541666666666667,89.5
2021-10-23,37.743065,-122.169935,2.8,0.032,16.0,Oakland,14.429166791666667,87.07399625,8.679216029166666,1015.1583333333333,0.016666666666666666,89.875
2021-10-24,37.743065,-122.169935,1.2,0.035,7.0,Oakland,15.849999625,87.07831020833333,23.09506478333333,1007.0124999999999,2.216666666666667,100.0
2021-10-25,37.743065,-122.169935,5.4,0.032,30.0,Oakland,14.172916833333334,86.29967262499999,16.62279725,1006.3083333333334,2.254166666666667,74.375
2021-10-26,37.743065,-122.169935,6.0,0.033,33.0,Oakland,13.291666791666666,84.20088787499999,7.701719762500001,1019.6625,0.004166666666666667,60.208333333333336
2021-10-27,37.743065,-122.169935,5.5,0.021,31.0,Oakland,15.214583458333331,83.623288375,4.978788102916667,1025.5416666666667,0.0,27.458333333333332
2021-10-28,37.743065,-122.169935,5.5,0.021,31.0,Oakland,15.214583458333331,83.623288375,4.978788102916667,1025.5416666666667,0.0,27.458333333333332
2021-10-29,37.743065,-122.169935,8.4,0.024,47.0,Oakland,16.235416625,88.19265858333334,5.850873475,1016.0,0.0,46.416666666666664
2021-10-30,37.743065,-122.169935,1.5,0.033,8.0,Oakland,15.145833333333334,93.70026183333333,11.253014,1014.2041666666668,0.041666666666666664,98.04166666666667
2021-10-31,37.743065,-122.169935,2.0,0.03,11.0,Oakland,13.900000041666667,87.080224875,8.8319451375,1015.6041666666666,0.004166666666666667,64.08333333333333
2021-11-01,37.743065,-122.169935,2.0,0.017,11.0,Oakland,15.03125,84.80397125,11.132921629166667,1016.6583333333333,0.19583333333333333,97.0
2021-11-02,37.743065,-122.169935,3.2,0.018,18.0,Oakland,16.170833124999998,91.70599533333332,6.247635208333333,1021.3958333333334,0.17500000000000002,82.41666666666667
2021-11-03,37.743065,-122.169935,6.5,0.024,36.0,Oakland,14.895833291666667,90.63369870833333,4.53857385,1021.5083333333333,0.0,7.375
2021-11-04,37.743065,-122.169935,6.0,0.03,33.0,Oakland,16.070833291666666,87.84091991666666,9.6104293375,1019.9375,0.275,61.125
2021-11-05,37.743065,-122.169935,6.4,0.025,36.0,Oakland,13.295833416666667,88.020487375,6.833494520833334,1019.5333333333333,0.0,58.666666666666664
2021-11-06,37.743065,-122.169935,5.2,0.028,29.0,Oakland,13.908333375,86.183153875,6.668115422916667,1019.5208333333334,0.008333333333333333,93.91666666666667
2021-11-07,37.743065,-122.169935,5.0,0.033,28.0,Oakland,12.514583458333334,73.75803179166667,10.890169866666668,1021.9625,0.0,51.875
2021-11-08,37.743065,-122.169935,6.4,0.035,36.0,Oakland,10.987499933333332,66.92711145833333,5.833660200000001,1019.2583333333333,0.0,75.54166666666667
2021-11-09,37.743065,-122.169935,5.0,0.026,28.0,Oakland,14.087500333333333,80.53773695833333,16.04101670416667,1017.9708333333333,0.7208333333333333,96.83333333333333
2021-11-10,37.743065,-122.169935,6.3,0.025,35.0,Oakland,14.810416791666666,90.85531587499999,4.5731614125,1025.3791666666666,0.008333333333333333,77.91666666666667
2021-11-11,37.743065,-122.169935,6.1,0.02,34.0,Oakland,14.09375,83.46591745833332,5.938987629166667,1025.25,0.0,11.916666666666666
2021-11-12,37.743065,-122.169935,6.1,0.02,34.0,Oakland,14.09375,83.46591745833332,5.938987629166667,1025.25,0.0,11.916666666666666
2021-11-13,37.743065,-122.169935,11.8,0.012,56.0,Oakland,15.008333333333333,85.18376254166667,4.5949586875,1022.125,0.0,19.083333333333332
2021-11-14,37.743065,-122.169935,8.1,0.018,45.0,Oakland,14.954166541666666,79.05323804166666,6.055472354166667,1020.7666666666668,0.0,53.666666666666664
2021-11-15,37.743065,-122.169935,16.9,0.004,66.0,Oakland,13.508333499999999,82.906507625,9.150372225,1019.225,0.0,97.75
2021-11-16,37.743065,-122.169935,9.3,0.02,51.0,Oakland,14.137500041666668,90.779179,5.4356681875,1019.6083333333332,0.0,83.625
2021-11-17,37.743065,-122.169935,6.5,0.03,36.0,Oakland,12.858333375,69.60406270833333,5.835680054166667,1017.3583333333332,0.0,62.541666666666664
2021-11-18,37.743065,-122.169935,13.8,0.014,60.0,Oakland,11.562500125,82.31529129166667,5.916914441666667,1018.6125000000001,0.0,77.08333333333333
2021-11-19,37.743065,-122.169935,11.9,0.026,56.0,Oakland,13.081250124999999,90.225678,5.28332573625,1020.4499999999999,0.05833333333333333,87.75
2021-11-20,37.743065,-122.169935,6.2,0.022,34.0,Oakland,13.770833333333334,79.68560033333334,7.011851195833334,1021.6166666666667,0.0375,43.375
2021-11-21,37.743065,-122.169935,3.7,0.03,21.0,Oakland,12.74791675,63.15326054166667,9.232811795833333,1022.5124999999999,0.0,0.0
2021-11-22,37.743065,-122.169935,10.5,0.015,54.0,Oakland,13.891666708333332,60.37355766666667,9.646581150000001,1021.1750000000001,0.0,0.2916666666666667
2021-11-23,37.743065,-122.169935,14.0,0.022,60.0,Oakland,12.347916958333334,84.63212133333333,5.040050625,1017.9166666666666,0.0,53.416666666666664
2021-11-24,37.743065,-122.169935,5.1,0.033,28.0,Oakland,10.789583320833332,64.93453716666666,5.718923879166667,1020.4250000000001,0.0,10.625
2021-11-25,37.743065,-122.169935,13.7,0.028,60.0,Oakland,11.1604167125,60.50040875,6.8234862666666665,1025.9791666666667,0.0,73.66666666666667
2021-11-26,37.743065,-122.169935,18.3,0.024,68.0,Oakland,12.53333325,73.18095554166666,8.7613503,1025.1166666666666,0.0,61.541666666666664
2021-11-27,37.743065,-122.169935,11.3,0.018,55.0,Oakland,12.9270832625,62.04136970833333,3.9468564291666666,1020.6083333333332,0.0,43.875
2021-11-28,37.743065,-122.169935,13.6,0.037,59.0,Oakland,13.88125,69.24024766666666,4.2823924374999995,1021.975,0.0,10.916666666666666
2021-11-29,37.743065,-122.169935,15.7,0.017,63.0,Oakland,13.154166708333333,76.53055829166667,5.287181704166667,1021.7083333333334,0.0,0.08333333333333333
2021-11-30,37.743065,-122.169935,11.2,0.015,55.0,Oakland,13.641666583333333,77.82717525,4.5648071625,1020.1541666666667,0.0,7.25
2021-12-01,37.743065,-122.169935,16.7,0.023,65.0,Oakland,14.699999916666668,69.70975704166666,9.315631979166666,1019.0,0.0,0.041666666666666664
2021-12-02,37.743065,-122.169935,20.1,0.027,71.0,Oakland,13.624999891666667,78.12405708333334,5.0236320574999995,1018.85,0.0,24.708333333333332
2021-12-03,37.743065,-122.169935,18.7,0.034,69.0,Oakland,12.064583583333333,92.44947745833333,5.906945725,1019.5333333333333,0.0,89.41666666666667
2021-12-04,37.743065,-122.169935,10.4,0.031,53.0,Oakland,11.791666708333333,89.49055858333332,7.222632762500001,1021.7166666666667,0.0,77.58333333333333
2021-12-05,37.743065,-122.169935,13.5,0.013,59.0,Oakland,11.418750125,89.56208720833332,5.549099840416667,1024.9791666666667,0.0,47.833333333333336
2021-12-06,37.743065,-122.169935,22.5,0.002,76.0,Oakland,10.456250166666667,86.65058720833333,4.566691629166667,1021.5083333333333,0.0,81.375
2021-12-07,37.743065,-122.169935,14.1,0.018,60.0,Oakland,11.654166916666666,86.12431704166666,6.249443161666666,1016.2583333333333,0.07916666666666666,73.625
2021-12-08,37.743065,-122.169935,6.5,0.031,36.0,Oakland,10.891666916666667,88.058801625,6.8119737250000005,1017.3041666666667,0.016666666666666666,61.208333333333336
2021-12-09,37.743065,-122.169935,6.2,0.025,34.0,Oakland,11.637500291666667,80.55244083333334,13.977811708333334,1014.8249999999999,0.07916666666666668,68.58333333333333
2021-12-10,37.743065,-122.169935,6.5,0.019,36.0,Oakland,8.660416879166666,72.91128629166667,6.202441495833334,1020.4708333333333,0.0,34.041666666666664
2021-12-11,37.743065,-122.169935,6.2,0.025,34.0,Oakland,7.612500099999999,66.77315608333333,5.1275871041666665,1023.7125,0.0,74.04166666666667
2021-12-12,37.743065,-122.169935,4.2,0.032,23.0,Oakland,9.704166708333334,80.92692845833334,16.258520504166665,1016.9916666666667,0.4375,99.79166666666667
2021-12-13,37.743065,-122.169935,2.0,0.035,11.0,Oakland,12.093750208333333,89.25920275,19.613947958333334,1008.8083333333334,2.4166666666666665,98.04166666666667
2021-12-14,37.743065,-122.169935,3.6,0.031,20.0,Oakland,9.310416887499999,82.72261645833333,16.8011462375,1008.3583333333332,1.2333333333333334,84.75
2021-12-15,37.743065,-122.169935,2.7,0.032,15.0,Oakland,8.312500145833333,76.17955041666666,15.298928599999998,1019.9958333333334,0.024999999999999998,64.0
2021-12-16,37.743065,-122.169935,3.7,0.029,21.0,Oakland,11.079166791666665,83.94793533333333,16.516968870833335,1018.1458333333334,0.5958333333333333,74.91666666666667
2021-12-17,37.743065,-122.169935,4.5,0.019,25.0,Oakland,7.7437501666666675,83.94099304166667,7.345469365416666,1023.5,0.0,3.6666666666666665
2021-12-18,37.743065,-122.169935,8.6,0.02,48.0,Oakland,6.243750116666667,84.42636704166667,9.4524563625,1025.1625000000001,0.0,28.833333333333332
2021-12-19,37.743065,-122.169935,11.9,0.019,56.0,Oakland,6.062500070833333,85.23728804166667,9.301173433333334,1019.8291666666668,0.0,51.958333333333336
2021-12-20,37.743065,-122.169935,11.0,0.026,55.0,Oakland,8.197916795833335,80.07403408333333,12.8509426375,1019.6333333333333,0.0,71.16666666666667
2021-12-21,37.743065,-122.169935,13.6,0.019,59.0,Oakland,7.65416685,82.03005083333333,14.7579063625,1019.9333333333334,0.075,80.75
2021-12-22,37.743065,-122.169935,6.8,0.017,38.0,Oakland,9.643750095833333,86.095573375,14.379720625,1017.6541666666667,0.6541666666666667,97.83333333333333
2021-12-23,37.743065,-122.169935,4.1,0.027,23.0,Oakland,12.837500208333333,93.91511716666666,12.022249920833334,1009.6833333333334,1.1833333333333333,94.41666666666667
2021-12-24,37.743065,-122.169935,4.0,0.036,22.0,Oakland,10.968750083333333,85.74218120833332,11.8924498,1007.7458333333334,0.5791666666666667,74.125
2021-12-25,37.743065,-122.169935,4.4,0.035,24.0,Oakland,9.902083666666666,87.41479520833333,17.80900725,1011.75,0.6666666666666666,64.83333333333333
2021-12-26,37.743065,-122.169935,2.8,0.033,16.0,Oakland,7.641666833333333,79.86138258333334,16.042234070833334,1014.0666666666666,0.7125,76.08333333333333
2021-12-27,37.743065,-122.169935,2.6,0.035,14.0,Oakland,8.5520835,85.907577375,17.1540179625,1014.6208333333334,0.9916666666666667,89.04166666666667
2021-12-28,37.743065,-122.169935,3.3,0.031,18.0,Oakland,6.7833335,73.98172095833333,10.843695445833333,1012.6583333333333,0.07916666666666668,96.04166666666667
2021-12-29,37.743065,-122.169935,3.0,0.026,17.0,Oakland,8.087500275,88.24859370833333,10.223651912500001,1007.4291666666667,0.5583333333333333,93.79166666666667
2021-12-30,37.743065,-122.169935,3.7,0.023,21.0,Oakland,7.3062501666666675,84.07076520833333,15.080224341666666,1011.8000000000001,0.14166666666666666,56.083333333333336
2021-12-31,37.743065,-122.169935,3.7,0.023,21.0,Oakland,7.3062501666666675,84.07076520833333,15.080224341666666,1011.8000000000001,0.14166666666666666,56.083333333333336
2022-01-01,37.743065,-122.169935,13.2,0.028,59.0,Oakland,6.2791667874999995,71.86175929166667,7.079494145833333,1018.9916666666667,0.0,22.708333333333332
2022-01-02,37.743065,-122.169935,8.2,0.021,46.0,Oakland,5.300000089166667,70.81483266666667,7.303218978333334,1024.8999999999999,0.0,2.7916666666666665
2022-01-03,37.743065,-122.169935,3.8,0.029,21.0,Oakland,8.8291667,84.43681120833334,10.162571925,1022.8874999999999,0.008333333333333333,88.20833333333333
2022-01-04,37.743065,-122.169935,3.1,0.025,17.0,Oakland,11.343750125,91.92462866666666,12.00856435,1025.1333333333334,0.39999999999999997,99.04166666666667
2022-01-05,37.743065,-122.169935,4.7,0.023,26.0,Oakland,10.968750291666666,96.58740220833333,5.289420429166666,1026.4791666666667,0.0,94.58333333333333
2022-01-06,37.743065,-122.169935,8.0,0.017,44.0,Oakland,11.697916874999999,97.73049141666667,3.965185228333333,1021.0541666666667,0.0,98.95833333333333
2022-01-07,37.743065,-122.169935,5.1,0.026,28.0,Oakland,10.862500166666665,93.63653058333334,9.442327383333334,1015.1750000000001,0.049999999999999996,90.20833333333333
2022-01-08,37.743065,-122.169935,6.4,0.025,36.0,Oakland,9.83750025,93.34336458333333,6.582533554166667,1018.6333333333333,0.0,62.5
2022-01-09,37.743065,-122.169935,8.7,0.021,48.0,Oakland,9.468750158333334,84.13774929166667,11.745059895833334,1023.0666666666666,0.0,14.541666666666666
2022-01-10,37.743065,-122.169935,10.9,0.02,54.0,Oakland,10.299999941666666,83.84820683333334,8.313911891666667,1028.7291666666667,0.0,57.958333333333336
2022-01-11,37.743065,-122.169935,8.5,0.016,47.0,Oakland,10.247916516666667,76.22117466666667,6.408605679166667,1028.5708333333334,0.0,50.875
2022-01-12,37.743065,-122.169935,18.6,0.014,69.0,Oakland,10.489583416666667,75.31092925,7.884137545833333,1025.3125,0.0,51.708333333333336
2022-01-13,37.743065,-122.169935,23.9,0.005,79.0,Oakland,10.760416999999999,85.56678391666667,5.05536785,1024.5625,0.0,99.875
2022-01-14,37.743065,-122.169935,10.7,0.025,54.0,Oakland,9.937500229166666,86.18951208333334,5.317075016666666,1023.0458333333332,0.0,64.83333333333333
2022-01-15,37.743065,-122.169935,11.7,0.022,56.0,Oakland,11.889583291666668,71.56908575,11.517524020833333,1022.0375,0.0,99.375
2022-01-16,37.743065,-122.169935,16.5,0.02,65.0,Oakland,11.483333541666667,77.90470654166667,4.8778370791666665,1020.75,0.016666666666666666,79.41666666666667
2022-01-17,37.743065,-122.169935,18.8,0.011,69.0,Oakland,10.750000125,80.79585329166666,5.8426472125,1017.9666666666667,0.0,24.375
2022-01-18,37.743065,-122.169935,11.3,0.019,55.0,Oakland,10.862500208333332,87.33450579166667,4.56434355,1019.3458333333333,0.0,57.916666666666664
2022-01-19,37.743065,-122.169935,12.0,0.011,56.0,Oakland,9.670833416666666,94.9732995,5.214500545833333,1023.0583333333334,0.0,85.33333333333333
2022-01-20,37.743065,-122.169935,14.7,0.005,61.0,Oakland,10.0750001375,88.6671065,4.626658633333333,1025.7583333333334,0.0,43.708333333333336
2022-01-21,37.743065,-122.169935,9.3,0.038,51.0,Oakland,11.195833520833332,73.357141625,9.07406575,1023.1833333333334,0.0,57.833333333333336
2022-01-22,37.743065,-122.169935,4.5,0.037,25.0,Oakland,13.675000083333332,42.094136666666664,18.064939016666667,1019.525,0.0,75.41666666666667
2022-01-23,37.743065,-122.169935,18.2,0.019,68.0,Oakland,10.293750099999999,69.623566375,5.832069762500001,1022.8333333333334,0.0,6.208333333333333
2022-01-24,37.743065,-122.169935,14.8,0.023,62.0,Oakland,10.500000179166667,74.85363470833333,4.307903945833334,1022.8125,0.0,0.0
2022-01-25,37.743065,-122.169935,12.0,0.016,56.0,Oakland,9.170833445833333,91.63018175,5.516812725,1018.4083333333333,0.0,49.833333333333336
2022-01-26,37.743065,-122.169935,15.4,0.021,63.0,Oakland,9.433333445833332,88.82490258333333,6.611167595833333,1019.5708333333333,0.0,49.958333333333336
2022-01-27,37.743065,-122.169935,10.0,0.032,53.0,Oakland,10.0291666,75.0579645,6.828575270833333,1022.3041666666667,0.0,0.0
2022-01-28,37.743065,-122.169935,13.5,0.034,59.0,Oakland,10.777083404166667,65.732230125,10.455473895833334,1024.9166666666667,0.0,71.29166666666667
2022-01-29,37.743065,-122.169935,18.3,0.023,68.0,Oakland,10.260416483333334,75.12011045833334,6.980970358333334,1023.4833333333332,0.0,68.25
2022-01-30,37.743065,-122.169935,12.5,0.031,57.0,Oakland,9.754166895833334,80.74087179166666,6.30934895,1023.0,0.0,8.083333333333334
2022-01-31,37.743065,-122.169935,10.3,0.018,53.0,Oakland,9.400000295833333,90.64505895833334,6.4703666375,1023.2875,0.0,90.79166666666667
2022-02-01,37.743065,-122.169935,4.0,0.036,22.0,Oakland,9.356250095833333,74.28806666666667,8.027280575,1018.0124999999999,0.0,18.583333333333332
2022-02-02,37.743065,-122.169935,2.4,0.038,13.0,Oakland,11.575000166666667,31.267628666666667,19.723609,1019.5375,0.0,2.7916666666666665
2022-02-03,37.743065,-122.169935,6.6,0.019,37.0,Oakland,9.587500170833334,54.904561,5.327519470833333,1023.3916666666668,0.0,41.416666666666664
2022-02-04,37.743065,-122.169935,20.3,0.028,72.0,Oakland,9.327083533333333,69.200524625,6.693209825,1027.6625000000001,0.0,9.625
2022-02-05,37.743065,-122.169935,20.5,0.024,72.0,Oakland,9.731250058333332,75.30840629166666,4.670744458333334,1027.7166666666667,0.0,56.708333333333336
2022-02-06,37.743065,-122.169935,11.7,0.027,56.0,Oakland,10.5562499375,69.110629875,5.199387575,1024.7458333333332,0.0,0.75
2022-02-07,37.743065,-122.169935,16.5,0.02,65.0,Oakland,11.279166595833333,74.23750308333334,5.13978845,1025.8625,0.0,0.125
2022-02-08,37.743065,-122.169935,15.3,0.022,63.0,Oakland,11.583333325,67.247618125,3.496123975,1025.4958333333334,0.0,0.0
2022-02-09,37.743065,-122.169935,7.2,0.034,40.0,Oakland,13.3104165,59.296432375,8.421754925,1022.8916666666668,0.0,16.958333333333332
2022-02-10,37.743065,-122.169935,5.6,0.028,31.0,Oakland,15.595833083333332,53.39961641666667,8.010346845833334,1020.7708333333334,0.0,0.2916666666666667
2022-02-11,37.743065,-122.169935,10.5,0.027,54.0,Oakland,15.466666458333334,68.55662516666666,5.145672754166667,1019.1833333333334,0.0,0.25
2022-02-12,37.743065,-122.169935,17.5,0.038,67.0,Oakland,15.420833,73.20648758333333,5.481949575000001,1018.8208333333333,0.0,62.166666666666664
2022-02-13,37.743065,-122.169935,16.9,0.035,66.0,Oakland,15.15625,77.323890875,5.309898162500001,1022.2166666666667,0.0,3.2083333333333335
2022-02-14,37.743065,-122.169935,7.6,0.037,42.0,Oakland,12.129166875000001,89.65256754166667,12.2128346375,1021.7624999999999,0.0,92.04166666666667
2022-02-15,37.743065,-122.169935,4.4,0.036,24.0,Oakland,10.343750204166666,67.63519066666667,18.427589375,1015.85,0.0,23.791666666666668
2022-02-16,37.743065,-122.169935,6.1,0.032,34.0,Oakland,11.506250166666666,54.12090008333333,9.741072866666666,1015.9250000000001,0.0,0.0
2022-02-17,37.743065,-122.169935,4.8,0.035,27.0,Oakland,13.643750045833334,44.99803254166667,10.1764868125,1022.1791666666667,0.0,0.0
2022-02-18,37.743065,-122.169935,11.0,0.025,55.0,Oakland,12.072916691666668,66.29288466666667,5.813278608333333,1025.7625,0.0,27.916666666666668
2022-02-19,37.743065,-122.169935,14.4,0.036,61.0,Oakland,12.38541675,68.48478233333334,6.163081098749999,1021.4916666666667,0.0,8.125
2022-02-20,37.743065,-122.169935,9.2,0.034,51.0,Oakland,11.191666708333335,84.57343870833334,10.376564345833334,1016.85,0.0,55.708333333333336
2022-02-21,37.743065,-122.169935,4.5,0.036,25.0,Oakland,9.168750141666667,71.36075775,14.710819766666667,1014.5625,0.0,19.666666666666668
2022-02-22,37.743065,-122.169935,3.5,0.034,19.0,Oakland,8.752083504166666,69.26113820833334,21.326826125,1015.3041666666667,0.07083333333333333,30.791666666666668
2022-02-23,37.743065,-122.169935,5.3,0.033,29.0,Oakland,5.985416745833334,67.30100558333334,8.237826541666667,1016.6833333333334,0.025000000000000005,25.5
2022-02-24,37.743065,-122.169935,6.5,0.032,36.0,Oakland,7.1395833875,67.623151625,7.495232054166667,1024.9583333333333,0.0,4.541666666666667
2022-02-25,37.743065,-122.169935,9.5,0.029,52.0,Oakland,8.208333425000001,78.98443970833334,7.186215108333333,1025.575,0.0,51.375
2022-02-26,37.743065,-122.169935,10.3,0.026,53.0,Oakland,8.6229167875,70.96287054166667,6.767002807083333,1026.4416666666666,0.0,59.541666666666664
2022-02-27,37.743065,-122.169935,14.2,0.039,61.0,Oakland,11.002083445833334,65.11889729166667,6.867623804166667,1028.7250000000001,0.0,49.083333333333336
2022-02-28,37.743065,-122.169935,10.2,0.029,53.0,Oakland,12.587499791666666,63.60238583333333,6.3965253875,1026.3416666666667,0.0,2.8333333333333335
2022-03-01,37.743065,-122.169935,7.6,0.017,42.0,Oakland,12.139583429166665,82.06586591666667,6.951574391666667,1023.4791666666666,0.0,66.0
2022-03-02,37.743065,-122.169935,6.4,0.023,36.0,Oakland,11.71250025,88.88058966666667,5.750406016666666,1020.3874999999999,0.0,99.54166666666667
2022-03-03,37.743065,-122.169935,7.5,0.012,42.0,Oakland,11.295833541666667,91.89538254166666,7.3373481125,1014.625,0.05833333333333333,100.0
2022-03-04,37.743065,-122.169935,8.1,0.041,45.0,Oakland,11.458333625,87.94382654166667,9.787294129166666,1013.1583333333333,0.25,87.41666666666667
2022-03-05,37.743065,-122.169935,4.8,0.033,27.0,Oakland,8.475000225,70.40451154166666,18.812787958333335,1018.3416666666667,0.008333333333333333,22.875
2022-03-06,37.743065,-122.169935,9.2,0.027,51.0,Oakland,9.464583450000001,77.699374375,7.876789325,1023.3208333333333,0.0,17.916666666666668
2022-03-07,37.743065,-122.169935,7.6,0.04,42.0,Oakland,10.145833399999999,75.81201479166667,6.753760429166667,1026.7375,0.0,40.291666666666664
2022-03-08,37.743065,-122.169935,6.3,0.033,35.0,Oakland,11.94791655,49.26317133333333,6.9443698666666664,1023.525,0.0,12.916666666666666
2022-03-09,37.743065,-122.169935,10.5,0.038,54.0,Oakland,12.314583291666667,69.75909654166666,7.856554675000001,1017.4958333333334,0.0,4.25
2022-03-10,37.743065,-122.169935,3.8,0.042,21.0,Oakland,11.758333362499998,65.83997633333333,10.2633195,1017.0375,0.0,8.875
2022-03-11,37.743065,-122.169935,5.3,0.037,29.0,Oakland,11.687499716666666,41.952485625,6.379671591666667,1024.1375,0.0,1.1666666666666667
2022-03-12,37.743065,-122.169935,5.4,0.036,30.0,Oakland,11.454166929166666,60.79479354166667,8.4875735875,1025.1708333333333,0.0,4.416666666666667
2022-03-13,37.743065,-122.169935,8.4,0.042,47.0,Oakland,11.629167,82.09094683333333,11.433631933333332,1022.9833333333332,0.0625,87.91666666666667
2022-03-14,37.743065,-122.169935,8.7,0.039,48.0,Oakland,10.958333458333334,74.898251125,6.9493563541666665,1024.7875000000001,0.0,65.41666666666667
2022-03-15,37.743065,-122.169935,4.0,0.025,22.0,Oakland,13.362500166666665,82.239823125,7.854024533333333,1025.0125,0.24166666666666667,95.58333333333333
2022-03-16,37.743065,-122.169935,8.3,0.028,46.0,Oakland,12.222916624999998,86.16709354166666,9.950548691666667,1023.6708333333332,0.0,19.583333333333332
2022-03-17,37.743065,-122.169935,8.5,0.035,47.0,Oakland,11.300000333333331,84.74499004166667,10.402587883333334,1022.025,0.0,66.5
2022-03-18,37.743065,-122.169935,7.2,0.031,40.0,Oakland,11.045833529166666,84.66369508333334,9.098599641666667,1021.0666666666666,0.0,30.083333333333332
2022-03-19,37.743065,-122.169935,5.0,0.034,28.0,Oakland,11.529167041666668,84.9191005,8.947068779166667,1016.8708333333334,0.10416666666666667,98.29166666666667
2022-03-20,37.743065,-122.169935,6.7,0.034,37.0,Oakland,10.585416875,77.58298691666667,12.409418666666667,1019.5500000000001,0.08333333333333333,39.833333333333336
2022-03-21,37.743065,-122.169935,9.7,0.032,52.0,Oakland,11.502083416666666,81.26595483333334,8.542540933333333,1023.9875000000001,0.0,51.375
2022-03-22,37.743065,-122.169935,7.4,0.021,41.0,Oakland,15.168749958333335,73.73968304166667,6.905977695833333,1021.0291666666667,0.0,1.9583333333333333
2022-03-23,37.743065,-122.169935,7.1,0.023,39.0,Oakland,13.466666666666667,86.30132166666668,8.281472658333334,1020.8583333333332,0.0,24.625
2022-03-24,37.743065,-122.169935,5.7,0.033,32.0,Oakland,11.404167,87.06264041666667,8.890574279166666,1020.0166666666668,0.0,51.916666666666664
2022-03-25,37.743065,-122.169935,4.2,0.032,23.0,Oakland,11.212500125,84.49409766666666,13.644909687499998,1018.7375000000001,0.0,80.0
2022-03-26,37.743065,-122.169935,3.6,0.031,20.0,Oakland,11.391667,84.44466954166667,9.879497358333333,1014.85,0.0,33.75
2022-03-27,37.743065,-122.169935,3.0,0.035,17.0,Oakland,12.747916875,84.16826866666666,14.13534705,1008.7666666666668,0.0,99.66666666666667
2022-03-28,37.743065,-122.169935,4.8,0.041,27.0,Oakland,13.243750166666667,80.57249900000001,11.236039479166665,1005.9458333333333,0.7666666666666666,89.33333333333333
2022-03-29,37.743065,-122.169935,6.2,0.03,34.0,Oakland,12.014583458333334,86.825967375,10.104546025,1013.5791666666668,0.0,64.54166666666667
2022-03-30,37.743065,-122.169935,7.3,0.033,41.0,Oakland,11.058333541666668,85.20575724999999,17.740859416666666,1020.5916666666667,0.008333333333333333,96.16666666666667
2022-03-31,37.743065,-122.169935,10.1,0.03,53.0,Oakland,11.275000291666666,86.27999170833334,8.286366870833334,1016.5500000000001,0.0,88.79166666666667
2022-04-01,37.743065,-122.169935,11.6,0.028,56.0,Oakland,11.722916708333335,85.38803187500001,7.86913525,1013.5958333333333,0.0,20.0
2022-04-02,37.743065,-122.169935,12.5,0.031,57.0,Oakland,12.762499874999998,82.80151120833334,8.24457895,1015.6958333333333,0.0,43.333333333333336
2022-04-03,37.743065,-122.169935,12.7,0.037,58.0,Oakland,13.575000000000001,79.53678825,9.042054283333334,1015.5833333333334,0.0,63.333333333333336
2022-04-04,37.743065,-122.169935,8.1,0.034,45.0,Oakland,11.95000025,81.51334754166668,17.411230895833334,1018.1708333333332,0.0,72.375
2022-04-05,37.743065,-122.169935,7.4,0.037,41.0,Oakland,13.639583458333334,79.131862,13.1039725375,1021.6374999999999,0.0,12.833333333333334
2022-04-06,37.743065,-122.169935,8.1,0.041,45.0,Oakland,15.831249875,56.525640375,7.176840029166667,1019.9833333333332,0.0,11.041666666666666
2022-04-07,37.743065,-122.169935,10.8,0.055,54.0,Oakland,20.089582875,47.36030316666666,6.856881866666666,1018.6416666666668,0.0,21.75
2022-04-08,37.743065,-122.169935,16.1,0.033,64.0,Oakland,19.079166083333334,59.3886405,6.704144561666666,1018.1708333333332,0.0,31.375
2022-04-09,37.743065,-122.169935,15.4,0.036,63.0,Oakland,13.372916583333334,76.61592620833333,9.983686404166667,1016.1291666666666,0.0,10.25
2022-04-10,37.743065,-122.169935,8.0,0.038,44.0,Oakland,14.624999791666667,52.980588250000004,12.5156195125,1015.1625,0.0,56.541666666666664
2022-04-11,37.743065,-122.169935,5.3,0.037,29.0,Oakland,11.308333416666665,73.35070525,24.269768833333334,1013.7833333333333,0.24583333333333332,65.75
2022-04-12,37.743065,-122.169935,6.7,0.039,37.0,Oakland,9.566666754166667,59.436582249999994,22.330965208333335,1020.5041666666666,0.016666666666666666,9.416666666666666
2022-04-13,37.743065,-122.169935,5.3,0.041,29.0,Oakland,9.689583404166667,71.599565875,15.494517008333334,1024.3416666666667,0.008333333333333333,54.625
2022-04-14,37.743065,-122.169935,3.7,0.031,21.0,Oakland,11.412500125,75.472309875,12.938776604166668,1020.2208333333333,0.20833333333333334,100.0
2022-04-15,37.743065,-122.169935,4.5,0.035,25.0,Oakland,11.656250166666666,81.43999649999999,12.240018095833333,1017.3000000000001,0.3,59.75
2022-04-16,37.743065,-122.169935,5.5,0.038,31.0,Oakland,12.268750083333332,80.85998895833333,15.885476870833335,1014.8083333333334,0.4791666666666667,76.33333333333333
2022-04-17,37.743065,-122.169935,5.0,0.042,28.0,Oakland,9.781250083333333,80.5625075,12.548147929166667,1023.1666666666666,0.0,13.291666666666666
2022-04-18,37.743065,-122.169935,5.6,0.039,31.0,Oakland,10.672916749999999,79.44171491666667,7.697498937500001,1020.2458333333334,0.0,45.458333333333336
2022-04-19,37.743065,-122.169935,4.0,0.043,22.0,Oakland,13.912500041666666,79.86829300000001,12.301218050000001,1016.9916666666667,0.09583333333333334,77.5
2022-04-20,37.743065,-122.169935,3.5,0.038,19.0,Oakland,12.883333291666666,77.7941965,12.121189783333334,1015.9166666666666,0.0,52.875
2022-04-21,37.743065,-122.169935,5.5,0.046,31.0,Oakland,13.616666875,79.642781,18.036833125,1013.4,0.7083333333333334,88.66666666666667
2022-04-22,37.743065,-122.169935,5.0,0.036,28.0,Oakland,11.650000166666667,80.967273375,11.694124079166668,1016.2875,0.375,71.29166666666667
2022-04-23,37.743065,-122.169935,6.3,0.03,35.0,Oakland,11.981250208333334,85.00098020833333,10.49443235,1022.9875000000001,0.0,36.583333333333336
2022-04-24,37.743065,-122.169935,7.7,0.031,43.0,Oakland,12.510416708333333,87.18209070833332,9.493788779166666,1020.9708333333333,0.0,22.958333333333332
2022-04-25,37.743065,-122.169935,9.4,0.034,52.0,Oakland,12.818749958333333,85.64204829166665,9.624771449999999,1019.0541666666667,0.0,37.375
2022-04-26,37.743065,-122.169935,12.0,0.039,56.0,Oakland,12.722916833333334,82.90049241666667,16.697425791666667,1016.9916666666667,0.0,54.0
2022-04-27,37.743065,-122.169935,7.5,0.038,42.0,Oakland,11.82291675,81.33571291666667,13.095236325,1016.0291666666667,0.0,39.875
2022-04-28,37.743065,-122.169935,7.0,0.039,39.0,Oakland,11.516666833333334,74.75560716666666,23.370712583333333,1017.6750000000001,0.0,37.333333333333336
2022-04-29,37.743065,-122.169935,7.4,0.039,41.0,Oakland,11.906250041666667,79.97670975,10.293851504166666,1020.4499999999999,0.0,45.166666666666664
2022-04-30,37.743065,-122.169935,6.7,0.038,37.0,Oakland,12.712500083333333,84.63866541666667,12.8546084125,1018.0625,0.0,26.916666666666668
2022-05-01,37.743065,-122.169935,7.6,0.037,42.0,Oakland,12.550000041666665,79.61910008333334,15.295615370833334,1014.625,0.0,17.416666666666668
2022-05-02,37.743065,-122.169935,8.1,0.042,45.0,Oakland,12.366666875,80.96487683333334,18.364101666666667,1016.2041666666668,0.0,64.16666666666667
2022-05-03,37.743065,-122.169935,7.8,0.039,43.0,Oakland,13.99166675,61.771068625,11.189562729166667,1016.4666666666667,0.0,32.333333333333336
2022-05-04,37.743065,-122.169935,10.5,0.033,54.0,Oakland,14.420833458333334,75.59580783333332,7.115642928333333,1014.8416666666667,0.0,1.1666666666666667
2022-05-05,37.743065,-122.169935,7.1,0.036,39.0,Oakland,13.050000291666665,83.71889474999999,11.49788305,1016.4166666666666,0.0,70.58333333333333
2022-05-06,37.743065,-122.169935,4.7,0.024,26.0,Oakland,14.739583166666668,83.04543879166667,9.954924504166668,1018.9041666666667,0.0,90.66666666666667
2022-05-07,37.743065,-122.169935,5.9,0.037,33.0,Oakland,13.952083375,82.85645066666667,17.419744333333334,1018.4250000000001,0.0,73.0
2022-05-08,37.743065,-122.169935,5.8,0.039,32.0,Oakland,11.593750208333333,69.63293195833333,21.50040254166667,1016.35,0.008333333333333333,36.333333333333336
2022-05-09,37.743065,-122.169935,5.3,0.039,29.0,Oakland,10.71875025,66.13207183333334,18.479410916666666,1017.8125,0.05833333333333333,12.708333333333334
2022-05-10,37.743065,-122.169935,3.7,0.037,21.0,Oakland,10.429166833333333,66.37202316666666,16.2673575,1020.4666666666667,0.041666666666666664,21.666666666666668
2022-05-11,37.743065,-122.169935,4.3,0.033,24.0,Oakland,10.847916750000001,71.74042725,12.780442440416666,1023.5958333333333,0.0,6.208333333333333
2022-05-12,37.743065,-122.169935,4.0,0.037,22.0,Oakland,11.662500041666666,72.8018925,17.067938166666668,1026.4750000000001,0.0,38.041666666666664
2022-05-13,37.743065,-122.169935,4.3,0.029,24.0,Oakland,13.916666708333333,75.87975366666667,10.945610270833333,1024.4208333333333,0.0,0.0
2022-05-14,37.743065,-122.169935,4.8,0.021,27.0,Oakland,15.435416791666666,81.06780266666667,9.453936791666667,1020.1666666666666,0.0,17.791666666666668
2022-05-15,37.743065,-122.169935,5.0,0.026,28.0,Oakland,14.916666666666666,83.67548866666667,11.689128954166668,1015.9666666666667,0.0,34.5
2022-05-16,37.743065,-122.169935,5.4,0.035,30.0,Oakland,13.379166708333335,84.99414508333334,21.220434458333333,1018.1541666666667,0.0,87.625
2022-05-17,37.743065,-122.169935,11.2,0.036,55.0,Oakland,13.354166791666666,78.83291150000001,13.4967271875,1017.475,0.0,34.0
2022-05-18,37.743065,-122.169935,12.3,0.037,57.0,Oakland,14.883333208333333,72.712947,9.575689975,1017.9041666666667,0.0,34.583333333333336
2022-05-19,37.743065,-122.169935,14.1,0.038,60.0,Oakland,16.833333083333333,75.308541875,9.506314845833334,1015.3249999999999,0.0,51.583333333333336
2022-05-20,37.743065,-122.169935,9.8,0.041,52.0,Oakland,16.870833166666667,53.13594116666667,12.336418316666666,1009.9916666666667,0.0,27.541666666666668
2022-05-21,37.743065,-122.169935,15.0,0.033,62.0,Oakland,15.487499958333332,65.36007975,10.420789108333333,1011.5333333333333,0.0,2.4583333333333335
2022-05-22,37.743065,-122.169935,15.5,0.032,63.0,Oakland,14.9041665,71.11684316666667,9.581672508333334,1016.1541666666667,0.0,22.541666666666668
2022-05-23,37.743065,-122.169935,12.5,0.033,57.0,Oakland,15.370833249999999,68.994268375,9.3362734875,1015.775,0.0,26.416666666666668
2022-05-24,37.743065,-122.169935,12.2,0.04,57.0,Oakland,17.139583,67.73059945833333,8.817549466666668,1011.6458333333334,0.0,6.875
2022-05-25,37.743065,-122.169935,10.0,0.033,53.0,Oakland,21.874999250000002,46.36717141666667,8.207726987500001,1009.4083333333333,0.0,32.125
2022-05-26,37.743065,-122.169935,4.7,0.04,26.0,Oakland,16.302083166666666,74.36626004166666,14.359922500000001,1011.4041666666667,0.0,65.25
2022-05-27,37.743065,-122.169935,4.8,0.033,27.0,Oakland,15.189583291666667,80.00540045833334,17.309225458333334,1016.0541666666667,0.0,96.16666666666667
2022-05-28,37.743065,-122.169935,2.7,0.03,15.0,Oakland,14.5,80.34952854166666,17.430759708333333,1016.0583333333334,0.020833333333333332,89.08333333333333
2022-05-29,37.743065,-122.169935,6.1,0.032,34.0,Oakland,15.370833291666665,71.40720295833333,15.081052333333332,1014.8874999999999,0.004166666666666667,31.75
2022-05-30,37.743065,-122.169935,9.1,0.032,51.0,Oakland,15.022916458333334,68.276898375,12.4272428625,1014.1916666666666,0.0,4.875
2022-05-31,37.743065,-122.169935,9.7,0.028,52.0,Oakland,15.393749916666666,70.483363875,11.442807,1013.3625000000001,0.0,4.375
2022-06-01,37.743065,-122.169935,10.6,0.026,54.0,Oakland,15.933333166666666,69.69734325,9.751001395833333,1013.7375000000001,0.0,5.291666666666667
2022-06-02,37.743065,-122.169935,5.9,0.03,33.0,Oakland,15.129166499999998,73.94498133333333,12.0122656875,1012.5625,0.0,64.16666666666667
2022-06-03,37.743065,-122.169935,2.9,0.022,16.0,Oakland,15.131249916666667,85.635006375,15.824815791666666,1012.5916666666667,0.0,84.16666666666667
2022-06-04,37.743065,-122.169935,3.7,0.03,21.0,Oakland,15.385416541666666,75.803028,11.184117008333333,1013.9625,0.0,100.0
2022-06-05,37.743065,-122.169935,2.7,0.016,15.0,Oakland,18.499999374999998,78.91636845833334,12.149015583333332,1014.0041666666666,0.24583333333333335,100.0
2022-06-06,37.743065,-122.169935,6.5,0.026,36.0,Oakland,16.81041625,84.10684075,12.1707586875,1015.4958333333334,0.025000000000000005,60.416666666666664
2022-06-07,37.743065,-122.169935,6.3,0.023,35.0,Oakland,15.112499875,79.70112045833334,11.105909941666667,1014.0666666666666,0.0,54.958333333333336
2022-06-08,37.743065,-122.169935,4.6,0.027,26.0,Oakland,15.49374975,74.47930858333334,15.180116750000002,1014.8458333333333,0.0,71.625
2022-06-09,37.743065,-122.169935,9.4,0.032,52.0,Oakland,16.635416666666668,72.51326158333333,11.751667212500001,1013.1416666666668,0.0,85.625
2022-06-10,37.743065,-122.169935,6.8,0.022,38.0,Oakland,20.374999541666664,64.64985791666666,8.949509608333333,1013.35,0.0,8.291666666666666
2022-06-11,37.743065,-122.169935,2.7,0.019,15.0,Oakland,18.854166333333332,80.60525879166666,10.793969529166667,1014.7541666666666,0.0,40.916666666666664
2022-06-12,37.743065,-122.169935,2.5,0.023,14.0,Oakland,17.670832875,88.23001629166667,13.628054525000001,1012.4,0.012500000000000002,87.91666666666667
2022-06-13,37.743065,-122.169935,6.3,0.029,35.0,Oakland,16.181249875,72.81472704166667,13.9719213375,1014.7916666666666,0.004166666666666667,7.083333333333333
2022-06-14,37.743065,-122.169935,12.1,0.027,57.0,Oakland,18.047916375,68.55029904166666,11.700227525,1015.9875000000001,0.0,0.0
2022-06-15,37.743065,-122.169935,13.0,0.028,58.0,Oakland,16.806249833333332,74.08808445833334,9.879467304166667,1013.4250000000001,0.0,0.08333333333333333
2022-06-16,37.743065,-122.169935,5.6,0.032,31.0,Oakland,15.027083166666666,77.99722075,16.65399414166667,1013.0,0.0,27.5
2022-06-17,37.743065,-122.169935,3.3,0.027,18.0,Oakland,14.647916625,73.00201216666666,22.981826416666667,1012.0041666666666,0.008333333333333333,71.16666666666667
2022-06-18,37.743065,-122.169935,4.8,0.031,27.0,Oakland,14.974999875,72.3492015,15.372043770833335,1014.9833333333332,0.0,37.541666666666664
2022-06-19,37.743065,-122.169935,7.7,0.031,43.0,Oakland,15.814583375,72.155182875,11.458991779166666,1018.0625,0.0,4.958333333333333
2022-06-20,37.743065,-122.169935,9.6,0.03,52.0,Oakland,17.266666541666666,71.25048566666666,10.079681825,1017.3958333333334,0.0,8.125
2022-06-21,37.743065,-122.169935,8.5,0.04,47.0,Oakland,23.012499541666667,46.83016920833333,9.863253845833333,1012.5041666666666,0.0,0.0
2022-06-22,37.743065,-122.169935,12.2,0.037,57.0,Oakland,24.145832416666664,42.689495,10.616077970000001,1011.3958333333334,0.0,4.708333333333333
2022-06-23,37.743065,-122.169935,8.0,0.032,44.0,Oakland,18.289583208333333,73.42517408333333,12.909747675,1012.5541666666667,0.0,56.541666666666664
2022-06-24,37.743065,-122.169935,11.3,0.025,55.0,Oakland,18.172916666666666,71.753948875,10.028146395833334,1011.7833333333333,0.0,33.125
2022-06-25,37.743065,-122.169935,13.0,0.028,58.0,Oakland,17.016666333333333,74.45583520833334,10.314542069583334,1012.6583333333333,0.0,9.708333333333334
2022-06-26,37.743065,-122.169935,6.8,0.027,38.0,Oakland,16.458333,81.6107655,11.247139045833334,1015.65,0.0,54.458333333333336
2022-06-27,37.743065,-122.169935,7.1,0.025,39.0,Oakland,15.585416458333333,84.13215358333333,12.103597366666667,1018.0375,0.0,80.95833333333333
2022-06-28,37.743065,-122.169935,8.5,0.024,47.0,Oakland,15.731249833333331,79.655305375,10.909835979166667,1018.25,0.0,15.166666666666666
2022-06-29,37.743065,-122.169935,8.0,0.025,44.0,Oakland,15.341666541666667,81.065563875,16.07026025,1017.2083333333334,0.0,61.875
2022-06-30,37.743065,-122.169935,6.9,0.025,38.0,Oakland,14.768750041666665,80.70746133333334,17.977942458333334,1017.4,0.012500000000000002,93.95833333333333
2022-07-01,37.743065,-122.169935,5.7,0.025,32.0,Oakland,14.702083541666667,80.55232416666666,18.067176,1016.9541666666668,0.008333333333333333,86.66666666666667
2022-07-02,37.743065,-122.169935,4.0,0.023,22.0,Oakland,14.2166665,84.417207,21.68061225,1015.8000000000001,0.05833333333333334,96.20833333333333
2022-07-03,37.743065,-122.169935,3.2,0.025,18.0,Oakland,14.606250083333334,79.34551729166667,22.121014583333334,1016.0416666666666,0.020833333333333332,88.08333333333333
2022-07-04,37.743065,-122.169935,25.3,0.017,81.0,Oakland,16.347916458333334,78.59001383333333,12.594189725,1015.5708333333333,0.0,66.91666666666667
2022-07-05,37.743065,-122.169935,6.8,0.017,38.0,Oakland,18.929165916666665,84.085957,11.4311165,1014.7958333333332,0.004166666666666667,76.95833333333333
2022-07-06,37.743065,-122.169935,1.7,0.016,9.0,Oakland,17.574999875,80.24811666666666,14.532552041666667,1015.025,0.008333333333333333,65.25
2022-07-07,37.743065,-122.169935,2.2,0.017,12.0,Oakland,15.554166416666666,85.341810625,16.842292895833335,1016.7624999999999,0.0,74.29166666666667
2022-07-08,37.743065,-122.169935,3.0,0.018,17.0,Oakland,16.695833166666667,80.38013616666667,11.955308608333333,1017.0833333333334,0.0,42.958333333333336
2022-07-09,37.743065,-122.169935,4.7,0.019,26.0,Oakland,16.2375,82.6048075,17.224927541666666,1020.2791666666667,0.0,73.16666666666667
2022-07-10,37.743065,-122.169935,6.5,0.025,36.0,Oakland,16.7354165,81.01436920833333,11.764030754166667,1019.7125,0.0,38.708333333333336
2022-07-11,37.743065,-122.169935,9.9,0.017,52.0,Oakland,18.860416291666667,74.41578683333334,8.96250175,1013.9708333333333,0.0,0.7083333333333334
2022-07-12,37.743065,-122.169935,3.1,0.02,17.0,Oakland,17.297916541666666,82.50376845833334,12.466166729166666,1012.3416666666667,0.0,48.625
2022-07-13,37.743065,-122.169935,2.9,0.021,16.0,Oakland,17.610415999999997,78.383462625,17.321645729166665,1013.9083333333333,0.0,58.291666666666664
2022-07-14,37.743065,-122.169935,9.5,0.02,52.0,Oakland,16.554166416666664,79.68408854166667,13.48816,1014.7375000000001,0.0,33.0
2022-07-15,37.743065,-122.169935,7.0,0.019,39.0,Oakland,15.922916541666666,80.82438383333333,16.492055541666666,1015.775,0.0,60.958333333333336
2022-07-16,37.743065,-122.169935,6.5,0.015,36.0,Oakland,16.568749916666665,79.76383379166667,10.95239095,1014.4958333333334,0.0,28.833333333333332
2022-07-17,37.743065,-122.169935,11.3,0.017,55.0,Oakland,17.285416541666667,77.16597175,11.043591933333333,1011.4458333333333,0.0,8.666666666666666
2022-07-18,37.743065,-122.169935,13.0,0.02,58.0,Oakland,17.433333125,74.81097266666667,10.945433058333334,1012.9208333333332,0.0,0.4166666666666667
2022-07-19,37.743065,-122.169935,6.2,0.019,34.0,Oakland,16.079166375,80.56942266666667,11.231182095833333,1016.1875,0.0,38.041666666666664
2022-07-20,37.743065,-122.169935,4.1,0.02,23.0,Oakland,14.952083208333333,85.02227279166667,12.228986654166667,1017.5375,0.0,89.08333333333333
2022-07-21,37.743065,-122.169935,4.4,0.019,24.0,Oakland,14.922916666666666,84.75934866666667,13.758793187499998,1017.4041666666667,0.0,86.54166666666667
2022-07-22,37.743065,-122.169935,7.9,0.023,44.0,Oakland,15.139583166666666,81.37731545833334,12.544355833333334,1015.375,0.0,34.875
2022-07-23,37.743065,-122.169935,5.2,0.02,29.0,Oakland,15.087499833333332,81.10273333333333,14.673166416666668,1013.6333333333333,0.008333333333333333,46.416666666666664
2022-07-24,37.743065,-122.169935,7.0,0.021,39.0,Oakland,15.785416708333335,81.06194508333333,10.986140133333334,1012.3458333333333,0.0,25.833333333333332
2022-07-25,37.743065,-122.169935,3.7,0.024,21.0,Oakland,15.29583325,82.07727904166667,15.051688937500002,1013.0208333333334,0.0,64.16666666666667
2022-07-26,37.743065,-122.169935,3.2,0.023,18.0,Oakland,16.683333041666668,78.34993625,16.0202463125,1013.6041666666666,0.0,53.583333333333336
2022-07-27,37.743065,-122.169935,2.5,0.019,14.0,Oakland,16.743749916666665,78.64196870833332,16.214932666666666,1015.725,0.0,51.625
2022-07-28,37.743065,-122.169935,2.5,0.015,14.0,Oakland,15.370833291666665,85.27839820833333,15.173198208333332,1014.4125,0.008333333333333333,80.79166666666667
2022-07-29,37.743065,-122.169935,2.2,0.015,12.0,Oakland,15.706250208333332,84.90916333333332,16.07962433333333,1012.8416666666667,0.012500000000000002,92.83333333333333
2022-07-30,37.743065,-122.169935,1.8,0.017,10.0,Oakland,15.862499791666666,84.30046895833333,15.989400583333333,1013.2875,0.020833333333333332,70.66666666666667
2022-07-31,37.743065,-122.169935,1.3,0.016,7.0,Oakland,16.075000125,85.78181641666667,14.635770770833332,1015.0916666666667,0.0,81.79166666666667
2022-08-01,37.743065,-122.169935,5.3,0.014,29.0,Oakland,17.016666458333333,82.80324829166666,10.1199283625,1016.4666666666667,0.12083333333333335,77.95833333333333
2022-08-02,37.743065,-122.169935,6.6,0.02,37.0,Oakland,19.01458275,71.88560570833333,9.908839820833334,1015.9875000000001,0.016666666666666666,54.041666666666664
2022-08-03,37.743065,-122.169935,5.2,0.019,29.0,Oakland,16.693749791666665,81.618156875,11.611173704166667,1015.5666666666666,0.0,70.25
2022-08-04,37.743065,-122.169935,8.5,0.023,47.0,Oakland,18.372916,76.51483254166666,10.427843020833334,1012.1125000000001,0.0,6.083333333333333
2022-08-05,37.743065,-122.169935,4.2,0.02,23.0,Oakland,18.42083308333333,78.33159991666666,15.216279291666666,1013.8083333333334,0.0,70.875
2022-08-06,37.743065,-122.169935,3.6,0.025,20.0,Oakland,18.577082833333332,76.24122762500001,15.153381333333334,1015.8708333333334,0.0,48.0
2022-08-07,37.743065,-122.169935,4.0,0.023,22.0,Oakland,17.891665749999998,79.73485045833333,14.806689416666666,1016.3125,0.0,57.791666666666664
2022-08-08,37.743065,-122.169935,4.0,0.022,22.0,Oakland,17.520832833333333,82.841651375,17.417335541666667,1016.7166666666667,0.0,63.333333333333336
2022-08-09,37.743065,-122.169935,3.7,0.022,21.0,Oakland,18.112499583333335,81.200612125,17.3601105,1015.5375,0.0,48.208333333333336
2022-08-10,37.743065,-122.169935,4.4,0.021,24.0,Oakland,18.862499625,80.19225654166667,14.056592016666668,1017.3874999999999,0.0,33.875
2022-08-11,37.743065,-122.169935,3.5,0.02,19.0,Oakland,18.008332666666664,82.929079375,15.484577916666666,1018.25,0.0,50.958333333333336
2022-08-12,37.743065,-122.169935,6.0,0.023,33.0,Oakland,17.743749583333333,81.52642316666667,16.710640208333334,1017.3583333333332,0.0,48.75
2022-08-13,37.743065,-122.169935,7.3,0.026,41.0,Oakland,17.814583041666666,80.04060908333334,12.250174554166668,1016.6999999999999,0.0,30.958333333333332
2022-08-14,37.743065,-122.169935,10.5,0.027,54.0,Oakland,18.470832916666666,78.09160200000001,12.322830762499999,1015.6208333333334,0.0,19.166666666666668
2022-08-15,37.743065,-122.169935,13.5,0.022,59.0,Oakland,18.712499625,76.04250454166667,9.583073420833333,1012.4333333333334,0.0,7.875
2022-08-16,37.743065,-122.169935,14.7,0.035,61.0,Oakland,20.23749975,71.67449891666666,7.315237675,1009.725,0.0,0.5833333333333334
2022-08-17,37.743065,-122.169935,6.2,0.017,34.0,Oakland,20.660416208333334,67.23139725,9.940916941666666,1010.4166666666666,0.0,21.541666666666668
2022-08-18,37.743065,-122.169935,4.6,0.02,26.0,Oakland,17.59374975,81.98015658333334,12.296657958333334,1013.7166666666667,0.0,67.83333333333333
2022-08-19,37.743065,-122.169935,6.0,0.017,33.0,Oakland,16.891666708333332,84.042319875,14.139787958333335,1012.8208333333333,0.0,75.75
2022-08-20,37.743065,-122.169935,9.8,0.02,52.0,Oakland,18.287499541666666,77.16646575,10.343788395833334,1009.2541666666666,0.0,6.625
2022-08-21,37.743065,-122.169935,5.7,0.023,32.0,Oakland,17.937499916666667,78.59748470833334,11.1117238,1013.2833333333333,0.0,10.333333333333334
2022-08-22,37.743065,-122.169935,3.8,0.019,21.0,Oakland,17.647916416666664,80.89066341666667,12.396047062500001,1017.0124999999999,0.0,30.958333333333332
2022-08-23,37.743065,-122.169935,4.2,0.015,23.0,Oakland,18.004166291666667,84.69640975,13.0031444375,1012.9833333333332,0.0,66.08333333333333
2022-08-24,37.743065,-122.169935,6.1,0.017,34.0,Oakland,17.610416333333333,83.69020845833333,10.021101125,1009.8041666666667,0.0,36.708333333333336
2022-08-25,37.743065,-122.169935,3.6,0.021,20.0,Oakland,17.379166541666667,84.23079979166667,13.192779,1013.2833333333333,0.0,71.125
2022-08-26,37.743065,-122.169935,3.9,0.019,22.0,Oakland,17.360416541666666,83.32494366666667,13.560910091666665,1014.8333333333334,0.0,72.66666666666667
2022-08-27,37.743065,-122.169935,5.9,0.02,33.0,Oakland,17.62916625,83.69849925,13.098498566666668,1011.4875000000001,0.0,68.29166666666667
2022-08-28,37.743065,-122.169935,12.5,0.024,57.0,Oakland,17.135416583333335,80.53326208333333,13.395798416666667,1010.1541666666667,0.0,71.58333333333333
2022-08-29,37.743065,-122.169935,11.0,0.023,55.0,Oakland,17.24166645833333,81.621197625,13.389514816666667,1011.7333333333332,0.0,29.125
2022-08-30,37.743065,-122.169935,13.7,0.029,60.0,Oakland,16.599999999999998,83.10462604166666,13.660807958333335,1014.9666666666667,0.0,56.375
2022-08-31,37.743065,-122.169935,11.8,0.032,56.0,Oakland,16.639583124999998,81.24323908333334,13.376639249999998,1015.9250000000001,0.0,73.75
2022-09-01,37.743065,-122.169935,10.1,0.021,53.0,Oakland,17.645833083333333,77.590939875,8.343552258333334,1012.7624999999999,0.0,3.125
2022-09-02,37.743065,-122.169935,12.0,0.028,56.0,Oakland,17.38541625,79.28368941666666,9.3980532875,1011.0375,0.0,40.958333333333336
2022-09-03,37.743065,-122.169935,8.4,0.022,47.0,Oakland,18.424999666666668,75.88848625,9.999751708333333,1013.5708333333333,0.0,3.625
2022-09-04,37.743065,-122.169935,8.0,0.029,44.0,Oakland,20.299999624999998,69.62335104166667,7.188110766666667,1012.8625000000001,0.0,0.041666666666666664
2022-09-05,37.743065,-122.169935,10.2,0.043,53.0,Oakland,24.589582833333335,53.712981625,7.060591554166667,1009.0333333333333,0.0,0.0
2022-09-06,37.743065,-122.169935,12.1,0.043,57.0,Oakland,28.243749625000003,37.15327904166667,6.707932920833334,1007.4541666666668,0.0,1.2083333333333333
2022-09-07,37.743065,-122.169935,16.2,0.029,64.0,Oakland,23.318749083333334,55.16503191666666,12.527257137500001,1011.9916666666667,0.0,5.291666666666667
2022-09-08,37.743065,-122.169935,18.3,0.03,68.0,Oakland,23.752082708333333,54.693859833333335,7.50363695,1010.8833333333333,0.0,0.5833333333333334
2022-09-09,37.743065,-122.169935,21.5,0.021,74.0,Oakland,21.666666458333335,65.0552765,7.6289655624999995,1002.725,0.0,0.16666666666666666
2022-09-10,37.743065,-122.169935,15.7,0.022,63.0,Oakland,19.541666041666666,78.34189583333334,11.362431745833334,1006.6999999999999,0.0,62.625
2022-09-11,37.743065,-122.169935,14.6,0.028,61.0,Oakland,20.599999166666667,76.37795320833332,8.871077595833333,1015.2666666666668,0.004166666666666667,87.0
2022-09-12,37.743065,-122.169935,13.3,0.024,59.0,Oakland,18.047915874999997,81.33525875,11.58556795,1015.5791666666668,0.0,60.041666666666664
2022-09-13,37.743065,-122.169935,4.9,0.026,27.0,Oakland,16.693749874999998,85.41458066666667,21.217151583333333,1013.3916666666668,0.02916666666666667,89.91666666666667
2022-09-14,37.743065,-122.169935,7.4,0.028,41.0,Oakland,17.747916291666666,80.156063125,15.5196991875,1013.3125,0.020833333333333332,43.5
2022-09-15,37.743065,-122.169935,8.3,0.026,46.0,Oakland,17.454166291666667,81.433618375,14.655050729166668,1015.9499999999999,0.012500000000000002,64.375
2022-09-16,37.743065,-122.169935,8.0,0.026,44.0,Oakland,17.0875,80.28426679166667,12.641976354166667,1016.0708333333333,0.0,57.041666666666664
2022-09-17,37.743065,-122.169935,4.6,0.025,26.0,Oakland,16.3291665,80.00460316666667,17.687936020833334,1011.4250000000001,0.0,66.16666666666667
2022-09-18,37.743065,-122.169935,2.3,0.023,13.0,Oakland,17.510416208333332,76.59973766666667,20.668432166666665,1005.1125000000001,0.6583333333333333,91.58333333333333
2022-09-19,37.743065,-122.169935,3.3,0.027,18.0,Oakland,17.91249975,79.88375179166667,12.722322375,1008.1666666666666,0.21666666666666667,37.5
2022-09-20,37.743065,-122.169935,4.2,0.026,23.0,Oakland,17.189583041666666,79.52505533333333,7.779236841666666,1012.0,0.03333333333333333,58.25
2022-09-21,37.743065,-122.169935,4.6,0.026,26.0,Oakland,17.920832916666665,78.98868141666667,8.408471916666667,1014.1,0.024999999999999998,60.125
2022-09-22,37.743065,-122.169935,6.7,0.025,37.0,Oakland,17.329166458333333,83.44608841666667,9.152682358333333,1017.5291666666667,0.0,16.708333333333332
2022-09-23,37.743065,-122.169935,7.7,0.029,43.0,Oakland,18.470833041666666,77.50474470833333,7.835378933333334,1015.2916666666666,0.0,12.041666666666666
2022-09-24,37.743065,-122.169935,7.5,0.042,42.0,Oakland,20.708332708333334,67.654623375,7.378773070833334,1015.1708333333332,0.0,0.0
2022-09-25,37.743065,-122.169935,8.8,0.028,49.0,Oakland,17.522916249999998,83.827747375,9.4279325875,1017.1166666666667,0.0,31.541666666666668
2022-09-26,37.743065,-122.169935,7.3,0.034,41.0,Oakland,16.397916625,85.43225479166667,12.065027916666667,1015.6625,0.0,64.04166666666667
2022-09-27,37.743065,-122.169935,6.8,0.032,38.0,Oakland,15.918749916666668,81.86993091666666,13.705728083333334,1015.475,0.0,72.58333333333333
2022-09-28,37.743065,-122.169935,3.7,0.02,21.0,Oakland,16.804166625,84.36529504166667,11.52985425,1016.5041666666666,0.0,32.125
2022-09-29,37.743065,-122.169935,6.4,0.025,36.0,Oakland,17.8187495,84.34371241666666,10.3697797625,1017.4916666666667,0.0,61.5
2022-09-30,37.743065,-122.169935,7.6,0.03,42.0,Oakland,19.206249541666665,72.317206375,6.937624179166666,1012.35,0.0,0.375
2022-10-01,37.743065,-122.169935,6.5,0.03,36.0,Oakland,16.806249708333333,84.13821566666667,9.204060895833333,1010.1374999999999,0.0,29.875
2022-10-02,37.743065,-122.169935,5.2,0.032,29.0,Oakland,17.252083041666666,78.32787429166667,14.24107275,1013.5708333333333,0.0,59.5
2022-10-03,37.743065,-122.169935,6.0,0.026,33.0,Oakland,16.785416416666667,79.98156566666667,12.007766241666666,1016.8375,0.0,7.958333333333333
2022-10-04,37.743065,-122.169935,7.6,0.027,42.0,Oakland,16.1354165,85.09579583333333,12.362748041666668,1017.0166666666668,0.0,54.333333333333336
2022-10-05,37.743065,-122.169935,7.0,0.019,39.0,Oakland,16.44375008333333,84.3085995,7.112002741666667,1016.0124999999999,0.0,34.125
2022-10-06,37.743065,-122.169935,7.4,0.02,41.0,Oakland,17.085416166666665,83.79875641666666,6.776394195833333,1016.6999999999999,0.0,50.166666666666664
2022-10-07,37.743065,-122.169935,5.9,0.017,33.0,Oakland,15.866666625,87.26935424999999,8.297645704166667,1018.3375,0.0,74.33333333333333
2022-10-08,37.743065,-122.169935,7.5,0.018,42.0,Oakland,15.77499975,88.03759241666667,7.96719645,1018.125,0.0,68.58333333333333
2022-10-09,37.743065,-122.169935,5.1,0.024,28.0,Oakland,14.608333375,89.11467529166667,10.068279395833335,1017.8625000000001,0.0,78.875
2022-10-10,37.743065,-122.169935,7.7,0.016,43.0,Oakland,14.964583124999999,86.36121145833334,9.093925079166667,1016.4458333333333,0.0,67.66666666666667
2022-10-11,37.743065,-122.169935,13.1,0.025,58.0,Oakland,14.312500166666666,87.102945125,8.152628108333333,1014.9250000000001,0.0,48.958333333333336
2022-10-12,37.743065,-122.169935,10.4,0.023,53.0,Oakland,14.914583166666667,86.68041945833333,10.946361950000002,1018.0291666666667,0.0,35.333333333333336
2022-10-13,37.743065,-122.169935,3.9,0.021,22.0,Oakland,14.13541675,88.07598966666667,12.437044395833333,1018.5541666666667,0.004166666666666667,80.25
2022-10-14,37.743065,-122.169935,7.6,0.027,42.0,Oakland,13.777083208333332,89.55887791666667,8.889548295833334,1012.8625000000001,0.0,75.45833333333333
2022-10-15,37.743065,-122.169935,8.5,0.028,47.0,Oakland,14.58541675,87.09222741666667,11.091762341666666,1011.0416666666666,0.0,77.16666666666667
2022-10-16,37.743065,-122.169935,11.0,0.026,55.0,Oakland,16.762499791666666,79.51818145833333,13.9117065,1015.25,0.016666666666666666,74.91666666666667
2022-10-17,37.743065,-122.169935,9.7,0.021,52.0,Oakland,15.597916499999998,82.57151466666666,6.964868958333334,1018.6125000000001,0.0,61.75
2022-10-18,37.743065,-122.169935,13.0,0.023,58.0,Oakland,17.320833125,79.78903366666667,5.148585395833334,1017.3708333333334,0.0,98.125
2022-10-19,37.743065,-122.169935,10.8,0.034,54.0,Oakland,20.129166375,55.04351808333333,4.673242420833334,1017.4541666666668,0.0,27.041666666666668
2022-10-20,37.743065,-122.169935,13.0,0.023,58.0,Oakland,18.956249333333332,63.35698995833334,6.12622557,1015.1583333333333,0.0,28.916666666666668
2022-10-21,37.743065,-122.169935,15.2,0.031,62.0,Oakland,14.910416583333332,85.90443012499999,7.891398975,1012.5291666666667,0.0,25.416666666666668
2022-10-22,37.743065,-122.169935,7.2,0.033,40.0,Oakland,15.958333166666668,79.66872358333333,18.940953479166666,1009.5333333333333,0.004166666666666667,85.79166666666667
2022-10-23,37.743065,-122.169935,4.3,0.032,24.0,Oakland,14.6979165,55.05987091666666,11.661920970833334,1012.35,0.0,2.1666666666666665
2022-10-24,37.743065,-122.169935,5.5,0.027,31.0,Oakland,14.664583208333333,39.84428808333333,8.106301891666666,1020.1958333333333,0.0,1.75
2022-10-25,37.743065,-122.169935,5.1,0.027,28.0,Oakland,14.399999958333334,81.916443625,7.9874815375,1021.6208333333334,0.0,50.625
2022-10-26,37.743065,-122.169935,7.1,0.03,39.0,Oakland,12.912499833333333,78.56829533333332,8.7818518625,1018.6875,0.0,26.208333333333332
2022-10-27,37.743065,-122.169935,7.5,0.03,42.0,Oakland,13.281249766666667,74.47367079166666,6.817082354166666,1017.5166666666668,0.0,28.916666666666668
2022-10-28,37.743065,-122.169935,8.0,0.027,44.0,Oakland,13.716666833333333,73.56026895833334,6.9794745166666665,1020.0583333333334,0.0,38.625
2022-10-29,37.743065,-122.169935,9.2,0.027,51.0,Oakland,12.777083374999998,79.82241625,6.701887441666667,1023.4499999999999,0.0,41.5
2022-10-30,37.743065,-122.169935,9.6,0.025,52.0,Oakland,14.320833291666666,90.12786729166667,7.40374075,1021.1541666666667,0.0,62.458333333333336
2022-10-31,37.743065,-122.169935,11.1,0.027,55.0,Oakland,12.99791675,85.52463879166667,5.686985624999999,1015.9958333333334,0.0,72.75
2022-11-01,37.743065,-122.169935,5.0,0.034,28.0,Oakland,13.197916791666666,86.326841125,16.771751545833332,1010.9125,0.4041666666666666,78.29166666666667
2022-11-02,37.743065,-122.169935,3.5,0.037,19.0,Oakland,10.989583583333333,79.52985479166666,13.593198404166666,1017.4708333333333,0.09999999999999999,44.916666666666664
2022-11-03,37.743065,-122.169935,4.6,0.027,26.0,Oakland,9.993750095833333,74.50290104166668,12.154993383333334,1020.8458333333333,0.0,11.958333333333334
2022-11-04,37.743065,-122.169935,6.4,0.024,36.0,Oakland,10.781250208333333,74.94310979166667,5.980984254166667,1026.5125,0.0,85.45833333333333
2022-11-05,37.743065,-122.169935,4.6,0.03,26.0,Oakland,13.491666875,92.92431362500001,7.408224008333334,1023.4208333333332,0.041666666666666664,98.79166666666667
2022-11-06,37.743065,-122.169935,4.7,0.034,26.0,Oakland,13.347916791666668,84.40749391666667,12.610137312500001,1014.8375,0.08333333333333333,93.95833333333333
2022-11-07,37.743065,-122.169935,2.8,0.035,16.0,Oakland,12.352083375,74.95262491666666,15.199498454166667,1011.125,0.1625,62.291666666666664
2022-11-08,37.743065,-122.169935,2.7,0.034,15.0,Oakland,10.09375025,82.84759083333334,17.075345791666667,1005.9666666666667,1.2791666666666666,84.95833333333333
2022-11-09,37.743065,-122.169935,2.7,0.034,15.0,Oakland,10.09375025,82.84759083333334,17.075345791666667,1005.9666666666667,1.2791666666666666,84.95833333333333
2022-11-10,37.743065,-122.169935,5.1,0.025,28.0,Oakland,9.291666866666667,82.81033979166666,8.577364379166667,1024.6416666666667,0.0,27.0
2022-11-11,37.743065,-122.169935,8.1,0.015,45.0,Oakland,9.793750183333334,78.735676625,4.306610295833333,1022.0666666666666,0.0,91.58333333333333
2022-11-12,37.743065,-122.169935,5.7,0.03,32.0,Oakland,10.008333529166666,78.33516266666666,6.872960816666667,1019.8874999999999,0.008333333333333333,27.541666666666668
2022-11-13,37.743065,-122.169935,5.3,0.03,29.0,Oakland,10.158333533333334,75.02150595833334,8.3222202875,1020.7375000000001,0.0,6.125
2022-11-14,37.743065,-122.169935,6.6,0.025,37.0,Oakland,9.543750183333334,77.33126525,5.051997741666667,1021.1083333333332,0.0,13.416666666666666
2022-11-15,37.743065,-122.169935,7.0,0.029,39.0,Oakland,10.308333470833333,62.62229429166666,8.305855333333334,1021.9708333333333,0.0,0.2916666666666667
2022-11-16,37.743065,-122.169935,7.7,0.019,43.0,Oakland,10.918750045833335,52.821816000000005,6.959628195833333,1026.7708333333333,0.0,0.0
2022-11-17,37.743065,-122.169935,12.9,0.015,58.0,Oakland,10.622916770833333,57.806763958333335,4.354654965833333,1025.8833333333334,0.0,80.70833333333333
2022-11-18,37.743065,-122.169935,13.0,0.022,58.0,Oakland,11.033333545833335,77.83766491666667,5.495819420833333,1020.5166666666668,0.0,34.583333333333336
2022-11-19,37.743065,-122.169935,7.2,0.033,40.0,Oakland,10.725000070833334,46.635073166666665,10.912379991666667,1020.0749999999999,0.0,0.0
2022-11-20,37.743065,-122.169935,12.0,0.034,56.0,Oakland,11.735416749999999,53.46790370833333,11.002781795833334,1023.375,0.0,7.208333333333333
2022-11-21,37.743065,-122.169935,10.5,0.024,54.0,Oakland,10.939583345833334,52.40203233333333,7.209031266666667,1022.5666666666666,0.0,58.375
2022-11-22,37.743065,-122.169935,12.5,0.014,57.0,Oakland,9.341666920833333,64.07475533333333,5.396050720833333,1021.6041666666666,0.0,26.25
2022-11-23,37.743065,-122.169935,12.7,0.023,58.0,Oakland,10.527083554166667,74.21141470833334,5.888544433333333,1021.7583333333333,0.0,77.04166666666667
2022-11-24,37.743065,-122.169935,16.7,0.039,65.0,Oakland,12.327083208333333,59.75503841666667,8.671959875,1021.5500000000001,0.0,18.166666666666668
2022-11-25,37.743065,-122.169935,16.8,0.032,65.0,Oakland,12.910416708333335,54.50468849999999,9.020664425,1024.5541666666666,0.0,45.416666666666664
2022-11-26,37.743065,-122.169935,12.2,0.028,57.0,Oakland,12.854166708333333,53.597374333333335,5.862897412500001,1023.1583333333333,0.0,23.541666666666668
2022-11-27,37.743065,-122.169935,13.7,0.028,60.0,Oakland,10.977083499999999,65.05202154166666,5.743991204166666,1019.9416666666666,0.0,37.875
2022-11-28,37.743065,-122.169935,7.2,0.031,40.0,Oakland,10.058333483333334,86.67566545833334,8.948390970833334,1016.4583333333334,0.0,92.375
2022-11-29,37.743065,-122.169935,5.6,0.022,31.0,Oakland,8.3916668125,76.4707495,9.203095308333333,1016.2624999999999,0.0,9.166666666666666
2022-11-30,37.743065,-122.169935,5.9,0.03,33.0,Oakland,7.9375001083333325,74.48954375,6.570018491666667,1016.4291666666667,0.0,17.666666666666668
2022-12-01,37.743065,-122.169935,5.0,0.024,28.0,Oakland,10.012500125,80.76396575,15.471663558333333,1011.9708333333333,1.0,86.79166666666667
2022-12-02,37.743065,-122.169935,5.3,0.024,29.0,Oakland,6.654166733333334,78.311746125,9.314861729166667,1019.0958333333333,0.0,25.583333333333332
2022-12-03,37.743065,-122.169935,8.6,0.008,48.0,Oakland,7.864583575,83.68256654166667,11.1821311875,1017.2291666666666,0.2125,95.16666666666667
2022-12-04,37.743065,-122.169935,6.1,0.031,34.0,Oakland,10.266666875,89.73716520833334,8.278507754166666,1016.3000000000001,0.35833333333333334,66.25
2022-12-05,37.743065,-122.169935,4.6,0.03,26.0,Oakland,10.837500291666666,85.12505754166666,9.796048825,1017.8291666666668,0.14583333333333334,75.25
2022-12-06,37.743065,-122.169935,5.8,0.025,32.0,Oakland,10.183333458333333,80.42254295833334,6.560357258333333,1016.8125,0.2916666666666667,68.5
2022-12-07,37.743065,-122.169935,6.3,0.021,35.0,Oakland,7.989583579166666,87.76333312499999,4.399682429166667,1021.2208333333333,0.004166666666666667,32.5
2022-12-08,37.743065,-122.169935,4.9,0.026,27.0,Oakland,8.579166804166666,85.02886445833333,6.490218541666667,1025.3541666666667,0.0,54.666666666666664
2022-12-09,37.743065,-122.169935,6.1,0.029,34.0,Oakland,9.764583679166666,85.75782270833334,7.664989366666667,1022.4708333333333,0.07916666666666668,89.66666666666667
2022-12-10,37.743065,-122.169935,2.5,0.034,14.0,Oakland,11.654166791666666,83.54760629166667,16.657090378333333,1012.5958333333333,0.8875000000000001,99.79166666666667
2022-12-11,37.743065,-122.169935,2.7,0.034,15.0,Oakland,9.420833529166666,85.017116125,19.268746625000002,1006.9625,1.5250000000000001,89.91666666666667
2022-12-12,37.743065,-122.169935,3.5,0.029,19.0,Oakland,8.145833470833333,84.28326158333333,15.275069791666667,1011.4208333333332,0.3166666666666667,70.75
2022-12-13,37.743065,-122.169935,7.2,0.012,40.0,Oakland,6.904166816666667,81.873200125,4.704157066666666,1018.3291666666668,0.0,6.166666666666667
2022-12-14,37.743065,-122.169935,7.2,0.012,40.0,Oakland,6.904166816666667,81.873200125,4.704157066666666,1018.3291666666668,0.0,6.166666666666667
2022-12-15,37.743065,-122.169935,10.7,0.019,54.0,Oakland,7.158333445833333,79.62267554166667,7.6901884124999995,1022.9166666666666,0.0,69.20833333333333
2022-12-16,37.743065,-122.169935,12.5,0.024,57.0,Oakland,6.758333491666666,80.3674975,9.0364988,1021.8458333333333,0.0,20.375
2022-12-17,37.743065,-122.169935,12.7,0.022,58.0,Oakland,8.062500125,75.836227875,9.561582554166668,1020.0,0.0,0.25
2022-12-18,37.743065,-122.169935,19.1,0.025,70.0,Oakland,6.2541667875,84.3601555,6.802801775,1017.2208333333333,0.0,2.7083333333333335
2022-12-19,37.743065,-122.169935,19.0,0.016,69.0,Oakland,5.6791666958333336,82.379092,8.841466504166666,1022.0625,0.0,71.58333333333333
2022-12-20,37.743065,-122.169935,20.6,0.017,72.0,Oakland,6.9500002125,79.88482683333334,6.708346511666666,1027.1541666666667,0.0,86.58333333333333
2022-12-21,37.743065,-122.169935,15.5,0.02,63.0,Oakland,8.1625000875,78.98243816666667,6.399404825,1026.0916666666667,0.0,21.416666666666668
2022-12-22,37.743065,-122.169935,20.7,0.011,73.0,Oakland,9.091666791666666,68.51388525,6.827657016666667,1021.8333333333334,0.0,97.66666666666667
2022-12-23,37.743065,-122.169935,25.7,0.013,82.0,Oakland,9.912500158333334,80.43958562499999,5.987464854166667,1022.3416666666667,0.025000000000000005,77.04166666666667
2022-12-24,37.743065,-122.169935,22.4,0.016,76.0,Oakland,9.964583504166667,81.96929608333333,7.029101866666667,1027.2250000000001,0.0,31.5
2022-12-25,37.743065,-122.169935,22.0,0.014,75.0,Oakland,12.249999916666667,79.32979825,8.941146629166667,1026.2,0.0,90.125
2022-12-26,37.743065,-122.169935,17.7,0.019,67.0,Oakland,10.270833333333334,82.031701,7.167496558333333,1021.4166666666666,0.0,99.95833333333333
2022-12-27,37.743065,-122.169935,8.1,0.022,45.0,Oakland,12.858333541666667,88.69170025,18.0400514,1014.1666666666666,1.5791666666666666,99.0
2022-12-28,37.743065,-122.169935,9.1,0.026,51.0,Oakland,9.339583475,91.67447575,6.709789104166667,1015.0041666666666,0.0,52.958333333333336
2022-12-29,37.743065,-122.169935,3.9,0.025,22.0,Oakland,10.160416708333333,86.07223279166668,8.809710195833334,1013.35,0.21666666666666667,100.0
2022-12-30,37.743065,-122.169935,2.7,0.017,15.0,Oakland,12.962500166666667,93.68103287499999,15.5466225,1014.3666666666667,1.1541666666666666,100.0
2022-12-31,37.743065,-122.169935,2.7,0.017,15.0,Oakland,12.962500166666667,93.68103287499999,15.5466225,1014.3666666666667,1.1541666666666666,100.0
2023-01-01,37.743065,-122.169935,9.2,0.029,51.0,Oakland,10.358333470833333,81.169444,14.439890083333333,1008.6333333333333,0.375,28.583333333333332
2023-01-02,37.743065,-122.169935,3.7,0.028,21.0,Oakland,8.625000183333333,63.971972541666666,8.645465041666666,1012.7416666666667,0.08333333333333333,97.66666666666667
2023-01-03,37.743065,-122.169935,4.6,0.019,26.0,Oakland,8.952083404166666,85.88331408333333,16.712437770833333,1012.5083333333333,0.7166666666666667,96.25
2023-01-04,37.743065,-122.169935,3.1,0.037,17.0,Oakland,11.043750125,81.01395208333334,17.768081912499998,1011.5166666666668,0.37083333333333335,100.0
2023-01-05,37.743065,-122.169935,7.6,0.035,42.0,Oakland,12.281250125,89.02483854166667,23.855624708333334,1007.4250000000001,1.6041666666666667,96.41666666666667
2023-01-06,37.743065,-122.169935,11.0,0.031,55.0,Oakland,10.916666916666665,80.577685,13.060478641666668,1022.0291666666667,0.09166666666666667,82.79166666666667
2023-01-07,37.743065,-122.169935,4.3,0.036,24.0,Oakland,12.085417,71.73788170833333,16.1520222125,1018.9041666666667,0.07083333333333333,100.0
2023-01-08,37.743065,-122.169935,7.7,0.031,43.0,Oakland,12.372916958333333,82.39122245833333,20.782284629166664,1014.4458333333333,1.0583333333333333,84.16666666666667
2023-01-09,37.743065,-122.169935,7.3,0.037,41.0,Oakland,13.564583625,85.84843604166667,18.189198558333334,1009.5833333333334,1.6500000000000001,97.95833333333333
2023-01-10,37.743065,-122.169935,6.5,0.037,36.0,Oakland,11.266666791666667,84.69075254166667,19.42854044583333,1007.3666666666667,1.2,81.83333333333333
2023-01-11,37.743065,-122.169935,4.7,0.03,26.0,Oakland,10.585416958333333,85.23698308333333,18.713288958333333,1017.0833333333334,1.1375,92.20833333333333
2023-01-12,37.743065,-122.169935,6.9,0.027,38.0,Oakland,13.879166583333332,81.32086725,14.7048870625,1019.9916666666667,0.30416666666666664,100.0
2023-01-13,37.743065,-122.169935,4.9,0.033,27.0,Oakland,13.575000291666667,73.469224375,15.520413499999998,1016.3791666666666,0.8666666666666667,97.66666666666667
2023-01-14,37.743065,-122.169935,6.2,0.035,34.0,Oakland,12.125000208333333,90.58590733333334,18.94618775,1010.475,1.5875000000000001,99.95833333333333
2023-01-15,37.743065,-122.169935,4.6,0.036,26.0,Oakland,9.945833583333334,88.69474670833334,13.345713820833334,1006.7041666666668,0.5458333333333333,87.45833333333333
2023-01-16,37.743065,-122.169935,4.5,0.033,25.0,Oakland,9.1250001125,83.87886254166666,20.973974729166667,1002.1374999999999,1.3291666666666666,87.58333333333333
2023-01-17,37.743065,-122.169935,5.1,0.021,28.0,Oakland,7.470833508333333,85.68014062499999,7.835957279166667,1013.3416666666667,0.012499999999999999,44.458333333333336
2023-01-18,37.743065,-122.169935,5.7,0.033,32.0,Oakland,8.391666825,82.40565758333334,5.680700391666666,1020.1999999999999,0.0,39.916666666666664
2023-01-19,37.743065,-122.169935,4.5,0.026,25.0,Oakland,9.20625035,82.22623420833334,10.938942120833334,1021.9499999999999,0.2625,81.16666666666667
2023-01-20,37.743065,-122.169935,5.0,0.031,28.0,Oakland,7.393750183333334,61.32333358333333,10.265897583333333,1024.8125,0.0,21.666666666666668
2023-01-21,37.743065,-122.169935,6.8,0.022,38.0,Oakland,6.2541667499999996,67.12422033333333,6.159558162500001,1028.6916666666666,0.0,9.5
2023-01-22,37.743065,-122.169935,5.7,0.034,32.0,Oakland,8.441666808333332,75.71252125,7.851501479166667,1025.3958333333333,0.0,73.70833333333333
2023-01-23,37.743065,-122.169935,4.2,0.031,23.0,Oakland,9.781250208333333,44.21234916666666,14.315166933333332,1020.5208333333334,0.0,19.541666666666668
2023-01-24,37.743065,-122.169935,6.4,0.029,36.0,Oakland,8.927083395833334,61.5479925,7.104119041666666,1025.3041666666666,0.0,1.8333333333333333
2023-01-25,37.743065,-122.169935,7.4,0.034,41.0,Oakland,9.293749958333335,68.24056333333333,5.506918620833333,1027.9041666666667,0.0,1.0
2023-01-26,37.743065,-122.169935,5.3,0.034,29.0,Oakland,12.079166708333332,60.091572541666665,9.308938083333333,1028.5,0.0,0.0
2023-01-27,37.743065,-122.169935,9.1,0.023,51.0,Oakland,10.564583379166667,68.77343645833334,6.1556018749999994,1026.2666666666667,0.0,6.666666666666667
2023-01-28,37.743065,-122.169935,9.7,0.032,52.0,Oakland,8.418750212499999,91.9097215,5.789088408333334,1017.5041666666666,0.0,65.45833333333333
2023-01-29,37.743065,-122.169935,4.0,0.031,22.0,Oakland,8.650000183333333,80.48457820833333,14.369007541666667,1012.2541666666666,0.012500000000000002,37.791666666666664
2023-01-30,37.743065,-122.169935,4.1,0.033,23.0,Oakland,6.418750054166666,54.32969970833333,14.742702383333333,1015.525,0.025000000000000005,13.75
2023-01-31,37.743065,-122.169935,6.5,0.026,36.0,Oakland,5.73333338625,49.684376750000006,6.7828127333333335,1021.5500000000001,0.0,5.833333333333333
2023-02-01,37.743065,-122.169935,11.8,0.019,56.0,Oakland,7.150000141666666,59.62484279166667,5.008491341666667,1022.2291666666666,0.0,69.66666666666667
2023-02-02,37.743065,-122.169935,17.9,0.029,67.0,Oakland,8.139583420833334,74.21573741666667,7.708784354166667,1023.65,0.0,77.04166666666667
2023-02-03,37.743065,-122.169935,17.9,0.029,67.0,Oakland,8.139583420833334,74.21573741666667,7.708784354166667,1023.65,0.0,77.04166666666667
2023-02-04,37.743065,-122.169935,5.4,0.037,30.0,Oakland,10.5562501,88.90987479166667,10.8936196875,1021.35,0.1125,98.08333333333333
2023-02-05,37.743065,-122.169935,6.1,0.033,34.0,Oakland,10.985416791666667,86.67251083333333,20.037903958333334,1020.5375,1.3708333333333333,72.04166666666667
2023-02-06,37.743065,-122.169935,4.5,0.023,25.0,Oakland,8.052083583333333,83.08638220833333,9.581240258333333,1028.2833333333333,0.004166666666666667,4.666666666666667
2023-02-07,37.743065,-122.169935,6.3,0.028,35.0,Oakland,8.660416795833333,75.903640625,3.9394547991666666,1027.6875,0.0,49.916666666666664
2023-02-08,37.743065,-122.169935,11.3,0.017,55.0,Oakland,9.0645835125,82.81834445833333,5.073149604166667,1027.6041666666667,0.0,26.541666666666668
2023-02-09,37.743065,-122.169935,12.6,0.02,58.0,Oakland,10.285416766666666,82.56602354166667,5.113807358333333,1025.8875,0.0,0.16666666666666666
2023-02-10,37.743065,-122.169935,7.1,0.035,39.0,Oakland,10.043750129166666,86.94291600000001,7.682133332083333,1023.7041666666668,0.012500000000000002,43.791666666666664
2023-02-11,37.743065,-122.169935,5.5,0.029,31.0,Oakland,8.972916791666666,82.03929470833333,14.170056958333333,1017.15,0.17500000000000002,71.875
2023-02-12,37.743065,-122.169935,8.3,0.025,46.0,Oakland,8.8750002375,78.31010512499999,5.129261087500001,1015.3166666666666,0.0,28.5
2023-02-13,37.743065,-122.169935,11.4,0.031,55.0,Oakland,9.585416833333333,80.73828758333333,5.751007479166667,1012.7583333333333,0.0,3.3333333333333335
2023-02-14,37.743065,-122.169935,5.1,0.03,28.0,Oakland,8.304166758333333,66.67239074999999,21.515901958333334,1016.3291666666668,0.020833333333333332,37.166666666666664
2023-02-15,37.743065,-122.169935,3.9,0.03,22.0,Oakland,7.427083466666667,53.99488016666667,11.839013954166667,1021.1625,0.004166666666666667,3.5833333333333335
2023-02-16,37.743065,-122.169935,6.8,0.023,38.0,Oakland,7.439583441666667,60.173422875,5.6202735,1024.7625,0.0,55.916666666666664
2023-02-17,37.743065,-122.169935,9.0,0.032,50.0,Oakland,8.0541667125,65.50259058333333,8.9352447375,1021.0500000000001,0.0,82.54166666666667
2023-02-18,37.743065,-122.169935,10.2,0.024,53.0,Oakland,9.000000095833334,58.281845583333336,6.1040006,1018.6,0.0,18.5
2023-02-19,37.743065,-122.169935,10.4,0.029,53.0,Oakland,8.437500129166667,71.6899335,5.107772870833333,1018.8000000000001,0.0,71.08333333333333
2023-02-20,37.743065,-122.169935,11.1,0.026,55.0,Oakland,10.650000020833334,69.36997612500001,5.391424883333333,1020.2458333333334,0.0,54.083333333333336
2023-02-21,37.743065,-122.169935,9.3,0.033,51.0,Oakland,10.187500070833332,78.654680375,13.945292491666665,1014.2958333333332,0.0,79.29166666666667
2023-02-22,37.743065,-122.169935,4.5,0.032,25.0,Oakland,6.9437501875,65.43503654166666,25.34729575,1008.1875,0.012499999999999999,35.791666666666664
2023-02-23,37.743065,-122.169935,4.0,0.037,22.0,Oakland,5.587500041666666,74.84973883333333,17.129289041666667,1010.75,0.3541666666666667,51.958333333333336
2023-02-24,37.743065,-122.169935,4.0,0.038,22.0,Oakland,5.554166754166666,83.24954125000001,20.885875916666667,1005.9458333333333,0.8166666666666668,86.33333333333333
2023-02-25,37.743065,-122.169935,2.9,0.037,16.0,Oakland,5.883333466666667,83.17154779166667,7.5379096875,1010.6583333333333,0.075,90.58333333333333
2023-02-26,37.743065,-122.169935,5.2,0.033,29.0,Oakland,7.454166779166666,83.30478895833333,11.8056638625,1015.7041666666668,0.1125,89.75
2023-02-27,37.743065,-122.169935,3.8,0.039,21.0,Oakland,7.000000125,86.08365341666666,16.90852729166667,1015.1625,0.85,69.70833333333333
2023-02-28,37.743065,-122.169935,4.0,0.037,22.0,Oakland,7.0458335625,84.62461766666667,17.093474479166666,1014.2624999999999,0.8041666666666667,87.16666666666667
2023-03-01,37.743065,-122.169935,4.0,0.037,22.0,Oakland,6.606250154166666,75.64618604166667,17.364947645833333,1010.3291666666668,0.26666666666666666,30.75
2023-03-02,37.743065,-122.169935,5.0,0.033,28.0,Oakland,7.156250133333334,57.64795858333333,9.633262254166667,1019.3916666666668,0.0,57.791666666666664
2023-03-03,37.743065,-122.169935,6.9,0.04,38.0,Oakland,7.9791668625000005,88.763833125,7.253419708333333,1019.5166666666668,0.0,61.25
2023-03-04,37.743065,-122.169935,6.9,0.043,38.0,Oakland,8.1229168,80.52112891666667,15.687901958333333,1013.5666666666666,0.17916666666666667,89.08333333333333
2023-03-05,37.743065,-122.169935,5.2,0.044,29.0,Oakland,8.162500079166668,72.74916320833333,17.627116125,1013.4125,0.3958333333333333,48.708333333333336
2023-03-06,37.743065,-122.169935,4.9,0.04,27.0,Oakland,6.991666870833334,77.05583508333333,10.445559791666666,1020.0083333333333,0.09583333333333333,40.208333333333336
2023-03-07,37.743065,-122.169935,3.1,0.041,17.0,Oakland,7.329166795833333,81.052884125,7.446743433333334,1022.3583333333332,0.24583333333333335,61.041666666666664
2023-03-08,37.743065,-122.169935,3.3,0.043,18.0,Oakland,7.8437501625,75.447839,10.612122366666666,1021.0333333333333,0.2541666666666667,46.166666666666664
2023-03-09,37.743065,-122.169935,3.0,0.032,17.0,Oakland,8.097916858333333,75.06363345833334,10.8503021875,1018.7958333333332,0.37083333333333335,78.125
2023-03-10,37.743065,-122.169935,4.8,0.041,27.0,Oakland,11.422916833333332,86.14234941666666,19.662877520833334,1008.7458333333334,3.0749999999999997,92.625
2023-03-11,37.743065,-122.169935,6.5,0.027,36.0,Oakland,10.279166908333332,87.90465245833333,6.277923991666667,1013.7624999999999,0.35000000000000003,67.70833333333333
2023-03-12,37.743065,-122.169935,3.0,0.026,17.0,Oakland,13.0458335,92.59567183333333,10.983636445833334,1017.4291666666667,0.6416666666666667,99.375
2023-03-13,37.743065,-122.169935,2.8,0.027,16.0,Oakland,13.31041675,89.53220379166667,11.740906637499998,1018.6833333333334,1.0541666666666667,96.91666666666667
2023-03-14,37.743065,-122.169935,3.4,0.038,19.0,Oakland,14.050000124999999,88.49856312499999,21.0820204625,1009.4833333333332,1.125,99.95833333333333
2023-03-15,37.743065,-122.169935,5.2,0.031,29.0,Oakland,9.900000208333333,80.41346145833333,13.604903837499998,1013.8416666666667,0.03333333333333333,48.416666666666664
2023-03-16,37.743065,-122.169935,6.7,0.033,37.0,Oakland,9.916666708333333,85.39031691666666,7.3949725125,1017.6,0.0,20.166666666666668
2023-03-17,37.743065,-122.169935,9.5,0.031,52.0,Oakland,10.6000001125,87.63281166666667,6.265013577916666,1018.5458333333332,0.0,45.0
2023-03-18,37.743065,-122.169935,9.5,0.039,52.0,Oakland,12.270833304166667,83.18396675,7.201360879166667,1017.1333333333333,0.0,70.41666666666667
2023-03-19,37.743065,-122.169935,3.2,0.039,18.0,Oakland,13.383333541666666,83.642796125,9.0424767125,1010.8291666666668,0.5833333333333334,100.0
2023-03-20,37.743065,-122.169935,5.0,0.045,28.0,Oakland,10.61250025,84.450239125,14.66959875,1013.0,0.12083333333333333,78.95833333333333
2023-03-21,37.743065,-122.169935,2.4,0.038,13.0,Oakland,9.262500208333334,79.97015816666666,18.989500979166667,1000.3291666666668,0.8666666666666667,92.70833333333333
2023-03-22,37.743065,-122.169935,2.4,0.038,13.0,Oakland,9.262500208333334,79.97015816666666,18.989500979166667,1000.3291666666668,0.8666666666666667,92.70833333333333
2023-03-23,37.743065,-122.169935,5.0,0.04,28.0,Oakland,10.391666875,79.68776979166667,14.808351158333332,1021.4416666666666,0.12083333333333333,48.5
2023-03-24,37.743065,-122.169935,5.0,0.04,28.0,Oakland,10.391666875,79.68776979166667,14.808351158333332,1021.4416666666666,0.12083333333333333,48.5
2023-03-25,37.743065,-122.169935,5.0,0.04,28.0,Oakland,10.391666875,79.68776979166667,14.808351158333332,1021.4416666666666,0.12083333333333333,48.5
2023-03-26,37.743065,-122.169935,5.0,0.04,28.0,Oakland,10.391666875,79.68776979166667,14.808351158333332,1021.4416666666666,0.12083333333333333,48.5
2023-03-27,37.743065,-122.169935,5.0,0.04,28.0,Oakland,10.391666875,79.68776979166667,14.808351158333332,1021.4416666666666,0.12083333333333333,48.5
2023-03-28,37.743065,-122.169935,2.7,0.038,15.0,Oakland,9.300000141666667,76.62754870833334,16.09450759583333,1016.5583333333334,0.7125,80.45833333333333
2023-03-29,37.743065,-122.169935,2.6,0.038,14.0,Oakland,8.435416845833332,84.668813375,15.379699770833334,1010.6750000000001,0.3833333333333333,73.45833333333333
2023-03-30,37.743065,-122.169935,2.1,0.038,12.0,Oakland,8.064583470833332,85.19868904166667,8.8556554625,1012.9083333333333,0.1625,66.625
2023-03-31,37.743065,-122.169935,5.9,0.04,33.0,Oakland,9.279166808333333,82.44041120833333,9.666653775,1021.9208333333332,0.0,36.5
2023-04-01,37.743065,-122.169935,4.3,0.04,24.0,Oakland,9.752083529166667,74.62239570833334,7.8925707,1024.3333333333333,0.0,37.708333333333336
2023-04-02,37.743065,-122.169935,2.3,0.038,13.0,Oakland,10.414583458333334,80.06314154166667,14.377203416666667,1021.8708333333334,0.0375,59.125
2023-04-03,37.743065,-122.169935,1.9,0.033,11.0,Oakland,8.631250208333332,66.68393808333333,21.14327833333333,1019.5291666666667,0.0375,13.708333333333334
2023-04-04,37.743065,-122.169935,1.6,0.034,9.0,Oakland,7.6104167875,70.63923425,14.699719495833333,1022.525,0.004166666666666667,6.875
2023-04-05,37.743065,-122.169935,3.2,0.034,18.0,Oakland,8.7083335,79.068691375,9.0381239,1023.3916666666668,0.0,70.95833333333333
2023-04-06,37.743065,-122.169935,4.3,0.036,24.0,Oakland,9.466666829166668,83.77300275,7.767537925,1021.5958333333333,0.0,68.16666666666667
2023-04-07,37.743065,-122.169935,2.4,0.032,13.0,Oakland,11.385416833333332,82.92488333333334,13.5203249375,1017.4125,0.09999999999999999,99.95833333333333
2023-04-08,37.743065,-122.169935,2.4,0.031,13.0,Oakland,11.485416916666667,87.35614395833333,7.060809345833333,1019.0749999999999,0.016666666666666666,95.5
2023-04-09,37.743065,-122.169935,4.8,0.037,27.0,Oakland,12.314583375,80.44701333333333,7.030329904166667,1021.5208333333334,0.0,15.833333333333334
2023-04-10,37.743065,-122.169935,4.9,0.022,27.0,Oakland,13.272916708333334,84.9556475,8.061215966666667,1018.8208333333333,0.0,5.583333333333333
2023-04-11,37.743065,-122.169935,3.1,0.039,17.0,Oakland,12.814583416666666,90.56671658333333,14.561968616666666,1019.35,0.025000000000000005,93.08333333333333
2023-04-12,37.743065,-122.169935,4.9,0.038,27.0,Oakland,10.543750375,73.51619416666666,16.186306625,1016.4541666666668,0.0,3.9583333333333335
2023-04-13,37.743065,-122.169935,5.0,0.037,28.0,Oakland,10.137500129166666,66.60991391666667,9.3600304125,1012.3208333333333,0.0,2.2916666666666665
2023-04-14,37.743065,-122.169935,3.7,0.037,21.0,Oakland,10.333333458333334,80.72718004166667,11.962132595833333,1013.6416666666668,0.0,20.375
2023-04-15,37.743065,-122.169935,2.0,0.038,11.0,Oakland,10.412500249999999,83.37371854166666,13.114580312500001,1019.6999999999999,0.0,57.666666666666664
2023-04-16,37.743065,-122.169935,3.4,0.038,19.0,Oakland,10.29791675,78.90037291666667,16.000479416666668,1021.7541666666666,0.0,19.333333333333332
2023-04-17,37.743065,-122.169935,4.3,0.038,24.0,Oakland,10.597916708333333,81.637489625,17.2632717875,1018.8249999999999,0.0,85.41666666666667
2023-04-18,37.743065,-122.169935,4.8,0.04,27.0,Oakland,10.412500125,70.65447295833333,14.141775295833334,1017.6833333333334,0.0625,53.208333333333336
2023-04-19,37.743065,-122.169935,4.0,0.038,22.0,Oakland,10.331250208333334,71.08440220833333,13.781440458333334,1022.0041666666666,0.004166666666666667,7.458333333333333
2023-04-20,37.743065,-122.169935,8.2,0.042,46.0,Oakland,11.597916750000001,70.90155975,10.058676775,1025.9166666666667,0.0,27.791666666666668
2023-04-21,37.743065,-122.169935,7.3,0.032,41.0,Oakland,13.600000208333332,76.98612812500001,6.783859733333333,1025.9208333333333,0.0,31.458333333333332
2023-04-22,37.743065,-122.169935,7.4,0.026,41.0,Oakland,14.372916666666667,85.22340041666666,6.874489004166667,1018.625,0.0,52.166666666666664
2023-04-23,37.743065,-122.169935,4.2,0.033,23.0,Oakland,13.108333458333334,87.8994885,12.455580900000001,1013.6208333333334,0.0,48.791666666666664
2023-04-24,37.743065,-122.169935,9.7,0.041,52.0,Oakland,12.1708335,79.63443629166666,11.571942041666667,1015.2666666666668,0.0,49.416666666666664
2023-04-25,37.743065,-122.169935,8.3,0.037,46.0,Oakland,12.28958325,82.378614125,9.627455270833334,1014.9666666666667,0.0,55.916666666666664
2023-04-26,37.743065,-122.169935,8.4,0.044,47.0,Oakland,14.489583166666668,78.54044320833333,7.083682716666666,1015.0041666666666,0.0,4.875
2023-04-27,37.743065,-122.169935,7.3,0.051,41.0,Oakland,16.385416458333335,73.78753695833333,7.605607445833333,1013.875,0.0,14.625
2023-04-28,37.743065,-122.169935,6.8,0.033,38.0,Oakland,15.179166833333333,74.779633625,10.158952704166667,1013.6541666666667,0.0,25.541666666666668
2023-04-29,37.743065,-122.169935,3.9,0.039,22.0,Oakland,12.606250166666667,84.26366633333333,11.691762270833332,1016.9708333333333,0.0,96.375
2023-04-30,37.743065,-122.169935,6.2,0.039,34.0,Oakland,12.620833583333335,81.64598295833333,19.531303208333334,1015.5,0.0,60.958333333333336
2023-05-01,37.743065,-122.169935,2.8,0.038,16.0,Oakland,11.635416833333332,75.70843025,28.418462958333333,1011.4583333333334,0.08333333333333333,77.29166666666667
2023-05-02,37.743065,-122.169935,2.8,0.038,16.0,Oakland,11.635416833333332,75.70843025,28.418462958333333,1011.4583333333334,0.08333333333333333,77.29166666666667
2023-05-03,37.743065,-122.169935,1.8,0.032,10.0,Oakland,11.633333416666666,77.0590395,10.358059104166667,1010.1083333333332,0.3833333333333333,95.04166666666667
2023-05-04,37.743065,-122.169935,1.8,0.032,10.0,Oakland,11.633333416666666,77.0590395,10.358059104166667,1010.1083333333332,0.3833333333333333,95.04166666666667
2023-05-05,37.743065,-122.169935,2.2,0.036,12.0,Oakland,12.039583499999999,79.57189341666667,10.963113820833334,1016.3958333333334,0.020833333333333332,71.75
2023-05-06,37.743065,-122.169935,3.1,0.034,17.0,Oakland,12.410416916666668,86.20150912499999,11.210473170833334,1018.7333333333332,0.5958333333333333,97.70833333333333
2023-05-07,37.743065,-122.169935,2.7,0.042,15.0,Oakland,12.120833708333334,82.27242062500001,9.084582620833332,1019.9291666666667,0.041666666666666664,57.125
2023-05-08,37.743065,-122.169935,4.5,0.043,25.0,Oakland,11.952083458333334,81.98325370833334,12.659607379166667,1019.2791666666667,0.13749999999999998,37.541666666666664
2023-05-09,37.743065,-122.169935,2.9,0.036,16.0,Oakland,12.566666791666668,81.13883879166667,12.190717779166667,1017.7333333333332,0.012500000000000002,93.875
2023-05-10,37.743065,-122.169935,3.2,0.04,18.0,Oakland,12.410417041666667,82.41238495833333,16.444009583333333,1017.6583333333333,0.004166666666666667,50.958333333333336
2023-05-11,37.743065,-122.169935,3.9,0.033,22.0,Oakland,12.666666791666666,79.94317520833333,14.903089666666666,1018.9499999999999,0.0,54.625
2023-05-12,37.743065,-122.169935,6.3,0.032,35.0,Oakland,13.27083325,85.86905133333333,11.475189375,1017.6916666666666,0.0,59.208333333333336
2023-05-13,37.743065,-122.169935,8.7,0.044,48.0,Oakland,14.81875,87.78988495833333,8.4612809375,1014.375,0.0,45.708333333333336
2023-05-14,37.743065,-122.169935,4.8,0.032,27.0,Oakland,17.110416541666666,79.41692216666667,8.409612204166667,1009.6291666666666,0.0,1.5
2023-05-15,37.743065,-122.169935,3.5,0.03,19.0,Oakland,14.993749958333332,83.88874991666667,13.553482625000001,1016.35,0.0,25.375
2023-05-16,37.743065,-122.169935,5.8,0.028,32.0,Oakland,14.754166791666668,86.91971695833332,10.192875345833334,1018.0583333333334,0.0,44.125
2023-05-17,37.743065,-122.169935,5.1,0.034,28.0,Oakland,14.229166583333333,87.22082204166666,10.332118724999999,1015.1,0.0,56.291666666666664
2023-05-18,37.743065,-122.169935,5.7,0.034,32.0,Oakland,13.564583291666667,85.79488629166667,15.2548875,1013.8291666666668,0.0,74.0
2023-05-19,37.743065,-122.169935,5.4,0.024,30.0,Oakland,14.1729165,83.19782108333334,14.620681145833332,1016.1708333333332,0.0,56.375
2023-05-20,37.743065,-122.169935,1.9,0.024,11.0,Oakland,13.452083583333334,85.34109954166667,18.25553808333333,1019.3000000000001,0.008333333333333333,87.91666666666667
2023-05-21,37.743065,-122.169935,5.2,0.025,29.0,Oakland,14.083333291666667,84.30112504166667,13.760842729166667,1017.9250000000001,0.0,86.54166666666667
2023-05-22,37.743065,-122.169935,12.4,0.034,57.0,Oakland,14.693749916666667,83.481289375,9.544406845833334,1013.6791666666667,0.0,28.791666666666668
2023-05-23,37.743065,-122.169935,11.8,0.034,56.0,Oakland,14.362500166666665,78.15642295833332,15.471214229166668,1011.4416666666666,0.0,38.458333333333336
2023-05-24,37.743065,-122.169935,8.9,0.033,49.0,Oakland,14.237499958333332,75.26659204166667,15.874564458333333,1012.025,0.0,64.16666666666667
2023-05-25,37.743065,-122.169935,4.0,0.03,22.0,Oakland,13.916666625,78.58230733333333,13.700600083333333,1011.6125000000001,0.0,63.708333333333336
2023-05-26,37.743065,-122.169935,2.0,0.03,11.0,Oakland,14.191666583333332,78.23099208333333,15.051192604166667,1013.1541666666667,0.025000000000000005,69.70833333333333
2023-05-27,37.743065,-122.169935,2.7,0.032,15.0,Oakland,13.777083333333332,78.9117165,14.5062106875,1015.1416666666668,0.0,58.833333333333336
2023-05-28,37.743065,-122.169935,8.1,0.029,45.0,Oakland,13.681250041666667,83.01088579166667,16.893377666666666,1013.7624999999999,0.008333333333333333,91.66666666666667
2023-05-29,37.743065,-122.169935,2.3,0.029,13.0,Oakland,14.15416675,78.38726929166667,14.400724166666668,1013.5333333333333,0.004166666666666667,79.20833333333333
2023-05-30,37.743065,-122.169935,2.4,0.031,13.0,Oakland,14.516666583333333,76.40689133333333,15.074679479166667,1014.8833333333333,0.0,33.166666666666664
2023-05-31,37.743065,-122.169935,9.2,0.03,51.0,Oakland,13.629166833333334,78.38903408333333,16.581801833333333,1013.7041666666668,0.004166666666666667,71.66666666666667
2023-06-01,37.743065,-122.169935,9.8,0.03,52.0,Oakland,13.883333375,77.68095304166667,15.469587604166668,1011.8166666666666,0.0,49.291666666666664
2023-06-02,37.743065,-122.169935,8.7,0.033,48.0,Oakland,14.239583208333334,76.68357937500001,14.694224825,1014.6125000000001,0.0,38.833333333333336
2023-06-03,37.743065,-122.169935,10.9,0.03,54.0,Oakland,14.774999999999999,77.01109925,10.3480072,1014.3541666666666,0.0,8.791666666666666
2023-06-04,37.743065,-122.169935,12.7,0.027,58.0,Oakland,15.568749791666667,78.1927835,8.947634329166666,1011.4041666666667,0.0,41.208333333333336
2023-06-05,37.743065,-122.169935,5.7,0.027,32.0,Oakland,14.987499875,79.88935541666667,11.1664966875,1009.3166666666666,0.0,61.958333333333336
2023-06-06,37.743065,-122.169935,4.2,0.032,23.0,Oakland,16.26666675,76.94586879166667,13.652926083333334,1009.8625000000001,0.22083333333333333,91.79166666666667
2023-06-07,37.743065,-122.169935,3.3,0.031,18.0,Oakland,16.312499875,76.60787487500001,12.429524075000002,1012.9625,0.0,84.125
2023-06-08,37.743065,-122.169935,3.9,0.034,22.0,Oakland,15.641666583333333,80.20129133333333,12.265622658333333,1016.4666666666667,0.0,55.916666666666664
2023-06-09,37.743065,-122.169935,2.1,0.032,12.0,Oakland,14.954166833333332,80.69047429166666,15.189649750000001,1017.0833333333334,0.0,83.45833333333333
2023-06-10,37.743065,-122.169935,3.6,0.027,20.0,Oakland,13.739583208333334,82.138298625,14.967353895833334,1014.3458333333333,0.004166666666666667,96.75
2023-06-11,37.743065,-122.169935,2.8,0.027,16.0,Oakland,14.697916458333333,80.77823525000001,14.087902249999999,1010.9708333333333,0.0,84.54166666666667
2023-06-12,37.743065,-122.169935,1.1,0.027,6.0,Oakland,15.710416541666666,77.79459279166666,13.988941958333333,1014.4083333333333,0.008333333333333333,87.75
2023-06-13,37.743065,-122.169935,2.5,0.025,14.0,Oakland,15.431249791666666,78.00531020833334,14.283722208333332,1016.7583333333333,0.0,55.625
2023-06-14,37.743065,-122.169935,4.4,0.025,24.0,Oakland,15.112500041666665,81.00883375,13.750800583333332,1014.35,0.0,79.33333333333333
2023-06-15,37.743065,-122.169935,8.1,0.028,45.0,Oakland,15.529166583333334,81.72481566666667,11.588109879166666,1011.5416666666666,0.0,66.375
2023-06-16,37.743065,-122.169935,6.3,0.029,35.0,Oakland,15.733333166666666,81.53915745833334,12.672337737500001,1013.6291666666666,0.0,57.041666666666664
2023-06-17,37.743065,-122.169935,6.2,0.033,34.0,Oakland,15.816666416666665,82.07752775,12.185296866666667,1015.4250000000001,0.0,37.166666666666664
2023-06-18,37.743065,-122.169935,6.4,0.028,36.0,Oakland,16.027083166666667,75.46081379166667,17.617474104166664,1012.8000000000001,0.0,81.5
2023-06-19,37.743065,-122.169935,4.7,0.026,26.0,Oakland,14.893749958333332,70.97744304166666,23.356214166666664,1014.0875,0.0,10.833333333333334
2023-06-20,37.743065,-122.169935,4.3,0.023,24.0,Oakland,14.879166458333332,70.025121375,12.063597395833334,1018.8458333333333,0.0,0.0
2023-06-21,37.743065,-122.169935,5.8,0.022,32.0,Oakland,14.577083208333333,78.00527366666667,12.602782791666668,1018.0458333333332,0.0,31.208333333333332
2023-06-22,37.743065,-122.169935,5.0,0.024,28.0,Oakland,14.7291665,75.72957995833333,15.851120770833333,1014.5208333333334,0.0,59.625
2023-06-23,37.743065,-122.169935,2.5,0.029,14.0,Oakland,15.947916625,72.98085975,15.574833479166665,1016.1625,0.008333333333333333,61.291666666666664
2023-06-24,37.743065,-122.169935,4.5,0.03,25.0,Oakland,14.67083325,77.55819716666666,17.030876,1018.1958333333333,0.0,73.41666666666667
2023-06-25,37.743065,-122.169935,2.0,0.022,11.0,Oakland,14.252083291666667,79.42745145833334,17.964399583333336,1018.8291666666668,0.008333333333333333,87.33333333333333
2023-06-26,37.743065,-122.169935,3.5,0.02,19.0,Oakland,14.362499958333332,79.844741625,16.480545625,1017.2333333333332,0.0,86.125
2023-06-27,37.743065,-122.169935,3.6,0.019,20.0,Oakland,14.216666666666667,82.07510512500001,17.796232208333333,1014.0166666666668,0.012500000000000002,87.375
2023-06-28,37.743065,-122.169935,2.2,0.019,12.0,Oakland,13.839583374999998,82.85703970833333,16.150231,1013.5500000000001,0.0,92.79166666666667
2023-06-29,37.743065,-122.169935,3.5,0.02,19.0,Oakland,14.997916583333334,82.35612525,10.012621000000001,1013.9166666666666,0.0,65.25
2023-06-30,37.743065,-122.169935,8.2,0.021,46.0,Oakland,17.414583125,75.07449583333333,6.786290875,1013.0,0.0,10.416666666666666
2023-07-01,37.743065,-122.169935,8.2,0.038,46.0,Oakland,19.762499625,66.600611625,7.103238054166667,1012.0749999999999,0.0,6.041666666666667
2023-07-02,37.743065,-122.169935,10.1,0.033,53.0,Oakland,21.927082791666667,57.54530270833334,8.698410841666666,1011.5791666666668,0.0,28.0
2023-07-03,37.743065,-122.169935,8.3,0.031,46.0,Oakland,18.474999541666666,71.42172645833334,11.018813533333335,1012.2166666666667,0.0,21.541666666666668
2023-07-04,37.743065,-122.169935,14.5,0.033,61.0,Oakland,15.737500124999999,79.589848125,12.8367476875,1013.0541666666667,0.0,51.208333333333336
2023-07-05,37.743065,-122.169935,5.6,0.028,31.0,Oakland,15.258333333333333,78.33021395833333,13.223573625,1014.15,0.0,25.041666666666668
2023-07-06,37.743065,-122.169935,2.7,0.025,15.0,Oakland,15.843749916666667,79.836665375,14.720793666666667,1013.8666666666667,0.004166666666666667,63.916666666666664
2023-07-07,37.743065,-122.169935,4.9,0.026,27.0,Oakland,14.57291675,82.01224020833332,19.797654041666664,1013.0791666666668,0.004166666666666667,83.16666666666667
2023-07-08,37.743065,-122.169935,3.1,0.029,17.0,Oakland,14.191666583333332,80.38863375,21.501031416666667,1013.5666666666666,0.0,64.0
2023-07-09,37.743065,-122.169935,1.2,0.023,7.0,Oakland,14.077083458333334,80.19088045833333,22.95883125,1014.6333333333333,0.004166666666666667,85.20833333333333
2023-07-10,37.743065,-122.169935,1.5,0.016,8.0,Oakland,15.225000208333334,82.24875141666666,15.708655583333334,1015.9250000000001,0.008333333333333333,77.875
2023-07-11,37.743065,-122.169935,6.0,0.022,33.0,Oakland,16.908332916666666,76.742585625,7.2028723375,1014.775,0.0,11.875
2023-07-12,37.743065,-122.169935,3.9,0.023,22.0,Oakland,15.985416291666667,80.16483104166666,9.128708537500001,1015.7916666666666,0.0,40.625
2023-07-13,37.743065,-122.169935,3.7,0.021,21.0,Oakland,16.3479165,79.56858566666666,8.998216083333334,1016.275,0.0,9.958333333333334
2023-07-14,37.743065,-122.169935,3.7,0.023,21.0,Oakland,16.747916291666666,79.02294033333334,8.2645660625,1015.0416666666666,0.0,41.833333333333336
2023-07-15,37.743065,-122.169935,5.7,0.03,32.0,Oakland,17.772916499999997,77.88561754166666,7.1547916375,1012.8458333333333,0.0,27.5
2023-07-16,37.743065,-122.169935,11.1,0.028,55.0,Oakland,20.62499958333333,67.98102579166667,6.873829162500001,1010.5208333333334,0.0,66.20833333333333
2023-07-17,37.743065,-122.169935,12.2,0.025,57.0,Oakland,19.829166125,65.24302929166667,9.791595441666667,1011.3291666666668,0.0,51.5
2023-07-18,37.743065,-122.169935,10.5,0.024,54.0,Oakland,17.756249916666665,74.33057033333334,10.664249520833334,1013.1458333333334,0.0,7.166666666666667
2023-07-19,37.743065,-122.169935,7.5,0.022,42.0,Oakland,15.893749916666666,81.032042875,10.070301908333333,1015.6166666666667,0.0,33.25
2023-07-20,37.743065,-122.169935,10.1,0.027,53.0,Oakland,16.683333333333334,81.208521125,7.8485585166666665,1016.4958333333334,0.0,40.25
2023-07-21,37.743065,-122.169935,10.9,0.021,54.0,Oakland,18.531249708333334,72.17142329166667,7.551077404166667,1014.4583333333334,0.0,0.5416666666666666
2023-07-22,37.743065,-122.169935,11.1,0.032,55.0,Oakland,19.274999958333336,67.41705058333334,7.366212341666667,1011.5124999999999,0.0,42.916666666666664
2023-07-23,37.743065,-122.169935,9.7,0.024,52.0,Oakland,19.299999541666665,69.70474958333334,7.667436320833333,1010.9833333333332,0.0,87.25
2023-07-24,37.743065,-122.169935,3.6,0.022,20.0,Oakland,16.512499791666666,77.24765854166667,12.153929958333334,1016.2958333333332,0.0,36.625
2023-07-25,37.743065,-122.169935,2.9,0.021,16.0,Oakland,17.174999625,80.608243625,9.628585133333333,1017.6791666666667,0.0,33.75
2023-07-26,37.743065,-122.169935,8.8,0.021,49.0,Oakland,17.904166208333333,76.01999820833333,10.272431795833333,1015.7666666666668,0.0,7.458333333333333
2023-07-27,37.743065,-122.169935,12.9,0.026,58.0,Oakland,16.806249791666666,77.3318125,12.5920408875,1015.5083333333333,0.0,5.541666666666667
2023-07-28,37.743065,-122.169935,6.3,0.025,35.0,Oakland,16.466666458333332,76.52065987499999,12.455764762500001,1016.4499999999999,0.0,24.666666666666668
2023-07-29,37.743065,-122.169935,5.2,0.025,29.0,Oakland,16.589583166666667,77.35724654166667,11.182032520833333,1017.3083333333334,0.0,31.125
2023-07-30,37.743065,-122.169935,7.1,0.027,39.0,Oakland,16.585416583333334,76.059277,9.207148016666666,1016.9291666666667,0.0,6.125
2023-07-31,37.743065,-122.169935,9.2,0.025,51.0,Oakland,16.831249791666668,76.35834016666666,10.241719604166667,1015.85,0.0,65.45833333333333
2023-08-01,37.743065,-122.169935,4.5,0.024,25.0,Oakland,16.424999916666668,79.56889608333333,11.854718525000001,1016.1125000000001,0.0,89.75
2023-08-02,37.743065,-122.169935,3.0,0.023,17.0,Oakland,15.822916541666666,82.53646695833334,15.922926124999998,1017.3333333333334,0.004166666666666667,88.58333333333333
2023-08-03,37.743065,-122.169935,1.2,0.02,7.0,Oakland,15.127083291666667,86.09024470833333,20.1666575,1018.6166666666667,0.020833333333333332,95.75
2023-08-04,37.743065,-122.169935,4.3,0.02,24.0,Oakland,15.752083333333333,86.78524733333334,14.0047034375,1017.9625,0.05000000000000001,79.54166666666667
2023-08-05,37.743065,-122.169935,5.2,0.023,29.0,Oakland,16.891666458333333,81.2503555,10.620086275,1015.8874999999999,0.0,49.041666666666664
2023-08-06,37.743065,-122.169935,8.0,0.023,44.0,Oakland,18.939583,73.474448625,7.998374979166667,1015.6625,0.0,0.041666666666666664
2023-08-07,37.743065,-122.169935,10.0,0.022,53.0,Oakland,20.52291608333333,68.20507058333334,7.593762233333333,1014.2541666666666,0.0,0.0
2023-08-08,37.743065,-122.169935,1.7,0.026,9.0,Oakland,17.908333083333332,80.18782733333333,12.577570674999999,1014.8916666666668,0.0,33.791666666666664
2023-08-09,37.743065,-122.169935,8.2,0.028,46.0,Oakland,17.845833166666665,79.19521454166666,13.639434854166666,1013.8583333333332,0.0,54.166666666666664
2023-08-10,37.743065,-122.169935,1.5,0.022,8.0,Oakland,17.506249874999998,81.30320470833333,12.037022229166666,1013.5291666666667,0.0,58.166666666666664
2023-08-11,37.743065,-122.169935,3.0,0.025,17.0,Oakland,17.8729165,81.778464625,12.149390179166666,1015.0791666666668,0.0,63.541666666666664
2023-08-12,37.743065,-122.169935,3.1,0.024,17.0,Oakland,18.229166541666668,79.334019375,8.9315526375,1015.775,0.0,52.5
2023-08-13,37.743065,-122.169935,2.0,0.028,11.0,Oakland,18.943749791666665,73.26939,9.985262104166667,1014.9583333333334,0.0,46.791666666666664
2023-08-14,37.743065,-122.169935,2.2,0.02,12.0,Oakland,19.708333041666666,72.13851641666666,9.468461333333332,1013.1791666666667,0.0,79.125
2023-08-15,37.743065,-122.169935,3.5,0.029,19.0,Oakland,19.320833041666667,70.65708679166667,10.253131966666666,1014.5416666666666,0.0,27.75
2023-08-16,37.743065,-122.169935,3.4,0.023,19.0,Oakland,18.995832916666668,78.58175566666667,10.355094970833333,1014.5083333333333,0.0,60.083333333333336
2023-08-17,37.743065,-122.169935,1.9,0.024,11.0,Oakland,19.21458275,81.13846954166667,10.697141779166666,1011.6999999999999,0.0,71.0
2023-08-18,37.743065,-122.169935,5.0,0.032,28.0,Oakland,18.633332791666664,80.86942804166667,13.297905791666667,1011.0208333333334,0.012500000000000002,66.5
2023-08-19,37.743065,-122.169935,5.1,0.025,28.0,Oakland,18.508333041666667,81.40016183333334,10.280323195833335,1009.8833333333333,0.0,49.375
2023-08-20,37.743065,-122.169935,7.1,0.033,39.0,Oakland,19.547916208333334,76.45802391666668,10.7259221375,1008.3874999999999,0.0,48.0
2023-08-21,37.743065,-122.169935,7.3,0.028,41.0,Oakland,21.579165875,69.06147995833332,9.164849137500001,1007.8916666666668,0.004166666666666667,61.833333333333336
2023-08-22,37.743065,-122.169935,7.5,0.032,42.0,Oakland,20.68124925,78.68113270833332,10.305976395833333,1015.7083333333334,0.05416666666666667,25.166666666666668
2023-08-23,37.743065,-122.169935,8.4,0.045,47.0,Oakland,21.477082416666665,76.14663925,8.506453829166666,1014.0333333333333,0.0,24.583333333333332
2023-08-24,37.743065,-122.169935,12.6,0.034,58.0,Oakland,22.78958245833333,69.49634920833334,9.738627845833333,1011.6541666666667,0.0,0.625
2023-08-25,37.743065,-122.169935,11.6,0.034,56.0,Oakland,18.843749499999998,80.37955958333333,12.473543383333334,1014.8083333333334,0.004166666666666667,59.333333333333336
2023-08-26,37.743065,-122.169935,13.5,0.038,59.0,Oakland,17.22499983333333,81.35852233333334,12.1558498625,1015.8083333333334,0.0,60.666666666666664
2023-08-27,37.743065,-122.169935,11.5,0.033,55.0,Oakland,17.7666665,79.59322091666667,10.76729675,1017.0291666666667,0.0,26.083333333333332
2023-08-28,37.743065,-122.169935,11.2,0.031,55.0,Oakland,18.385416208333332,78.89158666666667,8.986228925,1015.7666666666668,0.0,8.666666666666666
2023-08-29,37.743065,-122.169935,10.7,0.032,54.0,Oakland,18.581249791666668,74.23387041666668,10.531868166666667,1015.475,0.0,8.125
2023-08-30,37.743065,-122.169935,23.2,0.05,77.0,Oakland,21.281249541666664,66.480039375,7.090279612500001,1012.6833333333334,0.0,0.0
2023-08-31,37.743065,-122.169935,14.8,0.029,62.0,Oakland,19.80416620833333,72.54902212500001,9.136479541666667,1008.4166666666666,0.0,8.916666666666666
2023-09-01,37.743065,-122.169935,2.2,0.026,12.0,Oakland,17.497915916666667,84.16423075,19.284089208333334,1009.0083333333333,0.12916666666666668,92.375
2023-09-02,37.743065,-122.169935,1.9,0.027,11.0,Oakland,18.27291645833333,78.49812704166666,9.743819116666666,1013.4833333333332,0.020833333333333332,60.083333333333336
2023-09-03,37.743065,-122.169935,2.5,0.025,14.0,Oakland,18.247916291666666,80.91355958333334,10.6069946375,1016.8249999999999,0.0,59.25
2023-09-04,37.743065,-122.169935,3.1,0.025,17.0,Oakland,17.231249833333333,85.36264016666667,11.288201979166667,1016.525,0.0,70.375
2023-09-05,37.743065,-122.169935,6.8,0.027,38.0,Oakland,17.620833208333334,80.79768625,8.812366740833333,1012.6750000000001,0.0,31.541666666666668
2023-09-06,37.743065,-122.169935,6.2,0.03,34.0,Oakland,17.643749791666668,78.276248,9.3932872625,1013.3708333333334,0.0,7.5
2023-09-07,37.743065,-122.169935,4.3,0.027,24.0,Oakland,17.522916374999998,79.929394625,10.437068433333334,1014.6625,0.0,41.041666666666664
2023-09-08,37.743065,-122.169935,4.6,0.025,26.0,Oakland,17.9729165,78.324322625,6.91412387,1015.6916666666666,0.0,32.0
2023-09-09,37.743065,-122.169935,6.4,0.028,36.0,Oakland,17.810416458333332,78.181527125,7.627990933333333,1017.5875,0.0,10.625
2023-09-10,37.743065,-122.169935,5.7,0.03,32.0,Oakland,17.02708325,81.01800045833333,8.093030629166668,1017.1541666666667,0.0,35.5
2023-09-11,37.743065,-122.169935,4.2,0.029,23.0,Oakland,17.491666625,75.19217820833333,8.882098470833334,1015.4875000000001,0.0,0.375
2023-09-12,37.743065,-122.169935,6.2,0.027,34.0,Oakland,17.506249999999998,80.03141358333333,12.576989895833334,1014.7791666666667,0.0,66.5
2023-09-13,37.743065,-122.169935,5.3,0.025,29.0,Oakland,17.30624975,82.61873904166667,7.8798500375,1013.525,0.0,19.791666666666668
2023-09-14,37.743065,-122.169935,4.9,0.023,27.0,Oakland,17.524999625,82.948261625,8.068987354166667,1013.2083333333334,0.0,36.791666666666664
2023-09-15,37.743065,-122.169935,7.0,0.03,39.0,Oakland,17.618749833333332,84.103904125,10.156391133333333,1014.0708333333333,0.0,57.291666666666664
2023-09-16,37.743065,-122.169935,5.8,0.031,32.0,Oakland,17.797916291666667,80.89100175,13.241560541666667,1014.6458333333334,0.0,69.79166666666667
2023-09-17,37.743065,-122.169935,4.9,0.034,27.0,Oakland,18.004166125,78.87414125,14.632736125000001,1015.4499999999999,0.0,73.66666666666667
2023-09-18,37.743065,-122.169935,5.0,0.033,28.0,Oakland,18.41666629166667,77.72853683333334,12.983646791666667,1015.85,0.0,65.08333333333333
2023-09-19,37.743065,-122.169935,27.9,0.034,86.0,Oakland,16.97083329166667,83.29562608333333,12.166494487500001,1015.225,0.0,65.95833333333333
2023-09-20,37.743065,-122.169935,42.7,0.033,119.0,Oakland,16.587499791666666,82.6844685,8.277776545833333,1011.6166666666667,0.0,26.375
2023-09-21,37.743065,-122.169935,30.8,0.034,91.0,Oakland,16.281249916666667,75.739011,11.582589416666666,1010.9499999999999,0.0,6.541666666666667
2023-09-22,37.743065,-122.169935,31.4,0.04,93.0,Oakland,16.752083,78.022026125,8.528289108333334,1014.5333333333333,0.0,32.208333333333336
2023-09-23,37.743065,-122.169935,20.7,0.038,73.0,Oakland,15.7791665,81.30458066666667,8.624925683333332,1016.3416666666667,0.0,37.416666666666664
2023-09-24,37.743065,-122.169935,4.7,0.029,26.0,Oakland,15.804166416666666,79.61426741666666,9.613460458333334,1016.6541666666667,0.0,46.125
2023-09-25,37.743065,-122.169935,1.7,0.03,9.0,Oakland,16.797916666666666,77.48539075000001,9.7825660625,1017.375,0.0,66.91666666666667
2023-09-26,37.743065,-122.169935,3.6,0.029,20.0,Oakland,19.266666083333334,69.96805704166667,9.224461933333332,1019.4625,0.03333333333333333,48.666666666666664
2023-09-27,37.743065,-122.169935,4.5,0.026,25.0,Oakland,17.552083291666666,79.06190883333333,10.409730570833334,1018.5958333333333,0.0,4.041666666666667
2023-09-28,37.743065,-122.169935,8.2,0.026,46.0,Oakland,17.231249833333333,80.967723625,11.463318379166667,1014.6583333333333,0.0,39.875
2023-09-29,37.743065,-122.169935,3.2,0.025,18.0,Oakland,17.05416645833333,80.93487895833333,12.3944607375,1011.3833333333333,0.020833333333333332,28.333333333333332
2023-09-30,37.743065,-122.169935,6.5,0.024,36.0,Oakland,16.106249625,82.69188883333334,16.045225791666667,1009.1958333333333,0.07916666666666668,86.375
2023-10-01,37.743065,-122.169935,8.9,0.028,49.0,Oakland,15.67083325,81.060046125,7.397755149999999,1010.6999999999999,0.0,27.375
2023-10-02,37.743065,-122.169935,8.0,0.025,44.0,Oakland,16.34999983333333,77.35583645833333,7.088865291666667,1015.3583333333332,0.0,24.916666666666668
2023-10-03,37.743065,-122.169935,9.0,0.025,50.0,Oakland,16.708333208333332,73.86200170833332,6.246026333333333,1016.5208333333334,0.0,13.125
2023-10-04,37.743065,-122.169935,6.0,0.042,33.0,Oakland,20.48333308333333,60.26192591666666,5.3181363416666665,1014.0124999999999,0.0,0.25
2023-10-05,37.743065,-122.169935,6.9,0.045,38.0,Oakland,23.989582708333334,49.425656374999996,4.174101279166667,1015.025,0.0,0.0
2023-10-06,37.743065,-122.169935,6.8,0.044,38.0,Oakland,24.937499541666668,47.588031625000006,5.3154625125,1014.7583333333333,0.0,0.0
2023-10-07,37.743065,-122.169935,6.9,0.044,38.0,Oakland,24.116666041666665,48.751925916666664,7.253718170833333,1012.0916666666667,0.0,0.0
2023-10-08,37.743065,-122.169935,5.4,0.03,30.0,Oakland,19.954165666666665,71.37587204166667,7.336858725,1011.75,0.0,0.041666666666666664
2023-10-09,37.743065,-122.169935,2.9,0.027,16.0,Oakland,16.493749875,79.71278916666667,11.813900266666666,1012.0083333333333,0.05833333333333333,67.45833333333333
2023-10-10,37.743065,-122.169935,3.2,0.029,18.0,Oakland,17.899999541666666,81.71623325,10.609707404166667,1010.5041666666666,0.125,78.125
2023-10-11,37.743065,-122.169935,7.3,0.028,41.0,Oakland,16.612499875,73.47031137500001,15.892627854166667,1010.9625,0.012500000000000002,21.041666666666668
2023-10-12,37.743065,-122.169935,5.1,0.026,28.0,Oakland,16.135416791666668,70.57051670833333,7.287423857083333,1010.8583333333332,0.0,28.541666666666668
2023-10-13,37.743065,-122.169935,6.4,0.024,36.0,Oakland,16.154166541666665,70.58380708333333,7.954964604166666,1011.1625,0.0,76.58333333333333
2023-10-14,37.743065,-122.169935,4.9,0.027,27.0,Oakland,16.904166749999998,75.940416,6.99058815,1016.2166666666667,0.0,79.95833333333333
2023-10-15,37.743065,-122.169935,7.0,0.031,39.0,Oakland,17.587499791666666,85.61488108333333,6.983107883333333,1019.2416666666667,0.0,51.541666666666664
2023-10-16,37.743065,-122.169935,2.5,0.023,14.0,Oakland,17.135416458333335,82.03851033333333,8.959870966666665,1019.1750000000001,0.0,84.58333333333333
2023-10-17,37.743065,-122.169935,4.0,0.017,22.0,Oakland,18.472916166666668,86.58579875,8.387985266666666,1017.4125,0.0,50.708333333333336
2023-10-18,37.743065,-122.169935,7.0,0.027,39.0,Oakland,19.127083250000002,76.18737254166666,5.137452954166666,1014.0875,0.0,3.4166666666666665
2023-10-19,37.743065,-122.169935,12.0,0.045,56.0,Oakland,22.537499541666666,60.36428729166667,4.0114176625,1013.5708333333333,0.0,0.125
2023-10-20,37.743065,-122.169935,7.8,0.032,43.0,Oakland,18.572916458333335,76.15495795833333,10.642923745833334,1013.9333333333334,0.0,51.583333333333336
2023-10-21,37.743065,-122.169935,4.7,0.031,26.0,Oakland,16.083333208333332,81.41241112499999,11.005130879166666,1013.3833333333333,0.0,43.916666666666664
2023-10-22,37.743065,-122.169935,2.8,0.023,16.0,Oakland,16.877083250000002,78.85981954166667,12.593563508333332,1010.9375,0.19999999999999998,77.125
2023-10-23,37.743065,-122.169935,5.1,0.018,28.0,Oakland,16.9041665,87.664553625,10.992319312500001,1010.0375,0.12083333333333333,51.375
2023-10-24,37.743065,-122.169935,10.0,0.026,53.0,Oakland,15.566666416666665,89.92442462500001,6.251347129166667,1011.1458333333334,0.0,71.79166666666667
2023-10-25,37.743065,-122.169935,4.4,0.032,24.0,Oakland,14.804166416666666,83.3486865,14.9263245,1014.0416666666666,0.0,48.416666666666664
2023-10-26,37.743065,-122.169935,3.9,0.03,22.0,Oakland,13.652083374999998,73.75591479166667,9.569666612499999,1018.6583333333333,0.0,26.5
2023-10-27,37.743065,-122.169935,4.5,0.024,25.0,Oakland,11.683333475,77.43198741666667,8.8419264875,1019.3708333333334,0.0,43.916666666666664
2023-10-28,37.743065,-122.169935,8.4,0.028,47.0,Oakland,12.860416749999999,72.84984874999999,8.091262620833334,1019.8916666666668,0.0,17.666666666666668
2023-10-29,37.743065,-122.169935,4.5,0.035,25.0,Oakland,13.972916708333335,36.21080120833333,10.039205216666668,1020.2666666666668,0.0,0.0
2023-10-30,37.743065,-122.169935,7.0,0.031,39.0,Oakland,13.3895833,42.97767629166666,4.4347733625000005,1021.25,0.0,38.666666666666664
2023-10-31,37.743065,-122.169935,9.5,0.045,52.0,Oakland,13.752083291666667,51.44872791666666,4.6432796666666665,1020.125,0.0,50.208333333333336
2023-11-01,37.743065,-122.169935,13.6,0.029,59.0,Oakland,14.35416645,54.588874833333335,4.3233297833333335,1018.8333333333334,0.0,20.666666666666668
2023-11-02,37.743065,-122.169935,17.5,0.036,67.0,Oakland,15.804166583333334,51.1252125,5.076635470833334,1018.7041666666668,0.0,58.208333333333336
2023-11-03,37.743065,-122.169935,12.2,0.037,57.0,Oakland,16.595833083333332,54.50184033333333,6.064398283333333,1019.475,0.0,33.5
2023-11-04,37.743065,-122.169935,6.5,0.021,36.0,Oakland,16.68958329166667,84.19360475,6.071933133333334,1018.6875,0.0,83.45833333333333
2023-11-05,37.743065,-122.169935,3.0,0.027,17.0,Oakland,15.481250000000001,89.83938091666666,7.112719741666667,1017.5083333333333,0.0,87.66666666666667
2023-11-06,37.743065,-122.169935,2.4,0.035,13.0,Oakland,16.82708308333333,89.46025175,12.353397208333334,1014.0124999999999,0.3541666666666667,79.83333333333333
2023-11-07,37.743065,-122.169935,4.0,0.032,22.0,Oakland,14.202083208333333,83.273653625,9.428156495833333,1017.7958333333332,0.04583333333333334,21.625
2023-11-08,37.743065,-122.169935,4.9,0.03,27.0,Oakland,13.22916675,66.82628825,6.83076269875,1022.6083333333332,0.0,1.2916666666666667
2023-11-09,37.743065,-122.169935,7.0,0.019,39.0,Oakland,12.570833350000001,65.26148470833333,5.451804232083333,1022.875,0.0,32.833333333333336
2023-11-10,37.743065,-122.169935,9.5,0.021,52.0,Oakland,12.287500166666668,80.78803412500001,5.876503108333334,1020.9083333333333,0.004166666666666667,68.875
2023-11-11,37.743065,-122.169935,10.9,0.029,54.0,Oakland,13.108333125,61.00111175,4.450559986666667,1020.7333333333332,0.0,39.416666666666664
2023-11-12,37.743065,-122.169935,10.5,0.035,54.0,Oakland,13.208333095833332,67.73727204166666,5.8316934625,1017.4499999999999,0.0,51.25
2023-11-13,37.743065,-122.169935,5.3,0.03,29.0,Oakland,14.216666583333334,85.67368599999999,5.5330029,1015.1083333333332,0.0,73.5
2023-11-14,37.743065,-122.169935,5.4,0.033,30.0,Oakland,14.939583375,72.30633970833334,9.564078358333333,1014.0708333333333,0.05833333333333333,50.041666666666664
2023-11-15,37.743065,-122.169935,8.0,0.03,44.0,Oakland,14.239583041666668,70.26227633333333,6.8653909041666665,1010.6625,0.0,94.91666666666667
2023-11-16,37.743065,-122.169935,8.9,0.031,49.0,Oakland,14.833333375,81.15072304166667,7.0939341875,1012.5875,0.3833333333333333,66.875
2023-11-17,37.743065,-122.169935,5.2,0.027,29.0,Oakland,14.437499875,88.09449554166667,7.404452354166666,1013.9625,0.5791666666666666,83.91666666666667
2023-11-18,37.743065,-122.169935,3.5,0.034,19.0,Oakland,15.387499916666668,85.86535920833335,17.435031375,1011.3666666666667,1.2208333333333334,92.66666666666667
2023-11-19,37.743065,-122.169935,5.7,0.03,32.0,Oakland,13.108333666666667,76.9741245,15.1069268125,1023.6083333333332,0.2708333333333333,31.166666666666668
2023-11-20,37.743065,-122.169935,3.1,0.032,17.0,Oakland,11.879166670833333,51.568379916666665,9.698599316666668,1024.2791666666667,0.0,10.875
2023-11-21,37.743065,-122.169935,9.0,0.02,50.0,Oakland,10.806249916666667,67.85737583333334,7.351990408333333,1025.3958333333333,0.0,60.625
2023-11-22,37.743065,-122.169935,10.0,0.015,53.0,Oakland,10.904166695833332,78.25572766666666,5.510714079166667,1024.5166666666667,0.0,92.25
2023-11-23,37.743065,-122.169935,10.3,0.023,53.0,Oakland,14.318749958333333,63.07851908333333,4.128320370833333,1015.0749999999999,0.0,42.0
2023-11-24,37.743065,-122.169935,7.3,0.031,41.0,Oakland,11.054166820833332,52.84314441666667,8.1482766375,1013.4499999999999,0.0,0.25
2023-11-25,37.743065,-122.169935,5.2,0.029,29.0,Oakland,8.777083545833333,53.951404125,9.2271693875,1018.0458333333332,0.0,0.0
2023-11-26,37.743065,-122.169935,6.7,0.028,37.0,Oakland,9.1083334875,57.62801645833333,8.470733370833333,1020.0083333333333,0.0,63.0
2023-11-27,37.743065,-122.169935,10.7,0.031,54.0,Oakland,8.689583375,65.55238579166667,6.7482822166666665,1019.3791666666666,0.0,39.458333333333336
2023-11-28,37.743065,-122.169935,10.7,0.031,54.0,Oakland,8.689583375,65.55238579166667,6.7482822166666665,1019.3791666666666,0.0,39.458333333333336
2023-11-29,37.743065,-122.169935,10.7,0.031,54.0,Oakland,8.689583375,65.55238579166667,6.7482822166666665,1019.3791666666666,0.0,39.458333333333336
2023-11-30,37.743065,-122.169935,6.2,0.029,34.0,Oakland,11.645833541666667,76.07315583333333,8.3699317,1015.6833333333334,0.0,34.625
2023-12-01,37.743065,-122.169935,4.7,0.033,26.0,Oakland,10.964583458333331,78.023171875,12.617142091666667,1019.3666666666667,0.0,56.0
2023-12-02,37.743065,-122.169935,3.9,0.028,22.0,Oakland,12.04375025,85.96435741666666,9.100238683333332,1023.65,0.13333333333333333,96.5
2023-12-03,37.743065,-122.169935,5.2,0.03,29.0,Oakland,12.427083666666666,92.78073008333332,5.7469933541666665,1025.7208333333333,0.07916666666666668,97.91666666666667
2023-12-04,37.743065,-122.169935,6.7,0.012,37.0,Oakland,13.175000208333332,93.928991,4.336324204166666,1024.95,0.0,82.66666666666667
2023-12-05,37.743065,-122.169935,10.6,0.011,54.0,Oakland,13.21666675,88.36331645833333,3.3570438166666663,1022.9625,0.0,64.375
2023-12-06,37.743065,-122.169935,6.2,0.028,34.0,Oakland,12.275000458333333,88.88545595833334,8.300358878333332,1018.4083333333333,0.18333333333333335,80.29166666666667
2023-12-07,37.743065,-122.169935,4.6,0.03,26.0,Oakland,11.743750166666667,88.64293033333333,12.792155125,1021.9083333333333,0.275,48.208333333333336
2023-12-08,37.743065,-122.169935,4.0,0.021,22.0,Oakland,8.595833449999999,82.27348516666667,7.4462653125,1024.2708333333333,0.012500000000000002,30.125
2023-12-09,37.743065,-122.169935,5.0,0.03,28.0,Oakland,7.335416708333334,65.53950225,6.678257033333334,1025.9208333333333,0.0,29.5
2023-12-10,37.743065,-122.169935,10.6,0.023,54.0,Oakland,7.333333433333333,74.006083,5.4661339875,1026.7041666666667,0.0,95.25
2023-12-11,37.743065,-122.169935,8.8,0.014,49.0,Oakland,8.112500141666667,79.20875604166666,3.6815472125,1020.65,0.0,39.208333333333336
2023-12-12,37.743065,-122.169935,8.5,0.012,47.0,Oakland,11.556250125,90.16096729166667,5.394466741666666,1016.0458333333332,0.0,55.875
2023-12-13,37.743065,-122.169935,6.0,0.015,33.0,Oakland,10.047916791666667,85.78514187500001,4.951225333333333,1017.3166666666666,0.0,13.25
2023-12-14,37.743065,-122.169935,16.3,0.027,64.0,Oakland,9.568750037500001,78.01354745833333,5.2743139333333335,1020.1958333333333,0.0,99.20833333333333
2023-12-15,37.743065,-122.169935,12.3,0.025,57.0,Oakland,9.687499925,73.81474899999999,8.224496808333333,1021.4541666666668,0.0,100.0
2023-12-16,37.743065,-122.169935,18.5,0.024,69.0,Oakland,10.200000099999999,71.073797625,7.825091808333333,1019.0666666666666,0.0,58.958333333333336
2023-12-17,37.743065,-122.169935,16.5,0.026,65.0,Oakland,10.183333475,75.48611162499999,7.458006170833333,1017.8708333333334,0.3416666666666666,76.625
2023-12-18,37.743065,-122.169935,2.5,0.025,14.0,Oakland,12.385416791666666,83.41598583333334,15.3824805125,1012.4041666666667,1.2666666666666668,88.20833333333333
2023-12-19,37.743065,-122.169935,1.6,0.035,9.0,Oakland,14.835416833333333,91.33485895833333,15.822316308333333,1008.5375,0.6541666666666667,90.625
2023-12-20,37.743065,-122.169935,1.4,0.031,8.0,Oakland,13.668750166666667,88.07522595833332,13.037278845833335,1006.8625000000001,1.2166666666666666,98.25
2023-12-21,37.743065,-122.169935,5.0,0.02,28.0,Oakland,13.814583375,84.26964579166666,12.935437883333334,1013.3541666666666,0.05416666666666667,79.29166666666667
2023-12-22,37.743065,-122.169935,6.2,0.012,34.0,Oakland,11.795833666666667,90.64608062500001,3.5971451625,1015.7208333333333,0.0,39.625
2023-12-23,37.743065,-122.169935,3.9,0.023,22.0,Oakland,10.670833445833333,83.49451416666666,5.2252611875,1017.1416666666668,0.0,19.666666666666668
2023-12-24,37.743065,-122.169935,12.2,0.012,57.0,Oakland,8.885416966666666,75.75034604166667,4.359531857083334,1021.7666666666668,0.0,51.75
2023-12-25,37.743065,-122.169935,12.2,0.017,57.0,Oakland,8.664583437500001,84.41594295833333,4.962003720833333,1023.7708333333334,0.0,90.41666666666667
2023-12-26,37.743065,-122.169935,13.1,0.014,58.0,Oakland,9.306250154166667,88.991144625,5.126326754166667,1022.1291666666666,0.0,94.625
2023-12-27,37.743065,-122.169935,5.1,0.03,28.0,Oakland,11.339583499999998,85.54662116666667,13.657785441666666,1018.75,0.016666666666666666,99.95833333333333
2023-12-28,37.743065,-122.169935,3.1,0.021,17.0,Oakland,14.310416875,85.93058129166667,9.875697270833333,1020.3916666666668,0.08750000000000001,87.41666666666667
2023-12-29,37.743065,-122.169935,3.1,0.034,17.0,Oakland,15.547916749999999,85.34572245833334,13.373255983333332,1016.7208333333333,0.08333333333333333,99.29166666666667
2023-12-30,37.743065,-122.169935,2.5,0.031,14.0,Oakland,12.397916958333333,88.927505625,8.269446054166666,1016.9208333333332,0.875,76.25
2023-12-31,37.743065,-122.169935,2.5,0.031,14.0,Oakland,12.397916958333333,88.927505625,8.269446054166666,1016.9208333333332,0.875,76.25
2024-01-01,37.743065,-122.169935,6.6,0.024,37.0,Oakland,10.550000333333333,90.84021125,5.606890150000001,1020.6291666666666,0.004166666666666667,72.29166666666667
2024-01-02,37.743065,-122.169935,4.0,0.033,22.0,Oakland,10.945833458333333,83.56091166666667,7.604513337499999,1022.1583333333333,0.0,65.83333333333333
2024-01-03,37.743065,-122.169935,3.0,0.03,17.0,Oakland,10.572916791666666,84.50916070833334,13.659576479166667,1019.4,0.5708333333333333,75.20833333333333
2024-01-04,37.743065,-122.169935,4.3,0.022,24.0,Oakland,9.291666808333334,82.96839391666667,7.384815454166667,1024.9791666666667,0.0,44.125
2024-01-05,37.743065,-122.169935,5.1,0.021,28.0,Oakland,11.395833541666667,88.17439225,5.9847690375,1025.6499999999999,0.008333333333333333,60.708333333333336
2024-01-06,37.743065,-122.169935,3.4,0.031,19.0,Oakland,9.389583454166667,73.49168875,8.902794445833333,1022.4125,0.22916666666666666,73.54166666666667
2024-01-07,37.743065,-122.169935,5.2,0.027,29.0,Oakland,6.954166816666667,74.08180833333334,10.893634495833332,1019.0708333333333,0.0,13.041666666666666
2024-01-08,37.743065,-122.169935,5.0,0.02,28.0,Oakland,6.7562500666666665,74.66912979166666,5.832529216666667,1024.4666666666667,0.0,37.916666666666664
2024-01-09,37.743065,-122.169935,4.5,0.028,25.0,Oakland,9.708333583333333,84.11337995833334,8.642884941666667,1027.1125,0.16666666666666666,89.54166666666667
2024-01-10,37.743065,-122.169935,3.9,0.035,22.0,Oakland,8.877083433333334,79.22272208333334,15.123600474999998,1021.0166666666668,0.2625,59.708333333333336
2024-01-11,37.743065,-122.169935,4.5,0.026,25.0,Oakland,8.014583454166667,71.81131408333333,16.09573539166667,1018.1625,0.10416666666666667,24.25
2024-01-12,37.743065,-122.169935,4.6,0.026,26.0,Oakland,7.489583433333333,71.91498995833334,5.212726745833334,1024.5291666666667,0.0,82.45833333333333
2024-01-13,37.743065,-122.169935,3.4,0.027,19.0,Oakland,8.972916775,84.08121908333332,8.745243470833334,1022.2833333333333,0.12916666666666668,96.83333333333333
2024-01-14,37.743065,-122.169935,2.8,0.03,16.0,Oakland,12.272916916666667,91.78922233333333,10.769720025,1018.4,0.7625000000000001,99.5
2024-01-15,37.743065,-122.169935,2.7,0.023,15.0,Oakland,9.829166899999999,87.90245745833333,6.607144154166666,1020.4541666666668,0.0,94.5
2024-01-16,37.743065,-122.169935,6.9,0.026,38.0,Oakland,9.320833679166666,89.60942783333333,4.889387420833334,1019.7166666666667,0.22916666666666666,76.29166666666667
2024-01-17,37.743065,-122.169935,3.4,0.027,19.0,Oakland,12.083333541666667,90.8741195,6.626561754166667,1017.3541666666666,0.48750000000000004,94.91666666666667
2024-01-18,37.743065,-122.169935,4.8,0.015,27.0,Oakland,10.5666667625,84.67782366666667,4.929983558333333,1018.9208333333332,0.0,93.58333333333333
2024-01-19,37.743065,-122.169935,9.2,0.02,51.0,Oakland,10.810416708333333,84.32727308333334,8.192895191666667,1015.2708333333334,0.004166666666666667,99.0
2024-01-20,37.743065,-122.169935,2.6,0.031,14.0,Oakland,13.027083666666668,89.13207758333334,16.087020166666665,1009.1458333333334,0.4875,95.5
2024-01-21,37.743065,-122.169935,1.6,0.033,9.0,Oakland,13.120833458333331,84.64944458333333,16.553815750000002,1008.6666666666666,0.19166666666666665,99.75
2024-01-22,37.743065,-122.169935,1.7,0.031,9.0,Oakland,13.516666958333333,91.20774866666666,12.720370308333335,1006.2916666666666,0.9416666666666668,92.25
2024-01-23,37.743065,-122.169935,3.2,0.031,18.0,Oakland,12.489583666666666,93.77737116666667,9.059042312499999,1014.0041666666666,0.07083333333333335,87.33333333333333
2024-01-24,37.743065,-122.169935,1.1,0.027,6.0,Oakland,12.252083708333332,91.35516383333334,11.118851379166665,1018.5500000000001,0.26666666666666666,99.875
2024-01-25,37.743065,-122.169935,7.2,0.03,40.0,Oakland,12.416666833333332,90.84396625,8.24872185,1021.0916666666667,0.08333333333333333,63.666666666666664
2024-01-26,37.743065,-122.169935,5.9,0.018,33.0,Oakland,11.456249958333332,86.82503291666666,5.167211291666667,1024.7541666666666,0.0,84.25
2024-01-27,37.743065,-122.169935,5.5,0.021,31.0,Oakland,13.114583416666667,84.18233566666667,7.0944640375,1025.5416666666667,0.0,99.91666666666667
2024-01-28,37.743065,-122.169935,7.4,0.022,41.0,Oakland,14.160416541666665,78.42245404166667,8.239783625,1022.3125,0.0,73.66666666666667
2024-01-29,37.743065,-122.169935,9.2,0.024,51.0,Oakland,14.441666666666665,83.81149549999999,5.32356535,1019.6708333333332,0.0,23.916666666666668
2024-01-30,37.743065,-122.169935,7.3,0.031,41.0,Oakland,14.291666541666666,84.003205875,5.6699984458333335,1017.8791666666666,0.0,77.16666666666667
2024-01-31,37.743065,-122.169935,2.5,0.034,14.0,Oakland,13.96875,74.50666020833333,17.19217108333333,1010.8166666666666,0.041666666666666664,99.79166666666667
2024-02-01,37.743065,-122.169935,2.8,0.034,16.0,Oakland,12.293750125,87.333165125,13.140752587500002,1003.9041666666667,1.4166666666666667,79.75
2024-02-02,37.743065,-122.169935,2.2,0.038,12.0,Oakland,10.035416833333333,88.15475045833334,9.414823795833334,1010.2416666666667,0.225,72.0
2024-02-03,37.743065,-122.169935,1.9,0.037,11.0,Oakland,9.456250166666667,78.33839216666667,8.492567533333334,1015.9958333333334,0.0375,87.54166666666667
2024-02-04,37.743065,-122.169935,0.5,0.036,3.0,Oakland,11.533333375,80.993193875,25.19212322916667,1004.0833333333334,1.2,97.375
2024-02-05,37.743065,-122.169935,3.8,0.034,21.0,Oakland,11.7708335,83.96743420833333,23.90790770833333,1004.2125,0.775,77.29166666666667
2024-02-06,37.743065,-122.169935,4.6,0.028,26.0,Oakland,9.041666820833333,88.78526704166667,4.7032317875,1007.1791666666667,0.07083333333333335,74.41666666666667
2024-02-07,37.743065,-122.169935,3.9,0.036,22.0,Oakland,9.045833533333333,84.06461866666668,12.361770554166666,1007.7708333333334,0.4291666666666667,42.666666666666664
2024-02-08,37.743065,-122.169935,4.0,0.029,22.0,Oakland,7.545833533333333,75.77017066666667,11.062739404166665,1013.1583333333333,0.004166666666666667,27.75
2024-02-09,37.743065,-122.169935,8.3,0.027,46.0,Oakland,6.697916720833334,86.93880020833335,5.962362850000001,1019.9916666666667,0.004166666666666667,56.166666666666664
2024-02-10,37.743065,-122.169935,5.6,0.029,31.0,Oakland,9.145833516666666,73.18531475,7.013147483333333,1020.1875,0.0,25.5
2024-02-11,37.743065,-122.169935,7.8,0.025,43.0,Oakland,10.427083433333333,89.19408616666668,6.921190183333334,1022.6583333333333,0.0,52.833333333333336
2024-02-12,37.743065,-122.169935,10.6,0.02,54.0,Oakland,9.464583541666666,81.68717625000001,4.869429025,1022.2416666666667,0.0,55.333333333333336
2024-02-13,37.743065,-122.169935,6.5,0.034,36.0,Oakland,9.979166845833333,87.440063875,6.1587277333333335,1018.1541666666667,0.0,70.125
2024-02-14,37.743065,-122.169935,4.7,0.029,26.0,Oakland,10.827083583333334,87.13333041666668,9.939531758333333,1018.0625,0.09166666666666667,89.58333333333333
2024-02-15,37.743065,-122.169935,4.8,0.036,27.0,Oakland,11.87291675,85.83326195833332,9.821193245833333,1021.2916666666666,0.37083333333333335,83.875
2024-02-16,37.743065,-122.169935,8.4,0.018,47.0,Oakland,11.362500041666665,86.59934954166665,5.571468854166667,1021.4250000000001,0.0,95.91666666666667
2024-02-17,37.743065,-122.169935,5.3,0.025,29.0,Oakland,12.4708335,83.45212566666667,11.042800191666666,1016.375,0.2625,97.91666666666667
2024-02-18,37.743065,-122.169935,2.8,0.037,16.0,Oakland,13.579166875,83.847311,16.8965990125,1013.0041666666666,0.6208333333333332,79.83333333333333
2024-02-19,37.743065,-122.169935,3.9,0.039,22.0,Oakland,13.466666791666666,88.78384170833334,20.470700583333333,1008.5749999999999,2.5458333333333334,88.08333333333333
2024-02-20,37.743065,-122.169935,4.6,0.032,26.0,Oakland,12.06875025,86.75795458333333,14.085937054166665,1016.225,0.45,85.29166666666667
2024-02-21,37.743065,-122.169935,3.9,0.035,22.0,Oakland,10.49375025,88.67841420833334,6.583722807083333,1019.6750000000001,0.07916666666666666,63.083333333333336
2024-02-22,37.743065,-122.169935,3.7,0.031,21.0,Oakland,10.714583466666667,87.285534,4.012788808333333,1024.3500000000001,0.004166666666666667,52.041666666666664
2024-02-23,37.743065,-122.169935,2.5,0.029,14.0,Oakland,11.372916666666667,77.317740625,8.794171008333334,1022.1291666666666,0.0,46.25
2024-02-24,37.743065,-122.169935,5.5,0.032,31.0,Oakland,12.474999833333333,74.73755525,6.978686208333333,1017.75,0.0,45.291666666666664
2024-02-25,37.743065,-122.169935,5.4,0.039,30.0,Oakland,13.745833499999998,74.05026658333334,5.2000401583333336,1017.2708333333334,0.0,21.958333333333332
2024-02-26,37.743065,-122.169935,3.3,0.035,18.0,Oakland,11.950000125,88.10897675,6.306562241666666,1017.375,0.004166666666666667,44.375
2024-02-27,37.743065,-122.169935,3.5,0.033,19.0,Oakland,10.291666991666666,76.556635375,9.197741862500001,1017.025,0.0,33.333333333333336
2024-02-28,37.743065,-122.169935,5.7,0.03,32.0,Oakland,10.6958334625,74.20584891666667,5.995664070833333,1018.4416666666666,0.0,16.416666666666668
2024-02-29,37.743065,-122.169935,3.0,0.038,17.0,Oakland,11.575000333333334,83.65713129166666,14.4707858625,1016.8083333333334,0.4041666666666666,76.20833333333333
2024-03-01,37.743065,-122.169935,2.3,0.039,13.0,Oakland,11.216666916666666,83.89030479166667,21.12128733333333,1015.1,1.0208333333333333,87.79166666666667
2024-03-02,37.743065,-122.169935,3.4,0.04,19.0,Oakland,9.335416875,80.31496216666666,26.412287791666667,1010.1666666666666,1.4375,87.41666666666667
2024-03-03,37.743065,-122.169935,3.1,0.039,17.0,Oakland,8.829166820833334,78.26848991666667,18.201387779166666,1014.1,0.4791666666666667,69.875
2024-03-04,37.743065,-122.169935,3.4,0.039,19.0,Oakland,9.122916808333333,82.73567416666667,9.437397995833333,1019.7624999999999,0.1875,81.625
2024-03-05,37.743065,-122.169935,3.7,0.028,21.0,Oakland,11.414583499999999,76.736200125,11.907770237500001,1018.5166666666668,0.016666666666666666,95.33333333333333
2024-03-06,37.743065,-122.169935,2.5,0.029,14.0,Oakland,11.662500166666666,86.02063712500001,6.7455214375,1013.3583333333332,0.4583333333333333,93.33333333333333
2024-03-07,37.743065,-122.169935,4.8,0.027,27.0,Oakland,11.022916833333333,89.52600391666665,5.666661729166666,1013.8125,0.075,61.166666666666664
2024-03-08,37.743065,-122.169935,5.7,0.032,32.0,Oakland,10.725000066666666,80.624919875,6.1606483333333335,1020.6416666666668,0.0,24.666666666666668
2024-03-09,37.743065,-122.169935,1.3,0.037,7.0,Oakland,11.210416833333333,83.09046175,8.829421366666667,1021.5124999999999,0.0,65.91666666666667
2024-03-10,37.743065,-122.169935,4.0,0.042,22.0,Oakland,11.966666791666666,82.46253108333333,8.533452483333333,1019.9875000000001,0.008333333333333333,100.0
2024-03-11,37.743065,-122.169935,4.2,0.039,23.0,Oakland,11.739583416666667,78.812466875,9.704446116666666,1018.0333333333333,0.075,77.41666666666667
2024-03-12,37.743065,-122.169935,6.3,0.034,35.0,Oakland,11.952083541666667,79.64062270833334,13.267780704166666,1020.4541666666668,0.24166666666666667,97.41666666666667
2024-03-13,37.743065,-122.169935,6.2,0.032,34.0,Oakland,11.204166841666668,78.33986941666667,11.231861641666667,1022.3458333333333,0.0,63.25
2024-03-14,37.743065,-122.169935,2.5,0.039,14.0,Oakland,13.46041675,45.96908825,20.293251145833334,1017.5666666666666,0.0,0.08333333333333333
2024-03-15,37.743065,-122.169935,2.5,0.039,14.0,Oakland,13.46041675,45.96908825,20.293251145833334,1017.5666666666666,0.0,0.08333333333333333
2024-03-16,37.743065,-122.169935,2.5,0.039,14.0,Oakland,13.46041675,45.96908825,20.293251145833334,1017.5666666666666,0.0,0.08333333333333333
2024-03-17,37.743065,-122.169935,2.5,0.039,14.0,Oakland,13.46041675,45.96908825,20.293251145833334,1017.5666666666666,0.0,0.08333333333333333
2024-03-18,37.743065,-122.169935,2.5,0.039,14.0,Oakland,13.46041675,45.96908825,20.293251145833334,1017.5666666666666,0.0,0.08333333333333333
2024-03-19,37.743065,-122.169935,2.5,0.039,14.0,Oakland,13.46041675,45.96908825,20.293251145833334,1017.5666666666666,0.0,0.08333333333333333
2024-03-20,37.743065,-122.169935,6.5,0.037,36.0,Oakland,12.322916916666665,85.47152466666667,7.8982049,1018.5625,0.0,26.75
2024-03-21,37.743065,-122.169935,3.6,0.038,20.0,Oakland,12.735416708333332,82.79877704166667,7.60705545,1019.7375000000001,0.0,71.95833333333333
2024-03-22,37.743065,-122.169935,3.0,0.037,17.0,Oakland,13.118749958333332,83.015613625,9.051112216666667,1017.9916666666667,0.041666666666666664,80.70833333333333
2024-03-23,37.743065,-122.169935,3.2,0.041,18.0,Oakland,11.404166875,83.80408958333334,14.672760975000001,1012.3958333333334,0.6458333333333334,73.54166666666667
2024-03-24,37.743065,-122.169935,3.6,0.04,20.0,Oakland,11.147916833333333,80.14044908333334,14.368272641666666,1010.5666666666666,0.375,71.33333333333333
2024-03-25,37.743065,-122.169935,5.3,0.042,29.0,Oakland,11.652083583333335,78.46268279166667,14.187310416666667,1014.8416666666667,0.004166666666666667,69.625
2024-03-26,37.743065,-122.169935,2.8,0.038,16.0,Oakland,11.862500249999998,80.49272458333333,13.560905795833333,1018.2208333333333,0.0,49.25
2024-03-27,37.743065,-122.169935,3.2,0.037,18.0,Oakland,11.250000208333333,83.19500208333334,11.452075875,1021.0041666666666,0.10416666666666667,81.75
2024-03-28,37.743065,-122.169935,6.3,0.043,35.0,Oakland,12.339583583333335,82.55605308333334,14.614257229166666,1018.65,0.37083333333333335,73.66666666666667
2024-03-29,37.743065,-122.169935,6.3,0.043,35.0,Oakland,12.339583583333335,82.55605308333334,14.614257229166666,1018.65,0.37083333333333335,73.66666666666667
2024-03-30,37.743065,-122.169935,3.8,0.038,21.0,Oakland,10.7708336375,79.6867855,14.0822532375,1002.5875,0.42083333333333334,62.708333333333336
2024-03-31,37.743065,-122.169935,7.9,0.036,44.0,Oakland,10.84583345,81.24211308333334,6.608867387499999,1007.3708333333334,0.029166666666666664,59.291666666666664
2024-04-01,37.743065,-122.169935,7.3,0.038,41.0,Oakland,11.775000058333333,81.32945666666667,5.674734229166667,1013.1791666666667,0.0,39.291666666666664
2024-04-02,37.743065,-122.169935,8.7,0.035,48.0,Oakland,14.110416708333332,70.73793658333334,5.992507862500001,1022.7416666666667,0.0,1.0416666666666667
2024-04-03,37.743065,-122.169935,5.1,0.045,28.0,Oakland,12.764583541666667,86.94238341666666,12.292328787499999,1023.8125,0.0,57.791666666666664
2024-04-04,37.743065,-122.169935,2.6,0.044,14.0,Oakland,9.779166875,72.74853633333333,19.50733645833333,1012.7791666666667,0.35000000000000003,79.16666666666667
2024-04-05,37.743065,-122.169935,5.2,0.038,29.0,Oakland,7.402083483333333,78.92621133333334,8.411120008333333,1010.0625,0.25,65.58333333333333
2024-04-06,37.743065,-122.169935,4.6,0.041,26.0,Oakland,9.5229167375,70.304699,10.7546943375,1022.4666666666667,0.008333333333333333,10.041666666666666
2024-04-07,37.743065,-122.169935,4.4,0.043,24.0,Oakland,10.268750266666666,72.80392195833333,9.666968200000001,1024.0791666666667,0.008333333333333333,36.416666666666664
2024-04-08,37.743065,-122.169935,7.2,0.035,40.0,Oakland,11.597916633333334,76.88798145833333,9.777169483333333,1019.6374999999999,0.004166666666666667,8.875
2024-04-09,37.743065,-122.169935,7.8,0.034,43.0,Oakland,13.462500125,79.57854679166667,6.9645729625,1020.375,0.0,3.7083333333333335
2024-04-10,37.743065,-122.169935,9.3,0.035,51.0,Oakland,14.866666583333332,81.53399229166666,5.502713815833334,1019.9250000000001,0.0,43.625
2024-04-11,37.743065,-122.169935,12.5,0.033,57.0,Oakland,16.045833249999998,81.19957512500001,5.520652541666667,1015.3416666666667,0.0,21.375
2024-04-12,37.743065,-122.169935,4.5,0.047,25.0,Oakland,12.731250083333334,80.75868529166667,12.3963173125,1008.8625000000001,0.0,32.5
2024-04-13,37.743065,-122.169935,2.7,0.057,15.0,Oakland,11.220833583333333,77.14125545833333,19.412426208333333,1010.8874999999999,0.65,79.70833333333333
2024-04-14,37.743065,-122.169935,1.1,0.047,6.0,Oakland,9.589583575,80.3401395,15.390262995833334,1016.25,0.1708333333333333,91.83333333333333
2024-04-15,37.743065,-122.169935,3.2,0.038,18.0,Oakland,11.762500041666668,84.03302125,7.247147804166667,1021.6791666666667,0.008333333333333333,81.25
2024-04-16,37.743065,-122.169935,7.0,0.034,39.0,Oakland,12.92708325,86.386212625,8.1245354875,1020.875,0.0,42.833333333333336
2024-04-17,37.743065,-122.169935,9.3,0.036,51.0,Oakland,16.052083333333332,77.5158575,6.207120669999999,1017.6583333333333,0.0,79.83333333333333
2024-04-18,37.743065,-122.169935,11.8,0.035,56.0,Oakland,15.506249875,88.551870875,6.136121870833333,1014.2291666666666,0.0,30.291666666666668
2024-04-19,37.743065,-122.169935,9.2,0.04,51.0,Oakland,13.177083333333334,86.48704854166668,7.7507821791666665,1014.5708333333333,0.0,47.458333333333336
2024-04-20,37.743065,-122.169935,7.3,0.044,41.0,Oakland,12.964583291666665,84.28703466666667,8.256857158333334,1016.8916666666668,0.0,26.875
2024-04-21,37.743065,-122.169935,9.3,0.036,51.0,Oakland,14.1416665,78.50907116666666,7.929690708333333,1018.1416666666668,0.0,20.666666666666668
2024-04-22,37.743065,-122.169935,12.2,0.041,57.0,Oakland,16.550000125,77.68755383333333,6.74991195,1011.225,0.0,21.083333333333332
2024-04-23,37.743065,-122.169935,5.9,0.043,33.0,Oakland,14.310416708333333,74.98625224999999,13.752446333333333,1012.6999999999999,0.0,53.5
2024-04-24,37.743065,-122.169935,4.8,0.041,27.0,Oakland,13.675000249999998,74.52429004166667,10.861897441666665,1017.5625,0.0,81.875
2024-04-25,37.743065,-122.169935,3.5,0.034,19.0,Oakland,13.218750083333333,81.21531716666667,15.441533458333334,1018.6666666666666,0.0,69.625
2024-04-26,37.743065,-122.169935,2.9,0.032,16.0,Oakland,13.762500375,82.33263195833334,23.732628666666667,1017.3249999999999,0.06666666666666667,62.791666666666664
2024-04-27,37.743065,-122.169935,4.7,0.035,26.0,Oakland,12.664583499999999,81.04379483333334,12.494227654166666,1017.5375,0.0,32.708333333333336
2024-04-28,37.743065,-122.169935,4.0,0.034,22.0,Oakland,13.904166625,79.37920483333333,11.849448933333333,1019.8958333333334,0.0,5.375
2024-04-29,37.743065,-122.169935,6.1,0.041,34.0,Oakland,13.900000041666667,72.69271204166667,12.818956979166666,1018.7208333333333,0.0,0.08333333333333333
2024-04-30,37.743065,-122.169935,7.6,0.037,42.0,Oakland,13.114583375,76.76017045833333,9.6099358625,1016.9875000000001,0.0,4.25
2024-05-01,37.743065,-122.169935,7.6,0.037,42.0,Oakland,13.114583375,76.76017045833333,9.6099358625,1016.9875000000001,0.0,4.25
2024-05-02,37.743065,-122.169935,7.6,0.037,42.0,Oakland,13.114583375,76.76017045833333,9.6099358625,1016.9875000000001,0.0,4.25
2024-05-03,37.743065,-122.169935,7.6,0.037,42.0,Oakland,13.114583375,76.76017045833333,9.6099358625,1016.9875000000001,0.0,4.25
2024-05-04,37.743065,-122.169935,7.6,0.037,42.0,Oakland,13.114583375,76.76017045833333,9.6099358625,1016.9875000000001,0.0,4.25
2024-05-05,37.743065,-122.169935,7.6,0.037,42.0,Oakland,13.114583375,76.76017045833333,9.6099358625,1016.9875000000001,0.0,4.25
2024-05-06,37.743065,-122.169935,7.6,0.037,42.0,Oakland,13.114583375,76.76017045833333,9.6099358625,1016.9875000000001,0.0,4.25
2024-05-07,37.743065,-122.169935,7.6,0.037,42.0,Oakland,13.114583375,76.76017045833333,9.6099358625,1016.9875000000001,0.0,4.25
2024-05-08,37.743065,-122.169935,7.6,0.037,42.0,Oakland,13.114583375,76.76017045833333,9.6099358625,1016.9875000000001,0.0,4.25
2024-05-09,37.743065,-122.169935,7.6,0.037,42.0,Oakland,13.114583375,76.76017045833333,9.6099358625,1016.9875000000001,0.0,4.25
2024-05-10,37.743065,-122.169935,7.6,0.037,42.0,Oakland,13.114583375,76.76017045833333,9.6099358625,1016.9875000000001,0.0,4.25
2024-05-11,37.743065,-122.169935,7.6,0.037,42.0,Oakland,13.114583375,76.76017045833333,9.6099358625,1016.9875000000001,0.0,4.25
2024-05-12,37.743065,-122.169935,7.6,0.037,42.0,Oakland,13.114583375,76.76017045833333,9.6099358625,1016.9875000000001,0.0,4.25
2024-05-13,37.743065,-122.169935,7.6,0.037,42.0,Oakland,13.114583375,76.76017045833333,9.6099358625,1016.9875000000001,0.0,4.25
2024-05-14,37.743065,-122.169935,7.6,0.037,42.0,Oakland,13.114583375,76.76017045833333,9.6099358625,1016.9875000000001,0.0,4.25
2024-05-15,37.743065,-122.169935,6.1,0.033,34.0,Oakland,14.310416583333334,84.30875487499999,9.296470395833333,1012.3083333333334,0.0,66.75
2024-05-16,37.743065,-122.169935,6.1,0.033,34.0,Oakland,14.310416583333334,84.30875487499999,9.296470395833333,1012.3083333333334,0.0,66.75
2024-05-17,37.743065,-122.169935,6.1,0.033,34.0,Oakland,14.310416583333334,84.30875487499999,9.296470395833333,1012.3083333333334,0.0,66.75
2024-05-18,37.743065,-122.169935,6.1,0.033,34.0,Oakland,14.310416583333334,84.30875487499999,9.296470395833333,1012.3083333333334,0.0,66.75
2024-05-19,37.743065,-122.169935,6.1,0.033,34.0,Oakland,14.310416583333334,84.30875487499999,9.296470395833333,1012.3083333333334,0.0,66.75
2024-05-20,37.743065,-122.169935,6.1,0.033,34.0,Oakland,14.310416583333334,84.30875487499999,9.296470395833333,1012.3083333333334,0.0,66.75
2024-05-21,37.743065,-122.169935,6.1,0.033,34.0,Oakland,14.310416583333334,84.30875487499999,9.296470395833333,1012.3083333333334,0.0,66.75
2024-05-22,37.743065,-122.169935,6.1,0.033,34.0,Oakland,14.310416583333334,84.30875487499999,9.296470395833333,1012.3083333333334,0.0,66.75
2024-05-23,37.743065,-122.169935,6.1,0.033,34.0,Oakland,14.310416583333334,84.30875487499999,9.296470395833333,1012.3083333333334,0.0,66.75
2024-05-24,37.743065,-122.169935,6.1,0.033,34.0,Oakland,14.310416583333334,84.30875487499999,9.296470395833333,1012.3083333333334,0.0,66.75
2024-05-25,37.743065,-122.169935,6.1,0.033,34.0,Oakland,14.310416583333334,84.30875487499999,9.296470395833333,1012.3083333333334,0.0,66.75
2024-05-26,37.743065,-122.169935,6.1,0.033,34.0,Oakland,14.310416583333334,84.30875487499999,9.296470395833333,1012.3083333333334,0.0,66.75
2024-05-27,37.743065,-122.169935,6.1,0.033,34.0,Oakland,14.310416583333334,84.30875487499999,9.296470395833333,1012.3083333333334,0.0,66.75
2024-05-28,37.743065,-122.169935,6.1,0.033,34.0,Oakland,14.310416583333334,84.30875487499999,9.296470395833333,1012.3083333333334,0.0,66.75
2024-05-29,37.743065,-122.169935,6.1,0.033,34.0,Oakland,14.310416583333334,84.30875487499999,9.296470395833333,1012.3083333333334,0.0,66.75
2024-05-30,37.743065,-122.169935,6.1,0.033,34.0,Oakland,14.310416583333334,84.30875487499999,9.296470395833333,1012.3083333333334,0.0,66.75
2024-05-31,37.743065,-122.169935,6.1,0.033,34.0,Oakland,14.310416583333334,84.30875487499999,9.296470395833333,1012.3083333333334,0.0,66.75
2024-06-01,37.743065,-122.169935,6.1,0.033,34.0,Oakland,14.310416583333334,84.30875487499999,9.296470395833333,1012.3083333333334,0.0,66.75
2024-06-02,37.743065,-122.169935,6.1,0.033,34.0,Oakland,14.310416583333334,84.30875487499999,9.296470395833333,1012.3083333333334,0.0,66.75
2024-06-03,37.743065,-122.169935,6.1,0.033,34.0,Oakland,14.310416583333334,84.30875487499999,9.296470395833333,1012.3083333333334,0.0,66.75
2024-06-04,37.743065,-122.169935,10.2,0.029,53.0,Oakland,17.479166583333335,74.38102958333333,10.885605145833333,1014.0583333333334,0.0,48.5
2024-06-05,37.743065,-122.169935,11.3,0.026,55.0,Oakland,20.733332875,62.399774416666666,8.794913645833333,1011.6999999999999,0.0,0.0
2024-06-06,37.743065,-122.169935,16.8,0.028,65.0,Oakland,18.199999666666667,68.0310845,8.052614466666666,1010.3874999999999,0.0,0.0
2024-06-07,37.743065,-122.169935,14.0,0.031,60.0,Oakland,16.402083208333334,73.82194670833333,9.325696466666667,1009.9166666666666,0.0,2.3333333333333335
2024-06-08,37.743065,-122.169935,7.3,0.031,41.0,Oakland,15.4,76.47075075,16.538200833333335,1011.9833333333332,0.0,81.04166666666667
2024-06-09,37.743065,-122.169935,9.1,0.032,51.0,Oakland,15.385416541666666,68.909312,17.167243,1013.1750000000001,0.0,39.041666666666664
2024-06-10,37.743065,-122.169935,6.5,0.025,36.0,Oakland,15.524999916666665,76.142353,14.013146004166666,1014.15,0.0,49.166666666666664
2024-06-11,37.743065,-122.169935,12.7,0.036,58.0,Oakland,17.895833125,71.85350645833334,7.5974556416666665,1012.3874999999999,0.0,5.958333333333333
2024-06-12,37.743065,-122.169935,15.2,0.034,62.0,Oakland,17.970832875,67.45489533333334,9.49339755,1011.0166666666668,0.0,0.08333333333333333
2024-06-13,37.743065,-122.169935,15.2,0.034,62.0,Oakland,17.970832875,67.45489533333334,9.49339755,1011.0166666666668,0.0,0.08333333333333333
2024-06-14,37.743065,-122.169935,11.6,0.034,56.0,Oakland,14.993749999999999,71.20597691666667,14.150963708333334,1016.6750000000001,0.0,13.333333333333334
2024-06-15,37.743065,-122.169935,8.8,0.034,49.0,Oakland,16.052083208333332,69.47398829166666,13.309056541666665,1016.3541666666666,0.0,9.958333333333334
2024-06-16,37.743065,-122.169935,8.2,0.031,46.0,Oakland,16.04166641666667,67.53865433333333,10.655421941666667,1012.8833333333333,0.0,2.625
2024-06-17,37.743065,-122.169935,5.1,0.035,28.0,Oakland,16.618749875,63.588780875,14.450919691666668,1011.7125,0.0,4.541666666666667
2024-06-18,37.743065,-122.169935,9.0,0.027,50.0,Oakland,18.649999666666666,61.06190808333333,9.414851975,1009.6541666666667,0.0,30.666666666666668
2024-06-19,37.743065,-122.169935,4.2,0.029,23.0,Oakland,14.839583374999998,72.04309741666667,13.247473329166667,1011.6958333333333,0.0,47.541666666666664
2024-06-20,37.743065,-122.169935,4.4,0.03,24.0,Oakland,14.199999875000001,79.39074691666667,13.613846358333333,1012.4,0.0,89.83333333333333
2024-06-21,37.743065,-122.169935,5.9,0.028,33.0,Oakland,14.522916583333332,80.13735275,13.052395833333334,1010.6041666666666,0.0,68.91666666666667
2024-06-22,37.743065,-122.169935,9.3,0.035,51.0,Oakland,17.466666375,74.58993475,7.090641954166666,1009.2916666666666,0.0,17.041666666666668
2024-06-23,37.743065,-122.169935,9.9,0.028,52.0,Oakland,18.122916166666666,67.69589995833333,9.0063148125,1011.1416666666668,0.0,2.0416666666666665
2024-06-24,37.743065,-122.169935,7.9,0.03,44.0,Oakland,17.306249666666666,70.531129,8.762177316666667,1012.475,0.0,3.2083333333333335
2024-06-25,37.743065,-122.169935,8.3,0.028,46.0,Oakland,17.927082958333333,65.71818279166666,9.699702795833334,1012.5875,0.004166666666666667,17.708333333333332
2024-06-26,37.743065,-122.169935,2.7,0.028,15.0,Oakland,15.191666791666668,79.40867241666668,12.742301920833334,1015.8583333333332,0.004166666666666667,61.666666666666664
2024-06-27,37.743065,-122.169935,6.7,0.026,37.0,Oakland,15.556249916666665,76.17099525,12.952763495833333,1014.7916666666666,0.0,16.333333333333332
2024-06-28,37.743065,-122.169935,8.4,0.026,47.0,Oakland,16.716666625,70.95298741666666,10.151816029166666,1010.0958333333333,0.0,1.7083333333333333
2024-06-29,37.743065,-122.169935,8.9,0.029,49.0,Oakland,17.768749666666668,71.297482,8.446293266666666,1010.5041666666666,0.0,0.375
2024-06-30,37.743065,-122.169935,7.7,0.018,43.0,Oakland,19.727082958333334,62.11967625,9.347847279166666,1013.8375,0.0,0.9166666666666666
2024-07-01,37.743065,-122.169935,7.3,0.019,41.0,Oakland,17.858333124999998,73.04043958333334,9.879403745833335,1013.8708333333334,0.0,0.7083333333333334
2024-07-02,37.743065,-122.169935,11.2,0.044,55.0,Oakland,22.179166041666665,60.83455291666667,7.0465381449999995,1009.9208333333332,0.0,0.041666666666666664
2024-07-03,37.743065,-122.169935,10.2,0.043,53.0,Oakland,26.02708275,38.83508366666667,7.309861411666667,1009.1666666666666,0.0,0.0
2024-07-04,37.743065,-122.169935,35.6,0.038,101.0,Oakland,22.349999458333333,57.066769083333334,10.724850236666667,1013.2666666666668,0.0,2.0416666666666665
2024-07-05,37.743065,-122.169935,14.4,0.032,61.0,Oakland,19.960416374999998,68.3425725,8.8425403375,1014.5875,0.0,33.75
2024-07-06,37.743065,-122.169935,8.8,0.034,49.0,Oakland,20.166666125,65.524044375,7.5457965583333335,1011.4499999999999,0.0,4.25
2024-07-07,37.743065,-122.169935,7.1,0.03,39.0,Oakland,19.962499875,69.789006125,8.809644375,1011.4416666666666,0.0,5.291666666666667
2024-07-08,37.743065,-122.169935,4.6,0.027,26.0,Oakland,18.235416333333333,73.07908404166666,9.589985620833334,1011.1416666666668,0.0,6.041666666666667
2024-07-09,37.743065,-122.169935,5.9,0.025,33.0,Oakland,18.249999625,75.55590579166666,10.648877575,1011.1,0.0,24.666666666666668
2024-07-10,37.743065,-122.169935,6.0,0.032,33.0,Oakland,18.872916208333333,78.16767745833333,8.625322058333333,1011.6791666666667,0.0,59.5
2024-07-11,37.743065,-122.169935,12.8,0.042,58.0,Oakland,21.868749875000002,66.53292654166667,8.319434141666667,1010.9125,0.0,7.5
2024-07-12,37.743065,-122.169935,14.7,0.025,61.0,Oakland,21.26041625,61.662339624999994,9.1115399,1010.4833333333332,0.0,4.583333333333333
2024-07-13,37.743065,-122.169935,6.6,0.025,37.0,Oakland,18.789582916666664,70.81622229166666,10.436237158333332,1011.5583333333334,0.0,40.333333333333336
2024-07-14,37.743065,-122.169935,4.4,0.03,24.0,Oakland,17.595833041666666,78.25125120833333,14.143138229166667,1016.0208333333334,0.0,57.833333333333336
2024-07-15,37.743065,-122.169935,4.4,0.03,24.0,Oakland,17.595833041666666,78.25125120833333,14.143138229166667,1016.0208333333334,0.0,57.833333333333336
2024-07-16,37.743065,-122.169935,2.7,0.033,15.0,Oakland,17.049999666666668,76.35499374999999,14.49505325,1016.3458333333333,0.0,41.25
2024-07-17,37.743065,-122.169935,2.1,0.02,12.0,Oakland,17.299999666666668,75.45144933333334,14.928330625000001,1016.975,0.0,47.208333333333336
2024-07-18,37.743065,-122.169935,3.9,0.02,22.0,Oakland,17.918749666666667,79.280374375,8.989100241666668,1015.8791666666666,0.0,20.125
2024-07-19,37.743065,-122.169935,6.5,0.025,36.0,Oakland,20.004166291666667,66.46423029166667,7.982333441666667,1015.6791666666667,0.0,3.75
2024-07-20,37.743065,-122.169935,7.9,0.021,44.0,Oakland,20.068749583333332,68.07258,10.228285216666666,1013.9166666666666,0.0,0.041666666666666664
2024-07-21,37.743065,-122.169935,5.6,0.021,31.0,Oakland,16.79375,80.83630683333334,18.0248520625,1014.5208333333334,0.0,61.0
2024-07-22,37.743065,-122.169935,10.6,0.028,54.0,Oakland,18.5979165,77.13527983333334,8.0734051375,1011.3458333333333,0.0,12.708333333333334
2024-07-23,37.743065,-122.169935,7.4,0.036,41.0,Oakland,21.968749125,62.60888529166667,8.608479054166667,1010.7624999999999,0.0,22.541666666666668
2024-07-24,37.743065,-122.169935,13.7,0.03,60.0,Oakland,23.141666125,50.328408625,11.863592662499999,1014.775,0.0,2.9166666666666665
2024-07-25,37.743065,-122.169935,10.4,0.027,53.0,Oakland,20.004166208333334,66.86362483333333,10.638324558333332,1017.4,0.0,5.75
2024-07-26,37.743065,-122.169935,9.7,0.025,52.0,Oakland,18.39791633333333,72.503021875,9.363503333333334,1014.3458333333333,0.0,0.2916666666666667
2024-07-27,37.743065,-122.169935,3.8,0.024,21.0,Oakland,15.981249833333331,78.04005883333333,19.33237,1013.1166666666667,0.025000000000000005,84.54166666666667
2024-07-28,37.743065,-122.169935,3.7,0.027,21.0,Oakland,16.17083320833333,77.65996925,13.740560308333334,1013.4541666666668,0.0,75.33333333333333
2024-07-29,37.743065,-122.169935,0.6,0.021,3.0,Oakland,16.395833125,80.435435125,14.696445895833333,1015.5124999999999,0.0,76.25
2024-07-30,37.743065,-122.169935,1.4,0.013,8.0,Oakland,16.789583208333333,87.67821241666667,14.902868958333334,1016.0333333333333,0.041666666666666664,83.375
2024-07-31,37.743065,-122.169935,1.8,0.016,10.0,Oakland,16.75208329166667,85.68304420833334,10.5686532375,1014.5791666666668,0.0,73.70833333333333
2024-08-01,37.743065,-122.169935,2.3,0.018,13.0,Oakland,17.10833308333333,83.603065375,8.887064624999999,1015.375,0.0,96.20833333333333
2024-08-02,37.743065,-122.169935,2.3,0.017,13.0,Oakland,17.512499666666667,81.985674375,8.236716275000001,1018.0833333333334,0.0,93.41666666666667
2024-08-03,37.743065,-122.169935,3.6,0.023,20.0,Oakland,18.864582875,75.43113091666667,8.131857091666667,1016.0583333333334,0.0,59.333333333333336
2024-08-04,37.743065,-122.169935,3.6,0.025,20.0,Oakland,16.69374995833333,83.274986875,10.740085508333332,1014.1333333333333,0.004166666666666667,80.0
2024-08-05,37.743065,-122.169935,7.6,0.025,42.0,Oakland,15.704166625,86.14509270833334,10.4777741375,1014.3625000000001,0.0,82.625
2024-08-06,37.743065,-122.169935,11.6,0.028,56.0,Oakland,17.874999833333334,76.31536275,7.113224775,1014.6541666666667,0.0,57.75
2024-08-07,37.743065,-122.169935,14.0,0.03,60.0,Oakland,19.44999975,68.05941591666667,8.526289679166666,1013.8375,0.0,9.666666666666666
2024-08-08,37.743065,-122.169935,4.4,0.028,24.0,Oakland,16.899999875,79.72572666666666,10.236487308333333,1014.2916666666666,0.0,53.291666666666664
2024-08-09,37.743065,-122.169935,5.7,0.025,32.0,Oakland,16.37083325,83.602816,9.304308516666667,1013.725,0.0,80.45833333333333
2024-08-10,37.743065,-122.169935,7.5,0.026,42.0,Oakland,16.839583333333334,80.30831554166666,10.213828962500001,1014.3125,0.0,63.833333333333336
2024-08-11,37.743065,-122.169935,3.5,0.023,19.0,Oakland,16.43541670833333,81.58677666666667,10.606708341666666,1014.8333333333334,0.0,63.791666666666664
2024-08-12,37.743065,-122.169935,6.1,0.033,34.0,Oakland,16.285416666666666,82.02088216666667,13.341992541666668,1014.8874999999999,0.0,74.375
2024-08-13,37.743065,-122.169935,7.2,0.035,40.0,Oakland,16.633333208333333,72.51652670833333,12.154681125000002,1014.9083333333333,0.0,6.708333333333333
2024-08-14,37.743065,-122.169935,2.2,0.017,12.0,Oakland,17.489583083333333,78.40172470833333,10.962931695833333,1016.5083333333333,0.0,38.041666666666664
2024-08-15,37.743065,-122.169935,2.2,0.017,12.0,Oakland,17.489583083333333,78.40172470833333,10.962931695833333,1016.5083333333333,0.0,38.041666666666664
2024-08-16,37.743065,-122.169935,5.7,0.021,32.0,Oakland,17.572916666666668,75.43168250000001,10.592458191666667,1014.4833333333332,0.0,3.4166666666666665
2024-08-17,37.743065,-122.169935,0.5,0.017,3.0,Oakland,18.17916645833333,83.49902395833332,13.569146166666668,1013.5,0.06666666666666667,51.291666666666664
2024-08-18,37.743065,-122.169935,1.8,0.027,10.0,Oakland,17.993749625,84.62551154166667,11.963809212500001,1015.8625000000001,0.012500000000000002,66.25
2024-08-19,37.743065,-122.169935,3.6,0.029,20.0,Oakland,16.795833291666668,79.828253375,9.861296716666667,1017.0124999999999,0.0,41.708333333333336
2024-08-20,37.743065,-122.169935,4.5,0.033,25.0,Oakland,17.904166583333332,67.77186508333334,9.765046295833333,1017.7041666666668,0.0,1.9166666666666667
2024-08-21,37.743065,-122.169935,4.9,0.028,27.0,Oakland,17.679166583333334,75.73224654166667,11.184094804166667,1017.4041666666667,0.0,9.333333333333334
2024-08-22,37.743065,-122.169935,3.1,0.028,17.0,Oakland,16.981249583333334,84.27016575,19.313329041666666,1014.7791666666667,0.0375,83.625
2024-08-23,37.743065,-122.169935,4.9,0.032,27.0,Oakland,17.462499666666666,79.8369445,13.446422066666665,1015.3708333333334,0.0375,86.375
2024-08-24,37.743065,-122.169935,5.3,0.027,29.0,Oakland,18.220832708333333,77.265985625,10.5711347375,1017.0458333333332,0.041666666666666664,53.833333333333336
2024-08-25,37.743065,-122.169935,5.0,0.04,28.0,Oakland,18.30416633333333,79.17338620833333,8.789202841666667,1019.3791666666666,0.0,28.333333333333332
2024-08-26,37.743065,-122.169935,6.0,0.033,33.0,Oakland,20.097916333333334,63.39206612500001,8.066805183333335,1018.8333333333334,0.0,6.75
2024-08-27,37.743065,-122.169935,6.4,0.041,36.0,Oakland,20.289583166666667,69.46785658333333,6.578729125,1016.1333333333333,0.0,6.041666666666667
2024-08-28,37.743065,-122.169935,9.6,0.029,52.0,Oakland,20.993749541666666,65.07579725000001,7.962433629166667,1013.2666666666668,0.0,2.4166666666666665
2024-08-29,37.743065,-122.169935,8.6,0.03,48.0,Oakland,17.741666125,80.56562395833333,10.664531770833333,1014.4625,0.0,32.416666666666664
2024-08-30,37.743065,-122.169935,7.9,0.033,44.0,Oakland,17.706249708333335,79.47270845833333,11.975396533333333,1016.9375,0.0,50.875
2024-08-31,37.743065,-122.169935,7.2,0.038,40.0,Oakland,17.187499625,82.87392154166666,11.2161843125,1016.7583333333333,0.0,49.75
2024-09-01,37.743065,-122.169935,5.0,0.031,28.0,Oakland,17.0354165,82.643427375,14.302882708333334,1015.1833333333334,0.0,66.70833333333333
2024-09-02,37.743065,-122.169935,4.3,0.029,24.0,Oakland,17.839582833333335,83.264224875,13.735271208333332,1014.6,0.0,37.375
2024-09-03,37.743065,-122.169935,5.5,0.043,31.0,Oakland,19.06874995833333,73.27868191666667,7.150363424999999,1013.6625,0.0,16.291666666666668
2024-09-04,37.743065,-122.169935,4.1,0.031,23.0,Oakland,21.16041625,66.28038341666667,8.7275395625,1013.6958333333333,0.0,3.5416666666666665
2024-09-05,37.743065,-122.169935,4.7,0.03,26.0,Oakland,19.491666291666665,76.19865349999999,7.963258479166666,1016.5500000000001,0.0,60.666666666666664
2024-09-06,37.743065,-122.169935,4.2,0.025,23.0,Oakland,19.670832791666665,71.07879329166667,7.801852758333333,1015.5583333333334,0.0,16.166666666666668
2024-09-07,37.743065,-122.169935,3.7,0.034,21.0,Oakland,18.712499583333333,75.213531,8.355448829166667,1013.5208333333334,0.0,39.541666666666664
2024-09-08,37.743065,-122.169935,6.2,0.037,34.0,Oakland,18.589583166666667,76.93222795833333,8.398296754166667,1011.8000000000001,0.0,52.083333333333336
2024-09-09,37.743065,-122.169935,5.6,0.03,31.0,Oakland,17.76041641666667,78.52603875,10.933434791666665,1012.2624999999999,0.0,53.833333333333336
2024-09-10,37.743065,-122.169935,4.1,0.028,23.0,Oakland,16.504166458333334,80.53881320833334,13.038223270833333,1012.4916666666667,0.0,50.541666666666664
2024-09-11,37.743065,-122.169935,5.3,0.025,29.0,Oakland,16.889583291666668,77.59004629166667,16.569090791666667,1011.1791666666667,0.0,43.916666666666664
2024-09-12,37.743065,-122.169935,2.8,0.026,16.0,Oakland,17.874999833333334,82.24208483333334,13.554962408333333,1010.0541666666667,0.0,48.041666666666664
2024-09-13,37.743065,-122.169935,7.0,0.029,39.0,Oakland,18.614583208333332,72.99273825,7.851289129166666,1008.8583333333332,0.0,0.5416666666666666
2024-09-14,37.743065,-122.169935,5.4,0.025,30.0,Oakland,17.612499791666668,77.87856820833333,7.4604449624999996,1010.275,0.0,12.416666666666666
2024-09-15,37.743065,-122.169935,4.7,0.033,26.0,Oakland,15.793749791666665,83.08732458333334,19.342301375,1011.0666666666666,0.012500000000000002,67.625
2024-09-16,37.743065,-122.169935,6.0,0.031,33.0,Oakland,15.65416675,78.26768141666666,18.24463264583333,1009.9166666666666,0.02916666666666667,69.875
2024-09-17,37.743065,-122.169935,4.8,0.026,27.0,Oakland,15.606249874999998,81.84170275,10.336589986249999,1014.5833333333334,0.0,56.166666666666664
2024-09-18,37.743065,-122.169935,0.3,0.027,2.0,Oakland,16.262499833333333,85.70428925,11.621453345833332,1012.9208333333332,0.03333333333333333,99.5
2024-09-19,37.743065,-122.169935,2.6,0.022,14.0,Oakland,16.19583325,87.52363475,8.1868508,1011.6125000000001,0.0,76.70833333333333
2024-09-20,37.743065,-122.169935,2.5,0.024,14.0,Oakland,15.791666666666666,84.71395429166667,9.166476966666666,1012.4499999999999,0.0,69.83333333333333
2024-09-21,37.743065,-122.169935,7.6,0.022,42.0,Oakland,16.797916666666666,82.44750741666667,6.789262261249999,1011.9166666666666,0.0,28.208333333333332
2024-09-22,37.743065,-122.169935,5.5,0.026,31.0,Oakland,16.864583083333333,82.49840191666667,8.223054212500001,1013.2291666666666,0.0,52.166666666666664
2024-09-23,37.743065,-122.169935,6.9,0.046,38.0,Oakland,20.06874983333333,67.87760904166667,5.358551895833333,1011.4833333333332,0.0,5.083333333333333
2024-09-24,37.743065,-122.169935,7.5,0.038,42.0,Oakland,23.231249125,53.203460375,7.3699518,1008.6291666666666,0.0,14.166666666666666
2024-09-25,37.743065,-122.169935,3.8,0.034,21.0,Oakland,16.795833249999998,83.21969575,12.026038237500002,1010.0124999999999,0.0,51.708333333333336
2024-09-26,37.743065,-122.169935,3.1,0.019,17.0,Oakland,16.710416583333334,82.3082955,9.256878612500001,1012.1083333333332,0.0,52.625
2024-09-27,37.743065,-122.169935,6.5,0.041,36.0,Oakland,19.402083166666667,72.56161633333333,5.85856865,1011.7375000000001,0.0,2.125
2024-09-28,37.743065,-122.169935,5.1,0.031,28.0,Oakland,19.222916291666667,72.47686629166667,8.631138733333334,1009.725,0.0,2.9583333333333335
2024-09-29,37.743065,-122.169935,8.8,0.031,49.0,Oakland,16.41249983333333,80.817222375,10.914719916666668,1013.6208333333334,0.0,62.833333333333336
2024-09-30,37.743065,-122.169935,10.4,0.042,53.0,Oakland,20.304166374999998,56.983188750000004,4.788256735416667,1012.5458333333332,0.0,0.16666666666666666
2024-10-01,37.743065,-122.169935,9.4,0.049,52.0,Oakland,24.370832916666668,37.841119875,5.6074393916666665,1013.0166666666668,0.0,0.0
2024-10-02,37.743065,-122.169935,9.3,0.054,51.0,Oakland,27.718749208333332,31.512854208333334,5.6052326458333335,1011.8291666666668,0.0,0.0
2024-10-03,37.743065,-122.169935,12.3,0.04,57.0,Oakland,26.456249541666665,30.057369124999997,5.6775432087499995,1008.7291666666666,0.0,0.0
2024-10-04,37.743065,-122.169935,13.8,0.032,60.0,Oakland,22.272915958333332,45.06117604166667,6.868699633333333,1010.9166666666666,0.0,5.625
2024-10-05,37.743065,-122.169935,7.6,0.047,42.0,Oakland,25.262499833333333,37.716722499999996,4.483900941666667,1014.1583333333333,0.0,1.3333333333333333
2024-10-06,37.743065,-122.169935,7.7,0.037,43.0,Oakland,27.864582875,28.8343465,6.233941258333334,1013.7791666666667,0.0,5.833333333333333
2024-10-07,37.743065,-122.169935,10.3,0.039,53.0,Oakland,28.308333041666668,27.030931624999997,6.226700008333334,1011.7916666666666,0.0,52.416666666666664
2024-10-08,37.743065,-122.169935,8.9,0.025,49.0,Oakland,21.42291625,65.472572125,6.788811170833333,1010.5333333333333,0.0,5.5
2024-10-09,37.743065,-122.169935,2.7,0.022,15.0,Oakland,17.145833041666666,83.07636587500001,8.836512995833333,1013.8916666666668,0.0,74.58333333333333
2024-10-10,37.743065,-122.169935,6.5,0.027,36.0,Oakland,17.42916645833333,76.59624695833334,7.065506845833333,1015.7791666666667,0.0,88.20833333333333
2024-10-11,37.743065,-122.169935,5.0,0.031,28.0,Oakland,15.825000125,81.25217508333334,7.298837020833333,1016.9541666666668,0.0,22.375
2024-10-12,37.743065,-122.169935,3.2,0.019,18.0,Oakland,17.685416291666666,79.450281375,8.822829195833334,1019.2125,0.0,52.666666666666664
2024-10-13,37.743065,-122.169935,3.1,0.021,17.0,Oakland,20.085416,84.15519937500001,8.477191525,1018.3291666666668,0.008333333333333333,67.25
2024-10-14,37.743065,-122.169935,2.0,0.023,11.0,Oakland,16.458333166666666,89.23446529166667,10.182068908333333,1018.7375000000001,0.0,74.83333333333333
2024-10-15,37.743065,-122.169935,3.3,0.027,18.0,Oakland,16.737499708333335,85.86840754166667,8.2495322375,1018.2166666666667,0.0,54.833333333333336
2024-10-16,37.743065,-122.169935,1.7,0.028,9.0,Oakland,16.637499875,87.85427125,10.142811162500001,1016.2458333333334,0.17499999999999996,61.625
2024-10-17,37.743065,-122.169935,1.7,0.028,9.0,Oakland,16.637499875,87.85427125,10.142811162500001,1016.2458333333334,0.17499999999999996,61.625
2024-10-18,37.743065,-122.169935,3.8,0.036,21.0,Oakland,18.15416625,29.440143320833332,16.983007354166666,1016.2458333333334,0.0,7.416666666666667
2024-10-19,37.743065,-122.169935,6.2,0.042,34.0,Oakland,19.36666620833333,23.867580875,7.64772095,1017.9166666666666,0.0,15.0
2024-10-20,37.743065,-122.169935,7.0,0.045,39.0,Oakland,18.527083083333334,32.623561625,4.769375529166667,1017.9499999999999,0.0,7.416666666666667
2024-10-21,37.743065,-122.169935,4.3,0.033,24.0,Oakland,16.347916375,61.45790654166667,8.191182716666667,1019.2583333333333,0.0,61.333333333333336
2024-10-22,37.743065,-122.169935,4.0,0.033,22.0,Oakland,15.381250041666666,82.271981375,7.614803608333333,1019.7958333333332,0.0,60.083333333333336
2024-10-23,37.743065,-122.169935,7.2,0.03,40.0,Oakland,15.041666625,70.21835908333334,5.306284441666667,1019.6791666666667,0.0,1.875
2024-10-24,37.743065,-122.169935,4.2,0.04,23.0,Oakland,17.0729165,43.02435779166667,6.230176441666667,1017.025,0.0,1.5833333333333333
2024-10-25,37.743065,-122.169935,7.5,0.042,42.0,Oakland,16.502083333333335,40.80782845833333,4.983967654166666,1014.0583333333334,0.0,32.25
2024-10-26,37.743065,-122.169935,6.2,0.041,34.0,Oakland,17.056249791666666,53.66005154166667,6.185303049999999,1018.8708333333334,0.0,38.25
2024-10-27,37.743065,-122.169935,1.2,0.03,7.0,Oakland,17.431249708333333,87.578977625,8.456464933333333,1019.5208333333334,0.03333333333333333,98.33333333333333
2024-10-28,37.743065,-122.169935,1.2,0.03,7.0,Oakland,17.431249708333333,87.578977625,8.456464933333333,1019.5208333333334,0.03333333333333333,98.33333333333333
2024-10-29,37.743065,-122.169935,1.2,0.03,7.0,Oakland,17.431249708333333,87.578977625,8.456464933333333,1019.5208333333334,0.03333333333333333,98.33333333333333
2024-10-30,37.743065,-122.169935,4.1,0.034,23.0,Oakland,12.429166958333333,77.87459483333333,8.4194956,1019.1999999999999,0.0,55.208333333333336
2024-10-31,37.743065,-122.169935,4.1,0.034,23.0,Oakland,12.429166958333333,77.87459483333333,8.4194956,1019.1999999999999,0.0,55.208333333333336
2024-11-01,37.743065,-122.169935,4.4,0.038,24.0,Oakland,12.360416749999999,84.153622125,7.438736895833333,1018.6708333333332,0.0,75.79166666666667
2024-11-02,37.743065,-122.169935,4.8,0.035,27.0,Oakland,14.585417,82.07376320833333,11.745335491666667,1013.8333333333334,0.225,66.70833333333333
2024-11-03,37.743065,-122.169935,1.9,0.032,11.0,Oakland,13.914583375,70.01934341666667,13.037186166666666,1017.2416666666667,0.0,3.7916666666666665
2024-11-04,37.743065,-122.169935,3.5,0.03,19.0,Oakland,15.120833333333332,47.666944916666665,9.623957408333334,1020.1416666666668,0.0,4.75
2024-11-05,37.743065,-122.169935,6.8,0.035,38.0,Oakland,14.510416625,77.70564191666666,5.635227691666667,1019.6625,0.0,52.833333333333336
2024-11-06,37.743065,-122.169935,2.0,0.037,11.0,Oakland,15.841666666666667,36.604751375,19.147959145833333,1015.1916666666666,0.0,35.333333333333336
2024-11-07,37.743065,-122.169935,2.8,0.035,16.0,Oakland,13.091666570833333,43.735923750000005,7.629720525,1019.4250000000001,0.0,0.0
2024-11-08,37.743065,-122.169935,7.3,0.036,41.0,Oakland,14.393749958333332,46.225137749999995,5.9355489666666665,1021.3958333333334,0.0,0.0
2024-11-09,37.743065,-122.169935,11.9,0.036,56.0,Oakland,13.785416570833334,46.087954375,5.1554855625,1017.3833333333333,0.0,54.208333333333336
2024-11-10,37.743065,-122.169935,9.0,0.039,50.0,Oakland,12.583333166666668,65.53218516666666,5.6626104250000004,1016.1916666666666,0.0,56.458333333333336
2024-11-11,37.743065,-122.169935,4.4,0.036,24.0,Oakland,13.985416875,80.43597983333333,11.128624170833334,1016.3458333333333,0.2625,56.833333333333336
2024-11-12,37.743065,-122.169935,4.4,0.026,24.0,Oakland,11.720833458333333,88.67428675000001,6.484926529166667,1022.1583333333333,0.0,42.833333333333336
2024-11-13,37.743065,-122.169935,4.8,0.028,27.0,Oakland,11.306250125,81.322700875,6.9148703141666665,1020.6958333333333,0.05833333333333333,93.66666666666667
2024-11-14,37.743065,-122.169935,3.2,0.031,18.0,Oakland,12.614583458333334,86.98233329166668,6.130986556666667,1018.9625,0.07916666666666666,65.33333333333333
2024-11-15,37.743065,-122.169935,4.6,0.028,26.0,Oakland,10.227083625,81.64812441666668,8.3445410125,1014.4666666666667,0.008333333333333333,9.833333333333334
2024-11-16,37.743065,-122.169935,5.9,0.029,33.0,Oakland,9.937500125,65.81545375,7.359857216666668,1017.3708333333334,0.0,25.458333333333332
2024-11-17,37.743065,-122.169935,5.2,0.03,29.0,Oakland,9.1270835625,67.39176916666666,3.8699769875,1018.6833333333334,0.0,38.375
2024-11-18,37.743065,-122.169935,4.2,0.034,23.0,Oakland,11.329166970833333,72.09097816666666,12.383048475,1020.0666666666666,0.0375,39.458333333333336
2024-11-19,37.743065,-122.169935,4.3,0.032,24.0,Oakland,8.887500212499999,71.01328454166666,6.291933183333334,1021.0625,0.0,80.04166666666667
2024-11-20,37.743065,-122.169935,2.0,0.037,11.0,Oakland,12.129166958333334,54.99429237499999,15.997677041666668,1017.3583333333332,0.46249999999999997,99.91666666666667
2024-11-21,37.743065,-122.169935,1.4,0.037,8.0,Oakland,14.829166749999999,70.99676579166668,21.565271916666664,1017.5749999999999,0.5083333333333333,99.29166666666667
2024-11-22,37.743065,-122.169935,0.9,0.031,5.0,Oakland,15.74166675,83.51599979166667,21.603105499999998,1015.1458333333334,0.5166666666666667,99.875
2024-11-23,37.743065,-122.169935,2.7,0.034,15.0,Oakland,13.293750125,92.24812262500001,11.805266975,1012.6125000000001,1.7708333333333333,78.25
2024-11-24,37.743065,-122.169935,2.4,0.034,13.0,Oakland,10.239583591666667,84.37291304166666,6.846547133333334,1016.2958333333332,0.0,49.083333333333336
2024-11-25,37.743065,-122.169935,1.3,0.024,7.0,Oakland,12.368750208333333,80.72316358333333,8.519237916666667,1017.0333333333333,0.25,87.70833333333333
2024-11-26,37.743065,-122.169935,1.8,0.027,10.0,Oakland,12.456250166666665,92.07303708333335,4.6126842945833335,1018.9291666666667,0.12916666666666668,99.875
2024-11-27,37.743065,-122.169935,2.1,0.031,12.0,Oakland,10.5500001,76.22050854166666,7.009846,1021.3416666666667,0.0,61.416666666666664
2024-11-28,37.743065,-122.169935,2.8,0.03,16.0,Oakland,7.9395835791666665,73.22323416666667,6.5858599,1020.7916666666666,0.0,8.625
2024-11-29,37.743065,-122.169935,4.3,0.028,24.0,Oakland,8.304166916666667,74.25242383333334,7.531974179166667,1020.0916666666667,0.0,81.16666666666667
2024-11-30,37.743065,-122.169935,8.8,0.028,49.0,Oakland,8.295833425,78.84055933333333,7.0499827875,1019.875,0.0,70.04166666666667
2024-12-01,37.743065,-122.169935,7.6,0.026,42.0,Oakland,10.314583395833333,76.728181375,6.9764572750000005,1020.025,0.03333333333333333,61.708333333333336
2024-12-02,37.743065,-122.169935,7.4,0.016,41.0,Oakland,10.733333324999998,78.503038125,4.6649335375000005,1021.0291666666667,0.0,36.166666666666664
2024-12-03,37.743065,-122.169935,9.2,0.02,51.0,Oakland,11.014583383333333,75.78844179166667,3.632635458333333,1020.3458333333333,0.0,0.125
2024-12-04,37.743065,-122.169935,15.0,0.013,62.0,Oakland,10.822916795833335,84.34456454166667,3.9268422750000003,1021.8833333333333,0.0,2.2083333333333335
2024-12-05,37.743065,-122.169935,16.4,0.013,65.0,Oakland,12.260416708333333,77.85832483333333,3.5292975541666665,1023.0958333333333,0.0,60.666666666666664
2024-12-06,37.743065,-122.169935,11.5,0.02,55.0,Oakland,12.314583266666666,76.46598620833333,3.038403445833333,1022.5749999999999,0.0,2.7916666666666665
2024-12-07,37.743065,-122.169935,27.6,0.02,85.0,Oakland,10.208333516666666,84.74363295833334,4.734201870833333,1021.4916666666667,0.0,48.541666666666664
2024-12-08,37.743065,-122.169935,20.2,0.022,72.0,Oakland,11.250000029166666,85.85038958333332,3.6016292350000003,1020.5833333333334,0.0,82.125
2024-12-09,37.743065,-122.169935,2.9,0.036,16.0,Oakland,10.606250166666667,62.49074458333333,5.791256254166666,1021.4041666666667,0.0,3.6666666666666665
2024-12-10,37.743065,-122.169935,14.5,0.024,61.0,Oakland,10.289583533333333,52.482682125,7.824545675416666,1025.4833333333333,0.0,28.583333333333332
2024-12-11,37.743065,-122.169935,24.5,0.02,80.0,Oakland,8.745833525,75.72864729166666,7.5388345291666665,1024.2333333333333,0.0,89.125
2024-12-12,37.743065,-122.169935,6.7,0.035,37.0,Oakland,11.243750166666667,80.696258625,11.201699329166667,1014.1833333333334,0.7708333333333334,87.16666666666667
2024-12-13,37.743065,-122.169935,2.7,0.033,15.0,Oakland,11.647916916666667,90.02265729166668,14.564099833333332,1018.3791666666666,0.375,98.33333333333333
2024-12-14,37.743065,-122.169935,4.5,0.038,25.0,Oakland,12.441666750000001,80.24581320833333,26.260955416666665,1014.525,1.6166666666666665,86.45833333333333
2024-12-15,37.743065,-122.169935,4.9,0.021,27.0,Oakland,9.195833516666667,87.88699054166666,4.437154270833333,1025.0166666666667,0.0,56.458333333333336
2024-12-16,37.743065,-122.169935,6.0,0.021,33.0,Oakland,9.010416833333332,83.61591225,9.13025710125,1021.9958333333334,0.19999999999999998,94.875
2024-12-17,37.743065,-122.169935,9.2,0.015,51.0,Oakland,10.625000083333333,92.43455733333333,4.913835504166667,1024.7749999999999,0.008333333333333333,89.33333333333333
2024-12-18,37.743065,-122.169935,7.1,0.022,39.0,Oakland,9.441666854166668,90.2491715,4.388364583333334,1026.1499999999999,0.0,63.125
2024-12-19,37.743065,-122.169935,11.1,0.017,55.0,Oakland,9.5145833625,85.97968258333333,6.792291970833333,1021.6833333333334,0.0,30.916666666666668
2024-12-20,37.743065,-122.169935,16.7,0.012,65.0,Oakland,9.702083483333334,86.69086608333333,8.484694308333333,1019.4833333333332,0.0,85.91666666666667
2024-12-21,37.743065,-122.169935,16.7,0.012,65.0,Oakland,9.702083483333334,86.69086608333333,8.484694308333333,1019.4833333333332,0.0,85.91666666666667
2024-12-22,37.743065,-122.169935,16.7,0.012,65.0,Oakland,9.702083483333334,86.69086608333333,8.484694308333333,1019.4833333333332,0.0,85.91666666666667
2024-12-23,37.743065,-122.169935,16.7,0.012,65.0,Oakland,9.702083483333334,86.69086608333333,8.484694308333333,1019.4833333333332,0.0,85.91666666666667
2024-12-24,37.743065,-122.169935,16.7,0.012,65.0,Oakland,9.702083483333334,86.69086608333333,8.484694308333333,1019.4833333333332,0.0,85.91666666666667
2024-12-25,37.743065,-122.169935,16.7,0.012,65.0,Oakland,9.702083483333334,86.69086608333333,8.484694308333333,1019.4833333333332,0.0,85.91666666666667
2024-12-26,37.743065,-122.169935,16.7,0.012,65.0,Oakland,9.702083483333334,86.69086608333333,8.484694308333333,1019.4833333333332,0.0,85.91666666666667
2024-12-27,37.743065,-122.169935,16.7,0.012,65.0,Oakland,9.702083483333334,86.69086608333333,8.484694308333333,1019.4833333333332,0.0,85.91666666666667
2024-12-28,37.743065,-122.169935,16.7,0.012,65.0,Oakland,9.702083483333334,86.69086608333333,8.484694308333333,1019.4833333333332,0.0,85.91666666666667
2024-12-29,37.743065,-122.169935,16.7,0.012,65.0,Oakland,9.702083483333334,86.69086608333333,8.484694308333333,1019.4833333333332,0.0,85.91666666666667
2024-12-30,37.743065,-122.169935,16.7,0.012,65.0,Oakland,9.702083483333334,86.69086608333333,8.484694308333333,1019.4833333333332,0.0,85.91666666666667
2024-12-31,37.743065,-122.169935,16.7,0.012,65.0,Oakland,9.702083483333334,86.69086608333333,8.484694308333333,1019.4833333333332,0.0,85.91666666666667
2025-01-01,37.743065,-122.169935,12.2,0.01,57.0,Oakland,7.918750129166667,74.231363125,3.6066371608333334,1022.5916666666667,0.0,90.66666666666667
2025-01-02,37.743065,-122.169935,9.2,0.016,51.0,Oakland,10.2500001,82.99715754166667,4.649119039583334,1022.0291666666667,0.0,79.70833333333333
2025-01-03,37.743065,-122.169935,7.7,0.029,43.0,Oakland,10.933333499999998,88.13660679166667,7.337174515416667,1017.2333333333332,0.4791666666666667,72.20833333333333
2025-01-04,37.743065,-122.169935,5.8,0.02,32.0,Oakland,9.212500129166667,90.567140875,4.357342579166667,1023.0666666666666,0.0,66.79166666666667
2025-01-05,37.743065,-122.169935,6.7,0.017,37.0,Oakland,9.445833504166666,89.50647466666668,2.63128186875,1026.4208333333333,0.0,71.125
2025-01-06,37.743065,-122.169935,8.3,0.014,46.0,Oakland,10.502083416666666,91.20664541666667,3.7223703687499996,1024.4416666666666,0.0,62.125
2025-01-07,37.743065,-122.169935,8.3,0.014,46.0,Oakland,10.502083416666666,91.20664541666667,3.7223703687499996,1024.4416666666666,0.0,62.125
2025-01-08,37.743065,-122.169935,1.5,0.034,8.0,Oakland,13.231249958333335,43.821909874999996,14.4753663125,1023.3708333333334,0.0,57.958333333333336
2025-01-09,37.743065,-122.169935,6.3,0.019,35.0,Oakland,11.085416770833334,63.769162333333334,3.358739020833333,1022.6416666666668,0.0,1.9583333333333333
2025-01-10,37.743065,-122.169935,6.7,0.025,37.0,Oakland,10.689583475,70.90338495833333,4.7358249500000005,1024.9666666666667,0.0,0.125
2025-01-11,37.743065,-122.169935,3.9,0.038,22.0,Oakland,11.635416625,73.21651666666666,8.908124595833334,1024.7083333333333,0.0,30.541666666666668
2025-01-12,37.743065,-122.169935,2.2,0.032,12.0,Oakland,12.045833475,40.852852041666665,12.198123645833334,1022.1625,0.0,0.0
2025-01-13,37.743065,-122.169935,3.1,0.032,17.0,Oakland,9.9750002625,56.98117225000001,10.559450745833333,1022.5500000000001,0.0,13.041666666666666
2025-01-14,37.743065,-122.169935,4.7,0.017,26.0,Oakland,8.5104167875,64.01216612500001,2.958785747083333,1027.8541666666667,0.0,17.083333333333332
2025-01-15,37.743065,-122.169935,9.4,0.015,52.0,Oakland,8.735416808333333,68.30424483333333,3.56205766125,1025.1125,0.0,5.916666666666667
2025-01-16,37.743065,-122.169935,14.5,0.019,61.0,Oakland,8.947916775000001,71.88887383333334,4.940863233333333,1022.775,0.0,2.2916666666666665
2025-01-17,37.743065,-122.169935,9.3,0.032,51.0,Oakland,9.7229168375,79.01762183333334,3.9133710799999997,1022.2583333333333,0.0,16.333333333333332
2025-01-18,37.743065,-122.169935,12.3,0.025,57.0,Oakland,8.902083579166666,88.57329295833334,4.217398516249999,1024.6833333333334,0.0,48.541666666666664
2025-01-19,37.743065,-122.169935,10.8,0.025,54.0,Oakland,8.331250208333334,85.75687904166666,3.1796522966666667,1024.7166666666667,0.0,30.0
2025-01-20,37.743065,-122.169935,4.4,0.038,24.0,Oakland,8.75208345,71.852531875,7.45263670125,1023.2208333333333,0.0,30.125
2025-01-21,37.743065,-122.169935,5.8,0.023,32.0,Oakland,7.691666775000001,63.378526,5.4480097625,1030.925,0.0,11.125
2025-01-22,37.743065,-122.169935,7.8,0.023,43.0,Oakland,7.739583316666667,70.68684545833334,4.651791965416667,1029.7625,0.0,12.833333333333334
2025-01-23,37.743065,-122.169935,8.6,0.03,48.0,Oakland,9.38750005,68.12252795833334,5.919408395833333,1026.7625,0.0,0.0
2025-01-24,37.743065,-122.169935,15.6,0.021,63.0,Oakland,9.860416800000001,70.502188625,4.15317552875,1021.3833333333333,0.0,15.125
2025-01-25,37.743065,-122.169935,7.0,0.03,39.0,Oakland,9.566666779166667,79.28384279166667,5.731242629166666,1009.35,0.07083333333333333,73.16666666666667
2025-01-26,37.743065,-122.169935,4.0,0.032,22.0,Oakland,7.814583454166667,67.12306729166666,11.6714384375,1013.625,0.0,50.458333333333336
2025-01-27,37.743065,-122.169935,5.5,0.024,31.0,Oakland,6.608333457916667,64.67202654166667,5.232607409583333,1020.1291666666666,0.0,0.7916666666666666
2025-01-28,37.743065,-122.169935,4.5,0.027,25.0,Oakland,8.2729167375,69.70760245833334,3.233610370833333,1020.5749999999999,0.0,13.75
2025-01-29,37.743065,-122.169935,6.1,0.028,34.0,Oakland,9.272916845833333,87.07772849999999,6.474274958333333,1019.85,0.0,70.33333333333333
2025-01-30,37.743065,-122.169935,5.4,0.031,30.0,Oakland,7.9645836,86.62412891666666,4.109615853333334,1023.4166666666666,0.0,50.5
2025-01-31,37.743065,-122.169935,5.0,0.021,28.0,Oakland,8.63750015,84.65146791666668,8.167465141666666,1024.4666666666667,0.33749999999999997,94.79166666666667
2025-02-01,37.743065,-122.169935,1.8,0.028,10.0,Oakland,11.820833541666666,95.89914645833333,13.27322425,1021.4125,0.8416666666666667,100.0
2025-02-02,37.743065,-122.169935,0.1,0.031,1.0,Oakland,14.193750291666667,93.13374808333333,18.497009208333335,1017.6333333333333,0.15,100.0
2025-02-03,37.743065,-122.169935,0.1,0.033,1.0,Oakland,13.518750249999998,91.20674295833334,14.264475520833335,1013.9625,0.13333333333333333,99.95833333333333
2025-02-04,37.743065,-122.169935,1.2,0.035,7.0,Oakland,13.022916875,88.74006433333334,22.557680791666666,1007.3375,0.9583333333333334,99.91666666666667
2025-02-05,37.743065,-122.169935,1.6,0.034,9.0,Oakland,8.543750179166667,79.742590875,10.679205716250001,1015.4083333333333,0.42500000000000004,23.5
2025-02-06,37.743065,-122.169935,0.7,0.034,4.0,Oakland,8.412500108333333,77.38418754166666,11.860329458333334,1012.3083333333334,0.8291666666666666,72.5
2025-02-07,37.743065,-122.169935,2.2,0.033,12.0,Oakland,11.172916875,88.33648758333334,13.371277018333332,1014.8000000000001,0.27499999999999997,66.95833333333333
2025-02-08,37.743065,-122.169935,2.7,0.027,15.0,Oakland,8.422916745833334,84.02419904166668,5.9299412125,1025.8458333333333,0.0,19.958333333333332
2025-02-09,37.743065,-122.169935,3.1,0.031,17.0,Oakland,7.402083475,73.81787858333333,4.744341379166667,1024.5874999999999,0.0,4.0
2025-02-10,37.743065,-122.169935,3.1,0.031,17.0,Oakland,7.402083475,73.81787858333333,4.744341379166667,1024.5874999999999,0.0,4.0
2025-02-11,37.743065,-122.169935,3.7,0.035,21.0,Oakland,6.835416766666667,84.40315729166666,5.933335729166667,1018.3666666666667,0.0,72.29166666666667
2025-02-12,37.743065,-122.169935,3.2,0.031,18.0,Oakland,8.045833575,80.80013883333334,9.181423891666666,1013.3874999999999,0.09999999999999999,100.0
2025-02-13,37.743065,-122.169935,3.1,0.04,17.0,Oakland,11.53125025,89.21025391666667,21.4997675,1003.4583333333334,1.6875,95.95833333333333
2025-02-14,37.743065,-122.169935,6.7,0.036,37.0,Oakland,11.131250333333334,83.98129058333333,21.114249479166666,1013.6125000000001,0.45416666666666666,72.54166666666667
2025-02-15,37.743065,-122.169935,5.8,0.025,32.0,Oakland,8.693750120833334,85.74230454166667,4.450467479166667,1026.5166666666667,0.0,66.5
2025-02-16,37.743065,-122.169935,5.3,0.029,29.0,Oakland,10.291666820833333,83.16978508333334,3.616006424583333,1023.6625,0.09166666666666667,96.16666666666667
2025-02-17,37.743065,-122.169935,4.2,0.033,23.0,Oakland,11.427083541666667,88.57230874999999,6.465160770833333,1019.7875,0.008333333333333333,99.41666666666667
2025-02-18,37.743065,-122.169935,4.1,0.022,23.0,Oakland,9.766666825,89.47699279166666,4.785150640833334,1021.2708333333334,0.0,78.16666666666667
2025-02-19,37.743065,-122.169935,4.1,0.022,23.0,Oakland,9.766666825,89.47699279166666,4.785150640833334,1021.2708333333334,0.0,78.16666666666667
2025-02-20,37.743065,-122.169935,5.2,0.027,29.0,Oakland,11.38125,87.81679537500001,5.277482629166667,1022.9208333333332,0.0,50.708333333333336
2025-02-21,37.743065,-122.169935,5.2,0.027,29.0,Oakland,11.38125,87.81679537500001,5.277482629166667,1022.9208333333332,0.0,50.708333333333336
2025-02-22,37.743065,-122.169935,5.5,0.028,31.0,Oakland,11.599999795833334,77.54161954166666,4.33802726375,1023.35,0.0,48.875
2025-02-23,37.743065,-122.169935,5.4,0.026,30.0,Oakland,12.027083458333331,82.61085754166668,3.38583724375,1025.9291666666666,0.0,85.75
2025-02-24,37.743065,-122.169935,1.5,0.03,8.0,Oakland,13.283333666666666,90.68611575,5.289818329166667,1023.4208333333332,0.004166666666666667,99.41666666666667
2025-02-25,37.743065,-122.169935,3.3,0.031,18.0,Oakland,13.177083291666667,87.31311091666667,5.9271707708333325,1023.3916666666668,0.020833333333333332,65.0
2025-02-26,37.743065,-122.169935,4.3,0.032,24.0,Oakland,12.839583441666667,73.07586479166666,3.728644345833333,1019.0541666666667,0.0,0.0
2025-02-27,37.743065,-122.169935,8.0,0.034,44.0,Oakland,13.991666558333334,75.85284620833333,7.3519108875,1017.8000000000001,0.0,45.375
2025-02-28,37.743065,-122.169935,10.4,0.037,53.0,Oakland,14.743749958333332,80.87357845833334,4.1121307875,1014.8291666666668,0.0,77.08333333333333
2025-03-01,37.743065,-122.169935,2.1,0.041,12.0,Oakland,12.30416675,85.24865395833334,8.9155301875,1014.7083333333334,0.008333333333333333,82.875
2025-03-02,37.743065,-122.169935,2.0,0.038,11.0,Oakland,11.089583416666665,82.58932170833333,15.792464795833332,1017.2958333333332,0.24583333333333335,64.54166666666667
2025-03-03,37.743065,-122.169935,2.1,0.034,12.0,Oakland,9.781250208333333,76.32898983333332,14.5519478375,1020.6458333333334,0.0,17.25
2025-03-04,37.743065,-122.169935,1.9,0.03,11.0,Oakland,10.987500249999998,80.60794741666666,8.473199991666666,1023.7666666666668,0.0,98.75
2025-03-05,37.743065,-122.169935,2.9,0.041,16.0,Oakland,11.566666750000001,84.57695604166666,6.83496921875,1017.7041666666668,0.19583333333333333,98.16666666666667
2025-03-06,37.743065,-122.169935,1.0,0.038,6.0,Oakland,9.556250179166666,77.89178604166666,12.039269433333333,1011.3208333333333,0.05416666666666667,35.041666666666664
2025-03-07,37.743065,-122.169935,5.1,0.031,28.0,Oakland,10.295833329166667,81.05119908333333,5.065980627083333,1017.4291666666667,0.004166666666666667,25.333333333333332
2025-03-08,37.743065,-122.169935,4.8,0.034,27.0,Oakland,11.1854167625,73.457488375,4.893331170833334,1023.9250000000001,0.0,11.083333333333334
2025-03-09,37.743065,-122.169935,4.3,0.037,24.0,Oakland,11.020833516666668,68.04307354166666,6.061687397916667,1023.0375,0.0,9.708333333333334
2025-03-10,37.743065,-122.169935,4.3,0.034,24.0,Oakland,11.468750166666666,72.77791104166667,4.956141064583334,1016.0041666666666,0.0,82.16666666666667
2025-03-11,37.743065,-122.169935,3.3,0.04,18.0,Oakland,12.579166833333332,59.4633435,7.164241337499999,1010.2916666666666,0.0,42.416666666666664
2025-03-12,37.743065,-122.169935,0.6,0.039,3.0,Oakland,12.2833335,79.35391620833333,15.799634645833335,1008.5749999999999,0.4291666666666667,89.58333333333333
2025-03-13,37.743065,-122.169935,1.6,0.038,9.0,Oakland,8.318750245833334,85.64903420833333,14.967003575,1009.3541666666666,0.7416666666666667,73.16666666666667
2025-03-14,37.743065,-122.169935,4.2,0.037,23.0,Oakland,8.83125015,79.00441420833333,18.497531333333335,1011.2708333333334,0.7583333333333333,86.0
2025-03-15,37.743065,-122.169935,14.7,0.04,61.0,Oakland,10.750000125,79.13106545833334,10.939819625,1017.9041666666667,0.041666666666666664,70.45833333333333
2025-03-16,37.743065,-122.169935,6.6,0.037,37.0,Oakland,11.470833583333333,74.29806483333333,12.568628866666666,1020.2208333333333,0.0,51.333333333333336
2025-03-17,37.743065,-122.169935,2.4,0.042,13.0,Oakland,11.827083583333334,83.91838741666668,18.330672770833335,1016.7833333333333,0.5583333333333333,80.54166666666667
2025-03-18,37.743065,-122.169935,3.2,0.035,18.0,Oakland,9.306250075,76.12307725000001,11.819963276666668,1025.2291666666667,0.2333333333333333,21.166666666666668
2025-03-19,37.743065,-122.169935,2.3,0.039,13.0,Oakland,9.266666845833333,81.83225791666666,6.7711043125,1028.5541666666666,0.0,70.58333333333333
2025-03-20,37.743065,-122.169935,2.1,0.04,12.0,Oakland,11.058333475,76.90748329166667,6.2408514749999995,1025.8125,0.020833333333333332,80.33333333333333
2025-03-21,37.743065,-122.169935,5.8,0.035,32.0,Oakland,10.5833335875,80.94624533333334,5.669414920416667,1023.2291666666666,0.0,77.70833333333333
2025-03-22,37.743065,-122.169935,5.4,0.036,30.0,Oakland,11.629166833333334,88.38548841666666,7.231437354166666,1021.4250000000001,0.0,96.125
2025-03-23,37.743065,-122.169935,4.6,0.029,26.0,Oakland,12.470833333333333,90.21668116666666,5.414887745833333,1020.4083333333333,0.0,56.666666666666664
2025-03-24,37.743065,-122.169935,3.9,0.036,22.0,Oakland,15.50624975,78.49534304166667,2.68941867625,1019.5541666666667,0.0,0.25
2025-03-25,37.743065,-122.169935,6.5,0.041,36.0,Oakland,18.7354165,81.479321875,5.3381721625,1015.0666666666666,0.0,18.166666666666668
2025-03-26,37.743065,-122.169935,3.0,0.032,17.0,Oakland,16.456249958333334,78.03118354166666,10.734089837500001,1013.4666666666667,0.0,54.0
2025-03-27,37.743065,-122.169935,2.7,0.042,15.0,Oakland,14.662500041666666,79.82884983333334,15.678935020833334,1016.4083333333333,0.15833333333333335,77.83333333333333
2025-03-28,37.743065,-122.169935,4.1,0.04,23.0,Oakland,12.747916916666666,82.28538966666666,12.408213604166667,1017.5625,0.19166666666666665,71.54166666666667
2025-03-29,37.743065,-122.169935,2.5,0.04,14.0,Oakland,11.16875025,77.21176266666667,9.068438441666666,1018.25,0.008333333333333333,42.583333333333336
2025-03-30,37.743065,-122.169935,2.0,0.041,11.0,Oakland,12.004166750000001,77.75924020833334,15.697995579166665,1012.7208333333333,0.2875,90.70833333333333
2025-03-31,37.743065,-122.169935,2.1,0.042,12.0,Oakland,13.0645835,83.205862,17.319907375,1015.0166666666668,0.32916666666666666,64.70833333333333
2025-04-01,37.743065,-122.169935,3.3,0.038,18.0,Oakland,10.502083666666666,80.21478695833333,16.65709370833333,1016.4791666666666,0.7875,49.291666666666664
2025-04-02,37.743065,-122.169935,3.1,0.038,17.0,Oakland,10.006250116666667,75.893618125,12.9663734,1013.6541666666667,0.09166666666666667,15.333333333333334
2025-04-03,37.743065,-122.169935,3.9,0.034,22.0,Oakland,13.4875,63.682747,17.771753,1012.0,0.0,15.0
2025-04-04,37.743065,-122.169935,3.9,0.034,22.0,Oakland,13.4875,63.682747,17.771753,1012.0,0.0,15.0
