date,latitude,longitude,pm2.5,ozone,aqi,city,temperature_2m,relative_humidity_2m,wind_speed_10m,pressure_msl,precipitation,cloud_cover
2014-01-01,34.210169,-118.870509,17.6,0.036,67.0,Thousand Oaks,12.360911470588235,57.93060870588235,6.360101635294118,1019.0941176470587,0.0,8.411764705882353
2014-01-02,34.210169,-118.870509,3.4,0.036,19.0,Thousand Oaks,15.250249833333333,39.06037716666667,7.976653166666666,1017.875,0.0,31.291666666666668
2014-01-03,34.210169,-118.870509,9.2,0.028,51.0,Thousand Oaks,14.3794165,47.182953875,6.8317736875,1015.5500000000001,0.0,54.375
2014-01-04,34.210169,-118.870509,33.1,0.024,96.0,Thousand Oaks,14.073166541666666,60.70022291666667,5.134181183333333,1014.2583333333333,0.0,94.83333333333333
2014-01-05,34.210169,-118.870509,4.2,0.04,23.0,Thousand Oaks,13.668999958333332,56.001057083333336,6.4147022125,1017.3000000000001,0.0,27.125
2014-01-06,34.210169,-118.870509,1.8,0.038,10.0,Thousand Oaks,14.716916458333335,23.371683479166666,11.082907004166666,1020.7125,0.0,2.5833333333333335
2014-01-07,34.210169,-118.870509,6.1,0.03,34.0,Thousand Oaks,13.518999941666666,34.928703750000004,8.3096732375,1019.1708333333332,0.0,38.083333333333336
2014-01-08,34.210169,-118.870509,10.6,0.029,54.0,Thousand Oaks,12.418999858333335,50.18227541666667,5.0065138,1017.8874999999999,0.0,74.79166666666667
2014-01-09,34.210169,-118.870509,17.8,0.033,67.0,Thousand Oaks,11.646083266666666,64.413681625,6.191047595833333,1017.4250000000001,0.0,67.125
2014-01-10,34.210169,-118.870509,9.7,0.037,52.0,Thousand Oaks,12.652332979166665,61.856218750000004,6.232853358333333,1017.5041666666666,0.0,26.666666666666668
2014-01-11,34.210169,-118.870509,15.9,0.036,64.0,Thousand Oaks,13.418999695833334,59.69508508333333,6.39261865,1019.0375,0.0,46.291666666666664
2014-01-12,34.210169,-118.870509,4.4,0.04,24.0,Thousand Oaks,13.279416633333334,63.155624625,7.467305629166667,1018.0166666666668,0.0,74.20833333333333
2014-01-13,34.210169,-118.870509,0.6,0.04,3.0,Thousand Oaks,16.629416375,26.1864338125,10.205640087499999,1022.4333333333334,0.0,10.458333333333334
2014-01-14,34.210169,-118.870509,1.2,0.046,7.0,Thousand Oaks,16.6294165,24.597953029166664,11.887965074999999,1024.5791666666667,0.0,0.0
2014-01-15,34.210169,-118.870509,1.3,0.044,7.0,Thousand Oaks,18.979416291666666,16.89534247916667,11.363108120833333,1022.7208333333333,0.0,0.0
2014-01-16,34.210169,-118.870509,1.3,0.048,7.0,Thousand Oaks,18.789833125,19.513271404166666,10.360677529166667,1019.3291666666668,0.0,0.0
2014-01-17,34.210169,-118.870509,3.2,0.044,18.0,Thousand Oaks,18.708582916666668,14.919879695833332,9.062798070833333,1018.2208333333333,0.0,0.0
2014-01-18,34.210169,-118.870509,6.0,0.039,33.0,Thousand Oaks,16.541916333333333,25.993309366666665,8.9215442875,1017.4041666666667,0.0,54.291666666666664
2014-01-19,34.210169,-118.870509,11.3,0.036,55.0,Thousand Oaks,15.387749770833333,30.791116020833332,7.515449791666666,1017.6583333333333,0.0,76.5
2014-01-20,34.210169,-118.870509,13.5,0.042,59.0,Thousand Oaks,15.429416375,33.2166890375,4.860599541666667,1018.9708333333333,0.0,25.666666666666668
2014-01-21,34.210169,-118.870509,13.5,0.042,59.0,Thousand Oaks,15.429416375,33.2166890375,4.860599541666667,1018.9708333333333,0.0,25.666666666666668
2014-01-22,34.210169,-118.870509,13.5,0.042,59.0,Thousand Oaks,15.429416375,33.2166890375,4.860599541666667,1018.9708333333333,0.0,25.666666666666668
2014-01-23,34.210169,-118.870509,7.2,0.037,40.0,Thousand Oaks,13.946083083333333,50.468916541666665,7.728770291666667,1013.2208333333333,0.0,32.458333333333336
2014-01-24,34.210169,-118.870509,7.2,0.037,40.0,Thousand Oaks,13.946083083333333,50.468916541666665,7.728770291666667,1013.2208333333333,0.0,32.458333333333336
2014-01-25,34.210169,-118.870509,6.8,0.043,38.0,Thousand Oaks,16.052333083333334,37.363756375,7.042922329166667,1021.8375,0.0,61.458333333333336
2014-01-26,34.210169,-118.870509,14.0,0.038,60.0,Thousand Oaks,13.8856665,59.74462570833333,5.1990480791666664,1019.5833333333334,0.008333333333333333,61.791666666666664
2014-01-27,34.210169,-118.870509,10.1,0.043,53.0,Thousand Oaks,13.76274975,72.40050087499999,6.276404966666667,1017.4583333333334,0.0,42.583333333333336
2014-01-28,34.210169,-118.870509,12.9,0.045,58.0,Thousand Oaks,13.356499833333332,64.3887785,4.7862386,1018.0875,0.0,70.33333333333333
2014-01-29,34.210169,-118.870509,10.4,0.039,53.0,Thousand Oaks,14.933583125,57.74613554166666,5.108371440833333,1017.5500000000001,0.0,62.708333333333336
2014-01-30,34.210169,-118.870509,16.0,0.035,64.0,Thousand Oaks,13.891916541666667,75.28047258333334,6.254194854166666,1013.5291666666667,0.008333333333333333,82.41666666666667
2014-01-31,34.210169,-118.870509,5.7,0.039,32.0,Thousand Oaks,12.102333333333334,76.66057516666667,9.9888254375,1012.4791666666666,0.0,75.58333333333333
2014-02-01,34.210169,-118.870509,7.9,0.041,44.0,Thousand Oaks,10.079416675,56.725279875000005,12.350187354166666,1015.1291666666666,0.0,15.208333333333334
2014-02-02,34.210169,-118.870509,5.1,0.037,28.0,Thousand Oaks,9.123166675,59.212329874999995,10.917212320833334,1017.275,0.0,32.0
2014-02-03,34.210169,-118.870509,4.7,0.04,26.0,Thousand Oaks,9.202333358333332,72.72787795833334,9.718061587500001,1014.0166666666668,0.24583333333333335,54.875
2014-02-04,34.210169,-118.870509,6.4,0.04,36.0,Thousand Oaks,9.319000008333333,66.10648283333333,8.58996605,1015.5625,0.0,38.583333333333336
2014-02-05,34.210169,-118.870509,12.7,0.045,58.0,Thousand Oaks,9.664833341666666,70.36182333333333,7.2107659575000005,1017.9499999999999,0.0,29.791666666666668
2014-02-06,34.210169,-118.870509,9.7,0.034,52.0,Thousand Oaks,10.948166666666667,70.37720133333333,6.869178695833334,1017.0708333333333,0.004166666666666667,75.91666666666667
2014-02-07,34.210169,-118.870509,9.3,0.037,51.0,Thousand Oaks,11.183583333333333,85.38510895833333,6.4293032,1018.2375000000001,0.125,77.25
2014-02-08,34.210169,-118.870509,3.8,0.033,21.0,Thousand Oaks,11.875250000000001,83.45166816666666,5.5830042075,1022.7624999999999,0.0,66.25
2014-02-09,34.210169,-118.870509,4.8,0.029,27.0,Thousand Oaks,12.893999875,89.17056291666667,6.5179713291666665,1022.275,0.0,88.0
2014-02-10,34.210169,-118.870509,7.0,0.032,39.0,Thousand Oaks,13.852333125000001,83.06524900000001,5.661932579166667,1019.4083333333333,0.0,52.958333333333336
2014-02-11,34.210169,-118.870509,4.3,0.034,24.0,Thousand Oaks,14.543999583333333,62.896164875000004,7.9483209375,1017.3083333333334,0.0,44.25
2014-02-12,34.210169,-118.870509,4.7,0.04,26.0,Thousand Oaks,15.412749833333335,55.69101245833334,7.516772708333334,1018.4583333333334,0.0,78.45833333333333
2014-02-13,34.210169,-118.870509,6.1,0.037,34.0,Thousand Oaks,16.243999708333334,57.72069216666667,6.906837279166666,1017.0500000000001,0.0,61.791666666666664
2014-02-14,34.210169,-118.870509,5.4,0.034,30.0,Thousand Oaks,16.552333041666667,52.98743591666667,5.5762427375,1015.9583333333334,0.0,10.291666666666666
2014-02-15,34.210169,-118.870509,10.3,0.033,53.0,Thousand Oaks,16.181499583333334,52.37293116666667,6.0046209625,1014.9875000000001,0.0,51.625
2014-02-16,34.210169,-118.870509,8.0,0.035,44.0,Thousand Oaks,17.418999708333335,55.15275645833333,4.849112595833334,1015.3708333333334,0.0,85.95833333333333
2014-02-17,34.210169,-118.870509,14.8,0.043,62.0,Thousand Oaks,14.362749666666666,67.00554120833333,5.12053635,1016.9250000000001,0.0,18.791666666666668
2014-02-18,34.210169,-118.870509,21.0,0.044,73.0,Thousand Oaks,13.321083,74.54547379166667,6.607538908333333,1016.8333333333334,0.0,81.58333333333333
2014-02-19,34.210169,-118.870509,15.8,0.044,63.0,Thousand Oaks,14.20233325,71.63960133333333,4.2799959366666664,1014.9708333333333,0.0,52.625
2014-02-20,34.210169,-118.870509,5.6,0.045,31.0,Thousand Oaks,15.481499833333332,48.36539083333333,8.0747822875,1014.3791666666666,0.0,40.416666666666664
2014-02-21,34.210169,-118.870509,9.1,0.058,51.0,Thousand Oaks,16.664833166666668,39.63649625,8.5102611375,1014.4125,0.0,48.166666666666664
2014-02-22,34.210169,-118.870509,12.0,0.061,56.0,Thousand Oaks,14.700249625,58.11195670833333,6.976826179166667,1012.3708333333334,0.0,52.833333333333336
2014-02-23,34.210169,-118.870509,21.6,0.055,74.0,Thousand Oaks,14.58774975,61.957082250000006,5.922364529166667,1013.3125,0.0,18.375
2014-02-24,34.210169,-118.870509,20.1,0.059,71.0,Thousand Oaks,14.710666375,65.30924633333333,6.222794441666667,1014.6875,0.0,8.958333333333334
2014-02-25,34.210169,-118.870509,19.7,0.043,71.0,Thousand Oaks,14.281499875,73.220751875,6.5504512916666675,1015.4791666666666,0.0,19.541666666666668
2014-02-26,34.210169,-118.870509,7.9,0.038,44.0,Thousand Oaks,13.4294165,78.34444520833334,8.506649716666667,1016.9499999999999,0.016666666666666666,88.04166666666667
2014-02-27,34.210169,-118.870509,5.1,0.041,28.0,Thousand Oaks,14.152333125,77.9154085,9.736226979166666,1015.3458333333333,0.5958333333333333,83.25
2014-02-28,34.210169,-118.870509,4.5,0.045,25.0,Thousand Oaks,13.158583291666666,84.78196287499999,19.4711174125,1007.8041666666667,1.6125,85.95833333333333
2014-03-01,34.210169,-118.870509,7.0,0.04,39.0,Thousand Oaks,10.721083333333333,94.77623329166666,12.151377375000001,1007.5208333333334,1.3041666666666667,88.66666666666667
2014-03-02,34.210169,-118.870509,6.0,0.038,33.0,Thousand Oaks,10.991916666666667,93.03735479166666,7.113418666666667,1016.0375,0.22083333333333333,88.79166666666667
2014-03-03,34.210169,-118.870509,6.3,0.037,35.0,Thousand Oaks,12.123166583333335,86.45408845833333,6.089062533333333,1019.6708333333332,0.0,70.5
2014-03-04,34.210169,-118.870509,6.3,0.037,35.0,Thousand Oaks,13.458583249999998,85.11054170833333,5.686651941666667,1016.6875,0.0,71.20833333333333
2014-03-05,34.210169,-118.870509,12.7,0.039,58.0,Thousand Oaks,14.331499875,84.84017829166667,5.2538783625,1016.9666666666667,0.0,57.333333333333336
2014-03-06,34.210169,-118.870509,6.4,0.034,36.0,Thousand Oaks,15.583583041666666,84.4731245,6.155933962500001,1016.8375,0.008333333333333333,85.58333333333333
2014-03-07,34.210169,-118.870509,6.2,0.045,34.0,Thousand Oaks,14.643999708333332,76.56371620833333,5.622130754166666,1014.6999999999999,0.0,31.416666666666668
2014-03-08,34.210169,-118.870509,2.5,0.047,14.0,Thousand Oaks,16.350249791666666,55.01904758333333,10.589705725,1015.8541666666666,0.0,8.708333333333334
2014-03-09,34.210169,-118.870509,3.0,0.05,17.0,Thousand Oaks,17.504416333333335,47.76833633333333,10.289491725,1019.3625000000001,0.0,54.166666666666664
2014-03-10,34.210169,-118.870509,4.1,0.05,23.0,Thousand Oaks,15.914832958333333,61.452212333333335,8.747667541666667,1017.3958333333334,0.0,36.291666666666664
2014-03-11,34.210169,-118.870509,4.3,0.047,24.0,Thousand Oaks,15.839832916666666,63.70611970833334,7.244683345833334,1014.9625,0.0,92.41666666666667
2014-03-12,34.210169,-118.870509,3.6,0.045,20.0,Thousand Oaks,15.82524975,41.103217666666666,6.1174265779166666,1014.6875,0.0,38.375
2014-03-13,34.210169,-118.870509,12.3,0.048,57.0,Thousand Oaks,14.552332999999999,67.939276625,7.816053058333334,1014.2083333333334,0.0,25.25
2014-03-14,34.210169,-118.870509,9.9,0.044,52.0,Thousand Oaks,13.621083112500001,76.16143579166668,6.839216395833334,1016.5958333333333,0.0,17.166666666666668
2014-03-15,34.210169,-118.870509,8.7,0.051,48.0,Thousand Oaks,15.9419165,64.82826758333333,6.7001089625,1019.9458333333333,0.0,8.208333333333334
2014-03-16,34.210169,-118.870509,7.5,0.062,42.0,Thousand Oaks,18.368999791666667,49.53780966666667,10.005770041666667,1021.775,0.0,0.0
2014-03-17,34.210169,-118.870509,9.4,0.047,52.0,Thousand Oaks,17.264832916666666,55.857838625,8.305086908333333,1015.475,0.0,11.541666666666666
2014-03-18,34.210169,-118.870509,9.4,0.05,52.0,Thousand Oaks,15.700249708333333,55.20102666666667,8.451752833333334,1009.6041666666666,0.0,66.5
2014-03-19,34.210169,-118.870509,10.3,0.049,53.0,Thousand Oaks,15.266916583333334,47.58445608333333,6.8626787075,1014.2833333333333,0.0,5.25
2014-03-20,34.210169,-118.870509,11.5,0.054,55.0,Thousand Oaks,15.398166666666667,64.12149320833333,5.952053004166667,1016.1041666666666,0.0,62.0
2014-03-21,34.210169,-118.870509,12.6,0.051,58.0,Thousand Oaks,14.337749791666667,76.22177125,6.848490783333333,1014.6708333333332,0.0,22.333333333333332
2014-03-22,34.210169,-118.870509,13.2,0.049,59.0,Thousand Oaks,13.389833166666667,78.7515915,6.2697096825,1016.2083333333334,0.0,23.416666666666668
2014-03-23,34.210169,-118.870509,13.0,0.05,58.0,Thousand Oaks,14.033583208333333,76.29038770833334,6.285314554166667,1018.9083333333333,0.0,53.125
2014-03-24,34.210169,-118.870509,15.3,0.052,63.0,Thousand Oaks,15.139833125000001,75.249878875,8.119006666666666,1018.1833333333334,0.0,77.95833333333333
2014-03-25,34.210169,-118.870509,12.9,0.046,58.0,Thousand Oaks,14.708583249999998,78.97089470833333,6.45052919875,1015.75,0.0,63.041666666666664
2014-03-26,34.210169,-118.870509,4.9,0.044,27.0,Thousand Oaks,13.552333208333332,76.04426545833333,15.68842875,1012.8833333333333,0.0,57.75
2014-03-27,34.210169,-118.870509,6.1,0.044,34.0,Thousand Oaks,12.762749958333332,73.25919425,12.297432419583332,1015.1708333333332,0.0,39.625
2014-03-28,34.210169,-118.870509,11.4,0.049,55.0,Thousand Oaks,13.643999791666667,72.12427270833334,7.910454695833334,1018.8333333333334,0.0,32.416666666666664
2014-03-29,34.210169,-118.870509,10.4,0.049,53.0,Thousand Oaks,15.152333083333334,71.32101258333334,7.024530608333333,1018.7041666666668,0.0,69.41666666666667
2014-03-30,34.210169,-118.870509,5.6,0.046,31.0,Thousand Oaks,14.862749791666667,65.678607,12.236644029166667,1015.5083333333333,0.0,51.375
2014-03-31,34.210169,-118.870509,5.3,0.044,29.0,Thousand Oaks,13.360666541666667,63.85031804166667,10.547512858333333,1015.8583333333332,0.0,16.916666666666668
2014-04-01,34.210169,-118.870509,3.8,0.048,21.0,Thousand Oaks,11.489833333333335,72.79298983333334,14.915712958333332,1015.0458333333332,0.1625,31.458333333333332
2014-04-02,34.210169,-118.870509,3.5,0.048,19.0,Thousand Oaks,10.523166654166667,69.48688887499999,16.60802567083333,1014.6750000000001,0.09999999999999999,23.75
2014-04-03,34.210169,-118.870509,5.1,0.05,28.0,Thousand Oaks,11.125249995833334,71.60619254166666,9.596885733333332,1018.2666666666668,0.0,16.833333333333332
2014-04-04,34.210169,-118.870509,4.5,0.049,25.0,Thousand Oaks,12.754416666666666,74.98691041666667,7.963904883333334,1016.4958333333334,0.0,93.70833333333333
2014-04-05,34.210169,-118.870509,6.1,0.048,34.0,Thousand Oaks,13.196083208333334,68.45394658333333,8.35038845,1014.3375,0.0,6.291666666666667
2014-04-06,34.210169,-118.870509,5.5,0.051,31.0,Thousand Oaks,15.800249666666666,54.00682741666666,9.538586758333333,1016.9250000000001,0.0,0.0
2014-04-07,34.210169,-118.870509,4.9,0.056,27.0,Thousand Oaks,18.691916458333335,45.894829249999994,10.2062233375,1017.3625000000001,0.0,0.08333333333333333
2014-04-08,34.210169,-118.870509,5.9,0.061,33.0,Thousand Oaks,19.63566625,46.095109083333334,7.657306666666667,1017.6750000000001,0.0,27.5
2014-04-09,34.210169,-118.870509,4.8,0.056,27.0,Thousand Oaks,20.054416333333332,46.05612575,8.2785378375,1015.8458333333333,0.0,89.08333333333333
2014-04-10,34.210169,-118.870509,6.9,0.045,38.0,Thousand Oaks,19.068999583333333,46.454921625,7.696039179166667,1014.1333333333333,0.0,43.166666666666664
2014-04-11,34.210169,-118.870509,9.6,0.049,52.0,Thousand Oaks,18.962749791666667,51.13571675,6.344833644583333,1012.5833333333334,0.0,48.666666666666664
2014-04-12,34.210169,-118.870509,13.2,0.046,59.0,Thousand Oaks,14.462749791666667,75.21886808333333,8.257334266666666,1012.2208333333333,0.0,16.0
2014-04-13,34.210169,-118.870509,10.6,0.046,54.0,Thousand Oaks,13.029416625000001,73.97827695833332,6.622505304166666,1014.4875000000001,0.0,18.125
2014-04-14,34.210169,-118.870509,11.2,0.052,55.0,Thousand Oaks,16.28566629166667,66.41470954166667,6.8757061125000005,1016.375,0.0,9.666666666666666
2014-04-15,34.210169,-118.870509,11.2,0.057,55.0,Thousand Oaks,18.625249625,49.772537625000005,7.114049033333333,1014.3916666666668,0.0,30.708333333333332
2014-04-16,34.210169,-118.870509,22.2,0.058,75.0,Thousand Oaks,17.016916,66.59925770833333,8.384034783333334,1010.1791666666667,0.0,21.25
2014-04-17,34.210169,-118.870509,20.4,0.052,72.0,Thousand Oaks,16.223166375,71.26794629166666,8.148128425000001,1010.8166666666666,0.0,59.0
2014-04-18,34.210169,-118.870509,15.3,0.051,63.0,Thousand Oaks,16.160666458333335,75.30138145833332,8.4009684375,1011.875,0.03333333333333333,92.83333333333333
2014-04-19,34.210169,-118.870509,13.5,0.054,59.0,Thousand Oaks,16.596083,77.729873,7.18736571125,1013.9375,0.0,66.25
2014-04-20,34.210169,-118.870509,16.0,0.057,64.0,Thousand Oaks,17.310666208333334,70.39833583333333,9.282931933333334,1016.4833333333332,0.0,10.916666666666666
2014-04-21,34.210169,-118.870509,15.2,0.056,62.0,Thousand Oaks,18.046082916666666,68.11769779166666,7.173503916666667,1016.4375,0.0,13.916666666666666
2014-04-22,34.210169,-118.870509,12.0,0.051,56.0,Thousand Oaks,17.021083,71.14205904166667,7.590493252916667,1014.025,0.0,63.666666666666664
2014-04-23,34.210169,-118.870509,5.5,0.053,31.0,Thousand Oaks,16.689833083333333,47.20649433333333,8.629364383333334,1013.0500000000001,0.0,38.291666666666664
2014-04-24,34.210169,-118.870509,5.6,0.057,31.0,Thousand Oaks,17.198166166666667,49.658961041666664,8.029065970833333,1013.5291666666667,0.0,18.875
2014-04-25,34.210169,-118.870509,10.5,0.051,54.0,Thousand Oaks,16.2044165,66.06739804166666,10.181630554166667,1012.1166666666667,0.0,59.75
2014-04-26,34.210169,-118.870509,5.3,0.046,29.0,Thousand Oaks,12.737749833333334,67.67127016666667,19.681524083333333,1010.2291666666666,0.13333333333333333,52.041666666666664
2014-04-27,34.210169,-118.870509,6.0,0.047,33.0,Thousand Oaks,14.648166291666668,58.94580270833333,11.932333666666667,1014.2708333333334,0.0,21.333333333333332
2014-04-28,34.210169,-118.870509,5.2,0.06,29.0,Thousand Oaks,17.373166041666668,56.220849791666666,8.094574608333334,1014.725,0.0,6.166666666666667
2014-04-29,34.210169,-118.870509,4.2,0.057,23.0,Thousand Oaks,22.641915958333332,26.44490180833333,10.427316479166667,1015.1875,0.0,3.25
2014-04-30,34.210169,-118.870509,3.8,0.06,21.0,Thousand Oaks,24.396083,13.37223195,11.182921275,1015.6333333333333,0.0,0.7083333333333334
2014-05-01,34.210169,-118.870509,3.5,0.062,19.0,Thousand Oaks,24.200249499999998,14.470287399999998,8.543248808333333,1015.2833333333333,0.0,26.625
2014-05-02,34.210169,-118.870509,9.7,0.079,52.0,Thousand Oaks,24.006499375,22.793836666666667,11.583826262499999,1014.1333333333333,0.0,23.958333333333332
2014-05-03,34.210169,-118.870509,12.1,0.07,57.0,Thousand Oaks,22.866915958333333,32.180707625000004,9.358301245833333,1012.2208333333333,0.0,41.666666666666664
2014-05-04,34.210169,-118.870509,11.7,0.053,56.0,Thousand Oaks,20.873165833333335,46.36659208333333,7.65711082625,1012.6125000000001,0.0,67.41666666666667
2014-05-05,34.210169,-118.870509,9.9,0.05,52.0,Thousand Oaks,17.814832958333334,62.011163,8.605023025,1014.3041666666667,0.0,43.875
2014-05-06,34.210169,-118.870509,7.2,0.043,40.0,Thousand Oaks,14.277333166666667,68.76118808333334,13.507099541666667,1011.4083333333333,0.0,29.25
2014-05-07,34.210169,-118.870509,10.7,0.043,54.0,Thousand Oaks,15.039833166666668,59.51256625,11.607681995833333,1011.6291666666666,0.008333333333333333,8.25
2014-05-08,34.210169,-118.870509,12.1,0.052,57.0,Thousand Oaks,14.473166458333333,65.43335108333333,8.983490291666667,1015.7041666666668,0.0,41.875
2014-05-09,34.210169,-118.870509,10.2,0.043,53.0,Thousand Oaks,16.262749708333335,67.7636285,8.195373644583333,1016.9125,0.0,59.833333333333336
2014-05-10,34.210169,-118.870509,11.3,0.05,55.0,Thousand Oaks,17.798166291666664,66.37348808333333,8.507935970833334,1013.3916666666668,0.0,25.25
2014-05-11,34.210169,-118.870509,4.4,0.047,24.0,Thousand Oaks,18.077332833333333,40.31314808333333,14.761149370833332,1010.7208333333333,0.0,31.166666666666668
2014-05-12,34.210169,-118.870509,2.8,0.054,16.0,Thousand Oaks,20.06899975,32.5714405,10.819202595833334,1014.1958333333333,0.0,1.0
2014-05-13,34.210169,-118.870509,4.8,0.054,27.0,Thousand Oaks,23.36066633333333,21.9632433375,12.1802422875,1015.9666666666667,0.0,0.125
2014-05-14,34.210169,-118.870509,3.7,0.055,21.0,Thousand Oaks,26.052332916666668,14.697733458333333,10.010936575,1016.4666666666667,0.0,0.0
2014-05-15,34.210169,-118.870509,4.9,0.067,27.0,Thousand Oaks,26.48775004166667,17.857788158333335,10.136809458333333,1014.9166666666666,0.0,0.0
2014-05-16,34.210169,-118.870509,11.2,0.081,55.0,Thousand Oaks,25.76899954166667,20.592855608333334,9.7642127625,1013.7791666666667,0.0,33.416666666666664
2014-05-17,34.210169,-118.870509,16.0,0.055,64.0,Thousand Oaks,23.356499333333332,41.359253333333335,8.020468745833334,1011.6041666666666,0.0,60.75
2014-05-18,34.210169,-118.870509,13.2,0.048,59.0,Thousand Oaks,20.171082875,60.09427879166666,8.2829830875,1010.8333333333334,0.0,64.04166666666667
2014-05-19,34.210169,-118.870509,12.0,0.044,56.0,Thousand Oaks,18.158582875,67.01013791666666,9.751342408333334,1011.7333333333332,0.0,15.833333333333334
2014-05-20,34.210169,-118.870509,5.5,0.039,31.0,Thousand Oaks,15.566916541666666,67.99755633333334,10.129237883333333,1013.6750000000001,0.0,22.041666666666668
2014-05-21,34.210169,-118.870509,9.3,0.043,51.0,Thousand Oaks,15.6794165,67.067386,10.170791608333333,1013.9958333333334,0.004166666666666667,29.458333333333332
2014-05-22,34.210169,-118.870509,9.6,0.042,52.0,Thousand Oaks,16.029416375,75.62741125,7.4146412375,1014.0958333333333,0.004166666666666667,76.33333333333333
2014-05-23,34.210169,-118.870509,10.3,0.046,53.0,Thousand Oaks,16.498166333333334,78.99744175,7.9086128874999995,1015.3666666666667,0.0,61.208333333333336
2014-05-24,34.210169,-118.870509,14.4,0.046,61.0,Thousand Oaks,16.6731665,78.04424220833333,6.9879024375,1015.2791666666667,0.0,63.375
2014-05-25,34.210169,-118.870509,13.6,0.048,59.0,Thousand Oaks,18.089832916666666,74.078327125,7.161152212499999,1013.8458333333333,0.0,19.875
2014-05-26,34.210169,-118.870509,13.4,0.052,59.0,Thousand Oaks,19.971082958333334,67.72065208333333,7.347954975,1013.3458333333333,0.0,13.291666666666666
2014-05-27,34.210169,-118.870509,13.7,0.055,60.0,Thousand Oaks,20.791916166666667,65.47162070833333,7.567461408333333,1013.8208333333333,0.0,9.208333333333334
2014-05-28,34.210169,-118.870509,18.7,0.057,69.0,Thousand Oaks,20.373166166666667,66.61012995833333,7.8816562291666665,1012.2666666666668,0.0,71.91666666666667
2014-05-29,34.210169,-118.870509,20.0,0.054,71.0,Thousand Oaks,19.531499666666665,67.27655595833333,8.386326233333333,1011.4583333333334,0.0,42.541666666666664
2014-05-30,34.210169,-118.870509,17.1,0.058,66.0,Thousand Oaks,20.902332833333332,62.51442716666667,7.438449004166666,1011.2541666666666,0.0,13.291666666666666
2014-05-31,34.210169,-118.870509,17.7,0.054,67.0,Thousand Oaks,21.108582708333333,56.679174749999994,7.11268245,1011.1541666666667,0.0,7.041666666666667
2014-06-01,34.210169,-118.870509,16.2,0.053,64.0,Thousand Oaks,20.398166166666666,58.27786470833333,7.657266241666666,1010.9458333333333,0.0,6.333333333333333
2014-06-02,34.210169,-118.870509,12.1,0.048,57.0,Thousand Oaks,19.852332875,61.621928833333335,7.909240741666667,1010.4291666666667,0.0,40.083333333333336
2014-06-03,34.210169,-118.870509,10.5,0.051,54.0,Thousand Oaks,19.735666166666665,58.67607220833333,7.537354925,1011.2375000000001,0.0,14.333333333333334
2014-06-04,34.210169,-118.870509,11.0,0.052,55.0,Thousand Oaks,20.31691629166667,58.040868708333335,8.6253966,1010.0124999999999,0.0,19.75
2014-06-05,34.210169,-118.870509,15.7,0.048,63.0,Thousand Oaks,20.708582375,60.969924625,7.916181299999999,1009.5333333333333,0.0,4.0
2014-06-06,34.210169,-118.870509,15.9,0.045,64.0,Thousand Oaks,19.198166291666666,68.83841825,7.604453390833334,1009.3208333333333,0.0,9.083333333333334
2014-06-07,34.210169,-118.870509,18.5,0.05,69.0,Thousand Oaks,17.829416416666668,69.14617299999999,7.594160245833333,1009.5875,0.0,8.916666666666666
2014-06-08,34.210169,-118.870509,15.0,0.051,62.0,Thousand Oaks,19.606499458333335,65.23910908333333,6.7852120000000005,1008.9791666666666,0.0,10.25
2014-06-09,34.210169,-118.870509,11.8,0.053,56.0,Thousand Oaks,21.314832666666668,63.896931375,6.874002366666667,1008.3125,0.0,11.166666666666666
2014-06-10,34.210169,-118.870509,16.0,0.046,64.0,Thousand Oaks,19.412749666666667,70.56033795833333,6.8130492616666665,1008.5958333333333,0.0,10.916666666666666
2014-06-11,34.210169,-118.870509,9.6,0.046,52.0,Thousand Oaks,18.431499791666667,73.11107391666667,6.531362883333333,1011.2875,0.0,20.0
2014-06-12,34.210169,-118.870509,12.1,0.046,57.0,Thousand Oaks,18.554416458333332,70.42751120833334,8.604207066666666,1012.7624999999999,0.0,6.375
2014-06-13,34.210169,-118.870509,12.8,0.048,58.0,Thousand Oaks,18.796082833333333,68.38669416666666,7.542051420833334,1013.1458333333334,0.0,5.083333333333333
2014-06-14,34.210169,-118.870509,15.6,0.049,63.0,Thousand Oaks,19.339832875,64.737842375,8.865459891666667,1011.3666666666667,0.0,9.333333333333334
2014-06-15,34.210169,-118.870509,18.1,0.047,68.0,Thousand Oaks,18.952333125,68.26781658333333,8.380736604166666,1010.225,0.0,29.166666666666668
2014-06-16,34.210169,-118.870509,12.9,0.042,58.0,Thousand Oaks,18.06274975,68.07315633333333,7.162298291666667,1011.3958333333334,0.0,12.125
2014-06-17,34.210169,-118.870509,12.0,0.041,56.0,Thousand Oaks,18.079416,63.984045625,8.833500908333333,1011.975,0.0,2.625
2014-06-18,34.210169,-118.870509,15.0,0.05,62.0,Thousand Oaks,17.93774975,66.7478215,8.717451549166666,1012.3708333333334,0.0,4.458333333333333
2014-06-19,34.210169,-118.870509,16.8,0.053,65.0,Thousand Oaks,20.4189995,64.25975866666667,6.817710258333332,1013.0208333333334,0.0,4.25
2014-06-20,34.210169,-118.870509,16.2,0.053,64.0,Thousand Oaks,22.28358283333333,58.19841220833334,8.607064045833333,1012.225,0.0,41.291666666666664
2014-06-21,34.210169,-118.870509,18.7,0.052,69.0,Thousand Oaks,22.0773325,59.346092416666664,8.469500458333334,1010.8625000000001,0.0,63.708333333333336
2014-06-22,34.210169,-118.870509,17.2,0.049,66.0,Thousand Oaks,21.308582666666666,64.470476625,6.956774054166666,1011.7208333333333,0.0,9.125
2014-06-23,34.210169,-118.870509,18.2,0.051,68.0,Thousand Oaks,20.177332958333334,66.16342837500001,7.377310275,1012.1875,0.0,2.4166666666666665
2014-06-24,34.210169,-118.870509,17.0,0.049,66.0,Thousand Oaks,20.152332666666666,66.307601625,7.8869396541666665,1013.0958333333333,0.0,53.125
2014-06-25,34.210169,-118.870509,12.7,0.042,58.0,Thousand Oaks,20.727333083333335,67.90260716666667,6.983676966666667,1011.7833333333333,0.0,3.7083333333333335
2014-06-26,34.210169,-118.870509,9.4,0.036,52.0,Thousand Oaks,20.898165833333334,69.506,7.550320974999999,1011.5208333333334,0.0,38.666666666666664
2014-06-27,34.210169,-118.870509,9.8,0.041,52.0,Thousand Oaks,21.321082875,69.06996008333333,8.039415679166668,1010.3458333333333,0.0,37.291666666666664
2014-06-28,34.210169,-118.870509,10.7,0.039,54.0,Thousand Oaks,21.727332833333335,68.09475925,7.674245958333334,1009.9708333333333,0.0,16.333333333333332
2014-06-29,34.210169,-118.870509,15.0,0.054,62.0,Thousand Oaks,21.733582625,67.82641916666667,7.350065029166667,1010.7375000000001,0.0,15.541666666666666
2014-06-30,34.210169,-118.870509,15.7,0.044,63.0,Thousand Oaks,21.856499333333332,70.61726237500001,7.689337395833333,1011.2708333333334,0.0,24.5
2014-07-01,34.210169,-118.870509,14.5,0.044,61.0,Thousand Oaks,21.160666250000002,72.051856625,6.656827641666666,1010.4208333333332,0.0,12.125
2014-07-02,34.210169,-118.870509,12.5,0.046,57.0,Thousand Oaks,21.233582708333333,68.67834879166666,7.6357290125,1010.6958333333333,0.0,5.791666666666667
2014-07-03,34.210169,-118.870509,14.2,0.057,61.0,Thousand Oaks,22.743999458333334,66.53554833333332,7.5999073125,1011.5,0.0,6.458333333333333
2014-07-04,34.210169,-118.870509,16.3,0.054,64.0,Thousand Oaks,24.302332708333335,62.06872191666667,7.79337891125,1012.7458333333334,0.0,7.791666666666667
2014-07-05,34.210169,-118.870509,19.0,0.043,69.0,Thousand Oaks,24.508582625000003,62.53449254166667,7.192896287500001,1015.5375,0.004166666666666667,10.0
2014-07-06,34.210169,-118.870509,8.7,0.032,48.0,Thousand Oaks,24.377332791666664,64.86291204166666,7.147498333333334,1015.1208333333334,0.0,24.375
2014-07-07,34.210169,-118.870509,12.6,0.049,58.0,Thousand Oaks,24.00233283333333,62.19607383333334,8.000924258333333,1012.2125,0.008333333333333333,17.375
2014-07-08,34.210169,-118.870509,10.3,0.045,53.0,Thousand Oaks,23.604416041666667,65.05793529166667,5.900033533333333,1012.1833333333334,0.0,27.125
2014-07-09,34.210169,-118.870509,12.4,0.046,57.0,Thousand Oaks,22.773166333333332,67.6631125,6.750588418333333,1013.3249999999999,0.0,12.583333333333334
2014-07-10,34.210169,-118.870509,8.7,0.041,48.0,Thousand Oaks,21.521082458333336,69.89949395833334,7.873143925,1013.0833333333334,0.0,2.1666666666666665
2014-07-11,34.210169,-118.870509,8.7,0.041,48.0,Thousand Oaks,21.521082458333336,69.89949395833334,7.873143925,1013.0833333333334,0.0,2.1666666666666665
2014-07-12,34.210169,-118.870509,8.7,0.041,48.0,Thousand Oaks,21.521082458333336,69.89949395833334,7.873143925,1013.0833333333334,0.0,2.1666666666666665
2014-07-13,34.210169,-118.870509,8.7,0.041,48.0,Thousand Oaks,21.521082458333336,69.89949395833334,7.873143925,1013.0833333333334,0.0,2.1666666666666665
2014-07-14,34.210169,-118.870509,8.7,0.041,48.0,Thousand Oaks,21.521082458333336,69.89949395833334,7.873143925,1013.0833333333334,0.0,2.1666666666666665
2014-07-15,34.210169,-118.870509,8.7,0.041,48.0,Thousand Oaks,21.521082458333336,69.89949395833334,7.873143925,1013.0833333333334,0.0,2.1666666666666665
2014-07-16,34.210169,-118.870509,8.7,0.041,48.0,Thousand Oaks,21.521082458333336,69.89949395833334,7.873143925,1013.0833333333334,0.0,2.1666666666666665
2014-07-17,34.210169,-118.870509,8.7,0.041,48.0,Thousand Oaks,21.521082458333336,69.89949395833334,7.873143925,1013.0833333333334,0.0,2.1666666666666665
2014-07-18,34.210169,-118.870509,8.7,0.041,48.0,Thousand Oaks,21.521082458333336,69.89949395833334,7.873143925,1013.0833333333334,0.0,2.1666666666666665
2014-07-19,34.210169,-118.870509,4.6,0.03,26.0,Thousand Oaks,19.398166041666666,81.186274125,6.6879752083333335,1013.9166666666666,0.0,74.25
2014-07-20,34.210169,-118.870509,3.7,0.032,21.0,Thousand Oaks,19.818999625,81.92312779166667,6.4816344875,1014.4416666666666,0.0,51.583333333333336
2014-07-21,34.210169,-118.870509,3.1,0.035,17.0,Thousand Oaks,20.008582583333332,81.59868974999999,8.9616118875,1015.625,0.0,12.833333333333334
2014-07-22,34.210169,-118.870509,3.4,0.034,19.0,Thousand Oaks,21.335666291666666,77.83586445833333,8.467789791666666,1015.9541666666668,0.0,14.458333333333334
2014-07-23,34.210169,-118.870509,5.7,0.038,32.0,Thousand Oaks,23.42733275,66.38195845833333,8.166436366666666,1014.7166666666667,0.0,0.9166666666666666
2014-07-24,34.210169,-118.870509,10.0,0.052,53.0,Thousand Oaks,24.433582791666666,65.41724733333334,7.7838022916666665,1010.5625,0.0,9.416666666666666
2014-07-25,34.210169,-118.870509,17.7,0.043,67.0,Thousand Oaks,24.389832875,64.72637933333333,8.275347683333333,1010.025,0.0,13.666666666666666
2014-07-26,34.210169,-118.870509,14.0,0.046,60.0,Thousand Oaks,23.898165833333334,69.55614333333334,5.505043958333334,1012.9125,0.0,46.166666666666664
2014-07-27,34.210169,-118.870509,9.0,0.044,50.0,Thousand Oaks,22.743999125000002,75.66765154166667,6.505361015416667,1014.2916666666666,0.0,60.458333333333336
2014-07-28,34.210169,-118.870509,9.5,0.044,52.0,Thousand Oaks,23.08774916666667,80.18263225,7.687165129166666,1015.4625,0.33749999999999997,81.75
2014-07-29,34.210169,-118.870509,9.5,0.05,52.0,Thousand Oaks,23.506499125,78.17694983333332,6.954863795833333,1015.6666666666666,0.004166666666666667,57.416666666666664
2014-07-30,34.210169,-118.870509,11.7,0.047,56.0,Thousand Oaks,24.029415916666665,75.92434429166667,7.757444091666667,1013.6750000000001,0.0,77.66666666666667
2014-07-31,34.210169,-118.870509,13.0,0.042,58.0,Thousand Oaks,24.298166166666665,70.67569670833333,7.6378883,1012.4291666666667,0.004166666666666667,40.375
2014-08-01,34.210169,-118.870509,13.6,0.052,59.0,Thousand Oaks,23.68358275,70.05304408333333,7.334283444583334,1012.0124999999999,0.0,13.333333333333334
2014-08-02,34.210169,-118.870509,14.1,0.053,60.0,Thousand Oaks,24.414832708333336,68.700033625,6.467168966666667,1012.1958333333333,0.0,58.541666666666664
2014-08-03,34.210169,-118.870509,8.2,0.047,46.0,Thousand Oaks,23.783582874999997,73.12030825000001,6.966800566666667,1012.3916666666668,0.19583333333333333,94.625
2014-08-04,34.210169,-118.870509,10.6,0.045,54.0,Thousand Oaks,23.518999375000003,71.290942375,6.440121012500001,1013.6083333333332,0.0,31.583333333333332
2014-08-05,34.210169,-118.870509,6.5,0.041,36.0,Thousand Oaks,21.50233245833333,68.82325454166667,7.230759533333334,1015.0666666666666,0.0,5.666666666666667
2014-08-06,34.210169,-118.870509,8.2,0.039,46.0,Thousand Oaks,20.529416,71.920156,8.501193925,1015.9708333333333,0.0,13.791666666666666
2014-08-07,34.210169,-118.870509,9.1,0.044,51.0,Thousand Oaks,20.521082625000002,74.95363483333334,7.437844520833334,1014.4499999999999,0.0,5.25
2014-08-08,34.210169,-118.870509,10.3,0.049,53.0,Thousand Oaks,21.135666166666667,74.54769966666667,6.719611779166667,1013.0083333333333,0.0,8.833333333333334
2014-08-09,34.210169,-118.870509,14.1,0.052,60.0,Thousand Oaks,21.933582916666666,72.69341370833334,6.959809307083333,1013.1916666666666,0.0,12.458333333333334
2014-08-10,34.210169,-118.870509,14.3,0.051,61.0,Thousand Oaks,22.673166124999998,69.62228070833334,6.434554666666667,1013.9625,0.0,8.791666666666666
2014-08-11,34.210169,-118.870509,10.0,0.039,53.0,Thousand Oaks,23.623166041666668,66.40118441666667,6.927950695833334,1013.1583333333333,0.0,8.041666666666666
2014-08-12,34.210169,-118.870509,10.0,0.038,53.0,Thousand Oaks,22.74191575,68.6990435,7.702126911666666,1013.5583333333334,0.0,16.291666666666668
2014-08-13,34.210169,-118.870509,8.0,0.034,44.0,Thousand Oaks,22.081499500000003,69.66182045833334,7.514398987500001,1013.7333333333332,0.0,10.958333333333334
2014-08-14,34.210169,-118.870509,10.0,0.047,53.0,Thousand Oaks,22.10858275,69.91146179166667,6.8865858075,1013.3291666666668,0.0,17.375
2014-08-15,34.210169,-118.870509,6.4,0.047,36.0,Thousand Oaks,23.30649929166667,62.13248829166667,5.598495911666666,1013.7333333333332,0.0,0.9583333333333334
2014-08-16,34.210169,-118.870509,5.5,0.043,31.0,Thousand Oaks,23.991916166666666,59.94269029166667,7.2933782250000005,1014.2624999999999,0.0,0.08333333333333333
2014-08-17,34.210169,-118.870509,6.9,0.042,38.0,Thousand Oaks,24.416916,57.94054154166667,7.088354048749999,1013.275,0.0,1.7083333333333333
2014-08-18,34.210169,-118.870509,10.5,0.05,54.0,Thousand Oaks,23.983582666666667,60.479599500000006,6.960189469583334,1010.4166666666666,0.0,8.583333333333334
2014-08-19,34.210169,-118.870509,10.7,0.038,54.0,Thousand Oaks,21.764832791666667,67.54253704166666,8.45268705,1010.6166666666667,0.004166666666666667,21.458333333333332
2014-08-20,34.210169,-118.870509,8.3,0.046,46.0,Thousand Oaks,20.89399925,73.68250441666667,6.164442116666667,1011.7958333333332,0.0,8.458333333333334
2014-08-21,34.210169,-118.870509,7.5,0.048,42.0,Thousand Oaks,21.046082583333334,73.55978362500001,8.2135291125,1012.8083333333334,0.0,4.291666666666667
2014-08-22,34.210169,-118.870509,8.7,0.041,48.0,Thousand Oaks,22.518999375000003,66.98350883333333,6.504962802916666,1013.5749999999999,0.0,8.583333333333334
2014-08-23,34.210169,-118.870509,10.2,0.042,53.0,Thousand Oaks,21.956499124999997,65.80394429166667,6.3250107,1013.3291666666668,0.0,3.4166666666666665
2014-08-24,34.210169,-118.870509,6.9,0.041,38.0,Thousand Oaks,21.27941625,65.08952866666667,6.003167827083334,1011.5458333333332,0.0,7.25
2014-08-25,34.210169,-118.870509,8.5,0.042,47.0,Thousand Oaks,20.62108304166667,69.20864804166666,7.409794890833333,1011.3958333333334,0.0,74.0
2014-08-26,34.210169,-118.870509,10.6,0.048,54.0,Thousand Oaks,21.391916,65.90251558333334,6.516076990416667,1013.4250000000001,0.0,28.416666666666668
2014-08-27,34.210169,-118.870509,8.0,0.058,44.0,Thousand Oaks,23.968999041666667,58.49564591666667,6.693918087499999,1014.9666666666667,0.0,0.6666666666666666
2014-08-28,34.210169,-118.870509,6.5,0.06,36.0,Thousand Oaks,25.254416000000003,54.48788991666667,8.593313779166666,1014.6541666666667,0.0,0.0
2014-08-29,34.210169,-118.870509,10.9,0.06,54.0,Thousand Oaks,24.823165791666668,54.96107658333333,7.2726175325,1010.9958333333334,0.0,16.5
2014-08-30,34.210169,-118.870509,13.5,0.053,59.0,Thousand Oaks,24.27524929166667,61.50861366666667,6.62516835,1009.1083333333332,0.0,4.583333333333333
2014-08-31,34.210169,-118.870509,12.4,0.048,57.0,Thousand Oaks,24.662749291666668,60.23119070833334,7.807721129166667,1008.3625000000001,0.0,31.333333333333332
2014-09-01,34.210169,-118.870509,16.4,0.054,65.0,Thousand Oaks,23.660666083333336,65.96956216666666,8.3095414875,1008.8625000000001,0.0,13.541666666666666
2014-09-02,34.210169,-118.870509,14.7,0.049,61.0,Thousand Oaks,22.931499208333335,70.81852720833334,6.520953104166666,1009.4375,0.0,6.208333333333333
2014-09-03,34.210169,-118.870509,12.6,0.046,58.0,Thousand Oaks,21.979415916666667,73.32309579166666,6.833482916666667,1008.1333333333333,0.0,14.541666666666666
2014-09-04,34.210169,-118.870509,10.0,0.045,53.0,Thousand Oaks,21.160666083333336,70.941992125,7.136926340833334,1006.875,0.0,7.666666666666667
2014-09-05,34.210169,-118.870509,9.9,0.051,52.0,Thousand Oaks,21.485665916666665,67.57182,7.047320529166666,1009.5,0.0,5.083333333333333
2014-09-06,34.210169,-118.870509,14.3,0.057,61.0,Thousand Oaks,23.49608275,62.760045375,6.641929835416666,1011.2041666666668,0.0,9.375
2014-09-07,34.210169,-118.870509,10.4,0.051,53.0,Thousand Oaks,25.098166125000002,58.323546,6.825329191666667,1008.8291666666668,0.0,21.541666666666668
2014-09-08,34.210169,-118.870509,16.2,0.044,64.0,Thousand Oaks,24.773166,64.7491295,6.336704318333333,1009.1208333333334,0.041666666666666664,65.375
2014-09-09,34.210169,-118.870509,8.7,0.038,48.0,Thousand Oaks,24.021082708333335,76.23827804166667,5.747752245000001,1011.2041666666668,0.004166666666666667,36.458333333333336
2014-09-10,34.210169,-118.870509,8.9,0.049,49.0,Thousand Oaks,23.631499416666667,66.792860125,6.938673558333334,1011.2125,0.0,0.25
2014-09-11,34.210169,-118.870509,7.8,0.058,43.0,Thousand Oaks,25.227332625,58.694456,7.147471941666667,1010.1916666666666,0.0,0.2916666666666667
2014-09-12,34.210169,-118.870509,10.5,0.054,54.0,Thousand Oaks,25.368999333333335,58.107628,7.406801312500001,1009.1833333333334,0.0,0.2916666666666667
2014-09-13,34.210169,-118.870509,12.0,0.066,56.0,Thousand Oaks,26.10858275,52.22807504166667,8.15066921,1007.6291666666666,0.0,27.666666666666668
2014-09-14,34.210169,-118.870509,9.3,0.058,51.0,Thousand Oaks,27.839833041666665,45.93647908333333,7.306786708333333,1006.3916666666668,0.0,39.833333333333336
2014-09-15,34.210169,-118.870509,10.3,0.054,53.0,Thousand Oaks,27.806499541666668,49.147482749999995,7.5615549500000006,1007.6166666666667,0.0,18.875
2014-09-16,34.210169,-118.870509,9.8,0.054,52.0,Thousand Oaks,28.454416541666664,45.039790375,7.441860558333333,1007.3041666666667,0.0,24.083333333333332
2014-09-17,34.210169,-118.870509,11.0,0.046,55.0,Thousand Oaks,28.000249583333332,51.39966325,7.325747441666667,1006.5791666666668,0.0,22.791666666666668
2014-09-18,34.210169,-118.870509,3.9,0.025,22.0,Thousand Oaks,23.254416000000003,66.65247116666667,10.234672266666667,1008.75,0.0,6.875
2014-09-19,34.210169,-118.870509,6.1,0.037,34.0,Thousand Oaks,20.96066625,79.84704375,7.6323433375,1010.7458333333334,0.0,20.083333333333332
2014-09-20,34.210169,-118.870509,8.5,0.038,47.0,Thousand Oaks,20.760666125,77.94298475000001,6.879343095833334,1011.9583333333334,0.0,17.416666666666668
2014-09-21,34.210169,-118.870509,7.3,0.04,41.0,Thousand Oaks,20.429415958333333,78.033041,6.8285280195833336,1013.5458333333332,0.0,27.333333333333332
2014-09-22,34.210169,-118.870509,7.3,0.045,41.0,Thousand Oaks,21.62941604166667,73.91063304166666,6.5642703608333335,1013.8583333333332,0.0,5.833333333333333
2014-09-23,34.210169,-118.870509,7.9,0.051,44.0,Thousand Oaks,23.116915875,65.2332895,6.1451712249999995,1013.3541666666666,0.0,14.875
2014-09-24,34.210169,-118.870509,5.0,0.051,28.0,Thousand Oaks,23.60858275,60.95934195833333,7.6377618625,1011.9958333333334,0.0,8.458333333333334
2014-09-25,34.210169,-118.870509,2.7,0.038,15.0,Thousand Oaks,24.429416,54.337807875,7.137605954166666,1011.5791666666668,0.004166666666666667,26.416666666666668
2014-09-26,34.210169,-118.870509,6.2,0.039,34.0,Thousand Oaks,21.929415875,66.13079166666667,7.763379997916666,1011.0166666666668,0.0,1.5833333333333333
2014-09-27,34.210169,-118.870509,9.9,0.042,52.0,Thousand Oaks,19.289833041666665,69.66699816666666,9.570445725,1010.4875000000001,0.0,10.833333333333334
2014-09-28,34.210169,-118.870509,9.0,0.045,50.0,Thousand Oaks,18.3252495,72.85379283333333,9.059127091666666,1010.6374999999999,0.0,30.0
2014-09-29,34.210169,-118.870509,8.4,0.047,47.0,Thousand Oaks,19.116916125,69.879138,7.149522716666667,1012.4291666666667,0.0,15.25
2014-09-30,34.210169,-118.870509,6.8,0.057,38.0,Thousand Oaks,20.635666166666667,59.12973083333333,8.519735275,1010.3416666666667,0.0,3.125
2014-10-01,34.210169,-118.870509,12.4,0.058,57.0,Thousand Oaks,20.829416291666664,65.09272875,7.6942236529166665,1008.1125000000001,0.0,12.25
2014-10-02,34.210169,-118.870509,3.6,0.051,20.0,Thousand Oaks,23.975249541666667,44.06977546666667,6.661243740833334,1011.8041666666667,0.0,0.5833333333333334
2014-10-03,34.210169,-118.870509,3.7,0.063,21.0,Thousand Oaks,25.039833,29.739241141666668,9.403115333333334,1014.5541666666667,0.0,19.875
2014-10-04,34.210169,-118.870509,3.1,0.059,17.0,Thousand Oaks,25.696082958333335,30.390515854166665,9.317443320833332,1013.1374999999999,0.0,76.25
2014-10-05,34.210169,-118.870509,7.7,0.078,43.0,Thousand Oaks,24.56483283333333,41.99403170833333,7.4305353033333335,1011.5291666666667,0.0,39.041666666666664
2014-10-06,34.210169,-118.870509,10.0,0.072,53.0,Thousand Oaks,23.933582833333332,55.288450583333336,7.277305470833333,1011.475,0.0,2.25
2014-10-07,34.210169,-118.870509,12.1,0.068,57.0,Thousand Oaks,23.656499583333332,54.883297416666665,6.401421516666667,1011.0583333333334,0.0,0.625
2014-10-08,34.210169,-118.870509,10.5,0.06,54.0,Thousand Oaks,23.060666166666667,55.04279820833333,5.783753491666666,1010.125,0.0,16.125
2014-10-09,34.210169,-118.870509,14.3,0.053,61.0,Thousand Oaks,20.814833041666667,69.08813354166666,8.572352120833333,1011.6999999999999,0.0,12.666666666666666
2014-10-10,34.210169,-118.870509,14.7,0.049,61.0,Thousand Oaks,20.237749458333333,74.46847191666667,5.2436538625,1013.8625000000001,0.0,13.375
2014-10-11,34.210169,-118.870509,13.5,0.051,59.0,Thousand Oaks,20.473166083333332,68.98149758333334,5.47667212375,1013.6416666666668,0.0,15.666666666666666
2014-10-12,34.210169,-118.870509,13.6,0.051,59.0,Thousand Oaks,21.173165958333332,66.56207095833334,6.745997995833334,1011.9833333333332,0.0,13.916666666666666
2014-10-13,34.210169,-118.870509,13.7,0.051,60.0,Thousand Oaks,21.398166041666666,63.52723783333334,6.195626133333334,1013.8291666666668,0.0,0.3333333333333333
2014-10-14,34.210169,-118.870509,11.1,0.041,55.0,Thousand Oaks,20.341916041666668,70.77710370833333,5.32476895,1014.5166666666668,0.0,26.791666666666668
2014-10-15,34.210169,-118.870509,6.0,0.034,33.0,Thousand Oaks,18.600249708333333,75.424019375,6.6063764375,1014.0291666666667,0.0,66.875
2014-10-16,34.210169,-118.870509,7.6,0.041,42.0,Thousand Oaks,18.468999291666666,74.47680308333334,7.8368835416666665,1014.6833333333334,0.0,13.25
2014-10-17,34.210169,-118.870509,7.6,0.044,42.0,Thousand Oaks,18.304416041666666,77.54788404166666,6.955496254166667,1013.775,0.0,37.5
2014-10-18,34.210169,-118.870509,6.7,0.053,37.0,Thousand Oaks,18.443999583333333,71.90853441666667,6.46220645,1012.7875,0.0,24.125
2014-10-19,34.210169,-118.870509,8.2,0.047,46.0,Thousand Oaks,19.302333041666667,73.80656483333333,6.2751092875,1011.3333333333334,0.0,0.5833333333333334
2014-10-20,34.210169,-118.870509,9.2,0.04,51.0,Thousand Oaks,19.823166,77.044610875,5.760188529166666,1011.8208333333333,0.0,19.041666666666668
2014-10-21,34.210169,-118.870509,7.3,0.046,41.0,Thousand Oaks,19.150249625,74.57446091666667,6.933189345833334,1011.8708333333334,0.0,36.875
2014-10-22,34.210169,-118.870509,7.5,0.052,42.0,Thousand Oaks,19.6502495,62.58386579166666,6.359435133333334,1011.875,0.0,21.958333333333332
2014-10-23,34.210169,-118.870509,13.5,0.074,59.0,Thousand Oaks,20.506499708333333,61.25446441666667,5.3621643125,1013.7624999999999,0.0,54.958333333333336
2014-10-24,34.210169,-118.870509,12.3,0.068,57.0,Thousand Oaks,21.856499624999998,51.399695208333334,5.478569439583333,1013.8249999999999,0.0,2.9166666666666665
2014-10-25,34.210169,-118.870509,7.1,0.042,39.0,Thousand Oaks,20.55441625,66.76757558333334,5.846722862500001,1015.3916666666668,0.0,20.083333333333332
2014-10-26,34.210169,-118.870509,4.2,0.045,23.0,Thousand Oaks,18.452332875,70.55851004166666,7.520295904166667,1014.8291666666668,0.0,27.416666666666668
2014-10-27,34.210169,-118.870509,5.7,0.048,32.0,Thousand Oaks,17.685666125,64.78973783333333,6.512002669583333,1012.1958333333333,0.0,11.25
2014-10-28,34.210169,-118.870509,9.9,0.052,52.0,Thousand Oaks,18.121082833333332,65.65520333333333,5.627521270833333,1014.3041666666667,0.0,1.125
2014-10-29,34.210169,-118.870509,6.2,0.054,34.0,Thousand Oaks,19.410666458333335,62.095658375,5.736347720833333,1015.7208333333333,0.0,4.416666666666667
2014-10-30,34.210169,-118.870509,8.3,0.046,46.0,Thousand Oaks,19.4377495,64.49088658333334,6.3835364625,1014.6166666666667,0.0,57.458333333333336
2014-10-31,34.210169,-118.870509,7.2,0.039,40.0,Thousand Oaks,17.448166208333333,81.84553966666667,5.4987789750000005,1013.5541666666667,0.0,64.95833333333333
2014-11-01,34.210169,-118.870509,5.3,0.043,29.0,Thousand Oaks,14.250249958333333,79.20675191666668,12.979709220833334,1011.6374999999999,0.3458333333333334,58.083333333333336
2014-11-02,34.210169,-118.870509,4.0,0.042,22.0,Thousand Oaks,13.477333208333334,69.80316054166667,7.737083833333333,1015.4541666666668,0.0,4.166666666666667
2014-11-03,34.210169,-118.870509,3.4,0.04,19.0,Thousand Oaks,14.262749791666666,62.331413125000005,8.867164445833334,1018.5875,0.0,0.5833333333333334
2014-11-04,34.210169,-118.870509,0.0,0.043,0.0,Thousand Oaks,15.723166458333333,53.681137041666666,9.949194283333334,1020.4541666666668,0.0,0.20833333333333334
2014-11-05,34.210169,-118.870509,0.3,0.041,2.0,Thousand Oaks,18.241916291666666,47.40359145833333,9.222712983333333,1018.6416666666668,0.0,2.0416666666666665
2014-11-06,34.210169,-118.870509,3.0,0.048,17.0,Thousand Oaks,20.1189995,43.553142,9.407979033333334,1018.725,0.0,0.0
2014-11-07,34.210169,-118.870509,3.6,0.047,20.0,Thousand Oaks,19.629416375,51.674030375,9.330162583333333,1017.9499999999999,0.0,0.625
2014-11-08,34.210169,-118.870509,6.8,0.049,38.0,Thousand Oaks,19.60233283333333,51.197965833333335,8.543496990416667,1015.9958333333334,0.0,2.125
2014-11-09,34.210169,-118.870509,8.8,0.049,49.0,Thousand Oaks,18.841916291666667,60.040417625,5.505564311666667,1013.7958333333332,0.0,19.0
2014-11-10,34.210169,-118.870509,13.7,0.042,60.0,Thousand Oaks,17.310666041666668,73.78458654166667,6.383070658333334,1010.4375,0.0,13.875
2014-11-11,34.210169,-118.870509,7.0,0.04,39.0,Thousand Oaks,15.310666458333335,80.97658233333333,6.047839775,1012.1041666666666,0.0,51.416666666666664
2014-11-12,34.210169,-118.870509,7.2,0.043,40.0,Thousand Oaks,15.004416416666666,79.02144295833334,6.2306287791666675,1013.8083333333334,0.0,51.541666666666664
2014-11-13,34.210169,-118.870509,5.5,0.039,31.0,Thousand Oaks,15.458583208333332,79.00252208333333,4.893615885416667,1016.3333333333334,0.0,68.91666666666667
2014-11-14,34.210169,-118.870509,7.5,0.032,42.0,Thousand Oaks,16.514832958333333,86.63589758333335,4.950953033333334,1015.5791666666668,0.016666666666666666,82.58333333333333
2014-11-15,34.210169,-118.870509,9.3,0.039,51.0,Thousand Oaks,15.633583,82.09200837499999,5.3747728624999995,1016.2958333333332,0.0,28.333333333333332
2014-11-16,34.210169,-118.870509,4.1,0.046,23.0,Thousand Oaks,14.998166541666668,60.461496724999996,8.742346975,1018.1458333333334,0.0,18.833333333333332
2014-11-17,34.210169,-118.870509,0.7,0.041,4.0,Thousand Oaks,15.681499708333334,19.818740395833334,9.372426515416667,1020.3541666666666,0.0,66.45833333333333
2014-11-18,34.210169,-118.870509,1.0,0.038,6.0,Thousand Oaks,16.396083,22.285785725,9.952726954166666,1019.3208333333333,0.0,76.125
2014-11-19,34.210169,-118.870509,5.5,0.04,31.0,Thousand Oaks,15.271082999999999,49.847790124999996,5.1425042375,1019.3625000000001,0.0,39.916666666666664
2014-11-20,34.210169,-118.870509,4.6,0.036,26.0,Thousand Oaks,14.110666333333334,72.719398875,6.913225283333333,1018.2541666666666,0.0,31.833333333333332
2014-11-21,34.210169,-118.870509,4.7,0.039,26.0,Thousand Oaks,14.2731665,75.32500362500001,7.327792591666667,1014.375,0.03333333333333333,30.291666666666668
2014-11-22,34.210169,-118.870509,5.6,0.038,31.0,Thousand Oaks,14.556499583333334,65.92077883333333,7.113600179166667,1017.0583333333334,0.0,32.666666666666664
2014-11-23,34.210169,-118.870509,3.5,0.041,19.0,Thousand Oaks,15.82733325,65.98266925,10.570217408333333,1017.6708333333332,0.0,29.75
2014-11-24,34.210169,-118.870509,0.6,0.04,3.0,Thousand Oaks,16.275249666666667,42.455001645833335,12.225205925,1021.0625,0.0,57.041666666666664
2014-11-25,34.210169,-118.870509,3.3,0.04,18.0,Thousand Oaks,16.571083083333335,26.61690670833333,10.2590228875,1025.9916666666666,0.0,0.0
2014-11-26,34.210169,-118.870509,5.5,0.035,31.0,Thousand Oaks,16.804416458333332,43.273726875,8.986367520833333,1023.3874999999999,0.0,0.0
2014-11-27,34.210169,-118.870509,4.8,0.045,27.0,Thousand Oaks,18.856499625,35.83203120833333,9.077787924166666,1018.8833333333333,0.0,18.875
2014-11-28,34.210169,-118.870509,7.7,0.039,43.0,Thousand Oaks,17.500249625,45.128442125,7.371535704166667,1014.9208333333332,0.0,1.5
2014-11-29,34.210169,-118.870509,10.7,0.051,54.0,Thousand Oaks,16.296082958333333,53.130745625,7.118941683333333,1011.7458333333334,0.0,14.291666666666666
2014-11-30,34.210169,-118.870509,8.3,0.03,46.0,Thousand Oaks,15.168999833333332,77.97229983333334,12.330563312499999,1012.5625,0.02916666666666667,78.20833333333333
2014-12-01,34.210169,-118.870509,9.0,0.017,50.0,Thousand Oaks,15.250249916666666,81.43844195833334,6.872492595833333,1018.6833333333334,0.05833333333333334,88.20833333333333
2014-12-02,34.210169,-118.870509,2.9,0.022,16.0,Thousand Oaks,14.423166625,75.36057825,10.3343040125,1014.8583333333332,0.8250000000000001,100.0
2014-12-03,34.210169,-118.870509,1.2,0.018,7.0,Thousand Oaks,14.42525,92.62642254166667,13.3122782875,1013.8083333333334,0.8624999999999999,99.29166666666667
2014-12-04,34.210169,-118.870509,4.6,0.035,26.0,Thousand Oaks,14.466916541666665,91.53724179166666,5.0874998541666665,1014.2291666666666,0.0,89.54166666666667
2014-12-05,34.210169,-118.870509,7.6,0.023,42.0,Thousand Oaks,15.175249958333334,85.67203758333333,4.6785666,1017.8291666666668,0.0,84.04166666666667
2014-12-06,34.210169,-118.870509,8.3,0.033,46.0,Thousand Oaks,14.743999916666667,83.17986075,4.504392241666667,1020.6666666666666,0.0,50.166666666666664
2014-12-07,34.210169,-118.870509,8.8,0.029,49.0,Thousand Oaks,14.502333166666666,78.262033,8.206165079166666,1021.1625,0.0,48.916666666666664
2014-12-08,34.210169,-118.870509,6.2,0.037,34.0,Thousand Oaks,15.506499708333335,72.36964033333334,8.843042008333333,1018.5166666666668,0.0,68.70833333333333
2014-12-09,34.210169,-118.870509,3.5,0.038,19.0,Thousand Oaks,15.13774975,70.77041579166666,8.416627141666668,1017.6291666666666,0.0,0.625
2014-12-10,34.210169,-118.870509,8.4,0.021,47.0,Thousand Oaks,14.575249999999999,74.09285933333334,6.377901079166667,1015.6041666666666,0.0,40.583333333333336
2014-12-11,34.210169,-118.870509,13.3,0.041,59.0,Thousand Oaks,15.077333083333334,82.83187541666666,9.211479691666666,1013.8166666666666,0.0,94.41666666666667
2014-12-12,34.210169,-118.870509,3.3,0.045,18.0,Thousand Oaks,13.354416666666667,88.98455925,20.261344166666667,1012.1708333333332,1.6375,74.875
2014-12-13,34.210169,-118.870509,4.0,0.038,22.0,Thousand Oaks,10.383583320833333,83.07505183333333,7.417355316666666,1018.0083333333333,0.07083333333333333,22.333333333333332
2014-12-14,34.210169,-118.870509,10.1,0.035,53.0,Thousand Oaks,10.158583333333334,74.72183249999999,6.67378695,1019.1875,0.0,59.708333333333336
2014-12-15,34.210169,-118.870509,10.5,0.033,54.0,Thousand Oaks,10.898166691666667,74.219412625,6.432118286666667,1017.1666666666666,0.0,96.20833333333333
2014-12-16,34.210169,-118.870509,9.9,0.032,52.0,Thousand Oaks,11.33775,81.66297341666667,11.350480620833332,1015.475,0.5083333333333333,93.83333333333333
2014-12-17,34.210169,-118.870509,7.3,0.037,41.0,Thousand Oaks,11.379416666666666,86.55741816666666,7.862854,1015.8083333333334,0.2833333333333333,76.95833333333333
2014-12-18,34.210169,-118.870509,7.2,0.028,40.0,Thousand Oaks,10.558583350000001,82.42561829166667,5.912613479166667,1019.8874999999999,0.0,36.583333333333336
2014-12-19,34.210169,-118.870509,9.2,0.032,51.0,Thousand Oaks,11.083583341666667,80.92956149999999,5.622882904166667,1022.3333333333334,0.0,41.958333333333336
2014-12-20,34.210169,-118.870509,9.0,0.029,50.0,Thousand Oaks,12.189833333333333,84.93181358333334,5.7922463375,1021.0916666666667,0.0,93.33333333333333
2014-12-21,34.210169,-118.870509,5.8,0.026,32.0,Thousand Oaks,12.937749916666666,86.339040625,6.1482558166666665,1019.8416666666667,0.0,87.54166666666667
2014-12-22,34.210169,-118.870509,1.7,0.027,9.0,Thousand Oaks,14.221083,79.34598670833334,7.833814858333334,1016.7375000000001,0.0,36.833333333333336
2014-12-23,34.210169,-118.870509,0.4,0.033,2.0,Thousand Oaks,15.527333208333333,68.49831258333333,8.582020966666667,1016.0833333333334,0.0,0.041666666666666664
2014-12-24,34.210169,-118.870509,5.2,0.035,29.0,Thousand Oaks,14.573166624999999,71.084805875,8.1521839375,1017.1208333333334,0.0,33.0
2014-12-25,34.210169,-118.870509,1.5,0.037,8.0,Thousand Oaks,12.231499958333332,75.59704604166667,11.9146631625,1010.3874999999999,0.0,22.208333333333332
2014-12-26,34.210169,-118.870509,1.8,0.036,10.0,Thousand Oaks,8.650250016666666,61.575582375,12.331434425,1015.3333333333334,0.0,0.625
2014-12-27,34.210169,-118.870509,5.4,0.038,30.0,Thousand Oaks,8.941916675,47.111235375,9.239883829166667,1023.5541666666667,0.0,6.291666666666667
2014-12-28,34.210169,-118.870509,7.8,0.038,43.0,Thousand Oaks,8.86483335,69.16524466666667,6.758743558333333,1024.8958333333333,0.0,67.5
2014-12-29,34.210169,-118.870509,12.2,0.035,57.0,Thousand Oaks,9.944000025,73.47492841666667,5.632376037499999,1020.525,0.0,0.16666666666666666
2014-12-30,34.210169,-118.870509,9.9,0.039,52.0,Thousand Oaks,9.421083341666668,71.70384979166667,6.678698983333334,1015.6958333333333,0.0,35.5
2014-12-31,34.210169,-118.870509,9.9,0.039,52.0,Thousand Oaks,9.421083341666668,71.70384979166667,6.678698983333334,1015.6958333333333,0.0,35.5
2015-01-01,34.210169,-118.870509,16.1,0.036,64.0,Thousand Oaks,6.841916670833334,60.137127541666665,9.2032535125,1018.6750000000001,0.0,6.208333333333333
2015-01-02,34.210169,-118.870509,10.8,0.041,54.0,Thousand Oaks,8.698166691666666,70.71884541666667,5.398904758333333,1020.1374999999999,0.0,0.20833333333333334
2015-01-03,34.210169,-118.870509,14.9,0.041,62.0,Thousand Oaks,9.281499979166666,74.67157804166666,5.389342441666667,1021.6291666666666,0.0,0.5
2015-01-04,34.210169,-118.870509,13.1,0.038,58.0,Thousand Oaks,10.181499933333333,77.76702570833334,6.228213225,1025.4375,0.0,12.958333333333334
2015-01-05,34.210169,-118.870509,0.8,0.037,4.0,Thousand Oaks,12.625249891666668,60.39066583333334,11.237919041666666,1023.9375,0.0,19.0
2015-01-06,34.210169,-118.870509,-0.4,0.034,0.0,Thousand Oaks,15.579416375000001,46.12910254166667,11.573086379166666,1021.3000000000001,0.0,0.0
2015-01-07,34.210169,-118.870509,1.3,0.03,7.0,Thousand Oaks,15.812749875,51.63594041666667,8.877067683333333,1019.5958333333333,0.0,31.916666666666668
2015-01-08,34.210169,-118.870509,6.3,0.022,35.0,Thousand Oaks,15.162749666666668,63.144509125000006,5.815252141666666,1017.3208333333333,0.0,73.83333333333333
2015-01-09,34.210169,-118.870509,16.6,0.032,65.0,Thousand Oaks,14.868999833333334,70.24930145833333,4.861763229166667,1015.8041666666667,0.0,69.20833333333333
2015-01-10,34.210169,-118.870509,27.2,0.017,85.0,Thousand Oaks,13.185666583333335,78.25836670833333,5.755885137499999,1015.7375000000001,0.041666666666666664,56.833333333333336
2015-01-11,34.210169,-118.870509,6.3,0.031,35.0,Thousand Oaks,13.306499916666667,79.93611212500001,8.795293958333334,1016.0791666666668,0.20833333333333334,92.66666666666667
2015-01-12,34.210169,-118.870509,9.7,0.028,52.0,Thousand Oaks,12.114833341666667,83.13291775,5.543264004166667,1019.5666666666666,0.0,48.916666666666664
2015-01-13,34.210169,-118.870509,4.3,0.038,24.0,Thousand Oaks,12.464833104166667,80.213167125,5.619203070833334,1019.1083333333332,0.0,15.5
2015-01-14,34.210169,-118.870509,1.4,0.035,8.0,Thousand Oaks,12.266916570833333,63.334773250000005,7.614397474166666,1019.8125,0.0,0.20833333333333334
2015-01-15,34.210169,-118.870509,2.0,0.036,11.0,Thousand Oaks,12.264833183333332,63.407493375,9.720750883333332,1022.6083333333332,0.0,34.708333333333336
2015-01-16,34.210169,-118.870509,3.1,0.034,17.0,Thousand Oaks,12.502333058333333,62.36680245833333,9.099037602916667,1021.2833333333333,0.0,31.291666666666668
2015-01-17,34.210169,-118.870509,6.6,0.038,37.0,Thousand Oaks,14.02524975,61.27319991666667,8.641861329166668,1020.0625,0.0,3.2083333333333335
2015-01-18,34.210169,-118.870509,7.5,0.034,42.0,Thousand Oaks,13.837749916666667,68.41966754166667,5.869427095833333,1022.2083333333334,0.0,63.583333333333336
2015-01-19,34.210169,-118.870509,7.2,0.035,40.0,Thousand Oaks,13.860666458333334,69.73991445833333,6.0671358,1020.5416666666666,0.0,49.166666666666664
2015-01-20,34.210169,-118.870509,16.0,0.031,64.0,Thousand Oaks,13.279416416666665,70.91683695833333,4.26690607,1016.6750000000001,0.0,75.33333333333333
2015-01-21,34.210169,-118.870509,5.7,0.035,32.0,Thousand Oaks,12.812749883333334,71.50797141666666,4.813955941666667,1014.975,0.0,21.791666666666668
2015-01-22,34.210169,-118.870509,0.1,0.038,1.0,Thousand Oaks,14.018999875,48.305833041666666,9.729738179166667,1019.6583333333333,0.0,44.791666666666664
2015-01-23,34.210169,-118.870509,0.1,0.038,1.0,Thousand Oaks,14.018999875,48.305833041666666,9.729738179166667,1019.6583333333333,0.0,44.791666666666664
2015-01-24,34.210169,-118.870509,0.1,0.038,1.0,Thousand Oaks,14.018999875,48.305833041666666,9.729738179166667,1019.6583333333333,0.0,44.791666666666664
2015-01-25,34.210169,-118.870509,0.1,0.038,1.0,Thousand Oaks,14.018999875,48.305833041666666,9.729738179166667,1019.6583333333333,0.0,44.791666666666664
2015-01-26,34.210169,-118.870509,0.1,0.038,1.0,Thousand Oaks,14.018999875,48.305833041666666,9.729738179166667,1019.6583333333333,0.0,44.791666666666664
2015-01-27,34.210169,-118.870509,0.1,0.038,1.0,Thousand Oaks,14.018999875,48.305833041666666,9.729738179166667,1019.6583333333333,0.0,44.791666666666664
2015-01-28,34.210169,-118.870509,2.9,0.035,16.0,Thousand Oaks,14.064833125,70.73115725000001,7.656524669583334,1020.5416666666666,0.0,74.04166666666667
2015-01-29,34.210169,-118.870509,2.9,0.035,16.0,Thousand Oaks,14.064833125,70.73115725000001,7.656524669583334,1020.5416666666666,0.0,74.04166666666667
2015-01-30,34.210169,-118.870509,6.1,0.034,34.0,Thousand Oaks,15.687749708333333,62.44973095833333,5.09916765,1014.1583333333333,0.0,99.29166666666667
2015-01-31,34.210169,-118.870509,11.5,0.037,55.0,Thousand Oaks,13.741916250000001,73.17125270833334,5.6068030250000005,1011.2624999999999,0.0,44.0
2015-02-01,34.210169,-118.870509,9.0,0.037,50.0,Thousand Oaks,14.596083083333333,62.850256374999994,7.875105766666667,1016.3958333333334,0.0,13.541666666666666
2015-02-02,34.210169,-118.870509,7.7,0.044,43.0,Thousand Oaks,14.762749791666666,63.38687133333334,6.8908698,1018.0666666666666,0.0,72.125
2015-02-03,34.210169,-118.870509,12.4,0.041,57.0,Thousand Oaks,15.033583166666666,61.626554416666664,5.113171558333334,1017.1875,0.0,61.0
2015-02-04,34.210169,-118.870509,21.3,0.046,74.0,Thousand Oaks,14.81274975,67.3709775,4.538599179166667,1018.3208333333333,0.0,22.5
2015-02-05,34.210169,-118.870509,32.2,0.056,94.0,Thousand Oaks,16.279416083333334,63.05023658333334,5.6886840125,1017.8000000000001,0.0,39.0
2015-02-06,34.210169,-118.870509,20.6,0.042,72.0,Thousand Oaks,15.654416416666665,65.58072283333333,6.947872570833333,1017.7375000000001,0.0,50.291666666666664
2015-02-07,34.210169,-118.870509,15.0,0.022,62.0,Thousand Oaks,14.583583166666665,77.52726816666667,4.547952729166667,1020.2291666666666,0.020833333333333332,56.333333333333336
2015-02-08,34.210169,-118.870509,7.3,0.025,41.0,Thousand Oaks,14.814833125,85.27928775,3.9614176075,1020.0833333333334,0.125,30.75
2015-02-09,34.210169,-118.870509,5.0,0.032,28.0,Thousand Oaks,16.616916375,81.98958104166667,8.152631495833333,1019.7875,0.0,23.791666666666668
2015-02-10,34.210169,-118.870509,2.6,0.04,14.0,Thousand Oaks,15.523166541666667,63.164494958333336,8.712881270833334,1015.5916666666667,0.0,1.7916666666666667
2015-02-11,34.210169,-118.870509,-0.7,0.043,0.0,Thousand Oaks,17.99191625,37.88334552083334,9.869663820833333,1014.8125,0.0,25.25
2015-02-12,34.210169,-118.870509,0.1,0.045,1.0,Thousand Oaks,19.758582999999998,23.61150202083333,9.753571607083334,1018.1541666666667,0.0,8.208333333333334
2015-02-13,34.210169,-118.870509,1.7,0.051,9.0,Thousand Oaks,19.058583,30.098633583333335,9.897138266666667,1017.1166666666667,0.0,12.958333333333334
2015-02-14,34.210169,-118.870509,3.7,0.055,21.0,Thousand Oaks,18.460666416666665,37.44963429166667,8.353891558333332,1016.4583333333334,0.0,1.0416666666666667
2015-02-15,34.210169,-118.870509,8.0,0.058,44.0,Thousand Oaks,17.056499833333334,49.85272795833333,6.6896684125000005,1015.1458333333334,0.0,13.125
2015-02-16,34.210169,-118.870509,15.1,0.052,62.0,Thousand Oaks,16.12941629166667,64.88455066666667,6.251283275,1014.6458333333334,0.0,20.583333333333332
2015-02-17,34.210169,-118.870509,25.0,0.054,81.0,Thousand Oaks,15.475249791666668,70.79421191666667,5.531600775,1017.4833333333332,0.0,4.625
2015-02-18,34.210169,-118.870509,22.1,0.051,75.0,Thousand Oaks,15.40024975,72.12884683333333,5.999437604166666,1019.2958333333332,0.0,27.416666666666668
2015-02-19,34.210169,-118.870509,21.7,0.055,74.0,Thousand Oaks,15.871082999999999,69.68985304166667,4.3135770525,1018.6583333333333,0.0,85.75
2015-02-20,34.210169,-118.870509,26.8,0.06,84.0,Thousand Oaks,15.050249708333332,74.726925375,5.300704925,1015.8458333333333,0.0,95.41666666666667
2015-02-21,34.210169,-118.870509,16.9,0.047,66.0,Thousand Oaks,14.031499791666667,80.231252375,5.2867592750000005,1013.8333333333334,0.0,84.625
2015-02-22,34.210169,-118.870509,8.0,0.038,44.0,Thousand Oaks,12.654416583333335,78.031069,9.298653358333334,1011.8000000000001,0.0625,71.66666666666667
2015-02-23,34.210169,-118.870509,6.4,0.034,36.0,Thousand Oaks,10.746083333333333,78.23834183333334,7.2312447,1013.0291666666667,0.19583333333333333,41.791666666666664
2015-02-24,34.210169,-118.870509,4.3,0.04,24.0,Thousand Oaks,11.225249954166665,68.24191270833333,10.457079941666667,1021.2125,0.0,11.25
2015-02-25,34.210169,-118.870509,6.3,0.042,35.0,Thousand Oaks,13.179416425,63.08342033333333,8.592704995833333,1021.0708333333333,0.0,30.083333333333332
2015-02-26,34.210169,-118.870509,10.6,0.05,54.0,Thousand Oaks,13.51899975,67.770991875,6.202779658333333,1014.5583333333334,0.0,19.583333333333332
2015-02-27,34.210169,-118.870509,8.8,0.038,49.0,Thousand Oaks,13.523166625,74.4831445,7.158196641666667,1009.8583333333332,0.0,30.916666666666668
2015-02-28,34.210169,-118.870509,4.2,0.041,23.0,Thousand Oaks,12.644,72.26587345833333,13.747278416666667,1008.2458333333334,0.0,49.083333333333336
2015-03-01,34.210169,-118.870509,4.2,0.039,23.0,Thousand Oaks,10.481500016666667,79.37137554166667,10.3349547375,1012.5749999999999,0.18333333333333335,61.875
2015-03-02,34.210169,-118.870509,3.1,0.042,17.0,Thousand Oaks,9.76275,82.25892045833334,8.003673908333333,1012.8583333333332,0.4583333333333333,50.375
2015-03-03,34.210169,-118.870509,4.5,0.041,25.0,Thousand Oaks,10.196083333333334,76.17637029166666,7.9529369333333335,1013.8166666666666,0.08333333333333333,40.416666666666664
2015-03-04,34.210169,-118.870509,4.4,0.046,24.0,Thousand Oaks,11.798166458333334,64.65924762499999,7.345403208333334,1015.4166666666666,0.0,4.916666666666667
2015-03-05,34.210169,-118.870509,3.6,0.046,20.0,Thousand Oaks,13.073166425000002,54.947099458333334,8.6159493,1021.7624999999999,0.0,13.291666666666666
2015-03-06,34.210169,-118.870509,0.2,0.046,1.0,Thousand Oaks,15.281499916666666,44.899048541666666,10.364394975,1020.275,0.0,0.0
2015-03-07,34.210169,-118.870509,4.5,0.05,25.0,Thousand Oaks,17.856499666666668,40.05083033333333,9.657871191666667,1015.6750000000001,0.0,0.0
2015-03-08,34.210169,-118.870509,8.6,0.047,48.0,Thousand Oaks,16.568999666666667,46.28446341666666,8.429755520833334,1015.0416666666666,0.0,0.6666666666666666
2015-03-09,34.210169,-118.870509,16.5,0.056,65.0,Thousand Oaks,15.781499916666666,67.5335085,6.685558304166666,1014.4375,0.0,17.583333333333332
2015-03-10,34.210169,-118.870509,14.8,0.054,62.0,Thousand Oaks,16.566916625,61.80944266666666,5.8839098820833335,1013.4958333333334,0.0,40.916666666666664
2015-03-11,34.210169,-118.870509,14.8,0.029,62.0,Thousand Oaks,17.314832916666667,55.994957208333325,5.680061304166666,1016.275,0.0,97.41666666666667
2015-03-12,34.210169,-118.870509,5.8,0.048,32.0,Thousand Oaks,16.943999666666667,54.711888875,9.3348590875,1017.5208333333334,0.0,17.458333333333332
2015-03-13,34.210169,-118.870509,1.2,0.045,7.0,Thousand Oaks,21.000249583333332,37.23198275,11.2258309375,1016.4,0.0,7.333333333333333
2015-03-14,34.210169,-118.870509,2.6,0.055,14.0,Thousand Oaks,22.08774925,26.244751500000003,10.800388479166665,1016.5416666666666,0.0,43.291666666666664
2015-03-15,34.210169,-118.870509,4.7,0.059,26.0,Thousand Oaks,22.483583,27.731809916666666,8.701140395833333,1016.0166666666668,0.0,87.16666666666667
2015-03-16,34.210169,-118.870509,6.2,0.069,34.0,Thousand Oaks,22.118999791666667,27.510455333333336,9.680994395833332,1013.0916666666667,0.0,91.70833333333333
2015-03-17,34.210169,-118.870509,10.4,0.059,53.0,Thousand Oaks,19.943999416666667,36.675186333333336,7.553799216666667,1013.0208333333334,0.0,94.625
2015-03-18,34.210169,-118.870509,15.5,0.056,63.0,Thousand Oaks,18.475249833333333,60.524194083333335,9.222725016666667,1013.5708333333333,0.0,99.79166666666667
2015-03-19,34.210169,-118.870509,16.0,0.054,64.0,Thousand Oaks,17.06691641666667,76.66529691666666,6.758911954166667,1015.0916666666667,0.004166666666666667,55.625
2015-03-20,34.210169,-118.870509,21.5,0.06,74.0,Thousand Oaks,17.108583041666666,72.48706541666667,8.658834104166667,1016.6875,0.0,33.625
2015-03-21,34.210169,-118.870509,22.6,0.056,76.0,Thousand Oaks,17.448166291666666,66.62348375,8.638681370833334,1018.2583333333333,0.0,72.04166666666667
2015-03-22,34.210169,-118.870509,13.1,0.049,58.0,Thousand Oaks,16.237749791666666,73.39089366666667,6.924379727916667,1020.3541666666666,0.0,79.20833333333333
2015-03-23,34.210169,-118.870509,6.6,0.04,37.0,Thousand Oaks,15.162749791666668,76.9669075,8.130688890833333,1020.6208333333334,0.0,39.208333333333336
2015-03-24,34.210169,-118.870509,3.3,0.048,18.0,Thousand Oaks,16.83149979166667,58.717120625,8.2779783625,1018.0291666666667,0.0,10.583333333333334
2015-03-25,34.210169,-118.870509,3.7,0.044,21.0,Thousand Oaks,19.47733308333333,45.49459791666666,8.863128045833333,1016.2875,0.0,18.291666666666668
2015-03-26,34.210169,-118.870509,4.3,0.051,24.0,Thousand Oaks,21.412749625,33.94731975,9.1542940625,1016.9583333333334,0.0,1.4166666666666667
2015-03-27,34.210169,-118.870509,5.2,0.062,29.0,Thousand Oaks,21.371082916666666,34.471786458333334,9.623405066666667,1016.8291666666668,0.0,0.125
2015-03-28,34.210169,-118.870509,11.2,0.054,55.0,Thousand Oaks,20.552332833333335,40.211973291666666,8.362141925,1016.8041666666667,0.0,4.541666666666667
2015-03-29,34.210169,-118.870509,10.0,0.058,53.0,Thousand Oaks,19.423166249999998,54.922243208333335,5.935972154166667,1016.5041666666666,0.0,30.583333333333332
2015-03-30,34.210169,-118.870509,11.4,0.059,55.0,Thousand Oaks,18.829416416666668,60.16958575,5.699026852916667,1015.7416666666667,0.0,10.291666666666666
2015-03-31,34.210169,-118.870509,14.6,0.055,61.0,Thousand Oaks,18.552332875,64.95682125,6.792739404166667,1014.9666666666667,0.0,48.625
2015-04-01,34.210169,-118.870509,12.5,0.053,57.0,Thousand Oaks,17.26066625,68.71807670833333,8.02533215,1014.4125,0.0,18.875
2015-04-02,34.210169,-118.870509,7.1,0.056,39.0,Thousand Oaks,16.443999708333333,54.3561225,7.531578889583333,1014.0,0.0,12.625
2015-04-03,34.210169,-118.870509,6.6,0.057,37.0,Thousand Oaks,18.266916249999998,33.6005300125,9.159543379166667,1016.1791666666667,0.0,30.458333333333332
2015-04-04,34.210169,-118.870509,10.0,0.065,53.0,Thousand Oaks,18.802332791666668,29.704446125,10.432231579166666,1013.625,0.0,28.75
2015-04-05,34.210169,-118.870509,12.3,0.055,57.0,Thousand Oaks,16.516916458333334,51.67066479166667,9.574889375,1011.2624999999999,0.0,7.833333333333333
2015-04-06,34.210169,-118.870509,5.2,0.049,29.0,Thousand Oaks,13.439833083333333,59.94469791666666,11.39458395,1012.5,0.0,1.375
2015-04-07,34.210169,-118.870509,5.2,0.045,29.0,Thousand Oaks,11.519,67.76314758333334,10.201768816666666,1015.6916666666666,0.008333333333333333,36.708333333333336
2015-04-08,34.210169,-118.870509,6.0,0.048,33.0,Thousand Oaks,11.389833166666667,76.10914608333333,12.680745166666666,1016.75,0.10416666666666667,28.5
2015-04-09,34.210169,-118.870509,6.8,0.055,38.0,Thousand Oaks,14.387749791666666,54.79552841666666,10.117313279166668,1014.3083333333334,0.0,52.125
2015-04-10,34.210169,-118.870509,7.7,0.058,43.0,Thousand Oaks,14.958583083333332,62.206540958333335,7.314717620833334,1014.8166666666666,0.0,57.333333333333336
2015-04-11,34.210169,-118.870509,9.6,0.061,52.0,Thousand Oaks,15.385666375,64.14885733333334,8.192235308333332,1014.1208333333334,0.0,44.125
2015-04-12,34.210169,-118.870509,10.5,0.059,54.0,Thousand Oaks,16.456499416666666,62.47391516666667,8.867169282083333,1012.7708333333334,0.0,5.125
2015-04-13,34.210169,-118.870509,13.6,0.052,59.0,Thousand Oaks,17.121083125000002,68.29763791666666,7.637919079166667,1016.5375,0.0,4.541666666666667
2015-04-14,34.210169,-118.870509,11.2,0.053,55.0,Thousand Oaks,16.585666291666666,70.14888375,8.057433408333333,1017.5124999999999,0.0,6.416666666666667
2015-04-15,34.210169,-118.870509,8.5,0.057,47.0,Thousand Oaks,18.158582958333334,32.30856985,9.292606595833334,1014.2083333333334,0.0,2.4166666666666665
2015-04-16,34.210169,-118.870509,4.8,0.061,27.0,Thousand Oaks,19.233582958333333,19.451916170833332,10.00686365,1013.6833333333334,0.0,0.25
2015-04-17,34.210169,-118.870509,6.9,0.063,38.0,Thousand Oaks,17.889832916666666,37.0209039375,9.795103504166667,1016.0416666666666,0.0,0.0
2015-04-18,34.210169,-118.870509,12.7,0.063,58.0,Thousand Oaks,18.308583125000002,42.01539570833334,9.793977925,1015.1625,0.0,0.20833333333333334
2015-04-19,34.210169,-118.870509,13.1,0.059,58.0,Thousand Oaks,18.012749791666668,57.58678016666667,7.593108257083333,1013.4291666666667,0.0,3.4166666666666665
2015-04-20,34.210169,-118.870509,13.8,0.054,60.0,Thousand Oaks,16.196082999999998,65.69090758333333,8.273194579166667,1011.7291666666666,0.0,11.458333333333334
2015-04-21,34.210169,-118.870509,11.6,0.052,56.0,Thousand Oaks,14.218999833333333,68.87119833333334,6.722915795833334,1012.2541666666666,0.0,50.875
2015-04-22,34.210169,-118.870509,9.5,0.049,52.0,Thousand Oaks,13.81483325,70.86095516666667,6.4479981375,1012.2583333333333,0.0,64.83333333333333
2015-04-23,34.210169,-118.870509,8.9,0.044,49.0,Thousand Oaks,14.143999875,74.500145375,7.591796216666666,1011.8541666666666,0.0,58.291666666666664
2015-04-24,34.210169,-118.870509,9.9,0.043,52.0,Thousand Oaks,13.735666458333334,77.19922145833333,7.8167997541666665,1013.6791666666667,0.0,72.54166666666667
2015-04-25,34.210169,-118.870509,7.6,0.04,42.0,Thousand Oaks,14.083583124999999,76.5886325,10.195562254166667,1014.5416666666666,0.008333333333333333,71.29166666666667
2015-04-26,34.210169,-118.870509,9.5,0.048,52.0,Thousand Oaks,15.921083125000001,63.42674741666667,13.071630620833332,1013.1041666666666,0.0,49.958333333333336
2015-04-27,34.210169,-118.870509,5.5,0.056,31.0,Thousand Oaks,19.766916166666665,40.25958695833334,9.376310354166668,1012.8000000000001,0.0,35.791666666666664
2015-04-28,34.210169,-118.870509,6.3,0.066,35.0,Thousand Oaks,21.368999666666667,36.5042684375,10.093436845833333,1013.275,0.0,0.041666666666666664
2015-04-29,34.210169,-118.870509,8.5,0.066,47.0,Thousand Oaks,22.10233279166667,33.67196704166667,7.9252745625,1012.1166666666667,0.0,48.458333333333336
2015-04-30,34.210169,-118.870509,10.0,0.058,53.0,Thousand Oaks,22.575249499999998,35.806132874999996,7.54776043375,1009.3416666666667,0.0,88.83333333333333
2015-05-01,34.210169,-118.870509,12.0,0.055,56.0,Thousand Oaks,21.07108275,49.201935041666665,8.358018466666666,1010.725,0.0,78.91666666666667
2015-05-02,34.210169,-118.870509,10.1,0.054,53.0,Thousand Oaks,19.627332875,51.51568154166667,11.284130866666667,1010.5500000000001,0.0,6.083333333333333
2015-05-03,34.210169,-118.870509,12.7,0.05,58.0,Thousand Oaks,17.181499416666668,64.87971833333333,8.528725391666667,1011.4416666666666,0.0,7.375
2015-05-04,34.210169,-118.870509,10.2,0.048,53.0,Thousand Oaks,15.166916416666666,73.09500004166667,9.175211466666667,1012.8000000000001,0.0,9.041666666666666
2015-05-05,34.210169,-118.870509,9.6,0.047,52.0,Thousand Oaks,14.333583041666666,71.305766375,8.428586208333334,1014.5208333333334,0.0,35.125
2015-05-06,34.210169,-118.870509,10.4,0.048,53.0,Thousand Oaks,13.908583166666666,72.61177275,6.972042774999999,1012.525,0.0,70.5
2015-05-07,34.210169,-118.870509,10.3,0.047,53.0,Thousand Oaks,12.723166666666666,70.95176095833334,9.9380965125,1010.7333333333332,0.0,52.375
2015-05-08,34.210169,-118.870509,10.2,0.046,53.0,Thousand Oaks,11.889833333333334,66.87782075,9.909530075000001,1011.9833333333332,0.18333333333333335,59.708333333333336
2015-05-09,34.210169,-118.870509,12.0,0.043,56.0,Thousand Oaks,13.518999875,77.55312416666668,5.98141538625,1017.0708333333333,0.0,58.666666666666664
2015-05-10,34.210169,-118.870509,12.2,0.053,57.0,Thousand Oaks,15.996083083333334,69.79906945833334,7.6650368375,1015.9625,0.0,11.541666666666666
2015-05-11,34.210169,-118.870509,12.8,0.053,58.0,Thousand Oaks,18.743999541666668,58.949489166666666,7.157583220833334,1012.5041666666666,0.0,81.16666666666667
2015-05-12,34.210169,-118.870509,12.0,0.054,56.0,Thousand Oaks,17.718999625,58.261624250000004,8.953863899166667,1010.5124999999999,0.0,60.583333333333336
2015-05-13,34.210169,-118.870509,11.0,0.054,55.0,Thousand Oaks,15.323166375,64.80387420833334,8.239769033333333,1013.2791666666667,0.0,52.416666666666664
2015-05-14,34.210169,-118.870509,7.2,0.044,40.0,Thousand Oaks,13.481499916666666,69.95145920833333,8.909465495833333,1012.1583333333333,0.14583333333333334,60.75
2015-05-15,34.210169,-118.870509,7.2,0.044,40.0,Thousand Oaks,13.481499916666666,69.95145920833333,8.909465495833333,1012.1583333333333,0.14583333333333334,60.75
2015-05-16,34.210169,-118.870509,10.7,0.051,54.0,Thousand Oaks,14.504416541666666,74.34077291666667,10.864256945833333,1013.0500000000001,0.0,32.791666666666664
2015-05-17,34.210169,-118.870509,11.0,0.05,55.0,Thousand Oaks,14.896083083333332,79.51824395833333,5.708695383333333,1015.8000000000001,0.0,70.5
2015-05-18,34.210169,-118.870509,7.7,0.047,43.0,Thousand Oaks,14.752333291666666,80.82822216666666,7.948419120833333,1016.0833333333334,0.025000000000000005,75.54166666666667
2015-05-19,34.210169,-118.870509,6.1,0.046,34.0,Thousand Oaks,14.933583,72.36880275,7.5546188333333335,1016.9250000000001,0.0,8.791666666666666
2015-05-20,34.210169,-118.870509,7.4,0.044,41.0,Thousand Oaks,15.002333125,76.083391375,7.656706861666667,1014.3208333333333,0.0,73.375
2015-05-21,34.210169,-118.870509,6.2,0.047,34.0,Thousand Oaks,14.5231665,76.50204291666667,7.609148054166667,1013.6291666666666,0.0,64.5
2015-05-22,34.210169,-118.870509,5.1,0.041,28.0,Thousand Oaks,14.529416541666668,74.18347870833334,11.584225141666666,1014.8416666666667,0.0,77.70833333333333
2015-05-23,34.210169,-118.870509,6.5,0.044,36.0,Thousand Oaks,14.971083166666666,77.51807466666666,6.949803208333333,1017.2541666666666,0.0,62.083333333333336
2015-05-24,34.210169,-118.870509,8.8,0.045,49.0,Thousand Oaks,15.314833125,77.13741795833333,6.366912270833333,1015.725,0.0,66.5
2015-05-25,34.210169,-118.870509,9.8,0.047,52.0,Thousand Oaks,15.625249583333334,79.72175700000001,7.721417091666667,1014.4083333333333,0.0,71.91666666666667
2015-05-26,34.210169,-118.870509,8.9,0.044,49.0,Thousand Oaks,15.8981665,79.75760975,7.217281866666667,1014.8666666666667,0.0,77.41666666666667
2015-05-27,34.210169,-118.870509,9.6,0.046,52.0,Thousand Oaks,16.214833125000002,75.913924875,8.006009883333332,1014.9041666666667,0.0,54.416666666666664
2015-05-28,34.210169,-118.870509,11.1,0.045,55.0,Thousand Oaks,17.43358316666667,71.53689545833333,7.407243820833333,1014.6083333333332,0.0,6.791666666666667
2015-05-29,34.210169,-118.870509,12.5,0.051,57.0,Thousand Oaks,19.056499583333334,67.06451720833333,7.254963624999999,1013.4250000000001,0.0,22.583333333333332
2015-05-30,34.210169,-118.870509,14.7,0.051,61.0,Thousand Oaks,20.537749458333334,62.547953625,6.520659307083334,1012.8416666666667,0.0,71.25
2015-05-31,34.210169,-118.870509,14.3,0.05,61.0,Thousand Oaks,19.406499458333332,67.7957765,6.583178052916668,1012.9125,0.0,10.0
2015-06-01,34.210169,-118.870509,13.5,0.047,59.0,Thousand Oaks,17.700249791666668,69.37751558333333,7.312432920833333,1014.4166666666666,0.0,22.0
2015-06-02,34.210169,-118.870509,8.3,0.04,46.0,Thousand Oaks,18.385666291666666,70.605952375,7.1233497875000005,1014.8125,0.0,14.083333333333334
2015-06-03,34.210169,-118.870509,9.0,0.038,50.0,Thousand Oaks,17.577332958333333,74.75014108333333,7.9752787666666665,1013.1374999999999,0.0,19.958333333333332
2015-06-04,34.210169,-118.870509,9.4,0.04,52.0,Thousand Oaks,16.739833,73.19696270833333,6.538663144166667,1011.0208333333334,0.008333333333333333,52.541666666666664
2015-06-05,34.210169,-118.870509,9.0,0.044,50.0,Thousand Oaks,16.577332958333333,71.335284875,7.622428065833334,1010.5041666666666,0.0,50.75
2015-06-06,34.210169,-118.870509,6.6,0.047,37.0,Thousand Oaks,16.775249666666667,73.5863375,8.138398520833332,1012.0,0.0,41.125
2015-06-07,34.210169,-118.870509,6.5,0.049,36.0,Thousand Oaks,19.121082958333336,69.60073891666666,8.396685390416666,1011.3708333333334,0.0,11.125
2015-06-08,34.210169,-118.870509,9.8,0.069,52.0,Thousand Oaks,22.689832666666664,56.789978625,6.6831453,1010.2875,0.0,13.666666666666666
2015-06-09,34.210169,-118.870509,11.3,0.031,55.0,Thousand Oaks,22.718999166666666,58.72831479166666,9.922547266666667,1009.9708333333333,0.012500000000000002,61.333333333333336
2015-06-10,34.210169,-118.870509,10.0,0.04,53.0,Thousand Oaks,21.996082916666666,70.21362025,11.776652916666668,1011.3083333333334,0.004166666666666667,60.416666666666664
2015-06-11,34.210169,-118.870509,9.0,0.041,50.0,Thousand Oaks,19.689832499999998,78.63036895833334,7.961064141666667,1011.2458333333334,0.0,40.5
2015-06-12,34.210169,-118.870509,13.4,0.044,59.0,Thousand Oaks,18.889833,78.79262654166666,6.0735072875,1010.1708333333332,0.0,60.875
2015-06-13,34.210169,-118.870509,11.9,0.039,56.0,Thousand Oaks,18.846082875,79.54639004166667,7.256070391666667,1009.6958333333333,0.0,56.625
2015-06-14,34.210169,-118.870509,9.9,0.046,52.0,Thousand Oaks,19.44816625,76.69841162499999,6.180628004166667,1008.7875,0.0,16.083333333333332
2015-06-15,34.210169,-118.870509,15.2,0.051,62.0,Thousand Oaks,20.3919165,69.66891454166667,6.288357833333333,1009.4458333333333,0.0,6.291666666666667
2015-06-16,34.210169,-118.870509,15.5,0.05,63.0,Thousand Oaks,22.200249333333332,62.44180658333334,6.123908145000001,1011.0291666666667,0.0,1.8333333333333333
2015-06-17,34.210169,-118.870509,14.8,0.055,62.0,Thousand Oaks,22.404416166666664,60.77647620833333,6.731073258333333,1011.8916666666668,0.0,0.625
2015-06-18,34.210169,-118.870509,13.6,0.057,59.0,Thousand Oaks,22.966916041666668,58.692551375,6.256239082083333,1012.525,0.0,3.75
2015-06-19,34.210169,-118.870509,13.4,0.064,59.0,Thousand Oaks,23.225249375,57.85611033333333,6.405529358333333,1011.1416666666668,0.0,6.208333333333333
2015-06-20,34.210169,-118.870509,17.0,0.059,66.0,Thousand Oaks,23.758582416666666,55.571878,8.143175429166666,1009.4125,0.0,0.3333333333333333
2015-06-21,34.210169,-118.870509,16.1,0.05,64.0,Thousand Oaks,22.68358275,60.99929341666667,7.554964537499999,1011.7708333333334,0.0,6.333333333333333
2015-06-22,34.210169,-118.870509,13.5,0.049,59.0,Thousand Oaks,22.283582874999997,61.46710933333333,6.8317198999999995,1012.8874999999999,0.0,6.333333333333333
2015-06-23,34.210169,-118.870509,14.4,0.054,61.0,Thousand Oaks,22.473165833333336,58.54148691666666,7.8046864875,1012.775,0.0,26.916666666666668
2015-06-24,34.210169,-118.870509,16.7,0.057,65.0,Thousand Oaks,22.558582416666667,60.824766708333335,7.562216125,1011.35,0.0,1.4583333333333333
2015-06-25,34.210169,-118.870509,15.9,0.046,64.0,Thousand Oaks,22.554415958333333,63.54077725,6.5306334875,1012.6625,0.0,8.791666666666666
2015-06-26,34.210169,-118.870509,12.2,0.043,57.0,Thousand Oaks,22.198166083333334,63.485496375,6.92767405,1013.4833333333332,0.0,47.708333333333336
2015-06-27,34.210169,-118.870509,9.0,0.033,50.0,Thousand Oaks,21.393999124999997,63.51275979166667,8.952263095833333,1014.2166666666667,0.0,80.75
2015-06-28,34.210169,-118.870509,8.2,0.041,46.0,Thousand Oaks,22.704416,63.36504283333333,7.2462487375,1012.7458333333334,0.008333333333333333,77.91666666666667
2015-06-29,34.210169,-118.870509,8.9,0.045,49.0,Thousand Oaks,24.15233275,59.616236333333326,7.0802655083333335,1011.3583333333332,0.0,95.08333333333333
2015-06-30,34.210169,-118.870509,11.0,0.05,55.0,Thousand Oaks,24.841916166666667,60.2448775,5.9740594125,1011.6625,0.0,75.0
2015-07-01,34.210169,-118.870509,9.3,0.041,51.0,Thousand Oaks,23.498165916666665,68.216044,7.654658033333334,1011.2875,0.016666666666666666,83.08333333333333
2015-07-02,34.210169,-118.870509,7.0,0.045,39.0,Thousand Oaks,22.760666041666667,79.20923704166667,6.5080479083333325,1013.6291666666666,0.12083333333333333,78.29166666666667
2015-07-03,34.210169,-118.870509,7.5,0.038,42.0,Thousand Oaks,21.877332999999997,72.93351558333333,8.2212748625,1013.0708333333333,0.0,16.916666666666668
2015-07-04,34.210169,-118.870509,8.6,0.037,48.0,Thousand Oaks,20.718999458333332,73.50254104166667,8.528125725,1011.2875,0.0,16.333333333333332
2015-07-05,34.210169,-118.870509,11.4,0.037,55.0,Thousand Oaks,19.852332916666665,73.59149062499999,6.568469625,1013.3916666666668,0.0,15.625
2015-07-06,34.210169,-118.870509,9.7,0.035,52.0,Thousand Oaks,19.752332708333334,74.7673775,7.281575175,1015.8000000000001,0.0,9.916666666666666
2015-07-07,34.210169,-118.870509,9.7,0.038,52.0,Thousand Oaks,20.08774933333333,75.70503037499999,7.03257025,1014.6791666666667,0.0,8.833333333333334
2015-07-08,34.210169,-118.870509,9.3,0.034,51.0,Thousand Oaks,19.804416083333333,75.78896804166666,8.454124245833333,1011.4166666666666,0.0,25.875
2015-07-09,34.210169,-118.870509,7.8,0.03,43.0,Thousand Oaks,18.462749541666668,73.29755325,9.1277698125,1011.0458333333332,0.0,59.291666666666664
2015-07-10,34.210169,-118.870509,4.9,0.03,27.0,Thousand Oaks,18.16899954166667,73.07303541666667,8.199535324166666,1012.4833333333332,0.0,49.708333333333336
2015-07-11,34.210169,-118.870509,4.1,0.039,23.0,Thousand Oaks,19.5377495,74.65280979166667,7.234827883333334,1013.3583333333332,0.0,58.833333333333336
2015-07-12,34.210169,-118.870509,5.7,0.038,32.0,Thousand Oaks,21.2252495,73.92399958333333,8.363240029166667,1014.9166666666666,0.0,14.791666666666666
2015-07-13,34.210169,-118.870509,7.4,0.038,41.0,Thousand Oaks,22.304416,66.609550875,8.567652179166666,1013.7083333333334,0.0,2.4583333333333335
2015-07-14,34.210169,-118.870509,10.7,0.043,54.0,Thousand Oaks,21.958582875,67.08228691666666,8.129779079166667,1011.4250000000001,0.0,12.291666666666666
2015-07-15,34.210169,-118.870509,9.9,0.047,52.0,Thousand Oaks,21.414832750000002,67.7233755,7.9768528708333335,1011.6666666666666,0.0,4.583333333333333
2015-07-16,34.210169,-118.870509,11.3,0.047,55.0,Thousand Oaks,21.283582833333334,69.25180983333333,6.986619729166667,1012.9416666666666,0.0,6.041666666666667
2015-07-17,34.210169,-118.870509,10.3,0.049,53.0,Thousand Oaks,21.631499583333333,66.6270755,6.93939555,1011.1166666666667,0.0,1.5
2015-07-18,34.210169,-118.870509,7.8,0.043,43.0,Thousand Oaks,22.171082625,65.62455,6.5673421874999995,1011.9625,0.08333333333333333,31.666666666666668
2015-07-19,34.210169,-118.870509,6.5,0.038,36.0,Thousand Oaks,24.339832708333333,71.82055395833333,9.757855241666666,1014.5666666666666,0.0375,55.708333333333336
2015-07-20,34.210169,-118.870509,2.5,0.029,14.0,Thousand Oaks,23.827332583333334,76.48596016666666,9.233606766666666,1016.0124999999999,0.0625,72.25
2015-07-21,34.210169,-118.870509,0.1,0.022,1.0,Thousand Oaks,22.15858270833333,86.659711,6.166847232083334,1013.3958333333334,0.0,72.91666666666667
2015-07-22,34.210169,-118.870509,1.9,0.027,11.0,Thousand Oaks,21.277332833333332,82.48226879166667,7.2662024625,1011.3166666666666,0.004166666666666667,85.08333333333333
2015-07-23,34.210169,-118.870509,4.5,0.034,25.0,Thousand Oaks,21.70024958333333,77.23955637499999,6.5164506375,1012.9916666666667,0.0,58.583333333333336
2015-07-24,34.210169,-118.870509,7.3,0.036,41.0,Thousand Oaks,23.337749541666668,75.38430729166667,6.689452533333333,1015.8041666666667,0.0,39.208333333333336
2015-07-25,34.210169,-118.870509,8.0,0.043,44.0,Thousand Oaks,23.608582708333333,69.47984137499999,8.613425637499999,1015.4666666666667,0.0,12.416666666666666
2015-07-26,34.210169,-118.870509,7.8,0.031,43.0,Thousand Oaks,23.718999458333332,63.959908041666665,6.781676220833333,1012.5333333333333,0.0,1.125
2015-07-27,34.210169,-118.870509,10.4,0.04,53.0,Thousand Oaks,21.410666125000002,69.897407625,8.36999995,1012.35,0.0,20.25
2015-07-28,34.210169,-118.870509,13.6,0.051,59.0,Thousand Oaks,22.429416083333333,66.266867625,6.966801445833333,1011.7291666666666,0.0,2.9166666666666665
2015-07-29,34.210169,-118.870509,10.4,0.051,53.0,Thousand Oaks,22.939832374999998,70.97613233333333,6.443339908333333,1012.5166666666668,0.0,23.875
2015-07-30,34.210169,-118.870509,15.2,0.048,62.0,Thousand Oaks,23.816916250000002,71.20171320833333,6.1160249916666665,1014.5875,0.0,56.875
2015-07-31,34.210169,-118.870509,13.8,0.045,60.0,Thousand Oaks,23.352332708333332,76.73731808333334,7.140091712499999,1015.4291666666667,0.0,47.666666666666664
2015-08-01,34.210169,-118.870509,11.5,0.041,55.0,Thousand Oaks,23.18774975,74.76023683333334,7.679297558333334,1013.875,0.0,34.958333333333336
2015-08-02,34.210169,-118.870509,11.2,0.038,55.0,Thousand Oaks,23.2564995,71.10816675,7.589574241666667,1012.0291666666667,0.0,18.708333333333332
2015-08-03,34.210169,-118.870509,11.2,0.039,55.0,Thousand Oaks,23.429415958333333,68.34022333333333,7.2316313249999995,1011.0083333333333,0.0,29.75
2015-08-04,34.210169,-118.870509,8.2,0.038,46.0,Thousand Oaks,23.527332875,66.37266141666667,8.1568056,1011.7041666666668,0.0,38.791666666666664
2015-08-05,34.210169,-118.870509,8.5,0.04,47.0,Thousand Oaks,24.714832875,59.33146529166667,8.708510791666667,1012.2916666666666,0.0,31.75
2015-08-06,34.210169,-118.870509,9.7,0.042,52.0,Thousand Oaks,24.564832624999998,62.39058920833333,7.0398252,1010.9458333333333,0.0,78.45833333333333
2015-08-07,34.210169,-118.870509,13.2,0.046,59.0,Thousand Oaks,21.8439995,70.82802366666667,8.041551970833334,1011.2833333333333,0.0,19.083333333333332
2015-08-08,34.210169,-118.870509,12.5,0.049,57.0,Thousand Oaks,20.333582500000002,73.24741695833333,7.386730225,1012.5916666666667,0.0,5.875
2015-08-09,34.210169,-118.870509,10.5,0.042,54.0,Thousand Oaks,20.312749333333333,73.038382625,7.441582082083333,1013.5,0.0,5.5
2015-08-10,34.210169,-118.870509,9.3,0.05,51.0,Thousand Oaks,20.133582708333332,73.937726625,6.380317837500001,1013.8958333333334,0.0,17.5
2015-08-11,34.210169,-118.870509,10.5,0.05,54.0,Thousand Oaks,20.704416,72.29795133333333,7.3973661250000005,1012.3833333333333,0.0,2.7916666666666665
2015-08-12,34.210169,-118.870509,6.1,0.05,34.0,Thousand Oaks,22.643999375000003,64.335221125,8.067484895833333,1013.8000000000001,0.0,11.5
2015-08-13,34.210169,-118.870509,6.0,0.042,33.0,Thousand Oaks,25.48774954166667,49.20547270833333,8.374586919583333,1012.725,0.0,28.458333333333332
2015-08-14,34.210169,-118.870509,9.3,0.046,51.0,Thousand Oaks,26.454416041666665,49.82865016666667,7.544865510416667,1012.2333333333332,0.0,13.625
2015-08-15,34.210169,-118.870509,9.8,0.056,52.0,Thousand Oaks,26.67108358333333,52.26282929166666,7.455146312499999,1011.6791666666667,0.0,14.916666666666666
2015-08-16,34.210169,-118.870509,11.8,0.054,56.0,Thousand Oaks,27.34816641666667,52.75344820833333,7.308947174166666,1010.5708333333333,0.0,17.25
2015-08-17,34.210169,-118.870509,19.8,0.05,71.0,Thousand Oaks,25.523166208333333,58.381033083333335,9.264723858333333,1010.8874999999999,0.0,33.625
2015-08-18,34.210169,-118.870509,19.3,0.048,70.0,Thousand Oaks,22.889832791666667,67.33149554166667,7.758416641666667,1012.5625,0.0,20.708333333333332
2015-08-19,34.210169,-118.870509,20.7,0.051,73.0,Thousand Oaks,21.2127495,74.55129095833333,6.652413849166667,1012.0541666666667,0.0,12.0
2015-08-20,34.210169,-118.870509,18.7,0.051,69.0,Thousand Oaks,21.221082499999998,71.77107566666668,7.029412033333333,1011.2458333333334,0.0,14.208333333333334
2015-08-21,34.210169,-118.870509,18.3,0.055,68.0,Thousand Oaks,20.714832541666667,76.212666625,7.187811483333333,1010.8000000000001,0.0,25.333333333333332
2015-08-22,34.210169,-118.870509,20.0,0.056,71.0,Thousand Oaks,21.29816608333333,75.63592758333333,7.017664870833333,1011.7291666666666,0.0,16.0
2015-08-23,34.210169,-118.870509,16.5,0.049,65.0,Thousand Oaks,22.677332708333335,69.578209875,6.846360829166667,1012.8666666666667,0.0,10.583333333333334
2015-08-24,34.210169,-118.870509,14.7,0.051,61.0,Thousand Oaks,24.185666125,66.76019770833334,7.043229766666666,1013.4125,0.0,3.625
2015-08-25,34.210169,-118.870509,19.0,0.051,69.0,Thousand Oaks,24.8689995,61.89944966666667,8.126928844583334,1012.7833333333333,0.0,40.541666666666664
2015-08-26,34.210169,-118.870509,15.8,0.057,63.0,Thousand Oaks,26.054416166666666,62.107138041666666,6.253177670833334,1013.1125000000001,0.0,27.541666666666668
2015-08-27,34.210169,-118.870509,10.8,0.059,54.0,Thousand Oaks,26.56691591666667,66.81425370833334,6.7417024625,1013.7708333333334,0.0,27.791666666666668
2015-08-28,34.210169,-118.870509,13.1,0.062,58.0,Thousand Oaks,27.187749583333332,58.295447375,7.463063766666667,1011.5416666666666,0.0,20.333333333333332
2015-08-29,34.210169,-118.870509,10.4,0.042,53.0,Thousand Oaks,26.927333166666667,55.15999316666666,7.179381403333333,1010.8000000000001,0.0,6.333333333333333
2015-08-30,34.210169,-118.870509,9.6,0.035,52.0,Thousand Oaks,26.225249541666667,60.221462333333335,6.946228977916667,1010.8625000000001,0.0,16.0
2015-08-31,34.210169,-118.870509,12.2,0.049,57.0,Thousand Oaks,23.593999291666666,68.33076025,9.1340805875,1010.6666666666666,0.0,35.041666666666664
2015-09-01,34.210169,-118.870509,12.6,0.049,58.0,Thousand Oaks,21.985666166666665,71.30571229166667,7.399191970833333,1011.9916666666667,0.0,37.875
2015-09-02,34.210169,-118.870509,10.5,0.044,54.0,Thousand Oaks,21.243999458333334,70.40902916666667,7.414782120833333,1013.4125,0.0,45.0
2015-09-03,34.210169,-118.870509,9.4,0.048,52.0,Thousand Oaks,20.193999416666667,73.03465383333334,7.450557225,1012.2916666666666,0.0,8.041666666666666
2015-09-04,34.210169,-118.870509,10.5,0.049,54.0,Thousand Oaks,19.885666333333333,71.89356629166666,7.111111070833334,1010.6583333333333,0.0,11.208333333333334
2015-09-05,34.210169,-118.870509,10.9,0.053,54.0,Thousand Oaks,20.785666250000002,66.72159875,6.6436127833333325,1011.4250000000001,0.0,6.75
2015-09-06,34.210169,-118.870509,11.8,0.061,56.0,Thousand Oaks,22.764832833333333,63.83443441666666,5.929563089999999,1012.0875,0.0,0.7916666666666666
2015-09-07,34.210169,-118.870509,8.5,0.051,47.0,Thousand Oaks,25.229416125,60.3501965,6.2663426625000005,1011.3041666666667,0.0,0.2916666666666667
2015-09-08,34.210169,-118.870509,5.7,0.046,32.0,Thousand Oaks,26.864833166666667,58.44423545833333,6.478788002916667,1009.9291666666667,0.0,0.08333333333333333
2015-09-09,34.210169,-118.870509,7.9,0.042,44.0,Thousand Oaks,28.523166125,52.85509941666667,6.730645458333334,1009.1666666666666,0.008333333333333333,18.0
2015-09-10,34.210169,-118.870509,11.4,0.058,55.0,Thousand Oaks,27.729416333333333,59.999857125,6.866973625,1009.8083333333334,0.008333333333333333,38.458333333333336
2015-09-11,34.210169,-118.870509,9.3,0.051,51.0,Thousand Oaks,27.743999458333334,65.43729220833333,6.728628766666667,1010.8958333333334,0.0,29.083333333333332
2015-09-12,34.210169,-118.870509,10.5,0.038,54.0,Thousand Oaks,26.316916083333336,67.859071125,5.924003377916667,1012.4,0.0,44.875
2015-09-13,34.210169,-118.870509,8.6,0.039,48.0,Thousand Oaks,25.437749375,68.05704758333333,7.866632554166666,1010.6125000000001,0.0,30.375
2015-09-14,34.210169,-118.870509,7.0,0.03,39.0,Thousand Oaks,22.408582916666663,74.659823375,7.8730152375,1008.9375,0.016666666666666666,17.75
2015-09-15,34.210169,-118.870509,2.5,0.025,14.0,Thousand Oaks,21.204415791666666,85.63045670833333,5.1408700375,1009.9916666666667,0.5,87.58333333333333
2015-09-16,34.210169,-118.870509,3.8,0.04,21.0,Thousand Oaks,19.381499458333334,81.02078229166666,6.808612354166667,1013.475,0.0,48.333333333333336
2015-09-17,34.210169,-118.870509,3.5,0.045,19.0,Thousand Oaks,20.13566625,73.69612954166666,6.363181050000001,1013.6041666666666,0.0,1.7083333333333333
2015-09-18,34.210169,-118.870509,7.0,0.063,39.0,Thousand Oaks,21.123166208333334,71.49973654166666,6.0435590575,1010.6,0.0,0.0
2015-09-19,34.210169,-118.870509,7.2,0.065,40.0,Thousand Oaks,23.118999541666668,68.568094625,5.90428589875,1008.1708333333332,0.0,5.291666666666667
2015-09-20,34.210169,-118.870509,6.6,0.06,37.0,Thousand Oaks,24.748165916666665,69.22616129166667,6.120168920833334,1008.7291666666666,0.0,5.375
2015-09-21,34.210169,-118.870509,10.4,0.052,53.0,Thousand Oaks,24.679416041666666,66.74119370833334,10.673097208333333,1007.1166666666667,0.0,51.833333333333336
2015-09-22,34.210169,-118.870509,16.1,0.046,64.0,Thousand Oaks,22.691915541666663,80.0565625,6.593809566666667,1011.0166666666668,0.0,55.0
2015-09-23,34.210169,-118.870509,13.7,0.058,60.0,Thousand Oaks,22.691915833333336,77.15188458333334,6.1730799958333336,1012.3291666666668,0.0,14.5
2015-09-24,34.210169,-118.870509,11.5,0.066,55.0,Thousand Oaks,23.91899945833333,68.69799645833334,6.908110558333333,1010.8625000000001,0.0,11.833333333333334
2015-09-25,34.210169,-118.870509,14.5,0.063,61.0,Thousand Oaks,25.171082666666667,68.52408183333334,6.638098454166666,1010.8625000000001,0.0,15.791666666666666
2015-09-26,34.210169,-118.870509,10.5,0.059,54.0,Thousand Oaks,25.87941591666667,65.10742570833334,5.840807727083334,1009.6625,0.0,47.583333333333336
2015-09-27,34.210169,-118.870509,11.9,0.058,56.0,Thousand Oaks,25.062749291666666,64.07451533333334,6.390560666666667,1008.5958333333333,0.0,24.166666666666668
2015-09-28,34.210169,-118.870509,9.0,0.04,50.0,Thousand Oaks,24.318999416666667,67.58080191666666,6.199879045833334,1010.0583333333334,0.0,69.41666666666667
2015-09-29,34.210169,-118.870509,8.6,0.041,48.0,Thousand Oaks,22.996082916666666,66.572587625,7.686455241666667,1011.4083333333333,0.0,9.583333333333334
2015-09-30,34.210169,-118.870509,9.0,0.045,50.0,Thousand Oaks,24.089832583333333,62.61933779166667,5.71030383625,1010.1166666666667,0.0,44.5
2015-10-01,34.210169,-118.870509,7.3,0.042,41.0,Thousand Oaks,23.943999458333334,64.98681508333333,5.1992097500000005,1010.5791666666668,0.0,13.041666666666666
2015-10-02,34.210169,-118.870509,5.9,0.047,33.0,Thousand Oaks,21.779416125,63.43498983333333,8.877504216666667,1011.8416666666667,0.0,0.16666666666666666
2015-10-03,34.210169,-118.870509,10.9,0.055,54.0,Thousand Oaks,21.423166166666665,61.23029449999999,8.319633904166666,1005.5666666666666,0.0,1.0416666666666667
2015-10-04,34.210169,-118.870509,6.0,0.045,33.0,Thousand Oaks,17.989832916666668,76.22431704166667,10.307204620833334,1002.1083333333332,0.16666666666666666,47.083333333333336
2015-10-05,34.210169,-118.870509,5.0,0.049,28.0,Thousand Oaks,17.308583083333335,70.957621625,6.998021945833333,1008.5124999999999,0.0,25.708333333333332
2015-10-06,34.210169,-118.870509,5.2,0.049,29.0,Thousand Oaks,18.97733295833333,73.97335641666668,6.741708695833334,1016.2291666666666,0.0,14.291666666666666
2015-10-07,34.210169,-118.870509,7.3,0.054,41.0,Thousand Oaks,20.596083166666666,72.14006641666667,7.902016079166667,1016.8291666666668,0.0,21.458333333333332
2015-10-08,34.210169,-118.870509,5.7,0.058,32.0,Thousand Oaks,22.968999416666666,62.307997,6.605062512500001,1015.4666666666667,0.0,71.25
2015-10-09,34.210169,-118.870509,5.7,0.058,32.0,Thousand Oaks,22.968999416666666,62.307997,6.605062512500001,1015.4666666666667,0.0,71.25
2015-10-10,34.210169,-118.870509,6.1,0.059,34.0,Thousand Oaks,27.83358266666667,39.685901916666666,8.648723933333333,1012.8625000000001,0.0,3.5416666666666665
2015-10-11,34.210169,-118.870509,5.3,0.063,29.0,Thousand Oaks,26.087749625,46.082123708333334,7.151551129166667,1012.6333333333333,0.0,0.4166666666666667
2015-10-12,34.210169,-118.870509,7.3,0.062,41.0,Thousand Oaks,25.281499333333333,52.13133441666667,7.302686470833333,1012.4541666666668,0.0,13.0
2015-10-13,34.210169,-118.870509,6.4,0.046,36.0,Thousand Oaks,25.996082625,51.119176958333334,7.8854667916666665,1014.7624999999999,0.0,28.958333333333332
2015-10-14,34.210169,-118.870509,2.9,0.03,16.0,Thousand Oaks,23.25441616666667,82.67581466666667,6.129842695833333,1015.1708333333332,0.14166666666666666,56.333333333333336
2015-10-15,34.210169,-118.870509,4.1,0.029,23.0,Thousand Oaks,22.037749333333334,85.06606391666666,6.561527137500001,1013.1125000000001,0.16666666666666666,59.75
2015-10-16,34.210169,-118.870509,6.2,0.036,34.0,Thousand Oaks,21.29399941666667,85.87051379166667,6.310294933333334,1012.2416666666667,0.008333333333333333,66.33333333333333
2015-10-17,34.210169,-118.870509,6.4,0.041,36.0,Thousand Oaks,21.254416083333332,83.10003991666666,6.791467275,1012.2624999999999,0.0,53.708333333333336
2015-10-18,34.210169,-118.870509,6.3,0.039,35.0,Thousand Oaks,20.589832625,84.598485,6.788195208333334,1012.0458333333332,0.049999999999999996,48.458333333333336
2015-10-19,34.210169,-118.870509,5.8,0.039,32.0,Thousand Oaks,18.78358233333333,78.50853266666667,6.443408000000001,1012.8541666666666,0.0,54.375
2015-10-20,34.210169,-118.870509,5.4,0.047,30.0,Thousand Oaks,18.675249625,71.35535395833334,6.657685266666667,1011.0083333333333,0.0,14.416666666666666
2015-10-21,34.210169,-118.870509,3.6,0.043,20.0,Thousand Oaks,19.983582916666666,61.183891375,8.372105795833333,1010.8625000000001,0.0,0.5
2015-10-22,34.210169,-118.870509,9.1,0.042,51.0,Thousand Oaks,19.1252495,66.62952345833334,7.8434396500000005,1012.7416666666667,0.0,14.291666666666666
2015-10-23,34.210169,-118.870509,9.7,0.048,52.0,Thousand Oaks,20.060665958333335,74.72634629166667,5.539419933333334,1013.9916666666667,0.0,36.75
2015-10-24,34.210169,-118.870509,6.0,0.049,33.0,Thousand Oaks,20.827333,59.87240633333334,8.4277507125,1012.8166666666666,0.0,43.458333333333336
2015-10-25,34.210169,-118.870509,6.2,0.045,34.0,Thousand Oaks,21.483582791666667,55.40135879166667,7.999332075000001,1011.8916666666668,0.0,97.75
2015-10-26,34.210169,-118.870509,6.4,0.06,36.0,Thousand Oaks,20.791916333333333,62.07750604166667,6.535837820833334,1012.8208333333333,0.0,24.875
2015-10-27,34.210169,-118.870509,11.1,0.053,55.0,Thousand Oaks,19.971082875,59.77038995833333,6.505661095833333,1012.9708333333333,0.0,58.833333333333336
2015-10-28,34.210169,-118.870509,7.0,0.042,39.0,Thousand Oaks,21.729415916666667,55.06463029166667,7.063975549999999,1012.3166666666666,0.0,86.95833333333333
2015-10-29,34.210169,-118.870509,4.2,0.047,23.0,Thousand Oaks,19.727332541666666,57.46247541666667,14.586803270833334,1008.7958333333332,0.0,1.0
2015-10-30,34.210169,-118.870509,3.7,0.045,21.0,Thousand Oaks,19.464832916666666,48.851304999999996,14.4136123125,1010.0333333333333,0.0,0.0
2015-10-31,34.210169,-118.870509,4.1,0.049,23.0,Thousand Oaks,21.123166125,41.024855375,9.699769787500001,1014.1999999999999,0.0,0.0
2015-11-01,34.210169,-118.870509,4.6,0.046,26.0,Thousand Oaks,20.658583041666667,51.178131,5.798482916666667,1016.0583333333334,0.0,0.5416666666666666
2015-11-02,34.210169,-118.870509,6.2,0.038,34.0,Thousand Oaks,18.50858283333333,70.367423125,8.256871941666667,1011.6333333333333,0.0,13.291666666666666
2015-11-03,34.210169,-118.870509,3.3,0.039,18.0,Thousand Oaks,14.181499833333334,67.376798875,12.098024895833333,1009.4041666666667,0.025000000000000005,25.833333333333332
2015-11-04,34.210169,-118.870509,3.9,0.04,22.0,Thousand Oaks,13.875249833333333,58.89665775,9.294491758333333,1012.0166666666668,0.004166666666666667,9.041666666666666
2015-11-05,34.210169,-118.870509,3.7,0.044,21.0,Thousand Oaks,13.364833291666665,49.35185960416667,9.119482308333334,1019.4041666666667,0.0,11.583333333333334
2015-11-06,34.210169,-118.870509,1.6,0.042,9.0,Thousand Oaks,15.027333083333334,42.67433,9.723718904166667,1020.2083333333334,0.0,6.208333333333333
2015-11-07,34.210169,-118.870509,4.4,0.045,24.0,Thousand Oaks,17.721082833333334,26.016371895833334,9.395183745833334,1017.9208333333332,0.0,6.541666666666667
2015-11-08,34.210169,-118.870509,6.4,0.048,36.0,Thousand Oaks,15.873166500000002,45.843216041666665,9.310497770833333,1015.1291666666666,0.0,4.708333333333333
2015-11-09,34.210169,-118.870509,6.4,0.044,36.0,Thousand Oaks,15.823166416666666,64.23685416666667,7.8703603625000005,1014.3375,0.012499999999999999,27.833333333333332
2015-11-10,34.210169,-118.870509,2.2,0.04,12.0,Thousand Oaks,13.343999791666667,61.828704249999994,16.293309083333334,1016.9041666666667,0.0,8.125
2015-11-11,34.210169,-118.870509,3.5,0.046,19.0,Thousand Oaks,13.0731664375,50.459494166666666,10.855907504166666,1022.9041666666667,0.0,0.041666666666666664
2015-11-12,34.210169,-118.870509,0.5,0.045,3.0,Thousand Oaks,14.223166383333334,46.39693939583333,10.1543187125,1019.1625,0.0,7.958333333333333
2015-11-13,34.210169,-118.870509,2.0,0.044,11.0,Thousand Oaks,16.848166375,29.186277054166666,9.135476866666666,1014.8874999999999,0.0,0.0
2015-11-14,34.210169,-118.870509,6.4,0.045,36.0,Thousand Oaks,16.004416458333335,41.661841375,8.088028479166667,1013.7624999999999,0.0,0.0
2015-11-15,34.210169,-118.870509,5.9,0.043,33.0,Thousand Oaks,15.171083208333334,63.81781766666666,8.253163333333333,1012.2083333333334,0.012499999999999999,21.666666666666668
2015-11-16,34.210169,-118.870509,2.2,0.04,12.0,Thousand Oaks,11.791916666666667,48.24098754166667,21.349845208333335,1013.6666666666666,0.0,6.0
2015-11-17,34.210169,-118.870509,3.1,0.041,17.0,Thousand Oaks,12.135666416666666,42.21611670833334,12.566656845833334,1019.9833333333332,0.0,1.7083333333333333
2015-11-18,34.210169,-118.870509,4.2,0.035,23.0,Thousand Oaks,14.998166416666669,43.74736595833334,8.128133829166666,1017.3125,0.0,30.708333333333332
2015-11-19,34.210169,-118.870509,2.5,0.042,14.0,Thousand Oaks,17.316916375,36.90356827083333,8.019163758333333,1014.8041666666667,0.0,9.375
2015-11-20,34.210169,-118.870509,0.0,0.041,0.0,Thousand Oaks,18.446082875,39.300969583333334,9.1795832,1013.2291666666666,0.0,9.958333333333334
2015-11-21,34.210169,-118.870509,0.3,0.04,2.0,Thousand Oaks,21.46066625,26.310619083333336,9.1368861375,1014.0083333333333,0.0,11.708333333333334
2015-11-22,34.210169,-118.870509,1.0,0.043,6.0,Thousand Oaks,19.952332708333333,19.189844695833333,11.081289808333333,1013.8083333333334,0.0,0.041666666666666664
2015-11-23,34.210169,-118.870509,4.5,0.042,25.0,Thousand Oaks,17.679416208333333,29.686674166666666,9.096591691666667,1012.4583333333334,0.0,30.083333333333332
2015-11-24,34.210169,-118.870509,9.7,0.042,52.0,Thousand Oaks,14.941916458333333,64.46167995833333,4.9219133416666665,1013.3375,0.0,14.958333333333334
2015-11-25,34.210169,-118.870509,6.4,0.04,36.0,Thousand Oaks,12.648166666666667,65.60700495833333,14.360038604166666,1011.4291666666667,0.008333333333333333,42.125
2015-11-26,34.210169,-118.870509,9.5,0.039,52.0,Thousand Oaks,9.854416675000001,62.881578625,8.871691579166667,1014.0583333333334,0.0,19.791666666666668
2015-11-27,34.210169,-118.870509,6.8,0.037,38.0,Thousand Oaks,10.948166666666665,39.44609833333333,6.5146667375,1015.5333333333333,0.020833333333333332,30.583333333333332
2015-11-28,34.210169,-118.870509,3.1,0.036,17.0,Thousand Oaks,9.658583349999999,45.223665583333336,8.632223375,1017.4,0.0,12.625
2015-11-29,34.210169,-118.870509,5.7,0.04,32.0,Thousand Oaks,11.254416666666666,32.001956375,8.115561641666668,1018.5124999999999,0.0,26.791666666666668
2015-11-30,34.210169,-118.870509,5.2,0.041,29.0,Thousand Oaks,10.029416504166667,47.18427702083333,8.853457775,1020.3083333333334,0.0,23.625
2015-12-01,34.210169,-118.870509,3.5,0.042,19.0,Thousand Oaks,11.543999724999999,53.02838875,8.378218779166668,1019.1374999999999,0.0,5.375
2015-12-02,34.210169,-118.870509,1.5,0.042,8.0,Thousand Oaks,13.8544165,34.37624983333333,8.577474675,1019.7083333333334,0.0,17.083333333333332
2015-12-03,34.210169,-118.870509,4.4,0.035,24.0,Thousand Oaks,14.868999875,35.45894966666666,9.397811666666668,1017.7708333333334,0.0,60.125
2015-12-04,34.210169,-118.870509,7.7,0.03,43.0,Thousand Oaks,13.575249916666666,63.154158625,4.936565158333333,1017.6875,0.0,55.416666666666664
2015-12-05,34.210169,-118.870509,2.7,0.041,15.0,Thousand Oaks,13.110666566666666,59.530685125,8.020394470833333,1021.2708333333334,0.0,23.083333333333332
2015-12-06,34.210169,-118.870509,4.2,0.044,23.0,Thousand Oaks,15.375249791666667,35.072535708333334,9.712439116666667,1023.0208333333334,0.0,91.0
2015-12-07,34.210169,-118.870509,4.2,0.039,23.0,Thousand Oaks,15.916916333333333,35.984637375,9.734959208333335,1020.2583333333333,0.0,43.541666666666664
2015-12-08,34.210169,-118.870509,3.8,0.038,21.0,Thousand Oaks,17.850249708333333,41.401282125,9.8705490375,1017.3166666666666,0.0,44.666666666666664
2015-12-09,34.210169,-118.870509,8.4,0.028,47.0,Thousand Oaks,17.262749708333335,49.491644541666666,6.410495070833334,1016.3125,0.0,90.875
2015-12-10,34.210169,-118.870509,8.6,0.038,48.0,Thousand Oaks,14.937749833333333,68.053092875,5.134987104166666,1014.9125,0.0,69.29166666666667
2015-12-11,34.210169,-118.870509,6.2,0.04,34.0,Thousand Oaks,13.241916666666667,72.40538379166667,17.415618958333333,1010.6166666666667,0.016666666666666666,58.791666666666664
2015-12-12,34.210169,-118.870509,4.9,0.038,27.0,Thousand Oaks,11.060666641666666,58.19141391666667,14.169464541666665,1012.5208333333334,0.0,2.4583333333333335
2015-12-13,34.210169,-118.870509,3.4,0.038,19.0,Thousand Oaks,11.037749974999999,60.744407375,10.262513641666667,1017.7833333333333,0.0,9.083333333333334
2015-12-14,34.210169,-118.870509,1.8,0.038,10.0,Thousand Oaks,10.177333320833332,62.65456520833333,18.678485041666665,1013.7583333333333,0.10833333333333334,20.416666666666668
2015-12-15,34.210169,-118.870509,1.8,0.038,10.0,Thousand Oaks,10.177333320833332,62.65456520833333,18.678485041666665,1013.7583333333333,0.10833333333333334,20.416666666666668
2015-12-16,34.210169,-118.870509,1.8,0.038,10.0,Thousand Oaks,10.177333320833332,62.65456520833333,18.678485041666665,1013.7583333333333,0.10833333333333334,20.416666666666668
2015-12-17,34.210169,-118.870509,6.1,0.033,34.0,Thousand Oaks,9.775249958333333,60.285988083333336,7.2150514333333335,1021.5708333333333,0.0,2.1666666666666665
2015-12-18,34.210169,-118.870509,7.1,0.035,39.0,Thousand Oaks,11.027333233333332,61.10919441666667,8.161667666666666,1018.8333333333334,0.0,4.375
2015-12-19,34.210169,-118.870509,7.2,0.036,40.0,Thousand Oaks,10.804416699999999,69.24756591666666,7.9914893750000005,1014.3083333333334,0.0,37.5
2015-12-20,34.210169,-118.870509,8.8,0.033,49.0,Thousand Oaks,9.214833350000001,83.06160795833334,8.951592491666666,1018.1041666666666,0.30833333333333335,39.583333333333336
2015-12-21,34.210169,-118.870509,5.2,0.031,29.0,Thousand Oaks,10.358583341666668,72.51430395833333,6.378916995833333,1021.3333333333334,0.0,67.54166666666667
2015-12-22,34.210169,-118.870509,3.6,0.03,20.0,Thousand Oaks,13.95233325,87.71335175,12.847025841666666,1012.9083333333333,0.19166666666666665,95.95833333333333
2015-12-23,34.210169,-118.870509,3.1,0.035,17.0,Thousand Oaks,13.160666583333333,78.25547733333333,7.6787407666666665,1007.4708333333333,0.0,50.5
2015-12-24,34.210169,-118.870509,4.5,0.035,25.0,Thousand Oaks,9.758583275000001,69.57575945833334,9.491261654166665,1011.9416666666666,0.0,42.583333333333336
2015-12-25,34.210169,-118.870509,2.5,0.038,14.0,Thousand Oaks,9.53775,61.27063720833333,16.660116416666668,1016.8625000000001,0.0,6.791666666666667
2015-12-26,34.210169,-118.870509,2.1,0.037,12.0,Thousand Oaks,8.085666695833334,49.216954208333334,15.7875243375,1022.35,0.0,0.0
2015-12-27,34.210169,-118.870509,4.5,0.039,25.0,Thousand Oaks,8.154416679166667,40.43071879166667,10.9024171875,1023.4458333333333,0.0,16.333333333333332
2015-12-28,34.210169,-118.870509,5.7,0.034,32.0,Thousand Oaks,8.210666704166668,59.19494866666667,7.847652433333334,1016.4041666666667,0.0,24.375
2015-12-29,34.210169,-118.870509,6.6,0.035,37.0,Thousand Oaks,7.350250008333333,60.99875108333333,9.5303860625,1013.1416666666668,0.0,5.041666666666667
2015-12-30,34.210169,-118.870509,12.0,0.038,56.0,Thousand Oaks,8.119000020833333,67.96623379166667,5.640158483333333,1020.3625000000001,0.0,1.6666666666666667
2015-12-31,34.210169,-118.870509,12.0,0.038,56.0,Thousand Oaks,8.119000020833333,67.96623379166667,5.640158483333333,1020.3625000000001,0.0,1.6666666666666667
2016-01-01,34.210169,-118.870509,1.1,0.039,6.0,Thousand Oaks,9.214833350000001,29.686130708333334,11.8627025125,1019.0416666666666,0.0,12.75
2016-01-02,34.210169,-118.870509,3.0,0.038,17.0,Thousand Oaks,10.577333333333334,36.805613125,8.797417833333332,1018.4958333333334,0.0,90.41666666666667
2016-01-03,34.210169,-118.870509,10.5,0.043,54.0,Thousand Oaks,10.589833333333333,56.44598658333334,7.736813065833334,1015.8000000000001,0.0,80.25
2016-01-04,34.210169,-118.870509,6.6,0.041,37.0,Thousand Oaks,12.877333166666666,57.042482041666666,9.952649266666667,1008.9458333333333,0.06666666666666667,72.04166666666667
2016-01-05,34.210169,-118.870509,4.3,0.04,24.0,Thousand Oaks,11.698166666666667,85.64344491666667,12.177504983333334,1010.0291666666667,1.0333333333333334,72.125
2016-01-06,34.210169,-118.870509,5.8,0.037,32.0,Thousand Oaks,8.973166666666666,91.13891050000001,14.197899462499999,1012.5666666666666,0.8583333333333334,56.291666666666664
2016-01-07,34.210169,-118.870509,4.5,0.04,25.0,Thousand Oaks,7.9565000333333336,88.36723108333332,10.009706654166667,1012.1875,0.7833333333333333,73.16666666666667
2016-01-08,34.210169,-118.870509,6.1,0.038,34.0,Thousand Oaks,7.902333370833333,80.088368625,9.030896854166667,1014.6374999999999,0.0,10.625
2016-01-09,34.210169,-118.870509,10.5,0.033,54.0,Thousand Oaks,8.421083358333334,80.21446075,6.522669791666666,1021.1166666666667,0.0,51.25
2016-01-10,34.210169,-118.870509,12.2,0.034,57.0,Thousand Oaks,10.944,81.422073,6.3550467375,1021.4375,0.0,83.33333333333333
2016-01-11,34.210169,-118.870509,1.5,0.038,8.0,Thousand Oaks,10.439833316666666,77.09195754166667,7.310629641666666,1023.4166666666666,0.0,72.91666666666667
2016-01-12,34.210169,-118.870509,3.8,0.038,21.0,Thousand Oaks,9.933583208333333,68.09175854166666,9.586553566666668,1023.1208333333334,0.0,41.875
2016-01-13,34.210169,-118.870509,5.2,0.033,29.0,Thousand Oaks,10.202333341666666,80.18620725,7.001559133333333,1020.8375,0.0,53.5
2016-01-14,34.210169,-118.870509,12.7,0.035,58.0,Thousand Oaks,10.55025,84.916647875,6.2097423958333335,1019.0,0.0,56.25
2016-01-15,34.210169,-118.870509,12.5,0.025,57.0,Thousand Oaks,11.633583333333334,87.12286704166667,4.24458025,1017.9708333333333,0.008333333333333333,59.833333333333336
2016-01-16,34.210169,-118.870509,18.9,0.037,69.0,Thousand Oaks,12.035666666666666,88.662899375,5.057554333333333,1020.3708333333334,0.0,77.70833333333333
2016-01-17,34.210169,-118.870509,17.7,0.036,67.0,Thousand Oaks,11.800249895833334,83.42320470833333,6.1701211625,1020.8541666666666,0.0,72.29166666666667
2016-01-18,34.210169,-118.870509,7.1,0.028,39.0,Thousand Oaks,12.5815,88.61598254166667,6.1358007575,1021.0958333333333,0.0,91.54166666666667
2016-01-19,34.210169,-118.870509,7.1,0.028,39.0,Thousand Oaks,12.5815,88.61598254166667,6.1358007575,1021.0958333333333,0.0,91.54166666666667
2016-01-20,34.210169,-118.870509,7.1,0.028,39.0,Thousand Oaks,12.5815,88.61598254166667,6.1358007575,1021.0958333333333,0.0,91.54166666666667
2016-01-21,34.210169,-118.870509,7.1,0.028,39.0,Thousand Oaks,12.5815,88.61598254166667,6.1358007575,1021.0958333333333,0.0,91.54166666666667
2016-01-22,34.210169,-118.870509,7.1,0.028,39.0,Thousand Oaks,12.5815,88.61598254166667,6.1358007575,1021.0958333333333,0.0,91.54166666666667
2016-01-23,34.210169,-118.870509,9.7,0.032,52.0,Thousand Oaks,13.35025,80.27152379166667,5.8148478458333335,1017.0500000000001,0.004166666666666667,95.95833333333333
2016-01-24,34.210169,-118.870509,6.7,0.038,37.0,Thousand Oaks,11.137750016666667,73.809066125,8.381740204166666,1016.9375,0.0,16.0
2016-01-25,34.210169,-118.870509,2.6,0.039,14.0,Thousand Oaks,11.485666633333333,67.55487445833333,8.776609504166666,1018.4208333333332,0.0,31.833333333333332
2016-01-26,34.210169,-118.870509,1.5,0.04,8.0,Thousand Oaks,13.20024975,51.90623529166667,9.71996231125,1021.3333333333334,0.0,0.0
2016-01-27,34.210169,-118.870509,4.0,0.039,22.0,Thousand Oaks,12.431499808333333,50.152822500000006,8.859425279166667,1023.6041666666666,0.0,78.29166666666667
2016-01-28,34.210169,-118.870509,5.4,0.038,30.0,Thousand Oaks,12.475249733333333,59.2855475,8.416696754166667,1021.8208333333333,0.0,44.791666666666664
2016-01-29,34.210169,-118.870509,7.0,0.035,39.0,Thousand Oaks,14.187749708333333,60.88296975,5.710227208333333,1018.1916666666666,0.0,58.708333333333336
2016-01-30,34.210169,-118.870509,11.1,0.032,55.0,Thousand Oaks,14.596083208333333,76.960268,5.585135041666667,1015.4125,0.0,28.041666666666668
2016-01-31,34.210169,-118.870509,4.1,0.039,23.0,Thousand Oaks,11.47525,93.55610137500001,14.609849529166667,1011.6958333333333,0.49583333333333335,63.916666666666664
2016-02-01,34.210169,-118.870509,3.0,0.039,17.0,Thousand Oaks,8.810666683333332,52.596292416666664,23.68663675,1011.0458333333332,0.0,13.375
2016-02-02,34.210169,-118.870509,4.2,0.039,23.0,Thousand Oaks,7.500250016666667,61.00660379166666,10.029544308333334,1021.6666666666666,0.0,13.416666666666666
2016-02-03,34.210169,-118.870509,4.2,0.04,23.0,Thousand Oaks,8.550250008333334,66.40127541666666,8.712372704166667,1024.4708333333333,0.0,13.833333333333334
2016-02-04,34.210169,-118.870509,1.7,0.041,9.0,Thousand Oaks,9.733583204166667,65.07861874999999,9.674130420833334,1026.4750000000001,0.0,48.125
2016-02-05,34.210169,-118.870509,1.3,0.042,7.0,Thousand Oaks,12.391916445833333,51.916906958333335,11.205607583333332,1024.9791666666667,0.0,26.458333333333332
2016-02-06,34.210169,-118.870509,1.2,0.044,7.0,Thousand Oaks,13.843999791666667,44.21893154166667,11.135153287500001,1024.3958333333333,0.0,0.5416666666666666
2016-02-07,34.210169,-118.870509,1.0,0.046,6.0,Thousand Oaks,15.952333000000001,40.314916958333335,11.216641415833335,1020.475,0.0,0.0
2016-02-08,34.210169,-118.870509,1.1,0.043,6.0,Thousand Oaks,20.714832708333333,20.578181375,10.228055333333332,1019.5958333333333,0.0,0.0
2016-02-09,34.210169,-118.870509,1.7,0.041,9.0,Thousand Oaks,19.643999458333333,28.4639805,8.828472445833333,1019.5583333333334,0.0,0.0
2016-02-10,34.210169,-118.870509,3.0,0.042,17.0,Thousand Oaks,18.093999916666665,37.53042045833333,8.91847125,1019.2708333333334,0.0,26.208333333333332
2016-02-11,34.210169,-118.870509,5.7,0.051,32.0,Thousand Oaks,17.552333125,38.995390375,8.452789929166666,1018.5166666666668,0.0,0.0
2016-02-12,34.210169,-118.870509,6.1,0.052,34.0,Thousand Oaks,17.041916458333333,44.79614829166667,7.0348366958333335,1018.6125000000001,0.0,19.791666666666668
2016-02-13,34.210169,-118.870509,8.5,0.05,47.0,Thousand Oaks,16.1544165,55.15025420833334,6.2657809916666665,1017.9833333333332,0.0,16.25
2016-02-14,34.210169,-118.870509,3.7,0.043,21.0,Thousand Oaks,17.1064995,48.696679125,8.390405691666666,1016.9208333333332,0.0,3.5
2016-02-15,34.210169,-118.870509,3.2,0.039,18.0,Thousand Oaks,21.2189995,34.001732249999996,10.3172800125,1014.9,0.0,6.208333333333333
2016-02-16,34.210169,-118.870509,3.4,0.049,19.0,Thousand Oaks,21.177332916666668,31.58737675,8.1564732125,1012.7375000000001,0.0,0.0
2016-02-17,34.210169,-118.870509,8.8,0.035,49.0,Thousand Oaks,17.32941633333333,48.24044466666667,8.567125633333333,1010.2166666666667,0.004166666666666667,22.166666666666668
2016-02-18,34.210169,-118.870509,5.0,0.044,28.0,Thousand Oaks,13.077333291666667,82.91894095833332,10.801154270833335,1013.0875,0.5916666666666667,83.41666666666667
2016-02-19,34.210169,-118.870509,7.6,0.043,42.0,Thousand Oaks,11.962749916666667,75.45786479166667,5.5338467375,1017.2708333333334,0.0,31.666666666666668
2016-02-20,34.210169,-118.870509,8.8,0.047,49.0,Thousand Oaks,12.30441655,74.25720112500001,6.446678020833333,1018.6374999999999,0.0,22.291666666666668
2016-02-21,34.210169,-118.870509,8.5,0.045,47.0,Thousand Oaks,13.78566625,73.41084175,6.721481195833333,1018.0333333333333,0.0,7.291666666666667
2016-02-22,34.210169,-118.870509,3.5,0.048,19.0,Thousand Oaks,15.10649975,59.45067766666667,11.379768366666667,1015.75,0.0,28.333333333333332
2016-02-23,34.210169,-118.870509,3.4,0.046,19.0,Thousand Oaks,16.693999916666666,48.97377658333334,10.8585330875,1013.9875000000001,0.0,82.58333333333333
2016-02-24,34.210169,-118.870509,4.4,0.048,24.0,Thousand Oaks,16.743999708333334,37.1642615,9.488559520833332,1017.6166666666667,0.0,37.333333333333336
2016-02-25,34.210169,-118.870509,5.8,0.053,32.0,Thousand Oaks,15.889832916666668,45.775681999999996,9.4075402875,1017.3375,0.0,3.375
2016-02-26,34.210169,-118.870509,7.2,0.047,40.0,Thousand Oaks,15.706499666666666,50.82165641666666,6.891376112500001,1017.6666666666666,0.0,35.791666666666664
2016-02-27,34.210169,-118.870509,12.3,0.049,57.0,Thousand Oaks,15.916916416666666,63.20294016666667,6.445261595833333,1017.0333333333333,0.0,58.625
2016-02-28,34.210169,-118.870509,8.6,0.041,48.0,Thousand Oaks,17.041916416666666,62.410785583333336,5.067743266666667,1015.3874999999999,0.0,41.333333333333336
2016-02-29,34.210169,-118.870509,9.4,0.049,52.0,Thousand Oaks,17.323166458333333,61.19798879166667,5.840681425,1015.8708333333334,0.0,56.291666666666664
2016-03-01,34.210169,-118.870509,12.0,0.05,56.0,Thousand Oaks,17.079416333333334,55.804854750000004,6.3529955,1017.1166666666667,0.0,54.125
2016-03-02,34.210169,-118.870509,17.2,0.049,66.0,Thousand Oaks,16.002332958333334,66.55982666666667,5.14785161875,1017.725,0.0,74.0
2016-03-03,34.210169,-118.870509,15.0,0.042,62.0,Thousand Oaks,15.662749666666665,72.24378979166666,5.816965166666667,1017.7541666666666,0.0,99.5
2016-03-04,34.210169,-118.870509,16.5,0.048,65.0,Thousand Oaks,14.806499833333334,75.00420320833334,5.5163863875,1016.2875,0.0,82.29166666666667
2016-03-05,34.210169,-118.870509,9.5,0.033,52.0,Thousand Oaks,14.689833208333333,86.58924308333333,7.721141,1016.5124999999999,0.04583333333333334,80.54166666666667
2016-03-06,34.210169,-118.870509,5.0,0.045,28.0,Thousand Oaks,13.902333333333333,83.95185612499999,16.900219208333333,1015.1625,0.6333333333333333,65.58333333333333
2016-03-07,34.210169,-118.870509,4.9,0.043,27.0,Thousand Oaks,10.769,78.15197475000001,17.5057803125,1012.7291666666666,0.3541666666666667,49.458333333333336
2016-03-08,34.210169,-118.870509,4.2,0.043,23.0,Thousand Oaks,11.135666425000002,69.51505591666667,12.683174770833332,1011.2916666666666,0.0,11.375
2016-03-09,34.210169,-118.870509,6.3,0.038,35.0,Thousand Oaks,13.716916541666668,69.16671925,8.987965466666667,1015.2624999999999,0.0,21.625
2016-03-10,34.210169,-118.870509,5.1,0.035,28.0,Thousand Oaks,15.233583125000001,71.50529970833334,6.767628654166667,1016.5041666666666,0.0,73.41666666666667
2016-03-11,34.210169,-118.870509,6.1,0.042,34.0,Thousand Oaks,14.337749916666667,85.796368375,9.135709925,1015.2708333333334,0.30416666666666664,81.33333333333333
2016-03-12,34.210169,-118.870509,6.0,0.04,33.0,Thousand Oaks,10.985666666666667,76.04032529166666,12.2882444875,1018.1833333333334,0.049999999999999996,11.416666666666666
2016-03-13,34.210169,-118.870509,6.7,0.04,37.0,Thousand Oaks,12.271083333333335,80.43514379166668,6.9621262625,1020.7583333333333,0.0,34.166666666666664
2016-03-14,34.210169,-118.870509,5.1,0.039,28.0,Thousand Oaks,14.108583166666667,84.71061741666666,10.013977079166667,1019.3791666666666,0.0,76.625
2016-03-15,34.210169,-118.870509,5.8,0.046,32.0,Thousand Oaks,14.758583041666666,69.82541870833333,7.609790666666666,1016.8874999999999,0.0,44.333333333333336
2016-03-16,34.210169,-118.870509,5.3,0.054,29.0,Thousand Oaks,17.162749625,57.697516375,8.036175904166667,1013.5124999999999,0.0,4.458333333333333
2016-03-17,34.210169,-118.870509,9.8,0.063,52.0,Thousand Oaks,17.448166458333333,62.230247125,7.521659775,1011.8666666666667,0.0,0.2916666666666667
2016-03-18,34.210169,-118.870509,15.2,0.055,62.0,Thousand Oaks,16.28983295833333,74.258202375,6.915882075,1012.775,0.0,12.75
2016-03-19,34.210169,-118.870509,22.4,0.054,76.0,Thousand Oaks,16.098166541666668,79.76487983333332,5.353222140416666,1015.2458333333334,0.0,65.5
2016-03-20,34.210169,-118.870509,18.0,0.048,68.0,Thousand Oaks,16.046083125,78.15444825,5.3926299208333335,1016.7291666666666,0.0,82.08333333333333
2016-03-21,34.210169,-118.870509,9.1,0.038,51.0,Thousand Oaks,15.535666208333334,80.865708625,8.034887370833333,1018.5749999999999,0.0,85.66666666666667
2016-03-22,34.210169,-118.870509,7.0,0.047,39.0,Thousand Oaks,14.091916583333335,63.59206079166666,14.327938041666668,1016.7125,0.0,37.666666666666664
2016-03-23,34.210169,-118.870509,3.2,0.045,18.0,Thousand Oaks,14.454416520833334,46.80804660416666,12.710939175,1018.4,0.0,5.958333333333333
2016-03-24,34.210169,-118.870509,4.8,0.05,27.0,Thousand Oaks,16.391916291666664,45.31881520833334,11.047327416666667,1018.7083333333334,0.0,12.291666666666666
2016-03-25,34.210169,-118.870509,7.6,0.048,42.0,Thousand Oaks,16.91899941666667,52.789203791666665,8.4661103,1012.6083333333332,0.0,28.875
2016-03-26,34.210169,-118.870509,13.2,0.053,59.0,Thousand Oaks,17.275249708333334,58.805947124999996,8.151889454166666,1009.7208333333333,0.0,9.541666666666666
2016-03-27,34.210169,-118.870509,18.3,0.053,68.0,Thousand Oaks,16.439833125,72.26664129166666,8.89114655,1014.5458333333332,0.0,51.291666666666664
2016-03-28,34.210169,-118.870509,9.0,0.043,50.0,Thousand Oaks,14.471083208333333,77.63723408333333,10.167300008333333,1013.0708333333333,0.008333333333333333,71.41666666666667
2016-03-29,34.210169,-118.870509,7.0,0.041,39.0,Thousand Oaks,11.387749999999999,56.61449754166667,17.153118875,1010.6333333333333,0.012500000000000002,18.458333333333332
2016-03-30,34.210169,-118.870509,7.1,0.043,39.0,Thousand Oaks,11.348166666666666,68.16492625,9.5241576625,1013.4250000000001,0.008333333333333333,19.416666666666668
2016-03-31,34.210169,-118.870509,7.6,0.045,42.0,Thousand Oaks,12.931499791666667,67.23348025,8.748204783333334,1016.3583333333332,0.008333333333333333,3.0416666666666665
2016-04-01,34.210169,-118.870509,13.3,0.052,59.0,Thousand Oaks,14.500249833333333,68.10047641666667,10.2890325625,1017.5791666666668,0.0,26.5
2016-04-02,34.210169,-118.870509,14.7,0.059,61.0,Thousand Oaks,15.985666416666668,69.57065362499999,7.165343604166666,1019.7291666666666,0.0,1.5833333333333333
2016-04-03,34.210169,-118.870509,8.7,0.053,48.0,Thousand Oaks,17.350249583333333,58.73270904166666,8.611467045833333,1017.4875000000001,0.0,21.208333333333332
2016-04-04,34.210169,-118.870509,6.8,0.054,38.0,Thousand Oaks,17.67316620833333,55.38822233333334,8.031328795833334,1017.3791666666666,0.0,59.5
2016-04-05,34.210169,-118.870509,8.4,0.059,47.0,Thousand Oaks,18.856499625,50.379491,7.3955007833333335,1017.3874999999999,0.0,16.208333333333332
2016-04-06,34.210169,-118.870509,7.1,0.05,39.0,Thousand Oaks,20.450249666666668,53.3341925,7.6052970625,1016.9833333333332,0.0,98.66666666666667
2016-04-07,34.210169,-118.870509,12.5,0.041,57.0,Thousand Oaks,16.74816625,68.72630370833333,5.5165656825000005,1016.3416666666667,0.07916666666666666,99.70833333333333
2016-04-08,34.210169,-118.870509,12.2,0.035,57.0,Thousand Oaks,14.112749875,91.12238495833333,6.374724283333333,1013.0583333333334,0.225,99.29166666666667
2016-04-09,34.210169,-118.870509,8.1,0.031,45.0,Thousand Oaks,13.671083333333334,91.56420537499999,8.785732058333332,1013.5958333333333,0.3333333333333333,81.875
2016-04-10,34.210169,-118.870509,5.9,0.038,33.0,Thousand Oaks,14.287749875000001,83.06517558333333,6.750617883333334,1011.0749999999999,0.22083333333333333,73.25
2016-04-11,34.210169,-118.870509,8.4,0.046,47.0,Thousand Oaks,14.491916541666667,82.34289766666667,5.976876999999999,1016.2083333333334,0.0,46.333333333333336
2016-04-12,34.210169,-118.870509,6.2,0.037,34.0,Thousand Oaks,15.583583249999998,81.606141375,7.677052141666667,1019.2541666666666,0.0,13.166666666666666
2016-04-13,34.210169,-118.870509,9.8,0.041,52.0,Thousand Oaks,15.23358325,83.21050591666666,7.083767930833333,1019.5666666666666,0.0,19.708333333333332
2016-04-14,34.210169,-118.870509,12.7,0.045,58.0,Thousand Oaks,15.898166333333334,75.979268125,6.7567639533333335,1015.025,0.0,19.916666666666668
2016-04-15,34.210169,-118.870509,5.2,0.053,29.0,Thousand Oaks,15.364833208333332,57.999612125,15.362553708333332,1010.9666666666667,0.0,56.25
2016-04-16,34.210169,-118.870509,5.0,0.052,28.0,Thousand Oaks,17.002333,49.6319875,12.81105095,1013.9916666666667,0.0,0.0
2016-04-17,34.210169,-118.870509,5.7,0.06,32.0,Thousand Oaks,18.975249875,44.898436333333336,11.1166851375,1014.8666666666667,0.0,0.0
2016-04-18,34.210169,-118.870509,6.5,0.068,36.0,Thousand Oaks,19.33566625,48.54227683333334,8.216703208333334,1015.8666666666667,0.0,6.833333333333333
2016-04-19,34.210169,-118.870509,6.0,0.067,33.0,Thousand Oaks,20.431499708333334,46.609742374999996,7.675917325,1014.6708333333332,0.0,52.583333333333336
2016-04-20,34.210169,-118.870509,4.8,0.059,27.0,Thousand Oaks,20.558582958333332,37.563887875,8.414783670833334,1012.6291666666666,0.0,37.333333333333336
2016-04-21,34.210169,-118.870509,4.5,0.049,25.0,Thousand Oaks,19.66483283333333,42.969315791666666,9.946634337499999,1011.7458333333334,0.0,93.45833333333333
2016-04-22,34.210169,-118.870509,5.2,0.044,29.0,Thousand Oaks,17.362749708333332,71.04181829166667,10.346824641666666,1012.8708333333334,0.0,34.708333333333336
2016-04-23,34.210169,-118.870509,6.2,0.052,34.0,Thousand Oaks,16.37524975,62.505362875,14.307610095833333,1015.2583333333333,0.0,24.875
2016-04-24,34.210169,-118.870509,8.8,0.05,49.0,Thousand Oaks,17.116916375,49.32371666666666,10.331902220833333,1012.8083333333334,0.0,30.958333333333332
2016-04-25,34.210169,-118.870509,10.5,0.048,54.0,Thousand Oaks,15.248166166666666,60.72980504166667,15.148225283333334,1010.8375,0.0,8.833333333333334
2016-04-26,34.210169,-118.870509,8.9,0.054,49.0,Thousand Oaks,14.510666291666666,50.026387375000006,12.807868966666668,1013.4958333333334,0.0,29.458333333333332
2016-04-27,34.210169,-118.870509,10.6,0.051,54.0,Thousand Oaks,15.771083124999999,58.97801608333333,8.694942311666667,1012.0791666666668,0.0,33.458333333333336
2016-04-28,34.210169,-118.870509,10.1,0.046,53.0,Thousand Oaks,15.181499791666667,61.73375029166667,14.845417666666668,1008.1541666666667,0.0,13.75
2016-04-29,34.210169,-118.870509,11.7,0.049,56.0,Thousand Oaks,15.383583125000001,68.04731787499999,9.774924391666667,1014.1208333333334,0.0,30.916666666666668
2016-04-30,34.210169,-118.870509,11.1,0.049,55.0,Thousand Oaks,14.910666375,70.55524287499999,7.891081645833334,1010.6458333333334,0.004166666666666667,59.625
2016-05-01,34.210169,-118.870509,13.7,0.048,60.0,Thousand Oaks,15.764833041666668,70.12212666666666,10.395799679166666,1010.9916666666667,0.0,33.25
2016-05-02,34.210169,-118.870509,14.5,0.049,61.0,Thousand Oaks,16.850249666666667,71.31868862500001,6.488903396666667,1015.3708333333334,0.0,23.875
2016-05-03,34.210169,-118.870509,12.9,0.053,58.0,Thousand Oaks,18.383582791666665,66.13891575000001,7.8470611791666665,1014.1166666666667,0.0,40.333333333333336
2016-05-04,34.210169,-118.870509,11.9,0.048,56.0,Thousand Oaks,16.506499833333333,74.720004875,7.7056839083333335,1013.3708333333334,0.0,54.541666666666664
2016-05-05,34.210169,-118.870509,7.1,0.038,39.0,Thousand Oaks,14.431499833333334,74.27664191666666,7.885774841666667,1012.5291666666667,0.0,60.041666666666664
2016-05-06,34.210169,-118.870509,5.6,0.035,31.0,Thousand Oaks,13.833583291666665,77.73954425000001,7.6948273625,1011.0500000000001,0.18333333333333335,76.79166666666667
2016-05-07,34.210169,-118.870509,5.7,0.039,32.0,Thousand Oaks,14.223166583333333,76.79777229166667,6.663346795833333,1013.4166666666666,0.02916666666666667,66.625
2016-05-08,34.210169,-118.870509,5.0,0.038,28.0,Thousand Oaks,14.685666458333335,76.63651145833333,8.313916033333333,1013.8375,0.0,41.791666666666664
2016-05-09,34.210169,-118.870509,4.5,0.039,25.0,Thousand Oaks,14.996083125,81.03116883333333,8.141043925,1014.3791666666666,0.0,66.08333333333333
2016-05-10,34.210169,-118.870509,8.1,0.047,45.0,Thousand Oaks,15.421083166666667,79.32978229166666,6.6938069166666665,1014.4,0.0,47.458333333333336
2016-05-11,34.210169,-118.870509,13.4,0.05,59.0,Thousand Oaks,16.335666333333332,79.1773175,7.5269967375,1015.6583333333333,0.0,73.625
2016-05-12,34.210169,-118.870509,10.0,0.047,53.0,Thousand Oaks,17.943999875,73.55523020833333,8.387233279166667,1015.4625,0.0,21.666666666666668
2016-05-13,34.210169,-118.870509,11.9,0.055,56.0,Thousand Oaks,18.558582916666666,72.095245875,6.873702795833334,1014.9375,0.0,27.666666666666668
2016-05-14,34.210169,-118.870509,12.7,0.044,58.0,Thousand Oaks,17.181499583333334,76.00362816666667,7.615775908333333,1014.775,0.0,85.0
2016-05-15,34.210169,-118.870509,8.8,0.039,49.0,Thousand Oaks,16.981499458333335,73.47800125,7.704636745833334,1012.5458333333332,0.0,88.29166666666667
2016-05-16,34.210169,-118.870509,9.6,0.04,52.0,Thousand Oaks,16.818999541666667,74.19096641666667,7.145055591666666,1012.2791666666667,0.0,38.916666666666664
2016-05-17,34.210169,-118.870509,10.3,0.047,53.0,Thousand Oaks,17.556499625,73.59125808333333,7.597574195833334,1012.1625,0.0,67.70833333333333
2016-05-18,34.210169,-118.870509,11.8,0.046,56.0,Thousand Oaks,18.248166125,74.31873554166667,8.060158308333333,1014.1833333333334,0.0,54.125
2016-05-19,34.210169,-118.870509,14.2,0.045,61.0,Thousand Oaks,17.331499708333336,78.298010875,7.956123045833333,1013.1291666666666,0.0,63.458333333333336
2016-05-20,34.210169,-118.870509,9.2,0.044,51.0,Thousand Oaks,15.477333166666668,72.51658441666667,9.314054370833334,1010.3041666666667,0.004166666666666667,78.25
2016-05-21,34.210169,-118.870509,6.7,0.039,37.0,Thousand Oaks,14.254416416666666,66.253317,9.054783020833334,1013.6,0.0,37.666666666666664
2016-05-22,34.210169,-118.870509,6.6,0.039,37.0,Thousand Oaks,14.850249833333335,65.29831,9.521483133333334,1016.3041666666667,0.0,20.208333333333332
2016-05-23,34.210169,-118.870509,7.1,0.041,39.0,Thousand Oaks,15.596083041666667,68.47623604166667,10.363904616666668,1013.1125000000001,0.0,19.875
2016-05-24,34.210169,-118.870509,5.0,0.034,28.0,Thousand Oaks,14.883583166666668,72.77273741666666,8.166548577916666,1013.5208333333334,0.0,45.916666666666664
2016-05-25,34.210169,-118.870509,3.5,0.032,19.0,Thousand Oaks,14.989833124999999,76.19467733333333,9.927135299166666,1017.2833333333333,0.0,65.20833333333333
2016-05-26,34.210169,-118.870509,8.4,0.038,47.0,Thousand Oaks,15.941916416666666,73.09471691666667,8.529538666666665,1017.2458333333334,0.0,27.083333333333332
2016-05-27,34.210169,-118.870509,12.0,0.049,56.0,Thousand Oaks,16.979416458333333,74.26490725000001,8.665101966666667,1013.5583333333334,0.0,29.666666666666668
2016-05-28,34.210169,-118.870509,13.8,0.045,60.0,Thousand Oaks,17.329416374999997,75.35196925,8.359424629166666,1011.125,0.0,47.208333333333336
2016-05-29,34.210169,-118.870509,10.4,0.044,53.0,Thousand Oaks,16.529416375,76.86598658333334,7.944172058333333,1014.4416666666666,0.0,69.5
2016-05-30,34.210169,-118.870509,9.9,0.047,52.0,Thousand Oaks,16.664832791666665,77.08787545833333,7.924391761666667,1015.1374999999999,0.0,61.375
2016-05-31,34.210169,-118.870509,14.2,0.051,61.0,Thousand Oaks,17.887749708333335,73.54631566666667,7.426217020833334,1011.8458333333333,0.0,49.958333333333336
2016-06-01,34.210169,-118.870509,14.6,0.053,61.0,Thousand Oaks,18.439832958333334,76.03126775,6.4491504625000005,1011.9291666666667,0.0,48.166666666666664
2016-06-02,34.210169,-118.870509,14.4,0.054,61.0,Thousand Oaks,19.977332999999998,71.27760925,6.567686358333333,1013.5208333333334,0.0,43.666666666666664
2016-06-03,34.210169,-118.870509,12.6,0.076,58.0,Thousand Oaks,22.146082708333335,60.991428250000006,6.8546018875,1013.8958333333334,0.0,34.791666666666664
2016-06-04,34.210169,-118.870509,9.9,0.06,52.0,Thousand Oaks,23.277332666666666,58.86568545833333,6.587456228333333,1013.3416666666667,0.0,32.916666666666664
2016-06-05,34.210169,-118.870509,8.7,0.041,48.0,Thousand Oaks,20.108582833333333,67.96427116666666,7.8151106625,1012.1625,0.0,12.583333333333334
2016-06-06,34.210169,-118.870509,10.2,0.041,53.0,Thousand Oaks,18.683582791666666,71.895134,8.107855720833333,1010.0916666666667,0.0,36.25
2016-06-07,34.210169,-118.870509,12.2,0.046,57.0,Thousand Oaks,17.773166208333333,74.36939037500001,6.900508420833333,1010.9458333333333,0.0,45.875
2016-06-08,34.210169,-118.870509,10.6,0.05,54.0,Thousand Oaks,18.675249416666666,74.17287516666666,6.441105641666667,1011.3791666666666,0.0,59.208333333333336
2016-06-09,34.210169,-118.870509,11.7,0.05,56.0,Thousand Oaks,19.56066625,73.81419479166667,6.8094381791666665,1011.3708333333334,0.0,69.0
2016-06-10,34.210169,-118.870509,11.7,0.049,56.0,Thousand Oaks,19.052333041666667,77.90905195833334,6.5155631000000005,1012.8625000000001,0.0,84.41666666666667
2016-06-11,34.210169,-118.870509,5.9,0.03,33.0,Thousand Oaks,18.418999333333335,78.299218,10.1676573625,1013.2375000000001,0.0,86.91666666666667
2016-06-12,34.210169,-118.870509,4.6,0.041,26.0,Thousand Oaks,17.664832875,74.02162129166666,11.31029075,1015.9875000000001,0.0,88.75
2016-06-13,34.210169,-118.870509,6.7,0.039,37.0,Thousand Oaks,16.983583,79.032704375,7.901702,1018.5,0.0,57.541666666666664
2016-06-14,34.210169,-118.870509,11.8,0.042,56.0,Thousand Oaks,17.02524975,78.352286,7.728435158333333,1015.275,0.0,50.458333333333336
2016-06-15,34.210169,-118.870509,11.2,0.042,55.0,Thousand Oaks,17.325249708333335,73.72940191666667,7.593199845833333,1013.2125,0.0,47.333333333333336
2016-06-16,34.210169,-118.870509,19.0,0.059,69.0,Thousand Oaks,18.06274983333333,63.032925541666664,8.5835029125,1015.3291666666668,0.0,2.125
2016-06-17,34.210169,-118.870509,23.8,0.065,78.0,Thousand Oaks,20.448166333333333,58.99637929166666,7.906452158333334,1015.5791666666668,0.0,0.25
2016-06-18,34.210169,-118.870509,15.7,0.052,63.0,Thousand Oaks,22.825249541666665,55.19779104166667,9.592778383333334,1015.3625000000001,0.0,41.75
2016-06-19,34.210169,-118.870509,9.0,0.056,50.0,Thousand Oaks,25.577332791666667,42.590020833333334,10.381674820833334,1013.0458333333332,0.0,22.25
2016-06-20,34.210169,-118.870509,9.0,0.056,50.0,Thousand Oaks,25.577332791666667,42.590020833333334,10.381674820833334,1013.0458333333332,0.0,22.25
2016-06-21,34.210169,-118.870509,20.5,0.054,72.0,Thousand Oaks,27.581499375000003,42.25782304166667,11.455775583333335,1012.1666666666666,0.0,24.291666666666668
2016-06-22,34.210169,-118.870509,15.0,0.048,62.0,Thousand Oaks,23.33149933333333,62.795268791666665,6.056968670833334,1013.2416666666667,0.0,24.708333333333332
2016-06-23,34.210169,-118.870509,16.5,0.052,65.0,Thousand Oaks,21.808582791666666,63.717706916666664,7.329991941666666,1013.5541666666667,0.0,16.375
2016-06-24,34.210169,-118.870509,11.4,0.043,55.0,Thousand Oaks,22.041915916666667,64.81069008333334,7.796118441666667,1013.2208333333333,0.0,18.166666666666668
2016-06-25,34.210169,-118.870509,15.5,0.051,63.0,Thousand Oaks,21.925249166666664,64.69072691666666,7.115844708333333,1011.1791666666667,0.0,26.25
2016-06-26,34.210169,-118.870509,14.5,0.052,61.0,Thousand Oaks,23.91066591666667,61.697085875,6.8276747916666665,1011.0541666666667,0.0,17.291666666666668
2016-06-27,34.210169,-118.870509,17.5,0.064,67.0,Thousand Oaks,24.98983266666667,63.187054375,7.043809404166667,1012.375,0.0,33.666666666666664
2016-06-28,34.210169,-118.870509,11.5,0.055,55.0,Thousand Oaks,25.183582916666666,65.62371783333333,6.266013096666666,1013.1083333333332,0.0,44.958333333333336
2016-06-29,34.210169,-118.870509,14.5,0.051,61.0,Thousand Oaks,24.850249458333334,63.88743854166666,6.851812541666667,1012.125,0.0,21.916666666666668
2016-06-30,34.210169,-118.870509,17.4,0.05,66.0,Thousand Oaks,23.577332875,67.01843616666666,6.676881845833333,1010.7458333333334,0.0,22.541666666666668
2016-07-01,34.210169,-118.870509,16.5,0.045,65.0,Thousand Oaks,22.181499458333334,70.23644591666667,6.80180435,1011.5208333333334,0.0,34.875
2016-07-02,34.210169,-118.870509,12.1,0.046,57.0,Thousand Oaks,21.32316575,71.196534,8.390441516666668,1013.9666666666667,0.0,35.958333333333336
2016-07-03,34.210169,-118.870509,8.7,0.038,48.0,Thousand Oaks,20.0002495,71.61698258333332,7.2679839,1016.3125,0.0,39.375
2016-07-04,34.210169,-118.870509,8.6,0.043,48.0,Thousand Oaks,19.21691625,73.18235358333334,8.476816320833334,1016.3708333333334,0.0,38.875
2016-07-05,34.210169,-118.870509,10.0,0.045,53.0,Thousand Oaks,19.208582875,73.04475066666667,8.2281921875,1015.3000000000001,0.0,37.875
2016-07-06,34.210169,-118.870509,9.0,0.044,50.0,Thousand Oaks,19.373166166666667,73.17982704166667,8.011976404166667,1014.6125000000001,0.0,32.583333333333336
2016-07-07,34.210169,-118.870509,10.9,0.05,54.0,Thousand Oaks,19.958582958333334,72.07543008333333,6.9562746833333335,1013.8041666666667,0.0,35.458333333333336
2016-07-08,34.210169,-118.870509,10.7,0.049,54.0,Thousand Oaks,21.05649920833333,70.68084891666666,7.2160012,1013.9791666666666,0.0,22.166666666666668
2016-07-09,34.210169,-118.870509,8.0,0.046,44.0,Thousand Oaks,22.181499583333334,69.33084175,7.0011523279166665,1015.0,0.0,32.791666666666664
2016-07-10,34.210169,-118.870509,9.5,0.038,52.0,Thousand Oaks,22.696082666666666,68.22609762500001,7.930669945833333,1013.9,0.0,16.75
2016-07-11,34.210169,-118.870509,12.5,0.047,57.0,Thousand Oaks,22.060666166666667,66.41839866666668,9.770922887500001,1010.9791666666666,0.0,9.708333333333334
2016-07-12,34.210169,-118.870509,15.9,0.047,64.0,Thousand Oaks,20.710666333333332,72.35668029166666,7.795161808333333,1011.9458333333333,0.0,33.833333333333336
2016-07-13,34.210169,-118.870509,14.9,0.053,62.0,Thousand Oaks,21.929415958333333,68.00268916666667,7.354844866666667,1013.225,0.0,11.583333333333334
2016-07-14,34.210169,-118.870509,12.7,0.045,58.0,Thousand Oaks,22.929416083333333,67.35313000000001,6.879915791666666,1014.5833333333334,0.0,18.583333333333332
2016-07-15,34.210169,-118.870509,13.7,0.043,60.0,Thousand Oaks,22.591915874999998,67.01788229166667,7.549629875,1013.7375000000001,0.0,13.166666666666666
2016-07-16,34.210169,-118.870509,10.7,0.045,54.0,Thousand Oaks,21.481499624999998,68.547706375,7.6812198625,1012.5166666666668,0.0,21.708333333333332
2016-07-17,34.210169,-118.870509,9.5,0.044,52.0,Thousand Oaks,21.433582541666667,67.637001375,7.72877549,1012.5541666666667,0.0,23.291666666666668
2016-07-18,34.210169,-118.870509,10.3,0.053,53.0,Thousand Oaks,21.821082416666666,67.357198375,6.743404545833333,1015.3000000000001,0.0,23.291666666666668
2016-07-19,34.210169,-118.870509,8.5,0.053,47.0,Thousand Oaks,23.318999625,64.33304283333334,7.24874025,1015.3708333333334,0.0,6.125
2016-07-20,34.210169,-118.870509,6.9,0.051,38.0,Thousand Oaks,25.11483275,55.152721250000006,7.617692210833333,1013.8041666666667,0.0,7.125
2016-07-21,34.210169,-118.870509,10.3,0.056,53.0,Thousand Oaks,26.091916208333334,52.73382670833333,7.55858697375,1013.1791666666667,0.0,0.875
2016-07-22,34.210169,-118.870509,12.5,0.063,57.0,Thousand Oaks,27.010666416666666,50.56794825,7.8707126999999995,1012.5666666666666,0.0,13.916666666666666
2016-07-23,34.210169,-118.870509,14.0,0.067,60.0,Thousand Oaks,28.585666666666665,37.474839333333335,8.0848732375,1009.1750000000001,0.0,7.458333333333333
2016-07-24,34.210169,-118.870509,16.3,0.048,64.0,Thousand Oaks,26.391916,56.00435304166667,8.490214958333333,1010.4458333333333,0.0,3.5416666666666665
2016-07-25,34.210169,-118.870509,15.8,0.054,63.0,Thousand Oaks,24.933582625,63.241816625000006,6.4262210374999995,1012.6708333333332,0.0,9.166666666666666
2016-07-26,34.210169,-118.870509,12.7,0.051,58.0,Thousand Oaks,25.348165875000003,62.72442854166667,7.965187016666667,1011.7208333333333,0.0,21.833333333333332
2016-07-27,34.210169,-118.870509,9.4,0.047,52.0,Thousand Oaks,25.381499166666668,61.131803749999996,6.761596510416666,1011.3958333333334,0.0,7.708333333333333
2016-07-28,34.210169,-118.870509,11.3,0.049,55.0,Thousand Oaks,24.962749208333335,62.33964508333333,6.683952949999999,1011.4791666666666,0.0,7.416666666666667
2016-07-29,34.210169,-118.870509,13.3,0.048,59.0,Thousand Oaks,25.387749291666665,64.348674375,6.4572539791666665,1009.6208333333334,0.0,3.125
2016-07-30,34.210169,-118.870509,16.0,0.043,64.0,Thousand Oaks,24.860666124999998,67.15937154166666,7.092438558333334,1009.4958333333334,0.0,5.833333333333333
2016-07-31,34.210169,-118.870509,16.0,0.043,64.0,Thousand Oaks,24.098166083333336,71.65258091666666,7.756433925,1011.2624999999999,0.0,11.041666666666666
2016-08-01,34.210169,-118.870509,13.0,0.043,58.0,Thousand Oaks,23.323166,71.488448375,6.499308224166666,1012.7666666666668,0.0,8.916666666666666
2016-08-02,34.210169,-118.870509,9.7,0.039,52.0,Thousand Oaks,22.450249333333332,71.90281675,7.505101570833333,1014.6291666666666,0.0,17.0
2016-08-03,34.210169,-118.870509,10.0,0.048,53.0,Thousand Oaks,22.408582416666665,71.472362125,7.035608652916667,1014.4583333333334,0.0,24.291666666666668
2016-08-04,34.210169,-118.870509,16.5,0.048,65.0,Thousand Oaks,22.491916125,71.04795029166667,7.381387050000001,1012.4458333333333,0.0,27.125
2016-08-05,34.210169,-118.870509,14.7,0.045,61.0,Thousand Oaks,22.366916083333333,71.70198729166667,7.241936253333333,1010.9333333333334,0.0,27.375
2016-08-06,34.210169,-118.870509,11.3,0.045,55.0,Thousand Oaks,21.802332583333335,71.365500875,8.277471183333333,1010.4125,0.0,29.375
2016-08-07,34.210169,-118.870509,15.6,0.048,63.0,Thousand Oaks,22.608582583333334,71.05946970833334,7.5730737875,1009.3416666666667,0.0,29.208333333333332
2016-08-08,34.210169,-118.870509,18.5,0.058,69.0,Thousand Oaks,22.273166208333333,71.184528625,7.3084933125000004,1009.0416666666666,0.0,25.875
2016-08-09,34.210169,-118.870509,18.3,0.054,68.0,Thousand Oaks,21.614832583333335,73.69627233333334,7.129126054166666,1010.2583333333333,0.0,48.833333333333336
2016-08-10,34.210169,-118.870509,12.9,0.05,58.0,Thousand Oaks,21.500249625,71.0860425,6.641764027916667,1011.5791666666668,0.0,33.625
2016-08-11,34.210169,-118.870509,12.0,0.054,56.0,Thousand Oaks,21.252332666666668,72.71547366666667,7.293489475,1014.3125,0.0,23.25
2016-08-12,34.210169,-118.870509,12.2,0.048,57.0,Thousand Oaks,21.477332583333332,72.89819195833333,7.931825695833333,1015.4708333333333,0.0,22.166666666666668
2016-08-13,34.210169,-118.870509,10.0,0.048,53.0,Thousand Oaks,23.61899975,66.84048654166666,8.19251425,1013.0791666666668,0.0,7.0
2016-08-14,34.210169,-118.870509,13.0,0.05,58.0,Thousand Oaks,24.946082625,62.46652516666666,8.2754462625,1011.0,0.0,10.958333333333334
2016-08-15,34.210169,-118.870509,10.7,0.053,54.0,Thousand Oaks,25.27316625,60.900068000000005,7.943968702916667,1010.9875000000001,0.0,10.375
2016-08-16,34.210169,-118.870509,11.9,0.047,56.0,Thousand Oaks,24.600249416666667,58.34715108333333,7.451600508333333,1010.7083333333334,0.0,8.666666666666666
2016-08-17,34.210169,-118.870509,13.4,0.052,59.0,Thousand Oaks,24.183582625,56.679069958333336,7.3084235375,1010.3625000000001,0.0,11.208333333333334
2016-08-18,34.210169,-118.870509,10.1,0.05,53.0,Thousand Oaks,23.737749416666663,58.49604170833334,6.476158016666666,1010.6999999999999,0.0,9.208333333333334
2016-08-19,34.210169,-118.870509,11.8,0.047,56.0,Thousand Oaks,21.796082375,67.46642979166667,6.675258529166666,1011.9458333333333,0.0,14.041666666666666
2016-08-20,34.210169,-118.870509,10.8,0.045,54.0,Thousand Oaks,21.406499375,67.06380945833332,8.753952232083334,1012.5458333333332,0.0,7.166666666666667
2016-08-21,34.210169,-118.870509,13.1,0.048,58.0,Thousand Oaks,21.879416083333336,69.957047375,7.429076320833333,1011.6208333333334,0.0,9.75
2016-08-22,34.210169,-118.870509,14.5,0.046,61.0,Thousand Oaks,22.321082583333332,67.99340895833333,7.070614258333333,1011.7208333333333,0.0,24.083333333333332
2016-08-23,34.210169,-118.870509,11.9,0.047,56.0,Thousand Oaks,22.139832583333334,70.573937125,7.297544575,1014.4416666666666,0.0,14.375
2016-08-24,34.210169,-118.870509,13.0,0.045,58.0,Thousand Oaks,22.435666208333334,70.76369433333333,6.872353058333334,1015.8041666666667,0.0,4.625
2016-08-25,34.210169,-118.870509,14.7,0.046,61.0,Thousand Oaks,21.72108270833333,71.89578675,7.168003916666667,1013.4333333333334,0.0,21.166666666666668
2016-08-26,34.210169,-118.870509,14.8,0.047,62.0,Thousand Oaks,20.462749291666665,75.25541220833334,7.522082520833333,1013.1958333333333,0.0,39.416666666666664
2016-08-27,34.210169,-118.870509,14.7,0.05,61.0,Thousand Oaks,19.418999458333335,78.40778670833333,7.056642566666667,1014.3416666666667,0.0,42.791666666666664
2016-08-28,34.210169,-118.870509,14.5,0.053,61.0,Thousand Oaks,21.460666166666666,71.24418033333333,8.267826091666667,1014.8416666666667,0.0,15.875
2016-08-29,34.210169,-118.870509,15.5,0.054,63.0,Thousand Oaks,23.48774954166667,64.67507820833333,6.946961036666667,1013.6916666666666,0.0,18.291666666666668
2016-08-30,34.210169,-118.870509,18.3,0.063,68.0,Thousand Oaks,24.904415916666665,59.368791625,7.762105445833334,1010.6374999999999,0.0,16.333333333333332
2016-08-31,34.210169,-118.870509,16.5,0.049,65.0,Thousand Oaks,25.141916249999998,61.28890066666667,6.806337579166667,1009.8666666666667,0.0,15.0
2016-09-01,34.210169,-118.870509,15.7,0.049,63.0,Thousand Oaks,24.152332875,64.50908570833333,5.964393607083333,1011.1291666666666,0.0,13.166666666666666
2016-09-02,34.210169,-118.870509,14.8,0.046,62.0,Thousand Oaks,21.943999291666668,72.65714566666666,6.5321172125,1012.1333333333333,0.0,28.75
2016-09-03,34.210169,-118.870509,14.2,0.043,61.0,Thousand Oaks,19.927332833333335,76.41010933333332,7.658654445833334,1011.2083333333334,0.0,34.541666666666664
2016-09-04,34.210169,-118.870509,13.0,0.039,58.0,Thousand Oaks,18.460666083333333,73.91930537500001,7.481292954166666,1010.1916666666666,0.0,37.041666666666664
2016-09-05,34.210169,-118.870509,13.7,0.042,60.0,Thousand Oaks,18.57524954166667,71.394715625,7.151379483333333,1008.725,0.0,31.666666666666668
2016-09-06,34.210169,-118.870509,14.7,0.048,61.0,Thousand Oaks,19.575249458333335,71.81675979166667,7.144390945833333,1009.4208333333332,0.0,16.375
2016-09-07,34.210169,-118.870509,16.5,0.052,65.0,Thousand Oaks,21.537749458333334,72.02975708333334,6.837882795833334,1011.75,0.0,33.416666666666664
2016-09-08,34.210169,-118.870509,16.7,0.044,65.0,Thousand Oaks,20.43774925,74.92655720833334,7.412648845833334,1017.5625,0.0,37.458333333333336
2016-09-09,34.210169,-118.870509,16.4,0.05,65.0,Thousand Oaks,19.79399954166667,76.38408295833334,8.193113816666667,1015.7208333333333,0.0,21.666666666666668
2016-09-10,34.210169,-118.870509,11.7,0.049,56.0,Thousand Oaks,21.333582916666668,73.41730270833334,7.7980398875,1015.5416666666666,0.0,12.208333333333334
2016-09-11,34.210169,-118.870509,12.7,0.042,58.0,Thousand Oaks,21.079415666666666,72.708478,8.411716470833333,1016.8375,0.0,12.166666666666666
2016-09-12,34.210169,-118.870509,12.6,0.034,58.0,Thousand Oaks,19.018999541666666,78.01215241666667,7.7366419083333335,1014.1458333333334,0.0,32.833333333333336
2016-09-13,34.210169,-118.870509,6.5,0.034,36.0,Thousand Oaks,16.754416625,78.153177125,9.604363104166667,1013.2958333333332,0.05416666666666667,87.45833333333333
2016-09-14,34.210169,-118.870509,6.7,0.041,37.0,Thousand Oaks,17.237749666666666,72.94756483333333,6.302620195833334,1016.5541666666667,0.0,29.083333333333332
2016-09-15,34.210169,-118.870509,10.2,0.053,53.0,Thousand Oaks,18.875249583333332,72.15969879166667,7.900414020833334,1015.5041666666666,0.0,7.791666666666667
2016-09-16,34.210169,-118.870509,12.9,0.056,58.0,Thousand Oaks,19.927332500000002,69.86499008333332,6.093727236666666,1013.4125,0.0,9.208333333333334
2016-09-17,34.210169,-118.870509,15.2,0.059,62.0,Thousand Oaks,21.123166166666667,69.56235233333334,6.109009495833334,1013.1374999999999,0.0,6.333333333333333
2016-09-18,34.210169,-118.870509,13.2,0.065,59.0,Thousand Oaks,23.204416041666665,60.020180833333335,6.424385858333333,1012.1666666666666,0.0,12.333333333333334
2016-09-19,34.210169,-118.870509,10.7,0.052,54.0,Thousand Oaks,24.389832833333333,60.945012125000005,6.6275176,1013.0833333333334,0.0,17.5
2016-09-20,34.210169,-118.870509,8.2,0.048,46.0,Thousand Oaks,23.602332875000002,64.1018635,10.324636441666668,1013.9875000000001,0.0,53.5
2016-09-21,34.210169,-118.870509,9.4,0.043,52.0,Thousand Oaks,23.487749249999997,73.33980820833334,7.011539245833333,1012.025,0.0,28.125
2016-09-22,34.210169,-118.870509,13.6,0.043,59.0,Thousand Oaks,21.039832791666665,71.32792816666667,8.180874066666666,1011.1583333333333,0.0,22.375
2016-09-23,34.210169,-118.870509,7.6,0.049,42.0,Thousand Oaks,19.641916166666665,43.112000333333334,7.7666772208333335,1013.4583333333334,0.0,16.708333333333332
2016-09-24,34.210169,-118.870509,6.3,0.06,35.0,Thousand Oaks,22.048165958333332,44.02520441666667,8.240539229166666,1014.7708333333334,0.0,8.208333333333334
2016-09-25,34.210169,-118.870509,4.4,0.053,24.0,Thousand Oaks,24.441916125000002,37.238528875,7.025684741666667,1014.6083333333332,0.0,0.4583333333333333
2016-09-26,34.210169,-118.870509,4.1,0.056,23.0,Thousand Oaks,28.241916208333333,23.5349205,9.564073558333334,1012.7208333333333,0.0,0.0
2016-09-27,34.210169,-118.870509,5.9,0.058,33.0,Thousand Oaks,26.668999541666665,33.03208754166666,8.7056773875,1010.5375,0.0,18.208333333333332
2016-09-28,34.210169,-118.870509,8.1,0.06,45.0,Thousand Oaks,25.316915958333336,40.228778125,6.280730495833333,1011.8625000000001,0.0,29.625
2016-09-29,34.210169,-118.870509,7.0,0.059,39.0,Thousand Oaks,24.666915958333334,52.89619654166666,7.408435570833333,1014.4833333333332,0.0,19.208333333333332
2016-09-30,34.210169,-118.870509,7.7,0.049,43.0,Thousand Oaks,24.00858291666667,57.59248370833333,6.827347058333333,1015.9041666666667,0.0,5.166666666666667
2016-10-01,34.210169,-118.870509,10.2,0.053,53.0,Thousand Oaks,22.668999291666665,57.06249654166667,6.620626570833333,1014.3041666666667,0.0,1.0
2016-10-02,34.210169,-118.870509,12.1,0.048,57.0,Thousand Oaks,20.3814995,64.97954266666666,7.178324115416667,1013.6791666666667,0.0,15.833333333333334
2016-10-03,34.210169,-118.870509,8.2,0.045,46.0,Thousand Oaks,18.350249583333333,63.65241833333334,9.291296833333334,1014.0541666666667,0.0,12.958333333333334
2016-10-04,34.210169,-118.870509,6.8,0.044,38.0,Thousand Oaks,18.910666208333335,58.792101083333336,9.291476204166667,1011.7708333333334,0.0,3.7083333333333335
2016-10-05,34.210169,-118.870509,9.3,0.052,51.0,Thousand Oaks,18.289832875,69.82939870833333,6.784817929166667,1012.1916666666666,0.0,23.375
2016-10-06,34.210169,-118.870509,6.5,0.051,36.0,Thousand Oaks,19.091916208333334,62.07243283333333,6.269292245833333,1012.2375000000001,0.0,22.458333333333332
2016-10-07,34.210169,-118.870509,5.2,0.054,29.0,Thousand Oaks,22.539832708333336,30.622042208333337,7.6673219,1011.6958333333333,0.0,73.45833333333333
2016-10-08,34.210169,-118.870509,6.7,0.061,37.0,Thousand Oaks,21.99816625,42.51804825,7.606459075,1011.2208333333333,0.0,59.958333333333336
2016-10-09,34.210169,-118.870509,5.3,0.062,29.0,Thousand Oaks,22.333582833333335,49.70674925,7.336051858333334,1013.125,0.0,28.333333333333332
2016-10-10,34.210169,-118.870509,4.8,0.044,27.0,Thousand Oaks,22.133582875000002,54.563240416666666,7.076529256250001,1014.0124999999999,0.0,48.25
2016-10-11,34.210169,-118.870509,8.2,0.038,46.0,Thousand Oaks,18.410666333333335,71.97530275,9.318602825000001,1015.8375,0.0,26.833333333333332
2016-10-12,34.210169,-118.870509,11.1,0.042,55.0,Thousand Oaks,16.966916416666667,77.94188325,6.360483827916667,1017.0375,0.0,39.041666666666664
2016-10-13,34.210169,-118.870509,14.5,0.05,61.0,Thousand Oaks,17.183583000000002,76.08061845833333,6.368050412500001,1016.7083333333334,0.0,41.541666666666664
2016-10-14,34.210169,-118.870509,15.1,0.046,62.0,Thousand Oaks,18.248166333333334,76.84110258333334,6.547068440833333,1015.3583333333332,0.0,58.041666666666664
2016-10-15,34.210169,-118.870509,9.2,0.031,51.0,Thousand Oaks,18.333583083333334,81.700731,6.304620070833334,1014.8708333333334,0.0,24.041666666666668
2016-10-16,34.210169,-118.870509,1.3,0.029,7.0,Thousand Oaks,18.393999125,87.2182075,11.0411786875,1015.1708333333332,0.004166666666666667,90.54166666666667
2016-10-17,34.210169,-118.870509,5.5,0.04,31.0,Thousand Oaks,18.0002495,85.886729125,8.738082645833334,1014.1791666666667,0.13749999999999998,69.58333333333333
2016-10-18,34.210169,-118.870509,5.9,0.05,33.0,Thousand Oaks,17.66899975,73.28474229166666,6.716441179166666,1013.1083333333332,0.0,12.083333333333334
2016-10-19,34.210169,-118.870509,5.3,0.048,29.0,Thousand Oaks,20.721083041666667,45.98647154166667,8.40862685,1013.3333333333334,0.0,5.5
2016-10-20,34.210169,-118.870509,1.4,0.047,8.0,Thousand Oaks,25.052332875,18.028039645833335,10.898380116666667,1013.9,0.0,0.0
2016-10-21,34.210169,-118.870509,7.8,0.056,43.0,Thousand Oaks,23.702332958333333,23.981349820833334,10.070035875,1011.3708333333334,0.0,0.041666666666666664
2016-10-22,34.210169,-118.870509,8.8,0.049,49.0,Thousand Oaks,21.6814995,40.46141520833333,6.8577261,1010.975,0.0,9.833333333333334
2016-10-23,34.210169,-118.870509,7.5,0.044,42.0,Thousand Oaks,20.3627495,49.992850125,7.617914566666666,1013.75,0.0,91.125
2016-10-24,34.210169,-118.870509,8.2,0.036,46.0,Thousand Oaks,18.737749333333333,71.8636745,6.672392016666667,1016.5124999999999,0.029166666666666664,58.375
2016-10-25,34.210169,-118.870509,8.9,0.037,49.0,Thousand Oaks,17.735666,78.15286475,6.642227552916666,1018.3291666666668,0.0,14.166666666666666
2016-10-26,34.210169,-118.870509,8.4,0.032,47.0,Thousand Oaks,18.323166333333333,73.980473375,7.297188254166667,1016.8416666666667,0.0,52.333333333333336
2016-10-27,34.210169,-118.870509,7.6,0.035,42.0,Thousand Oaks,19.727332875,69.43590512499999,4.661100425,1014.4208333333332,0.0,95.04166666666667
2016-10-28,34.210169,-118.870509,5.5,0.025,31.0,Thousand Oaks,18.666916208333333,76.31942383333333,8.974066508333333,1012.2333333333332,0.2708333333333333,78.375
2016-10-29,34.210169,-118.870509,3.8,0.023,21.0,Thousand Oaks,17.675249291666667,82.59156245833334,6.814129008333333,1014.6708333333332,0.0,58.791666666666664
2016-10-30,34.210169,-118.870509,3.1,0.028,17.0,Thousand Oaks,17.66899929166667,86.02532179166667,6.584154183333333,1014.8458333333333,0.09999999999999999,94.375
2016-10-31,34.210169,-118.870509,3.9,0.038,22.0,Thousand Oaks,15.812749541666667,86.38986883333332,5.780842429166667,1017.0416666666666,0.012500000000000002,70.625
2016-11-01,34.210169,-118.870509,7.0,0.039,39.0,Thousand Oaks,15.291916458333333,80.13686766666667,5.397652408333333,1015.8166666666666,0.0,43.041666666666664
2016-11-02,34.210169,-118.870509,4.0,0.045,22.0,Thousand Oaks,15.675249875,72.06522683333334,7.748063004166667,1017.0416666666666,0.0,0.8333333333333334
2016-11-03,34.210169,-118.870509,3.6,0.044,20.0,Thousand Oaks,18.846083,51.37015025,9.366413258333333,1016.4458333333333,0.0,0.0
2016-11-04,34.210169,-118.870509,5.7,0.046,32.0,Thousand Oaks,19.073166208333333,58.146293875,7.7939015125,1016.7458333333334,0.0,32.375
2016-11-05,34.210169,-118.870509,10.7,0.052,54.0,Thousand Oaks,18.264833083333333,68.70466616666667,6.265077995833334,1016.8833333333333,0.0,42.125
2016-11-06,34.210169,-118.870509,16.4,0.052,65.0,Thousand Oaks,17.168999833333334,73.24095058333333,5.72618725,1016.3083333333334,0.0,28.875
2016-11-07,34.210169,-118.870509,9.3,0.052,51.0,Thousand Oaks,18.033583,71.812840125,4.611945183333334,1017.6999999999999,0.0,86.04166666666667
2016-11-08,34.210169,-118.870509,7.2,0.053,40.0,Thousand Oaks,19.58983291666667,61.659097624999994,6.680242799999999,1017.3666666666667,0.0,23.166666666666668
2016-11-09,34.210169,-118.870509,6.8,0.051,38.0,Thousand Oaks,22.648166083333333,41.064313041666665,9.667576604166667,1015.8208333333333,0.0,19.666666666666668
2016-11-10,34.210169,-118.870509,5.2,0.05,29.0,Thousand Oaks,22.498165999999998,37.849914250000005,9.975058479166668,1015.0583333333334,0.0,2.625
2016-11-11,34.210169,-118.870509,6.5,0.053,36.0,Thousand Oaks,20.477333041666665,45.089613625,8.643511625,1016.8625000000001,0.0,0.875
2016-11-12,34.210169,-118.870509,11.0,0.054,55.0,Thousand Oaks,19.714833083333335,44.32442291666666,5.395279366666667,1017.6791666666667,0.0,77.0
2016-11-13,34.210169,-118.870509,8.2,0.06,46.0,Thousand Oaks,19.64399975,50.11658241666667,8.093672775,1017.5124999999999,0.0,39.333333333333336
2016-11-14,34.210169,-118.870509,7.5,0.05,42.0,Thousand Oaks,20.021082916666668,46.499658583333336,8.557313508333333,1018.2041666666668,0.0,0.125
2016-11-15,34.210169,-118.870509,9.0,0.041,50.0,Thousand Oaks,18.396083041666667,58.994968625000006,5.8661240875,1017.0833333333334,0.0,41.5
2016-11-16,34.210169,-118.870509,11.7,0.039,56.0,Thousand Oaks,16.346083083333333,72.88229441666667,4.709984745833333,1012.7916666666666,0.0,57.666666666666664
2016-11-17,34.210169,-118.870509,5.1,0.042,28.0,Thousand Oaks,14.112749604166666,48.93238310416667,10.066934,1012.6541666666667,0.0,3.2916666666666665
2016-11-18,34.210169,-118.870509,5.8,0.039,32.0,Thousand Oaks,15.99399975,21.130386333333334,11.3738064875,1016.5458333333332,0.0,0.125
2016-11-19,34.210169,-118.870509,11.4,0.045,55.0,Thousand Oaks,14.73149975,41.002758,6.679051058333333,1017.8375,0.0,9.583333333333334
2016-11-20,34.210169,-118.870509,10.6,0.04,54.0,Thousand Oaks,15.248166583333335,72.113274125,5.8078750625,1015.7416666666667,0.012500000000000002,57.375
2016-11-21,34.210169,-118.870509,5.9,0.036,33.0,Thousand Oaks,14.1919165,82.83594141666667,9.001501770833334,1013.4125,0.6375000000000001,68.29166666666667
2016-11-22,34.210169,-118.870509,7.6,0.038,42.0,Thousand Oaks,12.750249716666666,74.86602179166667,7.359233995833333,1018.1,0.0,7.041666666666667
2016-11-23,34.210169,-118.870509,10.7,0.038,54.0,Thousand Oaks,13.679416583333333,76.242054375,7.0801825916666665,1019.6208333333334,0.0,38.333333333333336
2016-11-24,34.210169,-118.870509,5.7,0.043,32.0,Thousand Oaks,14.5794165,58.02134504166667,12.613457395833334,1019.7916666666666,0.0,35.416666666666664
2016-11-25,34.210169,-118.870509,9.7,0.044,52.0,Thousand Oaks,13.637749841666666,51.71294204166667,10.186502595833334,1018.1458333333334,0.0,0.0
2016-11-26,34.210169,-118.870509,14.3,0.044,61.0,Thousand Oaks,12.700249958333332,71.01739529166666,6.513872504166667,1015.75,0.09999999999999999,15.75
2016-11-27,34.210169,-118.870509,6.2,0.039,34.0,Thousand Oaks,10.760666666666667,85.49854245833335,13.511923029166667,1015.9499999999999,0.05000000000000001,57.5
2016-11-28,34.210169,-118.870509,5.9,0.036,33.0,Thousand Oaks,11.637749999999999,72.76932991666666,7.672587058333334,1014.4916666666667,0.0,41.75
2016-11-29,34.210169,-118.870509,4.7,0.037,26.0,Thousand Oaks,11.59608315,67.61552758333333,8.742085874999999,1013.3958333333334,0.0,26.458333333333332
2016-11-30,34.210169,-118.870509,6.1,0.037,34.0,Thousand Oaks,10.721083308333334,59.21635129166666,8.500480454166667,1017.5708333333333,0.0,7.458333333333333
2016-12-01,34.210169,-118.870509,9.2,0.037,51.0,Thousand Oaks,11.731499833333332,67.01692670833334,6.12155775,1015.0291666666667,0.0,57.333333333333336
2016-12-02,34.210169,-118.870509,5.7,0.044,32.0,Thousand Oaks,11.596083333333333,56.03800308333334,16.736411666666665,1015.1,0.0,4.541666666666667
2016-12-03,34.210169,-118.870509,4.4,0.042,24.0,Thousand Oaks,11.587749791666667,41.40037554166667,13.514964083333334,1019.0333333333333,0.0,1.4166666666666667
2016-12-04,34.210169,-118.870509,7.1,0.037,39.0,Thousand Oaks,12.556499883333332,55.12279579166667,9.183796904166668,1017.5333333333333,0.0,5.125
2016-12-05,34.210169,-118.870509,16.7,0.033,65.0,Thousand Oaks,13.071083166666666,62.734772125,5.072380940833333,1014.3291666666668,0.0,52.958333333333336
2016-12-06,34.210169,-118.870509,20.2,0.042,72.0,Thousand Oaks,12.521083333333335,81.6865205,6.015155225,1014.5333333333333,0.0,67.20833333333333
2016-12-07,34.210169,-118.870509,14.5,0.038,61.0,Thousand Oaks,11.264833333333334,74.13409816666667,5.965950133333333,1016.9541666666668,0.0,94.83333333333333
2016-12-08,34.210169,-118.870509,8.4,0.039,47.0,Thousand Oaks,12.416916666666667,67.78429279166666,6.14629845,1021.6666666666666,0.0,46.0
2016-12-09,34.210169,-118.870509,5.7,0.029,32.0,Thousand Oaks,14.054416625,84.40883458333333,6.1506458125,1023.6625,0.0,78.875
2016-12-10,34.210169,-118.870509,8.5,0.021,47.0,Thousand Oaks,14.114833208333332,88.457694,3.595638016666667,1020.975,0.0,69.79166666666667
2016-12-11,34.210169,-118.870509,13.9,0.026,60.0,Thousand Oaks,14.698166583333332,90.43623558333333,5.2216994375,1019.0625,0.0,85.95833333333333
2016-12-12,34.210169,-118.870509,16.8,0.026,65.0,Thousand Oaks,14.396083208333332,88.71079408333333,4.207843058333333,1018.2125,0.0,90.79166666666667
2016-12-13,34.210169,-118.870509,21.7,0.026,74.0,Thousand Oaks,13.8669165,86.25263170833334,3.4829683354166665,1018.8583333333332,0.0,97.125
2016-12-14,34.210169,-118.870509,35.2,0.032,100.0,Thousand Oaks,13.452333333333334,84.15289091666666,4.690914341666667,1018.2875,0.0,78.33333333333333
2016-12-15,34.210169,-118.870509,27.2,0.023,85.0,Thousand Oaks,14.12108325,82.453012375,5.603544041666667,1016.3166666666666,0.004166666666666667,95.83333333333333
2016-12-16,34.210169,-118.870509,4.2,0.04,23.0,Thousand Oaks,13.094000000000001,90.63792970833333,15.518082095833334,1011.5875,0.9083333333333333,88.79166666666667
2016-12-17,34.210169,-118.870509,10.4,0.04,53.0,Thousand Oaks,9.285666666666666,63.571954874999996,13.5963584,1016.3458333333333,0.0,3.7083333333333335
2016-12-18,34.210169,-118.870509,4.3,0.043,24.0,Thousand Oaks,8.641916683333333,64.16975245833333,8.2020344125,1021.2208333333333,0.0,0.8333333333333334
2016-12-19,34.210169,-118.870509,2.7,0.044,15.0,Thousand Oaks,11.252333049999999,28.74614108333333,13.208333479166667,1023.2791666666667,0.0,0.0
2016-12-20,34.210169,-118.870509,4.9,0.043,27.0,Thousand Oaks,11.096083133333332,45.15589491666666,13.020128249999999,1022.2375000000001,0.0,0.4583333333333333
2016-12-21,34.210169,-118.870509,4.5,0.036,25.0,Thousand Oaks,13.177333333333335,52.48694795833333,11.056185625,1017.6041666666666,0.12916666666666665,77.91666666666667
2016-12-22,34.210169,-118.870509,7.5,0.035,42.0,Thousand Oaks,12.985666541666667,67.73143658333333,11.898076804166665,1013.1458333333334,0.5333333333333333,77.04166666666667
2016-12-23,34.210169,-118.870509,11.2,0.036,55.0,Thousand Oaks,12.118999958333333,89.62351066666668,6.046455933333333,1016.6416666666668,0.07916666666666666,79.41666666666667
2016-12-24,34.210169,-118.870509,8.1,0.039,45.0,Thousand Oaks,9.775250008333332,81.25835445833333,18.439479583333334,1008.8125,0.7708333333333334,56.916666666666664
2016-12-25,34.210169,-118.870509,14.5,0.038,61.0,Thousand Oaks,7.321083349999999,65.95660391666667,9.758397766666667,1014.9041666666667,0.0,12.041666666666666
2016-12-26,34.210169,-118.870509,5.6,0.037,31.0,Thousand Oaks,8.446083341666666,58.956854666666665,9.4978978625,1020.9833333333332,0.004166666666666667,76.79166666666667
2016-12-27,34.210169,-118.870509,2.0,0.038,11.0,Thousand Oaks,9.756499883333333,53.47768391666667,12.772251020833332,1022.1666666666666,0.0,1.5416666666666667
2016-12-28,34.210169,-118.870509,2.5,0.039,14.0,Thousand Oaks,12.135666504166666,62.21744916666666,10.973702941666666,1019.9250000000001,0.0,0.0
2016-12-29,34.210169,-118.870509,2.4,0.038,13.0,Thousand Oaks,13.681499791666667,54.66673225,10.286457775,1019.4583333333334,0.0,1.6666666666666667
2016-12-30,34.210169,-118.870509,7.1,0.036,39.0,Thousand Oaks,12.352333333333334,77.46560258333334,10.0695662,1017.6125000000001,0.12916666666666668,70.29166666666667
2016-12-31,34.210169,-118.870509,7.1,0.036,39.0,Thousand Oaks,12.352333333333334,77.46560258333334,10.0695662,1017.6125000000001,0.12916666666666668,70.29166666666667
2017-01-01,34.210169,-118.870509,13.3,0.033,59.0,Thousand Oaks,7.38866665,80.90858924999999,7.2133934166666664,1012.5041666666666,0.07083333333333333,22.708333333333332
2017-01-02,34.210169,-118.870509,11.6,0.037,56.0,Thousand Oaks,9.417833270833333,79.93556025,8.259615845833332,1016.4958333333334,0.0,99.375
2017-01-03,34.210169,-118.870509,10.2,0.033,53.0,Thousand Oaks,9.446999979166668,82.71258220833333,5.267413416666667,1020.75,0.0,99.375
2017-01-04,34.210169,-118.870509,7.4,0.027,41.0,Thousand Oaks,10.701166791666665,85.01385741666667,5.480000175,1020.3874999999999,0.0,77.5
2017-01-05,34.210169,-118.870509,3.2,0.033,18.0,Thousand Oaks,12.357417166666666,95.84917733333333,8.416057920833333,1016.3249999999999,0.43333333333333335,98.125
2017-01-06,34.210169,-118.870509,3.2,0.033,18.0,Thousand Oaks,12.357417166666666,95.84917733333333,8.416057920833333,1016.3249999999999,0.43333333333333335,98.125
2017-01-07,34.210169,-118.870509,3.2,0.033,18.0,Thousand Oaks,12.357417166666666,95.84917733333333,8.416057920833333,1016.3249999999999,0.43333333333333335,98.125
2017-01-08,34.210169,-118.870509,3.2,0.033,18.0,Thousand Oaks,12.357417166666666,95.84917733333333,8.416057920833333,1016.3249999999999,0.43333333333333335,98.125
2017-01-09,34.210169,-118.870509,3.2,0.033,18.0,Thousand Oaks,12.357417166666666,95.84917733333333,8.416057920833333,1016.3249999999999,0.43333333333333335,98.125
2017-01-10,34.210169,-118.870509,3.2,0.033,18.0,Thousand Oaks,12.357417166666666,95.84917733333333,8.416057920833333,1016.3249999999999,0.43333333333333335,98.125
2017-01-11,34.210169,-118.870509,5.7,0.041,32.0,Thousand Oaks,12.9011668125,90.772995,14.900353979166667,1016.0749999999999,0.3875,81.75
2017-01-12,34.210169,-118.870509,2.9,0.037,16.0,Thousand Oaks,11.022000291666666,94.65096212499999,8.932510904166667,1014.1916666666666,0.4083333333333334,93.04166666666667
2017-01-13,34.210169,-118.870509,2.0,0.037,11.0,Thousand Oaks,8.428250154166667,86.787669875,9.497484295833333,1015.5083333333333,0.07083333333333333,34.458333333333336
2017-01-14,34.210169,-118.870509,6.5,0.039,36.0,Thousand Oaks,12.699083645833333,57.118406125,16.334082187499998,1017.5083333333333,0.008333333333333333,11.125
2017-01-15,34.210169,-118.870509,10.7,0.037,54.0,Thousand Oaks,11.972,62.22059316666667,10.981455958333333,1016.1166666666667,0.0,50.625
2017-01-16,34.210169,-118.870509,9.2,0.037,51.0,Thousand Oaks,11.759499979166668,80.089812125,9.068336050000001,1017.8791666666666,0.0,22.583333333333332
2017-01-17,34.210169,-118.870509,5.3,0.037,29.0,Thousand Oaks,12.032416833333334,47.971537250000004,11.945746791666666,1018.4250000000001,0.0,0.0
2017-01-18,34.210169,-118.870509,7.2,0.037,40.0,Thousand Oaks,10.159499854166667,68.560587875,6.160449383333333,1020.6791666666667,0.0,74.79166666666667
2017-01-19,34.210169,-118.870509,6.0,0.043,33.0,Thousand Oaks,11.111583625,87.99711933333333,12.524418408333332,1015.5541666666667,0.4666666666666666,70.625
2017-01-20,34.210169,-118.870509,3.6,0.044,20.0,Thousand Oaks,9.9115835625,92.663138375,13.304544216666665,1007.2291666666666,1.6166666666666665,78.33333333333333
2017-01-21,34.210169,-118.870509,5.8,0.041,32.0,Thousand Oaks,8.957416770833333,82.76624533333333,14.8310375,1006.0833333333334,0.012499999999999999,18.583333333333332
2017-01-22,34.210169,-118.870509,4.7,0.042,26.0,Thousand Oaks,9.759499979166666,91.76630025000001,13.342249166666667,1016.7791666666667,1.3291666666666666,96.04166666666667
2017-01-23,34.210169,-118.870509,3.9,0.044,22.0,Thousand Oaks,8.609499958333332,94.53247466666666,14.396032433333334,1011.8958333333334,0.5291666666666667,90.91666666666667
2017-01-24,34.210169,-118.870509,5.9,0.041,33.0,Thousand Oaks,6.622000166666666,80.96238408333333,6.0823728374999995,1013.9208333333332,0.012500000000000002,33.166666666666664
2017-01-25,34.210169,-118.870509,8.2,0.042,46.0,Thousand Oaks,7.2824166833333335,71.18745041666666,7.036806769583333,1022.5708333333333,0.0,17.208333333333332
2017-01-26,34.210169,-118.870509,2.8,0.042,16.0,Thousand Oaks,8.182416770833333,61.82296937500001,11.8058758,1026.625,0.0,1.5
2017-01-27,34.210169,-118.870509,0.3,0.043,2.0,Thousand Oaks,9.488666708333334,46.64000975,17.984281029166667,1029.9708333333333,0.0,0.041666666666666664
2017-01-28,34.210169,-118.870509,0.5,0.046,3.0,Thousand Oaks,12.186583458333333,35.277996083333335,25.679482708333335,1031.5666666666666,0.0,0.0
2017-01-29,34.210169,-118.870509,0.1,0.046,1.0,Thousand Oaks,14.915750020833334,33.207090791666666,23.087721875,1027.7,0.0,0.0
2017-01-30,34.210169,-118.870509,3.7,0.046,21.0,Thousand Oaks,16.86575025,35.398599041666664,17.95051666666667,1022.0916666666667,0.0,10.583333333333334
2017-01-31,34.210169,-118.870509,6.0,0.043,33.0,Thousand Oaks,15.142833520833333,51.96052325,8.094809379166668,1019.6875,0.0,46.625
2017-02-01,34.210169,-118.870509,13.7,0.048,60.0,Thousand Oaks,13.422000166666665,61.28441337500001,8.140775020833333,1018.1750000000001,0.0,28.458333333333332
2017-02-02,34.210169,-118.870509,14.2,0.036,61.0,Thousand Oaks,11.024083083333332,80.394901875,6.3469882375,1019.4916666666667,0.0,92.29166666666667
2017-02-03,34.210169,-118.870509,7.5,0.022,42.0,Thousand Oaks,12.892833520833333,91.58954154166668,5.1692772375,1018.8083333333334,0.525,100.0
2017-02-04,34.210169,-118.870509,6.4,0.039,36.0,Thousand Oaks,12.878250291666667,90.99896591666668,4.069141979166667,1019.4416666666666,0.024999999999999998,92.70833333333333
2017-02-05,34.210169,-118.870509,12.7,0.033,58.0,Thousand Oaks,10.830333541666667,92.442593,5.653621287499999,1017.3249999999999,0.0,67.91666666666667
2017-02-06,34.210169,-118.870509,3.5,0.028,19.0,Thousand Oaks,11.2490835,93.62094995833333,10.548338387500001,1016.6333333333333,0.5291666666666667,97.16666666666667
2017-02-07,34.210169,-118.870509,2.3,0.025,13.0,Thousand Oaks,13.8803333125,94.00680925,8.536807458333334,1018.6291666666666,0.15416666666666667,96.0
2017-02-08,34.210169,-118.870509,1.7,0.019,9.0,Thousand Oaks,15.519916583333334,93.87500458333334,5.956819358333334,1021.0625,0.0,99.91666666666667
2017-02-09,34.210169,-118.870509,3.7,0.019,21.0,Thousand Oaks,16.497000145833333,89.19422474999999,5.783793008333333,1017.9916666666667,0.0,96.83333333333333
2017-02-10,34.210169,-118.870509,7.0,0.036,39.0,Thousand Oaks,14.209500125,92.19249662499999,5.8328211,1016.475,0.1625,97.625
2017-02-11,34.210169,-118.870509,3.2,0.036,18.0,Thousand Oaks,14.153249979166667,90.31187358333334,5.720179994583333,1017.2666666666668,0.8250000000000001,81.25
2017-02-12,34.210169,-118.870509,3.9,0.04,22.0,Thousand Oaks,12.997000166666666,65.37136054166668,13.335080504166667,1018.5500000000001,0.0,13.791666666666666
2017-02-13,34.210169,-118.870509,3.8,0.04,21.0,Thousand Oaks,15.307416833333333,54.236948125,11.530975683333333,1017.4250000000001,0.0,26.208333333333332
2017-02-14,34.210169,-118.870509,3.8,0.04,21.0,Thousand Oaks,15.307416833333333,54.236948125,11.530975683333333,1017.4250000000001,0.0,26.208333333333332
2017-02-15,34.210169,-118.870509,3.8,0.04,21.0,Thousand Oaks,15.307416833333333,54.236948125,11.530975683333333,1017.4250000000001,0.0,26.208333333333332
2017-02-16,34.210169,-118.870509,6.2,0.035,34.0,Thousand Oaks,14.659499979166666,61.82141145833333,5.493698183333334,1016.6791666666667,0.07083333333333333,72.08333333333333
2017-02-17,34.210169,-118.870509,3.5,0.052,19.0,Thousand Oaks,12.822000416666667,92.13749270833334,17.514868845833334,1007.8833333333333,1.8833333333333335,99.625
2017-02-18,34.210169,-118.870509,3.5,0.049,19.0,Thousand Oaks,10.459499854166667,90.18107916666668,12.800350666666667,999.0625,1.0541666666666667,94.29166666666667
2017-02-19,34.210169,-118.870509,5.1,0.038,28.0,Thousand Oaks,10.707416729166667,89.13444116666666,6.496713145833333,1008.9041666666667,0.0,54.583333333333336
2017-02-20,34.210169,-118.870509,3.0,0.035,17.0,Thousand Oaks,11.107416729166665,90.12494754166666,9.2717216125,1021.65,0.1625,100.0
2017-02-21,34.210169,-118.870509,4.3,0.031,24.0,Thousand Oaks,13.136583583333334,88.73852804166667,6.372454141666666,1025.7166666666667,0.025000000000000005,85.45833333333333
2017-02-22,34.210169,-118.870509,5.8,0.04,32.0,Thousand Oaks,12.578250166666665,85.27775712500001,7.686072745833333,1021.2958333333332,0.020833333333333332,71.08333333333333
2017-02-23,34.210169,-118.870509,4.0,0.044,22.0,Thousand Oaks,8.984499979166666,62.23847375,6.6586011166666665,1018.1999999999999,0.0,0.4166666666666667
2017-02-24,34.210169,-118.870509,5.5,0.049,31.0,Thousand Oaks,7.917833516666666,52.909709375,9.9623166125,1020.1791666666667,0.0,23.708333333333332
2017-02-25,34.210169,-118.870509,10.2,0.045,53.0,Thousand Oaks,8.615750008333334,70.25943033333333,6.913355720833334,1020.0208333333334,0.0,27.791666666666668
2017-02-26,34.210169,-118.870509,5.5,0.044,31.0,Thousand Oaks,8.590750083333333,80.13057175,8.087526333333333,1015.8125,0.27499999999999997,90.625
2017-02-27,34.210169,-118.870509,6.2,0.043,34.0,Thousand Oaks,10.04283325,80.292373625,6.674717491666667,1013.1,0.0,88.95833333333333
2017-02-28,34.210169,-118.870509,6.2,0.048,34.0,Thousand Oaks,9.805333416666667,70.32923883333333,6.57079505,1014.5583333333334,0.0,25.791666666666668
2017-03-01,34.210169,-118.870509,2.9,0.047,16.0,Thousand Oaks,11.734500166666665,52.162107375,15.318545566666666,1023.65,0.0,0.7083333333333334
2017-03-02,34.210169,-118.870509,0.0,0.046,0.0,Thousand Oaks,15.0845003125,35.10956470833333,19.7460518125,1023.1083333333332,0.0,22.125
2017-03-03,34.210169,-118.870509,2.1,0.051,12.0,Thousand Oaks,17.603250270833332,30.569272291666667,14.4509596,1017.8125,0.0,19.791666666666668
2017-03-04,34.210169,-118.870509,8.2,0.057,46.0,Thousand Oaks,14.959500104166667,45.380202249999996,7.7845124583333325,1015.1708333333332,0.0,60.333333333333336
2017-03-05,34.210169,-118.870509,7.1,0.045,39.0,Thousand Oaks,11.794916854166667,78.226541125,9.129329466666666,1015.1291666666666,0.05000000000000001,86.29166666666667
2017-03-06,34.210169,-118.870509,4.2,0.046,23.0,Thousand Oaks,8.590750141666666,57.44855020833333,9.78736155,1020.3416666666667,0.0,0.16666666666666666
2017-03-07,34.210169,-118.870509,5.5,0.046,31.0,Thousand Oaks,12.882416937499999,43.30428633333333,14.874630504166667,1022.0416666666666,0.0,15.416666666666666
2017-03-08,34.210169,-118.870509,3.2,0.045,18.0,Thousand Oaks,17.665750166666665,37.999327125,16.147755175,1019.5666666666666,0.0,69.5
2017-03-09,34.210169,-118.870509,4.1,0.053,23.0,Thousand Oaks,20.611583604166665,38.93757633333333,13.078354970833333,1017.5208333333334,0.0,17.916666666666668
2017-03-10,34.210169,-118.870509,8.3,0.058,46.0,Thousand Oaks,19.976167020833334,42.39456066666667,6.989707295833334,1017.5958333333333,0.0,56.5
2017-03-11,34.210169,-118.870509,10.2,0.055,53.0,Thousand Oaks,20.842833395833335,41.64767345833334,8.714561529166668,1015.3458333333333,0.0,35.041666666666664
2017-03-12,34.210169,-118.870509,6.7,0.054,37.0,Thousand Oaks,22.949083375,36.676198625000005,13.218590204166667,1015.1166666666667,0.0,8.791666666666666
2017-03-13,34.210169,-118.870509,6.6,0.062,37.0,Thousand Oaks,22.747000083333333,40.541475541666664,8.595189187499999,1015.5583333333334,0.0,0.08333333333333333
2017-03-14,34.210169,-118.870509,9.9,0.064,52.0,Thousand Oaks,22.1490835,42.4210345,7.681729279166667,1016.5583333333334,0.0,16.416666666666668
2017-03-15,34.210169,-118.870509,4.5,0.05,25.0,Thousand Oaks,21.761583416666667,41.28835054166667,6.919733616666666,1018.0166666666668,0.0,71.79166666666667
2017-03-16,34.210169,-118.870509,8.6,0.05,48.0,Thousand Oaks,20.632416791666667,41.68009133333333,6.942629191666668,1018.15,0.0,1.9166666666666667
2017-03-17,34.210169,-118.870509,14.7,0.059,61.0,Thousand Oaks,20.869916625,50.084427041666665,5.7434378,1016.5,0.0,85.66666666666667
2017-03-18,34.210169,-118.870509,20.4,0.051,72.0,Thousand Oaks,18.6532500625,62.33791070833334,5.811799425,1017.0458333333332,0.0,83.54166666666667
2017-03-19,34.210169,-118.870509,17.3,0.047,66.0,Thousand Oaks,18.561583541666668,59.47507083333333,6.5159102875,1017.2166666666667,0.0,43.666666666666664
2017-03-20,34.210169,-118.870509,6.5,0.041,36.0,Thousand Oaks,15.65116675,70.68870258333332,6.5324223875,1018.4083333333333,0.0,83.5
2017-03-21,34.210169,-118.870509,4.5,0.023,25.0,Thousand Oaks,14.34283325,79.24363,10.172282116666667,1018.5833333333334,0.19999999999999998,94.91666666666667
2017-03-22,34.210169,-118.870509,4.8,0.042,27.0,Thousand Oaks,14.226167020833332,83.85077695833333,10.178787216666667,1016.8708333333334,0.06666666666666667,86.25
2017-03-23,34.210169,-118.870509,4.6,0.044,26.0,Thousand Oaks,12.730333354166667,70.54875841666667,6.437450708333333,1017.1999999999999,0.004166666666666667,2.0416666666666665
2017-03-24,34.210169,-118.870509,8.5,0.045,47.0,Thousand Oaks,13.340750145833333,68.60033941666667,9.2807288,1022.6458333333334,0.0,8.541666666666666
2017-03-25,34.210169,-118.870509,4.0,0.046,22.0,Thousand Oaks,13.244916583333334,81.91663279166667,9.030973382083333,1020.0708333333333,0.041666666666666664,79.79166666666667
2017-03-26,34.210169,-118.870509,6.0,0.044,33.0,Thousand Oaks,13.8574165,74.37035291666668,8.567296675,1016.8083333333334,0.0,27.333333333333332
2017-03-27,34.210169,-118.870509,6.5,0.045,36.0,Thousand Oaks,14.584500208333333,75.72068370833334,6.600915570833333,1016.1041666666666,0.0,25.208333333333332
2017-03-28,34.210169,-118.870509,3.3,0.049,18.0,Thousand Oaks,16.332416729166667,46.28141883333333,10.354663554166667,1016.2041666666668,0.0,20.166666666666668
2017-03-29,34.210169,-118.870509,2.6,0.051,14.0,Thousand Oaks,20.47616675,31.436137729166663,15.789877208333332,1016.275,0.0,1.2083333333333333
2017-03-30,34.210169,-118.870509,8.4,0.044,47.0,Thousand Oaks,18.8032501875,41.151218666666665,9.784338233333333,1013.6583333333333,0.0,8.833333333333334
2017-03-31,34.210169,-118.870509,8.9,0.048,49.0,Thousand Oaks,15.303250083333333,41.014000833333334,12.409982175000001,1008.9875000000001,0.0,0.9166666666666666
2017-04-01,34.210169,-118.870509,6.5,0.048,36.0,Thousand Oaks,17.4532500625,29.817012791666667,9.58776175,1012.6791666666667,0.0,0.041666666666666664
2017-04-02,34.210169,-118.870509,11.3,0.049,55.0,Thousand Oaks,18.465750208333333,43.825606541666666,8.298548304166667,1014.7666666666668,0.0,2.7916666666666665
2017-04-03,34.210169,-118.870509,13.3,0.046,59.0,Thousand Oaks,15.622000291666666,69.6648485,6.616344482083334,1013.1875,0.0,38.0
2017-04-04,34.210169,-118.870509,18.1,0.053,68.0,Thousand Oaks,16.032416666666666,71.011693875,5.466828258333333,1014.4166666666666,0.0,18.208333333333332
2017-04-05,34.210169,-118.870509,12.7,0.068,58.0,Thousand Oaks,19.838666729166665,50.01101233333333,7.79070715,1016.1833333333334,0.0,57.208333333333336
2017-04-06,34.210169,-118.870509,12.4,0.054,57.0,Thousand Oaks,19.340750291666666,49.41317458333333,6.857237399166666,1015.1541666666667,0.0,67.66666666666667
2017-04-07,34.210169,-118.870509,13.4,0.053,59.0,Thousand Oaks,16.357416708333332,64.79454708333334,7.485861016666667,1016.3125,0.0,90.04166666666667
2017-04-08,34.210169,-118.870509,5.3,0.049,29.0,Thousand Oaks,15.026166916666666,67.165561,10.738847100000001,1015.8916666666668,0.42083333333333334,70.70833333333333
2017-04-09,34.210169,-118.870509,5.3,0.057,29.0,Thousand Oaks,14.251166979166667,40.22157083333333,15.901587395833333,1016.725,0.0,33.125
2017-04-10,34.210169,-118.870509,5.3,0.057,29.0,Thousand Oaks,14.251166979166667,40.22157083333333,15.901587395833333,1016.725,0.0,33.125
2017-04-11,34.210169,-118.870509,14.0,0.059,60.0,Thousand Oaks,17.201166833333335,36.793682708333336,7.880596104166667,1015.1583333333333,0.0,43.666666666666664
2017-04-12,34.210169,-118.870509,9.7,0.045,52.0,Thousand Oaks,16.065750208333334,60.61637779166667,9.362575545833334,1016.4375,0.0,2.625
2017-04-13,34.210169,-118.870509,5.1,0.046,28.0,Thousand Oaks,14.8928334375,75.31106058333334,12.738341024999999,1016.7333333333332,0.0,38.291666666666664
2017-04-14,34.210169,-118.870509,6.0,0.054,33.0,Thousand Oaks,14.438666791666668,55.71628595833334,8.8926222,1015.3416666666667,0.0,0.9583333333333334
2017-04-15,34.210169,-118.870509,8.9,0.06,49.0,Thousand Oaks,17.497000229166666,34.09131033333333,10.698667075000001,1013.9666666666667,0.0,0.5416666666666666
2017-04-16,34.210169,-118.870509,9.5,0.058,52.0,Thousand Oaks,18.155333708333334,42.151133916666666,7.699274891666668,1014.8125,0.0,56.75
2017-04-17,34.210169,-118.870509,6.1,0.034,34.0,Thousand Oaks,15.709500166666666,55.090619000000004,6.7485394833333325,1017.9,0.0,93.16666666666667
2017-04-18,34.210169,-118.870509,2.4,0.025,13.0,Thousand Oaks,17.090750291666666,82.25443895833332,8.7934860875,1018.0625,0.012500000000000002,81.29166666666667
2017-04-19,34.210169,-118.870509,4.6,0.042,26.0,Thousand Oaks,17.88866675,71.86229208333333,8.653083254166667,1019.3333333333334,0.0,44.0
2017-04-20,34.210169,-118.870509,7.4,0.058,41.0,Thousand Oaks,19.092833375,48.15887620833333,8.329353616666667,1017.8375,0.0,2.2083333333333335
2017-04-21,34.210169,-118.870509,5.3,0.062,29.0,Thousand Oaks,23.226166583333335,26.54104954583333,17.8398489125,1014.025,0.0,22.666666666666668
2017-04-22,34.210169,-118.870509,8.2,0.062,46.0,Thousand Oaks,24.607416833333332,24.470246583333335,9.7722603625,1011.2875,0.0,31.458333333333332
2017-04-23,34.210169,-118.870509,12.1,0.045,57.0,Thousand Oaks,21.865750083333335,39.2148265,8.1093916625,1010.0708333333333,0.0,42.375
2017-04-24,34.210169,-118.870509,10.2,0.046,53.0,Thousand Oaks,18.3199168125,60.10464470833333,7.359178508333334,1011.1708333333332,0.0,65.20833333333333
2017-04-25,34.210169,-118.870509,7.0,0.05,39.0,Thousand Oaks,18.655333666666667,47.212815875,10.713886633333333,1011.5166666666668,0.0,93.0
2017-04-26,34.210169,-118.870509,6.9,0.045,38.0,Thousand Oaks,20.328250166666667,38.958821916666665,8.291207420833333,1011.7041666666668,0.0,73.33333333333333
2017-04-27,34.210169,-118.870509,7.1,0.047,39.0,Thousand Oaks,21.557416916666668,55.26716712499999,7.255496066666666,1009.1833333333334,0.0,73.125
2017-04-28,34.210169,-118.870509,7.3,0.058,41.0,Thousand Oaks,21.4303335,29.885439416666667,13.5110655,1008.5458333333332,0.0,34.875
2017-04-29,34.210169,-118.870509,5.4,0.057,30.0,Thousand Oaks,22.161583500000003,13.035242079166666,21.199918520833332,1013.1041666666666,0.0,10.958333333333334
2017-04-30,34.210169,-118.870509,7.9,0.068,44.0,Thousand Oaks,22.280333583333334,18.606003891666667,8.8094684875,1016.9708333333333,0.0,0.0
2017-05-01,34.210169,-118.870509,9.3,0.069,51.0,Thousand Oaks,22.5095000625,24.195966625,8.587019279166666,1014.0625,0.0,1.2083333333333333
2017-05-02,34.210169,-118.870509,11.4,0.073,55.0,Thousand Oaks,23.494916729166665,34.89128616666667,7.845820254166667,1011.6833333333334,0.0,0.125
2017-05-03,34.210169,-118.870509,12.0,0.06,56.0,Thousand Oaks,23.163666791666667,45.768805750000006,7.651936425,1012.6208333333334,0.0,14.583333333333334
2017-05-04,34.210169,-118.870509,12.5,0.058,57.0,Thousand Oaks,22.79075016666667,53.571410500000006,7.564864541666666,1013.6666666666666,0.0,2.75
2017-05-05,34.210169,-118.870509,11.2,0.04,55.0,Thousand Oaks,18.5615835,66.29716120833334,7.1983043208333335,1011.9875000000001,0.0,66.58333333333333
2017-05-06,34.210169,-118.870509,8.2,0.045,46.0,Thousand Oaks,15.5595001875,74.407311,9.122572545833334,1009.025,0.04583333333333334,79.16666666666667
2017-05-07,34.210169,-118.870509,6.5,0.046,36.0,Thousand Oaks,11.790749791666665,61.840514250000005,10.009932933333333,1008.65,0.1958333333333333,52.5
2017-05-08,34.210169,-118.870509,8.3,0.048,46.0,Thousand Oaks,14.965750354166666,62.79636058333333,8.176274675,1012.1374999999999,0.016666666666666666,22.375
2017-05-09,34.210169,-118.870509,11.0,0.045,55.0,Thousand Oaks,16.949083375,70.56766254166666,11.0961166875,1010.1583333333333,0.0,33.5
2017-05-10,34.210169,-118.870509,7.0,0.045,39.0,Thousand Oaks,16.359500083333334,70.49315208333333,10.4325359125,1016.0291666666667,0.0,85.375
2017-05-11,34.210169,-118.870509,8.8,0.046,49.0,Thousand Oaks,16.64700010416667,74.307058,7.3171686875,1019.4333333333334,0.0,55.291666666666664
2017-05-12,34.210169,-118.870509,8.7,0.043,48.0,Thousand Oaks,16.590750229166666,74.19573008333333,7.951139116666667,1016.2624999999999,0.0,1.5833333333333333
2017-05-13,34.210169,-118.870509,6.4,0.051,36.0,Thousand Oaks,17.774083520833333,46.27672095833333,7.695331275,1011.6625,0.0,0.6666666666666666
2017-05-14,34.210169,-118.870509,10.4,0.051,53.0,Thousand Oaks,17.09699995833333,47.955752958333335,8.724680695833333,1010.1916666666666,0.0,6.541666666666667
2017-05-15,34.210169,-118.870509,7.6,0.045,42.0,Thousand Oaks,14.015750229166665,64.13923025,8.593827129166668,1011.625,0.06666666666666667,38.333333333333336
2017-05-16,34.210169,-118.870509,7.6,0.045,42.0,Thousand Oaks,14.444916729166666,66.84280508333333,9.14984855,1014.4625,0.0,10.458333333333334
2017-05-17,34.210169,-118.870509,8.1,0.04,45.0,Thousand Oaks,15.6532501875,67.56416754166666,8.927291432083333,1014.1916666666666,0.0,49.208333333333336
2017-05-18,34.210169,-118.870509,7.1,0.052,39.0,Thousand Oaks,18.4303335,54.6314755,9.30298116125,1011.1958333333333,0.0,0.4583333333333333
2017-05-19,34.210169,-118.870509,6.7,0.061,37.0,Thousand Oaks,22.932416875,28.881141145833336,12.8902328125,1012.0749999999999,0.0,0.0
2017-05-20,34.210169,-118.870509,6.2,0.073,34.0,Thousand Oaks,24.351166583333335,24.9596338125,9.8517114625,1012.225,0.0,0.0
2017-05-21,34.210169,-118.870509,8.4,0.06,47.0,Thousand Oaks,26.80324966666667,23.197576708333333,8.7795934125,1011.0791666666668,0.0,0.8333333333333334
2017-05-22,34.210169,-118.870509,12.2,0.051,57.0,Thousand Oaks,24.255333583333336,43.364345875,7.485525379166667,1013.0749999999999,0.0,3.5
2017-05-23,34.210169,-118.870509,11.1,0.052,55.0,Thousand Oaks,23.036583645833332,53.083486541666666,7.075206179166667,1013.1416666666668,0.0,24.208333333333332
2017-05-24,34.210169,-118.870509,8.7,0.046,48.0,Thousand Oaks,20.447000208333332,61.65398266666667,7.137843116666667,1011.0833333333334,0.0,33.083333333333336
2017-05-25,34.210169,-118.870509,4.3,0.043,24.0,Thousand Oaks,15.892833541666667,65.537088375,7.845865741666667,1010.275,0.0,42.625
2017-05-26,34.210169,-118.870509,2.1,0.038,12.0,Thousand Oaks,16.624083541666668,62.84279833333333,8.765974408333333,1013.1916666666666,0.012500000000000002,50.833333333333336
2017-05-27,34.210169,-118.870509,5.5,0.043,31.0,Thousand Oaks,16.355333625,66.313355125,7.929149941666666,1016.4,0.0,3.0
2017-05-28,34.210169,-118.870509,6.7,0.046,37.0,Thousand Oaks,17.9928335,65.7658835,7.491117804166667,1016.0291666666667,0.0,0.5
2017-05-29,34.210169,-118.870509,11.2,0.043,55.0,Thousand Oaks,19.722000124999997,63.365806125,6.515498765833333,1012.9416666666666,0.0,67.41666666666667
2017-05-30,34.210169,-118.870509,15.1,0.05,62.0,Thousand Oaks,18.640750208333333,73.02022608333333,6.291482691666666,1012.0791666666668,0.0,56.458333333333336
2017-05-31,34.210169,-118.870509,9.8,0.051,52.0,Thousand Oaks,17.95116679166667,75.53951095833334,5.858134108333334,1011.3291666666668,0.05416666666666666,84.08333333333333
2017-06-01,34.210169,-118.870509,10.3,0.052,53.0,Thousand Oaks,18.469916625,75.27094870833334,6.095241408333333,1010.9083333333333,0.008333333333333333,38.208333333333336
2017-06-02,34.210169,-118.870509,13.9,0.056,60.0,Thousand Oaks,20.678250125,66.73266495833333,7.051131608333333,1010.9499999999999,0.0,11.333333333333334
2017-06-03,34.210169,-118.870509,13.4,0.057,59.0,Thousand Oaks,22.855333416666667,62.350926208333334,6.755508670833333,1010.5458333333332,0.0,30.375
2017-06-04,34.210169,-118.870509,11.0,0.043,55.0,Thousand Oaks,21.557416708333335,68.71162254166667,6.4337394125,1011.3583333333332,0.0,4.458333333333333
2017-06-05,34.210169,-118.870509,11.8,0.052,56.0,Thousand Oaks,21.444916875,67.52589445833333,6.377195440416667,1010.6166666666667,0.0,9.333333333333334
2017-06-06,34.210169,-118.870509,13.7,0.047,60.0,Thousand Oaks,20.0553335,73.91011191666666,6.381515858333334,1012.1333333333333,0.004166666666666667,37.458333333333336
2017-06-07,34.210169,-118.870509,9.7,0.053,52.0,Thousand Oaks,18.938666979166666,75.01813404166667,6.677534420833333,1013.2791666666667,0.0,49.666666666666664
2017-06-08,34.210169,-118.870509,6.7,0.045,37.0,Thousand Oaks,18.011583375,73.95051124999999,7.750373562499999,1014.9458333333333,0.0,77.875
2017-06-09,34.210169,-118.870509,5.1,0.035,28.0,Thousand Oaks,18.613666666666667,68.386791375,8.987562991666666,1013.3416666666667,0.0,12.875
2017-06-10,34.210169,-118.870509,5.3,0.035,29.0,Thousand Oaks,18.297000125,78.81498791666667,9.047838083333334,1011.4666666666667,0.0,80.5
2017-06-11,34.210169,-118.870509,6.1,0.036,34.0,Thousand Oaks,17.0428335625,71.32367275,8.596321258333333,1011.2833333333333,0.0,42.333333333333336
2017-06-12,34.210169,-118.870509,5.3,0.037,29.0,Thousand Oaks,16.517833354166665,60.52505745833333,9.713365579166668,1014.9250000000001,0.0,1.1666666666666667
2017-06-13,34.210169,-118.870509,5.9,0.049,33.0,Thousand Oaks,20.332416979166666,45.769552874999995,8.917562395833334,1013.6708333333332,0.0,0.0
2017-06-14,34.210169,-118.870509,9.7,0.06,52.0,Thousand Oaks,22.9865835,38.62804479166667,7.8386043375000005,1011.0124999999999,0.0,0.0
2017-06-15,34.210169,-118.870509,10.4,0.059,53.0,Thousand Oaks,24.888666625,41.0477415,6.9503499,1011.5791666666668,0.0,0.0
2017-06-16,34.210169,-118.870509,11.2,0.06,55.0,Thousand Oaks,26.761583375,37.503656916666664,7.697918004166667,1011.4333333333334,0.0,0.5
2017-06-17,34.210169,-118.870509,13.7,0.06,60.0,Thousand Oaks,25.688666708333333,45.210571833333326,8.06017885,1010.7291666666666,0.0,0.7916666666666666
2017-06-18,34.210169,-118.870509,9.6,0.048,52.0,Thousand Oaks,25.64283345833333,50.39757129166667,5.4949967625000005,1009.3249999999999,0.0,0.375
2017-06-19,34.210169,-118.870509,10.0,0.049,53.0,Thousand Oaks,25.70533325,55.620664500000004,6.977743270833333,1008.8833333333333,0.0,0.25
2017-06-20,34.210169,-118.870509,10.7,0.051,54.0,Thousand Oaks,26.05533325,58.203404625,7.018096833333334,1009.8874999999999,0.0,1.9583333333333333
2017-06-21,34.210169,-118.870509,11.1,0.042,55.0,Thousand Oaks,27.269916374999998,53.723096625000004,6.392244383333334,1007.7458333333334,0.0,0.9583333333333334
2017-06-22,34.210169,-118.870509,11.7,0.044,56.0,Thousand Oaks,25.236583541666665,58.202894375,5.377422016666666,1007.1333333333333,0.0,0.125
2017-06-23,34.210169,-118.870509,10.8,0.045,54.0,Thousand Oaks,21.984500125,70.09213420833333,6.581137916666667,1011.3041666666667,0.0,16.916666666666668
2017-06-24,34.210169,-118.870509,9.0,0.04,50.0,Thousand Oaks,22.538667083333333,65.24111616666667,8.959145458333333,1011.9666666666667,0.0,36.75
2017-06-25,34.210169,-118.870509,9.7,0.055,52.0,Thousand Oaks,25.436583333333335,59.27296395833333,8.0521870875,1011.1833333333334,0.0,1.5833333333333333
2017-06-26,34.210169,-118.870509,4.7,0.044,26.0,Thousand Oaks,28.476166333333335,35.418453291666665,9.574674937500001,1012.1416666666668,0.0,0.2916666666666667
2017-06-27,34.210169,-118.870509,5.6,0.045,31.0,Thousand Oaks,26.17408345833333,36.317117833333334,8.032207525,1011.525,0.0,0.0
2017-06-28,34.210169,-118.870509,7.3,0.046,41.0,Thousand Oaks,23.31575020833333,45.48234416666667,6.879318158333334,1010.7541666666666,0.0,0.7083333333333334
2017-06-29,34.210169,-118.870509,14.5,0.052,61.0,Thousand Oaks,20.5303334375,67.84770154166667,6.06827292375,1012.2541666666666,0.0,6.541666666666667
2017-06-30,34.210169,-118.870509,14.1,0.051,60.0,Thousand Oaks,20.52616689583333,69.62892175,5.773646074166667,1012.6,0.0,13.625
2017-07-01,34.210169,-118.870509,11.9,0.056,56.0,Thousand Oaks,21.201167,69.57403583333333,5.737360375000001,1010.65,0.0,4.083333333333333
2017-07-02,34.210169,-118.870509,11.3,0.049,55.0,Thousand Oaks,21.376166958333332,68.68544075,4.053374445833334,1013.15,0.0,15.833333333333334
2017-07-03,34.210169,-118.870509,9.3,0.052,51.0,Thousand Oaks,21.913666916666667,65.63945958333333,5.16775575,1015.9791666666666,0.0,0.7916666666666666
2017-07-04,34.210169,-118.870509,14.1,0.052,60.0,Thousand Oaks,23.826166833333332,56.399064624999994,6.650427733333333,1014.7333333333332,0.0,16.208333333333332
2017-07-05,34.210169,-118.870509,19.2,0.051,70.0,Thousand Oaks,25.436583375,42.832653541666666,6.8700863791666675,1013.5416666666666,0.0,7.791666666666667
2017-07-06,34.210169,-118.870509,13.0,0.056,58.0,Thousand Oaks,26.705333125,46.29029020833334,7.034797954166667,1014.5208333333334,0.0,1.1666666666666667
2017-07-07,34.210169,-118.870509,13.7,0.059,60.0,Thousand Oaks,29.384499791666666,45.81003129166667,7.038163695833333,1012.1374999999999,0.0,12.375
2017-07-08,34.210169,-118.870509,16.2,0.073,64.0,Thousand Oaks,31.19908304166667,40.06712433333333,7.161000649999999,1009.6875,0.0,8.041666666666666
2017-07-09,34.210169,-118.870509,19.1,0.06,70.0,Thousand Oaks,30.17408325,44.267874041666666,7.3355902375,1011.3208333333333,0.0,27.375
2017-07-10,34.210169,-118.870509,13.4,0.046,59.0,Thousand Oaks,28.901166666666665,49.11817741666667,6.269221291666667,1012.1708333333332,0.0,47.375
2017-07-11,34.210169,-118.870509,7.4,0.034,41.0,Thousand Oaks,26.078250333333333,60.83890654166667,6.428429524999999,1012.5291666666667,0.0,0.5833333333333334
2017-07-12,34.210169,-118.870509,8.1,0.034,45.0,Thousand Oaks,24.751166916666666,60.07763,7.351082033333333,1013.4416666666666,0.0,0.5416666666666666
2017-07-13,34.210169,-118.870509,9.7,0.039,52.0,Thousand Oaks,24.701166666666666,58.044643791666665,6.979681991666666,1014.6750000000001,0.0,32.666666666666664
2017-07-14,34.210169,-118.870509,8.6,0.04,48.0,Thousand Oaks,24.24700025,60.34192141666667,7.257909808333333,1015.2833333333333,0.0,4.458333333333333
2017-07-15,34.210169,-118.870509,9.0,0.047,50.0,Thousand Oaks,26.301166374999998,53.366569416666664,6.351591229166666,1013.6041666666666,0.0,5.958333333333333
2017-07-16,34.210169,-118.870509,13.6,0.053,59.0,Thousand Oaks,27.257416458333335,53.39264420833334,7.174057979166666,1011.7041666666668,0.0,25.541666666666668
2017-07-17,34.210169,-118.870509,14.7,0.043,61.0,Thousand Oaks,25.34908354166667,64.23192191666666,4.9913755916666664,1010.9708333333333,0.0,12.791666666666666
2017-07-18,34.210169,-118.870509,11.8,0.055,56.0,Thousand Oaks,24.319916791666667,66.28968245833333,6.067814962499999,1012.6791666666667,0.0,3.9166666666666665
2017-07-19,34.210169,-118.870509,12.0,0.05,56.0,Thousand Oaks,24.822000208333332,58.36024208333333,6.2635234083333335,1014.0791666666668,0.0,40.75
2017-07-20,34.210169,-118.870509,11.9,0.052,56.0,Thousand Oaks,24.765750416666666,59.61725016666667,7.252860504166667,1014.7208333333333,0.0,12.208333333333334
2017-07-21,34.210169,-118.870509,14.2,0.053,61.0,Thousand Oaks,23.90950008333333,58.17743575,7.525251354166667,1013.7624999999999,0.0,0.4583333333333333
2017-07-22,34.210169,-118.870509,15.2,0.054,62.0,Thousand Oaks,24.67408345833333,57.38202141666667,7.9569045208333335,1012.0958333333333,0.0,0.7083333333333334
2017-07-23,34.210169,-118.870509,12.3,0.046,57.0,Thousand Oaks,24.8240835,62.50658666666667,6.143999819583333,1011.1458333333334,0.0,0.5833333333333334
2017-07-24,34.210169,-118.870509,7.7,0.038,43.0,Thousand Oaks,23.684500125,62.03359904166667,6.455657899999999,1011.8916666666668,0.0,20.166666666666668
2017-07-25,34.210169,-118.870509,8.3,0.04,46.0,Thousand Oaks,22.55325016666667,76.80760333333333,6.0430200916666665,1013.6833333333334,0.12916666666666668,39.666666666666664
2017-07-26,34.210169,-118.870509,5.8,0.041,32.0,Thousand Oaks,22.984500166666667,69.03522058333333,6.176666934583333,1015.3916666666668,0.0,6.333333333333333
2017-07-27,34.210169,-118.870509,6.6,0.041,37.0,Thousand Oaks,23.722000124999997,66.65100620833333,6.777981204166667,1014.025,0.0,16.416666666666668
2017-07-28,34.210169,-118.870509,9.1,0.043,51.0,Thousand Oaks,23.892833416666665,66.69111216666667,6.2087462874999995,1012.4625,0.0,12.291666666666666
2017-07-29,34.210169,-118.870509,11.7,0.048,56.0,Thousand Oaks,23.484500208333333,69.97586174999999,5.906530804166667,1014.2458333333334,0.0,4.625
2017-07-30,34.210169,-118.870509,10.8,0.044,54.0,Thousand Oaks,22.555333541666666,69.90290966666667,6.848090545833333,1016.5958333333333,0.0,12.583333333333334
2017-07-31,34.210169,-118.870509,9.9,0.043,52.0,Thousand Oaks,23.097000249999997,66.16399516666667,6.96725669875,1014.9625,0.0,2.5
2017-08-01,34.210169,-118.870509,11.7,0.057,56.0,Thousand Oaks,26.067833208333337,60.09651175,6.963719470833333,1011.3041666666667,0.0,31.791666666666668
2017-08-02,34.210169,-118.870509,12.6,0.071,58.0,Thousand Oaks,28.509499958333333,63.61462641666666,5.796701308333333,1011.8958333333334,0.3166666666666667,62.541666666666664
2017-08-03,34.210169,-118.870509,11.5,0.066,55.0,Thousand Oaks,27.874083333333335,67.00054520833334,6.722097300000001,1013.875,0.0625,83.0
2017-08-04,34.210169,-118.870509,7.4,0.043,41.0,Thousand Oaks,26.578250291666667,62.79696441666667,7.5633577375,1014.0333333333333,0.0,8.041666666666666
2017-08-05,34.210169,-118.870509,9.5,0.046,52.0,Thousand Oaks,24.1803335,62.243906083333336,6.644698958333334,1012.9375,0.0,6.958333333333333
2017-08-06,34.210169,-118.870509,9.7,0.046,52.0,Thousand Oaks,23.313666875,72.27620962499999,6.3293462458333325,1012.3666666666667,0.0,4.416666666666667
2017-08-07,34.210169,-118.870509,11.0,0.046,55.0,Thousand Oaks,22.994916791666668,71.79825033333334,6.330959891666667,1012.5666666666666,0.0,10.375
2017-08-08,34.210169,-118.870509,14.7,0.054,61.0,Thousand Oaks,24.472000124999997,64.95713829166667,7.024306620833333,1012.3583333333332,0.0,1.5833333333333333
2017-08-09,34.210169,-118.870509,14.1,0.05,60.0,Thousand Oaks,24.640750333333333,60.351562875000006,6.025155145833334,1011.8625000000001,0.0,0.5
2017-08-10,34.210169,-118.870509,12.7,0.05,58.0,Thousand Oaks,25.265750083333334,56.75067445833333,6.6729288083333325,1012.2208333333333,0.0,0.16666666666666666
2017-08-11,34.210169,-118.870509,12.2,0.05,57.0,Thousand Oaks,25.194916916666667,59.019525249999994,6.590822670833333,1011.5958333333333,0.0,3.4583333333333335
2017-08-12,34.210169,-118.870509,14.6,0.054,61.0,Thousand Oaks,24.56575020833333,61.985931125,7.071777070833334,1010.9166666666666,0.0,3.25
2017-08-13,34.210169,-118.870509,17.4,0.053,66.0,Thousand Oaks,23.48450025,63.869739208333336,6.9974364375,1012.5,0.0,2.5416666666666665
2017-08-14,34.210169,-118.870509,12.8,0.048,58.0,Thousand Oaks,22.028250208333333,69.084012,6.7149527,1011.9583333333334,0.0,15.791666666666666
2017-08-15,34.210169,-118.870509,7.0,0.033,39.0,Thousand Oaks,20.351166916666667,72.44115175,7.56055915,1011.5291666666667,0.004166666666666667,61.166666666666664
2017-08-16,34.210169,-118.870509,9.5,0.041,52.0,Thousand Oaks,19.740750125,71.27324108333333,6.7556798208333335,1013.7208333333333,0.0,28.166666666666668
2017-08-17,34.210169,-118.870509,10.7,0.045,54.0,Thousand Oaks,21.1490835,69.62614675,7.069018170833334,1014.9375,0.0,1.5416666666666667
2017-08-18,34.210169,-118.870509,11.1,0.042,55.0,Thousand Oaks,22.16575016666667,62.035792333333326,6.733985666666666,1015.1083333333332,0.0,0.8333333333333334
2017-08-19,34.210169,-118.870509,11.7,0.039,56.0,Thousand Oaks,22.034500124999997,70.20432137499999,5.9053214999999994,1013.9875000000001,0.0,3.3333333333333335
2017-08-20,34.210169,-118.870509,10.1,0.043,53.0,Thousand Oaks,21.21575025,71.447401375,5.5764808991666674,1013.0333333333333,0.0,7.375
2017-08-21,34.210169,-118.870509,8.5,0.043,47.0,Thousand Oaks,21.261583458333334,73.47941141666666,6.375284508333333,1014.2916666666666,0.0,8.0
2017-08-22,34.210169,-118.870509,8.8,0.047,49.0,Thousand Oaks,21.757416708333334,72.02561874999999,6.719335416666667,1015.4250000000001,0.0,8.625
2017-08-23,34.210169,-118.870509,12.8,0.043,58.0,Thousand Oaks,22.4053335,69.77499654166667,7.177750199999999,1014.2291666666666,0.0,12.25
2017-08-24,34.210169,-118.870509,14.2,0.048,61.0,Thousand Oaks,20.807416833333335,70.68458629166666,5.875471195833334,1012.0749999999999,0.0,14.5
2017-08-25,34.210169,-118.870509,21.0,0.055,73.0,Thousand Oaks,22.247000166666666,72.96228008333334,5.478355054166666,1009.1291666666666,0.0,9.041666666666666
2017-08-26,34.210169,-118.870509,22.6,0.064,76.0,Thousand Oaks,23.5095,74.01222875,4.928725854166667,1011.8333333333334,0.0,1.2916666666666667
2017-08-27,34.210169,-118.870509,7.3,0.051,41.0,Thousand Oaks,25.74908333333333,64.98140500000001,6.255181404166667,1013.2333333333332,0.0,1.75
2017-08-28,34.210169,-118.870509,11.1,0.051,55.0,Thousand Oaks,27.33241683333333,50.27896895833334,6.146031975,1010.1291666666666,0.0,4.833333333333333
2017-08-29,34.210169,-118.870509,12.2,0.067,57.0,Thousand Oaks,30.065750124999997,42.30589354166667,6.434937766666667,1008.7458333333334,0.0,6.458333333333333
2017-08-30,34.210169,-118.870509,17.7,0.069,67.0,Thousand Oaks,31.332416416666664,39.200074875,6.845512066666667,1007.3625000000001,0.0,12.416666666666666
2017-08-31,34.210169,-118.870509,10.5,0.066,54.0,Thousand Oaks,34.444916166666665,27.640789791666666,9.220489725,1006.6291666666666,0.06666666666666667,14.625
2017-09-01,34.210169,-118.870509,10.0,0.073,53.0,Thousand Oaks,33.33449916666667,38.882938375,12.504214070833333,1007.9041666666667,0.024999999999999998,20.125
2017-09-02,34.210169,-118.870509,13.6,0.073,59.0,Thousand Oaks,33.59699979166667,35.026977875,7.7754690375,1007.8625000000001,0.0,26.791666666666668
2017-09-03,34.210169,-118.870509,8.4,0.051,47.0,Thousand Oaks,32.390749541666665,41.13515016666667,6.731412108333333,1012.0916666666667,0.0375,23.166666666666668
2017-09-04,34.210169,-118.870509,8.9,0.038,49.0,Thousand Oaks,25.005333500000003,76.76164241666667,8.316683116666667,1013.6916666666666,0.075,71.70833333333333
2017-09-05,34.210169,-118.870509,11.4,0.041,55.0,Thousand Oaks,24.309500125,76.95457316666666,6.395830775,1014.1,0.0,27.916666666666668
2017-09-06,34.210169,-118.870509,14.6,0.042,61.0,Thousand Oaks,23.882416791666667,70.703528375,8.93471705,1014.2458333333334,0.0,12.833333333333334
2017-09-07,34.210169,-118.870509,13.9,0.044,60.0,Thousand Oaks,23.96366666666667,59.67056758333334,5.733904766666666,1012.6208333333334,0.0,1.0
2017-09-08,34.210169,-118.870509,14.6,0.047,61.0,Thousand Oaks,23.607416833333332,64.30268008333333,7.488627641666667,1010.9,0.0,0.4583333333333333
2017-09-09,34.210169,-118.870509,13.5,0.057,59.0,Thousand Oaks,22.688666958333332,67.42714683333334,7.1210389375,1013.3083333333334,0.0,16.375
2017-09-10,34.210169,-118.870509,7.9,0.052,44.0,Thousand Oaks,24.51991658333333,58.454650750000006,6.824650882083333,1013.3916666666668,0.0,41.083333333333336
2017-09-11,34.210169,-118.870509,9.0,0.058,50.0,Thousand Oaks,25.64283345833333,60.942452874999994,7.4417143125,1011.85,0.07083333333333335,36.458333333333336
2017-09-12,34.210169,-118.870509,10.4,0.049,53.0,Thousand Oaks,23.932416833333335,71.10623841666667,6.0001186625,1012.9416666666666,0.0,9.375
2017-09-13,34.210169,-118.870509,8.8,0.042,49.0,Thousand Oaks,20.405333458333335,75.661050875,7.0029375575,1012.1666666666666,0.0,29.583333333333332
2017-09-14,34.210169,-118.870509,4.5,0.036,25.0,Thousand Oaks,19.097000125,74.66461729166666,9.691768362500001,1012.2208333333333,0.0,49.5
2017-09-15,34.210169,-118.870509,5.0,0.042,28.0,Thousand Oaks,19.147000083333335,74.4647925,6.630947186666667,1012.4541666666668,0.0,40.083333333333336
2017-09-16,34.210169,-118.870509,10.5,0.047,54.0,Thousand Oaks,20.26783370833333,73.72328583333334,7.457516174999999,1012.125,0.0,18.833333333333332
2017-09-17,34.210169,-118.870509,11.0,0.046,55.0,Thousand Oaks,19.524083291666667,74.04939970833333,6.2858055875000005,1013.1333333333333,0.0,35.375
2017-09-18,34.210169,-118.870509,10.2,0.051,53.0,Thousand Oaks,19.753250166666668,79.51849129166666,7.078731029166666,1013.3416666666667,0.0,15.958333333333334
2017-09-19,34.210169,-118.870509,12.3,0.047,57.0,Thousand Oaks,19.628250208333334,77.78468637499999,6.064637795833334,1012.75,0.0,58.416666666666664
2017-09-20,34.210169,-118.870509,9.9,0.053,52.0,Thousand Oaks,19.3553335,77.802665875,6.9583972916666665,1011.5833333333334,0.0,38.75
2017-09-21,34.210169,-118.870509,6.7,0.038,37.0,Thousand Oaks,18.661583541666666,74.32055141666667,9.7734034125,1010.3916666666668,0.0,19.75
2017-09-22,34.210169,-118.870509,6.7,0.043,37.0,Thousand Oaks,17.592833458333335,64.16669445833334,9.344389900000001,1010.2333333333332,0.004166666666666667,21.708333333333332
2017-09-23,34.210169,-118.870509,6.4,0.05,36.0,Thousand Oaks,17.232416875000002,64.88541579166666,8.481686691666667,1009.8791666666666,0.0,1.625
2017-09-24,34.210169,-118.870509,4.6,0.051,26.0,Thousand Oaks,20.6115835,32.50666533333334,10.065806429166667,1010.8249999999999,0.0,0.0
2017-09-25,34.210169,-118.870509,3.3,0.051,18.0,Thousand Oaks,22.661583583333336,21.67266041666667,12.687544041666667,1010.9958333333334,0.0,18.083333333333332
2017-09-26,34.210169,-118.870509,4.6,0.056,26.0,Thousand Oaks,24.322000250000002,20.492848791666667,11.8976138,1008.8666666666667,0.0,9.041666666666666
2017-09-27,34.210169,-118.870509,7.8,0.06,43.0,Thousand Oaks,24.582416833333337,26.3468270625,8.5019768875,1009.9250000000001,0.0,0.0
2017-09-28,34.210169,-118.870509,6.7,0.065,37.0,Thousand Oaks,24.544916666666666,34.06585166666667,7.986722483333334,1012.0208333333334,0.0,2.4583333333333335
2017-09-29,34.210169,-118.870509,7.4,0.065,41.0,Thousand Oaks,25.538666875,24.738923458333332,9.395890508333332,1011.8833333333333,0.0,22.25
2017-09-30,34.210169,-118.870509,14.4,0.053,61.0,Thousand Oaks,23.032416833333333,47.07289029166666,6.836760816666668,1011.0500000000001,0.0,5.5
2017-10-01,34.210169,-118.870509,16.2,0.054,64.0,Thousand Oaks,20.242833541666666,73.71528895833333,7.069358595833333,1009.7958333333332,0.0,10.125
2017-10-02,34.210169,-118.870509,12.7,0.052,58.0,Thousand Oaks,19.286583541666666,73.167884625,7.508487195833333,1007.7083333333334,0.0,12.916666666666666
2017-10-03,34.210169,-118.870509,12.4,0.047,57.0,Thousand Oaks,18.3428334375,71.82879395833334,9.678008958333333,1009.35,0.0,11.541666666666666
2017-10-04,34.210169,-118.870509,8.6,0.054,48.0,Thousand Oaks,18.819916854166667,50.4800913125,8.379151625,1013.8958333333334,0.0,0.75
2017-10-05,34.210169,-118.870509,10.6,0.064,54.0,Thousand Oaks,20.517833624999998,33.13597429166666,8.932747995833333,1012.6916666666666,0.0,0.0
2017-10-06,34.210169,-118.870509,7.2,0.056,40.0,Thousand Oaks,24.23866645833333,20.621641991666667,15.178514233333333,1012.2208333333333,0.0,0.0
2017-10-07,34.210169,-118.870509,5.9,0.061,33.0,Thousand Oaks,27.50533316666667,12.359580770833333,11.984489254166666,1010.4708333333333,0.0,5.041666666666667
2017-10-08,34.210169,-118.870509,13.6,0.063,59.0,Thousand Oaks,22.717833541666668,32.409575958333335,7.512501512499999,1006.5875,0.0,0.0
2017-10-09,34.210169,-118.870509,13.6,0.063,59.0,Thousand Oaks,22.717833541666668,32.409575958333335,7.512501512499999,1006.5875,0.0,0.0
2017-10-10,34.210169,-118.870509,8.5,0.05,47.0,Thousand Oaks,23.047000083333334,11.5686022375,18.00132400833333,1013.475,0.0,22.5
2017-10-11,34.210169,-118.870509,11.3,0.046,55.0,Thousand Oaks,19.161583520833332,53.50191958333334,5.468290529166667,1011.9541666666668,0.0,24.25
2017-10-12,34.210169,-118.870509,17.7,0.051,67.0,Thousand Oaks,18.186583583333334,61.89220816666667,7.2546219291666665,1012.6125000000001,0.0,0.875
2017-10-13,34.210169,-118.870509,25.7,0.054,82.0,Thousand Oaks,18.924083562499998,38.43916914583333,7.987027870833333,1013.7916666666666,0.0,5.958333333333333
2017-10-14,34.210169,-118.870509,11.8,0.057,56.0,Thousand Oaks,21.390749875,29.5293587625,14.1163429375,1014.3583333333332,0.0,1.9166666666666667
2017-10-15,34.210169,-118.870509,4.8,0.056,27.0,Thousand Oaks,25.840749958333333,8.530475020833334,23.152491375,1017.0791666666668,0.0,0.0
2017-10-16,34.210169,-118.870509,4.0,0.061,22.0,Thousand Oaks,27.490749833333336,7.105529633333333,17.457850666666666,1017.9208333333332,0.0,42.333333333333336
2017-10-17,34.210169,-118.870509,10.3,0.058,53.0,Thousand Oaks,26.82408325,12.826779145833333,8.705542529166667,1015.7833333333333,0.0,29.875
2017-10-18,34.210169,-118.870509,17.8,0.057,67.0,Thousand Oaks,26.130333500000003,25.83685241666667,7.750720516666667,1013.0500000000001,0.0,23.791666666666668
2017-10-19,34.210169,-118.870509,17.7,0.052,67.0,Thousand Oaks,21.161583458333332,53.860847,7.620504700000001,1012.0749999999999,0.0,13.833333333333334
2017-10-20,34.210169,-118.870509,6.7,0.04,37.0,Thousand Oaks,18.917833479166667,71.036364375,8.61056625,1012.1916666666666,0.0,4.208333333333333
2017-10-21,34.210169,-118.870509,5.4,0.047,30.0,Thousand Oaks,18.638666666666666,39.264110020833336,15.306722554166667,1015.4083333333333,0.0,6.375
2017-10-22,34.210169,-118.870509,0.7,0.043,4.0,Thousand Oaks,24.1845,19.670591625,20.862954958333333,1019.375,0.0,0.0
2017-10-23,34.210169,-118.870509,0.1,0.044,1.0,Thousand Oaks,28.659500124999997,14.542999766666666,20.5165765,1018.8125,0.0,0.0
2017-10-24,34.210169,-118.870509,0.2,0.041,1.0,Thousand Oaks,31.049083041666666,14.329510708333332,23.185558375,1017.4791666666666,0.0,0.0
2017-10-25,34.210169,-118.870509,2.1,0.05,12.0,Thousand Oaks,30.301166374999998,12.625748020833333,16.502209416666666,1014.125,0.0,0.0
2017-10-26,34.210169,-118.870509,6.7,0.058,37.0,Thousand Oaks,26.780333166666665,17.301744041666666,8.6531798125,1010.8291666666668,0.0,0.0
2017-10-27,34.210169,-118.870509,8.3,0.055,46.0,Thousand Oaks,24.072000125000002,27.02107104166667,6.6340004375,1012.6750000000001,0.0,0.0
2017-10-28,34.210169,-118.870509,14.4,0.051,61.0,Thousand Oaks,23.540750041666666,28.047265791666664,7.427687065833333,1011.2833333333333,0.0,0.0
2017-10-29,34.210169,-118.870509,19.5,0.05,70.0,Thousand Oaks,19.80741670833333,64.513081625,5.302329837499999,1010.8958333333334,0.0,4.416666666666667
2017-10-30,34.210169,-118.870509,12.0,0.046,56.0,Thousand Oaks,17.699083520833334,77.74504883333333,4.893966716666667,1011.25,0.0,76.875
2017-10-31,34.210169,-118.870509,9.4,0.043,52.0,Thousand Oaks,16.30741689583333,78.75558654166666,5.0478879333333335,1012.0166666666668,0.0625,79.58333333333333
2017-11-01,34.210169,-118.870509,7.7,0.039,43.0,Thousand Oaks,16.74075025,78.63168354166667,5.346099025,1013.2583333333333,0.02916666666666667,65.5
2017-11-02,34.210169,-118.870509,5.2,0.04,29.0,Thousand Oaks,15.763666833333334,74.31571183333334,6.042142107083333,1015.7416666666667,0.13749999999999998,76.95833333333333
2017-11-03,34.210169,-118.870509,6.4,0.042,36.0,Thousand Oaks,15.797000124999999,70.04095329166667,7.187951941666667,1018.6833333333334,0.024999999999999998,68.95833333333333
2017-11-04,34.210169,-118.870509,5.5,0.038,31.0,Thousand Oaks,15.678250270833333,77.175782875,8.4316256875,1016.3541666666666,0.024999999999999998,40.0
2017-11-05,34.210169,-118.870509,3.5,0.037,19.0,Thousand Oaks,16.6553333125,77.274283625,10.303265458333334,1017.2833333333333,0.004166666666666667,46.125
2017-11-06,34.210169,-118.870509,6.5,0.04,36.0,Thousand Oaks,15.188666687500001,78.03926425,6.870197166666667,1018.1,0.14166666666666666,64.5
2017-11-07,34.210169,-118.870509,6.3,0.037,35.0,Thousand Oaks,17.0303334375,69.37231154166666,6.426247379166667,1018.4083333333333,0.0,47.458333333333336
2017-11-08,34.210169,-118.870509,3.9,0.028,22.0,Thousand Oaks,17.249083375,66.72792708333333,7.022592408333334,1017.5916666666667,0.0,2.3333333333333335
2017-11-09,34.210169,-118.870509,3.0,0.031,17.0,Thousand Oaks,16.815749937499998,83.26910058333333,7.180050922916667,1017.1208333333334,0.05833333333333333,82.875
2017-11-10,34.210169,-118.870509,5.2,0.036,29.0,Thousand Oaks,15.842833604166666,84.550617375,7.466273329166667,1016.0333333333333,0.0,57.041666666666664
2017-11-11,34.210169,-118.870509,14.0,0.046,60.0,Thousand Oaks,15.101166604166666,75.883694875,6.114237640416667,1015.6374999999999,0.0,61.0
2017-11-12,34.210169,-118.870509,14.0,0.042,60.0,Thousand Oaks,16.01575025,73.97420979166667,5.15618615,1016.6625,0.0,92.70833333333333
2017-11-13,34.210169,-118.870509,10.5,0.047,54.0,Thousand Oaks,16.299083416666665,61.24149075,5.569771815833334,1018.6875,0.0,98.16666666666667
2017-11-14,34.210169,-118.870509,6.6,0.04,37.0,Thousand Oaks,17.738666770833333,47.021212291666664,7.044259904166666,1018.1541666666667,0.0,50.416666666666664
2017-11-15,34.210169,-118.870509,8.5,0.041,47.0,Thousand Oaks,18.984500270833333,33.88026429166667,7.415596225000001,1015.025,0.0,74.625
2017-11-16,34.210169,-118.870509,7.0,0.031,39.0,Thousand Oaks,19.257416895833334,49.57746204166667,6.323653416666667,1014.3958333333334,0.0,85.33333333333333
2017-11-17,34.210169,-118.870509,3.8,0.033,21.0,Thousand Oaks,17.559500229166666,75.81617445833334,8.810506375000001,1016.2791666666667,0.029166666666666664,85.0
2017-11-18,34.210169,-118.870509,5.7,0.044,32.0,Thousand Oaks,17.169916937500002,49.29923366666667,16.533961995833334,1019.2541666666666,0.0,9.166666666666666
2017-11-19,34.210169,-118.870509,7.1,0.046,39.0,Thousand Oaks,17.747000270833333,11.792691570833334,18.025924625,1018.3625000000001,0.0,34.041666666666664
2017-11-20,34.210169,-118.870509,5.5,0.044,31.0,Thousand Oaks,17.307416687499998,21.927316525,7.7445663375,1016.0041666666666,0.0,45.416666666666664
2017-11-21,34.210169,-118.870509,1.8,0.04,10.0,Thousand Oaks,22.836583625,23.044936375000002,17.259592716666667,1016.8541666666666,0.0,81.95833333333333
2017-11-22,34.210169,-118.870509,3.1,0.031,17.0,Thousand Oaks,25.942833458333336,16.121184666666668,19.3814233125,1017.8041666666667,0.0,5.833333333333333
2017-11-23,34.210169,-118.870509,3.2,0.036,18.0,Thousand Oaks,26.540750208333336,21.916698166666666,13.249403108333333,1016.7208333333333,0.0,19.666666666666668
2017-11-24,34.210169,-118.870509,6.9,0.039,38.0,Thousand Oaks,23.444917041666667,31.928053416666668,9.6248490125,1012.8666666666667,0.0,38.791666666666664
2017-11-25,34.210169,-118.870509,14.4,0.057,61.0,Thousand Oaks,23.363666791666663,32.970958375,7.822552436666666,1013.8708333333334,0.0,37.875
2017-11-26,34.210169,-118.870509,16.9,0.045,66.0,Thousand Oaks,19.440750125,57.970965791666664,5.6334974375,1017.3708333333334,0.0,28.583333333333332
2017-11-27,34.210169,-118.870509,4.7,0.046,26.0,Thousand Oaks,15.509500041666668,77.41364891666667,11.3042089875,1015.5916666666667,0.004166666666666667,70.91666666666667
2017-11-28,34.210169,-118.870509,3.7,0.044,21.0,Thousand Oaks,15.9824166875,30.509753083333337,19.899866791666668,1015.0583333333334,0.0,20.083333333333332
2017-11-29,34.210169,-118.870509,7.0,0.042,39.0,Thousand Oaks,18.3428334375,20.95736410416667,16.782480520833335,1015.7541666666666,0.0,85.375
2017-11-30,34.210169,-118.870509,8.5,0.04,47.0,Thousand Oaks,17.984500041666667,21.3660883125,10.104875375,1017.0041666666666,0.0,18.166666666666668
2017-12-01,34.210169,-118.870509,9.0,0.039,50.0,Thousand Oaks,16.5740835625,44.321266791666666,6.6231705000000005,1015.6708333333332,0.0,0.0
2017-12-02,34.210169,-118.870509,12.4,0.038,57.0,Thousand Oaks,17.05325010416667,52.95876129166667,6.5003277125,1014.8958333333334,0.0,56.083333333333336
2017-12-03,34.210169,-118.870509,12.5,0.041,57.0,Thousand Oaks,15.461583437500002,70.97352662499999,5.062590533333333,1015.6,0.0,74.875
2017-12-04,34.210169,-118.870509,5.3,0.041,29.0,Thousand Oaks,13.905333416666666,40.60917979166667,20.218460979166668,1015.0875,0.0,7.25
2017-12-05,34.210169,-118.870509,5.3,0.041,29.0,Thousand Oaks,13.905333416666666,40.60917979166667,20.218460979166668,1015.0875,0.0,7.25
2017-12-06,34.210169,-118.870509,2.5,0.042,14.0,Thousand Oaks,15.626166833333334,11.226090458333333,23.101090291666665,1022.0166666666668,0.0,0.0
2017-12-07,34.210169,-118.870509,2.2,0.04,12.0,Thousand Oaks,17.976166666666668,11.800137458333333,22.732848833333335,1025.0375000000001,0.0,1.5
2017-12-08,34.210169,-118.870509,2.3,0.041,13.0,Thousand Oaks,18.3782501875,10.1794981375,17.64697775,1027.7416666666666,0.0,47.75
2017-12-09,34.210169,-118.870509,1.2,0.039,7.0,Thousand Oaks,19.832416833333333,10.942562783333335,19.830782333333335,1023.9416666666666,0.0,90.91666666666667
2017-12-10,34.210169,-118.870509,1.9,0.04,11.0,Thousand Oaks,20.103250125,9.836294408333332,24.616122833333332,1022.4250000000001,0.0,88.125
2017-12-11,34.210169,-118.870509,2.2,0.039,12.0,Thousand Oaks,20.619916874999998,7.149817966666667,19.575629083333332,1022.2166666666667,0.0,84.29166666666667
2017-12-12,34.210169,-118.870509,2.2,0.039,12.0,Thousand Oaks,20.067833458333336,5.552910183333334,19.76884383333333,1022.3874999999999,0.0,8.375
2017-12-13,34.210169,-118.870509,19.7,0.047,71.0,Thousand Oaks,21.697000208333336,5.0143715,17.784399041666667,1016.8958333333334,0.0,0.0
2017-12-14,34.210169,-118.870509,11.0,0.045,55.0,Thousand Oaks,19.207416708333334,10.297360079166667,14.765677583333334,1015.1,0.0,15.166666666666666
2017-12-15,34.210169,-118.870509,26.4,0.049,83.0,Thousand Oaks,20.803250125,12.6725762875,14.69361925,1019.4791666666666,0.0,2.4166666666666665
2017-12-16,34.210169,-118.870509,28.9,0.04,88.0,Thousand Oaks,16.0074169375,32.55201970833333,10.244588112499999,1009.8874999999999,0.0,48.041666666666664
2017-12-17,34.210169,-118.870509,4.3,0.04,24.0,Thousand Oaks,13.922000187499998,26.846432250000003,23.407890491666667,1011.3958333333334,0.0,1.6666666666666667
2017-12-18,34.210169,-118.870509,8.9,0.043,49.0,Thousand Oaks,15.063666770833334,14.028884895833334,19.536638570833333,1019.0625,0.0,13.625
2017-12-19,34.210169,-118.870509,13.7,0.036,60.0,Thousand Oaks,13.605333604166667,30.424529166666662,6.961040874999999,1021.2791666666667,0.0,12.458333333333334
2017-12-20,34.210169,-118.870509,7.8,0.037,43.0,Thousand Oaks,11.132416958333332,70.39418675,6.743533225,1020.525,0.0,19.541666666666668
2017-12-21,34.210169,-118.870509,5.5,0.041,31.0,Thousand Oaks,9.678250020833334,41.07369925,18.030981204166668,1019.5,0.0,9.333333333333334
2017-12-22,34.210169,-118.870509,9.5,0.041,52.0,Thousand Oaks,11.380333270833333,14.866812679166665,10.538137916666667,1023.525,0.0,21.125
2017-12-23,34.210169,-118.870509,11.2,0.039,55.0,Thousand Oaks,11.599083479166666,21.4985148125,8.508582054166666,1023.025,0.0,91.79166666666667
2017-12-24,34.210169,-118.870509,17.2,0.039,66.0,Thousand Oaks,14.565749895833333,18.84362290416667,9.802087587499999,1020.2833333333333,0.0,74.45833333333333
2017-12-25,34.210169,-118.870509,24.8,0.04,80.0,Thousand Oaks,13.092833458333333,30.18122620833333,5.6319367908333335,1019.0875,0.0,88.16666666666667
2017-12-26,34.210169,-118.870509,28.4,0.044,87.0,Thousand Oaks,13.996999895833333,42.91210616666667,6.094234316666667,1018.6999999999999,0.0,69.41666666666667
2017-12-27,34.210169,-118.870509,10.4,0.04,53.0,Thousand Oaks,17.109500145833334,32.872707166666665,9.778756416666667,1019.9583333333334,0.0,0.8333333333333334
2017-12-28,34.210169,-118.870509,8.2,0.039,46.0,Thousand Oaks,18.6782501875,26.482064145833334,13.606733195833334,1019.6208333333334,0.0,24.916666666666668
2017-12-29,34.210169,-118.870509,8.0,0.028,44.0,Thousand Oaks,20.413666854166667,15.920866541666667,12.124269583333332,1019.0875,0.0,13.875
2017-12-30,34.210169,-118.870509,15.7,0.031,63.0,Thousand Oaks,17.7720001875,25.787557333333336,7.311326979166666,1018.3041666666667,0.0,48.083333333333336
2017-12-31,34.210169,-118.870509,15.7,0.031,63.0,Thousand Oaks,17.7720001875,25.787557333333336,7.311326979166666,1018.3041666666667,0.0,48.083333333333336
2018-01-01,34.210169,-118.870509,32.7,0.05,95.0,Thousand Oaks,14.228249854166668,61.435373166666665,6.144457012499999,1019.9416666666666,0.0,71.58333333333333
2018-01-02,34.210169,-118.870509,12.5,0.036,57.0,Thousand Oaks,17.830333416666665,25.57077225,11.158408825,1020.0791666666668,0.0,88.16666666666667
2018-01-03,34.210169,-118.870509,5.2,0.03,29.0,Thousand Oaks,19.938666833333333,17.839496937499998,17.57624566666667,1018.1999999999999,0.012500000000000002,90.375
2018-01-04,34.210169,-118.870509,10.5,0.03,54.0,Thousand Oaks,17.165750166666665,32.46246308333333,5.934074966666667,1018.9499999999999,0.029166666666666664,69.04166666666667
2018-01-05,34.210169,-118.870509,7.7,0.023,43.0,Thousand Oaks,16.886583583333334,77.79902891666667,4.945097129166666,1021.2875,0.0,70.33333333333333
2018-01-06,34.210169,-118.870509,6.9,0.025,38.0,Thousand Oaks,16.526166937499998,82.63919416666667,6.281760916666666,1020.65,0.0,95.83333333333333
2018-01-07,34.210169,-118.870509,17.0,0.027,66.0,Thousand Oaks,17.269916583333334,63.59902829166666,8.311386183333333,1018.5,0.0,77.0
2018-01-08,34.210169,-118.870509,9.0,0.028,50.0,Thousand Oaks,17.288666791666667,67.19677095833333,8.69635295,1014.6541666666667,0.15833333333333333,94.70833333333333
2018-01-09,34.210169,-118.870509,6.7,0.038,37.0,Thousand Oaks,13.115749833333332,92.58635333333332,15.107797508333334,1007.4916666666667,1.5916666666666668,98.41666666666667
2018-01-10,34.210169,-118.870509,10.0,0.031,53.0,Thousand Oaks,10.659499979166666,85.66689904166667,5.235180841666667,1013.5749999999999,0.029166666666666664,37.75
2018-01-11,34.210169,-118.870509,16.0,0.031,64.0,Thousand Oaks,13.222000166666668,74.38734112499999,5.738356025000001,1020.8208333333333,0.0,19.541666666666668
2018-01-12,34.210169,-118.870509,8.8,0.038,49.0,Thousand Oaks,15.232416833333334,65.12186529166667,6.534192916666666,1021.625,0.0,37.833333333333336
2018-01-13,34.210169,-118.870509,1.0,0.043,6.0,Thousand Oaks,18.486583333333332,43.75943933333334,22.004868583333334,1020.5083333333333,0.0,49.166666666666664
2018-01-14,34.210169,-118.870509,3.5,0.042,19.0,Thousand Oaks,18.894916833333333,34.991462041666665,21.152248208333333,1020.5666666666666,0.0,79.5
2018-01-15,34.210169,-118.870509,10.9,0.037,54.0,Thousand Oaks,17.36991683333333,42.566931958333335,9.776803008333333,1019.275,0.0,67.79166666666667
2018-01-16,34.210169,-118.870509,12.2,0.038,57.0,Thousand Oaks,15.722000229166667,66.07899041666667,5.05977265,1019.6125000000001,0.004166666666666667,93.875
2018-01-17,34.210169,-118.870509,7.9,0.036,44.0,Thousand Oaks,17.734500125,51.279810125000004,12.335615708333334,1020.2916666666666,0.0,68.54166666666667
2018-01-18,34.210169,-118.870509,8.5,0.03,47.0,Thousand Oaks,19.624083479166668,38.18998370833334,10.096177175,1018.9208333333332,0.0,68.625
2018-01-19,34.210169,-118.870509,8.5,0.03,47.0,Thousand Oaks,15.071999895833335,70.06601016666666,6.871086070833333,1015.8125,0.029166666666666664,70.58333333333333
2018-01-20,34.210169,-118.870509,6.7,0.038,37.0,Thousand Oaks,10.711583604166668,60.98564266666667,4.3812704125,1015.0208333333334,0.012500000000000002,23.75
2018-01-21,34.210169,-118.870509,6.5,0.038,36.0,Thousand Oaks,10.490750020833334,39.38682983333333,10.883442954166668,1022.6041666666666,0.0,36.166666666666664
2018-01-22,34.210169,-118.870509,5.2,0.041,29.0,Thousand Oaks,12.272000083333333,33.399954375,10.7415656,1024.8416666666667,0.0,36.083333333333336
2018-01-23,34.210169,-118.870509,2.9,0.039,16.0,Thousand Oaks,14.9345001875,36.180511645833334,15.868221575,1021.4583333333334,0.0,0.0
2018-01-24,34.210169,-118.870509,4.5,0.037,25.0,Thousand Oaks,16.55325010416667,23.118054291666667,13.417513958333332,1020.1791666666667,0.0,20.041666666666668
2018-01-25,34.210169,-118.870509,4.7,0.039,26.0,Thousand Oaks,12.4636666875,62.18892962499999,8.1239263375,1017.3249999999999,0.0,48.416666666666664
2018-01-26,34.210169,-118.870509,7.2,0.041,40.0,Thousand Oaks,11.294916729166665,43.81542879166667,11.043332216666668,1021.1083333333332,0.0,27.125
2018-01-27,34.210169,-118.870509,3.9,0.043,22.0,Thousand Oaks,13.553249979166665,31.484544375,18.544017916666665,1023.1708333333332,0.0,44.875
2018-01-28,34.210169,-118.870509,1.5,0.038,8.0,Thousand Oaks,19.4365835,17.174831916666665,28.547064583333334,1022.2666666666668,0.0,18.291666666666668
2018-01-29,34.210169,-118.870509,0.1,0.037,1.0,Thousand Oaks,22.52616675,16.029944458333333,25.291961166666667,1020.9166666666666,0.0,51.958333333333336
2018-01-30,34.210169,-118.870509,3.2,0.032,18.0,Thousand Oaks,22.282416791666666,15.127135916666667,13.095796058333333,1018.3291666666668,0.0,97.875
2018-01-31,34.210169,-118.870509,5.0,0.036,28.0,Thousand Oaks,20.113666875,20.9982890625,6.8209085875,1014.7458333333334,0.0,16.833333333333332
2018-02-01,34.210169,-118.870509,13.6,0.045,59.0,Thousand Oaks,19.9803334375,25.2206205,8.865945704166666,1014.6666666666666,0.0,22.083333333333332
2018-02-02,34.210169,-118.870509,14.0,0.047,60.0,Thousand Oaks,21.51366697916667,22.304887583333336,9.982453362500001,1017.6083333333332,0.0,54.666666666666664
2018-02-03,34.210169,-118.870509,10.0,0.049,53.0,Thousand Oaks,20.403250125,26.465205708333333,8.533485366666666,1018.3249999999999,0.0,41.958333333333336
2018-02-04,34.210169,-118.870509,7.8,0.046,43.0,Thousand Oaks,21.530333541666668,25.072792958333334,11.2543328375,1016.8541666666666,0.0,8.541666666666666
2018-02-05,34.210169,-118.870509,14.7,0.044,61.0,Thousand Oaks,20.286583625,28.527665541666664,6.7922520708333325,1014.775,0.0,19.791666666666668
2018-02-06,34.210169,-118.870509,23.6,0.04,78.0,Thousand Oaks,17.555333416666667,59.92020604166667,6.062724716666668,1014.0041666666666,0.0,0.7083333333333334
2018-02-07,34.210169,-118.870509,5.5,0.045,31.0,Thousand Oaks,19.474083520833332,27.835117874999998,15.0002312625,1020.2458333333334,0.0,0.0
2018-02-08,34.210169,-118.870509,5.3,0.045,29.0,Thousand Oaks,21.794916875,13.510970166666667,17.464146075,1020.5375,0.0,0.0
2018-02-09,34.210169,-118.870509,5.3,0.045,29.0,Thousand Oaks,21.794916875,13.510970166666667,17.464146075,1020.5375,0.0,0.0
2018-02-10,34.210169,-118.870509,5.3,0.045,29.0,Thousand Oaks,21.794916875,13.510970166666667,17.464146075,1020.5375,0.0,0.0
2018-02-11,34.210169,-118.870509,5.3,0.045,29.0,Thousand Oaks,21.794916875,13.510970166666667,17.464146075,1020.5375,0.0,0.0
2018-02-12,34.210169,-118.870509,5.3,0.045,29.0,Thousand Oaks,21.794916875,13.510970166666667,17.464146075,1020.5375,0.0,0.0
2018-02-13,34.210169,-118.870509,5.3,0.045,29.0,Thousand Oaks,21.794916875,13.510970166666667,17.464146075,1020.5375,0.0,0.0
2018-02-14,34.210169,-118.870509,4.5,0.043,25.0,Thousand Oaks,13.492833645833334,56.546309375,9.056671391666667,1019.8166666666666,0.075,69.45833333333333
2018-02-15,34.210169,-118.870509,3.3,0.046,18.0,Thousand Oaks,13.997000041666666,52.98599695833334,11.7681742125,1018.7833333333333,0.0,5.916666666666667
2018-02-16,34.210169,-118.870509,2.5,0.047,14.0,Thousand Oaks,16.0011668125,20.260861979166666,16.096740520833333,1020.6624999999999,0.0,0.0
2018-02-17,34.210169,-118.870509,5.2,0.05,29.0,Thousand Oaks,16.142833375,24.331058,10.147132241666666,1019.1958333333333,0.0,0.0
2018-02-18,34.210169,-118.870509,5.4,0.046,30.0,Thousand Oaks,13.997000208333333,47.16875120833333,6.95958375,1015.6999999999999,0.0,0.5
2018-02-19,34.210169,-118.870509,5.3,0.042,29.0,Thousand Oaks,9.713666666666667,59.94855458333333,13.06629555,1011.9166666666666,0.004166666666666667,26.958333333333332
2018-02-20,34.210169,-118.870509,4.5,0.042,25.0,Thousand Oaks,7.472000054166666,32.97293125,10.671378779166666,1018.2375000000001,0.008333333333333333,0.3333333333333333
2018-02-21,34.210169,-118.870509,5.1,0.044,28.0,Thousand Oaks,8.776166604166667,34.94247175,10.045995970833333,1020.2624999999999,0.0,18.625
2018-02-22,34.210169,-118.870509,6.0,0.043,33.0,Thousand Oaks,8.869916729166667,63.33594433333334,9.947797766666666,1021.8833333333333,0.0,8.708333333333334
2018-02-23,34.210169,-118.870509,3.4,0.044,19.0,Thousand Oaks,8.207416708333334,61.213639083333334,9.792835625,1022.0500000000001,0.0,3.9583333333333335
2018-02-24,34.210169,-118.870509,5.8,0.047,32.0,Thousand Oaks,9.172000145833334,30.680007125,13.393807604166668,1025.8583333333333,0.0,0.0
2018-02-25,34.210169,-118.870509,4.7,0.047,26.0,Thousand Oaks,11.361583354166667,33.055141375,13.211519904166666,1022.3333333333334,0.0,2.625
2018-02-26,34.210169,-118.870509,3.2,0.045,18.0,Thousand Oaks,11.6699168125,37.923932875,9.159066383333334,1017.8083333333334,0.0,0.0
2018-02-27,34.210169,-118.870509,5.7,0.042,32.0,Thousand Oaks,8.249083316666667,68.154194,9.615499279166666,1012.875,0.18333333333333335,43.041666666666664
2018-02-28,34.210169,-118.870509,6.9,0.042,38.0,Thousand Oaks,7.5782498333333335,63.63343391666667,5.311001295833333,1019.8874999999999,0.0,0.6666666666666666
2018-03-01,34.210169,-118.870509,5.6,0.043,31.0,Thousand Oaks,9.7053333125,71.31334004166666,7.797975816666667,1022.2083333333334,0.0,42.166666666666664
2018-03-02,34.210169,-118.870509,1.8,0.036,10.0,Thousand Oaks,11.184500354166666,86.08339408333335,12.964239625,1018.5541666666667,0.4083333333333334,83.29166666666667
2018-03-03,34.210169,-118.870509,1.9,0.045,11.0,Thousand Oaks,10.2886665625,87.87511291666668,9.060957625,1017.1041666666666,0.06666666666666667,65.70833333333333
2018-03-04,34.210169,-118.870509,4.0,0.042,22.0,Thousand Oaks,8.759500179166666,64.235944875,8.131796066666666,1020.6208333333334,0.016666666666666666,13.625
2018-03-05,34.210169,-118.870509,-0.6,0.046,0.0,Thousand Oaks,12.276166854166666,34.191029416666666,16.368463470833333,1021.4291666666667,0.0,47.791666666666664
2018-03-06,34.210169,-118.870509,1.7,0.047,9.0,Thousand Oaks,15.938666770833334,18.551062291666664,17.4075465,1018.2624999999999,0.0,74.125
2018-03-07,34.210169,-118.870509,4.2,0.038,23.0,Thousand Oaks,17.092833458333335,17.86013983333333,8.965502341666665,1016.7708333333334,0.0,83.29166666666667
2018-03-08,34.210169,-118.870509,3.9,0.049,22.0,Thousand Oaks,16.294916770833336,27.38472575,6.629058458333333,1017.1166666666667,0.0,91.95833333333333
2018-03-09,34.210169,-118.870509,10.4,0.042,53.0,Thousand Oaks,16.880333333333333,55.53337625,7.073106079166666,1015.0541666666667,0.0,42.708333333333336
2018-03-10,34.210169,-118.870509,9.8,0.028,52.0,Thousand Oaks,14.924083541666667,80.24132633333333,6.536674675,1014.3916666666668,0.11666666666666665,81.16666666666667
2018-03-11,34.210169,-118.870509,3.1,0.031,17.0,Thousand Oaks,14.157416770833334,91.20851520833334,12.5994188125,1016.0083333333333,0.43333333333333335,93.58333333333333
2018-03-12,34.210169,-118.870509,10.2,0.031,53.0,Thousand Oaks,15.457416875,86.44295516666666,6.087763733333333,1018.8666666666667,0.0,73.33333333333333
2018-03-13,34.210169,-118.870509,5.0,0.036,28.0,Thousand Oaks,15.40533325,91.34988645833333,5.337417754166666,1017.4458333333333,0.09999999999999999,97.75
2018-03-14,34.210169,-118.870509,1.3,0.042,7.0,Thousand Oaks,13.503250104166666,84.66000791666666,11.907284691666668,1016.0333333333333,0.07916666666666666,65.125
2018-03-15,34.210169,-118.870509,3.4,0.041,19.0,Thousand Oaks,11.767833416666667,81.44253166666667,8.004005375,1014.9333333333334,0.44166666666666665,65.29166666666667
2018-03-16,34.210169,-118.870509,1.9,0.04,11.0,Thousand Oaks,10.3678333125,79.36315616666667,10.495582745833334,1016.2958333333332,0.04583333333333334,21.666666666666668
2018-03-17,34.210169,-118.870509,3.0,0.042,17.0,Thousand Oaks,9.949083354166666,80.80052529166666,8.198584983333333,1015.4375,0.10416666666666667,51.458333333333336
2018-03-18,34.210169,-118.870509,4.5,0.042,25.0,Thousand Oaks,9.803250083333333,70.74829133333334,8.60700995,1018.5916666666667,0.0,43.5
2018-03-19,34.210169,-118.870509,3.5,0.049,19.0,Thousand Oaks,12.68658325,59.07047241666667,7.943764958333333,1018.9375,0.0,72.125
2018-03-20,34.210169,-118.870509,4.6,0.039,26.0,Thousand Oaks,14.547000041666665,50.173402708333334,6.11854845,1016.7291666666666,0.004166666666666667,99.33333333333333
2018-03-21,34.210169,-118.870509,5.4,0.034,30.0,Thousand Oaks,14.344916770833334,73.602503375,7.590890008333333,1015.7833333333333,0.7291666666666666,99.70833333333333
2018-03-22,34.210169,-118.870509,2.4,0.029,13.0,Thousand Oaks,14.382416541666666,93.14572375,10.000244325,1015.3666666666667,0.9500000000000001,98.91666666666667
2018-03-23,34.210169,-118.870509,2.2,0.04,12.0,Thousand Oaks,13.949083125,88.74216933333334,7.566142500000001,1018.8000000000001,0.09999999999999999,79.45833333333333
2018-03-24,34.210169,-118.870509,4.5,0.044,25.0,Thousand Oaks,12.026166854166666,81.51504208333334,8.102505575,1016.8041666666667,0.0,66.375
2018-03-25,34.210169,-118.870509,4.1,0.045,23.0,Thousand Oaks,10.872000208333333,79.37448358333334,7.91242473625,1016.6958333333333,0.0,31.291666666666668
2018-03-26,34.210169,-118.870509,4.3,0.045,24.0,Thousand Oaks,11.751166583333335,53.58299975,10.232699566666666,1016.2541666666666,0.0,21.708333333333332
2018-03-27,34.210169,-118.870509,4.1,0.047,23.0,Thousand Oaks,13.830333541666667,45.148469291666665,11.855010279166668,1019.1999999999999,0.0,0.2916666666666667
2018-03-28,34.210169,-118.870509,7.2,0.049,40.0,Thousand Oaks,15.8803336875,49.390406375,7.374979620833333,1018.875,0.0,0.0
2018-03-29,34.210169,-118.870509,11.8,0.047,56.0,Thousand Oaks,17.305333520833333,55.963571124999994,6.404042154166667,1016.9833333333332,0.0,0.0
2018-03-30,34.210169,-118.870509,12.1,0.057,57.0,Thousand Oaks,18.734500104166667,63.567748625,6.152265220833333,1016.8958333333334,0.0,16.833333333333332
2018-03-31,34.210169,-118.870509,14.1,0.052,60.0,Thousand Oaks,17.838666916666664,67.866547625,5.882736587499999,1016.3791666666666,0.0,99.25
2018-04-01,34.210169,-118.870509,16.6,0.048,65.0,Thousand Oaks,15.857416791666667,76.48837166666667,4.956121657083334,1013.9166666666666,0.0,95.29166666666667
2018-04-02,34.210169,-118.870509,16.8,0.048,65.0,Thousand Oaks,14.076166645833332,79.83539629166667,6.252273304166667,1011.7375000000001,0.0,60.041666666666664
2018-04-03,34.210169,-118.870509,12.3,0.049,57.0,Thousand Oaks,14.740749958333334,77.40917145833333,6.856997941666666,1013.2083333333334,0.0,27.0
2018-04-04,34.210169,-118.870509,15.5,0.049,63.0,Thousand Oaks,15.349083520833332,76.322809375,7.284008554166667,1016.1833333333334,0.0,24.958333333333332
2018-04-05,34.210169,-118.870509,16.5,0.048,65.0,Thousand Oaks,15.424083541666667,79.38048375,6.577803125,1016.75,0.0,71.625
2018-04-06,34.210169,-118.870509,10.0,0.042,53.0,Thousand Oaks,16.897000291666668,69.58104308333334,6.4306363125,1014.5958333333333,0.0,90.70833333333333
2018-04-07,34.210169,-118.870509,5.7,0.034,32.0,Thousand Oaks,17.047000166666667,81.38428520833334,10.084600816666667,1014.4916666666667,0.0,69.75
2018-04-08,34.210169,-118.870509,7.6,0.046,42.0,Thousand Oaks,18.2657503125,64.23237829166666,8.111465804166667,1013.8458333333333,0.0,43.125
2018-04-09,34.210169,-118.870509,7.9,0.055,44.0,Thousand Oaks,23.357416375,26.7990051875,17.757087204166666,1013.2458333333334,0.0,29.791666666666668
2018-04-10,34.210169,-118.870509,11.5,0.069,55.0,Thousand Oaks,24.597000041666664,22.246445750000003,8.515168945833333,1015.1708333333332,0.0,63.375
2018-04-11,34.210169,-118.870509,10.5,0.046,54.0,Thousand Oaks,21.232416958333335,33.62386966666667,8.193008795833334,1013.7791666666667,0.0,39.666666666666664
2018-04-12,34.210169,-118.870509,5.2,0.052,29.0,Thousand Oaks,14.722000229166667,55.194369458333334,11.041364029166667,1015.3000000000001,0.0,29.625
2018-04-13,34.210169,-118.870509,5.1,0.052,28.0,Thousand Oaks,16.440749979166664,24.75168463333333,19.54493780416667,1020.7958333333332,0.0,15.458333333333334
2018-04-14,34.210169,-118.870509,8.0,0.064,44.0,Thousand Oaks,21.667833562499997,16.066612675,13.7716773625,1022.125,0.0,0.0
2018-04-15,34.210169,-118.870509,10.2,0.059,53.0,Thousand Oaks,19.9657501875,19.404715708333335,8.303062529166667,1016.6791666666667,0.0,54.791666666666664
2018-04-16,34.210169,-118.870509,4.8,0.048,27.0,Thousand Oaks,14.1615834375,61.599656083333336,12.452291666666667,1014.8041666666667,0.0,45.041666666666664
2018-04-17,34.210169,-118.870509,3.8,0.051,21.0,Thousand Oaks,12.459500270833333,49.92258525,13.671773745833333,1019.9083333333333,0.0,0.375
2018-04-18,34.210169,-118.870509,3.8,0.051,21.0,Thousand Oaks,12.459500270833333,49.92258525,13.671773745833333,1019.9083333333333,0.0,0.375
2018-04-19,34.210169,-118.870509,6.1,0.045,34.0,Thousand Oaks,12.15116675,66.429660875,10.275313366666667,1015.9041666666667,0.075,29.541666666666668
2018-04-20,34.210169,-118.870509,9.2,0.05,51.0,Thousand Oaks,15.090750229166666,58.90744379166667,8.336077616666666,1017.8041666666667,0.0,0.375
2018-04-21,34.210169,-118.870509,10.8,0.058,54.0,Thousand Oaks,19.66575,41.12663233333333,8.193544904166666,1017.2291666666666,0.0,9.541666666666666
2018-04-22,34.210169,-118.870509,10.0,0.058,53.0,Thousand Oaks,23.11366704166667,27.76693966666667,8.795299004166667,1013.6291666666666,0.0,50.916666666666664
2018-04-23,34.210169,-118.870509,15.8,0.049,63.0,Thousand Oaks,21.2928334375,44.01951870833333,6.997038419583333,1014.0375,0.0,9.833333333333334
2018-04-24,34.210169,-118.870509,14.3,0.05,61.0,Thousand Oaks,19.03033325,52.595627666666665,7.294228741666667,1015.1416666666668,0.0,64.16666666666667
2018-04-25,34.210169,-118.870509,15.8,0.051,63.0,Thousand Oaks,18.222000208333334,55.11134991666666,6.813528990833333,1016.6666666666666,0.0,17.041666666666668
2018-04-26,34.210169,-118.870509,13.2,0.048,59.0,Thousand Oaks,17.176166541666667,60.17086758333334,6.474124225,1016.0208333333334,0.0,7.291666666666667
2018-04-27,34.210169,-118.870509,13.8,0.046,60.0,Thousand Oaks,15.694917020833332,66.46943229166666,7.7841854875,1015.7125,0.0,7.875
2018-04-28,34.210169,-118.870509,12.4,0.047,57.0,Thousand Oaks,17.1595000625,57.292863374999996,7.461220015833334,1013.5416666666666,0.0,0.0
2018-04-29,34.210169,-118.870509,10.6,0.048,54.0,Thousand Oaks,16.172000104166667,63.62369354166666,10.7688641625,1013.5749999999999,0.0,19.916666666666668
2018-04-30,34.210169,-118.870509,10.2,0.045,53.0,Thousand Oaks,15.2157501875,67.50443483333333,7.617077765416667,1013.9916666666667,0.0,40.291666666666664
2018-05-01,34.210169,-118.870509,10.7,0.042,54.0,Thousand Oaks,12.859499937499999,72.49705879166667,8.085631165416666,1011.6625,0.0375,52.416666666666664
2018-05-02,34.210169,-118.870509,9.5,0.043,52.0,Thousand Oaks,12.942833624999999,78.512490375,6.0345060833333335,1014.125,0.041666666666666664,43.333333333333336
2018-05-03,34.210169,-118.870509,10.0,0.046,53.0,Thousand Oaks,15.117833395833332,69.428026875,6.415974716666667,1020.3583333333332,0.0,8.916666666666666
2018-05-04,34.210169,-118.870509,9.9,0.059,52.0,Thousand Oaks,21.072000166666665,45.98010766666667,7.613770012500001,1019.8125,0.0,13.833333333333334
2018-05-05,34.210169,-118.870509,11.0,0.055,55.0,Thousand Oaks,23.676166499999997,35.838862125,9.023365275,1015.9333333333334,0.0,50.125
2018-05-06,34.210169,-118.870509,11.0,0.048,55.0,Thousand Oaks,22.01783345833333,37.58201308333333,6.497290716666666,1014.0625,0.0,94.58333333333333
2018-05-07,34.210169,-118.870509,12.3,0.058,57.0,Thousand Oaks,20.834500062500002,40.769022,6.7749127583333335,1015.8583333333332,0.0,38.333333333333336
2018-05-08,34.210169,-118.870509,10.1,0.053,53.0,Thousand Oaks,21.261583479166667,43.62791583333333,6.0132982041666665,1015.0708333333333,0.0,48.333333333333336
2018-05-09,34.210169,-118.870509,11.7,0.049,56.0,Thousand Oaks,20.9657503125,53.60935379166667,7.2597038125,1013.3666666666667,0.0,20.791666666666668
2018-05-10,34.210169,-118.870509,12.7,0.044,58.0,Thousand Oaks,19.949083479166667,63.614559625,7.092531008333332,1011.1666666666666,0.0,9.75
2018-05-11,34.210169,-118.870509,11.3,0.04,55.0,Thousand Oaks,17.588666666666665,70.515141,7.796627675,1009.8125,0.0,79.0
2018-05-12,34.210169,-118.870509,8.8,0.042,49.0,Thousand Oaks,14.759500041666668,76.87844545833333,6.8369142625,1012.3458333333333,0.06666666666666667,93.0
2018-05-13,34.210169,-118.870509,5.6,0.046,31.0,Thousand Oaks,15.040749979166668,72.92635358333334,6.1167901375,1015.8583333333332,0.0,74.91666666666667
2018-05-14,34.210169,-118.870509,7.2,0.042,40.0,Thousand Oaks,15.440750083333333,71.41853154166667,9.267979470833334,1015.1125000000001,0.0,21.166666666666668
2018-05-15,34.210169,-118.870509,6.0,0.044,33.0,Thousand Oaks,15.617833374999998,70.99203849999999,8.6481143375,1015.9291666666667,0.0,14.208333333333334
2018-05-16,34.210169,-118.870509,5.2,0.045,29.0,Thousand Oaks,16.032416833333333,65.71804387499999,8.385855316666666,1016.2624999999999,0.0,1.5
2018-05-17,34.210169,-118.870509,5.9,0.048,33.0,Thousand Oaks,16.961583583333333,58.25664104166666,9.429439179166666,1014.2416666666667,0.0,0.20833333333333334
2018-05-18,34.210169,-118.870509,10.2,0.044,53.0,Thousand Oaks,16.836583645833333,65.27105558333334,8.158220591666668,1013.625,0.0,19.708333333333332
2018-05-19,34.210169,-118.870509,11.1,0.047,55.0,Thousand Oaks,16.9178335625,71.303295875,7.1494800625,1012.6791666666667,0.0,35.458333333333336
2018-05-20,34.210169,-118.870509,10.9,0.041,54.0,Thousand Oaks,16.5970001875,76.00250933333334,6.1567920166666665,1012.5416666666666,0.0,51.333333333333336
2018-05-21,34.210169,-118.870509,8.5,0.039,47.0,Thousand Oaks,16.5678334375,69.84352729166666,7.236286429166667,1011.1416666666668,0.0,84.04166666666667
2018-05-22,34.210169,-118.870509,7.9,0.041,44.0,Thousand Oaks,16.0553333125,72.28262375,6.471535275,1012.0458333333332,0.0,48.0
2018-05-23,34.210169,-118.870509,7.4,0.042,41.0,Thousand Oaks,16.217833375,71.88677533333333,6.7224599125,1013.4541666666668,0.0,29.875
2018-05-24,34.210169,-118.870509,5.0,0.04,28.0,Thousand Oaks,15.967833458333333,75.19270966666666,7.957111712500001,1016.8291666666668,0.004166666666666667,57.708333333333336
2018-05-25,34.210169,-118.870509,1.8,0.037,10.0,Thousand Oaks,15.307416791666666,71.41191708333334,12.814465979166668,1019.0166666666668,0.0,66.5
2018-05-26,34.210169,-118.870509,5.9,0.037,33.0,Thousand Oaks,15.690750125000001,70.481347,10.560842277916667,1016.4250000000001,0.0,23.791666666666668
2018-05-27,34.210169,-118.870509,9.9,0.04,52.0,Thousand Oaks,17.007416770833334,64.39156279166666,7.932677008333333,1013.8708333333334,0.0,1.0833333333333333
2018-05-28,34.210169,-118.870509,13.0,0.041,58.0,Thousand Oaks,18.801166916666666,63.40702208333334,7.3585784075000005,1013.35,0.0,0.9583333333333334
2018-05-29,34.210169,-118.870509,12.3,0.043,57.0,Thousand Oaks,19.949083479166667,65.34330466666667,6.58806438625,1010.875,0.0,62.125
2018-05-30,34.210169,-118.870509,12.3,0.043,57.0,Thousand Oaks,19.949083479166667,65.34330466666667,6.58806438625,1010.875,0.0,62.125
2018-05-31,34.210169,-118.870509,7.9,0.042,44.0,Thousand Oaks,17.090750041666666,72.14598995833333,7.558538008333334,1012.0208333333334,0.0,64.0
2018-06-01,34.210169,-118.870509,8.2,0.049,46.0,Thousand Oaks,17.97200025,51.061993916666665,8.094686579166668,1013.9541666666668,0.0,0.0
2018-06-02,34.210169,-118.870509,9.8,0.056,52.0,Thousand Oaks,21.480333479166664,47.477889250000004,7.0047423958333335,1014.0041666666666,0.0,0.375
2018-06-03,34.210169,-118.870509,13.8,0.048,60.0,Thousand Oaks,22.797000104166667,46.89844633333333,7.256149204166667,1012.5833333333334,0.0,0.125
2018-06-04,34.210169,-118.870509,13.5,0.05,59.0,Thousand Oaks,22.711583458333333,55.945306208333335,7.7070572408333335,1010.9625,0.0,22.0
2018-06-05,34.210169,-118.870509,16.8,0.046,65.0,Thousand Oaks,19.955333416666665,69.07497833333333,6.522304691666666,1011.4125,0.0,24.583333333333332
2018-06-06,34.210169,-118.870509,12.5,0.046,57.0,Thousand Oaks,18.184500208333333,72.50964383333333,7.185511704166667,1011.8125,0.0,22.083333333333332
2018-06-07,34.210169,-118.870509,13.0,0.05,58.0,Thousand Oaks,18.203250166666667,64.184208375,8.670342608333334,1012.4499999999999,0.0,3.875
2018-06-08,34.210169,-118.870509,13.2,0.054,59.0,Thousand Oaks,22.044916770833336,51.73509216666667,7.470166225,1012.8083333333334,0.0,0.0
2018-06-09,34.210169,-118.870509,13.5,0.045,59.0,Thousand Oaks,23.244916791666668,47.65495175,7.3247301375000005,1012.125,0.0,0.8333333333333334
2018-06-10,34.210169,-118.870509,11.4,0.048,55.0,Thousand Oaks,22.438666958333332,54.918263708333335,7.1184839958333335,1010.9791666666666,0.0,25.083333333333332
2018-06-11,34.210169,-118.870509,12.1,0.057,57.0,Thousand Oaks,23.801166875000003,43.182477500000005,7.665231304166666,1009.2041666666668,0.0,0.0
2018-06-12,34.210169,-118.870509,12.7,0.058,58.0,Thousand Oaks,24.59908354166667,39.672232541666666,7.309128075,1008.8083333333334,0.0,0.0
2018-06-13,34.210169,-118.870509,11.3,0.05,55.0,Thousand Oaks,24.044916875,51.72783445833333,6.743256041666666,1009.3541666666666,0.0,0.25
2018-06-14,34.210169,-118.870509,13.2,0.052,59.0,Thousand Oaks,23.944916833333334,53.014455166666664,6.528516083333333,1009.0166666666668,0.0,1.4166666666666667
2018-06-15,34.210169,-118.870509,14.3,0.047,61.0,Thousand Oaks,22.23450025,55.111414833333335,6.567720841666667,1008.5916666666667,0.0,70.91666666666667
2018-06-16,34.210169,-118.870509,10.0,0.041,53.0,Thousand Oaks,18.647000020833335,69.15086970833333,9.792777095833333,1008.2083333333334,0.0,48.416666666666664
2018-06-17,34.210169,-118.870509,7.3,0.037,41.0,Thousand Oaks,16.43866675,71.66462516666667,9.125147266666668,1012.1166666666667,0.06666666666666667,85.58333333333333
2018-06-18,34.210169,-118.870509,8.0,0.038,44.0,Thousand Oaks,16.524083666666666,67.784651,8.132286879166667,1015.5291666666667,0.0,23.416666666666668
2018-06-19,34.210169,-118.870509,10.6,0.043,54.0,Thousand Oaks,19.063666833333333,68.98822416666667,7.769240329166666,1014.4541666666668,0.0,2.5833333333333335
2018-06-20,34.210169,-118.870509,12.6,0.052,58.0,Thousand Oaks,20.8615835,67.25570341666666,6.9939335875,1013.0541666666667,0.0,11.25
2018-06-21,34.210169,-118.870509,15.4,0.052,63.0,Thousand Oaks,21.792833375,66.63647229166666,6.86421296125,1012.9499999999999,0.0,14.916666666666666
2018-06-22,34.210169,-118.870509,11.2,0.046,55.0,Thousand Oaks,21.467833374999998,66.98708308333333,6.411939225,1011.9916666666667,0.0,12.958333333333334
2018-06-23,34.210169,-118.870509,13.3,0.057,59.0,Thousand Oaks,22.040750208333336,66.25942316666666,6.049998358333333,1008.9958333333334,0.0,9.208333333333334
2018-06-24,34.210169,-118.870509,10.6,0.039,54.0,Thousand Oaks,20.353250375,68.46946216666667,7.193827833333334,1011.4,0.0,17.125
2018-06-25,34.210169,-118.870509,10.1,0.041,53.0,Thousand Oaks,19.840750166666666,71.41431008333333,6.648682529166667,1014.1583333333333,0.0,34.708333333333336
2018-06-26,34.210169,-118.870509,6.7,0.044,37.0,Thousand Oaks,20.640750041666667,64.00483233333334,6.377602794583333,1013.9916666666667,0.0,4.75
2018-06-27,34.210169,-118.870509,10.7,0.043,54.0,Thousand Oaks,21.934500375,59.605823750000006,6.8357928574999995,1013.225,0.0,0.4583333333333333
2018-06-28,34.210169,-118.870509,10.7,0.043,54.0,Thousand Oaks,21.934500375,59.605823750000006,6.8357928574999995,1013.225,0.0,0.4583333333333333
2018-06-29,34.210169,-118.870509,10.7,0.043,54.0,Thousand Oaks,21.934500375,59.605823750000006,6.8357928574999995,1013.225,0.0,0.4583333333333333
2018-06-30,34.210169,-118.870509,10.7,0.04,54.0,Thousand Oaks,20.147000125,69.34068241666667,5.951678775,1013.1708333333332,0.0,24.583333333333332
2018-07-01,34.210169,-118.870509,7.7,0.039,43.0,Thousand Oaks,20.844916833333333,71.55564783333334,5.639836186666667,1014.8541666666666,0.0,26.75
2018-07-02,34.210169,-118.870509,6.9,0.039,38.0,Thousand Oaks,20.403250125,66.716784625,6.650997995833333,1014.8083333333334,0.0,10.5
2018-07-03,34.210169,-118.870509,6.2,0.037,34.0,Thousand Oaks,20.053250125,68.963855375,6.832577233333333,1012.9916666666667,0.0,20.916666666666668
2018-07-04,34.210169,-118.870509,8.1,0.042,45.0,Thousand Oaks,20.717833625,69.75197108333333,6.711169879166667,1014.5416666666666,0.0,18.625
2018-07-05,34.210169,-118.870509,13.5,0.047,59.0,Thousand Oaks,22.849083458333336,60.679734458333336,6.9737118124999995,1016.8791666666666,0.0,18.083333333333332
2018-07-06,34.210169,-118.870509,7.0,0.057,39.0,Thousand Oaks,32.586583041666664,20.2784800125,12.165688895833334,1013.3666666666667,0.0,28.833333333333332
2018-07-07,34.210169,-118.870509,13.0,0.064,58.0,Thousand Oaks,37.28866575,13.497223666666669,13.575209204166667,1009.9291666666667,0.0,5.458333333333333
2018-07-08,34.210169,-118.870509,14.6,0.06,61.0,Thousand Oaks,32.83033304166667,30.040488375,6.040035079166667,1010.775,0.0,17.125
2018-07-09,34.210169,-118.870509,14.1,0.066,60.0,Thousand Oaks,30.344916333333334,30.922002625,7.552131170833333,1012.9541666666668,0.0,64.04166666666667
2018-07-10,34.210169,-118.870509,13.7,0.046,60.0,Thousand Oaks,28.965749625,37.60445995833333,6.43090339875,1013.8000000000001,0.0,70.33333333333333
2018-07-11,34.210169,-118.870509,11.9,0.044,56.0,Thousand Oaks,27.090750083333333,46.73265945833333,5.866333510416666,1012.5291666666667,0.0,35.583333333333336
2018-07-12,34.210169,-118.870509,7.5,0.04,42.0,Thousand Oaks,26.226166958333334,50.54955175,6.278133058333334,1012.8583333333332,0.075,40.0
2018-07-13,34.210169,-118.870509,7.8,0.041,43.0,Thousand Oaks,25.20950025,56.32750858333333,7.172866458333334,1015.4,0.0,3.9583333333333335
2018-07-14,34.210169,-118.870509,7.8,0.035,43.0,Thousand Oaks,24.965749916666667,60.00526416666667,7.3028218916666665,1014.9250000000001,0.0,0.4166666666666667
2018-07-15,34.210169,-118.870509,7.0,0.039,39.0,Thousand Oaks,25.74908345833333,57.45972879166666,6.554821645833333,1013.1125000000001,0.0,1.25
2018-07-16,34.210169,-118.870509,8.7,0.042,48.0,Thousand Oaks,25.14283345833333,61.4692815,6.552053554166666,1013.7541666666666,0.0,55.25
2018-07-17,34.210169,-118.870509,9.0,0.04,50.0,Thousand Oaks,23.649083583333333,66.08161591666666,6.472808402916667,1014.1750000000001,0.0,36.166666666666664
2018-07-18,34.210169,-118.870509,11.0,0.042,55.0,Thousand Oaks,23.909500166666664,67.558221,6.742051050000001,1014.9708333333333,0.0,62.625
2018-07-19,34.210169,-118.870509,8.1,0.041,45.0,Thousand Oaks,25.319916916666667,68.737025125,6.09987481125,1014.3249999999999,0.0,32.041666666666664
2018-07-20,34.210169,-118.870509,4.1,0.036,23.0,Thousand Oaks,24.48866679166667,66.24860925,6.841237991666667,1013.5124999999999,0.0,3.2916666666666665
2018-07-21,34.210169,-118.870509,3.3,0.032,18.0,Thousand Oaks,23.136583375,62.51904808333333,7.517907125,1014.7375000000001,0.0,27.541666666666668
2018-07-22,34.210169,-118.870509,4.4,0.034,24.0,Thousand Oaks,24.186583458333335,57.779842374999994,8.345889937499999,1016.1208333333334,0.0,36.708333333333336
2018-07-23,34.210169,-118.870509,9.2,0.045,51.0,Thousand Oaks,28.101166666666668,47.24205366666666,8.124015491666666,1013.7916666666666,0.0,35.291666666666664
2018-07-24,34.210169,-118.870509,15.2,0.05,62.0,Thousand Oaks,30.430333166666667,42.60395783333333,7.312105908333334,1011.5958333333333,0.0,1.2083333333333333
2018-07-25,34.210169,-118.870509,18.7,0.059,69.0,Thousand Oaks,30.051165875,45.730975,7.105390445833333,1012.9083333333333,0.0,53.0
2018-07-26,34.210169,-118.870509,15.8,0.055,63.0,Thousand Oaks,29.155333125,55.911994791666665,6.72807485,1012.9375,0.0,1.375
2018-07-27,34.210169,-118.870509,12.0,0.047,56.0,Thousand Oaks,26.344916333333334,63.65493404166667,6.082372208333333,1012.2125,0.0,5.416666666666667
2018-07-28,34.210169,-118.870509,14.6,0.051,61.0,Thousand Oaks,26.588666833333335,55.742275875,6.393887133333333,1011.8541666666666,0.0,13.208333333333334
2018-07-29,34.210169,-118.870509,10.7,0.047,54.0,Thousand Oaks,25.66158308333333,61.27246579166667,5.7111558916666665,1014.1541666666667,0.0,21.5
2018-07-30,34.210169,-118.870509,7.3,0.039,41.0,Thousand Oaks,27.08866654166667,48.82982245833333,6.257084827916667,1013.6625,0.0,36.958333333333336
2018-07-31,34.210169,-118.870509,3.0,0.046,17.0,Thousand Oaks,28.10949983333333,40.59281225,7.654960854166667,1012.8874999999999,0.0,4.625
2018-08-01,34.210169,-118.870509,5.2,0.043,29.0,Thousand Oaks,27.56783316666667,47.65497720833333,7.037657683333333,1013.2624999999999,0.0,26.833333333333332
2018-08-02,34.210169,-118.870509,6.6,0.038,37.0,Thousand Oaks,27.27408325,43.80292141666666,6.7185043916666665,1012.3708333333334,0.0,19.25
2018-08-03,34.210169,-118.870509,9.7,0.045,52.0,Thousand Oaks,26.961582958333334,49.78441454166667,6.112085766666667,1012.0166666666668,0.0,0.0
2018-08-04,34.210169,-118.870509,11.8,0.047,56.0,Thousand Oaks,27.109499875,44.341336250000005,6.8336312875,1010.9041666666667,0.0,0.0
2018-08-05,34.210169,-118.870509,10.1,0.052,53.0,Thousand Oaks,26.4761665,53.847019499999995,6.742601016666666,1010.2624999999999,0.0,1.875
2018-08-06,34.210169,-118.870509,10.0,0.057,53.0,Thousand Oaks,28.11366645833333,44.13846245833333,7.709264766666667,1010.0166666666668,0.0,0.7916666666666666
2018-08-07,34.210169,-118.870509,20.5,0.073,72.0,Thousand Oaks,31.053249625000003,22.113113479166667,9.197012325000001,1008.0166666666668,0.0,2.6666666666666665
2018-08-08,34.210169,-118.870509,11.6,0.054,56.0,Thousand Oaks,29.161583250000003,34.31340933333333,10.795649004166668,1010.5791666666668,0.0,0.5416666666666666
2018-08-09,34.210169,-118.870509,6.2,0.047,34.0,Thousand Oaks,28.41783325,41.53289920833333,6.979833508333333,1012.4583333333334,0.0,0.375
2018-08-10,34.210169,-118.870509,6.0,0.042,33.0,Thousand Oaks,28.503249874999998,42.75309791666667,7.8813442333333334,1014.2958333333332,0.0,6.583333333333333
2018-08-11,34.210169,-118.870509,5.4,0.024,30.0,Thousand Oaks,26.078250333333333,48.27479333333333,8.621769716666668,1015.4416666666666,0.0,3.5416666666666665
2018-08-12,34.210169,-118.870509,6.4,0.033,36.0,Thousand Oaks,24.3740835,61.05063233333333,7.706729108333334,1014.5124999999999,0.0,0.9166666666666666
2018-08-13,34.210169,-118.870509,6.5,0.032,36.0,Thousand Oaks,24.305333625,55.22491933333333,6.483183041666667,1014.3916666666668,0.0,3.0
2018-08-14,34.210169,-118.870509,5.9,0.034,33.0,Thousand Oaks,23.376166833333333,59.94076045833333,7.069829791666667,1012.4416666666666,0.0,7.0
2018-08-15,34.210169,-118.870509,8.0,0.039,44.0,Thousand Oaks,24.094916791666666,57.6354255,6.886091225,1011.8333333333334,0.0,2.4583333333333335
2018-08-16,34.210169,-118.870509,9.6,0.046,52.0,Thousand Oaks,25.057416958333334,67.00427175,6.405968845833333,1014.3291666666668,0.0,1.2916666666666667
2018-08-17,34.210169,-118.870509,12.2,0.042,57.0,Thousand Oaks,25.382416875,69.84836429166667,5.9851562375,1016.7291666666666,0.0,14.291666666666666
2018-08-18,34.210169,-118.870509,13.2,0.046,59.0,Thousand Oaks,24.96783345833333,69.05919633333333,6.623143558333333,1016.6333333333333,0.0,9.083333333333334
2018-08-19,34.210169,-118.870509,11.6,0.051,56.0,Thousand Oaks,24.690750291666664,66.6565995,6.6315521041666665,1013.9583333333334,0.0,3.5416666666666665
2018-08-20,34.210169,-118.870509,19.7,0.048,71.0,Thousand Oaks,24.47408354166667,70.69780829166668,6.141785016666667,1012.0541666666667,0.0,27.125
2018-08-21,34.210169,-118.870509,19.0,0.048,69.0,Thousand Oaks,24.103250208333336,72.58332633333333,6.066055685416667,1013.375,0.0,44.916666666666664
2018-08-22,34.210169,-118.870509,16.8,0.053,65.0,Thousand Oaks,23.490750333333335,71.65427408333333,6.536046595833334,1015.0500000000001,0.0,15.583333333333334
2018-08-23,34.210169,-118.870509,15.4,0.05,63.0,Thousand Oaks,23.20533358333333,61.93551954166667,7.0633675125,1015.5124999999999,0.0,12.625
2018-08-24,34.210169,-118.870509,27.1,0.058,85.0,Thousand Oaks,22.349083500000003,63.34143354166667,7.6973352625,1013.6458333333334,0.0,46.875
2018-08-25,34.210169,-118.870509,28.0,0.057,86.0,Thousand Oaks,21.959500208333335,65.16995966666667,6.3322884791666665,1013.0083333333333,0.0,31.541666666666668
2018-08-26,34.210169,-118.870509,21.7,0.047,74.0,Thousand Oaks,21.867833541666666,68.54412970833333,6.698275836666667,1014.5500000000001,0.0,24.666666666666668
2018-08-27,34.210169,-118.870509,17.6,0.048,67.0,Thousand Oaks,20.642833666666665,73.42622387499999,7.087161829166667,1013.8708333333334,0.0,28.791666666666668
2018-08-28,34.210169,-118.870509,13.1,0.044,58.0,Thousand Oaks,20.33866689583333,74.99860708333334,7.865185978333333,1013.0458333333332,0.0,42.416666666666664
2018-08-29,34.210169,-118.870509,8.2,0.041,46.0,Thousand Oaks,22.70950025,63.554331375000004,6.916371607083334,1013.4499999999999,0.0,62.375
2018-08-30,34.210169,-118.870509,9.2,0.048,51.0,Thousand Oaks,23.17408370833333,54.123533458333334,6.831395429166666,1013.8833333333333,0.0,55.0
2018-08-31,34.210169,-118.870509,12.4,0.049,57.0,Thousand Oaks,23.990750083333335,45.917915916666665,6.597203029166667,1011.6958333333333,0.0,21.625
2018-09-01,34.210169,-118.870509,14.2,0.053,61.0,Thousand Oaks,23.763666791666665,56.637116291666665,6.707111120833333,1008.6208333333334,0.0,12.375
2018-09-02,34.210169,-118.870509,12.4,0.05,57.0,Thousand Oaks,22.117833583333333,72.02450075,6.3644392375,1009.7166666666667,0.0,37.708333333333336
2018-09-03,34.210169,-118.870509,12.5,0.044,57.0,Thousand Oaks,21.751166958333332,72.680952875,6.452367341666666,1011.6416666666668,0.0,37.0
2018-09-04,34.210169,-118.870509,9.0,0.041,50.0,Thousand Oaks,21.030333625,73.94059245833334,5.716360545833333,1011.5291666666667,0.0,10.166666666666666
2018-09-05,34.210169,-118.870509,6.3,0.041,35.0,Thousand Oaks,21.04491679166667,74.12099295833333,5.804068695833333,1013.3166666666666,0.0,22.541666666666668
2018-09-06,34.210169,-118.870509,8.7,0.043,48.0,Thousand Oaks,21.04491691666667,75.06763608333334,5.9964282075,1016.0083333333333,0.0,11.958333333333334
2018-09-07,34.210169,-118.870509,10.1,0.049,53.0,Thousand Oaks,22.705333416666665,69.26360816666666,6.11221955,1014.7416666666667,0.0,8.041666666666666
2018-09-08,34.210169,-118.870509,12.8,0.065,58.0,Thousand Oaks,25.921999791666668,56.758031499999994,6.78039485,1011.8041666666667,0.0,0.375
2018-09-09,34.210169,-118.870509,12.9,0.058,58.0,Thousand Oaks,26.492833041666668,51.623627375000005,6.3161062291666665,1009.2375000000001,0.0,0.0
2018-09-10,34.210169,-118.870509,14.4,0.054,61.0,Thousand Oaks,23.711583583333333,61.75059779166667,6.5473074958333335,1010.3958333333334,0.0,5.333333333333333
2018-09-11,34.210169,-118.870509,13.6,0.056,59.0,Thousand Oaks,21.784500041666664,70.12015875,5.921998283333333,1010.4125,0.0,7.708333333333333
2018-09-12,34.210169,-118.870509,14.3,0.053,61.0,Thousand Oaks,21.263666875000002,69.97748525,6.9467183583333325,1011.2833333333333,0.0,17.625
2018-09-13,34.210169,-118.870509,10.3,0.057,53.0,Thousand Oaks,21.707416750000004,65.39574449999999,6.952854341666666,1011.7208333333333,0.0,4.583333333333333
2018-09-14,34.210169,-118.870509,6.0,0.045,33.0,Thousand Oaks,24.561583249999998,31.261873499999997,7.573984862500001,1010.2833333333333,0.0,0.0
2018-09-15,34.210169,-118.870509,7.5,0.044,42.0,Thousand Oaks,23.42825025,43.08544495833333,6.730607619583334,1009.4250000000001,0.0,4.5
2018-09-16,34.210169,-118.870509,5.4,0.049,30.0,Thousand Oaks,23.455333624999998,34.62216075,6.475458262499999,1010.9666666666667,0.0,0.0
2018-09-17,34.210169,-118.870509,4.3,0.047,24.0,Thousand Oaks,23.044916833333332,37.208447875,6.7726001125,1011.6,0.0,0.0
2018-09-18,34.210169,-118.870509,7.2,0.049,40.0,Thousand Oaks,21.59700020833333,43.534322124999996,6.545659729166666,1010.9833333333332,0.0,0.0
2018-09-19,34.210169,-118.870509,11.3,0.053,55.0,Thousand Oaks,21.155333625,45.35000308333333,8.114657475,1008.8333333333334,0.0,0.0
2018-09-20,34.210169,-118.870509,14.2,0.06,61.0,Thousand Oaks,22.715750208333333,50.31134179166667,6.284314241666666,1008.1291666666666,0.0,0.0
2018-09-21,34.210169,-118.870509,20.0,0.05,71.0,Thousand Oaks,21.988666791666663,74.13242166666667,4.865124353333333,1013.7041666666668,0.0,11.5
2018-09-22,34.210169,-118.870509,9.6,0.052,52.0,Thousand Oaks,23.01783345833333,66.95414695833334,5.680912895833334,1013.8958333333334,0.0,3.2083333333333335
2018-09-23,34.210169,-118.870509,9.2,0.048,51.0,Thousand Oaks,22.265750291666667,50.58578804166667,6.85515705,1011.6583333333333,0.0,4.0
2018-09-24,34.210169,-118.870509,11.5,0.038,55.0,Thousand Oaks,20.353250041666666,67.81068858333333,6.022558420833334,1010.9541666666668,0.0,15.041666666666666
2018-09-25,34.210169,-118.870509,11.8,0.043,56.0,Thousand Oaks,19.172000229166667,77.51459495833333,5.710193540833333,1012.5583333333334,0.0,28.708333333333332
2018-09-26,34.210169,-118.870509,15.3,0.05,63.0,Thousand Oaks,20.705333291666665,72.662488,4.775094504166667,1013.8333333333334,0.0,36.333333333333336
2018-09-27,34.210169,-118.870509,15.2,0.051,62.0,Thousand Oaks,23.39491683333333,63.325684,5.481195370833333,1012.7583333333333,0.0,47.041666666666664
2018-09-28,34.210169,-118.870509,19.5,0.059,70.0,Thousand Oaks,23.259500083333332,64.67625591666666,5.269883233333333,1011.0,0.0,63.5
2018-09-29,34.210169,-118.870509,12.8,0.048,58.0,Thousand Oaks,20.151166791666665,73.58123616666667,5.898556333333333,1012.0166666666668,0.004166666666666667,22.75
2018-09-30,34.210169,-118.870509,9.1,0.045,51.0,Thousand Oaks,21.072000083333332,63.606862,6.848883975,1011.3874999999999,0.0,0.4166666666666667
2018-10-01,34.210169,-118.870509,5.8,0.036,32.0,Thousand Oaks,24.17616679166667,43.207359,7.032665166666667,1010.5208333333334,0.0,6.0
2018-10-02,34.210169,-118.870509,5.9,0.032,33.0,Thousand Oaks,22.472000166666664,49.771374916666666,7.210218174166666,1009.4666666666667,0.004166666666666667,40.5
2018-10-03,34.210169,-118.870509,6.0,0.024,33.0,Thousand Oaks,18.828250208333333,84.91908583333334,5.724314229166667,1013.2333333333332,0.8208333333333333,91.83333333333333
2018-10-04,34.210169,-118.870509,2.5,0.027,14.0,Thousand Oaks,17.85741675,86.61804458333334,6.022508745833334,1014.4208333333332,0.19999999999999998,50.458333333333336
2018-10-05,34.210169,-118.870509,6.3,0.039,35.0,Thousand Oaks,18.505333645833332,84.514846125,7.868326958333333,1014.5083333333333,0.0,16.416666666666668
2018-10-06,34.210169,-118.870509,11.5,0.047,55.0,Thousand Oaks,19.051166875,77.76960358333334,6.672520325000001,1010.225,0.0,44.875
2018-10-07,34.210169,-118.870509,9.4,0.044,52.0,Thousand Oaks,18.6845001875,77.25295233333334,5.8026170575,1007.6999999999999,0.0,16.958333333333332
2018-10-08,34.210169,-118.870509,11.5,0.043,55.0,Thousand Oaks,18.47408360416667,76.17978754166667,7.8310926541666666,1009.4041666666667,0.0,11.0
2018-10-09,34.210169,-118.870509,10.6,0.039,54.0,Thousand Oaks,18.157416854166666,80.69827020833334,6.2450057333333335,1010.1833333333334,0.0,33.125
2018-10-10,34.210169,-118.870509,6.6,0.041,37.0,Thousand Oaks,16.484500291666667,84.722576375,6.181059145833333,1010.3833333333333,0.041666666666666664,69.45833333333333
2018-10-11,34.210169,-118.870509,6.4,0.039,36.0,Thousand Oaks,16.49491670833333,71.055881,6.4179934916666666,1010.5833333333334,0.0,43.125
2018-10-12,34.210169,-118.870509,6.7,0.042,37.0,Thousand Oaks,18.372000083333333,61.30366425,7.623711945833333,1009.3458333333333,0.0,5.375
2018-10-13,34.210169,-118.870509,6.8,0.041,38.0,Thousand Oaks,17.744916749999998,82.39097329166667,6.806301366666666,1010.4583333333334,0.4041666666666666,79.29166666666667
2018-10-14,34.210169,-118.870509,9.0,0.041,50.0,Thousand Oaks,17.536583416666666,84.84038854166667,5.628660829166667,1012.8583333333332,0.008333333333333333,75.41666666666667
2018-10-15,34.210169,-118.870509,4.0,0.047,22.0,Thousand Oaks,18.11991677083333,43.918694875,18.441465025,1016.9791666666666,0.0,13.25
2018-10-16,34.210169,-118.870509,3.6,0.044,20.0,Thousand Oaks,18.7261668125,24.652564604166667,12.317802370833334,1017.4291666666667,0.0,0.0
2018-10-17,34.210169,-118.870509,4.5,0.045,25.0,Thousand Oaks,20.51366691666667,22.191407875,11.472918120833333,1016.9875000000001,0.0,0.0
2018-10-18,34.210169,-118.870509,4.2,0.049,23.0,Thousand Oaks,21.901166875,22.1262763125,13.209618670833335,1017.1583333333333,0.0,0.0
2018-10-19,34.210169,-118.870509,2.7,0.045,15.0,Thousand Oaks,22.938666958333332,19.739095666666667,16.178451008333333,1016.6208333333334,0.0,0.0
2018-10-20,34.210169,-118.870509,3.7,0.051,21.0,Thousand Oaks,24.622000333333332,17.024580208333333,12.456646075,1014.3458333333333,0.0,0.0
2018-10-21,34.210169,-118.870509,9.0,0.051,50.0,Thousand Oaks,22.640750166666667,30.635797791666665,7.849868958333334,1012.3333333333334,0.0,0.625
2018-10-22,34.210169,-118.870509,17.0,0.05,66.0,Thousand Oaks,19.08450010416667,69.93280891666667,6.583329245833333,1011.8625000000001,0.0,6.625
2018-10-23,34.210169,-118.870509,15.7,0.047,63.0,Thousand Oaks,18.761583416666667,72.46775637500001,7.283256712499999,1012.2291666666666,0.0,55.208333333333336
2018-10-24,34.210169,-118.870509,12.0,0.051,56.0,Thousand Oaks,21.45950016666667,35.47946329166667,8.005428058333333,1012.4958333333334,0.0,36.125
2018-10-25,34.210169,-118.870509,16.4,0.06,65.0,Thousand Oaks,20.190750145833334,59.4732095,7.636508154166667,1015.0166666666668,0.0,12.25
2018-10-26,34.210169,-118.870509,11.7,0.066,56.0,Thousand Oaks,21.824083625,38.29771366666667,5.953700925,1015.8166666666666,0.0,2.1666666666666665
2018-10-27,34.210169,-118.870509,10.3,0.066,53.0,Thousand Oaks,23.178250083333335,34.012084333333334,6.3946007125,1015.1416666666668,0.0,0.75
2018-10-28,34.210169,-118.870509,12.5,0.056,57.0,Thousand Oaks,21.38866685416667,43.574557625000004,5.59762183625,1015.2666666666668,0.0,39.75
2018-10-29,34.210169,-118.870509,17.5,0.057,67.0,Thousand Oaks,20.524083520833333,52.513620833333334,7.0993736,1014.9083333333333,0.0,56.541666666666664
2018-10-30,34.210169,-118.870509,15.5,0.05,63.0,Thousand Oaks,19.211583625,44.8912135,6.839309954166667,1012.875,0.0,7.291666666666667
2018-10-31,34.210169,-118.870509,2.6,0.042,14.0,Thousand Oaks,20.515750166666667,20.889943320833336,19.15824891666667,1015.4791666666666,0.0,23.541666666666668
2018-11-01,34.210169,-118.870509,3.4,0.043,19.0,Thousand Oaks,21.974083500000003,13.550032137499999,16.732540979166668,1017.1625,0.0,32.208333333333336
2018-11-02,34.210169,-118.870509,3.1,0.046,17.0,Thousand Oaks,22.928250416666668,24.850815875,10.134942420833333,1017.9208333333332,0.0,43.208333333333336
2018-11-03,34.210169,-118.870509,6.2,0.052,34.0,Thousand Oaks,23.632417,22.55035360416667,11.792431891666666,1014.6208333333334,0.0,32.666666666666664
2018-11-04,34.210169,-118.870509,8.7,0.059,48.0,Thousand Oaks,24.00325008333333,22.443560875,8.714483875,1013.7833333333333,0.0,67.79166666666667
2018-11-05,34.210169,-118.870509,16.1,0.054,64.0,Thousand Oaks,19.224083395833333,56.89013675,6.2224484166666665,1011.4875000000001,0.0,33.875
2018-11-06,34.210169,-118.870509,18.4,0.051,68.0,Thousand Oaks,17.8178335625,78.39394541666667,7.616108104166667,1012.3874999999999,0.0,18.958333333333332
2018-11-07,34.210169,-118.870509,14.5,0.049,61.0,Thousand Oaks,16.436583541666668,78.4920535,5.475461291666666,1014.6958333333333,0.0,7.541666666666667
2018-11-08,34.210169,-118.870509,11.5,0.045,55.0,Thousand Oaks,17.1740833125,68.05277178333334,13.446210375,1014.2833333333333,0.0,21.5
2018-11-09,34.210169,-118.870509,6.5,0.046,36.0,Thousand Oaks,19.3720001875,7.968380095833333,30.433871999999997,1017.4916666666667,0.0,0.0
2018-11-10,34.210169,-118.870509,41.5,0.053,116.0,Thousand Oaks,18.8470003125,9.522545641666666,13.816590458333332,1015.6625,0.0,0.0
2018-11-11,34.210169,-118.870509,28.2,0.043,87.0,Thousand Oaks,16.392833208333332,23.510653008333332,14.804963579166667,1015.5500000000001,0.0,0.0
2018-11-12,34.210169,-118.870509,2.2,0.04,12.0,Thousand Oaks,17.553250145833335,8.7037749625,24.571114875000003,1022.5666666666666,0.0,0.0
2018-11-13,34.210169,-118.870509,1.9,0.041,11.0,Thousand Oaks,17.3449168125,9.953131941666667,25.031316958333335,1027.0416666666667,0.0,46.666666666666664
2018-11-14,34.210169,-118.870509,1.6,0.04,9.0,Thousand Oaks,19.105333416666667,9.602051870833334,22.712433416666666,1024.8333333333333,0.0,52.333333333333336
2018-11-15,34.210169,-118.870509,2.0,0.04,11.0,Thousand Oaks,20.353250291666665,11.327944241666666,15.041745599999999,1019.4416666666666,0.0,33.125
2018-11-16,34.210169,-118.870509,9.0,0.035,50.0,Thousand Oaks,18.209500208333335,20.001516875,7.0283424708333335,1015.9125,0.0,73.125
2018-11-17,34.210169,-118.870509,24.9,0.047,80.0,Thousand Oaks,15.9782501875,51.192349875,6.590206662499999,1016.1125000000001,0.0,54.875
2018-11-18,34.210169,-118.870509,29.0,0.054,88.0,Thousand Oaks,15.630333020833334,65.3660656875,6.3736719375,1017.4916666666667,0.0,60.75
2018-11-19,34.210169,-118.870509,9.2,0.037,51.0,Thousand Oaks,17.840750145833333,24.95346275,12.8221983375,1016.7458333333334,0.0,85.16666666666667
2018-11-20,34.210169,-118.870509,10.9,0.044,54.0,Thousand Oaks,17.076166812500002,19.156748333333333,11.042727729166666,1016.1666666666666,0.0,25.458333333333332
2018-11-21,34.210169,-118.870509,18.5,0.042,69.0,Thousand Oaks,14.782416708333335,79.35839504166667,7.6526142041666665,1018.65,0.0,39.208333333333336
2018-11-22,34.210169,-118.870509,5.3,0.037,29.0,Thousand Oaks,15.178249958333334,84.15473120833333,8.830785287500001,1019.6875,0.4375,81.625
2018-11-23,34.210169,-118.870509,4.3,0.035,24.0,Thousand Oaks,13.474083583333332,74.45562195833334,6.782294127916667,1021.2916666666666,0.0,33.041666666666664
2018-11-24,34.210169,-118.870509,3.9,0.034,22.0,Thousand Oaks,15.361583625,75.89697041666666,4.851814678333334,1014.8291666666668,0.0,18.5
2018-11-25,34.210169,-118.870509,6.7,0.039,37.0,Thousand Oaks,16.036583520833332,65.91706695833334,12.015797733333335,1014.2624999999999,0.0,29.375
2018-11-26,34.210169,-118.870509,1.2,0.039,7.0,Thousand Oaks,17.401166687499998,23.741302541666666,19.47443977083333,1019.1333333333333,0.0,0.0
2018-11-27,34.210169,-118.870509,5.0,0.038,28.0,Thousand Oaks,17.8115835625,19.814949083333335,11.33937675,1018.4375,0.0,72.58333333333333
2018-11-28,34.210169,-118.870509,10.7,0.037,54.0,Thousand Oaks,14.769916791666667,67.69248966666667,7.054968333333334,1014.3541666666666,0.0,57.916666666666664
2018-11-29,34.210169,-118.870509,4.3,0.039,24.0,Thousand Oaks,13.728250083333334,92.39389641666666,14.076528575,1010.0958333333333,1.2208333333333334,87.375
2018-11-30,34.210169,-118.870509,5.4,0.035,30.0,Thousand Oaks,11.9803335,88.79295395833333,11.122649175,1010.4166666666666,0.2625,50.666666666666664
2018-12-01,34.210169,-118.870509,4.7,0.038,26.0,Thousand Oaks,11.422000020833332,66.82792466666668,7.3618651195833325,1015.125,0.0,9.416666666666666
2018-12-02,34.210169,-118.870509,5.6,0.039,31.0,Thousand Oaks,10.484500166666667,71.393703125,8.765803933333332,1015.3166666666666,0.0,22.125
2018-12-03,34.210169,-118.870509,5.5,0.036,31.0,Thousand Oaks,10.963666854166666,51.83466016666667,10.915759220833332,1019.8416666666667,0.0,34.25
2018-12-04,34.210169,-118.870509,2.4,0.036,13.0,Thousand Oaks,12.172000291666665,34.734891166666664,18.649725279166667,1018.4916666666667,0.0,54.0
2018-12-05,34.210169,-118.870509,3.3,0.034,18.0,Thousand Oaks,11.019916708333334,46.87161220833334,15.861862333333333,1014.0958333333333,0.14166666666666666,78.25
2018-12-06,34.210169,-118.870509,2.2,0.032,12.0,Thousand Oaks,8.1386666875,85.62384820833334,22.932651083333337,1012.25,1.8416666666666668,97.75
2018-12-07,34.210169,-118.870509,0.8,0.035,4.0,Thousand Oaks,12.128250145833334,67.378487875,21.385605416666667,1016.5208333333334,0.0375,29.625
2018-12-08,34.210169,-118.870509,6.4,0.036,36.0,Thousand Oaks,13.580333645833333,63.20995837500001,10.02968585,1022.9208333333332,0.0,1.8333333333333333
2018-12-09,34.210169,-118.870509,2.1,0.035,12.0,Thousand Oaks,14.157416916666667,61.22946875,12.917090591666666,1024.5833333333333,0.0,85.70833333333333
2018-12-10,34.210169,-118.870509,3.8,0.031,21.0,Thousand Oaks,14.388666583333332,57.049933708333334,12.984325562499999,1020.3083333333334,0.008333333333333333,98.45833333333333
2018-12-11,34.210169,-118.870509,3.3,0.035,18.0,Thousand Oaks,14.717833270833333,51.97523508333333,15.7086549125,1016.7333333333332,0.0,30.5
2018-12-12,34.210169,-118.870509,12.7,0.026,58.0,Thousand Oaks,13.3824165625,51.602610166666665,8.547325070833333,1018.0083333333333,0.0,26.791666666666668
2018-12-13,34.210169,-118.870509,4.6,0.038,26.0,Thousand Oaks,14.611583229166667,43.71877329166667,13.948814428333334,1022.2541666666666,0.0,0.8333333333333334
2018-12-14,34.210169,-118.870509,6.4,0.025,36.0,Thousand Oaks,14.778250041666666,25.947594624999997,17.268617791666667,1022.1291666666666,0.0,84.25
2018-12-15,34.210169,-118.870509,10.8,0.033,54.0,Thousand Oaks,13.644916708333334,29.763943125,10.1754846375,1019.1,0.0,29.708333333333332
2018-12-16,34.210169,-118.870509,11.0,0.033,55.0,Thousand Oaks,14.763666791666665,34.641556333333334,9.8269280625,1019.2083333333334,0.0,14.875
2018-12-17,34.210169,-118.870509,5.8,0.028,32.0,Thousand Oaks,13.0490835625,81.30703983333333,3.63020254375,1021.0416666666666,0.1375,82.625
2018-12-18,34.210169,-118.870509,5.7,0.031,32.0,Thousand Oaks,13.297000187499998,72.83050479166667,7.862368120833334,1022.3333333333334,0.0,67.45833333333333
2018-12-19,34.210169,-118.870509,8.4,0.028,47.0,Thousand Oaks,15.976166791666666,48.51349008333333,13.004596166666666,1020.9875000000001,0.0,34.875
2018-12-20,34.210169,-118.870509,7.8,0.032,43.0,Thousand Oaks,17.822000354166665,35.031707125000004,9.644162641666666,1019.3625000000001,0.0,38.041666666666664
2018-12-21,34.210169,-118.870509,12.7,0.028,58.0,Thousand Oaks,16.2865835625,42.2858075,5.30846585,1016.1041666666666,0.0,80.0
2018-12-22,34.210169,-118.870509,20.0,0.027,71.0,Thousand Oaks,14.969916750000001,59.01223879166667,6.298985770833333,1015.9250000000001,0.0,42.5
2018-12-23,34.210169,-118.870509,20.7,0.034,73.0,Thousand Oaks,14.401166791666666,54.76712929166666,6.4054929708333335,1019.2125,0.0,43.541666666666664
2018-12-24,34.210169,-118.870509,7.0,0.036,39.0,Thousand Oaks,13.842833645833332,54.98617879166667,6.3949764374999996,1017.7333333333332,0.0,35.375
2018-12-25,34.210169,-118.870509,4.9,0.038,27.0,Thousand Oaks,12.934499979166667,79.45389366666667,7.562784154166667,1010.8625000000001,0.008333333333333333,44.333333333333336
2018-12-26,34.210169,-118.870509,4.7,0.034,26.0,Thousand Oaks,12.3740835,48.37903658333334,11.086569141666667,1013.8125,0.0,19.458333333333332
2018-12-27,34.210169,-118.870509,5.7,0.035,32.0,Thousand Oaks,11.234500062499999,43.50064095833333,7.030103266666667,1014.65,0.0,13.416666666666666
2018-12-28,34.210169,-118.870509,5.6,0.038,31.0,Thousand Oaks,9.5615834375,40.24080620833333,15.682313004166666,1017.2083333333334,0.0,5.458333333333333
2018-12-29,34.210169,-118.870509,3.7,0.04,21.0,Thousand Oaks,9.615749979166667,24.187798291666667,13.5296964375,1024.9166666666667,0.0,0.20833333333333334
2018-12-30,34.210169,-118.870509,7.7,0.035,43.0,Thousand Oaks,11.684499979166667,26.062639625,9.615829245833334,1020.3000000000001,0.0,5.75
2018-12-31,34.210169,-118.870509,7.7,0.035,43.0,Thousand Oaks,11.684499979166667,26.062639625,9.615829245833334,1020.3000000000001,0.0,5.75
2019-01-01,34.210169,-118.870509,3.0,0.038,17.0,Thousand Oaks,9.153250083333333,17.010225333333334,21.4670715,1017.5375,0.0,2.75
2019-01-02,34.210169,-118.870509,1.1,0.039,6.0,Thousand Oaks,9.682416625,18.256722333333332,15.338421329166666,1022.2375000000001,0.0,2.625
2019-01-03,34.210169,-118.870509,5.8,0.035,32.0,Thousand Oaks,11.763666729166665,17.851743208333335,15.957701895833333,1022.8916666666668,0.0,7.625
2019-01-04,34.210169,-118.870509,8.2,0.031,46.0,Thousand Oaks,12.509500000000001,22.74523822916667,13.510980958333333,1017.9,0.0,0.0
2019-01-05,34.210169,-118.870509,15.3,0.032,63.0,Thousand Oaks,10.978249979166668,57.572288333333326,7.720062283333333,1014.6625,0.020833333333333332,83.83333333333333
2019-01-06,34.210169,-118.870509,5.6,0.039,31.0,Thousand Oaks,9.780333395833333,87.430892625,9.063572824166666,1016.6666666666666,0.45,62.416666666666664
2019-01-07,34.210169,-118.870509,6.0,0.031,33.0,Thousand Oaks,11.2782501875,89.56702379166667,12.980838420833335,1022.5166666666668,0.5,92.29166666666667
2019-01-08,34.210169,-118.870509,7.3,0.033,41.0,Thousand Oaks,13.284500020833333,73.07914699999999,12.400547833333333,1020.8083333333334,0.0,88.25
2019-01-09,34.210169,-118.870509,10.4,0.032,53.0,Thousand Oaks,12.709500041666667,78.06439025,5.7412794583333335,1019.9041666666667,0.0,53.625
2019-01-10,34.210169,-118.870509,5.7,0.033,32.0,Thousand Oaks,12.138666687499999,78.61031874999999,6.096523483333333,1019.9625,0.07083333333333333,35.25
2019-01-11,34.210169,-118.870509,24.5,0.032,80.0,Thousand Oaks,11.749083375,88.64885429166667,8.634804408333332,1018.7958333333332,0.0,84.41666666666667
2019-01-12,34.210169,-118.870509,4.0,0.034,22.0,Thousand Oaks,11.15950025,86.78202916666667,11.128374079166667,1015.7958333333332,1.0625,78.45833333333333
2019-01-13,34.210169,-118.870509,7.5,0.032,42.0,Thousand Oaks,9.788666874999999,76.43354404166666,11.331585145833335,1017.9833333333332,0.012500000000000002,51.083333333333336
2019-01-14,34.210169,-118.870509,8.0,0.034,44.0,Thousand Oaks,10.1845000625,78.02207583333333,14.873203791666667,1016.3249999999999,0.9625,78.25
2019-01-15,34.210169,-118.870509,5.7,0.038,32.0,Thousand Oaks,8.884499895833333,91.167467,13.168009854166668,1016.4416666666666,0.23333333333333336,89.75
2019-01-16,34.210169,-118.870509,4.1,0.031,23.0,Thousand Oaks,11.647000208333333,92.93560858333332,15.405399687500001,1019.1041666666666,0.32083333333333336,83.79166666666667
2019-01-17,34.210169,-118.870509,3.5,0.033,19.0,Thousand Oaks,14.030333270833333,97.63548583333333,15.256675833333333,1020.0791666666668,1.4666666666666668,100.0
2019-01-18,34.210169,-118.870509,10.4,0.033,53.0,Thousand Oaks,12.982416854166667,89.84919416666666,7.416676395833334,1022.9499999999999,0.008333333333333333,74.04166666666667
2019-01-19,34.210169,-118.870509,2.1,0.039,12.0,Thousand Oaks,15.163666749999999,66.721727875,14.870244258333335,1024.6041666666667,0.0,8.208333333333334
2019-01-20,34.210169,-118.870509,2.6,0.036,14.0,Thousand Oaks,15.0761668125,61.443672625,11.093168775,1019.8208333333333,0.0,84.75
2019-01-21,34.210169,-118.870509,2.9,0.041,16.0,Thousand Oaks,11.630333208333333,75.37955904166667,13.133068979166666,1017.4208333333332,0.0,21.833333333333332
2019-01-22,34.210169,-118.870509,1.7,0.04,9.0,Thousand Oaks,10.2740835,53.903213625,17.291513316666666,1022.2958333333332,0.0,13.083333333333334
2019-01-23,34.210169,-118.870509,1.8,0.039,10.0,Thousand Oaks,11.859500145833332,40.565427125,11.564541175,1026.8875,0.0,0.125
2019-01-24,34.210169,-118.870509,1.5,0.041,8.0,Thousand Oaks,14.015750229166665,43.331263666666665,17.384744025,1020.7666666666668,0.0,37.125
2019-01-25,34.210169,-118.870509,1.5,0.041,8.0,Thousand Oaks,14.015750229166665,43.331263666666665,17.384744025,1020.7666666666668,0.0,37.125
2019-01-26,34.210169,-118.870509,1.5,0.041,8.0,Thousand Oaks,14.015750229166665,43.331263666666665,17.384744025,1020.7666666666668,0.0,37.125
2019-01-27,34.210169,-118.870509,1.5,0.041,8.0,Thousand Oaks,14.015750229166665,43.331263666666665,17.384744025,1020.7666666666668,0.0,37.125
2019-01-28,34.210169,-118.870509,1.5,0.041,8.0,Thousand Oaks,14.015750229166665,43.331263666666665,17.384744025,1020.7666666666668,0.0,37.125
2019-01-29,34.210169,-118.870509,1.5,0.041,8.0,Thousand Oaks,14.015750229166665,43.331263666666665,17.384744025,1020.7666666666668,0.0,37.125
2019-01-30,34.210169,-118.870509,12.6,0.039,58.0,Thousand Oaks,14.7282500625,68.53881058333333,6.108016691666666,1012.3458333333333,0.0,52.125
2019-01-31,34.210169,-118.870509,10.1,0.037,53.0,Thousand Oaks,12.65325025,92.6837125,10.4747021625,1013.2791666666667,0.7041666666666667,81.33333333333333
2019-02-01,34.210169,-118.870509,3.5,0.038,19.0,Thousand Oaks,10.565750083333333,86.56183770833333,9.602580545833334,1014.9708333333333,0.0625,57.541666666666664
2019-02-02,34.210169,-118.870509,3.0,0.041,17.0,Thousand Oaks,11.5845001875,94.31853291666665,18.930038541666665,1010.9958333333334,1.7166666666666668,97.08333333333333
2019-02-03,34.210169,-118.870509,3.8,0.038,21.0,Thousand Oaks,10.605333479166665,93.45727816666665,12.446509308333333,1010.8333333333334,0.2833333333333334,80.375
2019-02-04,34.210169,-118.870509,2.1,0.04,12.0,Thousand Oaks,10.536583520833334,93.67793191666668,12.011591066666668,1010.7708333333334,0.425,84.0
2019-02-05,34.210169,-118.870509,2.1,0.04,12.0,Thousand Oaks,10.536583520833334,93.67793191666668,12.011591066666668,1010.7708333333334,0.425,84.0
2019-02-06,34.210169,-118.870509,2.3,0.04,13.0,Thousand Oaks,5.813666658333333,66.461344,8.083340332083333,1017.5708333333333,0.0,0.9166666666666666
2019-02-07,34.210169,-118.870509,3.5,0.042,19.0,Thousand Oaks,7.2615832625,54.54975495833333,12.404490366666666,1023.4166666666666,0.0,8.083333333333334
2019-02-08,34.210169,-118.870509,7.5,0.043,42.0,Thousand Oaks,8.417833354166666,56.96683816666667,8.797193354166668,1021.3000000000001,0.0,3.6666666666666665
2019-02-09,34.210169,-118.870509,6.0,0.042,33.0,Thousand Oaks,8.4928335,79.35926095833334,8.8161401625,1016.7875,0.24583333333333335,42.625
2019-02-10,34.210169,-118.870509,3.5,0.042,19.0,Thousand Oaks,8.882416604166666,86.108413375,8.985397320833334,1016.8333333333334,0.075,53.25
2019-02-11,34.210169,-118.870509,3.7,0.042,21.0,Thousand Oaks,6.738666641666666,64.69917916666667,10.554750925,1019.9208333333332,0.0,6.708333333333333
2019-02-12,34.210169,-118.870509,5.8,0.037,32.0,Thousand Oaks,8.85741675,55.89690554166666,13.663461479166665,1020.4166666666666,0.0,60.75
2019-02-13,34.210169,-118.870509,4.4,0.037,24.0,Thousand Oaks,10.322000083333334,61.63593816666667,10.0935770625,1015.15,0.37916666666666665,99.95833333333333
2019-02-14,34.210169,-118.870509,2.9,0.041,16.0,Thousand Oaks,11.509499791666665,94.300178,21.405955583333334,1010.2833333333333,0.8791666666666668,99.58333333333333
2019-02-15,34.210169,-118.870509,2.7,0.042,15.0,Thousand Oaks,9.624083208333333,91.26433416666667,10.7711316125,1016.3125,0.12916666666666668,95.95833333333333
2019-02-16,34.210169,-118.870509,2.6,0.04,14.0,Thousand Oaks,8.249083320833334,82.29547904166667,11.624679133333332,1019.5416666666666,0.07083333333333333,31.833333333333332
2019-02-17,34.210169,-118.870509,2.2,0.042,12.0,Thousand Oaks,7.738666666666667,78.78150854166667,12.829751583333334,1018.4125,0.020833333333333332,18.208333333333332
2019-02-18,34.210169,-118.870509,2.4,0.042,13.0,Thousand Oaks,6.5136666708333335,65.94641525,11.904223641666666,1016.8125,0.008333333333333333,7.791666666666667
2019-02-19,34.210169,-118.870509,4.4,0.043,24.0,Thousand Oaks,6.640749962499999,55.35830070833333,13.303625120833333,1020.0708333333333,0.004166666666666667,0.9166666666666666
2019-02-20,34.210169,-118.870509,4.2,0.04,23.0,Thousand Oaks,6.8345000375,68.40414270833334,8.4692616125,1016.8083333333334,0.008333333333333333,32.5
2019-02-21,34.210169,-118.870509,5.3,0.037,29.0,Thousand Oaks,6.801166716666667,79.39944833333332,6.353030958333334,1005.0791666666668,0.05833333333333334,45.166666666666664
2019-02-22,34.210169,-118.870509,5.1,0.041,28.0,Thousand Oaks,6.340749945833333,62.168374208333326,8.257816391666667,1011.7208333333333,0.0,9.666666666666666
2019-02-23,34.210169,-118.870509,6.1,0.045,34.0,Thousand Oaks,8.192833458333334,58.893149375,8.688404075,1023.3916666666668,0.0,11.666666666666666
2019-02-24,34.210169,-118.870509,5.8,0.047,32.0,Thousand Oaks,9.786583354166666,63.60032533333333,7.8019214833333335,1023.35,0.0,55.791666666666664
2019-02-25,34.210169,-118.870509,8.0,0.044,44.0,Thousand Oaks,11.503250125,61.3850275,6.210880608333333,1017.9250000000001,0.0,59.083333333333336
2019-02-26,34.210169,-118.870509,9.5,0.04,52.0,Thousand Oaks,11.142833395833334,79.332007125,4.6836631833333335,1018.3208333333333,0.0,64.66666666666667
2019-02-27,34.210169,-118.870509,6.0,0.037,33.0,Thousand Oaks,11.399083020833332,83.90688,4.86152305,1019.9416666666666,0.020833333333333332,65.58333333333333
2019-02-28,34.210169,-118.870509,1.7,0.033,9.0,Thousand Oaks,13.526166645833333,87.42984945833332,6.102950270833333,1019.9708333333333,0.22083333333333333,91.91666666666667
2019-03-01,34.210169,-118.870509,4.7,0.034,26.0,Thousand Oaks,12.8720000625,89.7888815,6.448993766666667,1018.9458333333333,0.0,98.33333333333333
2019-03-02,34.210169,-118.870509,3.2,0.033,18.0,Thousand Oaks,12.6740833125,94.8201265,9.8147182325,1016.0875,0.9416666666666668,98.29166666666667
2019-03-03,34.210169,-118.870509,1.8,0.035,10.0,Thousand Oaks,12.663666749999999,92.14435108333333,10.744842204166666,1018.2041666666668,0.14583333333333334,90.66666666666667
2019-03-04,34.210169,-118.870509,2.5,0.035,14.0,Thousand Oaks,12.013666874999998,87.33427179166667,7.579453466666667,1018.3541666666666,0.0,72.16666666666667
2019-03-05,34.210169,-118.870509,6.9,0.035,38.0,Thousand Oaks,12.3886669375,83.83903049999999,5.798820008333333,1016.7083333333334,0.14166666666666666,82.375
2019-03-06,34.210169,-118.870509,5.2,0.038,29.0,Thousand Oaks,12.51991675,85.40189566666668,14.784024983333333,1013.7875,1.6875,92.375
2019-03-07,34.210169,-118.870509,2.5,0.042,14.0,Thousand Oaks,11.322000125,88.508882375,8.5434684,1016.8291666666668,0.04583333333333334,91.875
2019-03-08,34.210169,-118.870509,3.5,0.044,19.0,Thousand Oaks,9.624083416666666,78.28778504166667,13.332779133333332,1016.25,0.0,16.833333333333332
2019-03-09,34.210169,-118.870509,4.5,0.041,25.0,Thousand Oaks,9.0532500625,68.71630875,7.7179554999999995,1016.6333333333333,0.0,20.416666666666668
2019-03-10,34.210169,-118.870509,4.5,0.044,25.0,Thousand Oaks,9.06366675,77.915060375,6.669879300000001,1014.5791666666668,0.016666666666666666,86.70833333333333
2019-03-11,34.210169,-118.870509,3.2,0.043,18.0,Thousand Oaks,10.699083291666668,67.89219445833334,10.296016253333333,1013.9499999999999,0.004166666666666667,92.875
2019-03-12,34.210169,-118.870509,7.4,0.041,41.0,Thousand Oaks,12.974083416666666,64.40993225,6.59590445,1009.3416666666667,0.024999999999999998,62.416666666666664
2019-03-13,34.210169,-118.870509,4.5,0.048,25.0,Thousand Oaks,11.413666583333333,72.00612691666667,8.804110316666668,1012.65,0.0,4.75
2019-03-14,34.210169,-118.870509,1.1,0.048,6.0,Thousand Oaks,11.9803335625,40.665145708333334,18.989134008333334,1020.9666666666667,0.0,0.0
2019-03-15,34.210169,-118.870509,1.9,0.047,11.0,Thousand Oaks,13.5303335,34.512498,17.449573625,1021.4208333333332,0.0,27.375
2019-03-16,34.210169,-118.870509,3.2,0.051,18.0,Thousand Oaks,15.05950025,39.751897666666665,14.334123583333332,1018.0208333333334,0.0,0.0
2019-03-17,34.210169,-118.870509,4.2,0.055,23.0,Thousand Oaks,17.886583583333334,39.092619875000004,10.821762179166667,1016.5041666666666,0.0,0.0
2019-03-18,34.210169,-118.870509,8.4,0.067,47.0,Thousand Oaks,19.015750125,45.73352820833333,7.958638566666667,1014.7375000000001,0.0,0.041666666666666664
2019-03-19,34.210169,-118.870509,12.0,0.052,56.0,Thousand Oaks,16.476166979166667,61.535025875,7.6601738625,1014.0333333333333,0.0,60.5
2019-03-20,34.210169,-118.870509,4.6,0.049,26.0,Thousand Oaks,12.8886668125,82.3957665,9.402780833333333,1016.0124999999999,0.17916666666666667,54.916666666666664
2019-03-21,34.210169,-118.870509,2.4,0.048,13.0,Thousand Oaks,10.834499958333332,84.03183429166667,8.362142775,1018.8708333333334,0.17916666666666667,46.0
2019-03-22,34.210169,-118.870509,3.5,0.045,19.0,Thousand Oaks,11.915750270833334,81.19900137500001,7.387724791666667,1020.9,0.008333333333333333,78.25
2019-03-23,34.210169,-118.870509,5.2,0.039,29.0,Thousand Oaks,12.286583499999999,81.61412175,8.888880733333332,1020.7916666666666,0.029166666666666664,62.833333333333336
2019-03-24,34.210169,-118.870509,7.8,0.049,43.0,Thousand Oaks,13.130333145833333,77.178645,6.840229937499999,1020.9916666666667,0.03333333333333333,37.041666666666664
2019-03-25,34.210169,-118.870509,8.0,0.051,44.0,Thousand Oaks,13.992833333333332,74.69393633333333,6.871350795833333,1020.4041666666667,0.0,5.041666666666667
2019-03-26,34.210169,-118.870509,7.8,0.048,43.0,Thousand Oaks,14.351166770833332,64.32622758333333,5.5307397875,1016.9416666666666,0.0,71.83333333333333
2019-03-27,34.210169,-118.870509,3.7,0.031,21.0,Thousand Oaks,14.026166625,85.55072308333332,7.941697587499999,1017.0291666666667,0.075,78.75
2019-03-28,34.210169,-118.870509,3.9,0.043,22.0,Thousand Oaks,13.849083458333332,83.33570441666667,11.622954145833333,1021.0916666666667,0.0,74.41666666666667
2019-03-29,34.210169,-118.870509,5.7,0.047,32.0,Thousand Oaks,13.894916770833333,60.65832183333333,9.872555029166667,1021.9041666666667,0.0,15.958333333333334
2019-03-30,34.210169,-118.870509,5.6,0.051,31.0,Thousand Oaks,16.921999958333334,42.002152,15.805264370833333,1018.5,0.0,41.041666666666664
2019-03-31,34.210169,-118.870509,4.6,0.057,26.0,Thousand Oaks,19.70741675,31.21660279166667,13.693869745833332,1016.7333333333332,0.0,4.375
2019-04-01,34.210169,-118.870509,5.5,0.06,31.0,Thousand Oaks,20.815750166666668,29.428709291666667,10.1748139375,1014.6333333333333,0.0,95.0
2019-04-02,34.210169,-118.870509,7.2,0.051,40.0,Thousand Oaks,17.4553335,48.813981291666664,8.629569775,1012.7375000000001,0.0,36.291666666666664
2019-04-03,34.210169,-118.870509,2.0,0.036,11.0,Thousand Oaks,14.607416895833333,75.38964858333334,9.101425712500001,1015.7375000000001,0.0,79.375
2019-04-04,34.210169,-118.870509,2.8,0.036,16.0,Thousand Oaks,14.234500166666665,75.06021708333334,7.411737475,1018.1708333333332,0.0375,96.125
2019-04-05,34.210169,-118.870509,2.0,0.037,11.0,Thousand Oaks,12.884500104166667,79.90626116666667,7.5961358625,1016.7083333333334,0.05416666666666667,78.5
2019-04-06,34.210169,-118.870509,4.2,0.04,23.0,Thousand Oaks,14.630333666666667,76.55627525,8.604444141666667,1017.8541666666666,0.004166666666666667,64.08333333333333
2019-04-07,34.210169,-118.870509,5.7,0.045,32.0,Thousand Oaks,17.526166520833332,67.08803579166667,8.316805587500001,1020.0916666666667,0.0,66.625
2019-04-08,34.210169,-118.870509,5.7,0.042,32.0,Thousand Oaks,23.786583458333336,36.14865158333333,10.1661036125,1018.025,0.0,97.45833333333333
2019-04-09,34.210169,-118.870509,5.8,0.049,32.0,Thousand Oaks,21.274083416666667,50.469025375,9.642128195833333,1015.2833333333333,0.0,52.458333333333336
2019-04-10,34.210169,-118.870509,4.0,0.05,22.0,Thousand Oaks,16.828250125,34.457941166666664,9.438552908333333,1017.6,0.0,0.08333333333333333
2019-04-11,34.210169,-118.870509,6.2,0.048,34.0,Thousand Oaks,18.057416791666665,30.447152083333332,8.596237083333333,1016.5291666666667,0.0,31.958333333333332
2019-04-12,34.210169,-118.870509,6.1,0.045,34.0,Thousand Oaks,17.11991683333333,40.086756125,8.319187066666666,1009.1666666666666,0.0,11.791666666666666
2019-04-13,34.210169,-118.870509,6.1,0.056,34.0,Thousand Oaks,18.699083520833334,36.527498208333334,10.326926329166666,1012.2208333333333,0.0,23.708333333333332
2019-04-14,34.210169,-118.870509,5.8,0.06,32.0,Thousand Oaks,17.6740835,44.698033708333334,7.476771575,1014.5666666666666,0.0,66.54166666666667
2019-04-15,34.210169,-118.870509,6.2,0.045,34.0,Thousand Oaks,15.832416645833334,54.33315941666666,7.592879220833333,1011.4416666666666,0.0,67.625
2019-04-16,34.210169,-118.870509,7.0,0.039,39.0,Thousand Oaks,14.072000291666667,71.95045645833333,9.685648216666666,1013.5541666666667,0.04583333333333334,69.41666666666667
2019-04-17,34.210169,-118.870509,4.7,0.051,26.0,Thousand Oaks,16.203250145833334,63.65437483333333,9.174799279166667,1018.35,0.024999999999999998,6.208333333333333
2019-04-18,34.210169,-118.870509,7.6,0.063,42.0,Thousand Oaks,19.605333645833333,47.809707583333335,8.355261516666667,1018.7166666666667,0.0,66.95833333333333
2019-04-19,34.210169,-118.870509,11.0,0.051,55.0,Thousand Oaks,20.276166854166664,46.42741554166667,7.204360529166666,1015.0208333333334,0.0,41.791666666666664
2019-04-20,34.210169,-118.870509,6.2,0.044,34.0,Thousand Oaks,14.784499979166666,71.77797891666667,6.6892500408333335,1013.8916666666668,0.0,69.66666666666667
2019-04-21,34.210169,-118.870509,5.7,0.044,32.0,Thousand Oaks,14.057416875,73.5324705,7.589953445833333,1015.5458333333332,0.004166666666666667,51.916666666666664
2019-04-22,34.210169,-118.870509,9.7,0.045,52.0,Thousand Oaks,16.0011668125,63.951291625,9.438174065416666,1015.3833333333333,0.0,1.0833333333333333
2019-04-23,34.210169,-118.870509,8.7,0.051,48.0,Thousand Oaks,21.886583333333334,37.571851458333335,11.178626945833335,1013.8166666666666,0.0,4.5
2019-04-24,34.210169,-118.870509,14.4,0.054,61.0,Thousand Oaks,20.978250145833332,54.738521375,8.011989879166666,1013.9958333333334,0.0,5.708333333333333
2019-04-25,34.210169,-118.870509,10.4,0.048,53.0,Thousand Oaks,20.142833562499998,59.026192875,5.9057848,1014.2666666666668,0.0,7.083333333333333
2019-04-26,34.210169,-118.870509,9.7,0.046,52.0,Thousand Oaks,18.636583333333334,66.84427316666667,6.039616566666666,1014.8249999999999,0.0,11.958333333333334
2019-04-27,34.210169,-118.870509,9.1,0.043,51.0,Thousand Oaks,16.0074166875,77.126569125,6.204923179166666,1015.3541666666666,0.0,58.75
2019-04-28,34.210169,-118.870509,8.5,0.043,47.0,Thousand Oaks,15.674083395833334,75.586054125,6.939033433333333,1012.5500000000001,0.0,51.791666666666664
2019-04-29,34.210169,-118.870509,4.9,0.036,27.0,Thousand Oaks,15.563666895833334,75.60661891666668,7.207859820833334,1009.9625,0.14166666666666666,77.5
2019-04-30,34.210169,-118.870509,5.3,0.044,29.0,Thousand Oaks,14.072000208333334,77.43786183333333,8.385171808333334,1013.6708333333332,0.0,74.41666666666667
2019-05-01,34.210169,-118.870509,6.7,0.045,37.0,Thousand Oaks,14.538666770833332,65.94948704166667,6.881367640416666,1015.65,0.0,38.666666666666664
2019-05-02,34.210169,-118.870509,9.9,0.047,52.0,Thousand Oaks,15.892833541666667,70.98188508333334,7.960549183333334,1015.4166666666666,0.0,60.625
2019-05-03,34.210169,-118.870509,13.4,0.055,59.0,Thousand Oaks,17.8428334375,64.04013245833333,7.693541208333333,1013.8708333333334,0.0,17.416666666666668
2019-05-04,34.210169,-118.870509,12.3,0.051,57.0,Thousand Oaks,17.292833416666667,67.90394466666667,6.700205704166667,1012.6458333333334,0.0,18.791666666666668
2019-05-05,34.210169,-118.870509,8.8,0.048,49.0,Thousand Oaks,15.274083437500002,73.54081537500001,7.631073193750001,1011.3916666666668,0.0,44.041666666666664
2019-05-06,34.210169,-118.870509,4.1,0.039,23.0,Thousand Oaks,14.174083458333333,68.764922875,7.282588166666667,1012.2083333333334,0.04583333333333334,68.33333333333333
2019-05-07,34.210169,-118.870509,2.2,0.039,12.0,Thousand Oaks,14.85325025,76.24606629166666,9.363981016666667,1015.8083333333334,0.0,45.458333333333336
2019-05-08,34.210169,-118.870509,3.5,0.038,19.0,Thousand Oaks,15.288666708333333,75.79244691666666,7.037868358333333,1016.3666666666667,0.0,47.0
2019-05-09,34.210169,-118.870509,4.2,0.037,23.0,Thousand Oaks,15.234499979166666,75.37479216666667,6.108268929166667,1011.4541666666668,0.008333333333333333,73.125
2019-05-10,34.210169,-118.870509,5.8,0.033,32.0,Thousand Oaks,15.0595001875,77.91607004166667,5.8722443125,1009.3625000000001,0.09583333333333334,83.54166666666667
2019-05-11,34.210169,-118.870509,5.9,0.045,33.0,Thousand Oaks,16.422000270833333,81.61469666666666,5.640180141666666,1012.775,0.0625,51.458333333333336
2019-05-12,34.210169,-118.870509,9.2,0.052,51.0,Thousand Oaks,18.2115835,75.054288,9.351890675,1012.9166666666666,0.0,9.0
2019-05-13,34.210169,-118.870509,10.7,0.045,54.0,Thousand Oaks,18.384500083333332,74.690782625,7.87390455,1014.9583333333334,0.0,44.208333333333336
2019-05-14,34.210169,-118.870509,9.1,0.05,51.0,Thousand Oaks,17.961583645833333,74.507875625,6.970464795833333,1015.6374999999999,0.0,38.25
2019-05-15,34.210169,-118.870509,7.7,0.041,43.0,Thousand Oaks,17.519916916666666,72.39449979166666,8.807823358333334,1013.7875,0.0,86.0
2019-05-16,34.210169,-118.870509,4.0,0.046,22.0,Thousand Oaks,15.255333520833332,76.73742800000001,15.437613670833334,1012.2875,0.3333333333333333,70.08333333333333
2019-05-17,34.210169,-118.870509,5.6,0.046,31.0,Thousand Oaks,14.415750041666668,67.51261275,9.029096282500001,1014.9458333333333,0.0,22.666666666666668
2019-05-18,34.210169,-118.870509,7.0,0.05,39.0,Thousand Oaks,15.774083333333332,61.000408666666665,7.863653516666667,1014.2708333333334,0.0,44.833333333333336
2019-05-19,34.210169,-118.870509,2.9,0.047,16.0,Thousand Oaks,13.076166729166665,82.7653615,10.839516829166667,1012.3583333333332,0.45416666666666666,85.20833333333333
2019-05-20,34.210169,-118.870509,3.8,0.047,21.0,Thousand Oaks,13.234500104166665,76.145353,12.155399491666666,1011.8249999999999,0.016666666666666666,30.25
2019-05-21,34.210169,-118.870509,4.8,0.042,27.0,Thousand Oaks,14.449083458333334,76.00237583333333,13.498699466666666,1012.4416666666666,0.004166666666666667,48.916666666666664
2019-05-22,34.210169,-118.870509,4.6,0.04,26.0,Thousand Oaks,13.5532501875,70.17512304166667,8.405800158333333,1007.1333333333333,0.09166666666666667,52.791666666666664
2019-05-23,34.210169,-118.870509,7.7,0.04,43.0,Thousand Oaks,14.497000166666666,72.09480375,8.625578670833333,1010.7416666666667,0.03333333333333333,73.04166666666667
2019-05-24,34.210169,-118.870509,5.3,0.042,29.0,Thousand Oaks,15.053250354166666,71.944401375,6.839641108333333,1015.3416666666667,0.0,28.875
2019-05-25,34.210169,-118.870509,5.7,0.044,32.0,Thousand Oaks,15.763666791666665,71.92554066666666,8.245008890833333,1012.0083333333333,0.0,21.375
2019-05-26,34.210169,-118.870509,4.5,0.042,25.0,Thousand Oaks,13.769916916666666,77.58418658333333,11.122021529166666,1012.0875,0.004166666666666667,47.291666666666664
2019-05-27,34.210169,-118.870509,4.6,0.039,26.0,Thousand Oaks,12.388666749999999,77.07820483333333,10.249212908333334,1015.225,0.11249999999999999,29.5
2019-05-28,34.210169,-118.870509,6.1,0.04,34.0,Thousand Oaks,15.519916666666667,67.92086066666667,5.81112482,1013.8125,0.0,2.6666666666666665
2019-05-29,34.210169,-118.870509,8.4,0.047,47.0,Thousand Oaks,18.7303335625,60.03682929166666,6.327237366666666,1011.0416666666666,0.0,0.375
2019-05-30,34.210169,-118.870509,11.0,0.049,55.0,Thousand Oaks,19.476166854166667,57.734829999999995,6.905349490833333,1011.2208333333333,0.0,9.958333333333334
2019-05-31,34.210169,-118.870509,10.5,0.047,54.0,Thousand Oaks,18.8720001875,65.147288,6.276219357083334,1011.7375000000001,0.0,3.125
2019-06-01,34.210169,-118.870509,9.0,0.038,50.0,Thousand Oaks,17.430333604166666,71.58208125,5.861870265416667,1011.0708333333333,0.0,40.458333333333336
2019-06-02,34.210169,-118.870509,6.9,0.044,38.0,Thousand Oaks,16.3324169375,74.37152329166666,6.601772066666666,1011.8125,0.0,56.583333333333336
2019-06-03,34.210169,-118.870509,7.0,0.043,39.0,Thousand Oaks,17.232416812500002,73.417696875,7.1033319875,1012.4208333333332,0.0,44.083333333333336
2019-06-04,34.210169,-118.870509,12.6,0.055,58.0,Thousand Oaks,18.0178333125,72.41280325000001,5.83936313625,1012.8583333333332,0.0,22.708333333333332
2019-06-05,34.210169,-118.870509,13.2,0.054,59.0,Thousand Oaks,19.486583604166665,70.40301395833333,5.497531816666666,1012.9625,0.0,9.25
2019-06-06,34.210169,-118.870509,13.2,0.054,59.0,Thousand Oaks,19.486583604166665,70.40301395833333,5.497531816666666,1012.9625,0.0,9.25
2019-06-07,34.210169,-118.870509,13.2,0.054,59.0,Thousand Oaks,19.486583604166665,70.40301395833333,5.497531816666666,1012.9625,0.0,9.25
2019-06-08,34.210169,-118.870509,11.7,0.052,56.0,Thousand Oaks,19.730333395833334,66.69223016666668,6.2167859875,1011.9666666666667,0.0,7.333333333333333
2019-06-09,34.210169,-118.870509,11.9,0.051,56.0,Thousand Oaks,23.769916270833335,54.46111855833333,5.744684141666667,1013.5916666666667,0.0,0.5416666666666666
2019-06-10,34.210169,-118.870509,10.2,0.066,53.0,Thousand Oaks,27.576166458333333,34.82220695833333,7.15713595,1014.25,0.0,67.125
2019-06-11,34.210169,-118.870509,10.2,0.067,53.0,Thousand Oaks,29.263666625,33.67550691666667,7.1298287,1014.7875,0.0,71.125
2019-06-12,34.210169,-118.870509,11.7,0.051,56.0,Thousand Oaks,26.39908325,48.000292708333326,6.746830020833333,1013.8791666666666,0.0,48.291666666666664
2019-06-13,34.210169,-118.870509,12.1,0.044,57.0,Thousand Oaks,21.161583583333332,65.90271533333333,6.950081325,1012.9499999999999,0.0,10.291666666666666
2019-06-14,34.210169,-118.870509,11.8,0.044,56.0,Thousand Oaks,18.086583708333333,74.94615108333333,7.066185582083333,1013.5625,0.0,39.333333333333336
2019-06-15,34.210169,-118.870509,11.1,0.044,55.0,Thousand Oaks,17.8657501875,77.10066354166666,6.6174089741666675,1013.4958333333334,0.0,37.25
2019-06-16,34.210169,-118.870509,6.2,0.037,34.0,Thousand Oaks,18.092833520833334,76.00116633333333,6.920873412500001,1012.0208333333334,0.0,30.125
2019-06-17,34.210169,-118.870509,5.4,0.043,30.0,Thousand Oaks,18.357416812500002,72.80181975,5.764395519583334,1011.3416666666667,0.0,47.916666666666664
2019-06-18,34.210169,-118.870509,6.9,0.043,38.0,Thousand Oaks,18.707416791666667,72.76271704166666,5.836636278333334,1013.1416666666668,0.0,32.541666666666664
2019-06-19,34.210169,-118.870509,7.2,0.046,40.0,Thousand Oaks,19.030333625,74.37582654166667,6.32763598125,1014.75,0.0,32.958333333333336
2019-06-20,34.210169,-118.870509,5.8,0.04,32.0,Thousand Oaks,18.432416749999998,75.19805545833333,6.636138654166667,1014.1750000000001,0.0,48.958333333333336
2019-06-21,34.210169,-118.870509,4.1,0.033,23.0,Thousand Oaks,17.38866685416667,77.55185079166667,6.821011829166667,1012.6374999999999,0.008333333333333333,84.29166666666667
2019-06-22,34.210169,-118.870509,5.4,0.039,30.0,Thousand Oaks,17.692833458333332,76.28982475,7.17891942375,1013.6041666666666,0.0,46.791666666666664
2019-06-23,34.210169,-118.870509,7.3,0.04,41.0,Thousand Oaks,19.444916791666667,71.640742,7.021474216666667,1014.8333333333334,0.0,14.041666666666666
2019-06-24,34.210169,-118.870509,5.5,0.036,31.0,Thousand Oaks,20.107417083333335,69.26366233333333,6.3016922575,1012.9833333333332,0.0,32.041666666666664
2019-06-25,34.210169,-118.870509,7.9,0.035,44.0,Thousand Oaks,19.009500229166665,74.61297970833333,6.0635602791666665,1011.6750000000001,0.0,57.875
2019-06-26,34.210169,-118.870509,5.3,0.043,29.0,Thousand Oaks,18.555333645833333,75.84694608333334,7.104510170833334,1013.6791666666667,0.0,65.625
2019-06-27,34.210169,-118.870509,7.0,0.045,39.0,Thousand Oaks,19.1928335,73.19080945833333,7.77732125,1015.2666666666668,0.0,26.333333333333332
2019-06-28,34.210169,-118.870509,9.0,0.042,50.0,Thousand Oaks,20.442833520833332,68.235341625,7.533944600000001,1015.0583333333334,0.0,12.875
2019-06-29,34.210169,-118.870509,10.0,0.046,53.0,Thousand Oaks,22.2865835625,57.33449637499999,7.405360895833334,1014.875,0.0,17.166666666666668
2019-06-30,34.210169,-118.870509,8.9,0.044,49.0,Thousand Oaks,23.780333666666667,49.85418845833333,7.203284154166667,1015.1374999999999,0.0,45.083333333333336
2019-07-01,34.210169,-118.870509,10.0,0.043,53.0,Thousand Oaks,23.647000208333335,45.81477316666667,7.1656015,1014.1833333333334,0.0,0.0
2019-07-02,34.210169,-118.870509,11.7,0.047,56.0,Thousand Oaks,23.2428335,48.009734375,8.0204508125,1012.6458333333334,0.0,12.166666666666666
2019-07-03,34.210169,-118.870509,13.7,0.046,60.0,Thousand Oaks,21.255333500000003,63.186494124999996,7.751313691666667,1011.5583333333334,0.0,33.833333333333336
2019-07-04,34.210169,-118.870509,10.7,0.04,54.0,Thousand Oaks,20.128250229166667,67.37647554166666,6.875690341666666,1012.4208333333332,0.0,20.625
2019-07-05,34.210169,-118.870509,14.2,0.044,61.0,Thousand Oaks,20.219917104166665,67.60954229166667,6.415604691666666,1014.8000000000001,0.0,5.083333333333333
2019-07-06,34.210169,-118.870509,10.9,0.044,54.0,Thousand Oaks,20.957416895833333,65.57853825,7.372474708333333,1015.5916666666667,0.0,2.9166666666666665
2019-07-07,34.210169,-118.870509,12.1,0.046,57.0,Thousand Oaks,20.369916916666668,70.54377845833334,6.549183795833334,1014.5875,0.0,56.208333333333336
2019-07-08,34.210169,-118.870509,9.6,0.046,52.0,Thousand Oaks,19.094916625,73.02652358333333,6.894238783333333,1014.8958333333334,0.0,46.333333333333336
2019-07-09,34.210169,-118.870509,10.9,0.049,54.0,Thousand Oaks,19.4449168125,72.01878870833333,6.9405607499999995,1016.125,0.0,52.666666666666664
2019-07-10,34.210169,-118.870509,10.7,0.048,54.0,Thousand Oaks,21.767833541666665,62.380655375,7.1948466374999995,1016.5208333333334,0.0,2.7083333333333335
2019-07-11,34.210169,-118.870509,10.0,0.05,53.0,Thousand Oaks,23.919916833333332,52.86376766666667,7.359153725,1015.15,0.0,0.08333333333333333
2019-07-12,34.210169,-118.870509,11.4,0.046,55.0,Thousand Oaks,25.599082999999997,50.67143458333334,7.8052555833333335,1011.4416666666666,0.0,0.0
2019-07-13,34.210169,-118.870509,13.3,0.044,59.0,Thousand Oaks,26.413666458333335,50.96614966666667,6.489364091666666,1009.6125000000001,0.0,0.0
2019-07-14,34.210169,-118.870509,10.2,0.048,53.0,Thousand Oaks,25.259500125000002,55.68603683333333,7.386619016666667,1013.1125000000001,0.0,0.20833333333333334
2019-07-15,34.210169,-118.870509,7.7,0.045,43.0,Thousand Oaks,25.547,51.206849874999996,7.883443183333334,1012.9499999999999,0.0,3.2083333333333335
2019-07-16,34.210169,-118.870509,11.0,0.039,55.0,Thousand Oaks,26.83449991666667,46.722138458333326,6.308911953333333,1009.8375,0.0,0.20833333333333334
2019-07-17,34.210169,-118.870509,10.5,0.045,54.0,Thousand Oaks,23.894916833333337,61.82632654166667,6.88664277375,1011.6374999999999,0.0,3.125
2019-07-18,34.210169,-118.870509,10.6,0.039,54.0,Thousand Oaks,21.98033375,69.561402375,6.266715161666667,1014.2916666666666,0.0,12.75
2019-07-19,34.210169,-118.870509,7.6,0.039,42.0,Thousand Oaks,20.478250208333332,69.28319995833333,7.136733137499999,1013.35,0.0,32.458333333333336
2019-07-20,34.210169,-118.870509,6.4,0.037,36.0,Thousand Oaks,19.922000083333334,69.78908891666667,7.007930708333333,1013.4875000000001,0.0,18.0
2019-07-21,34.210169,-118.870509,6.0,0.037,33.0,Thousand Oaks,21.899083583333333,60.237987333333336,6.276323191666666,1012.6625,0.0,5.416666666666667
2019-07-22,34.210169,-118.870509,7.7,0.044,43.0,Thousand Oaks,23.894916374999998,57.11161016666667,6.513287170833333,1013.3791666666666,0.0,18.875
2019-07-23,34.210169,-118.870509,8.5,0.06,47.0,Thousand Oaks,27.961583208333334,42.070541,7.239975383333333,1014.4666666666667,0.0,57.625
2019-07-24,34.210169,-118.870509,8.2,0.049,46.0,Thousand Oaks,29.751166541666667,36.54587875,8.098881654166666,1013.8583333333332,0.0,11.875
2019-07-25,34.210169,-118.870509,13.6,0.046,59.0,Thousand Oaks,28.532416666666666,35.075467249999996,7.3593456875,1013.6083333333332,0.0,65.33333333333333
2019-07-26,34.210169,-118.870509,13.8,0.051,60.0,Thousand Oaks,28.374083291666665,40.159261666666666,7.517752174999999,1014.1875,0.0,4.208333333333333
2019-07-27,34.210169,-118.870509,10.5,0.047,54.0,Thousand Oaks,28.19283308333333,38.81826054166667,8.092292904166667,1014.3791666666666,0.0,0.0
2019-07-28,34.210169,-118.870509,8.7,0.042,48.0,Thousand Oaks,27.665749791666666,42.041021625,7.4061860325,1013.2333333333332,0.0,24.208333333333332
2019-07-29,34.210169,-118.870509,9.5,0.044,52.0,Thousand Oaks,24.488666958333337,58.84940075,6.5735159916666674,1012.625,0.0,31.208333333333332
2019-07-30,34.210169,-118.870509,13.2,0.05,59.0,Thousand Oaks,24.265750083333334,61.233247625,6.535339924166667,1011.6583333333333,0.0,10.0
2019-07-31,34.210169,-118.870509,12.3,0.045,57.0,Thousand Oaks,23.326166833333332,66.693714375,6.127429041666667,1013.5041666666666,0.0,12.333333333333334
2019-08-01,34.210169,-118.870509,9.4,0.047,52.0,Thousand Oaks,23.532416875,63.428778208333334,6.598275591666667,1014.9333333333334,0.0,0.6666666666666666
2019-08-02,34.210169,-118.870509,7.3,0.05,41.0,Thousand Oaks,25.357416708333332,36.25457333333333,7.481020945833333,1013.7166666666667,0.0,7.083333333333333
2019-08-03,34.210169,-118.870509,9.6,0.053,52.0,Thousand Oaks,26.524083416666667,38.814857708333335,7.1887906458333335,1012.3791666666666,0.0,68.375
2019-08-04,34.210169,-118.870509,8.9,0.046,49.0,Thousand Oaks,26.363666541666664,47.392823541666665,6.902734007083333,1012.5916666666667,0.0,31.25
2019-08-05,34.210169,-118.870509,9.0,0.046,50.0,Thousand Oaks,25.997,48.19724491666667,7.0512203625,1013.0291666666667,0.0,45.625
2019-08-06,34.210169,-118.870509,10.5,0.051,54.0,Thousand Oaks,25.517833375,50.068177666666664,6.975214120833333,1012.2083333333334,0.0,16.0
2019-08-07,34.210169,-118.870509,9.8,0.042,52.0,Thousand Oaks,24.109500208333333,60.361772583333334,6.800517495833334,1012.875,0.0,12.75
2019-08-08,34.210169,-118.870509,8.2,0.046,46.0,Thousand Oaks,23.00950016666667,64.697106625,6.763880866666667,1013.0,0.0,1.0833333333333333
2019-08-09,34.210169,-118.870509,11.3,0.053,55.0,Thousand Oaks,23.3053335,52.318946125,7.989100311666667,1012.0833333333334,0.0,2.25
2019-08-10,34.210169,-118.870509,6.5,0.035,36.0,Thousand Oaks,22.940750229166667,52.16147054166667,8.253332645833334,1012.4958333333334,0.0,0.125
2019-08-11,34.210169,-118.870509,4.9,0.036,27.0,Thousand Oaks,22.186583625,65.347369,8.066016741666667,1013.6666666666666,0.0,3.5
2019-08-12,34.210169,-118.870509,9.2,0.047,51.0,Thousand Oaks,23.124083583333334,64.13309,7.721058570833333,1014.0416666666666,0.0,7.125
2019-08-13,34.210169,-118.870509,7.7,0.047,43.0,Thousand Oaks,23.688667,57.918607125,6.358809979166666,1013.9833333333332,0.0,1.25
2019-08-14,34.210169,-118.870509,7.7,0.055,43.0,Thousand Oaks,26.138666541666666,43.468921,6.443439633333334,1013.9499999999999,0.0,0.3333333333333333
2019-08-15,34.210169,-118.870509,7.9,0.05,44.0,Thousand Oaks,26.29699970833333,39.50872833333333,6.6822697458333336,1013.5,0.0,0.125
2019-08-16,34.210169,-118.870509,9.5,0.044,52.0,Thousand Oaks,24.77200016666667,43.158712125,6.479691852916666,1012.2458333333334,0.0,1.2083333333333333
2019-08-17,34.210169,-118.870509,8.5,0.041,47.0,Thousand Oaks,21.41158354166667,66.27717187500001,5.391127748750001,1012.1458333333334,0.0,24.125
2019-08-18,34.210169,-118.870509,7.9,0.043,44.0,Thousand Oaks,20.7240835,72.55444979166667,6.147928903333334,1011.9583333333334,0.0,64.625
2019-08-19,34.210169,-118.870509,6.5,0.044,36.0,Thousand Oaks,21.33866675,69.616331125,6.6146974875,1013.3541666666666,0.0,23.416666666666668
2019-08-20,34.210169,-118.870509,5.6,0.039,31.0,Thousand Oaks,23.207416833333337,58.671561375,6.714442841666667,1013.0375,0.0,4.166666666666667
2019-08-21,34.210169,-118.870509,6.1,0.051,34.0,Thousand Oaks,25.54283304166667,41.26076991666667,7.1336843750000005,1010.8249999999999,0.0,0.0
2019-08-22,34.210169,-118.870509,11.3,0.054,55.0,Thousand Oaks,26.151166791666668,41.98088954166666,6.943413558333333,1007.6541666666667,0.0,18.208333333333332
2019-08-23,34.210169,-118.870509,12.2,0.054,57.0,Thousand Oaks,22.819916791666667,68.056100375,6.423071345833333,1009.875,0.0,29.125
2019-08-24,34.210169,-118.870509,10.3,0.051,53.0,Thousand Oaks,24.274083375,61.26052575,6.170844858333333,1012.1666666666666,0.0,14.833333333333334
2019-08-25,34.210169,-118.870509,6.1,0.044,34.0,Thousand Oaks,25.40325,57.53288516666667,6.810564820833334,1014.0666666666666,0.0,0.041666666666666664
2019-08-26,34.210169,-118.870509,7.0,0.052,39.0,Thousand Oaks,26.517833375,38.11843075,6.47788385,1011.7458333333334,0.0,32.291666666666664
2019-08-27,34.210169,-118.870509,7.9,0.046,44.0,Thousand Oaks,26.728250083333336,44.93744029166667,6.104641766666667,1009.8000000000001,0.0,1.4166666666666667
2019-08-28,34.210169,-118.870509,8.7,0.044,48.0,Thousand Oaks,24.8365835,60.79761845833334,6.099914845833333,1012.1541666666667,0.0,2.2916666666666665
2019-08-29,34.210169,-118.870509,8.7,0.048,48.0,Thousand Oaks,25.032416791666666,65.49876154166667,6.2836782875,1014.1541666666667,0.0,0.3333333333333333
2019-08-30,34.210169,-118.870509,10.8,0.047,54.0,Thousand Oaks,26.807416500000002,49.37709554166667,7.255474391666667,1013.3333333333334,0.0,0.0
2019-08-31,34.210169,-118.870509,10.3,0.05,53.0,Thousand Oaks,25.7761665,51.31017524999999,7.0974769208333335,1012.4291666666667,0.0,0.0
2019-09-01,34.210169,-118.870509,10.5,0.049,54.0,Thousand Oaks,26.882416458333335,51.713095708333334,6.8926239124999995,1011.3208333333333,0.0,0.75
2019-09-02,34.210169,-118.870509,13.6,0.052,59.0,Thousand Oaks,28.092833041666665,49.61349920833334,6.949883799999999,1012.6916666666666,0.0,17.583333333333332
2019-09-03,34.210169,-118.870509,9.5,0.049,52.0,Thousand Oaks,28.603250083333336,50.88981425,5.7236498749999996,1012.9791666666666,0.0,8.625
2019-09-04,34.210169,-118.870509,7.7,0.05,43.0,Thousand Oaks,29.528250125,38.160254583333334,6.7088153,1010.7291666666666,0.0,2.4166666666666665
2019-09-05,34.210169,-118.870509,7.2,0.045,40.0,Thousand Oaks,29.39283325,43.087999958333334,7.292149841666666,1012.0541666666667,0.0,22.125
2019-09-06,34.210169,-118.870509,9.0,0.049,50.0,Thousand Oaks,28.60949983333333,37.508986125,6.9205485499999995,1015.3125,0.0,9.083333333333334
2019-09-07,34.210169,-118.870509,6.5,0.04,36.0,Thousand Oaks,27.047,43.541074125,8.179117595833333,1014.1666666666666,0.0,0.375
2019-09-08,34.210169,-118.870509,6.9,0.037,38.0,Thousand Oaks,22.1803335,57.28081716666667,9.071564270833333,1011.6958333333333,0.0,2.125
2019-09-09,34.210169,-118.870509,7.7,0.043,43.0,Thousand Oaks,22.001166791666666,59.18351754166667,6.745766166666667,1010.6708333333332,0.0,9.083333333333334
2019-09-10,34.210169,-118.870509,10.0,0.042,53.0,Thousand Oaks,21.111583624999998,69.366679125,6.8229662654166665,1010.8249999999999,0.008333333333333333,42.833333333333336
2019-09-11,34.210169,-118.870509,9.8,0.051,52.0,Thousand Oaks,20.426166791666667,68.67237858333333,7.989375,1013.6208333333334,0.0,23.208333333333332
2019-09-12,34.210169,-118.870509,9.8,0.051,52.0,Thousand Oaks,23.196999875,57.852822520833335,7.353321904166666,1014.3041666666667,0.0,0.125
2019-09-13,34.210169,-118.870509,7.0,0.063,39.0,Thousand Oaks,27.409499999999998,33.99391804166667,8.1923003875,1013.5791666666668,0.0,2.5833333333333335
2019-09-14,34.210169,-118.870509,8.4,0.069,47.0,Thousand Oaks,28.91574975,24.805365958333336,8.1963265,1012.3249999999999,0.0,45.0
2019-09-15,34.210169,-118.870509,12.0,0.055,56.0,Thousand Oaks,26.876166625,35.81032066666667,6.682110883333333,1011.3125,0.0,62.5
2019-09-16,34.210169,-118.870509,11.0,0.045,55.0,Thousand Oaks,23.251166958333332,52.04298741666667,6.282610965416667,1012.0458333333332,0.0,55.666666666666664
2019-09-17,34.210169,-118.870509,8.5,0.046,47.0,Thousand Oaks,21.7615835,53.74383929166667,8.599079916666666,1013.125,0.0,1.375
2019-09-18,34.210169,-118.870509,7.6,0.047,42.0,Thousand Oaks,21.878250041666664,56.444013625,7.933745500000001,1012.5291666666667,0.0,0.041666666666666664
2019-09-19,34.210169,-118.870509,7.2,0.037,40.0,Thousand Oaks,20.630333625000002,68.35421162499999,7.8407951083333325,1011.5500000000001,0.0,13.875
2019-09-20,34.210169,-118.870509,6.6,0.045,37.0,Thousand Oaks,20.559500229166666,62.38593629166667,7.893876354166667,1011.1583333333333,0.0,3.0416666666666665
2019-09-21,34.210169,-118.870509,8.1,0.058,45.0,Thousand Oaks,22.21991675,50.90209616666667,8.125187308333333,1011.3291666666668,0.0,0.9583333333333334
2019-09-22,34.210169,-118.870509,9.2,0.062,51.0,Thousand Oaks,26.178249833333336,29.1037361875,9.414153315416668,1011.0124999999999,0.0,51.166666666666664
2019-09-23,34.210169,-118.870509,12.0,0.056,56.0,Thousand Oaks,23.780333541666668,57.401542875,5.907500070833334,1012.3249999999999,0.0,1.0416666666666667
2019-09-24,34.210169,-118.870509,8.3,0.051,46.0,Thousand Oaks,24.338666708333335,58.935443354166665,9.515343833333334,1012.6374999999999,0.0,4.791666666666667
2019-09-25,34.210169,-118.870509,10.2,0.058,53.0,Thousand Oaks,26.00324995833333,35.660931,9.1044290625,1008.75,0.0,2.2916666666666665
2019-09-26,34.210169,-118.870509,9.0,0.037,50.0,Thousand Oaks,22.780333708333334,69.498377375,10.700303770833335,1012.6833333333334,0.0,69.08333333333333
2019-09-27,34.210169,-118.870509,7.0,0.034,39.0,Thousand Oaks,19.365750125,82.48581125,6.9926474875,1013.9291666666667,0.008333333333333333,78.45833333333333
2019-09-28,34.210169,-118.870509,3.2,0.035,18.0,Thousand Oaks,18.4365835,80.40622820833333,8.625442320833333,1009.35,0.012500000000000002,73.625
2019-09-29,34.210169,-118.870509,5.5,0.038,31.0,Thousand Oaks,16.77200025,67.27314966666667,8.42312405,1009.4166666666666,0.025000000000000005,28.041666666666668
2019-09-30,34.210169,-118.870509,5.9,0.038,33.0,Thousand Oaks,16.444916833333334,51.659066583333335,8.045925408333334,1011.4791666666666,0.0,0.0
2019-10-01,34.210169,-118.870509,6.3,0.048,35.0,Thousand Oaks,16.751166645833333,49.918614041666665,8.240488725,1010.6625,0.0,0.08333333333333333
2019-10-02,34.210169,-118.870509,5.8,0.058,32.0,Thousand Oaks,18.132416729166668,38.503442666666665,9.697587266666668,1013.0458333333332,0.0,0.0
2019-10-03,34.210169,-118.870509,7.0,0.06,39.0,Thousand Oaks,18.688666979166666,52.24114775,6.783596241666667,1013.0458333333332,0.0,0.0
2019-10-04,34.210169,-118.870509,10.7,0.06,54.0,Thousand Oaks,18.526166749999998,52.12252683333333,7.5515163916666666,1014.7041666666668,0.0,0.0
2019-10-05,34.210169,-118.870509,9.0,0.07,50.0,Thousand Oaks,20.9407501875,35.689086958333334,7.287882562499999,1015.8541666666666,0.0,0.0
2019-10-06,34.210169,-118.870509,11.6,0.074,56.0,Thousand Oaks,21.938666520833333,36.201199375,7.2143251375,1015.3166666666666,0.0,4.0
2019-10-07,34.210169,-118.870509,8.7,0.061,48.0,Thousand Oaks,23.651166833333335,29.96039125,6.991062554166667,1014.2208333333333,0.0,0.0
2019-10-08,34.210169,-118.870509,7.5,0.054,42.0,Thousand Oaks,21.67616691666667,35.04112204166667,6.051398995833334,1011.3208333333333,0.0,1.4583333333333333
2019-10-09,34.210169,-118.870509,11.5,0.049,55.0,Thousand Oaks,18.822000208333332,61.57892929166667,6.702757808333334,1010.3958333333334,0.0,1.6666666666666667
2019-10-10,34.210169,-118.870509,11.5,0.047,55.0,Thousand Oaks,18.859500104166667,56.66729645416667,16.313963616666666,1011.4375,0.0,13.208333333333334
2019-10-11,34.210169,-118.870509,1.9,0.046,11.0,Thousand Oaks,21.922000125,6.008425316666667,28.692340083333335,1014.1791666666667,0.0,30.041666666666668
2019-10-12,34.210169,-118.870509,8.7,0.06,48.0,Thousand Oaks,22.288667,8.039809341666666,14.994796983333332,1011.9875000000001,0.0,0.6666666666666666
2019-10-13,34.210169,-118.870509,12.0,0.06,56.0,Thousand Oaks,18.992833479166666,35.68476975,6.6130684875000005,1010.7541666666666,0.0,0.08333333333333333
2019-10-14,34.210169,-118.870509,14.6,0.057,61.0,Thousand Oaks,17.342833395833335,67.53744591666667,7.441722370833333,1012.5541666666667,0.0,6.916666666666667
2019-10-15,34.210169,-118.870509,13.2,0.053,59.0,Thousand Oaks,18.953249979166667,51.38974670833333,6.942770879166667,1014.7333333333332,0.0,0.0
2019-10-16,34.210169,-118.870509,9.3,0.054,51.0,Thousand Oaks,23.478250083333336,24.43175804166667,7.435320275,1013.4083333333333,0.0,67.08333333333333
2019-10-17,34.210169,-118.870509,11.2,0.046,55.0,Thousand Oaks,21.009500291666665,48.49449766666667,6.5310859625,1008.8874999999999,0.0,22.5
2019-10-18,34.210169,-118.870509,5.6,0.047,31.0,Thousand Oaks,19.357416895833335,43.81469120833333,7.1842001125,1010.9916666666667,0.0,0.0
2019-10-19,34.210169,-118.870509,4.2,0.047,23.0,Thousand Oaks,20.503250229166667,25.105796375,9.4344410625,1012.3375,0.0,2.9583333333333335
2019-10-20,34.210169,-118.870509,2.6,0.043,14.0,Thousand Oaks,21.092833520833334,34.82086445833333,13.453310629166666,1011.8000000000001,0.0,0.8333333333333334
2019-10-21,34.210169,-118.870509,3.3,0.048,18.0,Thousand Oaks,24.461583208333334,26.622468104166668,15.811283495833335,1014.6541666666667,0.0,0.0
2019-10-22,34.210169,-118.870509,2.0,0.05,11.0,Thousand Oaks,26.571999916666666,20.324781791666666,13.941721800000002,1017.6208333333334,0.0,0.0
2019-10-23,34.210169,-118.870509,5.3,0.057,29.0,Thousand Oaks,26.340749916666667,20.815485708333334,11.829797683333334,1013.2166666666667,0.0,0.0
2019-10-24,34.210169,-118.870509,2.5,0.045,14.0,Thousand Oaks,26.844916666666666,13.443471416666666,20.330650633333335,1013.2875,0.0,9.625
2019-10-25,34.210169,-118.870509,2.2,0.046,12.0,Thousand Oaks,27.084500000000002,6.887140570833334,22.923719583333334,1016.4291666666667,0.0,3.8333333333333335
2019-10-26,34.210169,-118.870509,6.0,0.057,33.0,Thousand Oaks,25.047000291666667,15.18770575,8.866678795833334,1011.4083333333333,0.0,1.5416666666666667
2019-10-27,34.210169,-118.870509,12.8,0.049,58.0,Thousand Oaks,19.565750083333334,61.38921633333334,9.160365666666667,1007.3916666666668,0.0,59.041666666666664
2019-10-28,34.210169,-118.870509,3.5,0.042,19.0,Thousand Oaks,17.419916812500002,21.651157116666667,20.7146018,1013.9375,0.004166666666666667,13.625
2019-10-29,34.210169,-118.870509,10.5,0.047,54.0,Thousand Oaks,15.928250291666666,26.441746541666664,7.033870933333334,1012.6625,0.0,0.0
2019-10-30,34.210169,-118.870509,12.0,0.043,56.0,Thousand Oaks,15.172000187499998,29.808610625,24.776007333333336,1017.4291666666667,0.0,0.3333333333333333
2019-10-31,34.210169,-118.870509,2.3,0.038,13.0,Thousand Oaks,14.347000166666666,7.980422854166666,31.30164533333333,1021.8916666666668,0.0,0.0
2019-11-01,34.210169,-118.870509,8.4,0.046,47.0,Thousand Oaks,18.215750125,6.7173179375,19.255186041666665,1019.0166666666668,0.0,0.0
2019-11-02,34.210169,-118.870509,7.1,0.05,39.0,Thousand Oaks,21.805333416666667,6.884100829166667,18.477254541666667,1017.8625000000001,0.0,16.625
2019-11-03,34.210169,-118.870509,9.8,0.057,52.0,Thousand Oaks,20.278250291666666,11.917001337499999,7.7981494666666675,1014.875,0.0,14.708333333333334
2019-11-04,34.210169,-118.870509,9.2,0.06,51.0,Thousand Oaks,18.7428334375,25.004415583333337,5.947607004166667,1013.9458333333333,0.0,0.7916666666666666
2019-11-05,34.210169,-118.870509,9.2,0.06,51.0,Thousand Oaks,18.7428334375,25.004415583333337,5.947607004166667,1013.9458333333333,0.0,0.7916666666666666
2019-11-06,34.210169,-118.870509,12.0,0.047,56.0,Thousand Oaks,18.7845,33.12615783333333,5.8582490541666665,1014.7208333333333,0.0,0.0
2019-11-07,34.210169,-118.870509,19.5,0.053,70.0,Thousand Oaks,17.124083479166668,70.43812975,5.4711183583333325,1017.15,0.0,4.75
2019-11-08,34.210169,-118.870509,8.3,0.044,46.0,Thousand Oaks,21.75533329166667,32.67217879166667,12.021449833333334,1018.7333333333332,0.0,0.0
2019-11-09,34.210169,-118.870509,5.4,0.045,30.0,Thousand Oaks,24.76366675,13.243054466666665,12.863539320833333,1016.9333333333334,0.0,0.125
2019-11-10,34.210169,-118.870509,11.8,0.047,56.0,Thousand Oaks,21.232416750000002,21.752959875000002,9.025673879166666,1015.1041666666666,0.0,0.125
2019-11-11,34.210169,-118.870509,22.5,0.049,76.0,Thousand Oaks,16.886583458333334,68.77907195833333,5.8979570458333335,1015.5416666666666,0.0,8.166666666666666
2019-11-12,34.210169,-118.870509,14.5,0.042,61.0,Thousand Oaks,18.522000416666668,48.712494875,4.719609270833334,1017.1541666666667,0.0,6.125
2019-11-13,34.210169,-118.870509,13.3,0.04,59.0,Thousand Oaks,17.16991685416667,52.882776416666665,4.986142,1015.9833333333332,0.0,65.75
2019-11-14,34.210169,-118.870509,11.9,0.039,56.0,Thousand Oaks,15.484499979166666,72.604124625,4.793501666666667,1017.625,0.0,91.625
2019-11-15,34.210169,-118.870509,13.6,0.033,59.0,Thousand Oaks,15.026166895833333,83.174860375,5.283261175,1019.1666666666666,0.0,72.91666666666667
2019-11-16,34.210169,-118.870509,3.7,0.042,21.0,Thousand Oaks,20.013666833333335,42.318046333333335,15.766492629166665,1015.275,0.0,25.833333333333332
2019-11-17,34.210169,-118.870509,2.0,0.045,11.0,Thousand Oaks,23.6053335,19.550830791666666,17.387960525,1015.3125,0.0,0.0
2019-11-18,34.210169,-118.870509,3.9,0.051,22.0,Thousand Oaks,24.28450033333333,14.6355331875,11.913360225,1013.5416666666666,0.0,1.875
2019-11-19,34.210169,-118.870509,7.3,0.037,41.0,Thousand Oaks,20.440750083333334,27.60209641666667,7.011457075,1008.2125,0.0,60.833333333333336
2019-11-20,34.210169,-118.870509,6.2,0.04,34.0,Thousand Oaks,13.594916645833331,75.747583,9.363760270833334,1000.6458333333334,0.09583333333333334,50.958333333333336
2019-11-21,34.210169,-118.870509,7.9,0.039,44.0,Thousand Oaks,12.103250041666668,73.00795666666666,7.2671999125,1008.5333333333333,0.004166666666666667,53.5
2019-11-22,34.210169,-118.870509,10.4,0.039,53.0,Thousand Oaks,13.690749895833333,76.92511804166666,6.4576387041666665,1018.4791666666666,0.0,27.791666666666668
2019-11-23,34.210169,-118.870509,3.2,0.041,18.0,Thousand Oaks,15.011583645833333,54.26466766666667,16.629565670833333,1020.1791666666667,0.0,32.916666666666664
2019-11-24,34.210169,-118.870509,5.4,0.043,30.0,Thousand Oaks,17.030333583333334,32.707316,16.156585708333335,1018.725,0.0,6.458333333333333
2019-11-25,34.210169,-118.870509,9.1,0.042,51.0,Thousand Oaks,14.2699165625,53.86883716666667,7.622307429166667,1013.5291666666667,0.0,0.0
2019-11-26,34.210169,-118.870509,9.5,0.04,52.0,Thousand Oaks,12.755333562499999,37.009985291666666,14.519301691666668,1011.5666666666666,0.0,19.541666666666668
2019-11-27,34.210169,-118.870509,5.6,0.041,31.0,Thousand Oaks,10.701166666666666,69.34845258333333,12.280562025,1006.5791666666668,0.5416666666666666,75.16666666666667
2019-11-28,34.210169,-118.870509,4.6,0.034,26.0,Thousand Oaks,8.232416645833334,86.51028587500001,9.123506858333334,1003.25,0.7958333333333333,78.83333333333333
2019-11-29,34.210169,-118.870509,6.0,0.038,33.0,Thousand Oaks,7.001166741666666,83.89897408333333,9.503903520833333,1006.6791666666667,0.25833333333333336,48.708333333333336
2019-11-30,34.210169,-118.870509,5.5,0.028,31.0,Thousand Oaks,7.990750125000001,81.09051595833334,7.875742708333333,1019.1374999999999,0.08333333333333333,68.54166666666667
2019-12-01,34.210169,-118.870509,3.0,0.031,17.0,Thousand Oaks,8.717833416666666,73.78300987499999,18.764807729166666,1020.5749999999999,0.13749999999999998,98.08333333333333
2019-12-02,34.210169,-118.870509,6.0,0.034,33.0,Thousand Oaks,11.299083541666667,56.709093875,14.235840957083333,1019.7208333333333,0.0,90.66666666666667
2019-12-03,34.210169,-118.870509,3.8,0.03,21.0,Thousand Oaks,13.128250145833334,61.324492875000004,12.498922558333334,1018.5791666666668,0.0,95.41666666666667
2019-12-04,34.210169,-118.870509,4.6,0.026,26.0,Thousand Oaks,12.911583624999999,80.67245687500001,13.433762654166665,1014.3708333333334,1.0916666666666666,87.91666666666667
2019-12-05,34.210169,-118.870509,4.9,0.034,27.0,Thousand Oaks,12.52616675,89.66931875,5.680344883333333,1017.7958333333332,0.09999999999999999,75.75
2019-12-06,34.210169,-118.870509,5.6,0.026,31.0,Thousand Oaks,13.857416854166665,73.215002625,12.139067029166666,1019.7375000000001,0.020833333333333332,87.25
2019-12-07,34.210169,-118.870509,6.1,0.023,34.0,Thousand Oaks,14.480333375,92.31614020833332,7.264790404166667,1020.5124999999999,0.25,97.45833333333333
2019-12-08,34.210169,-118.870509,4.0,0.037,22.0,Thousand Oaks,13.988666791666667,94.25196954166667,6.9896892,1018.0083333333333,0.6333333333333333,91.66666666666667
2019-12-09,34.210169,-118.870509,3.9,0.034,22.0,Thousand Oaks,12.253249895833333,81.05654929166667,6.0083370333333335,1017.275,0.0,32.625
2019-12-10,34.210169,-118.870509,8.2,0.027,46.0,Thousand Oaks,13.432416958333333,60.25293020833333,10.2880073625,1021.0333333333333,0.0,52.083333333333336
2019-12-11,34.210169,-118.870509,7.9,0.033,44.0,Thousand Oaks,11.751166833333334,73.51291141666667,5.328895191666667,1022.3833333333333,0.0,54.0
2019-12-12,34.210169,-118.870509,6.6,0.029,37.0,Thousand Oaks,14.465750291666666,68.171524125,5.354685024999999,1022.0041666666666,0.0,85.875
2019-12-13,34.210169,-118.870509,7.7,0.024,43.0,Thousand Oaks,15.186583645833332,75.38436225,6.876940508333333,1020.4333333333334,0.0,2.5
2019-12-14,34.210169,-118.870509,15.9,0.032,64.0,Thousand Oaks,14.005333395833333,88.93636629166667,6.5538063499999994,1015.4458333333333,0.0,65.29166666666667
2019-12-15,34.210169,-118.870509,2.2,0.04,12.0,Thousand Oaks,11.497000041666666,75.02133716666667,5.424798265833334,1015.3375,0.0,15.791666666666666
2019-12-16,34.210169,-118.870509,1.8,0.04,10.0,Thousand Oaks,10.630333416666666,46.82452320833334,18.85436220833333,1022.2041666666668,0.0,20.625
2019-12-17,34.210169,-118.870509,1.2,0.037,7.0,Thousand Oaks,10.688666562499998,27.202619458333334,27.06931708333333,1025.1583333333333,0.0,75.16666666666667
2019-12-18,34.210169,-118.870509,5.5,0.035,31.0,Thousand Oaks,9.172000020833332,30.998304875,17.2381422375,1019.8000000000001,0.0,67.125
2019-12-19,34.210169,-118.870509,2.9,0.04,16.0,Thousand Oaks,10.078250020833332,55.674432833333334,12.291725208333332,1018.9791666666666,0.0,4.625
2019-12-20,34.210169,-118.870509,2.0,0.039,11.0,Thousand Oaks,14.567833604166665,28.783224041666667,19.12060052083333,1022.6,0.0,38.875
2019-12-21,34.210169,-118.870509,4.7,0.03,26.0,Thousand Oaks,15.174083520833333,27.840002916666666,17.126829,1020.8125,0.0,99.54166666666667
2019-12-22,34.210169,-118.870509,7.1,0.04,39.0,Thousand Oaks,13.492833374999998,42.14696595833333,14.494198604166668,1014.6999999999999,0.1708333333333333,87.5
2019-12-23,34.210169,-118.870509,5.4,0.029,30.0,Thousand Oaks,10.597000166666666,89.20176016666666,15.065781625,1010.8833333333333,3.279166666666667,98.41666666666667
2019-12-24,34.210169,-118.870509,9.2,0.034,51.0,Thousand Oaks,8.407416645833333,85.11638658333334,6.412849316666667,1011.35,0.075,51.333333333333336
2019-12-25,34.210169,-118.870509,7.6,0.039,42.0,Thousand Oaks,8.59075,84.05256541666667,6.2450512,1013.0833333333334,0.04583333333333334,65.75
2019-12-26,34.210169,-118.870509,-0.1,0.034,0.0,Thousand Oaks,8.255333375,83.62656429166667,17.111196195833333,1009.7583333333333,1.4791666666666667,86.04166666666667
2019-12-27,34.210169,-118.870509,3.0,0.035,17.0,Thousand Oaks,8.23658345,69.12673258333334,11.251373566666667,1013.3916666666668,0.0,14.666666666666666
2019-12-28,34.210169,-118.870509,9.1,0.034,51.0,Thousand Oaks,8.401166762499999,64.16450983333333,7.312906158333333,1017.4916666666667,0.0,18.333333333333332
2019-12-29,34.210169,-118.870509,10.9,0.039,54.0,Thousand Oaks,8.836583208333332,72.36049291666667,7.389485504166667,1021.1166666666667,0.0,48.958333333333336
2019-12-30,34.210169,-118.870509,4.0,0.038,22.0,Thousand Oaks,9.692833291666666,72.40137058333333,17.37485865416667,1017.2291666666666,0.024999999999999998,83.66666666666667
2019-12-31,34.210169,-118.870509,4.0,0.038,22.0,Thousand Oaks,9.692833291666666,72.40137058333333,17.37485865416667,1017.2291666666666,0.024999999999999998,83.66666666666667
2020-01-01,34.210169,-118.870509,6.7,0.037,37.0,Thousand Oaks,12.030333604166666,55.100977416666666,8.949092525,1017.7624999999999,0.0,30.25
2020-01-02,34.210169,-118.870509,6.0,0.034,33.0,Thousand Oaks,12.292833416666667,69.18817258333333,9.836182541666666,1013.85,0.0,71.41666666666667
2020-01-03,34.210169,-118.870509,6.0,0.035,33.0,Thousand Oaks,14.892833333333334,50.26239933333333,12.182514716666667,1020.5041666666666,0.0,79.04166666666667
2020-01-04,34.210169,-118.870509,10.7,0.039,54.0,Thousand Oaks,12.776166770833333,62.858678499999996,4.6277404125,1026.0125,0.0,51.041666666666664
2020-01-05,34.210169,-118.870509,4.2,0.039,23.0,Thousand Oaks,12.142833541666667,65.27791975,8.828648179166667,1025.3875,0.0,82.83333333333333
2020-01-06,34.210169,-118.870509,0.8,0.04,4.0,Thousand Oaks,14.701166833333334,38.965262625,21.932302458333336,1025.5833333333333,0.0,14.333333333333334
2020-01-07,34.210169,-118.870509,0.8,0.04,4.0,Thousand Oaks,14.701166833333334,38.965262625,21.932302458333336,1025.5833333333333,0.0,14.333333333333334
2020-01-08,34.210169,-118.870509,0.8,0.04,4.0,Thousand Oaks,14.701166833333334,38.965262625,21.932302458333336,1025.5833333333333,0.0,14.333333333333334
2020-01-09,34.210169,-118.870509,0.8,0.04,4.0,Thousand Oaks,14.701166833333334,38.965262625,21.932302458333336,1025.5833333333333,0.0,14.333333333333334
2020-01-10,34.210169,-118.870509,0.8,0.04,4.0,Thousand Oaks,14.701166833333334,38.965262625,21.932302458333336,1025.5833333333333,0.0,14.333333333333334
2020-01-11,34.210169,-118.870509,8.1,0.03,45.0,Thousand Oaks,10.1136666875,60.990016375,5.480876170833334,1022.0458333333332,0.0,9.583333333333334
2020-01-12,34.210169,-118.870509,8.3,0.039,46.0,Thousand Oaks,10.009500041666668,70.733932,8.264088433333333,1018.6708333333332,0.0,1.375
2020-01-13,34.210169,-118.870509,9.8,0.039,52.0,Thousand Oaks,9.517833375,71.35132525,7.525769637500001,1018.6166666666667,0.0,20.416666666666668
2020-01-14,34.210169,-118.870509,9.3,0.038,51.0,Thousand Oaks,9.478249979166668,73.4403865,5.946009233333334,1019.3791666666666,0.0,14.416666666666666
2020-01-15,34.210169,-118.870509,13.4,0.039,59.0,Thousand Oaks,9.924083320833333,65.99019837499999,7.096181312500001,1017.1291666666666,0.0,17.791666666666668
2020-01-16,34.210169,-118.870509,11.6,0.039,56.0,Thousand Oaks,9.724083437500001,85.75614058333333,6.558079754166666,1016.3249999999999,0.004166666666666667,47.333333333333336
2020-01-17,34.210169,-118.870509,3.7,0.037,21.0,Thousand Oaks,10.132417020833334,77.40960933333334,7.623416383333333,1020.8166666666666,0.2625,78.41666666666667
2020-01-18,34.210169,-118.870509,-0.3,0.04,0.0,Thousand Oaks,11.719916895833334,43.866752625000004,16.825388783333334,1023.4166666666666,0.0,37.541666666666664
2020-01-19,34.210169,-118.870509,0.3,0.038,2.0,Thousand Oaks,14.555333354166665,27.78684816666667,23.509960833333334,1020.7916666666666,0.0,48.875
2020-01-20,34.210169,-118.870509,5.2,0.032,29.0,Thousand Oaks,14.249083333333333,42.164444583333335,10.492288458333332,1017.9083333333333,0.008333333333333333,97.95833333333333
2020-01-21,34.210169,-118.870509,3.5,0.039,19.0,Thousand Oaks,12.080333520833333,83.13870733333333,5.776635141666667,1019.6,0.049999999999999996,87.20833333333333
2020-01-22,34.210169,-118.870509,4.2,0.034,23.0,Thousand Oaks,11.363666770833333,85.32779816666667,6.5674976375,1021.9375,0.0,64.66666666666667
2020-01-23,34.210169,-118.870509,2.6,0.038,14.0,Thousand Oaks,15.511583625,60.22105716666667,12.868110804166667,1020.0625,0.0,28.208333333333332
2020-01-24,34.210169,-118.870509,3.4,0.03,19.0,Thousand Oaks,16.4553334375,49.0243745,7.668655050000001,1016.5416666666666,0.0,42.083333333333336
2020-01-25,34.210169,-118.870509,9.9,0.032,52.0,Thousand Oaks,16.38866675,49.023694375,13.829916470833334,1016.2916666666666,0.0,27.75
2020-01-26,34.210169,-118.870509,14.9,0.033,62.0,Thousand Oaks,13.351166979166665,76.65667970833333,4.856925316666667,1019.6333333333333,0.0,34.791666666666664
2020-01-27,34.210169,-118.870509,2.8,0.038,16.0,Thousand Oaks,13.861583395833334,67.79208808333333,8.269208004166666,1021.8416666666667,0.0,11.291666666666666
2020-01-28,34.210169,-118.870509,0.7,0.04,4.0,Thousand Oaks,15.224083520833332,40.03740577083334,10.430459141666667,1022.2416666666667,0.0,9.625
2020-01-29,34.210169,-118.870509,3.7,0.04,21.0,Thousand Oaks,14.6032501875,42.42615116666666,16.0451791875,1017.6875,0.0,18.291666666666668
2020-01-30,34.210169,-118.870509,1.8,0.039,10.0,Thousand Oaks,15.653250166666666,31.394959666666665,12.577827166666665,1018.8791666666666,0.0,36.333333333333336
2020-01-31,34.210169,-118.870509,1.7,0.039,9.0,Thousand Oaks,18.763666791666665,28.151044833333334,16.934504083333334,1021.8874999999999,0.0,29.666666666666668
2020-02-01,34.210169,-118.870509,1.3,0.04,7.0,Thousand Oaks,20.29491685416667,25.958415708333334,15.846437250000001,1023.5749999999999,0.0,23.041666666666668
2020-02-02,34.210169,-118.870509,3.8,0.038,21.0,Thousand Oaks,18.351166666666668,34.182973125,9.242414920833333,1016.0625,0.0,8.125
2020-02-03,34.210169,-118.870509,0.2,0.04,1.0,Thousand Oaks,10.615750145833333,52.897432375,18.2147506375,1012.7624999999999,0.0,13.791666666666666
2020-02-04,34.210169,-118.870509,3.5,0.04,19.0,Thousand Oaks,8.857416791666667,16.611209295833333,19.767261625,1018.7125,0.0,3.125
2020-02-05,34.210169,-118.870509,2.1,0.039,12.0,Thousand Oaks,9.094916708333333,20.16345241666667,9.70093085,1022.1041666666666,0.0,35.625
2020-02-06,34.210169,-118.870509,5.4,0.043,30.0,Thousand Oaks,10.199083425,40.91991058333333,5.925791329166667,1020.6875,0.0,17.958333333333332
2020-02-07,34.210169,-118.870509,8.9,0.047,49.0,Thousand Oaks,11.447000104166667,60.6402895,5.961655507500001,1018.7291666666666,0.0,0.0
2020-02-08,34.210169,-118.870509,14.3,0.052,61.0,Thousand Oaks,12.790750104166667,67.77472391666667,6.1807136625,1016.5166666666668,0.0,0.0
2020-02-09,34.210169,-118.870509,8.2,0.041,46.0,Thousand Oaks,11.890749854166666,74.84290891666667,10.544891770833333,1011.4,0.06666666666666667,62.166666666666664
2020-02-10,34.210169,-118.870509,2.7,0.041,15.0,Thousand Oaks,14.649083312499998,26.841460291666667,24.171082124999998,1010.4833333333332,0.0,35.75
2020-02-11,34.210169,-118.870509,1.7,0.043,9.0,Thousand Oaks,15.4865835,20.152088041666666,15.801559141666667,1014.9041666666667,0.0,0.4583333333333333
2020-02-12,34.210169,-118.870509,6.0,0.042,33.0,Thousand Oaks,13.2095000625,40.81783875,7.6493387875,1017.6833333333334,0.0,5.333333333333333
2020-02-13,34.210169,-118.870509,6.6,0.047,37.0,Thousand Oaks,12.353249937500001,54.04526954166667,4.8539751,1018.1999999999999,0.0,20.083333333333332
2020-02-14,34.210169,-118.870509,9.6,0.051,52.0,Thousand Oaks,12.451166729166667,56.966217,6.013926883333333,1017.5375,0.0,21.625
2020-02-15,34.210169,-118.870509,9.6,0.054,52.0,Thousand Oaks,12.922000104166665,60.23050679166667,5.985113845833333,1020.2416666666667,0.0,2.0833333333333335
2020-02-16,34.210169,-118.870509,10.5,0.053,54.0,Thousand Oaks,13.890750083333332,64.66631691666667,6.7780411195833326,1019.7958333333332,0.0,2.375
2020-02-17,34.210169,-118.870509,9.0,0.044,50.0,Thousand Oaks,15.421999916666666,55.40792729166666,6.4984918375000005,1014.8000000000001,0.0,37.791666666666664
2020-02-18,34.210169,-118.870509,12.3,0.048,57.0,Thousand Oaks,15.892833416666667,46.7862515,7.669054241666667,1014.0166666666668,0.0,57.041666666666664
2020-02-19,34.210169,-118.870509,13.4,0.046,59.0,Thousand Oaks,14.501167125,76.468189125,7.3629746125,1016.5833333333334,0.0,35.416666666666664
2020-02-20,34.210169,-118.870509,11.3,0.053,55.0,Thousand Oaks,16.294916729166665,47.648713791666665,10.9529455,1018.0583333333334,0.0,0.125
2020-02-21,34.210169,-118.870509,6.6,0.048,37.0,Thousand Oaks,17.703250041666667,31.217330958333335,12.393279308333334,1016.7375000000001,0.004166666666666667,27.75
2020-02-22,34.210169,-118.870509,5.6,0.04,31.0,Thousand Oaks,13.75325,78.16183741666667,8.2982994,1016.2041666666668,0.09999999999999999,59.833333333333336
2020-02-23,34.210169,-118.870509,6.3,0.04,35.0,Thousand Oaks,12.638666749999999,85.817861375,6.357760370833333,1021.8291666666668,0.07916666666666666,63.958333333333336
2020-02-24,34.210169,-118.870509,6.9,0.042,38.0,Thousand Oaks,13.134500020833334,79.55345179166666,7.206156933333333,1023.1708333333332,0.0,15.083333333333334
2020-02-25,34.210169,-118.870509,2.1,0.042,12.0,Thousand Oaks,18.461583395833333,36.35279920833333,19.0868931125,1021.0833333333334,0.0,1.7916666666666667
2020-02-26,34.210169,-118.870509,2.2,0.043,12.0,Thousand Oaks,18.694916895833334,17.31340925,18.786550916666666,1024.7166666666667,0.0,6.5
2020-02-27,34.210169,-118.870509,1.5,0.041,8.0,Thousand Oaks,19.880333604166665,19.436083041666667,15.781827416666665,1022.0416666666666,0.0,90.20833333333333
2020-02-28,34.210169,-118.870509,1.2,0.042,7.0,Thousand Oaks,21.41575016666667,16.48054139583333,13.336013516666666,1020.1999999999999,0.0,85.70833333333333
2020-02-29,34.210169,-118.870509,5.7,0.047,32.0,Thousand Oaks,17.594917020833332,40.51245466666666,8.844946112499999,1017.8041666666667,0.0,52.166666666666664
2020-03-01,34.210169,-118.870509,4.8,0.045,27.0,Thousand Oaks,12.349083520833332,75.41672725,11.058224408333333,1015.15,0.0,50.583333333333336
2020-03-02,34.210169,-118.870509,1.9,0.042,11.0,Thousand Oaks,11.834500125,57.64441939583333,12.908065229166667,1012.4416666666666,0.15,41.708333333333336
2020-03-03,34.210169,-118.870509,2.6,0.043,14.0,Thousand Oaks,16.274083458333333,28.087248833333334,9.877064995833333,1013.7291666666666,0.0,0.25
2020-03-04,34.210169,-118.870509,9.3,0.04,51.0,Thousand Oaks,16.517833604166665,47.29177070833333,8.1049249125,1016.875,0.0,17.125
2020-03-05,34.210169,-118.870509,8.7,0.045,48.0,Thousand Oaks,15.382416749999999,76.73467325,5.172529895,1020.5041666666666,0.0,85.95833333333333
2020-03-06,34.210169,-118.870509,7.7,0.04,43.0,Thousand Oaks,15.651166958333334,66.39022608333333,5.808582282083333,1016.8333333333334,0.0,65.33333333333333
2020-03-07,34.210169,-118.870509,0.8,0.037,4.0,Thousand Oaks,12.119916770833333,75.14206904166666,7.887934319583334,1016.0416666666666,0.05000000000000001,72.58333333333333
2020-03-08,34.210169,-118.870509,0.8,0.036,4.0,Thousand Oaks,11.655333333333333,74.71016195833333,7.628452533333333,1016.025,0.012499999999999999,49.75
2020-03-09,34.210169,-118.870509,0.6,0.035,3.0,Thousand Oaks,12.634499979166668,63.21189958333333,8.088472125000001,1018.4499999999999,0.012500000000000002,91.66666666666667
2020-03-10,34.210169,-118.870509,1.3,0.025,7.0,Thousand Oaks,14.957416770833333,73.42817241666667,14.936745291666668,1016.4666666666667,0.44166666666666665,93.91666666666667
2020-03-11,34.210169,-118.870509,1.7,0.035,9.0,Thousand Oaks,14.490750104166667,88.18202270833332,8.4812581375,1016.7958333333332,0.8291666666666666,62.791666666666664
2020-03-12,34.210169,-118.870509,1.0,0.031,6.0,Thousand Oaks,14.303249958333332,82.19144666666666,7.472606025,1011.8833333333333,0.1625,43.083333333333336
2020-03-13,34.210169,-118.870509,1.2,0.033,7.0,Thousand Oaks,11.890749958333332,91.87470620833334,6.383368315416667,1011.0875,1.4916666666666665,99.0
2020-03-14,34.210169,-118.870509,2.0,0.039,11.0,Thousand Oaks,11.913666833333332,91.18734783333333,8.700773475,1017.5583333333334,0.13333333333333333,78.29166666666667
2020-03-15,34.210169,-118.870509,3.1,0.04,17.0,Thousand Oaks,11.442833499999999,83.14774020833333,6.8030820625,1019.9083333333333,0.025000000000000005,62.666666666666664
2020-03-16,34.210169,-118.870509,2.9,0.039,16.0,Thousand Oaks,10.465750229166666,85.86201358333334,10.0371717625,1017.4416666666666,0.5583333333333333,73.125
2020-03-17,34.210169,-118.870509,2.0,0.04,11.0,Thousand Oaks,8.1428334375,85.04037025000001,6.500172507083334,1015.1916666666666,0.225,40.208333333333336
2020-03-18,34.210169,-118.870509,0.4,0.042,2.0,Thousand Oaks,9.467833458333333,68.47798370833333,8.09727485,1011.4208333333332,0.004166666666666667,26.125
2020-03-19,34.210169,-118.870509,1.1,0.044,6.0,Thousand Oaks,9.680333458333333,78.29931012499999,7.831937254166667,1014.0791666666668,0.041666666666666664,22.583333333333332
2020-03-20,34.210169,-118.870509,0.2,0.04,1.0,Thousand Oaks,10.7803333125,81.568349375,8.9112915125,1021.9,0.03333333333333333,58.041666666666664
2020-03-21,34.210169,-118.870509,1.3,0.04,7.0,Thousand Oaks,12.3094999375,80.28407554166667,5.051205819583333,1020.7458333333334,0.041666666666666664,69.25
2020-03-22,34.210169,-118.870509,0.5,0.039,3.0,Thousand Oaks,12.694916791666666,77.54858475,9.5976239625,1020.0916666666667,0.05833333333333333,66.66666666666667
2020-03-23,34.210169,-118.870509,0.2,0.043,1.0,Thousand Oaks,12.109499875,87.0250135,12.153287829166667,1018.5875,0.8375,77.625
2020-03-24,34.210169,-118.870509,2.3,0.041,13.0,Thousand Oaks,12.403249895833333,83.12765916666667,9.3433787875,1021.5583333333334,0.012500000000000002,67.625
2020-03-25,34.210169,-118.870509,0.6,0.043,3.0,Thousand Oaks,11.053250145833333,79.90259170833333,10.089286425,1019.0375,0.0,67.875
2020-03-26,34.210169,-118.870509,1.0,0.041,6.0,Thousand Oaks,9.269916799999999,65.9527305,12.562444666666666,1016.2875,0.0,11.666666666666666
2020-03-27,34.210169,-118.870509,1.0,0.041,6.0,Thousand Oaks,9.269916799999999,65.9527305,12.562444666666666,1016.2875,0.0,11.666666666666666
2020-03-28,34.210169,-118.870509,5.8,0.046,32.0,Thousand Oaks,11.469916645833335,68.10671208333333,8.963117345833334,1020.9125,0.0,31.708333333333332
2020-03-29,34.210169,-118.870509,5.5,0.044,31.0,Thousand Oaks,11.640750020833332,76.741491375,7.873793179166667,1018.975,0.012499999999999999,30.416666666666668
2020-03-30,34.210169,-118.870509,4.1,0.042,23.0,Thousand Oaks,13.076166624999999,74.92685645833333,7.058506604166666,1021.2791666666667,0.0,2.7916666666666665
2020-03-31,34.210169,-118.870509,3.5,0.043,19.0,Thousand Oaks,15.8490834375,57.74526904166667,8.828900770833334,1018.6291666666666,0.0,81.375
2020-04-01,34.210169,-118.870509,5.3,0.043,29.0,Thousand Oaks,17.013666791666665,61.607806708333335,6.980670945833334,1011.1833333333334,0.0,47.833333333333336
2020-04-02,34.210169,-118.870509,7.1,0.044,39.0,Thousand Oaks,15.232416875,70.28295391666667,8.082083415833333,1012.6291666666666,0.0,45.291666666666664
2020-04-03,34.210169,-118.870509,5.2,0.044,29.0,Thousand Oaks,13.703250062499999,55.98785370833334,7.187441150000001,1014.4125,0.0,6.041666666666667
2020-04-04,34.210169,-118.870509,7.4,0.047,41.0,Thousand Oaks,13.4990835,67.21133670833333,8.0049120375,1012.4499999999999,0.0,35.666666666666664
2020-04-05,34.210169,-118.870509,0.0,0.031,0.0,Thousand Oaks,12.359499916666666,78.938835375,10.515052395833333,1011.9250000000001,0.025000000000000005,57.875
2020-04-06,34.210169,-118.870509,0.9,0.041,5.0,Thousand Oaks,11.647000145833333,86.77554745833334,13.6874383125,1011.3208333333333,0.9874999999999999,92.75
2020-04-07,34.210169,-118.870509,0.5,0.041,3.0,Thousand Oaks,10.9865833125,78.44411533333333,6.225089258333333,1016.7291666666666,0.05416666666666667,51.416666666666664
2020-04-08,34.210169,-118.870509,0.7,0.041,4.0,Thousand Oaks,9.649083354166667,84.576528375,8.544230854166667,1015.8125,0.5499999999999999,95.41666666666667
2020-04-09,34.210169,-118.870509,0.0,0.034,0.0,Thousand Oaks,9.749083604166666,86.93624249999999,9.503245111666667,1019.1750000000001,0.41250000000000003,99.25
2020-04-10,34.210169,-118.870509,0.0,0.038,0.0,Thousand Oaks,10.6740835625,81.63567916666666,14.435870154166667,1017.1125000000001,0.4708333333333334,94.29166666666667
2020-04-11,34.210169,-118.870509,2.8,0.039,16.0,Thousand Oaks,12.430333374999998,74.83878475,7.1201671,1014.6999999999999,0.008333333333333333,27.708333333333332
2020-04-12,34.210169,-118.870509,3.2,0.035,18.0,Thousand Oaks,13.124083395833333,87.24397633333332,7.105846183333334,1016.4250000000001,0.012500000000000002,71.45833333333333
2020-04-13,34.210169,-118.870509,3.7,0.037,21.0,Thousand Oaks,12.7303335625,87.3171525,6.9358709083333325,1019.1791666666667,0.02916666666666667,86.41666666666667
2020-04-14,34.210169,-118.870509,2.8,0.047,16.0,Thousand Oaks,14.353250145833334,73.53182545833333,11.916139495833335,1020.6666666666666,0.0,52.875
2020-04-15,34.210169,-118.870509,4.7,0.053,26.0,Thousand Oaks,18.157416791666666,47.72378975,9.5929973125,1018.2541666666666,0.0,0.0
2020-04-16,34.210169,-118.870509,9.6,0.05,52.0,Thousand Oaks,16.655333666666667,62.097748249999995,7.937884779166667,1013.4375,0.0,0.041666666666666664
2020-04-17,34.210169,-118.870509,3.8,0.041,21.0,Thousand Oaks,14.492833520833335,80.42032683333333,6.841029841666667,1013.8000000000001,0.020833333333333332,70.95833333333333
2020-04-18,34.210169,-118.870509,3.4,0.04,19.0,Thousand Oaks,13.619916645833333,81.97311729166667,7.6360332741666666,1016.725,0.012500000000000002,62.0
2020-04-19,34.210169,-118.870509,3.0,0.039,17.0,Thousand Oaks,12.822000083333334,82.924350375,8.088742133333334,1018.0541666666667,0.0,56.333333333333336
2020-04-20,34.210169,-118.870509,3.7,0.036,21.0,Thousand Oaks,13.797000083333332,81.488241,8.6703739,1017.6750000000001,0.004166666666666667,81.83333333333333
2020-04-21,34.210169,-118.870509,3.7,0.042,21.0,Thousand Oaks,15.367833479166668,77.63819670833333,7.7163085958333335,1018.2375000000001,0.0,20.5
2020-04-22,34.210169,-118.870509,5.6,0.047,31.0,Thousand Oaks,20.042833354166667,54.58234975,8.6625956,1018.7958333333332,0.0,3.2916666666666665
2020-04-23,34.210169,-118.870509,3.3,0.052,18.0,Thousand Oaks,24.136583375,43.37352225,8.681019870833333,1015.875,0.0,0.0
2020-04-24,34.210169,-118.870509,4.7,0.054,26.0,Thousand Oaks,27.086583333333333,30.4531935,17.316613204166668,1012.7541666666666,0.0,7.458333333333333
2020-04-25,34.210169,-118.870509,6.4,0.06,36.0,Thousand Oaks,27.963666791666668,28.61557858333333,10.461895091666667,1013.1541666666667,0.0,20.916666666666668
2020-04-26,34.210169,-118.870509,8.1,0.055,45.0,Thousand Oaks,24.74075004166667,39.86832404166667,7.700921345833333,1013.5083333333333,0.0,54.083333333333336
2020-04-27,34.210169,-118.870509,9.0,0.049,50.0,Thousand Oaks,23.23450025,51.73372216666667,7.336995533333333,1013.8125,0.0,17.583333333333332
2020-04-28,34.210169,-118.870509,9.6,0.056,52.0,Thousand Oaks,23.722000291666664,48.90055275,6.5734778700000005,1014.5291666666667,0.0,0.0
2020-04-29,34.210169,-118.870509,9.1,0.046,51.0,Thousand Oaks,21.928250333333335,66.645849,5.948723379166666,1014.8958333333334,0.0,42.791666666666664
2020-04-30,34.210169,-118.870509,8.5,0.046,47.0,Thousand Oaks,20.690750166666664,69.18347208333334,6.540469427916666,1013.9166666666666,0.0,48.333333333333336
2020-05-01,34.210169,-118.870509,8.7,0.048,48.0,Thousand Oaks,22.109500395833333,60.647334208333326,6.793567432500001,1012.6791666666667,0.0,1.4166666666666667
2020-05-02,34.210169,-118.870509,7.5,0.042,42.0,Thousand Oaks,21.297000104166667,54.258947,6.752299904166667,1014.3874999999999,0.0,2.0
2020-05-03,34.210169,-118.870509,6.9,0.034,38.0,Thousand Oaks,20.051166916666666,62.77585829166667,7.475941179166667,1016.0666666666666,0.0,16.083333333333332
2020-05-04,34.210169,-118.870509,4.9,0.053,27.0,Thousand Oaks,22.59491675,45.93200170833333,8.628006291666667,1015.3916666666668,0.0,0.0
2020-05-05,34.210169,-118.870509,5.5,0.058,31.0,Thousand Oaks,25.27408325,22.621127708333333,10.605913466666667,1013.875,0.0,0.0
2020-05-06,34.210169,-118.870509,5.7,0.065,32.0,Thousand Oaks,26.778249916666667,21.212491916666668,11.588616033333333,1013.0041666666666,0.0,55.208333333333336
2020-05-07,34.210169,-118.870509,7.7,0.074,43.0,Thousand Oaks,27.92616645833333,20.237578916666667,12.3293430875,1010.6333333333333,0.0,95.41666666666667
2020-05-08,34.210169,-118.870509,10.1,0.066,53.0,Thousand Oaks,25.20950016666667,33.52880995833333,7.3204089041666665,1011.0083333333333,0.0,33.541666666666664
2020-05-09,34.210169,-118.870509,11.6,0.056,56.0,Thousand Oaks,21.547000166666667,62.347133041666666,6.838999795833334,1012.7583333333333,0.0,46.958333333333336
2020-05-10,34.210169,-118.870509,9.1,0.047,51.0,Thousand Oaks,18.9615834375,71.7473965,6.856787333333333,1013.9416666666666,0.0,18.416666666666668
2020-05-11,34.210169,-118.870509,7.7,0.048,43.0,Thousand Oaks,16.722000062499998,71.62466058333334,7.894617233333332,1015.3791666666666,0.0,36.458333333333336
2020-05-12,34.210169,-118.870509,3.2,0.037,18.0,Thousand Oaks,15.71575025,72.923947375,11.0534320875,1015.7458333333334,0.012500000000000002,32.166666666666664
2020-05-13,34.210169,-118.870509,2.2,0.04,12.0,Thousand Oaks,16.447000125,70.07568429166666,10.547848379166666,1015.1750000000001,0.0,23.25
2020-05-14,34.210169,-118.870509,5.3,0.038,29.0,Thousand Oaks,18.474083395833333,59.31638329166666,8.532434858333334,1015.2125,0.0,7.416666666666667
2020-05-15,34.210169,-118.870509,6.7,0.042,37.0,Thousand Oaks,20.63866691666667,53.63865604166667,9.929390829166666,1013.1458333333334,0.0,0.20833333333333334
2020-05-16,34.210169,-118.870509,6.2,0.047,34.0,Thousand Oaks,22.6115835,45.0220185,7.0795446449999995,1010.8874999999999,0.0,23.333333333333332
2020-05-17,34.210169,-118.870509,3.9,0.035,22.0,Thousand Oaks,20.826166833333335,50.25657758333333,7.557345583333333,1011.2375000000001,0.0,50.875
2020-05-18,34.210169,-118.870509,-0.1,0.037,0.0,Thousand Oaks,17.205333541666665,82.73659366666666,13.767576854166668,1013.7416666666667,0.14583333333333334,77.70833333333333
2020-05-19,34.210169,-118.870509,0.9,0.037,5.0,Thousand Oaks,15.101166625,70.046144625,12.0467345375,1014.6875,0.0,15.0
2020-05-20,34.210169,-118.870509,4.1,0.041,23.0,Thousand Oaks,16.813666729166666,63.37226220833333,9.301181791666666,1016.7708333333334,0.0,1.4583333333333333
2020-05-21,34.210169,-118.870509,5.5,0.052,31.0,Thousand Oaks,20.603250270833332,40.79074179166667,9.406496483333333,1014.0041666666666,0.0,0.041666666666666664
2020-05-22,34.210169,-118.870509,10.3,0.043,53.0,Thousand Oaks,20.83033345833333,48.34197154166666,9.5807189125,1011.2708333333334,0.0,14.833333333333334
2020-05-23,34.210169,-118.870509,10.6,0.045,54.0,Thousand Oaks,18.222000270833334,63.08396470833333,9.256638879166667,1012.2083333333334,0.0,10.791666666666666
2020-05-24,34.210169,-118.870509,12.1,0.046,57.0,Thousand Oaks,19.551166895833333,57.245006208333336,8.391878875,1013.0708333333333,0.0,1.4166666666666667
2020-05-25,34.210169,-118.870509,13.7,0.049,60.0,Thousand Oaks,21.830333541666665,52.13056045833333,7.895143841666666,1011.9333333333334,0.0,0.125
2020-05-26,34.210169,-118.870509,11.5,0.048,55.0,Thousand Oaks,24.33866675,42.826223416666664,7.372882240416668,1011.525,0.0,0.25
2020-05-27,34.210169,-118.870509,8.7,0.047,48.0,Thousand Oaks,23.992833416666667,50.014862083333334,6.670419957499999,1012.0583333333334,0.0,0.125
2020-05-28,34.210169,-118.870509,4.9,0.036,27.0,Thousand Oaks,21.66575016666667,58.13517945833333,6.241745725,1013.3249999999999,0.0,0.3333333333333333
2020-05-29,34.210169,-118.870509,3.3,0.029,18.0,Thousand Oaks,19.557416749999998,71.29079,5.7825765625,1014.4833333333332,0.0,34.208333333333336
2020-05-30,34.210169,-118.870509,2.1,0.028,12.0,Thousand Oaks,17.899083416666667,70.02541308333333,9.762490779166667,1015.5625,0.0,60.375
2020-05-31,34.210169,-118.870509,5.2,0.031,29.0,Thousand Oaks,18.076166708333332,70.76886291666666,8.080108470833332,1013.8458333333333,0.0,61.833333333333336
2020-06-01,34.210169,-118.870509,7.2,0.043,40.0,Thousand Oaks,20.394916833333333,59.877666624999996,9.0905967625,1013.2291666666666,0.0,95.125
2020-06-02,34.210169,-118.870509,9.9,0.049,52.0,Thousand Oaks,22.924083375,48.864847708333336,6.294010511250001,1012.5916666666667,0.0,91.54166666666667
2020-06-03,34.210169,-118.870509,9.1,0.051,51.0,Thousand Oaks,26.938666625,41.24784129166667,8.488322145833333,1013.0916666666667,0.0,59.666666666666664
2020-06-04,34.210169,-118.870509,11.8,0.047,56.0,Thousand Oaks,24.505333375000003,47.699746833333336,9.876080179166665,1009.9583333333334,0.0,7.125
2020-06-05,34.210169,-118.870509,5.7,0.03,32.0,Thousand Oaks,19.8615835,69.094813625,7.158602975,1009.8458333333333,0.012500000000000002,71.04166666666667
2020-06-06,34.210169,-118.870509,4.0,0.032,22.0,Thousand Oaks,17.849083583333332,69.39831641666667,10.989647183333332,1011.7666666666668,0.004166666666666667,48.041666666666664
2020-06-07,34.210169,-118.870509,5.0,0.037,28.0,Thousand Oaks,18.636583395833334,63.34380566666667,8.918355979166668,1012.8708333333334,0.0,9.333333333333334
2020-06-08,34.210169,-118.870509,1.5,0.041,8.0,Thousand Oaks,21.501166833333333,22.384811233333334,18.55728016666667,1014.7375000000001,0.0,17.833333333333332
2020-06-09,34.210169,-118.870509,0.9,0.05,5.0,Thousand Oaks,25.953249708333335,14.723554170833333,13.357660583333335,1016.8916666666668,0.0,0.0
2020-06-10,34.210169,-118.870509,5.0,0.066,28.0,Thousand Oaks,28.509500041666666,12.725406025,11.4152651875,1014.5291666666667,0.0,0.0
2020-06-11,34.210169,-118.870509,6.0,0.059,33.0,Thousand Oaks,27.78658308333333,16.932167562500002,8.3855024,1014.0333333333333,0.0,0.0
2020-06-12,34.210169,-118.870509,7.2,0.046,40.0,Thousand Oaks,22.742833458333333,46.15556337499999,6.982019316666666,1016.3833333333333,0.0,30.166666666666668
2020-06-13,34.210169,-118.870509,5.5,0.038,31.0,Thousand Oaks,20.047000166666667,56.065413,10.116919637499999,1014.6458333333334,0.0,3.0833333333333335
2020-06-14,34.210169,-118.870509,5.8,0.042,32.0,Thousand Oaks,21.005333625000002,51.832782458333334,7.481326674999999,1011.8541666666666,0.0,4.541666666666667
2020-06-15,34.210169,-118.870509,6.2,0.044,34.0,Thousand Oaks,22.60325016666667,50.97325370833334,7.743807445833333,1012.5166666666668,0.0,3.4583333333333335
2020-06-16,34.210169,-118.870509,8.3,0.039,46.0,Thousand Oaks,20.011583541666667,68.409105,8.175933020833334,1013.5166666666668,0.0,48.583333333333336
2020-06-17,34.210169,-118.870509,8.9,0.042,49.0,Thousand Oaks,19.836583416666667,69.34022620833333,7.5466676958333325,1013.0458333333332,0.0,20.166666666666668
2020-06-18,34.210169,-118.870509,7.1,0.043,39.0,Thousand Oaks,19.72408354166667,72.83212125,7.399544752916667,1013.8041666666667,0.004166666666666667,33.75
2020-06-19,34.210169,-118.870509,8.9,0.043,49.0,Thousand Oaks,18.601166666666668,76.38139833333334,6.9817974000000005,1013.4875000000001,0.0,49.541666666666664
2020-06-20,34.210169,-118.870509,5.2,0.038,29.0,Thousand Oaks,18.361583416666665,73.82717158333334,7.126272904166666,1015.1666666666666,0.0,31.458333333333332
2020-06-21,34.210169,-118.870509,4.7,0.04,26.0,Thousand Oaks,19.034500124999997,74.20021875,6.596616682083333,1014.9958333333334,0.0,33.833333333333336
2020-06-22,34.210169,-118.870509,6.7,0.045,37.0,Thousand Oaks,20.265750166666667,70.15943029166667,6.793088654166667,1014.1750000000001,0.0,14.666666666666666
2020-06-23,34.210169,-118.870509,5.8,0.043,32.0,Thousand Oaks,21.186583416666668,66.91074666666667,6.812206229166667,1013.5083333333333,0.0,26.291666666666668
2020-06-24,34.210169,-118.870509,4.8,0.041,27.0,Thousand Oaks,21.436583625,66.49619475,6.76860319875,1011.1958333333333,0.0,93.08333333333333
2020-06-25,34.210169,-118.870509,6.2,0.043,34.0,Thousand Oaks,20.7490835,70.699403625,5.548384541666667,1010.2291666666666,0.0,55.833333333333336
2020-06-26,34.210169,-118.870509,5.7,0.042,32.0,Thousand Oaks,21.019917,70.00484516666667,6.208060474166667,1011.8041666666667,0.0,20.666666666666668
2020-06-27,34.210169,-118.870509,6.0,0.039,33.0,Thousand Oaks,21.278250208333333,62.89216737500001,6.3137403825,1012.1541666666667,0.0,12.791666666666666
2020-06-28,34.210169,-118.870509,3.2,0.031,18.0,Thousand Oaks,19.45116691666667,71.58949729166666,8.0452066875,1011.0541666666667,0.0,51.333333333333336
2020-06-29,34.210169,-118.870509,5.1,0.035,28.0,Thousand Oaks,18.190750416666667,71.66092170833333,8.981918116666668,1010.2291666666666,0.0,66.83333333333333
2020-06-30,34.210169,-118.870509,7.2,0.038,40.0,Thousand Oaks,19.16991675,69.11605383333334,7.952814749999999,1013.1999999999999,0.0,11.5
2020-07-01,34.210169,-118.870509,9.0,0.039,50.0,Thousand Oaks,19.45950025,71.16081716666666,7.4162699241666665,1011.9499999999999,0.0,36.666666666666664
2020-07-02,34.210169,-118.870509,7.6,0.041,42.0,Thousand Oaks,20.082416729166667,72.28392329166667,6.442077954166667,1012.6208333333334,0.0,27.666666666666668
2020-07-03,34.210169,-118.870509,7.5,0.046,42.0,Thousand Oaks,21.65116677083333,59.21950375,6.877867158333333,1014.7833333333333,0.0,0.041666666666666664
2020-07-04,34.210169,-118.870509,9.4,0.042,52.0,Thousand Oaks,24.43033325,38.65797129166666,7.536034254166666,1015.0083333333333,0.0,0.0
2020-07-05,34.210169,-118.870509,21.9,0.046,75.0,Thousand Oaks,26.005333166666663,36.835360125,8.087710754166666,1013.1833333333334,0.0,0.0
2020-07-06,34.210169,-118.870509,14.5,0.054,61.0,Thousand Oaks,26.7949165,35.437159916666666,8.238203154166667,1010.6875,0.0,0.0
2020-07-07,34.210169,-118.870509,14.5,0.054,61.0,Thousand Oaks,25.934500166666666,36.79371870833334,7.199403654166667,1011.125,0.0,0.0
2020-07-08,34.210169,-118.870509,13.7,0.049,60.0,Thousand Oaks,24.05325025,46.972032625,7.516769679166667,1010.9583333333334,0.0,0.125
2020-07-09,34.210169,-118.870509,12.5,0.047,57.0,Thousand Oaks,23.217833625,58.46546870833333,6.162317752916667,1011.5458333333332,0.0,2.2916666666666665
2020-07-10,34.210169,-118.870509,9.2,0.053,51.0,Thousand Oaks,24.505333333333336,52.28849341666666,6.488050725,1013.9125,0.0,23.083333333333332
2020-07-11,34.210169,-118.870509,8.9,0.057,49.0,Thousand Oaks,27.874083041666665,35.6851803125,7.0533406408333335,1014.6750000000001,0.0,0.5
2020-07-12,34.210169,-118.870509,10.8,0.053,54.0,Thousand Oaks,28.965749666666667,28.05561845833333,6.445505916666666,1012.6666666666666,0.0,1.9583333333333333
2020-07-13,34.210169,-118.870509,13.3,0.047,59.0,Thousand Oaks,26.809500041666666,45.28862808333333,8.1156100625,1011.1999999999999,0.0,2.2083333333333335
2020-07-14,34.210169,-118.870509,8.2,0.041,46.0,Thousand Oaks,22.713666833333335,63.84109858333333,6.813543725,1013.3541666666666,0.0,4.833333333333333
2020-07-15,34.210169,-118.870509,6.0,0.04,33.0,Thousand Oaks,20.859500125,67.92829991666666,6.871297299999999,1013.8375,0.0,7.083333333333333
2020-07-16,34.210169,-118.870509,6.2,0.042,34.0,Thousand Oaks,20.636583479166667,66.37205466666667,6.870959512500001,1012.9125,0.0,2.5
2020-07-17,34.210169,-118.870509,3.7,0.037,21.0,Thousand Oaks,21.159500333333334,68.98156433333334,6.6802220708333335,1014.3583333333332,0.0,4.416666666666667
2020-07-18,34.210169,-118.870509,2.5,0.036,14.0,Thousand Oaks,21.7032501875,64.32243041666668,6.545910433333333,1014.9708333333333,0.0,0.5
2020-07-19,34.210169,-118.870509,3.0,0.034,17.0,Thousand Oaks,21.613667000000003,57.07947275,7.740456066666667,1014.4166666666666,0.0,1.0833333333333333
2020-07-20,34.210169,-118.870509,4.8,0.034,27.0,Thousand Oaks,22.097000124999997,60.245353791666666,7.0796919408333325,1013.4958333333334,0.0,0.5
2020-07-21,34.210169,-118.870509,4.9,0.039,27.0,Thousand Oaks,22.95533358333333,58.16384525,5.987866319999999,1010.975,0.0,11.708333333333334
2020-07-22,34.210169,-118.870509,5.3,0.037,29.0,Thousand Oaks,21.10325025,67.78791366666667,6.819508358333334,1011.0291666666667,0.0,14.166666666666666
2020-07-23,34.210169,-118.870509,8.3,0.044,46.0,Thousand Oaks,19.942833583333336,69.339101875,6.2387540625,1012.3625000000001,0.0,13.291666666666666
2020-07-24,34.210169,-118.870509,5.9,0.045,33.0,Thousand Oaks,20.257416791666667,65.72260337499999,6.6355477125,1012.6458333333334,0.0,2.0416666666666665
2020-07-25,34.210169,-118.870509,6.3,0.042,35.0,Thousand Oaks,21.33450016666667,67.20379620833334,6.8197926325000005,1013.1374999999999,0.0,3.7083333333333335
2020-07-26,34.210169,-118.870509,6.5,0.039,36.0,Thousand Oaks,22.840750125,60.339174541666665,6.992853691666666,1013.1750000000001,0.0,0.16666666666666666
2020-07-27,34.210169,-118.870509,5.5,0.037,31.0,Thousand Oaks,22.58033358333333,56.70190733333334,7.062571025,1012.9708333333333,0.0,0.25
2020-07-28,34.210169,-118.870509,6.2,0.038,34.0,Thousand Oaks,21.972000124999997,59.40496170833333,6.623412461249999,1011.9666666666667,0.0,0.3333333333333333
2020-07-29,34.210169,-118.870509,7.7,0.041,43.0,Thousand Oaks,22.790750208333336,59.87894191666666,6.315217795833333,1011.9541666666668,0.0,0.25
2020-07-30,34.210169,-118.870509,4.4,0.042,24.0,Thousand Oaks,24.249083249999998,54.299294124999996,6.303802079166666,1013.3416666666667,0.0,1.4166666666666667
2020-07-31,34.210169,-118.870509,8.3,0.044,46.0,Thousand Oaks,28.407416333333334,30.79650975,7.0749339375,1012.3791666666666,0.0,0.041666666666666664
2020-08-01,34.210169,-118.870509,9.9,0.052,52.0,Thousand Oaks,29.959499833333336,19.835459104166667,6.541227179166667,1011.6916666666666,0.0,0.0
2020-08-02,34.210169,-118.870509,11.3,0.047,55.0,Thousand Oaks,27.821999875,42.94659975,6.2749394999999994,1013.4666666666667,0.0,0.0
2020-08-03,34.210169,-118.870509,7.9,0.046,44.0,Thousand Oaks,25.540750041666666,54.834259374999995,6.155760354166667,1013.475,0.0,18.791666666666668
2020-08-04,34.210169,-118.870509,7.6,0.044,42.0,Thousand Oaks,23.97408366666667,60.833149125,5.326357858333334,1013.5916666666667,0.0,3.75
2020-08-05,34.210169,-118.870509,8.8,0.044,49.0,Thousand Oaks,21.440750124999997,69.769029625,6.046873300000001,1013.4625,0.0,18.791666666666668
2020-08-06,34.210169,-118.870509,7.1,0.044,39.0,Thousand Oaks,20.657416875,69.36313483333333,8.2674507625,1012.6374999999999,0.0,25.0
2020-08-07,34.210169,-118.870509,8.4,0.043,47.0,Thousand Oaks,21.022000208333335,62.89008725,7.670237408333333,1012.8041666666667,0.0,0.20833333333333334
2020-08-08,34.210169,-118.870509,9.3,0.037,51.0,Thousand Oaks,22.186583666666667,59.19982945833333,6.651772516666667,1014.4791666666666,0.0,0.041666666666666664
2020-08-09,34.210169,-118.870509,7.5,0.035,42.0,Thousand Oaks,22.769916875000003,58.203255541666664,6.1693255875,1014.1208333333334,0.0,0.16666666666666666
2020-08-10,34.210169,-118.870509,5.3,0.038,29.0,Thousand Oaks,22.58866675,56.00515704166667,6.8705748,1013.35,0.0,0.25
2020-08-11,34.210169,-118.870509,5.7,0.037,32.0,Thousand Oaks,21.77200025,54.289543,6.855510804166666,1013.1458333333334,0.0,0.5416666666666666
2020-08-12,34.210169,-118.870509,5.7,0.041,32.0,Thousand Oaks,24.24074991666667,44.29115316666667,6.546679691666667,1012.1166666666667,0.0,0.0
2020-08-13,34.210169,-118.870509,6.7,0.046,37.0,Thousand Oaks,27.655333416666668,30.449470187499998,7.059073035,1012.2125,0.0,56.541666666666664
2020-08-14,34.210169,-118.870509,7.2,0.046,40.0,Thousand Oaks,30.94283308333333,30.745754916666666,7.2279989166666665,1011.0833333333334,0.0,26.625
2020-08-15,34.210169,-118.870509,7.6,0.046,42.0,Thousand Oaks,32.94075004166667,31.443317000000004,7.651160645833333,1010.2291666666666,0.0,12.208333333333334
2020-08-16,34.210169,-118.870509,12.3,0.047,57.0,Thousand Oaks,31.905333125,38.39058491666667,7.086608975,1010.5124999999999,0.0,18.208333333333332
2020-08-17,34.210169,-118.870509,14.9,0.051,62.0,Thousand Oaks,29.451166375,49.409160750000005,6.008121208333333,1012.6958333333333,0.0,24.5
2020-08-18,34.210169,-118.870509,16.0,0.068,64.0,Thousand Oaks,31.113666291666664,42.94263158333334,7.327332883333334,1012.1750000000001,0.0,14.291666666666666
2020-08-19,34.210169,-118.870509,15.9,0.062,64.0,Thousand Oaks,31.665749833333333,44.600272875,7.3510575375,1010.5958333333333,0.0,18.625
2020-08-20,34.210169,-118.870509,21.1,0.048,73.0,Thousand Oaks,30.111583041666666,49.0218955,7.2239744625,1008.3333333333334,0.0,5.375
2020-08-21,34.210169,-118.870509,31.7,0.055,93.0,Thousand Oaks,28.844916416666667,51.3575935,6.564741112499999,1007.9041666666667,0.0,32.916666666666664
2020-08-22,34.210169,-118.870509,24.9,0.054,80.0,Thousand Oaks,29.215749875,48.726005583333325,6.635005625000001,1010.1833333333334,0.0,66.70833333333333
2020-08-23,34.210169,-118.870509,18.7,0.036,69.0,Thousand Oaks,27.155333374999998,60.43743229166666,6.7454351866666675,1011.8083333333334,0.0,20.708333333333332
2020-08-24,34.210169,-118.870509,10.2,0.034,53.0,Thousand Oaks,26.099083625000002,68.09698658333333,6.271206119166667,1011.1291666666666,0.0,1.25
2020-08-25,34.210169,-118.870509,6.1,0.032,34.0,Thousand Oaks,25.361583208333332,62.842939,7.164765466666666,1010.5166666666668,0.0,0.3333333333333333
2020-08-26,34.210169,-118.870509,7.0,0.036,39.0,Thousand Oaks,25.86158345833333,61.012947708333336,6.34133352,1008.5875,0.0,0.125
2020-08-27,34.210169,-118.870509,14.2,0.045,61.0,Thousand Oaks,27.938666541666667,48.46302120833334,7.4315362375000005,1006.7125,0.0,0.25
2020-08-28,34.210169,-118.870509,7.1,0.042,39.0,Thousand Oaks,24.922000125,49.75122004166667,6.262219379583333,1008.2666666666668,0.0,0.0
2020-08-29,34.210169,-118.870509,6.0,0.04,33.0,Thousand Oaks,22.307416833333335,58.02926133333333,6.501696116666667,1011.1,0.0,3.8333333333333335
2020-08-30,34.210169,-118.870509,6.3,0.041,35.0,Thousand Oaks,20.774083395833333,70.81417775,6.259496611666666,1011.5208333333334,0.0,18.416666666666668
2020-08-31,34.210169,-118.870509,7.5,0.046,42.0,Thousand Oaks,20.465750020833333,71.38279308333334,5.747035082083333,1010.7333333333332,0.0,19.375
2020-09-01,34.210169,-118.870509,8.4,0.048,47.0,Thousand Oaks,20.169916875000002,74.634471375,5.827778358333333,1012.8166666666666,0.0,27.041666666666668
2020-09-02,34.210169,-118.870509,7.9,0.047,44.0,Thousand Oaks,20.726166833333334,66.89802841666666,6.137167965833334,1015.4458333333333,0.0,4.041666666666667
2020-09-03,34.210169,-118.870509,11.9,0.052,56.0,Thousand Oaks,22.811583416666668,62.876992541666674,8.4258762375,1014.0208333333334,0.0,0.9166666666666666
2020-09-04,34.210169,-118.870509,16.9,0.064,66.0,Thousand Oaks,26.126166333333334,54.451450666666666,6.437820175,1011.8208333333333,0.0,0.25
2020-09-05,34.210169,-118.870509,15.8,0.066,63.0,Thousand Oaks,31.521999875000002,33.12267277083333,7.486434549999999,1012.0583333333334,0.0,1.1666666666666667
2020-09-06,34.210169,-118.870509,7.7,0.062,43.0,Thousand Oaks,37.961581875,16.624486716666667,10.6560027125,1010.9499999999999,0.0,2.9583333333333335
2020-09-07,34.210169,-118.870509,16.5,0.046,65.0,Thousand Oaks,34.88449920833333,22.460286999999997,7.820574491666666,1008.1750000000001,0.0,3.625
2020-09-08,34.210169,-118.870509,12.8,0.034,58.0,Thousand Oaks,25.305333666666666,70.53117870833334,5.075462608333333,1005.375,0.0,16.5
2020-09-09,34.210169,-118.870509,6.7,0.038,37.0,Thousand Oaks,25.822000083333332,43.60855114583333,10.2135160875,1008.3833333333333,0.0,2.9583333333333335
2020-09-10,34.210169,-118.870509,10.8,0.015,54.0,Thousand Oaks,24.413666666666668,37.620166875,7.088560183333333,1013.8958333333334,0.0,21.375
2020-09-11,34.210169,-118.870509,16.8,0.039,65.0,Thousand Oaks,24.84699995833333,31.44093008333333,6.902903695833333,1015.2291666666666,0.0,6.291666666666667
2020-09-12,34.210169,-118.870509,23.8,0.033,78.0,Thousand Oaks,25.215749916666667,29.559651208333335,7.647330408333333,1012.6875,0.0,0.0
2020-09-13,34.210169,-118.870509,28.8,0.055,88.0,Thousand Oaks,24.415749833333333,37.77635275,6.444888320833333,1012.0166666666668,0.0,0.0
2020-09-14,34.210169,-118.870509,34.5,0.062,98.0,Thousand Oaks,24.622000041666666,38.30356883333334,6.199111779166667,1013.5,0.0,0.0
2020-09-15,34.210169,-118.870509,29.6,0.061,89.0,Thousand Oaks,25.867833291666667,36.800169125000004,6.1395886158333335,1015.9041666666667,0.0,0.0
2020-09-16,34.210169,-118.870509,13.8,0.053,60.0,Thousand Oaks,26.911583208333337,26.86713041666667,7.365563291666667,1015.0666666666666,0.0,0.0
2020-09-17,34.210169,-118.870509,8.5,0.054,47.0,Thousand Oaks,27.486583166666666,18.995284237499998,6.996332454166667,1013.0166666666668,0.0,29.75
2020-09-18,34.210169,-118.870509,14.5,0.068,61.0,Thousand Oaks,27.634499541666667,19.04837165,7.011360341666666,1011.6625,0.0,39.25
2020-09-19,34.210169,-118.870509,12.7,0.051,58.0,Thousand Oaks,27.255333375000003,34.216668625000004,6.984703494583333,1010.6291666666666,0.0,2.3333333333333335
2020-09-20,34.210169,-118.870509,10.9,0.05,54.0,Thousand Oaks,24.53241675,40.657582999999995,6.085751279166666,1010.6208333333334,0.0,0.0
2020-09-21,34.210169,-118.870509,7.9,0.05,44.0,Thousand Oaks,22.194916833333334,67.09502845833333,5.231410329166667,1012.7833333333333,0.0,0.625
2020-09-22,34.210169,-118.870509,10.7,0.055,54.0,Thousand Oaks,22.140750083333334,65.82036854166667,5.852132533333333,1014.9333333333334,0.0,0.3333333333333333
2020-09-23,34.210169,-118.870509,6.3,0.048,35.0,Thousand Oaks,23.422000208333333,52.936343416666666,6.293848645833333,1016.0291666666667,0.0,0.0
2020-09-24,34.210169,-118.870509,11.2,0.054,55.0,Thousand Oaks,24.397000125,40.395024625,7.630132416666666,1013.3833333333333,0.0,0.0
2020-09-25,34.210169,-118.870509,14.2,0.053,61.0,Thousand Oaks,23.588666875,49.08141329166667,6.538334683333333,1012.4333333333334,0.0,0.0
2020-09-26,34.210169,-118.870509,12.8,0.059,58.0,Thousand Oaks,22.782417,60.516419750000004,5.960628008333333,1013.1166666666667,0.0,0.125
2020-09-27,34.210169,-118.870509,14.0,0.054,60.0,Thousand Oaks,22.838666833333335,69.13667379166667,5.492500179166666,1011.4625,0.0,44.875
2020-09-28,34.210169,-118.870509,11.5,0.053,55.0,Thousand Oaks,25.178249958333335,60.90096354166667,6.272328870833333,1012.0666666666666,0.0,13.541666666666666
2020-09-29,34.210169,-118.870509,7.1,0.048,39.0,Thousand Oaks,27.367833166666667,40.7708132375,7.448925920833333,1014.0625,0.0,0.375
2020-09-30,34.210169,-118.870509,8.7,0.055,48.0,Thousand Oaks,30.436583083333332,21.597936899999997,11.095477620833334,1013.9041666666667,0.0,0.041666666666666664
2020-10-01,34.210169,-118.870509,27.7,0.075,86.0,Thousand Oaks,32.47199979166667,17.040941258333334,12.001611595833333,1012.8000000000001,0.0,0.0
2020-10-02,34.210169,-118.870509,21.5,0.083,74.0,Thousand Oaks,31.60533325,16.482905783333333,9.5031615,1011.7416666666667,0.0,0.0
2020-10-03,34.210169,-118.870509,34.4,0.084,98.0,Thousand Oaks,29.894916291666664,21.16378166666667,8.314549079166666,1010.0916666666667,0.0,0.0
2020-10-04,34.210169,-118.870509,29.7,0.073,89.0,Thousand Oaks,27.188666333333334,32.49450545833333,7.4307377125,1012.5875,0.0,3.9583333333333335
2020-10-05,34.210169,-118.870509,36.3,0.07,103.0,Thousand Oaks,27.184500208333333,24.348684875,6.6233535125,1015.0124999999999,0.0,74.58333333333333
2020-10-06,34.210169,-118.870509,21.2,0.064,74.0,Thousand Oaks,24.730333333333334,34.86796708333333,5.915049123749999,1015.0749999999999,0.0,34.166666666666664
2020-10-07,34.210169,-118.870509,17.9,0.052,67.0,Thousand Oaks,24.074083666666667,38.049387125,6.205612416666667,1012.7916666666666,0.0,0.041666666666666664
2020-10-08,34.210169,-118.870509,20.6,0.048,72.0,Thousand Oaks,20.1553335,72.13026366666666,6.058605945833333,1013.3791666666666,0.0,36.666666666666664
2020-10-09,34.210169,-118.870509,15.9,0.047,64.0,Thousand Oaks,18.638666708333336,78.53401054166666,6.888851,1013.65,0.0,27.75
2020-10-10,34.210169,-118.870509,12.1,0.043,57.0,Thousand Oaks,18.728250083333332,79.6467745,6.413406145833334,1014.0708333333333,0.0,49.583333333333336
2020-10-11,34.210169,-118.870509,7.4,0.046,41.0,Thousand Oaks,19.378250104166668,77.447802375,7.3599819625,1014.6125000000001,0.0,18.458333333333332
2020-10-12,34.210169,-118.870509,9.5,0.05,52.0,Thousand Oaks,24.738666374999998,47.12426158333333,9.257758466666667,1014.6999999999999,0.0,0.125
2020-10-13,34.210169,-118.870509,9.7,0.062,52.0,Thousand Oaks,27.269916416666664,27.584162875,8.316887450000001,1014.6208333333334,0.0,0.0
2020-10-14,34.210169,-118.870509,12.9,0.076,58.0,Thousand Oaks,28.247000041666666,20.5555811875,10.135167120833334,1014.2458333333334,0.0,0.0
2020-10-15,34.210169,-118.870509,11.6,0.082,56.0,Thousand Oaks,27.763666333333333,24.170718374999996,7.187978425,1014.0083333333333,0.0,0.0
2020-10-16,34.210169,-118.870509,3.0,0.043,17.0,Thousand Oaks,30.538666625,15.9528815125,15.215054533333332,1012.8541666666666,0.0,11.75
2020-10-17,34.210169,-118.870509,7.6,0.057,42.0,Thousand Oaks,28.899083166666667,18.391116291666666,9.386430329166666,1012.375,0.0,0.0
2020-10-18,34.210169,-118.870509,10.2,0.047,53.0,Thousand Oaks,23.6178335,49.34902970833334,6.814715895833333,1014.5749999999999,0.0,4.583333333333333
2020-10-19,34.210169,-118.870509,8.0,0.037,44.0,Thousand Oaks,21.203250291666667,67.98317345833333,6.3733023625,1014.5708333333333,0.0,29.416666666666668
2020-10-20,34.210169,-118.870509,12.7,0.047,58.0,Thousand Oaks,20.194916916666667,74.71987016666667,5.553047775,1012.2666666666668,0.0,15.958333333333334
2020-10-21,34.210169,-118.870509,15.7,0.053,63.0,Thousand Oaks,19.247000208333333,76.79844491666667,5.8899851125,1010.1041666666666,0.0,18.0
2020-10-22,34.210169,-118.870509,12.7,0.048,58.0,Thousand Oaks,18.688666875,79.080088125,4.120982882083333,1010.9,0.0,50.458333333333336
2020-10-23,34.210169,-118.870509,8.2,0.042,46.0,Thousand Oaks,17.794916833333332,80.84102108333333,5.6746109958333335,1013.6666666666666,0.0,46.666666666666664
2020-10-24,34.210169,-118.870509,5.5,0.034,31.0,Thousand Oaks,17.46366677083333,81.888638125,4.877262604166667,1015.6374999999999,0.0,98.45833333333333
2020-10-25,34.210169,-118.870509,4.0,0.036,22.0,Thousand Oaks,15.782416687499998,81.78654925,8.882342020833333,1013.5166666666668,0.0,71.125
2020-10-26,34.210169,-118.870509,10.1,0.045,53.0,Thousand Oaks,15.519916875,46.82701446666667,19.575496954166667,1015.0375,0.0,31.0
2020-10-27,34.210169,-118.870509,7.7,0.046,43.0,Thousand Oaks,17.286583479166666,24.359658437500002,15.8113472,1018.0041666666666,0.0,3.2083333333333335
2020-10-28,34.210169,-118.870509,7.0,0.056,39.0,Thousand Oaks,18.30741683333333,23.389341625,8.233183158333333,1017.7375000000001,0.0,0.0
2020-10-29,34.210169,-118.870509,8.7,0.056,48.0,Thousand Oaks,19.544916895833335,26.8421541875,8.688343029166667,1016.1083333333332,0.0,0.0
2020-10-30,34.210169,-118.870509,7.0,0.052,39.0,Thousand Oaks,22.0303335,19.285179145833336,8.663575491666666,1015.0541666666667,0.0,0.0
2020-10-31,34.210169,-118.870509,9.8,0.058,52.0,Thousand Oaks,22.594916645833333,22.433357125,9.7142803125,1015.3916666666668,0.0,0.0
2020-11-01,34.210169,-118.870509,10.4,0.049,53.0,Thousand Oaks,24.651166916666668,16.407966208333335,10.694470366666666,1017.9499999999999,0.0,51.166666666666664
2020-11-02,34.210169,-118.870509,8.0,0.052,44.0,Thousand Oaks,23.124083666666667,23.33802175,6.711942641666667,1017.8208333333333,0.0,6.375
2020-11-03,34.210169,-118.870509,16.2,0.05,64.0,Thousand Oaks,20.269916854166667,57.377169708333334,6.069190325,1016.3833333333333,0.0,22.333333333333332
2020-11-04,34.210169,-118.870509,10.3,0.054,53.0,Thousand Oaks,21.915750229166665,40.422286041666666,7.245002895833333,1017.3249999999999,0.0,0.75
2020-11-05,34.210169,-118.870509,5.6,0.04,31.0,Thousand Oaks,25.961583458333333,19.556778166666668,13.138895533333333,1017.1916666666666,0.0,37.125
2020-11-06,34.210169,-118.870509,7.7,0.039,43.0,Thousand Oaks,23.059500041666666,32.98110479166667,8.984945925,1007.5916666666667,0.0,55.25
2020-11-07,34.210169,-118.870509,7.7,0.039,43.0,Thousand Oaks,23.059500041666666,32.98110479166667,8.984945925,1007.5916666666667,0.0,55.25
2020-11-08,34.210169,-118.870509,4.6,0.038,26.0,Thousand Oaks,11.307416916666666,63.00261766666667,17.897458304166665,1009.15,0.0,9.083333333333334
2020-11-09,34.210169,-118.870509,3.9,0.039,22.0,Thousand Oaks,9.632416666666666,53.922525416666666,11.265057441666668,1014.8416666666667,0.0,6.375
2020-11-10,34.210169,-118.870509,4.9,0.042,27.0,Thousand Oaks,11.505333354166666,38.99821554166667,11.473632354166668,1020.8916666666668,0.0,15.291666666666666
2020-11-11,34.210169,-118.870509,6.8,0.041,38.0,Thousand Oaks,12.763666624999999,39.335137125,6.141721433333333,1016.8958333333334,0.0,10.708333333333334
2020-11-12,34.210169,-118.870509,7.2,0.05,40.0,Thousand Oaks,13.636583395833334,48.72645875,5.981080883333334,1016.3125,0.0,11.875
2020-11-13,34.210169,-118.870509,11.0,0.05,55.0,Thousand Oaks,13.134500041666668,53.0950545,6.9547798575,1018.225,0.0,0.0
2020-11-14,34.210169,-118.870509,12.0,0.047,56.0,Thousand Oaks,14.244916625,60.27512866666667,8.513648462499999,1019.2875,0.0,1.5833333333333333
2020-11-15,34.210169,-118.870509,2.9,0.043,16.0,Thousand Oaks,20.005333458333332,26.086997874999998,14.766148995833333,1019.7624999999999,0.0,0.0
2020-11-16,34.210169,-118.870509,2.5,0.043,14.0,Thousand Oaks,23.005333458333336,18.961406666666665,18.046300245833333,1017.3291666666668,0.0,0.0
2020-11-17,34.210169,-118.870509,6.4,0.044,36.0,Thousand Oaks,21.176166729166667,23.77406775,9.839446966666666,1015.9583333333334,0.0,16.333333333333332
2020-11-18,34.210169,-118.870509,3.5,0.032,19.0,Thousand Oaks,15.809500208333333,65.15438974999999,5.349034329166667,1017.5333333333333,0.0,50.5
2020-11-19,34.210169,-118.870509,3.1,0.032,17.0,Thousand Oaks,15.167833479166667,77.29630620833333,7.0656866875,1019.8125,0.0,39.0
2020-11-20,34.210169,-118.870509,8.3,0.038,46.0,Thousand Oaks,17.7386666875,43.515757,9.4130618375,1018.6999999999999,0.0,84.41666666666667
2020-11-21,34.210169,-118.870509,7.0,0.039,39.0,Thousand Oaks,20.36158358333333,26.288394,13.812495329166667,1018.3791666666666,0.0,96.125
2020-11-22,34.210169,-118.870509,6.0,0.039,33.0,Thousand Oaks,20.509500208333332,21.79800439583333,10.475440958333333,1015.1583333333333,0.0,40.916666666666664
2020-11-23,34.210169,-118.870509,12.5,0.037,57.0,Thousand Oaks,14.915750166666667,54.50159516666667,5.817364820833333,1011.7875,0.0,11.166666666666666
2020-11-24,34.210169,-118.870509,12.3,0.044,57.0,Thousand Oaks,14.1594999375,56.859593,7.021499579166666,1015.5124999999999,0.0,10.25
2020-11-25,34.210169,-118.870509,9.7,0.044,52.0,Thousand Oaks,13.9574169375,43.517523374999996,7.661242570833333,1018.225,0.0,3.4583333333333335
2020-11-26,34.210169,-118.870509,2.5,0.036,14.0,Thousand Oaks,13.084500166666666,54.344399083333336,15.429987658333333,1017.4458333333333,0.0,5.958333333333333
2020-11-27,34.210169,-118.870509,-1.4,0.037,0.0,Thousand Oaks,14.586583604166668,14.353874083333332,18.661622083333334,1020.8666666666667,0.0,0.0
2020-11-28,34.210169,-118.870509,4.1,0.04,23.0,Thousand Oaks,15.9178335,15.902609416666666,17.59758085416667,1022.0500000000001,0.0,0.0
2020-11-29,34.210169,-118.870509,4.5,0.037,25.0,Thousand Oaks,17.009500125,16.781529708333334,17.219564833333333,1019.7958333333332,0.0,0.0
2020-11-30,34.210169,-118.870509,3.2,0.036,18.0,Thousand Oaks,18.867833458333333,15.764676029166667,13.823387808333335,1020.2416666666667,0.0,42.666666666666664
2020-12-01,34.210169,-118.870509,-0.3,0.038,0.0,Thousand Oaks,18.322000041666666,15.495489387500001,16.8817355875,1018.775,0.0,0.0
2020-12-02,34.210169,-118.870509,0.1,0.042,1.0,Thousand Oaks,20.155333416666668,13.539141791666665,19.051935104166667,1017.6374999999999,0.0,11.5
2020-12-03,34.210169,-118.870509,0.0,0.041,0.0,Thousand Oaks,16.5865833125,13.085681337499999,28.799710333333334,1021.9458333333333,0.0,2.2916666666666665
2020-12-04,34.210169,-118.870509,4.1,0.045,23.0,Thousand Oaks,16.321999854166666,10.330679820833334,18.714090666666667,1023.3083333333334,0.0,10.666666666666666
2020-12-05,34.210169,-118.870509,8.7,0.038,48.0,Thousand Oaks,16.0011666875,13.372855975,11.009088208333333,1022.4708333333333,0.0,34.625
2020-12-06,34.210169,-118.870509,6.5,0.044,36.0,Thousand Oaks,16.169916895833335,15.542285216666668,10.464335825000001,1022.8833333333333,0.0,32.333333333333336
2020-12-07,34.210169,-118.870509,2.0,0.039,11.0,Thousand Oaks,15.9990835625,18.238381541666666,19.093294150000002,1016.9583333333334,0.0,53.125
2020-12-08,34.210169,-118.870509,-0.9,0.039,0.0,Thousand Oaks,20.313667,11.823869291666666,26.399970624999998,1017.9791666666666,0.0,39.833333333333336
2020-12-09,34.210169,-118.870509,3.0,0.037,17.0,Thousand Oaks,19.305333395833333,11.491854591666666,13.051921833333333,1017.7041666666668,0.0,22.583333333333332
2020-12-10,34.210169,-118.870509,11.5,0.04,55.0,Thousand Oaks,13.399083437499998,56.591289625,7.5629847041666665,1014.9583333333334,0.0,18.708333333333332
2020-12-11,34.210169,-118.870509,13.8,0.042,60.0,Thousand Oaks,11.959500083333333,84.67300245833333,5.380046058333334,1019.2416666666667,0.0,39.375
2020-12-12,34.210169,-118.870509,4.6,0.037,26.0,Thousand Oaks,11.3928335625,83.01979829166667,5.9151537083333325,1017.9499999999999,0.0,45.875
2020-12-13,34.210169,-118.870509,3.3,0.04,18.0,Thousand Oaks,14.636583541666667,35.47961316666667,15.726267754166665,1022.1541666666667,0.0,42.25
2020-12-14,34.210169,-118.870509,0.4,0.036,2.0,Thousand Oaks,12.199083479166667,75.61865291666666,8.089821620833332,1020.1625,0.0,64.41666666666667
2020-12-15,34.210169,-118.870509,0.3,0.038,2.0,Thousand Oaks,12.421999958333332,37.58736429166667,19.261488270833333,1021.5625,0.0,7.708333333333333
2020-12-16,34.210169,-118.870509,1.9,0.039,11.0,Thousand Oaks,15.0824168125,26.57740545833333,17.873118270833334,1021.7958333333332,0.0,0.7083333333333334
2020-12-17,34.210169,-118.870509,4.0,0.036,22.0,Thousand Oaks,14.019916833333333,42.46053191666667,10.252134804166667,1016.5375,0.0,63.833333333333336
2020-12-18,34.210169,-118.870509,0.4,0.04,2.0,Thousand Oaks,13.065750229166667,45.450171375,15.757845433333335,1018.475,0.0,3.5833333333333335
2020-12-19,34.210169,-118.870509,3.9,0.041,22.0,Thousand Oaks,15.924083541666667,21.080702833333334,17.863659291666668,1024.4791666666667,0.0,0.0
2020-12-20,34.210169,-118.870509,3.4,0.043,19.0,Thousand Oaks,17.974083458333332,20.360371208333333,18.121318516666665,1022.4333333333334,0.0,0.0
2020-12-21,34.210169,-118.870509,1.3,0.042,7.0,Thousand Oaks,20.715750125,13.295164020833333,15.096943579166668,1016.7916666666666,0.0,0.0
2020-12-22,34.210169,-118.870509,10.7,0.029,54.0,Thousand Oaks,17.1282501875,29.824605854166666,7.154011554166666,1015.9625,0.0,29.625
2020-12-23,34.210169,-118.870509,6.6,0.042,37.0,Thousand Oaks,14.807416666666667,41.6401348125,17.150446629166666,1018.9958333333334,0.0,99.70833333333333
2020-12-24,34.210169,-118.870509,-0.3,0.037,0.0,Thousand Oaks,13.909500041666666,12.170974062500001,28.601063916666664,1024.8,0.0375,90.625
2020-12-25,34.210169,-118.870509,4.9,0.041,27.0,Thousand Oaks,13.921999937499999,24.857162208333335,19.165653195833332,1021.5749999999999,0.0,36.333333333333336
2020-12-26,34.210169,-118.870509,7.9,0.037,44.0,Thousand Oaks,13.367833541666668,52.030669958333334,5.7697076208333336,1020.1541666666667,0.0,28.791666666666668
2020-12-27,34.210169,-118.870509,6.8,0.037,38.0,Thousand Oaks,13.747000145833333,54.386773041666665,10.438355579166666,1015.8083333333334,0.0,71.04166666666667
2020-12-28,34.210169,-118.870509,2.9,0.034,16.0,Thousand Oaks,9.280333291666667,91.11830245833333,9.581780295833333,1011.4958333333334,0.875,69.16666666666667
2020-12-29,34.210169,-118.870509,5.0,0.039,28.0,Thousand Oaks,7.972000120833333,79.97938970833333,9.168811258333333,1017.0541666666667,0.0375,14.583333333333334
2020-12-30,34.210169,-118.870509,5.0,0.039,28.0,Thousand Oaks,10.553250020833334,48.83555054166666,10.5181793,1023.2916666666666,0.0,17.125
2020-12-31,34.210169,-118.870509,5.0,0.039,28.0,Thousand Oaks,10.553250020833334,48.83555054166666,10.5181793,1023.2916666666666,0.0,17.125
2021-01-01,34.210169,-118.870509,7.2,0.04,40.0,Thousand Oaks,11.565750145833334,45.228692583333334,13.134745804166668,1017.9791666666666,0.0,24.416666666666668
2021-01-02,34.210169,-118.870509,9.1,0.033,51.0,Thousand Oaks,11.357416666666666,54.37989666666667,7.041465574166666,1022.8125,0.0,66.20833333333333
2021-01-03,34.210169,-118.870509,10.4,0.038,53.0,Thousand Oaks,11.117833479166668,77.48851370833333,4.092590236666667,1022.8375,0.0,62.958333333333336
2021-01-04,34.210169,-118.870509,7.9,0.033,44.0,Thousand Oaks,11.359499979166666,83.22838229166666,5.651513845833333,1021.7624999999999,0.0,37.458333333333336
2021-01-05,34.210169,-118.870509,4.5,0.027,25.0,Thousand Oaks,12.772000166666666,70.11750641666667,7.875233570833333,1020.0124999999999,0.0,10.0
2021-01-06,34.210169,-118.870509,3.8,0.034,21.0,Thousand Oaks,16.930333354166667,33.195513375,13.293785229166666,1019.5166666666668,0.0,72.95833333333333
2021-01-07,34.210169,-118.870509,1.0,0.039,6.0,Thousand Oaks,15.042833520833334,41.411501208333334,14.7835550625,1018.9333333333334,0.0,62.0
2021-01-08,34.210169,-118.870509,4.5,0.038,25.0,Thousand Oaks,15.701166854166667,31.72510733333333,11.744401583333334,1018.9416666666666,0.0,30.375
2021-01-09,34.210169,-118.870509,1.9,0.04,11.0,Thousand Oaks,14.942833375,35.65789925,15.733116541666668,1018.4541666666668,0.0,23.958333333333332
2021-01-10,34.210169,-118.870509,1.3,0.04,7.0,Thousand Oaks,15.8574168125,21.077680354166667,18.065688124999998,1020.8208333333333,0.0,23.458333333333332
2021-01-11,34.210169,-118.870509,0.3,0.039,2.0,Thousand Oaks,15.201166812499999,29.682739791666666,16.873788075,1021.9333333333334,0.0,17.125
2021-01-12,34.210169,-118.870509,0.3,0.039,2.0,Thousand Oaks,15.201166812499999,29.682739791666666,16.873788075,1021.9333333333334,0.0,17.125
2021-01-13,34.210169,-118.870509,0.3,0.039,2.0,Thousand Oaks,15.201166812499999,29.682739791666666,16.873788075,1021.9333333333334,0.0,17.125
2021-01-14,34.210169,-118.870509,0.3,0.039,2.0,Thousand Oaks,15.201166812499999,29.682739791666666,16.873788075,1021.9333333333334,0.0,17.125
2021-01-15,34.210169,-118.870509,0.3,0.039,2.0,Thousand Oaks,15.201166812499999,29.682739791666666,16.873788075,1021.9333333333334,0.0,17.125
2021-01-16,34.210169,-118.870509,1.0,0.04,6.0,Thousand Oaks,22.430333708333333,17.96949275,18.8684555,1016.3541666666666,0.0,22.416666666666668
2021-01-17,34.210169,-118.870509,2.2,0.041,12.0,Thousand Oaks,22.755333583333336,17.306357458333334,19.857282416666667,1016.0625,0.0,17.083333333333332
2021-01-18,34.210169,-118.870509,1.5,0.039,8.0,Thousand Oaks,19.949083416666667,19.063233916666665,15.573925970833335,1011.6916666666666,0.0,0.0
2021-01-19,34.210169,-118.870509,1.5,0.039,8.0,Thousand Oaks,19.949083416666667,19.063233916666665,15.573925970833335,1011.6916666666666,0.0,0.0
2021-01-20,34.210169,-118.870509,1.5,0.039,8.0,Thousand Oaks,19.949083416666667,19.063233916666665,15.573925970833335,1011.6916666666666,0.0,0.0
2021-01-21,34.210169,-118.870509,3.7,0.041,21.0,Thousand Oaks,17.188666833333333,32.791535708333335,15.258473541666667,1016.1833333333334,0.0,1.2083333333333333
2021-01-22,34.210169,-118.870509,7.3,0.037,41.0,Thousand Oaks,12.4261664375,69.38235329166666,9.447299495833333,1015.8249999999999,0.0,46.833333333333336
2021-01-23,34.210169,-118.870509,6.6,0.035,37.0,Thousand Oaks,9.109499979166666,82.87098041666667,8.368123454166666,1013.1916666666666,0.13333333333333333,68.83333333333333
2021-01-24,34.210169,-118.870509,5.0,0.037,28.0,Thousand Oaks,7.430333341666667,73.84538366666666,7.40938005,1012.525,0.12083333333333333,16.958333333333332
2021-01-25,34.210169,-118.870509,2.6,0.039,14.0,Thousand Oaks,8.1970000625,74.39786245833334,17.237333583333335,1009.0500000000001,0.029166666666666664,46.416666666666664
2021-01-26,34.210169,-118.870509,4.1,0.04,23.0,Thousand Oaks,6.686583395833334,58.26037066666667,12.104716762499999,1011.6916666666666,0.004166666666666667,3.3333333333333335
2021-01-27,34.210169,-118.870509,4.1,0.04,23.0,Thousand Oaks,7.992833375,71.31021008333333,14.903465108333334,1020.0333333333333,0.0375,84.79166666666667
2021-01-28,34.210169,-118.870509,2.5,0.039,14.0,Thousand Oaks,10.613666708333332,73.17988166666667,16.093996375,1016.1458333333334,0.004166666666666667,89.79166666666667
2021-01-29,34.210169,-118.870509,3.9,0.038,22.0,Thousand Oaks,9.142833395833334,93.53292616666666,10.471557304166668,1013.0333333333333,1.0666666666666667,90.33333333333333
2021-01-30,34.210169,-118.870509,10.0,0.041,53.0,Thousand Oaks,7.8490834875,84.209444,5.236637233333333,1020.0666666666666,0.004166666666666667,6.875
2021-01-31,34.210169,-118.870509,1.6,0.041,9.0,Thousand Oaks,12.105333312499999,51.695690125,14.301990779166667,1021.6916666666666,0.0,62.708333333333336
2021-02-01,34.210169,-118.870509,3.2,0.035,18.0,Thousand Oaks,15.201166770833334,41.401807958333336,12.900002308333333,1018.9208333333332,0.0,99.375
2021-02-02,34.210169,-118.870509,5.0,0.037,28.0,Thousand Oaks,13.734499958333332,67.07904233333333,5.458955366666667,1018.3416666666667,0.0,29.791666666666668
2021-02-03,34.210169,-118.870509,5.0,0.034,28.0,Thousand Oaks,13.6303336875,69.89409208333333,8.350790041666666,1017.7166666666667,0.0,33.583333333333336
2021-02-04,34.210169,-118.870509,7.0,0.043,39.0,Thousand Oaks,12.484500083333332,56.913753500000006,13.536134041666665,1018.4666666666667,0.0,23.875
2021-02-05,34.210169,-118.870509,3.6,0.049,20.0,Thousand Oaks,14.3553336875,36.130770541666664,11.259150166666666,1019.7208333333333,0.0,0.0
2021-02-06,34.210169,-118.870509,7.7,0.048,43.0,Thousand Oaks,15.499083416666666,42.18734283333333,11.879376808333333,1015.9791666666666,0.0,0.0
2021-02-07,34.210169,-118.870509,8.9,0.048,49.0,Thousand Oaks,15.282416958333334,47.79851958333333,6.0135408916666675,1013.8958333333334,0.0,7.166666666666667
2021-02-08,34.210169,-118.870509,12.2,0.045,57.0,Thousand Oaks,13.022000333333333,65.912635375,5.5540600458333325,1013.9041666666667,0.0,24.291666666666668
2021-02-09,34.210169,-118.870509,15.1,0.047,62.0,Thousand Oaks,10.392833416666667,86.57314995833333,4.7594022208333335,1016.5291666666667,0.0,88.66666666666667
2021-02-10,34.210169,-118.870509,15.1,0.047,62.0,Thousand Oaks,10.392833416666667,86.57314995833333,4.7594022208333335,1016.5291666666667,0.0,88.66666666666667
2021-02-11,34.210169,-118.870509,10.5,0.045,54.0,Thousand Oaks,12.494916895833333,75.19348820833333,5.191643629166667,1016.8708333333334,0.0,30.666666666666668
2021-02-12,34.210169,-118.870509,5.0,0.039,28.0,Thousand Oaks,12.432416895833333,79.9660425,8.484912675,1014.3249999999999,0.004166666666666667,64.33333333333333
2021-02-13,34.210169,-118.870509,6.2,0.037,34.0,Thousand Oaks,12.6032503125,57.66272158333334,9.661603775,1013.1041666666666,0.0,63.666666666666664
2021-02-14,34.210169,-118.870509,5.6,0.042,31.0,Thousand Oaks,12.547000229166665,59.3540945,9.503973158333332,1012.9499999999999,0.0,30.791666666666668
2021-02-15,34.210169,-118.870509,4.2,0.037,23.0,Thousand Oaks,13.280333458333333,44.14404616666667,7.256326429166666,1016.2166666666667,0.0,77.875
2021-02-16,34.210169,-118.870509,6.2,0.042,34.0,Thousand Oaks,12.8782500625,74.773573,7.716668840416666,1014.9625,0.0,54.291666666666664
2021-02-17,34.210169,-118.870509,3.0,0.044,17.0,Thousand Oaks,12.972000041666666,45.97274904166667,7.399595975,1015.9416666666666,0.0,11.208333333333334
2021-02-18,34.210169,-118.870509,1.0,0.045,6.0,Thousand Oaks,13.565749854166667,22.960746312500003,17.922211833333332,1023.1708333333332,0.0,0.041666666666666664
2021-02-19,34.210169,-118.870509,5.4,0.046,30.0,Thousand Oaks,13.647000104166667,29.6247455,7.263363029166666,1024.7791666666667,0.0,14.041666666666666
2021-02-20,34.210169,-118.870509,3.2,0.043,18.0,Thousand Oaks,14.203250145833332,40.989729625,7.670408695833333,1019.8791666666666,0.0,1.7916666666666667
2021-02-21,34.210169,-118.870509,1.0,0.045,6.0,Thousand Oaks,14.044916875,30.784648354166666,19.922156604166666,1024.6583333333333,0.0,0.0
2021-02-22,34.210169,-118.870509,0.4,0.042,2.0,Thousand Oaks,17.874083395833335,16.252490833333333,21.627316145833333,1023.7666666666668,0.0,0.0
2021-02-23,34.210169,-118.870509,1.5,0.044,8.0,Thousand Oaks,19.865750229166668,18.512484270833333,13.098445066666665,1017.4791666666666,0.0,3.9583333333333335
2021-02-24,34.210169,-118.870509,9.0,0.052,50.0,Thousand Oaks,17.75325025,32.134562833333334,8.535919162499999,1015.9583333333334,0.0,14.833333333333334
2021-02-25,34.210169,-118.870509,4.5,0.047,25.0,Thousand Oaks,15.21366675,22.153087791666668,25.114238979166668,1019.1458333333334,0.0,1.625
2021-02-26,34.210169,-118.870509,6.3,0.046,35.0,Thousand Oaks,16.130333458333332,16.848961229166665,13.729309475,1017.2916666666666,0.0,0.0
2021-02-27,34.210169,-118.870509,4.6,0.047,26.0,Thousand Oaks,15.634500041666668,31.081824166666667,9.525744608333333,1013.0791666666668,0.0,0.0
2021-02-28,34.210169,-118.870509,1.7,0.046,9.0,Thousand Oaks,15.057416458333334,18.960998375,24.824434791666665,1018.0375,0.0,20.416666666666668
2021-03-01,34.210169,-118.870509,1.6,0.048,9.0,Thousand Oaks,15.259500083333334,11.164669266666666,18.43632135,1022.025,0.0,0.16666666666666666
2021-03-02,34.210169,-118.870509,3.0,0.049,17.0,Thousand Oaks,15.540750270833334,14.863915758333334,12.946721558333332,1015.4708333333333,0.0,27.208333333333332
2021-03-03,34.210169,-118.870509,7.1,0.046,39.0,Thousand Oaks,11.051166625,51.71044047083333,9.016736183333334,1010.1666666666666,0.11666666666666668,40.166666666666664
2021-03-04,34.210169,-118.870509,5.5,0.053,31.0,Thousand Oaks,10.553250229166666,75.17481491666666,5.568373570833334,1019.9708333333333,0.004166666666666667,13.875
2021-03-05,34.210169,-118.870509,6.9,0.052,38.0,Thousand Oaks,13.913666791666666,54.431292125,8.346629341666667,1021.9416666666666,0.0,1.3333333333333333
2021-03-06,34.210169,-118.870509,5.7,0.041,32.0,Thousand Oaks,13.2720000625,61.56591383333333,7.893765129166667,1016.5875,0.0,1.4583333333333333
2021-03-07,34.210169,-118.870509,9.0,0.044,50.0,Thousand Oaks,12.657416708333335,80.71598445833332,7.376609558333333,1016.375,0.0,70.45833333333333
2021-03-08,34.210169,-118.870509,6.5,0.044,36.0,Thousand Oaks,12.842833375,78.34986720833334,7.555180750000001,1019.7833333333333,0.0,64.125
2021-03-09,34.210169,-118.870509,4.5,0.047,25.0,Thousand Oaks,11.080333291666667,62.38632220833333,11.241698091666668,1020.4083333333333,0.0,11.541666666666666
2021-03-10,34.210169,-118.870509,2.1,0.043,12.0,Thousand Oaks,9.4115831875,83.57748754166666,12.661735758333334,1018.75,0.25416666666666665,62.458333333333336
2021-03-11,34.210169,-118.870509,2.3,0.047,13.0,Thousand Oaks,7.584500062499999,81.180181,7.708917483333334,1017.2166666666667,0.20416666666666664,53.291666666666664
2021-03-12,34.210169,-118.870509,4.4,0.044,24.0,Thousand Oaks,7.544916874999999,77.32386720833334,6.0050900625,1019.8791666666666,0.09583333333333333,47.541666666666664
2021-03-13,34.210169,-118.870509,7.7,0.043,43.0,Thousand Oaks,9.649083520833333,75.55016958333333,6.532860320833334,1022.7166666666667,0.0,16.625
2021-03-14,34.210169,-118.870509,7.1,0.044,39.0,Thousand Oaks,11.034499958333333,81.00295920833334,8.602190358333333,1023.7041666666668,0.0,52.083333333333336
2021-03-15,34.210169,-118.870509,1.9,0.043,11.0,Thousand Oaks,9.9970001875,80.89565395833334,12.891776774999999,1017.375,0.17916666666666667,69.54166666666667
2021-03-16,34.210169,-118.870509,3.1,0.044,17.0,Thousand Oaks,7.978249979166667,60.15516795833333,11.5348709875,1015.2541666666666,0.0,2.9583333333333335
2021-03-17,34.210169,-118.870509,6.7,0.05,37.0,Thousand Oaks,10.022000104166667,64.32030470833334,6.342272179166667,1019.4125,0.0,31.166666666666668
2021-03-18,34.210169,-118.870509,8.0,0.051,44.0,Thousand Oaks,11.928250145833333,71.87207125,5.4965180125,1019.5625,0.0,42.5
2021-03-19,34.210169,-118.870509,3.6,0.037,20.0,Thousand Oaks,13.163666604166666,69.532962875,8.856566045833334,1020.5583333333334,0.0,12.625
2021-03-20,34.210169,-118.870509,4.6,0.042,26.0,Thousand Oaks,14.45533325,78.44666641666667,10.2004420375,1020.1041666666666,0.0,64.08333333333333
2021-03-21,34.210169,-118.870509,3.7,0.046,21.0,Thousand Oaks,13.5990833125,37.98947991666667,13.052931749999999,1018.7708333333334,0.0,1.1666666666666667
2021-03-22,34.210169,-118.870509,6.0,0.045,33.0,Thousand Oaks,14.713666708333333,33.26080216666667,9.674078775,1018.475,0.0,2.9166666666666665
2021-03-23,34.210169,-118.870509,6.7,0.044,37.0,Thousand Oaks,13.065750166666666,63.097560791666666,9.4490460125,1013.0375,0.0,14.166666666666666
2021-03-24,34.210169,-118.870509,3.5,0.05,19.0,Thousand Oaks,15.363666875,28.200110183333333,12.663969541666667,1014.0,0.0,8.0
2021-03-25,34.210169,-118.870509,5.9,0.044,33.0,Thousand Oaks,12.2761668125,58.433471499999996,11.916940975000001,1011.4458333333333,0.0,70.875
2021-03-26,34.210169,-118.870509,5.5,0.045,31.0,Thousand Oaks,11.2282500625,69.44520933333334,10.852975525,1012.3333333333334,0.0,11.5
2021-03-27,34.210169,-118.870509,7.0,0.049,39.0,Thousand Oaks,15.859500145833332,43.6006844375,11.742550429166668,1020.7125,0.0,0.0
2021-03-28,34.210169,-118.870509,3.6,0.054,20.0,Thousand Oaks,19.7782501875,24.908058083333334,10.0013226,1021.9666666666667,0.0,0.0
2021-03-29,34.210169,-118.870509,7.6,0.055,42.0,Thousand Oaks,20.38450025,27.126872916666667,9.9127970875,1014.8041666666667,0.0,0.0
2021-03-30,34.210169,-118.870509,15.5,0.052,63.0,Thousand Oaks,18.70325025,48.060232750000004,7.457708541666666,1011.3416666666667,0.0,0.0
2021-03-31,34.210169,-118.870509,5.1,0.056,28.0,Thousand Oaks,21.726166916666667,14.230978925,18.8188797875,1016.9625,0.0,0.0
2021-04-01,34.210169,-118.870509,4.0,0.064,22.0,Thousand Oaks,23.80116691666667,6.5528998666666665,14.211890404166667,1014.6583333333333,0.0,27.083333333333332
2021-04-02,34.210169,-118.870509,10.3,0.06,53.0,Thousand Oaks,20.559500229166666,29.692065708333335,8.5865077625,1013.4499999999999,0.0,2.3333333333333335
2021-04-03,34.210169,-118.870509,12.1,0.055,57.0,Thousand Oaks,17.322000041666666,59.581900125000004,6.298043165833334,1018.2916666666666,0.0,19.083333333333332
2021-04-04,34.210169,-118.870509,9.0,0.049,50.0,Thousand Oaks,18.042833479166667,46.10139295833333,7.424965019583333,1018.0375,0.0,26.291666666666668
2021-04-05,34.210169,-118.870509,8.2,0.04,46.0,Thousand Oaks,17.619916937499998,56.467361958333335,7.3826216874999995,1014.3208333333333,0.0,48.916666666666664
2021-04-06,34.210169,-118.870509,9.2,0.043,51.0,Thousand Oaks,16.7115835,64.46919799999999,6.419489870833334,1013.0749999999999,0.0,71.16666666666667
2021-04-07,34.210169,-118.870509,10.6,0.055,54.0,Thousand Oaks,18.259500270833332,55.38057645833334,8.259457933333334,1016.8000000000001,0.0,36.0
2021-04-08,34.210169,-118.870509,10.9,0.049,54.0,Thousand Oaks,19.651166916666664,47.60821945833334,6.991411907083333,1015.7291666666666,0.0,41.333333333333336
2021-04-09,34.210169,-118.870509,10.9,0.051,54.0,Thousand Oaks,19.561583541666668,43.651729958333334,7.960470891666667,1014.0,0.0,43.291666666666664
2021-04-10,34.210169,-118.870509,13.4,0.05,59.0,Thousand Oaks,20.467833604166668,36.307917124999996,6.5309940625,1012.0291666666667,0.0,18.666666666666668
2021-04-11,34.210169,-118.870509,13.5,0.049,59.0,Thousand Oaks,19.009500270833332,45.578490708333334,6.240593570833333,1008.7666666666668,0.0,78.75
2021-04-12,34.210169,-118.870509,14.7,0.049,61.0,Thousand Oaks,16.432416687499998,68.44062545833333,7.8931268125,1008.7708333333334,0.0,27.166666666666668
2021-04-13,34.210169,-118.870509,11.7,0.047,56.0,Thousand Oaks,13.328250020833332,78.71828104166667,6.636069670833334,1011.8291666666668,0.0,61.833333333333336
2021-04-14,34.210169,-118.870509,8.9,0.05,49.0,Thousand Oaks,11.780333270833333,73.58452233333334,10.233152483333333,1014.1041666666666,0.0,74.625
2021-04-15,34.210169,-118.870509,9.1,0.048,51.0,Thousand Oaks,12.2053334375,70.34743491666667,7.909827104166666,1015.9375,0.0,37.75
2021-04-16,34.210169,-118.870509,13.7,0.048,60.0,Thousand Oaks,14.484500333333331,65.74918458333333,8.565248716666668,1014.2125,0.0,21.0
2021-04-17,34.210169,-118.870509,14.7,0.051,61.0,Thousand Oaks,16.0032504375,56.91376304166667,8.300491,1013.7458333333334,0.0,1.125
2021-04-18,34.210169,-118.870509,5.4,0.054,30.0,Thousand Oaks,21.622000125,26.75296020416667,14.017250304166666,1015.5958333333333,0.0,1.2083333333333333
2021-04-19,34.210169,-118.870509,7.7,0.056,43.0,Thousand Oaks,23.399083583333333,18.89087872916667,10.130977383333333,1015.4333333333334,0.0,0.0
2021-04-20,34.210169,-118.870509,11.2,0.053,55.0,Thousand Oaks,18.628250104166668,49.981208625,7.9214966208333335,1012.6875,0.0,2.375
2021-04-21,34.210169,-118.870509,5.8,0.042,32.0,Thousand Oaks,14.855333520833334,71.38560650000001,8.782691154166667,1011.5500000000001,0.008333333333333333,64.66666666666667
2021-04-22,34.210169,-118.870509,6.1,0.043,34.0,Thousand Oaks,12.886583229166666,78.90988154166666,7.736261612499999,1013.4291666666667,0.004166666666666667,70.375
2021-04-23,34.210169,-118.870509,7.3,0.046,41.0,Thousand Oaks,12.9949166875,77.51455104166666,6.9797445583333335,1015.6541666666667,0.0,73.0
2021-04-24,34.210169,-118.870509,6.7,0.045,37.0,Thousand Oaks,13.571999916666668,76.96070491666667,7.009118591666667,1016.6583333333333,0.0,53.083333333333336
2021-04-25,34.210169,-118.870509,3.4,0.041,19.0,Thousand Oaks,13.215750229166666,73.77293754166666,8.770631658333334,1013.8166666666666,0.0,59.75
2021-04-26,34.210169,-118.870509,1.3,0.043,7.0,Thousand Oaks,13.161583562499999,73.909842,11.762212758333334,1011.3791666666666,0.041666666666666664,66.79166666666667
2021-04-27,34.210169,-118.870509,4.4,0.046,24.0,Thousand Oaks,12.876167020833334,69.89338049999999,10.563203429166666,1012.6999999999999,0.004166666666666667,19.375
2021-04-28,34.210169,-118.870509,3.9,0.052,22.0,Thousand Oaks,18.505333479166666,38.3813333125,9.889777066666666,1016.7833333333333,0.0,1.375
2021-04-29,34.210169,-118.870509,3.5,0.059,19.0,Thousand Oaks,24.11575002083333,20.105819308333334,11.5295055625,1018.475,0.0,6.375
2021-04-30,34.210169,-118.870509,9.4,0.07,52.0,Thousand Oaks,26.224083458333336,17.666498833333332,9.649053445833333,1017.5458333333332,0.0,12.333333333333334
2021-05-01,34.210169,-118.870509,9.4,0.046,52.0,Thousand Oaks,22.0199168125,35.52501916666667,7.057313225000001,1013.9125,0.0,92.25
2021-05-02,34.210169,-118.870509,9.0,0.043,50.0,Thousand Oaks,17.728250270833332,65.22618904166667,7.7902826874999995,1010.8000000000001,0.0,25.958333333333332
2021-05-03,34.210169,-118.870509,11.6,0.046,56.0,Thousand Oaks,18.4990834375,58.54408575,9.400264391666667,1009.9333333333334,0.0,0.3333333333333333
2021-05-04,34.210169,-118.870509,15.3,0.059,63.0,Thousand Oaks,21.161583416666666,51.917640375,10.1376363125,1012.0833333333334,0.0,10.541666666666666
2021-05-05,34.210169,-118.870509,10.9,0.054,54.0,Thousand Oaks,21.98033364583333,46.57262608333334,7.149350362500001,1012.8833333333333,0.0,2.625
2021-05-06,34.210169,-118.870509,9.5,0.043,52.0,Thousand Oaks,19.51783345833333,62.937988458333336,6.670917458333332,1015.2958333333332,0.0,10.208333333333334
2021-05-07,34.210169,-118.870509,8.0,0.045,44.0,Thousand Oaks,16.540750145833332,71.82671333333333,6.7425224791666665,1016.1374999999999,0.0,26.625
2021-05-08,34.210169,-118.870509,10.9,0.053,54.0,Thousand Oaks,17.440750104166668,65.79935341666668,7.651697270833334,1013.2708333333334,0.0,6.458333333333333
2021-05-09,34.210169,-118.870509,13.1,0.051,58.0,Thousand Oaks,17.6053335,69.638949875,6.8769242625,1012.8416666666667,0.0,4.5
2021-05-10,34.210169,-118.870509,10.3,0.044,53.0,Thousand Oaks,17.1574166875,73.88647675,8.111261420833333,1011.7291666666666,0.0,49.083333333333336
2021-05-11,34.210169,-118.870509,8.0,0.05,44.0,Thousand Oaks,17.128250104166668,75.49093791666667,6.627416836666666,1012.975,0.0,33.416666666666664
2021-05-12,34.210169,-118.870509,7.6,0.048,42.0,Thousand Oaks,17.880333354166666,70.74004258333333,6.446689500000001,1014.8708333333334,0.0,26.458333333333332
2021-05-13,34.210169,-118.870509,7.5,0.048,42.0,Thousand Oaks,17.434499958333333,74.073485125,6.9060911625,1016.9875000000001,0.0,30.541666666666668
2021-05-14,34.210169,-118.870509,7.1,0.045,39.0,Thousand Oaks,16.615750125,72.5949675,6.456636604166667,1015.4083333333333,0.0,22.5
2021-05-15,34.210169,-118.870509,10.2,0.046,53.0,Thousand Oaks,15.8470000625,74.16452745833332,6.945215891666667,1013.4875000000001,0.0,57.916666666666664
2021-05-16,34.210169,-118.870509,1.9,0.044,11.0,Thousand Oaks,14.0345003125,75.99543870833334,8.7059203125,1014.2708333333334,0.008333333333333333,81.16666666666667
2021-05-17,34.210169,-118.870509,5.2,0.044,29.0,Thousand Oaks,14.809500083333333,77.41223758333334,8.330671675,1016.5041666666666,0.0,66.91666666666667
2021-05-18,34.210169,-118.870509,7.4,0.045,41.0,Thousand Oaks,17.461583333333333,71.33166983333334,8.0837700375,1015.4416666666666,0.0,27.958333333333332
2021-05-19,34.210169,-118.870509,11.2,0.048,55.0,Thousand Oaks,18.659500166666668,67.073509125,6.905662325000001,1011.6999999999999,0.0,6.75
2021-05-20,34.210169,-118.870509,11.5,0.048,55.0,Thousand Oaks,17.028250229166666,64.40346495833333,9.670185179166667,1010.8041666666667,0.0,28.458333333333332
2021-05-21,34.210169,-118.870509,8.7,0.042,48.0,Thousand Oaks,15.682416854166666,49.99401158333333,11.1224761375,1012.4499999999999,0.0,8.041666666666666
2021-05-22,34.210169,-118.870509,8.7,0.044,48.0,Thousand Oaks,14.842833375,63.74853695833334,10.972043454166666,1016.3000000000001,0.004166666666666667,12.958333333333334
2021-05-23,34.210169,-118.870509,8.0,0.042,44.0,Thousand Oaks,15.815750208333334,54.48061879166667,9.150770758333334,1018.8125,0.0,0.5416666666666666
2021-05-24,34.210169,-118.870509,5.8,0.055,32.0,Thousand Oaks,20.980333395833334,33.58412704166667,10.338212632500001,1015.875,0.0,0.0
2021-05-25,34.210169,-118.870509,8.0,0.055,44.0,Thousand Oaks,25.253250166666664,24.0330275625,10.200069199166666,1013.6708333333332,0.0,65.25
2021-05-26,34.210169,-118.870509,10.3,0.045,53.0,Thousand Oaks,22.611583416666665,41.208241125,5.93297232,1014.0749999999999,0.0,44.083333333333336
2021-05-27,34.210169,-118.870509,10.0,0.044,53.0,Thousand Oaks,18.563666770833333,67.97934791666667,6.456949010833333,1017.2166666666667,0.0,13.875
2021-05-28,34.210169,-118.870509,7.9,0.045,44.0,Thousand Oaks,18.530333604166668,64.915401875,6.975792045833334,1015.2041666666668,0.0,9.708333333333334
2021-05-29,34.210169,-118.870509,8.5,0.041,47.0,Thousand Oaks,17.807416916666664,68.01579149999999,6.628122358333333,1013.0041666666666,0.0,29.916666666666668
2021-05-30,34.210169,-118.870509,8.3,0.044,46.0,Thousand Oaks,17.332416729166667,68.86306929166666,7.237115829166666,1011.8166666666666,0.0,13.458333333333334
2021-05-31,34.210169,-118.870509,9.5,0.049,52.0,Thousand Oaks,18.647000083333335,68.91663045833333,5.677674316666667,1013.2083333333334,0.0,16.791666666666668
2021-06-01,34.210169,-118.870509,9.0,0.051,50.0,Thousand Oaks,20.774083395833333,61.853168624999995,6.486775469583333,1014.5208333333334,0.0,9.0
2021-06-02,34.210169,-118.870509,6.2,0.042,34.0,Thousand Oaks,21.311583520833334,59.54389066666667,6.796122741666667,1012.65,0.0,23.666666666666668
2021-06-03,34.210169,-118.870509,10.5,0.05,54.0,Thousand Oaks,20.8282501875,62.96715329166667,6.3504766083333335,1011.4458333333333,0.0,8.625
2021-06-04,34.210169,-118.870509,8.7,0.05,48.0,Thousand Oaks,20.824083375,61.99040158333333,5.8496780374999995,1013.0208333333334,0.0,1.0
2021-06-05,34.210169,-118.870509,8.8,0.046,49.0,Thousand Oaks,19.813666625,68.87716195833333,5.5737886,1014.1583333333333,0.0,20.916666666666668
2021-06-06,34.210169,-118.870509,5.8,0.039,32.0,Thousand Oaks,18.436583520833334,68.60459141666666,6.703230029166666,1012.4125,0.0,28.875
2021-06-07,34.210169,-118.870509,4.0,0.04,22.0,Thousand Oaks,16.672000041666667,73.67059741666667,4.971252704166667,1012.4791666666666,0.02916666666666667,71.54166666666667
2021-06-08,34.210169,-118.870509,4.9,0.045,27.0,Thousand Oaks,17.2115835,71.28336258333333,8.376207383333334,1014.9083333333333,0.0,69.5
2021-06-09,34.210169,-118.870509,4.0,0.04,22.0,Thousand Oaks,18.226166833333334,57.58136995833333,8.421253095833334,1017.1041666666666,0.0,16.083333333333332
2021-06-10,34.210169,-118.870509,5.3,0.045,29.0,Thousand Oaks,18.078250104166667,45.81774120833333,9.435170125,1018.3041666666667,0.0,0.16666666666666666
2021-06-11,34.210169,-118.870509,6.6,0.054,37.0,Thousand Oaks,21.099083583333336,27.678546583333333,8.171113870833333,1014.1958333333333,0.0,0.0
2021-06-12,34.210169,-118.870509,6.5,0.062,36.0,Thousand Oaks,23.48241675,28.320402333333334,8.506427970833334,1011.1,0.0,0.0
2021-06-13,34.210169,-118.870509,7.5,0.045,42.0,Thousand Oaks,23.838666875,34.66737729166667,8.05890595,1011.0083333333333,0.0,12.416666666666666
2021-06-14,34.210169,-118.870509,6.5,0.04,36.0,Thousand Oaks,25.228250125,38.357694125,8.397810208333334,1012.2666666666668,0.0,37.708333333333336
2021-06-15,34.210169,-118.870509,6.9,0.046,38.0,Thousand Oaks,29.646999708333336,31.796119833333332,8.109042066666666,1011.0875,0.0,34.791666666666664
2021-06-16,34.210169,-118.870509,14.4,0.051,61.0,Thousand Oaks,30.46574975,27.439249583333332,7.962648066666667,1009.5958333333333,0.0,75.875
2021-06-17,34.210169,-118.870509,11.7,0.046,56.0,Thousand Oaks,28.315749999999998,38.853291166666665,6.889631133333334,1008.8916666666668,0.0,30.458333333333332
2021-06-18,34.210169,-118.870509,7.2,0.038,40.0,Thousand Oaks,25.12200025,53.3789395,5.827654333333332,1008.525,0.0,24.916666666666668
2021-06-19,34.210169,-118.870509,6.8,0.043,38.0,Thousand Oaks,23.211583666666666,65.64807449999999,6.832837254166667,1008.5958333333333,0.0,6.583333333333333
2021-06-20,34.210169,-118.870509,5.7,0.039,32.0,Thousand Oaks,22.7053335,62.191972916666664,7.236934712500001,1009.4250000000001,0.0,1.9583333333333333
2021-06-21,34.210169,-118.870509,6.9,0.045,38.0,Thousand Oaks,21.1365834375,63.99637795833333,6.924235133333333,1013.6166666666667,0.0,12.458333333333334
2021-06-22,34.210169,-118.870509,3.7,0.033,21.0,Thousand Oaks,20.76991675,58.702509666666664,6.85495781125,1013.5708333333333,0.0,1.375
2021-06-23,34.210169,-118.870509,2.3,0.032,13.0,Thousand Oaks,21.4803335,59.312220833333335,7.422136116666667,1012.5500000000001,0.016666666666666666,15.5
2021-06-24,34.210169,-118.870509,2.0,0.032,11.0,Thousand Oaks,19.792833479166667,66.71053741666667,7.844028183333333,1015.4666666666667,0.0,4.5
2021-06-25,34.210169,-118.870509,3.5,0.034,19.0,Thousand Oaks,20.824083187499998,61.594092708333335,8.168077129166667,1013.9625,0.0,0.08333333333333333
2021-06-26,34.210169,-118.870509,7.8,0.046,43.0,Thousand Oaks,24.188666583333333,52.12498466666667,7.445214165833334,1010.3708333333334,0.0,0.041666666666666664
2021-06-27,34.210169,-118.870509,9.9,0.041,52.0,Thousand Oaks,27.480333291666668,47.9277735,6.473207558333333,1006.3333333333334,0.0,1.7083333333333333
2021-06-28,34.210169,-118.870509,9.6,0.042,52.0,Thousand Oaks,25.328249833333334,57.63120075,6.5226643625,1005.5041666666666,0.0,11.458333333333334
2021-06-29,34.210169,-118.870509,9.7,0.046,52.0,Thousand Oaks,24.867833458333333,60.809802499999996,5.604445265833333,1007.6083333333332,0.0,35.5
2021-06-30,34.210169,-118.870509,9.9,0.044,52.0,Thousand Oaks,22.8990835,69.125613625,4.7596651154166665,1011.5333333333333,0.0,39.458333333333336
2021-07-01,34.210169,-118.870509,8.0,0.049,44.0,Thousand Oaks,23.474083500000003,66.55235275,5.890492690833334,1012.6041666666666,0.0,3.7083333333333335
2021-07-02,34.210169,-118.870509,5.7,0.041,32.0,Thousand Oaks,24.596999999999998,55.73106479166666,6.761686350000001,1011.7208333333333,0.0,0.0
2021-07-03,34.210169,-118.870509,4.6,0.038,26.0,Thousand Oaks,24.615750000000002,54.532558916666666,6.90203125,1012.4625,0.0,20.291666666666668
2021-07-04,34.210169,-118.870509,6.0,0.039,33.0,Thousand Oaks,23.303250083333335,57.032954749999995,7.1196582500000005,1013.625,0.0,4.541666666666667
2021-07-05,34.210169,-118.870509,12.3,0.039,57.0,Thousand Oaks,22.359500166666667,59.03673870833333,6.9112755083333335,1014.0291666666667,0.0,0.6666666666666666
2021-07-06,34.210169,-118.870509,6.2,0.044,34.0,Thousand Oaks,22.884500208333336,54.724163583333336,7.5623728375,1013.5833333333334,0.0,8.125
2021-07-07,34.210169,-118.870509,9.9,0.049,52.0,Thousand Oaks,24.847000041666664,49.952237875,6.920777520833333,1010.4833333333332,0.0,1.5416666666666667
2021-07-08,34.210169,-118.870509,13.4,0.057,59.0,Thousand Oaks,26.674083375,50.29005791666666,6.371286552916666,1009.1708333333332,0.0,5.75
2021-07-09,34.210169,-118.870509,12.2,0.054,57.0,Thousand Oaks,26.974083208333337,53.2025925,6.471200154166667,1011.6708333333332,0.0,6.791666666666667
2021-07-10,34.210169,-118.870509,13.8,0.047,60.0,Thousand Oaks,27.30324966666667,46.86431291666667,7.056805339583334,1012.7875,0.0,9.666666666666666
2021-07-11,34.210169,-118.870509,11.8,0.045,56.0,Thousand Oaks,25.790750083333336,44.821745625,6.979136870833333,1012.0916666666667,0.0,4.375
2021-07-12,34.210169,-118.870509,12.1,0.046,57.0,Thousand Oaks,24.734500166666667,59.56682554166667,5.850664058333333,1011.6291666666666,0.0,0.875
2021-07-13,34.210169,-118.870509,9.5,0.039,52.0,Thousand Oaks,24.178250291666668,64.276435875,6.707050786666667,1012.0749999999999,0.004166666666666667,31.958333333333332
2021-07-14,34.210169,-118.870509,7.7,0.041,43.0,Thousand Oaks,25.176166791666663,60.62426620833333,6.083643529166667,1013.525,0.0,1.875
2021-07-15,34.210169,-118.870509,8.0,0.045,44.0,Thousand Oaks,24.63450016666667,58.2782565,6.4294147,1014.6999999999999,0.0,1.0833333333333333
2021-07-16,34.210169,-118.870509,6.8,0.043,38.0,Thousand Oaks,23.599083625000002,55.44485154166667,6.6123723625,1013.5541666666667,0.0,4.666666666666667
2021-07-17,34.210169,-118.870509,7.4,0.049,41.0,Thousand Oaks,24.740750291666668,53.32681495833334,6.992787640833334,1012.7875,0.0,7.041666666666667
2021-07-18,34.210169,-118.870509,7.8,0.048,43.0,Thousand Oaks,26.307416708333335,45.21942358333334,6.894478531250001,1014.3041666666667,0.0,53.625
2021-07-19,34.210169,-118.870509,7.6,0.048,42.0,Thousand Oaks,27.096999791666665,39.23491375,7.789544558333334,1015.6666666666666,0.0,15.333333333333334
2021-07-20,34.210169,-118.870509,10.2,0.044,53.0,Thousand Oaks,26.765749874999997,37.205275625,7.6028624916666665,1015.0458333333332,0.0,0.0
2021-07-21,34.210169,-118.870509,13.7,0.046,60.0,Thousand Oaks,26.847000124999997,44.93279379166666,7.787362716666666,1011.3916666666668,0.0,2.375
2021-07-22,34.210169,-118.870509,16.1,0.044,64.0,Thousand Oaks,27.026166333333332,43.99951579166666,7.123124216666667,1011.7291666666666,0.0,45.791666666666664
2021-07-23,34.210169,-118.870509,14.0,0.043,60.0,Thousand Oaks,24.680333541666666,62.502865541666665,5.980266611666667,1015.7166666666667,0.0,43.916666666666664
2021-07-24,34.210169,-118.870509,10.8,0.046,54.0,Thousand Oaks,22.942833458333336,68.46084391666666,6.0381687125,1015.8874999999999,0.0,46.083333333333336
2021-07-25,34.210169,-118.870509,9.5,0.043,52.0,Thousand Oaks,22.10325029166667,68.91331983333333,5.860953558333333,1014.7083333333334,0.0,51.625
2021-07-26,34.210169,-118.870509,8.1,0.034,45.0,Thousand Oaks,21.088666874999998,73.09216683333334,5.788801508333333,1013.8458333333333,0.29583333333333334,87.95833333333333
2021-07-27,34.210169,-118.870509,6.7,0.046,37.0,Thousand Oaks,22.734500125,73.58188433333333,5.420662478333333,1014.7833333333333,0.0,19.041666666666668
2021-07-28,34.210169,-118.870509,5.6,0.046,31.0,Thousand Oaks,25.099083333333336,52.93200841666667,6.528946545833333,1015.4708333333333,0.0,0.9166666666666666
2021-07-29,34.210169,-118.870509,6.1,0.038,34.0,Thousand Oaks,25.103249916666666,47.06430158333333,7.755541354166667,1013.4833333333332,0.0,0.041666666666666664
2021-07-30,34.210169,-118.870509,7.2,0.043,40.0,Thousand Oaks,24.4845,49.94607608333333,6.501267208333334,1012.4458333333333,0.0,27.375
2021-07-31,34.210169,-118.870509,6.4,0.043,36.0,Thousand Oaks,24.088666708333335,54.897332,6.854619575,1015.5749999999999,0.0,69.75
2021-08-01,34.210169,-118.870509,6.0,0.043,33.0,Thousand Oaks,24.559499916666667,46.68035379166667,7.391270616666667,1016.35,0.0,16.0
2021-08-02,34.210169,-118.870509,4.9,0.048,27.0,Thousand Oaks,25.542833125,38.558605625,7.390820925,1016.2333333333332,0.0,0.0
2021-08-03,34.210169,-118.870509,7.4,0.049,41.0,Thousand Oaks,27.330333166666666,32.844926875,7.333025904166667,1013.8708333333334,0.0,0.0
2021-08-04,34.210169,-118.870509,10.5,0.049,54.0,Thousand Oaks,27.019916249999998,40.050156125,7.2200356291666665,1011.5541666666667,0.0,0.08333333333333333
2021-08-05,34.210169,-118.870509,10.7,0.049,54.0,Thousand Oaks,27.03658316666667,42.750100333333336,7.114673395833333,1011.4041666666667,0.0,0.3333333333333333
2021-08-06,34.210169,-118.870509,9.6,0.047,52.0,Thousand Oaks,25.192833625000002,51.427014625,6.283407595833334,1012.2875,0.0,0.25
2021-08-07,34.210169,-118.870509,13.2,0.052,59.0,Thousand Oaks,23.003250166666664,64.27384620833332,5.392779490416667,1012.9499999999999,0.0,0.9166666666666666
2021-08-08,34.210169,-118.870509,9.2,0.048,51.0,Thousand Oaks,22.8428335,67.03416645833333,5.558711608333333,1012.3666666666667,0.0,1.4166666666666667
2021-08-09,34.210169,-118.870509,10.9,0.048,54.0,Thousand Oaks,22.930333625,61.10557425,6.602799620833333,1012.4833333333332,0.0,0.625
2021-08-10,34.210169,-118.870509,7.2,0.048,40.0,Thousand Oaks,24.93449975,50.10180825,5.8775333708333335,1012.6833333333334,0.0,0.3333333333333333
2021-08-11,34.210169,-118.870509,8.7,0.048,48.0,Thousand Oaks,27.199083083333335,37.044586875,7.968814304166667,1013.4250000000001,0.0,21.375
2021-08-12,34.210169,-118.870509,9.3,0.049,51.0,Thousand Oaks,27.188666708333333,35.37505975,5.969831433333333,1013.9,0.0,29.333333333333332
2021-08-13,34.210169,-118.870509,10.5,0.044,54.0,Thousand Oaks,26.965750083333333,32.114846625,6.698135933333333,1015.6666666666666,0.0,0.125
2021-08-14,34.210169,-118.870509,9.9,0.044,52.0,Thousand Oaks,25.859500083333334,44.99025304166667,6.248336691666666,1017.525,0.0,2.8333333333333335
2021-08-15,34.210169,-118.870509,9.5,0.05,52.0,Thousand Oaks,25.601166458333335,47.95829654166667,6.727905016666667,1014.4208333333332,0.0,18.5
2021-08-16,34.210169,-118.870509,9.8,0.044,52.0,Thousand Oaks,27.588666458333336,45.645313875,6.349578729166667,1009.9666666666667,0.0,6.208333333333333
2021-08-17,34.210169,-118.870509,10.8,0.04,54.0,Thousand Oaks,25.082416875000003,63.67655141666666,5.9053833791666674,1009.8791666666666,0.0,16.75
2021-08-18,34.210169,-118.870509,5.1,0.031,28.0,Thousand Oaks,21.578250166666667,75.39997358333333,9.401416829166667,1011.2624999999999,0.02916666666666667,69.95833333333333
2021-08-19,34.210169,-118.870509,4.0,0.036,22.0,Thousand Oaks,21.642833541666665,73.19099225000001,6.415432020833333,1012.4583333333334,0.0,66.58333333333333
2021-08-20,34.210169,-118.870509,4.8,0.04,27.0,Thousand Oaks,20.911583583333336,72.69822395833333,7.336392220833333,1011.3041666666667,0.0,15.375
2021-08-21,34.210169,-118.870509,6.9,0.043,38.0,Thousand Oaks,19.5303335,78.5926115,6.083365899166666,1009.6125000000001,0.016666666666666666,49.083333333333336
2021-08-22,34.210169,-118.870509,9.8,0.052,52.0,Thousand Oaks,20.036583375,72.21136766666667,6.714306349166667,1009.8000000000001,0.0,7.208333333333333
2021-08-23,34.210169,-118.870509,10.0,0.051,53.0,Thousand Oaks,20.161583458333332,72.32692933333333,6.847510658333333,1010.8291666666668,0.0,7.791666666666667
2021-08-24,34.210169,-118.870509,8.9,0.054,49.0,Thousand Oaks,20.4615835,74.962929625,6.3679341625,1012.7791666666667,0.0,18.625
2021-08-25,34.210169,-118.870509,12.3,0.056,57.0,Thousand Oaks,23.15741675,60.221385416666664,5.5582110325,1013.6875,0.0,11.333333333333334
2021-08-26,34.210169,-118.870509,16.6,0.065,65.0,Thousand Oaks,27.021999750000003,32.74683427083333,7.061266494583333,1011.6291666666666,0.0,0.5416666666666666
2021-08-27,34.210169,-118.870509,15.5,0.058,63.0,Thousand Oaks,28.013666458333333,24.925390354166666,6.5286239125,1007.525,0.0,0.0
2021-08-28,34.210169,-118.870509,8.7,0.058,48.0,Thousand Oaks,27.861583166666666,31.394759083333337,5.7140124000000005,1006.4166666666666,0.0,0.0
2021-08-29,34.210169,-118.870509,10.3,0.052,53.0,Thousand Oaks,25.742833208333334,48.62424383333333,5.5997403875,1008.4,0.0,0.5416666666666666
2021-08-30,34.210169,-118.870509,15.7,0.047,63.0,Thousand Oaks,25.044916916666665,44.24193891666667,5.413341458333334,1007.5791666666668,0.0,10.0
2021-08-31,34.210169,-118.870509,19.9,0.05,71.0,Thousand Oaks,21.515750125,71.13183395833333,4.70077155,1008.0666666666666,0.0,47.75
2021-09-01,34.210169,-118.870509,13.0,0.05,58.0,Thousand Oaks,20.549083416666665,73.67157775,6.157352565416667,1009.5,0.0,65.20833333333333
2021-09-02,34.210169,-118.870509,12.2,0.049,57.0,Thousand Oaks,20.555333625,73.8767495,6.441417887499999,1012.5458333333332,0.0,25.375
2021-09-03,34.210169,-118.870509,13.5,0.053,59.0,Thousand Oaks,21.0490834375,68.885228625,7.3652909875,1013.0124999999999,0.0,4.958333333333333
2021-09-04,34.210169,-118.870509,11.7,0.056,56.0,Thousand Oaks,24.665749958333333,42.93831025,6.916255329166667,1011.8916666666668,0.0,0.16666666666666666
2021-09-05,34.210169,-118.870509,9.6,0.058,52.0,Thousand Oaks,28.082416374999998,20.637548554166667,7.1886512583333335,1011.1291666666666,0.0,32.083333333333336
2021-09-06,34.210169,-118.870509,16.9,0.06,66.0,Thousand Oaks,27.72824975,36.813331291666664,7.339885569583333,1012.0458333333332,0.0,13.041666666666666
2021-09-07,34.210169,-118.870509,15.9,0.05,64.0,Thousand Oaks,24.878250124999997,64.11464420833333,6.3078335333333335,1013.9166666666666,0.0,5.75
2021-09-08,34.210169,-118.870509,12.0,0.051,56.0,Thousand Oaks,24.696999875,62.090569249999994,5.553194503333334,1012.0958333333333,0.0,2.4166666666666665
2021-09-09,34.210169,-118.870509,9.0,0.054,50.0,Thousand Oaks,27.00324995833333,52.230029958333326,5.767692825,1010.6583333333333,0.0,22.625
2021-09-10,34.210169,-118.870509,8.7,0.05,48.0,Thousand Oaks,26.940750041666664,50.511682416666666,6.284698395833334,1012.0875,0.0,13.666666666666666
2021-09-11,34.210169,-118.870509,6.7,0.048,37.0,Thousand Oaks,27.492833166666667,45.51163675,6.8454345625,1013.8125,0.0,0.375
2021-09-12,34.210169,-118.870509,6.9,0.046,38.0,Thousand Oaks,26.38033329166667,34.489487833333335,6.3344156325,1012.7083333333334,0.0,0.0
2021-09-13,34.210169,-118.870509,6.5,0.048,36.0,Thousand Oaks,24.632416458333335,36.12729225,6.172604129166667,1011.3833333333333,0.0,0.041666666666666664
2021-09-14,34.210169,-118.870509,7.6,0.052,42.0,Thousand Oaks,23.755333625000002,35.769549375000004,6.374604629166666,1011.6208333333334,0.0,0.041666666666666664
2021-09-15,34.210169,-118.870509,9.7,0.05,52.0,Thousand Oaks,20.9886669375,62.2508005,5.8611031,1012.8833333333333,0.0,0.5833333333333334
2021-09-16,34.210169,-118.870509,9.8,0.051,52.0,Thousand Oaks,19.047000333333333,62.35523575,5.610494133333333,1011.4958333333334,0.0,2.7916666666666665
2021-09-17,34.210169,-118.870509,8.2,0.051,46.0,Thousand Oaks,18.513666645833332,72.69195075,5.8081656875,1013.3874999999999,0.0,3.75
2021-09-18,34.210169,-118.870509,8.6,0.049,48.0,Thousand Oaks,18.23658352083333,77.61650095833333,5.474195375,1016.8916666666668,0.0,22.875
2021-09-19,34.210169,-118.870509,8.8,0.047,49.0,Thousand Oaks,18.817833458333332,67.02087383333334,6.444640229166667,1014.9333333333334,0.0,1.25
2021-09-20,34.210169,-118.870509,10.8,0.051,54.0,Thousand Oaks,22.374083375,53.77566291666667,5.96402749875,1012.0875,0.0,0.5416666666666666
2021-09-21,34.210169,-118.870509,10.6,0.067,54.0,Thousand Oaks,26.259499958333333,43.89205872916667,7.240735595833333,1015.8583333333332,0.0,0.08333333333333333
2021-09-22,34.210169,-118.870509,3.8,0.044,21.0,Thousand Oaks,27.411582916666664,34.87144125,7.020874012499999,1018.0166666666668,0.0,0.5833333333333334
2021-09-23,34.210169,-118.870509,8.6,0.038,48.0,Thousand Oaks,24.9615835,40.277614625,6.22830895,1013.2291666666666,0.0,5.125
2021-09-24,34.210169,-118.870509,9.7,0.044,52.0,Thousand Oaks,22.155333583333334,49.275681625000004,5.837493645833334,1012.875,0.0,8.875
2021-09-25,34.210169,-118.870509,9.7,0.04,52.0,Thousand Oaks,21.774083666666666,59.238445291666665,6.277272458333333,1014.6291666666666,0.0,7.666666666666667
2021-09-26,34.210169,-118.870509,8.8,0.038,49.0,Thousand Oaks,18.778250166666666,69.48666120833333,5.868772308333334,1015.9166666666666,0.0,11.958333333333334
2021-09-27,34.210169,-118.870509,5.8,0.035,32.0,Thousand Oaks,17.2740833125,80.30250929166667,5.137742379166666,1016.5500000000001,0.0,50.916666666666664
2021-09-28,34.210169,-118.870509,7.2,0.042,40.0,Thousand Oaks,17.428250083333335,79.01606070833334,5.899546829166667,1014.2333333333332,0.0,54.416666666666664
2021-09-29,34.210169,-118.870509,9.1,0.049,51.0,Thousand Oaks,18.709500291666668,76.738106,6.018942454166666,1012.2541666666666,0.0,43.5
2021-09-30,34.210169,-118.870509,5.3,0.048,29.0,Thousand Oaks,23.236583166666666,32.8844153625,13.040732491666667,1012.8000000000001,0.0,4.666666666666667
2021-10-01,34.210169,-118.870509,4.8,0.058,27.0,Thousand Oaks,25.303250083333335,14.284265341666666,10.099318833333333,1013.375,0.0,0.0
2021-10-02,34.210169,-118.870509,6.0,0.067,33.0,Thousand Oaks,25.176166499999997,18.458058825,8.8391162,1014.5,0.0,3.7083333333333335
2021-10-03,34.210169,-118.870509,7.0,0.073,39.0,Thousand Oaks,26.72825,16.7785461125,9.534511,1013.3416666666667,0.0,8.166666666666666
2021-10-04,34.210169,-118.870509,7.5,0.065,42.0,Thousand Oaks,25.363666833333337,18.572739333333335,7.559752304166667,1012.9333333333334,0.0,77.20833333333333
2021-10-05,34.210169,-118.870509,7.0,0.052,39.0,Thousand Oaks,22.0178335,53.14278804166667,9.341165370833332,1013.9333333333334,0.0,58.833333333333336
2021-10-06,34.210169,-118.870509,7.9,0.047,44.0,Thousand Oaks,19.482416833333335,71.38208691666667,6.362582358333333,1015.3666666666667,0.0,33.041666666666664
2021-10-07,34.210169,-118.870509,6.1,0.039,34.0,Thousand Oaks,17.84075025,80.81518654166666,6.729311716666667,1015.6333333333333,0.004166666666666667,91.08333333333333
2021-10-08,34.210169,-118.870509,2.8,0.035,16.0,Thousand Oaks,16.924083624999998,81.24291983333333,8.446465945833333,1016.8083333333334,0.15416666666666667,75.20833333333333
2021-10-09,34.210169,-118.870509,5.9,0.044,33.0,Thousand Oaks,15.882416770833332,69.2426535,7.605690095833334,1017.7708333333334,0.0,5.375
2021-10-10,34.210169,-118.870509,5.1,0.053,28.0,Thousand Oaks,18.861583624999998,45.467198875,9.6325959375,1016.3416666666667,0.0,0.0
2021-10-11,34.210169,-118.870509,9.0,0.046,50.0,Thousand Oaks,17.901166749999998,48.914375004166665,9.437028844583333,1009.0916666666667,0.0,0.2916666666666667
2021-10-12,34.210169,-118.870509,9.1,0.043,51.0,Thousand Oaks,14.576166895833333,37.991236125,10.9125556125,1009.9458333333333,0.0,1.0
2021-10-13,34.210169,-118.870509,11.4,0.049,55.0,Thousand Oaks,15.7303334375,23.203243083333334,10.0365877625,1013.8249999999999,0.0,0.0
2021-10-14,34.210169,-118.870509,12.6,0.053,58.0,Thousand Oaks,17.376166708333333,24.81816825,7.988126595833333,1014.2166666666667,0.0,0.0
2021-10-15,34.210169,-118.870509,2.4,0.045,13.0,Thousand Oaks,21.130333458333332,21.23789265,17.283057945833335,1017.4250000000001,0.0,0.0
2021-10-16,34.210169,-118.870509,4.5,0.052,25.0,Thousand Oaks,24.119916875,11.200189120833334,16.099962883333333,1016.1374999999999,0.0,0.0
2021-10-17,34.210169,-118.870509,6.8,0.053,38.0,Thousand Oaks,19.997000291666666,24.709233054166663,7.3576466875,1014.375,0.0,7.041666666666667
2021-10-18,34.210169,-118.870509,5.7,0.04,32.0,Thousand Oaks,15.136583604166667,77.85187766666667,9.5233861125,1014.2333333333332,0.07916666666666668,58.458333333333336
2021-10-19,34.210169,-118.870509,5.4,0.045,30.0,Thousand Oaks,14.680333312499998,64.58218925,8.1303558375,1015.3874999999999,0.0,3.375
2021-10-20,34.210169,-118.870509,6.0,0.05,33.0,Thousand Oaks,14.988666708333334,67.87661670833333,6.290857466666666,1017.9541666666668,0.0,21.708333333333332
2021-10-21,34.210169,-118.870509,5.2,0.052,29.0,Thousand Oaks,16.53450025,54.567385124999994,5.747618779166667,1018.7708333333334,0.0,47.416666666666664
2021-10-22,34.210169,-118.870509,2.7,0.029,15.0,Thousand Oaks,16.1157501875,67.279115375,6.682360549999999,1016.5458333333332,0.0,34.0
2021-10-23,34.210169,-118.870509,3.5,0.033,19.0,Thousand Oaks,16.965750145833333,84.35237529166666,7.620308908333333,1012.8125,0.016666666666666666,83.54166666666667
2021-10-24,34.210169,-118.870509,5.3,0.041,29.0,Thousand Oaks,15.857416791666665,81.07966566666666,6.747698575,1012.5041666666666,0.004166666666666667,97.625
2021-10-25,34.210169,-118.870509,2.5,0.039,14.0,Thousand Oaks,14.649083604166668,89.88090229166666,12.259331370833332,1012.4375,0.6041666666666666,86.625
2021-10-26,34.210169,-118.870509,4.3,0.041,24.0,Thousand Oaks,12.688666833333334,79.08221316666666,5.834720029166667,1016.6458333333334,0.0,5.875
2021-10-27,34.210169,-118.870509,2.2,0.041,12.0,Thousand Oaks,17.4386666875,50.720435333333334,13.200062379166667,1020.4291666666667,0.0,0.0
2021-10-28,34.210169,-118.870509,1.5,0.042,8.0,Thousand Oaks,22.790750250000002,40.141278291666666,16.219566279166667,1017.85,0.0,0.0
2021-10-29,34.210169,-118.870509,5.0,0.044,28.0,Thousand Oaks,23.801166875000003,38.32341875,9.926048704166666,1013.4499999999999,0.0,0.9166666666666666
2021-10-30,34.210169,-118.870509,14.7,0.041,61.0,Thousand Oaks,19.034500166666668,65.76010104166666,5.989233920833333,1013.025,0.0,23.916666666666668
2021-10-31,34.210169,-118.870509,20.5,0.044,72.0,Thousand Oaks,15.911583499999999,83.20003354166667,5.471154725000001,1014.7583333333333,0.0,40.75
2021-11-01,34.210169,-118.870509,12.6,0.034,58.0,Thousand Oaks,14.719916729166668,86.49726929166667,6.010280766666667,1017.9291666666667,0.0,98.20833333333333
2021-11-02,34.210169,-118.870509,4.7,0.03,26.0,Thousand Oaks,14.859499958333332,83.71828354166666,6.213823033333333,1020.6708333333332,0.0,46.25
2021-11-03,34.210169,-118.870509,4.6,0.025,26.0,Thousand Oaks,17.421999979166667,71.56866891666667,4.658933183333333,1018.5749999999999,0.0,0.7083333333333334
2021-11-04,34.210169,-118.870509,6.5,0.035,36.0,Thousand Oaks,18.105333416666667,65.10864170833334,5.4677239916666664,1015.8833333333333,0.0,0.3333333333333333
2021-11-05,34.210169,-118.870509,11.6,0.04,56.0,Thousand Oaks,19.959500145833335,52.04519329166666,8.700249845833333,1013.9916666666667,0.0,4.0
2021-11-06,34.210169,-118.870509,19.1,0.046,70.0,Thousand Oaks,17.072000041666666,66.00364141666667,5.448831169166667,1015.9666666666667,0.0,1.125
2021-11-07,34.210169,-118.870509,20.9,0.048,73.0,Thousand Oaks,15.174083145833334,79.05551108333334,5.8691573041666665,1016.3958333333334,0.0,4.708333333333333
2021-11-08,34.210169,-118.870509,26.2,0.056,83.0,Thousand Oaks,15.244916875,78.43029216666666,6.511974104166666,1016.3916666666668,0.0,45.375
2021-11-09,34.210169,-118.870509,9.3,0.041,51.0,Thousand Oaks,14.201166854166667,86.44858125,7.0470905375,1021.4333333333334,0.029166666666666664,81.08333333333333
2021-11-10,34.210169,-118.870509,3.5,0.037,19.0,Thousand Oaks,16.828250083333334,74.64469404166667,7.335886854166667,1020.75,0.0,33.833333333333336
2021-11-11,34.210169,-118.870509,0.1,0.041,1.0,Thousand Oaks,22.103250208333336,36.92094591666667,17.745583825,1018.8208333333333,0.0,0.08333333333333333
2021-11-12,34.210169,-118.870509,-0.5,0.038,0.0,Thousand Oaks,25.317833500000003,23.33946725,16.55602222916667,1018.6708333333332,0.0,0.0
2021-11-13,34.210169,-118.870509,1.2,0.04,7.0,Thousand Oaks,25.9699165,21.311749375,13.341144520833334,1017.6708333333332,0.0,4.833333333333333
2021-11-14,34.210169,-118.870509,3.3,0.048,18.0,Thousand Oaks,25.038666833333334,20.639102416666667,11.100170825,1018.0291666666667,0.0,0.0
2021-11-15,34.210169,-118.870509,5.4,0.043,30.0,Thousand Oaks,22.3740835,25.440717458333335,7.805374191666666,1018.1708333333332,0.0,3.25
2021-11-16,34.210169,-118.870509,12.6,0.038,58.0,Thousand Oaks,17.892833541666665,50.686340124999994,5.102551654166667,1016.6125000000001,0.0,82.95833333333333
2021-11-17,34.210169,-118.870509,20.6,0.035,72.0,Thousand Oaks,15.284500104166668,77.73483866666668,6.018510308333333,1015.775,0.0,50.375
2021-11-18,34.210169,-118.870509,14.7,0.04,61.0,Thousand Oaks,15.230333458333334,69.832248,5.490102816666667,1018.0375,0.0,87.20833333333333
2021-11-19,34.210169,-118.870509,13.6,0.034,59.0,Thousand Oaks,15.101166916666665,77.970832,4.600848579166667,1018.7875,0.0,100.0
2021-11-20,34.210169,-118.870509,20.5,0.038,72.0,Thousand Oaks,14.4678333125,79.98645270833333,5.864703228333333,1017.7416666666667,0.0,71.91666666666667
2021-11-21,34.210169,-118.870509,1.2,0.041,7.0,Thousand Oaks,19.294916812500002,32.2276893125,21.326835916666667,1018.7291666666666,0.0,21.208333333333332
2021-11-22,34.210169,-118.870509,0.9,0.041,5.0,Thousand Oaks,20.551167,13.26386625,22.59517825,1019.4041666666667,0.0,20.125
2021-11-23,34.210169,-118.870509,2.7,0.04,15.0,Thousand Oaks,19.326166812500002,16.797329458333333,9.231379354166666,1014.7666666666668,0.0,34.333333333333336
2021-11-24,34.210169,-118.870509,2.7,0.04,15.0,Thousand Oaks,19.326166812500002,16.797329458333333,9.231379354166666,1014.7666666666668,0.0,34.333333333333336
2021-11-25,34.210169,-118.870509,2.7,0.04,15.0,Thousand Oaks,19.326166812500002,16.797329458333333,9.231379354166666,1014.7666666666668,0.0,34.333333333333336
2021-11-26,34.210169,-118.870509,0.4,0.044,2.0,Thousand Oaks,18.794916770833336,8.263673925,19.579757291666667,1022.3041666666667,0.0,21.541666666666668
2021-11-27,34.210169,-118.870509,5.4,0.041,30.0,Thousand Oaks,19.732416687500002,9.464963925000001,10.729076804166667,1017.6374999999999,0.0,6.458333333333333
2021-11-28,34.210169,-118.870509,5.7,0.041,32.0,Thousand Oaks,19.36991689583333,15.476590541666667,8.339651916666666,1020.25,0.0,0.0
2021-11-29,34.210169,-118.870509,4.5,0.039,25.0,Thousand Oaks,21.4865835,15.964143358333333,10.203641383333332,1018.9083333333333,0.0,0.0
2021-11-30,34.210169,-118.870509,3.0,0.035,17.0,Thousand Oaks,21.736583416666665,18.570063083333334,13.272594941666666,1016.3125,0.0,0.0
2021-12-01,34.210169,-118.870509,5.9,0.039,33.0,Thousand Oaks,24.7428335,13.894501820833334,17.930918875,1017.0583333333334,0.0,0.0
2021-12-02,34.210169,-118.870509,11.3,0.042,55.0,Thousand Oaks,17.942833416666666,28.863139166666667,6.544412445833333,1018.4625,0.0,27.083333333333332
2021-12-03,34.210169,-118.870509,17.9,0.04,67.0,Thousand Oaks,13.078250375000001,77.72880116666667,5.4806244,1019.2041666666668,0.0,26.583333333333332
2021-12-04,34.210169,-118.870509,27.1,0.037,85.0,Thousand Oaks,12.2053334375,82.26436554166666,5.0369637,1020.1666666666666,0.0,31.958333333333332
2021-12-05,34.210169,-118.870509,13.1,0.041,58.0,Thousand Oaks,14.253250354166667,56.6072585,7.074020529166667,1019.3375,0.0,4.75
2021-12-06,34.210169,-118.870509,29.1,0.038,88.0,Thousand Oaks,16.455333479166665,37.07818120833333,8.402200329166666,1016.8708333333334,0.0,35.375
2021-12-07,34.210169,-118.870509,15.5,0.037,63.0,Thousand Oaks,13.5907500625,84.53588404166666,5.394519875,1015.1999999999999,0.09583333333333334,97.875
2021-12-08,34.210169,-118.870509,9.0,0.041,50.0,Thousand Oaks,13.155333416666666,83.88602795833333,5.018915625,1016.3916666666668,0.0,17.791666666666668
2021-12-09,34.210169,-118.870509,4.2,0.035,23.0,Thousand Oaks,12.403250166666666,93.99332520833333,9.768903241666667,1014.5625,0.15833333333333333,93.91666666666667
2021-12-10,34.210169,-118.870509,4.6,0.035,26.0,Thousand Oaks,10.049083541666667,71.42216341666666,8.449310895833333,1016.7666666666668,0.0,49.375
2021-12-11,34.210169,-118.870509,5.2,0.04,29.0,Thousand Oaks,11.430333374999998,40.39289108333333,12.523229441666667,1022.0458333333332,0.0,6.708333333333333
2021-12-12,34.210169,-118.870509,5.8,0.043,32.0,Thousand Oaks,10.367833249999999,50.22780791666667,6.9512047458333335,1017.8583333333332,0.0,30.041666666666668
2021-12-13,34.210169,-118.870509,4.3,0.04,24.0,Thousand Oaks,9.474083416666668,82.69038208333333,8.012540145833333,1017.9250000000001,0.012500000000000002,66.16666666666667
2021-12-14,34.210169,-118.870509,1.0,0.043,6.0,Thousand Oaks,11.232416749999999,91.18321229166666,20.744993354166667,1013.9083333333333,1.9333333333333333,97.75
2021-12-15,34.210169,-118.870509,4.0,0.036,22.0,Thousand Oaks,5.797000108333333,80.03657904166667,8.309572291666667,1020.8083333333334,0.0,41.458333333333336
2021-12-16,34.210169,-118.870509,4.0,0.03,22.0,Thousand Oaks,6.986583158333333,77.839834125,6.368015436666667,1021.875,0.004166666666666667,62.333333333333336
2021-12-17,34.210169,-118.870509,1.2,0.04,7.0,Thousand Oaks,11.188666812500001,71.33985945833334,15.473979770833333,1019.3458333333333,0.0375,32.083333333333336
2021-12-18,34.210169,-118.870509,1.4,0.042,8.0,Thousand Oaks,11.959500166666666,41.2832065,18.473833666666668,1022.0333333333333,0.0,2.25
2021-12-19,34.210169,-118.870509,12.3,0.032,57.0,Thousand Oaks,11.278250083333333,44.985876499999996,10.819958725,1019.7208333333333,0.0,0.0
2021-12-20,34.210169,-118.870509,16.9,0.033,66.0,Thousand Oaks,9.824083416666667,65.212764,7.930990245833333,1020.4666666666667,0.0,53.458333333333336
2021-12-21,34.210169,-118.870509,7.6,0.035,42.0,Thousand Oaks,12.701166729166665,43.41358225,15.6290148875,1019.6458333333334,0.0,98.16666666666667
2021-12-22,34.210169,-118.870509,11.1,0.024,55.0,Thousand Oaks,12.182416583333334,57.0253365,6.106644204166667,1018.9250000000001,0.0,96.5
2021-12-23,34.210169,-118.870509,3.6,0.031,20.0,Thousand Oaks,11.636583312499999,82.89560025,9.185298854166666,1016.0666666666666,1.0250000000000001,100.0
2021-12-24,34.210169,-118.870509,6.3,0.04,35.0,Thousand Oaks,11.524083562500001,94.950593625,13.031068758333333,1010.2125,1.7208333333333334,93.41666666666667
2021-12-25,34.210169,-118.870509,5.9,0.04,33.0,Thousand Oaks,10.561583270833333,89.70625766666666,9.143815616666666,1015.5666666666666,0.029166666666666664,80.91666666666667
2021-12-26,34.210169,-118.870509,5.3,0.039,29.0,Thousand Oaks,8.426166491666667,85.20281045833333,11.178396379166665,1016.3208333333333,0.3125,31.416666666666668
2021-12-27,34.210169,-118.870509,2.7,0.035,15.0,Thousand Oaks,7.236583408333334,84.72308429166667,8.011584791666666,1017.7166666666667,0.09166666666666667,32.708333333333336
2021-12-28,34.210169,-118.870509,4.6,0.04,26.0,Thousand Oaks,7.276166704166666,86.61549545833333,8.465604341666667,1011.525,0.016666666666666666,43.458333333333336
2021-12-29,34.210169,-118.870509,2.7,0.035,15.0,Thousand Oaks,6.940749958333334,89.97084508333334,9.70820575,1011.4291666666667,0.14583333333333334,58.708333333333336
2021-12-30,34.210169,-118.870509,1.1,0.032,6.0,Thousand Oaks,9.451166624999999,96.81541145833334,12.68744305,1010.5666666666666,2.9,100.0
2021-12-31,34.210169,-118.870509,1.1,0.032,6.0,Thousand Oaks,9.451166624999999,96.81541145833334,12.68744305,1010.5666666666666,2.9,100.0
2022-01-01,34.210169,-118.870509,2.3,0.041,13.0,Thousand Oaks,8.824083395833332,64.86531875,14.708679333333334,1014.4333333333334,0.0,22.833333333333332
2022-01-02,34.210169,-118.870509,0.7,0.042,4.0,Thousand Oaks,8.615749895833334,43.36201570833333,19.332816458333333,1025.3541666666667,0.0,4.291666666666667
2022-01-03,34.210169,-118.870509,5.6,0.039,31.0,Thousand Oaks,7.932416629166667,49.45328120833333,13.1028150875,1022.6999999999999,0.0,2.7083333333333335
2022-01-04,34.210169,-118.870509,6.0,0.037,33.0,Thousand Oaks,8.732416791666667,71.77500570833332,6.090406620833334,1023.3708333333334,0.0,70.375
2022-01-05,34.210169,-118.870509,3.2,0.033,18.0,Thousand Oaks,12.149083291666665,65.235805125,11.198799966666668,1020.0166666666668,0.0,0.5833333333333334
2022-01-06,34.210169,-118.870509,6.2,0.034,34.0,Thousand Oaks,15.4490836875,51.713384,12.370773420833332,1015.7083333333334,0.0,4.541666666666667
2022-01-07,34.210169,-118.870509,10.6,0.03,54.0,Thousand Oaks,12.9136666875,71.73879104166666,4.7606546875,1012.9,0.0,15.958333333333334
2022-01-08,34.210169,-118.870509,20.6,0.041,72.0,Thousand Oaks,11.436583479166666,88.20450291666667,5.846904641666666,1015.7208333333333,0.0,91.41666666666667
2022-01-09,34.210169,-118.870509,2.4,0.041,13.0,Thousand Oaks,12.355333395833334,59.87472054166667,15.853683341666667,1021.9625,0.0,44.166666666666664
2022-01-10,34.210169,-118.870509,0.1,0.041,1.0,Thousand Oaks,14.347000166666668,33.892595,21.1249425,1027.0874999999999,0.0,86.83333333333333
2022-01-11,34.210169,-118.870509,0.2,0.044,1.0,Thousand Oaks,14.932416875,25.773537541666666,23.29567341666667,1025.7541666666666,0.0,15.25
2022-01-12,34.210169,-118.870509,0.1,0.042,1.0,Thousand Oaks,17.13241675,22.695229625,19.805661333333333,1023.8541666666666,0.0,34.416666666666664
2022-01-13,34.210169,-118.870509,4.6,0.019,26.0,Thousand Oaks,17.68866675,27.091298,10.904224704166666,1022.3708333333334,0.0,100.0
2022-01-14,34.210169,-118.870509,4.6,0.019,26.0,Thousand Oaks,17.68866675,27.091298,10.904224704166666,1022.3708333333334,0.0,100.0
2022-01-15,34.210169,-118.870509,4.6,0.019,26.0,Thousand Oaks,17.68866675,27.091298,10.904224704166666,1022.3708333333334,0.0,100.0
2022-01-16,34.210169,-118.870509,4.6,0.019,26.0,Thousand Oaks,17.68866675,27.091298,10.904224704166666,1022.3708333333334,0.0,100.0
2022-01-17,34.210169,-118.870509,4.6,0.019,26.0,Thousand Oaks,17.68866675,27.091298,10.904224704166666,1022.3708333333334,0.0,100.0
2022-01-18,34.210169,-118.870509,4.6,0.019,26.0,Thousand Oaks,17.68866675,27.091298,10.904224704166666,1022.3708333333334,0.0,100.0
2022-01-19,34.210169,-118.870509,10.5,0.037,54.0,Thousand Oaks,12.7407500625,87.34025874999999,4.970660425,1020.1125000000001,0.0,53.625
2022-01-20,34.210169,-118.870509,10.5,0.037,54.0,Thousand Oaks,12.7407500625,87.34025874999999,4.970660425,1020.1125000000001,0.0,53.625
2022-01-21,34.210169,-118.870509,10.5,0.037,54.0,Thousand Oaks,12.7407500625,87.34025874999999,4.970660425,1020.1125000000001,0.0,53.625
2022-01-22,34.210169,-118.870509,3.2,0.043,18.0,Thousand Oaks,15.078250166666665,26.712091791666666,19.433544166666668,1017.2916666666666,0.0,0.0
2022-01-23,34.210169,-118.870509,3.8,0.044,21.0,Thousand Oaks,15.784500270833334,20.640163958333336,16.9651017625,1020.7541666666666,0.0,4.083333333333333
2022-01-24,34.210169,-118.870509,6.0,0.038,33.0,Thousand Oaks,16.290750041666666,22.539567083333335,11.059772045833334,1019.0749999999999,0.0,0.0
2022-01-25,34.210169,-118.870509,11.9,0.04,56.0,Thousand Oaks,14.209500208333333,49.58050852083333,6.5362033041666665,1015.1,0.0,19.625
2022-01-26,34.210169,-118.870509,3.0,0.044,17.0,Thousand Oaks,14.067833479166666,28.712011833333335,17.8284627875,1018.3958333333334,0.0,12.083333333333334
2022-01-27,34.210169,-118.870509,3.6,0.045,20.0,Thousand Oaks,14.742833458333331,17.5649925,17.342747083333332,1020.8458333333333,0.0,3.7916666666666665
2022-01-28,34.210169,-118.870509,2.3,0.048,13.0,Thousand Oaks,16.009500104166666,13.915129604166667,23.15981748333333,1023.8708333333334,0.0,59.958333333333336
2022-01-29,34.210169,-118.870509,3.7,0.042,21.0,Thousand Oaks,15.069916666666666,10.983268791666667,19.835233958333333,1021.5291666666667,0.0,84.20833333333333
2022-01-30,34.210169,-118.870509,7.4,0.046,41.0,Thousand Oaks,14.699083354166667,17.623897733333333,12.082990579166667,1019.4416666666666,0.0,15.791666666666666
2022-01-31,34.210169,-118.870509,15.7,0.032,63.0,Thousand Oaks,12.77200025,44.46248054166667,6.3996378125,1019.5958333333333,0.0,68.75
2022-02-01,34.210169,-118.870509,15.7,0.032,63.0,Thousand Oaks,12.77200025,44.46248054166667,6.3996378125,1019.5958333333333,0.0,68.75
2022-02-02,34.210169,-118.870509,15.7,0.032,63.0,Thousand Oaks,12.77200025,44.46248054166667,6.3996378125,1019.5958333333333,0.0,68.75
2022-02-03,34.210169,-118.870509,2.4,0.045,13.0,Thousand Oaks,12.767833458333333,16.397777958333332,17.175957854166665,1020.9499999999999,0.0,4.291666666666667
2022-02-04,34.210169,-118.870509,2.3,0.043,13.0,Thousand Oaks,13.551166875,18.645993166666667,20.100416291666665,1026.6708333333333,0.0,2.25
2022-02-05,34.210169,-118.870509,0.6,0.045,3.0,Thousand Oaks,14.974083375,17.033006625000002,21.867460041666664,1024.7625,0.0,0.0
2022-02-06,34.210169,-118.870509,0.9,0.048,5.0,Thousand Oaks,17.5428335625,15.460393833333333,17.38002125,1021.25,0.0,2.9166666666666665
2022-02-07,34.210169,-118.870509,2.2,0.045,12.0,Thousand Oaks,19.1470001875,13.097130854166666,17.846904125,1024.1708333333333,0.0,0.0
2022-02-08,34.210169,-118.870509,1.7,0.045,9.0,Thousand Oaks,19.426166875,15.017389166666668,16.337099958333333,1022.625,0.0,24.833333333333332
2022-02-09,34.210169,-118.870509,2.0,0.047,11.0,Thousand Oaks,21.982416875,14.379832166666667,17.573013958333334,1019.525,0.0,15.541666666666666
2022-02-10,34.210169,-118.870509,2.4,0.045,13.0,Thousand Oaks,21.394916875000003,18.37281846666667,14.5897784375,1018.3041666666667,0.0,0.08333333333333333
2022-02-11,34.210169,-118.870509,3.8,0.048,21.0,Thousand Oaks,22.57825025,20.250371458333333,12.9235159,1016.7791666666667,0.0,0.0
2022-02-12,34.210169,-118.870509,6.0,0.047,33.0,Thousand Oaks,23.0740835,17.496128458333335,13.617589254166667,1017.6416666666668,0.0,2.25
2022-02-13,34.210169,-118.870509,4.7,0.052,26.0,Thousand Oaks,22.286583500000003,13.446388145833334,12.255740291666667,1021.3458333333333,0.0,5.291666666666667
2022-02-14,34.210169,-118.870509,6.5,0.047,36.0,Thousand Oaks,20.084500229166668,19.961374083333332,8.371225179166666,1018.8833333333333,0.0,17.583333333333332
2022-02-15,34.210169,-118.870509,6.7,0.042,37.0,Thousand Oaks,13.438666791666668,71.007997125,10.560962420833333,1011.8541666666666,0.0375,66.08333333333333
2022-02-16,34.210169,-118.870509,5.5,0.042,31.0,Thousand Oaks,11.032416729166668,48.3701935,7.400371020833333,1012.2916666666666,0.004166666666666667,8.5
2022-02-17,34.210169,-118.870509,3.9,0.044,22.0,Thousand Oaks,13.165750229166667,49.971230875,16.013990924999998,1021.4041666666667,0.0,0.0
2022-02-18,34.210169,-118.870509,4.3,0.047,24.0,Thousand Oaks,14.963666875,27.607319416666666,10.754842883333334,1023.775,0.0,1.25
2022-02-19,34.210169,-118.870509,6.8,0.045,38.0,Thousand Oaks,16.9574166875,26.62273225,10.240501895833333,1019.5458333333332,0.0,17.041666666666668
2022-02-20,34.210169,-118.870509,10.1,0.046,53.0,Thousand Oaks,13.724083541666666,59.777526875,7.010734195833333,1015.3083333333334,0.0,50.333333333333336
2022-02-21,34.210169,-118.870509,8.1,0.045,45.0,Thousand Oaks,11.851166770833332,76.33224025,9.821071891666667,1013.7666666666668,0.008333333333333333,79.54166666666667
2022-02-22,34.210169,-118.870509,4.9,0.043,27.0,Thousand Oaks,10.251167104166667,75.002276,13.470099687500001,1014.5583333333334,0.0,22.666666666666668
2022-02-23,34.210169,-118.870509,3.0,0.043,17.0,Thousand Oaks,7.915749929166666,59.50226758333333,13.413821779166668,1013.9541666666668,0.037500000000000006,21.666666666666668
2022-02-24,34.210169,-118.870509,3.9,0.044,22.0,Thousand Oaks,8.428249962499999,31.226286770833337,11.857627266666666,1022.6458333333334,0.0,0.16666666666666666
2022-02-25,34.210169,-118.870509,5.5,0.047,31.0,Thousand Oaks,9.838666708333333,35.709491041666666,11.538195324999998,1022.625,0.0,0.0
2022-02-26,34.210169,-118.870509,5.5,0.046,31.0,Thousand Oaks,12.472000333333334,26.294017416666666,15.29165075,1023.8958333333334,0.0,22.333333333333332
2022-02-27,34.210169,-118.870509,2.2,0.046,12.0,Thousand Oaks,15.619916729166667,12.261308420833332,19.079250625,1025.5166666666667,0.0,39.5
2022-02-28,34.210169,-118.870509,2.0,0.048,11.0,Thousand Oaks,19.6553336875,14.278547258333333,19.350493083333333,1021.5875,0.0,5.291666666666667
2022-03-01,34.210169,-118.870509,2.5,0.05,14.0,Thousand Oaks,22.186583291666665,14.539487470833334,15.020176333333334,1018.2208333333333,0.0,0.0
2022-03-02,34.210169,-118.870509,6.9,0.055,38.0,Thousand Oaks,21.17200025,14.878394729166667,9.5461264625,1016.525,0.0,17.458333333333332
2022-03-03,34.210169,-118.870509,12.2,0.057,57.0,Thousand Oaks,17.917833395833334,28.768630333333334,7.3346690458333335,1013.0333333333333,0.0,81.0
2022-03-04,34.210169,-118.870509,6.4,0.043,36.0,Thousand Oaks,13.217833666666666,75.55065283333333,10.135157379166666,1012.6291666666666,0.05833333333333333,69.83333333333333
2022-03-05,34.210169,-118.870509,7.3,0.045,41.0,Thousand Oaks,10.180333416666667,71.73239458333333,13.259058795833333,1016.8791666666666,0.008333333333333333,29.958333333333332
2022-03-06,34.210169,-118.870509,5.5,0.044,31.0,Thousand Oaks,9.59075,57.25078466666667,8.334716195833334,1020.5875,0.0,0.5416666666666666
2022-03-07,34.210169,-118.870509,4.4,0.047,24.0,Thousand Oaks,12.011583416666667,42.477603916666666,12.513615375,1023.2541666666666,0.0,0.16666666666666666
2022-03-08,34.210169,-118.870509,3.8,0.05,21.0,Thousand Oaks,14.817833395833333,25.053995416666666,13.056892758333333,1021.275,0.0,0.5416666666666666
2022-03-09,34.210169,-118.870509,7.8,0.05,43.0,Thousand Oaks,14.244916708333333,35.027315333333334,9.1538251125,1015.3333333333334,0.0,0.0
2022-03-10,34.210169,-118.870509,11.9,0.049,56.0,Thousand Oaks,13.80741675,65.71026745833333,8.256076225,1013.4333333333334,0.0,37.25
2022-03-11,34.210169,-118.870509,3.7,0.052,21.0,Thousand Oaks,16.134500125,17.528879541666665,16.7637321375,1022.4958333333334,0.0,0.0
2022-03-12,34.210169,-118.870509,5.2,0.053,29.0,Thousand Oaks,17.182416604166665,13.8617409875,12.539145304166667,1023.3791666666666,0.0,0.0
2022-03-13,34.210169,-118.870509,9.5,0.048,52.0,Thousand Oaks,15.538666666666666,38.40148970833334,8.252142274999999,1018.6125000000001,0.0,22.666666666666668
2022-03-14,34.210169,-118.870509,8.2,0.046,46.0,Thousand Oaks,17.11158345833333,40.66263970833334,8.7048550125,1020.1999999999999,0.0,25.208333333333332
2022-03-15,34.210169,-118.870509,6.7,0.049,37.0,Thousand Oaks,18.484500125,34.77846808333333,8.533344425000001,1020.3166666666666,0.0,31.541666666666668
2022-03-16,34.210169,-118.870509,6.7,0.049,37.0,Thousand Oaks,18.484500125,34.77846808333333,8.533344425000001,1020.3166666666666,0.0,31.541666666666668
2022-03-17,34.210169,-118.870509,7.0,0.049,39.0,Thousand Oaks,20.519916833333333,28.665086979166663,12.8741317125,1016.7583333333333,0.0,41.166666666666664
2022-03-18,34.210169,-118.870509,6.4,0.05,36.0,Thousand Oaks,20.088666916666668,25.318509104166665,10.352661791666668,1016.4791666666666,0.0,19.208333333333332
2022-03-19,34.210169,-118.870509,6.5,0.041,36.0,Thousand Oaks,16.8844999375,42.070400666666664,8.489149008333333,1015.8583333333332,0.024999999999999998,74.58333333333333
2022-03-20,34.210169,-118.870509,7.0,0.042,39.0,Thousand Oaks,13.953249937499999,72.14315325,10.051369275,1014.25,0.020833333333333332,46.416666666666664
2022-03-21,34.210169,-118.870509,6.5,0.049,36.0,Thousand Oaks,18.121999895833333,28.733045750000002,10.335162658333333,1017.2041666666668,0.0,65.04166666666667
2022-03-22,34.210169,-118.870509,4.4,0.047,24.0,Thousand Oaks,22.74075016666667,22.570126000000002,13.156713958333333,1017.2583333333333,0.0,13.708333333333334
2022-03-23,34.210169,-118.870509,4.5,0.055,25.0,Thousand Oaks,23.22200020833333,24.9558105625,12.222179691666668,1018.4833333333332,0.0,0.0
2022-03-24,34.210169,-118.870509,6.0,0.058,33.0,Thousand Oaks,22.64075025,26.848583666666666,7.262490720833333,1017.5791666666668,0.0,12.875
2022-03-25,34.210169,-118.870509,6.5,0.049,36.0,Thousand Oaks,21.780333583333334,32.02127129166667,6.433567708333334,1015.625,0.0,72.25
2022-03-26,34.210169,-118.870509,9.8,0.046,52.0,Thousand Oaks,19.559500041666666,46.56908454166666,5.833530008333334,1013.2333333333332,0.0,32.791666666666664
2022-03-27,34.210169,-118.870509,8.7,0.049,48.0,Thousand Oaks,15.240750125,63.701045416666666,8.848282408333334,1011.625,0.0,53.25
2022-03-28,34.210169,-118.870509,3.0,0.045,17.0,Thousand Oaks,12.590750208333333,81.55858433333333,16.842595416666665,1010.5958333333333,1.0875000000000001,85.29166666666667
2022-03-29,34.210169,-118.870509,4.2,0.042,23.0,Thousand Oaks,12.247,82.88161379166667,5.727563204166667,1010.9875000000001,0.16666666666666666,62.25
2022-03-30,34.210169,-118.870509,8.0,0.04,44.0,Thousand Oaks,13.990750145833333,79.44800808333333,7.512443529166667,1017.125,0.0,18.958333333333332
2022-03-31,34.210169,-118.870509,10.2,0.042,53.0,Thousand Oaks,13.734499999999999,83.87725870833333,7.013197029166666,1013.1416666666668,0.004166666666666667,72.16666666666667
2022-04-01,34.210169,-118.870509,11.5,0.05,55.0,Thousand Oaks,14.482416833333334,82.02524020833333,6.322530382499999,1011.5541666666667,0.0,35.416666666666664
2022-04-02,34.210169,-118.870509,10.3,0.042,53.0,Thousand Oaks,14.040750020833334,80.93813954166667,6.899887416666666,1015.025,0.0,32.458333333333336
2022-04-03,34.210169,-118.870509,8.9,0.045,49.0,Thousand Oaks,13.296999979166666,86.42190316666667,6.2825292416666665,1015.4916666666667,0.0,91.20833333333333
2022-04-04,34.210169,-118.870509,9.7,0.047,52.0,Thousand Oaks,15.147000416666666,75.22957704166667,7.435133120833334,1012.8375,0.0,27.625
2022-04-05,34.210169,-118.870509,6.2,0.042,34.0,Thousand Oaks,20.8032501875,45.116088749999996,6.9753717208333335,1012.6999999999999,0.0,8.416666666666666
2022-04-06,34.210169,-118.870509,9.0,0.052,50.0,Thousand Oaks,25.138666708333332,30.644411083333335,16.095758183333334,1012.8333333333334,0.0,0.0
2022-04-07,34.210169,-118.870509,6.0,0.051,33.0,Thousand Oaks,27.840749916666667,12.00868125,18.50838715,1017.2541666666666,0.0,0.0
2022-04-08,34.210169,-118.870509,6.8,0.056,38.0,Thousand Oaks,28.949083,8.738222508333333,14.8238331125,1014.6999999999999,0.0,5.833333333333333
2022-04-09,34.210169,-118.870509,17.7,0.049,67.0,Thousand Oaks,26.482416875,20.358126875,9.612196416666666,1009.6166666666667,0.0,17.958333333333332
2022-04-10,34.210169,-118.870509,18.1,0.049,68.0,Thousand Oaks,18.863666895833333,60.74680816666666,7.745059733333334,1009.7666666666668,0.0,28.25
2022-04-11,34.210169,-118.870509,12.4,0.043,57.0,Thousand Oaks,15.999083604166666,73.33149741666666,10.480725425000001,1010.8208333333333,0.008333333333333333,76.375
2022-04-12,34.210169,-118.870509,6.6,0.045,37.0,Thousand Oaks,12.759500166666667,50.884275124999995,12.148626366666667,1013.7083333333334,0.0,14.125
2022-04-13,34.210169,-118.870509,6.9,0.054,38.0,Thousand Oaks,13.9990833125,20.726584374999998,8.662521532083334,1018.5791666666668,0.0,0.0
2022-04-14,34.210169,-118.870509,8.9,0.052,49.0,Thousand Oaks,14.93658325,37.22842375,9.464854491666665,1016.5333333333333,0.0,0.0
2022-04-15,34.210169,-118.870509,7.9,0.044,44.0,Thousand Oaks,15.042833458333334,60.62186904166666,8.743801395833334,1014.3291666666668,0.0,3.9166666666666665
2022-04-16,34.210169,-118.870509,5.4,0.034,30.0,Thousand Oaks,14.842833291666667,73.83523695833334,12.332896499999999,1016.6333333333333,0.0,42.25
2022-04-17,34.210169,-118.870509,6.7,0.039,37.0,Thousand Oaks,15.113666729166667,75.25230258333333,9.35855975,1019.875,0.0,36.666666666666664
2022-04-18,34.210169,-118.870509,9.3,0.044,51.0,Thousand Oaks,17.33866677083333,60.976638,7.592217941666667,1016.3916666666668,0.0,47.833333333333336
2022-04-19,34.210169,-118.870509,8.0,0.038,44.0,Thousand Oaks,18.790750270833332,52.07731416666667,8.611986583333334,1013.8208333333333,0.0,64.125
2022-04-20,34.210169,-118.870509,7.1,0.046,39.0,Thousand Oaks,16.40116689583333,70.06669991666666,10.255348370833334,1013.8083333333334,0.0,31.791666666666668
2022-04-21,34.210169,-118.870509,5.9,0.039,33.0,Thousand Oaks,13.824083208333333,72.180904875,10.473993433333334,1016.4458333333333,0.008333333333333333,28.5
2022-04-22,34.210169,-118.870509,6.2,0.044,34.0,Thousand Oaks,13.136583416666667,79.0523955,15.661867625,1015.525,0.47083333333333327,58.625
2022-04-23,34.210169,-118.870509,7.1,0.049,39.0,Thousand Oaks,15.857416875,49.160455041666665,9.1470694,1017.5166666666668,0.0,32.0
2022-04-24,34.210169,-118.870509,4.6,0.051,26.0,Thousand Oaks,19.774083479166666,35.67476475,14.428299854166667,1015.8249999999999,0.0,0.375
2022-04-25,34.210169,-118.870509,6.2,0.061,34.0,Thousand Oaks,22.249083458333335,27.086460583333334,12.812443512500002,1015.1833333333334,0.0,8.291666666666666
2022-04-26,34.210169,-118.870509,11.8,0.054,56.0,Thousand Oaks,21.753250166666664,27.396347541666668,8.0582504,1012.4375,0.0,59.708333333333336
2022-04-27,34.210169,-118.870509,15.9,0.057,64.0,Thousand Oaks,17.963666791666665,54.887088041666665,9.320729475,1012.8041666666667,0.0,35.541666666666664
2022-04-28,34.210169,-118.870509,13.7,0.051,60.0,Thousand Oaks,15.609500166666665,68.34721029166667,7.804162191666666,1014.5,0.0,51.125
2022-04-29,34.210169,-118.870509,14.0,0.056,60.0,Thousand Oaks,15.778250145833333,57.285008291666664,8.933687725,1014.8666666666667,0.0,0.5833333333333334
2022-04-30,34.210169,-118.870509,12.7,0.061,58.0,Thousand Oaks,19.090750395833336,51.42045775,7.688597908333333,1012.9,0.0,1.875
2022-05-01,34.210169,-118.870509,13.2,0.048,59.0,Thousand Oaks,18.176166729166667,50.42831858333333,6.4175531404166675,1009.6166666666667,0.0,1.125
2022-05-02,34.210169,-118.870509,16.7,0.049,65.0,Thousand Oaks,16.8199169375,69.67173870833334,7.375832541666667,1013.0333333333333,0.0,16.375
2022-05-03,34.210169,-118.870509,14.6,0.053,61.0,Thousand Oaks,16.58033358333333,69.56779766666666,7.8344649325,1012.6583333333333,0.0,29.75
2022-05-04,34.210169,-118.870509,15.4,0.056,63.0,Thousand Oaks,18.326166729166665,65.87728045833333,8.177951541666667,1013.0500000000001,0.0,1.9583333333333333
2022-05-05,34.210169,-118.870509,12.9,0.052,58.0,Thousand Oaks,19.736583479166665,53.61265491666666,7.212363833333334,1014.5958333333333,0.0,12.416666666666666
2022-05-06,34.210169,-118.870509,10.3,0.046,53.0,Thousand Oaks,20.728250145833332,43.280857625,7.42093135,1014.4833333333332,0.0,46.458333333333336
2022-05-07,34.210169,-118.870509,11.3,0.041,55.0,Thousand Oaks,20.205333541666665,57.253689666666666,6.3217446866666664,1012.7166666666667,0.0,50.875
2022-05-08,34.210169,-118.870509,11.3,0.043,55.0,Thousand Oaks,17.094916770833333,68.25205954166667,8.964070733333333,1010.6458333333334,0.0,34.583333333333336
2022-05-09,34.210169,-118.870509,8.0,0.046,44.0,Thousand Oaks,15.344916583333335,50.294716083333334,10.523818408333334,1012.2541666666666,0.0,6.5
2022-05-10,34.210169,-118.870509,6.7,0.043,37.0,Thousand Oaks,14.1428333125,42.523314625000005,10.475468362500001,1016.025,0.0,25.0
2022-05-11,34.210169,-118.870509,5.2,0.045,29.0,Thousand Oaks,14.0136668125,40.02153833333333,10.316638466666667,1018.1833333333334,0.0,0.0
2022-05-12,34.210169,-118.870509,5.5,0.054,31.0,Thousand Oaks,17.872000145833333,32.280000125,12.526882008333333,1020.5875,0.0,4.208333333333333
2022-05-13,34.210169,-118.870509,6.0,0.053,33.0,Thousand Oaks,22.651166833333335,21.2222894125,14.578500329166667,1016.5749999999999,0.0,0.0
2022-05-14,34.210169,-118.870509,8.0,0.064,44.0,Thousand Oaks,25.78866675,18.873740083333335,11.7983484625,1013.4666666666667,0.0,28.625
2022-05-15,34.210169,-118.870509,9.8,0.049,52.0,Thousand Oaks,25.15950008333333,23.433024875,8.432708929166667,1012.0333333333333,0.0,51.458333333333336
2022-05-16,34.210169,-118.870509,10.2,0.04,53.0,Thousand Oaks,21.4095000625,46.06110129166667,8.111947658333333,1012.5875,0.0,9.375
2022-05-17,34.210169,-118.870509,10.9,0.046,54.0,Thousand Oaks,18.36991683333333,63.62766416666667,7.078586836666666,1013.4250000000001,0.0,6.958333333333333
2022-05-18,34.210169,-118.870509,14.7,0.055,61.0,Thousand Oaks,18.13866679166667,68.05709845833333,6.845668679166667,1014.9541666666668,0.0,15.916666666666666
2022-05-19,34.210169,-118.870509,11.7,0.054,56.0,Thousand Oaks,18.374083625,69.411659125,6.318712508333333,1013.0458333333332,0.0,18.833333333333332
2022-05-20,34.210169,-118.870509,6.9,0.048,38.0,Thousand Oaks,16.27616677083333,76.07670225,8.2810776375,1009.0208333333334,0.0,85.08333333333333
2022-05-21,34.210169,-118.870509,9.5,0.045,52.0,Thousand Oaks,16.897000062500002,74.169043625,6.897339912500001,1011.9958333333334,0.016666666666666666,68.75
2022-05-22,34.210169,-118.870509,10.8,0.047,54.0,Thousand Oaks,17.136583416666667,64.13817841666666,8.099660275,1015.775,0.0,0.20833333333333334
2022-05-23,34.210169,-118.870509,11.2,0.048,55.0,Thousand Oaks,17.0470004375,65.24055441666667,7.2801258875,1013.7666666666668,0.0,13.0
2022-05-24,34.210169,-118.870509,13.9,0.054,60.0,Thousand Oaks,18.163666895833334,69.79536529166667,5.972856524166667,1010.625,0.0,16.625
2022-05-25,34.210169,-118.870509,14.0,0.056,60.0,Thousand Oaks,20.609500083333334,66.25768733333334,6.425785995833333,1010.6208333333334,0.0,8.958333333333334
2022-05-26,34.210169,-118.870509,13.2,0.046,59.0,Thousand Oaks,19.488666708333334,73.01951662500001,5.9034847375,1012.9166666666666,0.0,45.083333333333336
2022-05-27,34.210169,-118.870509,7.0,0.041,39.0,Thousand Oaks,16.890750208333333,73.56146075,6.757174029166666,1016.1416666666668,0.0,67.625
2022-05-28,34.210169,-118.870509,7.1,0.04,39.0,Thousand Oaks,15.8761669375,75.40168391666667,8.892507395833332,1014.3958333333334,0.0,93.83333333333333
2022-05-29,34.210169,-118.870509,10.0,0.037,53.0,Thousand Oaks,17.369916749999998,69.485405375,7.948561370833333,1009.8833333333333,0.0,20.75
2022-05-30,34.210169,-118.870509,13.4,0.041,59.0,Thousand Oaks,19.674083624999998,56.16072008333333,8.313109225,1009.1041666666666,0.0,1.9166666666666667
2022-05-31,34.210169,-118.870509,13.9,0.045,60.0,Thousand Oaks,19.576166750000002,55.60037670833333,7.557514004166666,1008.8249999999999,0.0,0.0
2022-06-01,34.210169,-118.870509,15.2,0.054,62.0,Thousand Oaks,22.778250083333333,41.63516941666666,8.205732045833333,1010.1791666666667,0.0,0.0
2022-06-02,34.210169,-118.870509,16.5,0.049,65.0,Thousand Oaks,22.7428335625,53.836228874999996,8.6944581125,1009.7875,0.0,36.625
2022-06-03,34.210169,-118.870509,11.2,0.042,55.0,Thousand Oaks,19.565750270833334,69.95267520833333,6.785545203333334,1010.0791666666668,0.0,60.75
2022-06-04,34.210169,-118.870509,10.6,0.041,54.0,Thousand Oaks,18.809500083333333,70.15360320833334,7.263882891666667,1012.0666666666666,0.0,76.79166666666667
2022-06-05,34.210169,-118.870509,7.6,0.038,42.0,Thousand Oaks,19.565750208333334,70.785646375,7.4065239583333335,1012.3874999999999,0.0,70.29166666666667
2022-06-06,34.210169,-118.870509,8.2,0.035,46.0,Thousand Oaks,22.267833624999998,64.99632904166667,8.46811514875,1010.6374999999999,0.0,4.291666666666667
2022-06-07,34.210169,-118.870509,11.3,0.042,55.0,Thousand Oaks,22.36366691666667,66.69938283333333,6.5888316075,1009.7125,0.0,10.958333333333334
2022-06-08,34.210169,-118.870509,11.8,0.049,56.0,Thousand Oaks,22.794917041666665,59.22083329166667,6.299230404166667,1009.9583333333334,0.0,7.916666666666667
2022-06-09,34.210169,-118.870509,13.4,0.061,59.0,Thousand Oaks,24.134500083333332,56.159043708333336,7.691549704166667,1009.2208333333333,0.0,17.166666666666668
2022-06-10,34.210169,-118.870509,12.7,0.065,58.0,Thousand Oaks,24.713666458333336,59.808177666666666,6.7998255875,1010.9958333333334,0.0,17.666666666666668
2022-06-11,34.210169,-118.870509,10.5,0.05,54.0,Thousand Oaks,24.184499958333333,61.751052583333326,7.1117435250000005,1012.5708333333333,0.0,8.458333333333334
2022-06-12,34.210169,-118.870509,8.9,0.05,49.0,Thousand Oaks,23.25533354166667,62.136718374999994,6.605688569583333,1011.0749999999999,0.0,3.3333333333333335
2022-06-13,34.210169,-118.870509,8.4,0.035,47.0,Thousand Oaks,21.499083458333335,65.77177220833333,9.225134808333333,1010.4166666666666,0.0,26.375
2022-06-14,34.210169,-118.870509,11.6,0.044,56.0,Thousand Oaks,21.9365835,62.970795333333335,8.567139741666667,1010.65,0.0,7.416666666666667
2022-06-15,34.210169,-118.870509,15.9,0.056,64.0,Thousand Oaks,22.81991675,62.55353720833333,7.532255125,1009.7416666666667,0.0,4.958333333333333
2022-06-16,34.210169,-118.870509,16.2,0.054,64.0,Thousand Oaks,23.376166875,63.631918500000005,8.078382691666667,1009.1750000000001,0.0,17.416666666666668
2022-06-17,34.210169,-118.870509,8.4,0.047,47.0,Thousand Oaks,20.151166958333334,70.19891254166667,9.435851591666667,1009.5500000000001,0.016666666666666666,62.25
2022-06-18,34.210169,-118.870509,8.2,0.043,46.0,Thousand Oaks,18.3678335,62.94073995833333,9.609488104166667,1011.4416666666666,0.0,10.416666666666666
2022-06-19,34.210169,-118.870509,8.6,0.045,48.0,Thousand Oaks,19.582416833333333,55.144703625,9.598967241666665,1014.0583333333334,0.0,0.0
2022-06-20,34.210169,-118.870509,7.6,0.057,42.0,Thousand Oaks,25.471999708333332,25.837614904166667,10.688977966666668,1012.3291666666668,0.0,0.0
2022-06-21,34.210169,-118.870509,14.7,0.052,61.0,Thousand Oaks,27.251166375,26.181883374999998,9.8261477,1010.7166666666667,0.0,0.0
2022-06-22,34.210169,-118.870509,14.5,0.052,61.0,Thousand Oaks,25.965750083333333,37.62011329166666,9.427235583333333,1012.975,0.0625,34.916666666666664
2022-06-23,34.210169,-118.870509,11.5,0.052,55.0,Thousand Oaks,27.267833416666665,42.37365691666667,7.293374958333334,1011.8541666666666,0.004166666666666667,5.958333333333333
2022-06-24,34.210169,-118.870509,8.5,0.051,47.0,Thousand Oaks,25.559499833333334,36.7969795,7.3386157575,1011.0958333333333,0.0,0.0
2022-06-25,34.210169,-118.870509,10.7,0.046,54.0,Thousand Oaks,25.249083125,38.658168374999995,6.589778320833333,1011.8458333333333,0.0,0.0
2022-06-26,34.210169,-118.870509,13.2,0.045,59.0,Thousand Oaks,26.246999916666667,40.059211,7.5515100875,1013.4375,0.0,0.0
2022-06-27,34.210169,-118.870509,12.2,0.053,57.0,Thousand Oaks,27.48033295833333,37.952936666666666,8.353656416666666,1015.0749999999999,0.0,0.25
2022-06-28,34.210169,-118.870509,11.8,0.053,56.0,Thousand Oaks,29.301166374999998,28.724064916666666,6.307213591666667,1014.7875,0.0,0.20833333333333334
2022-06-29,34.210169,-118.870509,15.1,0.055,62.0,Thousand Oaks,27.578249749999998,33.90496629166667,6.322527583333334,1015.0083333333333,0.0,0.625
2022-06-30,34.210169,-118.870509,14.9,0.053,62.0,Thousand Oaks,25.15116675,49.02859720833334,6.364393519583333,1015.4250000000001,0.0,0.041666666666666664
2022-07-01,34.210169,-118.870509,13.2,0.051,59.0,Thousand Oaks,23.853250208333332,53.91518070833333,7.126676308333334,1014.5375,0.0,4.416666666666667
2022-07-02,34.210169,-118.870509,9.2,0.04,51.0,Thousand Oaks,22.919916999999998,49.591524416666665,6.672689529166667,1013.2416666666667,0.0,0.9166666666666666
2022-07-03,34.210169,-118.870509,8.3,0.038,46.0,Thousand Oaks,21.061583541666668,56.99551641666667,9.139722029166666,1012.6625,0.0,2.7083333333333335
2022-07-04,34.210169,-118.870509,8.2,0.041,46.0,Thousand Oaks,19.855333479166667,63.42375191666667,8.451654058333334,1013.0458333333332,0.0,2.2083333333333335
2022-07-05,34.210169,-118.870509,10.4,0.036,53.0,Thousand Oaks,20.732417,59.91553295833333,8.965098108333335,1013.5625,0.0,1.3333333333333333
2022-07-06,34.210169,-118.870509,4.9,0.028,27.0,Thousand Oaks,21.00533366666667,73.62306458333333,8.8615004875,1013.6999999999999,0.0,34.291666666666664
2022-07-07,34.210169,-118.870509,6.5,0.036,36.0,Thousand Oaks,22.622000208333333,62.97813383333334,7.457924179166667,1013.6291666666666,0.0,0.4166666666666667
2022-07-08,34.210169,-118.870509,7.9,0.04,44.0,Thousand Oaks,22.9490835,59.03162591666666,6.864237683333333,1015.3958333333334,0.0,40.083333333333336
2022-07-09,34.210169,-118.870509,7.5,0.042,42.0,Thousand Oaks,23.124083583333334,58.1188005,7.496592499999999,1017.6,0.0,18.541666666666668
2022-07-10,34.210169,-118.870509,9.4,0.045,52.0,Thousand Oaks,25.463666833333335,46.10486641666666,7.549894429166667,1016.4875000000001,0.0,0.0
2022-07-11,34.210169,-118.870509,9.0,0.035,50.0,Thousand Oaks,24.124083416666668,55.34583883333334,6.759965383333333,1013.3791666666666,0.0,0.375
2022-07-12,34.210169,-118.870509,9.0,0.038,50.0,Thousand Oaks,21.711583583333333,64.50253425,6.534509316666667,1012.7624999999999,0.0,5.875
2022-07-13,34.210169,-118.870509,8.0,0.039,44.0,Thousand Oaks,21.147000125,65.29500795833333,7.445959362500001,1013.3541666666666,0.0,6.166666666666667
2022-07-14,34.210169,-118.870509,6.5,0.038,36.0,Thousand Oaks,23.086583458333333,57.645392791666666,6.813031741666666,1013.0625,0.0,17.75
2022-07-15,34.210169,-118.870509,12.3,0.047,57.0,Thousand Oaks,24.301166749999997,60.190987125,5.692106411666667,1013.5416666666666,0.0,6.833333333333333
2022-07-16,34.210169,-118.870509,12.8,0.044,58.0,Thousand Oaks,26.471999666666665,54.65704458333334,6.744457070833334,1012.4625,0.0,2.6666666666666665
2022-07-17,34.210169,-118.870509,11.4,0.047,55.0,Thousand Oaks,26.98866670833333,49.427349,6.0413285666666665,1010.5708333333333,0.0,14.333333333333334
2022-07-18,34.210169,-118.870509,11.6,0.041,56.0,Thousand Oaks,26.88866695833333,49.63161458333334,6.428941208333334,1012.9875000000001,0.0,28.375
2022-07-19,34.210169,-118.870509,7.7,0.047,43.0,Thousand Oaks,26.588666833333335,48.90660583333334,6.6498682208333335,1014.7958333333332,0.0,0.7916666666666666
2022-07-20,34.210169,-118.870509,9.7,0.04,52.0,Thousand Oaks,27.042833166666668,34.93423966666666,6.876519233333333,1015.3833333333333,0.0,26.75
2022-07-21,34.210169,-118.870509,9.0,0.045,50.0,Thousand Oaks,26.06783329166667,36.96890670833333,7.245629741666666,1014.5791666666668,0.0,61.916666666666664
2022-07-22,34.210169,-118.870509,11.0,0.046,55.0,Thousand Oaks,24.065750124999997,53.25661470833333,6.281023591666667,1011.8833333333333,0.0,30.791666666666668
2022-07-23,34.210169,-118.870509,13.5,0.046,59.0,Thousand Oaks,23.55325016666667,57.627570375000005,6.9917683749999995,1010.875,0.0,19.5
2022-07-24,34.210169,-118.870509,10.4,0.04,53.0,Thousand Oaks,22.280333375,69.95962379166666,6.656246345833334,1011.8249999999999,0.0,15.041666666666666
2022-07-25,34.210169,-118.870509,8.8,0.041,49.0,Thousand Oaks,22.288666791666667,69.94951066666667,6.800092483333334,1012.5833333333334,0.0,6.375
2022-07-26,34.210169,-118.870509,8.4,0.044,47.0,Thousand Oaks,22.403250166666666,69.63299483333334,6.3670660375,1013.1166666666667,0.0,9.833333333333334
2022-07-27,34.210169,-118.870509,6.9,0.044,38.0,Thousand Oaks,22.284500166666664,64.27436295833333,6.793325608333333,1014.125,0.0,8.083333333333334
2022-07-28,34.210169,-118.870509,8.0,0.042,44.0,Thousand Oaks,23.453250291666667,54.26178866666667,6.169553191666666,1012.4791666666666,0.0,20.166666666666668
2022-07-29,34.210169,-118.870509,8.7,0.05,48.0,Thousand Oaks,24.611583666666665,52.374590500000004,5.866927070833333,1011.8833333333333,0.0,9.083333333333334
2022-07-30,34.210169,-118.870509,8.7,0.04,48.0,Thousand Oaks,25.184500208333333,54.253277499999996,6.479092854166667,1012.8583333333332,0.0,22.25
2022-07-31,34.210169,-118.870509,8.2,0.043,46.0,Thousand Oaks,25.817833458333336,56.78276541666667,5.8445860624999995,1014.725,0.012500000000000002,58.25
2022-08-01,34.210169,-118.870509,6.8,0.036,38.0,Thousand Oaks,26.188666875,55.751392125,6.884381987499999,1015.6583333333333,0.008333333333333333,58.583333333333336
2022-08-02,34.210169,-118.870509,6.2,0.031,34.0,Thousand Oaks,23.944916833333334,63.03819766666667,7.5360697750000005,1015.8458333333333,0.0,41.875
2022-08-03,34.210169,-118.870509,9.3,0.037,51.0,Thousand Oaks,23.944916625,55.674873958333336,6.498077908333333,1013.6458333333334,0.0,51.25
2022-08-04,34.210169,-118.870509,10.1,0.041,53.0,Thousand Oaks,24.672000333333333,59.20550045833334,6.136123395833334,1012.5416666666666,0.008333333333333333,55.0
2022-08-05,34.210169,-118.870509,7.6,0.03,42.0,Thousand Oaks,24.486583375,55.15298175,6.612812415416667,1013.5208333333334,0.0,78.625
2022-08-06,34.210169,-118.870509,5.8,0.034,32.0,Thousand Oaks,24.457416749999997,58.638353125,8.1966502625,1013.1999999999999,0.0,8.583333333333334
2022-08-07,34.210169,-118.870509,8.1,0.051,45.0,Thousand Oaks,26.75533329166667,40.38676616666667,7.392709733333334,1011.9875000000001,0.0,0.041666666666666664
2022-08-08,34.210169,-118.870509,10.5,0.05,54.0,Thousand Oaks,28.542833208333334,38.96896391666667,6.731946458333333,1012.525,0.0,37.5
2022-08-09,34.210169,-118.870509,10.7,0.054,54.0,Thousand Oaks,28.342833249999998,37.4538565,6.431510507083334,1012.7666666666668,0.0,46.5
2022-08-10,34.210169,-118.870509,9.9,0.054,52.0,Thousand Oaks,28.203249624999998,34.378063625,7.02052372,1014.35,0.0,3.125
2022-08-11,34.210169,-118.870509,7.2,0.041,40.0,Thousand Oaks,27.94074995833333,30.385836916666666,7.351303620833334,1015.0416666666666,0.0,60.416666666666664
2022-08-12,34.210169,-118.870509,9.7,0.051,52.0,Thousand Oaks,26.846999791666665,35.246290375,7.7496857708333335,1013.1916666666666,0.0,8.291666666666666
2022-08-13,34.210169,-118.870509,11.9,0.057,56.0,Thousand Oaks,28.296999958333334,34.491744458333336,7.7129794487500005,1012.7708333333334,0.0,1.2083333333333333
2022-08-14,34.210169,-118.870509,12.3,0.05,57.0,Thousand Oaks,28.294916833333332,31.203307624999997,6.909810227916666,1012.6374999999999,0.0,0.0
2022-08-15,34.210169,-118.870509,13.7,0.05,60.0,Thousand Oaks,27.809499875,33.675228624999995,6.9295993029166665,1010.4708333333333,0.0,0.0
2022-08-16,34.210169,-118.870509,10.9,0.051,54.0,Thousand Oaks,27.44491629166667,37.867583208333336,6.8162834375,1009.2375000000001,0.0,2.1666666666666665
2022-08-17,34.210169,-118.870509,9.1,0.045,51.0,Thousand Oaks,27.701166625,37.999955166666666,6.889314579166666,1010.7916666666666,0.0,17.166666666666668
2022-08-18,34.210169,-118.870509,7.0,0.038,39.0,Thousand Oaks,25.799083416666665,39.129016541666665,7.225542870833333,1012.3541666666666,0.0,6.666666666666667
2022-08-19,34.210169,-118.870509,8.2,0.045,46.0,Thousand Oaks,24.605333458333334,46.61390170833334,7.277803195833333,1010.0749999999999,0.0,0.2916666666666667
2022-08-20,34.210169,-118.870509,10.6,0.045,54.0,Thousand Oaks,25.255333375000003,53.5378795,7.402230258333333,1009.0833333333334,0.0,1.3333333333333333
2022-08-21,34.210169,-118.870509,10.8,0.039,54.0,Thousand Oaks,23.055333625,73.05840054166667,6.606877525000001,1014.5958333333333,0.0,26.083333333333332
2022-08-22,34.210169,-118.870509,7.2,0.041,40.0,Thousand Oaks,22.751167,70.28160258333334,6.195383862499999,1015.5416666666666,0.0,10.125
2022-08-23,34.210169,-118.870509,8.9,0.049,49.0,Thousand Oaks,24.997000083333333,56.461523916666664,6.698695299166666,1010.1333333333333,0.0,0.4166666666666667
2022-08-24,34.210169,-118.870509,10.8,0.049,54.0,Thousand Oaks,25.567833250000003,61.36344033333333,5.711808016666667,1009.5791666666668,0.0,0.20833333333333334
2022-08-25,34.210169,-118.870509,9.4,0.044,52.0,Thousand Oaks,25.972000041666664,59.15723225,6.209225545833333,1013.0458333333332,0.0,1.7083333333333333
2022-08-26,34.210169,-118.870509,7.7,0.047,43.0,Thousand Oaks,24.872000208333333,55.190199416666665,6.845111070000001,1013.8291666666668,0.0,0.9583333333333334
2022-08-27,34.210169,-118.870509,7.9,0.036,44.0,Thousand Oaks,23.722000416666663,57.72381716666666,7.2378396333333335,1011.5458333333332,0.0,3.7083333333333335
2022-08-28,34.210169,-118.870509,9.0,0.038,50.0,Thousand Oaks,22.201166875,66.51719033333333,7.033458475,1010.2541666666666,0.0,5.416666666666667
2022-08-29,34.210169,-118.870509,9.4,0.038,52.0,Thousand Oaks,21.882416916666667,70.20425879166667,7.3804007291666665,1011.2708333333334,0.0,0.9166666666666666
2022-08-30,34.210169,-118.870509,10.8,0.048,54.0,Thousand Oaks,24.121999958333333,53.134600541666664,6.825196104166667,1013.125,0.0,0.4583333333333333
2022-08-31,34.210169,-118.870509,9.7,0.046,52.0,Thousand Oaks,29.709499833333336,30.751341666666665,7.281268704166667,1011.5124999999999,0.0,0.0
2022-09-01,34.210169,-118.870509,16.5,0.068,65.0,Thousand Oaks,33.92199970833333,20.615614166666667,9.279444129166666,1007.4708333333333,0.0,25.5
2022-09-02,34.210169,-118.870509,16.3,0.065,64.0,Thousand Oaks,31.36574966666667,36.55225141666667,8.8520744875,1007.6166666666667,0.0,2.5833333333333335
2022-09-03,34.210169,-118.870509,12.6,0.067,58.0,Thousand Oaks,32.25533291666667,35.76181895833333,7.92411877375,1009.2541666666666,0.0,14.0
2022-09-04,34.210169,-118.870509,8.8,0.052,49.0,Thousand Oaks,33.39074995833334,34.086312791666664,9.386773920833333,1010.7083333333334,0.0,24.083333333333332
2022-09-05,34.210169,-118.870509,12.5,0.068,57.0,Thousand Oaks,32.24283295833333,42.89657429166667,6.9057990875,1008.2125,0.0,9.791666666666666
2022-09-06,34.210169,-118.870509,14.0,0.059,60.0,Thousand Oaks,31.984499375,42.24765004166667,6.494941295,1008.5083333333333,0.0,3.0
2022-09-07,34.210169,-118.870509,14.6,0.061,61.0,Thousand Oaks,31.36991654166667,41.94505733333333,6.088081795833333,1012.2958333333332,0.0,3.5
2022-09-08,34.210169,-118.870509,12.6,0.055,58.0,Thousand Oaks,31.446999416666667,33.088122875,8.473425820833333,1010.3083333333334,0.0,11.5
2022-09-09,34.210169,-118.870509,9.5,0.053,52.0,Thousand Oaks,32.240749625,34.91425891666667,9.589758075,1001.2624999999999,0.0,79.25
2022-09-10,34.210169,-118.870509,7.7,0.034,43.0,Thousand Oaks,24.607416708333332,80.08257241666666,10.321897645833333,1007.8791666666666,0.6041666666666666,99.41666666666667
2022-09-11,34.210169,-118.870509,7.7,0.038,43.0,Thousand Oaks,24.122000166666666,82.76231129166666,6.466175625000001,1014.4083333333333,0.46249999999999997,82.0
2022-09-12,34.210169,-118.870509,8.0,0.033,44.0,Thousand Oaks,23.601166833333334,84.06976054166667,6.494575054166667,1014.9291666666667,0.17500000000000002,61.541666666666664
2022-09-13,34.210169,-118.870509,11.8,0.043,56.0,Thousand Oaks,23.651166833333335,76.61730383333334,6.660159387499999,1011.7375000000001,0.0,24.375
2022-09-14,34.210169,-118.870509,10.5,0.041,54.0,Thousand Oaks,22.457416958333337,70.956457,6.886059820833334,1011.3000000000001,0.0,17.125
2022-09-15,34.210169,-118.870509,9.9,0.043,52.0,Thousand Oaks,21.094916958333332,72.36469695833334,7.954192395833334,1013.2541666666666,0.0,21.583333333333332
2022-09-16,34.210169,-118.870509,11.6,0.049,56.0,Thousand Oaks,20.763667,70.592223,7.821232075,1013.0875,0.0,6.166666666666667
2022-09-17,34.210169,-118.870509,12.4,0.045,57.0,Thousand Oaks,20.549083624999998,73.12369191666666,7.357013894583333,1010.25,0.008333333333333333,46.708333333333336
2022-09-18,34.210169,-118.870509,8.4,0.04,47.0,Thousand Oaks,19.407416875,76.29306108333334,8.181214725,1008.8583333333332,0.012500000000000002,55.5
2022-09-19,34.210169,-118.870509,4.6,0.031,26.0,Thousand Oaks,18.9115834375,75.45450162499999,6.4971692404166665,1010.7333333333332,0.0,20.583333333333332
2022-09-20,34.210169,-118.870509,3.8,0.028,21.0,Thousand Oaks,20.113666958333333,82.24803391666667,7.2793412875,1012.3583333333332,0.11666666666666665,60.0
2022-09-21,34.210169,-118.870509,5.2,0.034,29.0,Thousand Oaks,19.45533345833333,73.42888408333333,8.822433975000001,1013.3874999999999,0.0,18.916666666666668
2022-09-22,34.210169,-118.870509,5.9,0.052,33.0,Thousand Oaks,21.236583541666665,54.95122491666667,9.151936795833333,1013.5166666666668,0.0,1.4166666666666667
2022-09-23,34.210169,-118.870509,8.1,0.065,45.0,Thousand Oaks,24.086583333333333,38.360619125,7.6880689874999995,1012.5083333333333,0.0,31.416666666666668
2022-09-24,34.210169,-118.870509,9.4,0.06,52.0,Thousand Oaks,25.292833541666667,33.46074408333333,6.903674454166667,1014.7041666666668,0.0,10.041666666666666
2022-09-25,34.210169,-118.870509,9.6,0.05,52.0,Thousand Oaks,25.505333333333336,34.35678129166667,6.048076961666666,1015.4499999999999,0.0,2.125
2022-09-26,34.210169,-118.870509,9.5,0.048,52.0,Thousand Oaks,25.607416458333333,45.55719845833334,6.0954241,1012.7458333333334,0.0,0.0
2022-09-27,34.210169,-118.870509,12.2,0.055,57.0,Thousand Oaks,27.949083375,40.733433291666664,6.783007258333334,1011.0458333333332,0.0,39.125
2022-09-28,34.210169,-118.870509,13.5,0.062,59.0,Thousand Oaks,28.561583249999998,34.6204675,7.684685774999999,1011.9583333333334,0.0,1.7916666666666667
2022-09-29,34.210169,-118.870509,11.6,0.05,56.0,Thousand Oaks,25.603250125,53.83184858333333,8.697654533333333,1014.2624999999999,0.0,14.416666666666666
2022-09-30,34.210169,-118.870509,11.7,0.048,56.0,Thousand Oaks,22.099083500000003,68.70067879166668,6.58752684875,1011.9708333333333,0.0,5.625
2022-10-01,34.210169,-118.870509,11.1,0.048,55.0,Thousand Oaks,19.949083375,76.39975508333333,6.605779474999999,1010.6875,0.0,21.75
2022-10-02,34.210169,-118.870509,9.5,0.048,52.0,Thousand Oaks,19.274083458333333,79.79928416666667,5.960791574999999,1012.9708333333333,0.0,34.708333333333336
2022-10-03,34.210169,-118.870509,9.8,0.049,52.0,Thousand Oaks,19.86991683333333,74.03309058333333,7.133706545833333,1014.5083333333333,0.0,4.458333333333333
2022-10-04,34.210169,-118.870509,12.0,0.05,56.0,Thousand Oaks,22.167833583333334,65.58616829166667,7.3897918,1013.3708333333334,0.0,0.5
2022-10-05,34.210169,-118.870509,15.0,0.053,62.0,Thousand Oaks,22.686583416666668,66.10651295833334,7.675083965416667,1013.7916666666666,0.0,10.333333333333334
2022-10-06,34.210169,-118.870509,16.0,0.047,64.0,Thousand Oaks,22.27200025,73.19118625,7.00761675,1015.4833333333332,0.0,18.5
2022-10-07,34.210169,-118.870509,16.7,0.052,65.0,Thousand Oaks,21.465750291666666,77.219888375,6.948362883333334,1016.6541666666667,0.0,28.541666666666668
2022-10-08,34.210169,-118.870509,13.4,0.052,59.0,Thousand Oaks,22.019916833333337,72.64343483333333,6.37874045,1016.9250000000001,0.0,3.9166666666666665
2022-10-09,34.210169,-118.870509,11.2,0.044,55.0,Thousand Oaks,22.309500333333332,65.98833379166668,5.676294362499999,1016.3833333333333,0.0,2.8333333333333335
2022-10-10,34.210169,-118.870509,11.1,0.045,55.0,Thousand Oaks,20.692833500000003,74.034101875,5.297454641666667,1015.25,0.0,8.375
2022-10-11,34.210169,-118.870509,14.7,0.049,61.0,Thousand Oaks,19.832417,79.14409466666667,5.677645049166667,1014.5791666666668,0.0,33.875
2022-10-12,34.210169,-118.870509,12.2,0.048,57.0,Thousand Oaks,19.876166916666666,81.84430925,7.3644604750000005,1017.3958333333334,0.004166666666666667,69.20833333333333
2022-10-13,34.210169,-118.870509,14.7,0.043,61.0,Thousand Oaks,19.676166916666666,82.25534875,5.599844233333333,1016.4333333333334,0.0,27.708333333333332
2022-10-14,34.210169,-118.870509,16.5,0.046,65.0,Thousand Oaks,19.917833541666667,78.29697683333333,4.363777395833334,1011.8000000000001,0.0,33.625
2022-10-15,34.210169,-118.870509,5.6,0.039,31.0,Thousand Oaks,18.86575025,81.31100154166667,5.237314004166667,1011.3916666666668,0.025000000000000005,91.375
2022-10-16,34.210169,-118.870509,5.7,0.042,32.0,Thousand Oaks,17.928250229166668,81.98729266666666,5.51509852,1014.6416666666668,0.0,48.416666666666664
2022-10-17,34.210169,-118.870509,6.7,0.046,37.0,Thousand Oaks,18.557416666666665,77.39739241666668,6.095308365416667,1016.5208333333334,0.0,7.75
2022-10-18,34.210169,-118.870509,9.2,0.057,51.0,Thousand Oaks,22.484500166666667,54.302241,7.279806691666667,1014.8291666666668,0.0,16.666666666666668
2022-10-19,34.210169,-118.870509,6.2,0.053,34.0,Thousand Oaks,25.457416541666664,30.767877062500002,9.2617031,1015.25,0.0,4.958333333333333
2022-10-20,34.210169,-118.870509,5.6,0.055,31.0,Thousand Oaks,26.005333375000003,27.599779875,7.898986725,1014.2333333333332,0.0,79.0
2022-10-21,34.210169,-118.870509,12.4,0.054,57.0,Thousand Oaks,22.382416833333334,48.84273545833333,7.360054016666666,1012.0666666666666,0.0,0.4166666666666667
2022-10-22,34.210169,-118.870509,11.5,0.046,55.0,Thousand Oaks,18.03241675,81.00068304166666,8.975397391666666,1010.3000000000001,0.008333333333333333,51.583333333333336
2022-10-23,34.210169,-118.870509,5.5,0.04,31.0,Thousand Oaks,15.888666749999999,76.88187808333333,10.8444902875,1008.8208333333333,0.016666666666666666,57.041666666666664
2022-10-24,34.210169,-118.870509,4.1,0.042,23.0,Thousand Oaks,17.422000125,27.527001375,17.7540470375,1017.525,0.0,0.8333333333333334
2022-10-25,34.210169,-118.870509,5.6,0.047,31.0,Thousand Oaks,17.505333416666666,29.084410083333335,6.999151141666666,1019.2875,0.0,0.0
2022-10-26,34.210169,-118.870509,10.0,0.045,53.0,Thousand Oaks,17.080333354166665,42.433357375,6.4297268875,1014.8083333333334,0.0,29.5
2022-10-27,34.210169,-118.870509,11.6,0.052,56.0,Thousand Oaks,16.80116675,53.61205675,6.379543454166666,1014.4791666666666,0.0,1.0833333333333333
2022-10-28,34.210169,-118.870509,11.0,0.049,55.0,Thousand Oaks,18.347000124999997,32.710723083333335,9.012199979166667,1018.7291666666666,0.0,19.916666666666668
2022-10-29,34.210169,-118.870509,7.7,0.056,43.0,Thousand Oaks,18.588666916666664,44.12342964166667,10.159205216666667,1019.15,0.0,8.833333333333334
2022-10-30,34.210169,-118.870509,6.4,0.05,36.0,Thousand Oaks,21.511583458333334,21.398523387500003,14.506397633333334,1015.9666666666667,0.0,27.5
2022-10-31,34.210169,-118.870509,10.8,0.045,54.0,Thousand Oaks,21.257416791666667,21.4380200625,8.566363858333334,1012.8125,0.0,51.166666666666664
2022-11-01,34.210169,-118.870509,14.2,0.043,61.0,Thousand Oaks,18.1136669375,65.60992229166666,8.0067878075,1011.5958333333333,0.0,75.25
2022-11-02,34.210169,-118.870509,5.5,0.038,31.0,Thousand Oaks,15.234500187499998,78.29592704166667,8.868035783333333,1014.975,0.1875,64.75
2022-11-03,34.210169,-118.870509,4.2,0.038,23.0,Thousand Oaks,11.667833479166667,63.43619866666666,9.719337337499999,1016.975,0.0,2.8333333333333335
2022-11-04,34.210169,-118.870509,4.2,0.041,23.0,Thousand Oaks,12.867833437499998,38.60582329166667,11.809979829166666,1023.0041666666666,0.0,58.75
2022-11-05,34.210169,-118.870509,6.9,0.041,38.0,Thousand Oaks,13.965750104166666,47.18929070833334,5.7294136125,1019.3249999999999,0.0,64.625
2022-11-06,34.210169,-118.870509,6.7,0.036,37.0,Thousand Oaks,14.9511668125,61.368127583333326,5.290862514583334,1012.9666666666667,0.0,1.2916666666666667
2022-11-07,34.210169,-118.870509,2.7,0.029,15.0,Thousand Oaks,15.051166895833333,88.76001437500001,10.554207295833333,1013.4291666666667,0.05833333333333334,96.20833333333333
2022-11-08,34.210169,-118.870509,3.9,0.039,22.0,Thousand Oaks,12.863666729166667,92.65088725,12.5747833625,1011.775,0.9958333333333332,82.375
2022-11-09,34.210169,-118.870509,4.1,0.037,23.0,Thousand Oaks,10.109500083333332,84.57958016666667,6.708844025,1014.8291666666668,0.1708333333333333,41.625
2022-11-10,34.210169,-118.870509,4.1,0.039,23.0,Thousand Oaks,10.965749979166667,60.045498708333334,13.208480629166667,1020.1999999999999,0.0,0.5
2022-11-11,34.210169,-118.870509,1.7,0.039,9.0,Thousand Oaks,13.099083229166666,42.1873705,14.6282528125,1018.9250000000001,0.0,54.916666666666664
2022-11-12,34.210169,-118.870509,5.4,0.044,30.0,Thousand Oaks,12.799083291666667,37.805177375,10.278930608333333,1017.35,0.0,8.833333333333334
2022-11-13,34.210169,-118.870509,7.9,0.04,44.0,Thousand Oaks,12.017833458333333,57.85730616666667,9.225137133333334,1016.1625,0.0,0.4166666666666667
2022-11-14,34.210169,-118.870509,5.4,0.04,30.0,Thousand Oaks,12.707416958333333,47.37101429166666,8.437699587500001,1018.6999999999999,0.0,1.625
2022-11-15,34.210169,-118.870509,2.9,0.041,16.0,Thousand Oaks,13.528250083333333,39.22027095833334,15.504187454166667,1019.4833333333332,0.0,0.0
2022-11-16,34.210169,-118.870509,2.3,0.043,13.0,Thousand Oaks,15.676166729166667,20.18232925,27.410222333333333,1023.4083333333333,0.0,0.0
2022-11-17,34.210169,-118.870509,2.7,0.045,15.0,Thousand Oaks,16.563666916666666,17.50964875,17.486964125,1023.4875000000001,0.0,29.75
2022-11-18,34.210169,-118.870509,5.0,0.042,28.0,Thousand Oaks,15.276166729166667,30.190410791666665,11.196767370833333,1016.1750000000001,0.0,13.833333333333334
2022-11-19,34.210169,-118.870509,2.9,0.045,16.0,Thousand Oaks,15.740750041666667,17.974707791666667,22.72931270416667,1017.225,0.0,0.125
2022-11-20,34.210169,-118.870509,2.9,0.045,16.0,Thousand Oaks,15.740750041666667,17.974707791666667,22.72931270416667,1017.225,0.0,0.125
2022-11-21,34.210169,-118.870509,2.4,0.048,13.0,Thousand Oaks,16.517833562499998,11.397885,16.531437874999998,1020.35,0.0,41.333333333333336
2022-11-22,34.210169,-118.870509,4.1,0.046,23.0,Thousand Oaks,16.7428336875,11.608029145833333,15.109458125000002,1018.7583333333333,0.0,62.5
2022-11-23,34.210169,-118.870509,8.0,0.041,44.0,Thousand Oaks,16.882416645833334,17.498806666666667,11.143933770833334,1017.5041666666666,0.0,20.333333333333332
2022-11-24,34.210169,-118.870509,3.3,0.044,18.0,Thousand Oaks,18.315750041666668,17.314750595833335,20.239547120833333,1019.9375,0.0,17.0
2022-11-25,34.210169,-118.870509,2.2,0.045,12.0,Thousand Oaks,17.92825025,11.6259638375,18.300291166666668,1024.4791666666667,0.0,32.666666666666664
2022-11-26,34.210169,-118.870509,6.5,0.044,36.0,Thousand Oaks,15.836583604166668,22.356274499999998,6.962203166666666,1020.5958333333333,0.0,5.458333333333333
2022-11-27,34.210169,-118.870509,9.3,0.049,51.0,Thousand Oaks,15.242833500000001,36.269136583333335,8.737559275,1017.3708333333334,0.0,19.5
2022-11-28,34.210169,-118.870509,18.7,0.049,69.0,Thousand Oaks,13.344916708333335,72.75998829166666,7.181439095833333,1014.6208333333334,0.0,85.45833333333333
2022-11-29,34.210169,-118.870509,9.2,0.044,51.0,Thousand Oaks,12.519916770833333,76.067102625,6.6115326366666665,1013.0916666666667,0.0,61.958333333333336
2022-11-30,34.210169,-118.870509,9.5,0.038,52.0,Thousand Oaks,11.686583479166666,81.22681616666667,8.492936612500001,1015.8958333333334,0.012500000000000002,35.541666666666664
2022-12-01,34.210169,-118.870509,4.7,0.036,26.0,Thousand Oaks,11.878249958333333,81.25479166666666,7.906085041666667,1016.1999999999999,0.04583333333333334,87.79166666666667
2022-12-02,34.210169,-118.870509,5.0,0.03,28.0,Thousand Oaks,11.278250312499999,85.622665,10.591627166666667,1018.9125,0.32083333333333336,100.0
2022-12-03,34.210169,-118.870509,5.4,0.033,30.0,Thousand Oaks,13.405333375,86.986397125,7.686432987500001,1018.9291666666667,0.13333333333333333,60.375
2022-12-04,34.210169,-118.870509,2.6,0.027,14.0,Thousand Oaks,14.240749937499999,96.98425254166666,6.3546741875,1019.1291666666666,0.17500000000000002,92.70833333333333
2022-12-05,34.210169,-118.870509,3.7,0.037,21.0,Thousand Oaks,12.709500229166666,89.65015954166667,5.017112616666666,1017.5041666666666,0.008333333333333333,88.83333333333333
2022-12-06,34.210169,-118.870509,6.1,0.034,34.0,Thousand Oaks,10.909499895833333,80.48537004166667,6.225477683333334,1016.3874999999999,0.012500000000000002,47.541666666666664
2022-12-07,34.210169,-118.870509,3.9,0.038,22.0,Thousand Oaks,9.611583354166667,83.85541804166667,5.859520958333333,1020.2041666666668,0.0,25.75
2022-12-08,34.210169,-118.870509,4.8,0.038,27.0,Thousand Oaks,9.355333416666666,74.63632145833333,5.5902815375,1025.1708333333333,0.0,2.2083333333333335
2022-12-09,34.210169,-118.870509,4.9,0.034,27.0,Thousand Oaks,9.353250083333334,78.47619070833333,6.9961525,1022.0500000000001,0.0,25.125
2022-12-10,34.210169,-118.870509,4.8,0.039,27.0,Thousand Oaks,10.103250041666668,90.87097120833333,6.998248895833334,1019.7583333333333,0.025000000000000005,75.0
2022-12-11,34.210169,-118.870509,3.3,0.04,18.0,Thousand Oaks,11.628249895833333,90.86874716666667,20.459942729166666,1014.0375,1.5374999999999999,85.95833333333333
2022-12-12,34.210169,-118.870509,3.9,0.036,22.0,Thousand Oaks,7.788666729166667,80.12087358333333,8.6922432875,1012.0875,0.24583333333333335,44.5
2022-12-13,34.210169,-118.870509,4.2,0.037,23.0,Thousand Oaks,7.599083333333333,70.89916654166667,8.491298045833334,1015.7916666666666,0.0,6.916666666666667
2022-12-14,34.210169,-118.870509,5.5,0.035,31.0,Thousand Oaks,8.134500095833333,64.59941070833334,6.861832429166667,1020.9166666666666,0.0,13.416666666666666
2022-12-15,34.210169,-118.870509,5.4,0.035,30.0,Thousand Oaks,9.061583604166666,60.22416091666667,8.917762079166666,1020.8166666666666,0.0,88.45833333333333
2022-12-16,34.210169,-118.870509,3.4,0.039,19.0,Thousand Oaks,12.088666770833333,40.364622625,20.128040208333335,1020.0708333333333,0.0,96.75
2022-12-17,34.210169,-118.870509,2.7,0.039,15.0,Thousand Oaks,10.6636665,34.30091354166667,20.934245041666667,1019.1083333333332,0.0,76.70833333333333
2022-12-18,34.210169,-118.870509,5.4,0.043,30.0,Thousand Oaks,10.174083479166667,38.35629279166667,12.468036783333334,1015.4375,0.0,46.375
2022-12-19,34.210169,-118.870509,11.4,0.039,55.0,Thousand Oaks,10.078249958333332,55.21106233333333,8.175916558333332,1020.8291666666668,0.0,4.208333333333333
2022-12-20,34.210169,-118.870509,7.9,0.037,44.0,Thousand Oaks,11.299083583333333,44.49135091666667,8.661568058333334,1024.2625,0.0,66.83333333333333
2022-12-21,34.210169,-118.870509,5.7,0.04,32.0,Thousand Oaks,14.799083375,37.67355175,15.734332554166668,1020.9416666666666,0.0,1.375
2022-12-22,34.210169,-118.870509,6.9,0.026,38.0,Thousand Oaks,15.349083395833333,38.068697916666665,10.853923908333334,1017.9,0.0,89.08333333333333
2022-12-23,34.210169,-118.870509,7.9,0.035,44.0,Thousand Oaks,14.2095003125,50.20366491666667,5.699531570833333,1019.225,0.0,33.166666666666664
2022-12-24,34.210169,-118.870509,2.7,0.039,15.0,Thousand Oaks,17.394916854166667,37.60409375,18.7696119125,1022.5791666666668,0.0,0.0
2022-12-25,34.210169,-118.870509,5.3,0.039,29.0,Thousand Oaks,20.280333625,24.238698291666665,18.604595624999998,1022.7541666666666,0.0,42.125
2022-12-26,34.210169,-118.870509,4.7,0.034,26.0,Thousand Oaks,20.722000333333334,24.021134041666667,14.1212851875,1019.7333333333332,0.0,65.41666666666667
2022-12-27,34.210169,-118.870509,7.8,0.021,43.0,Thousand Oaks,16.165750270833332,48.050618125,6.32547929875,1017.0,0.10416666666666667,99.04166666666667
2022-12-28,34.210169,-118.870509,6.7,0.035,37.0,Thousand Oaks,13.0595000625,90.17151825,6.434122758333333,1012.5583333333334,0.5916666666666667,85.20833333333333
2022-12-29,34.210169,-118.870509,8.7,0.033,48.0,Thousand Oaks,11.728250125,90.11621983333333,5.953892104166666,1014.7624999999999,0.041666666666666664,97.16666666666667
2022-12-30,34.210169,-118.870509,4.5,0.03,25.0,Thousand Oaks,11.761583583333334,94.83438383333333,5.206238354166667,1018.2541666666666,0.06666666666666667,99.95833333333333
2022-12-31,34.210169,-118.870509,4.5,0.03,25.0,Thousand Oaks,11.761583583333334,94.83438383333333,5.206238354166667,1018.2541666666666,0.06666666666666667,99.95833333333333
2023-01-01,34.210169,-118.870509,7.2,0.037,40.0,Thousand Oaks,11.4678331875,90.13128166666667,16.8045443125,1007.6833333333334,1.05,53.458333333333336
2023-01-02,34.210169,-118.870509,5.4,0.027,30.0,Thousand Oaks,9.086583416666667,75.37880091666666,6.1758198250000005,1012.6083333333332,0.0,67.75
2023-01-03,34.210169,-118.870509,3.3,0.035,18.0,Thousand Oaks,10.074083291666666,91.37847066666666,13.17148185,1016.3916666666668,0.4041666666666666,99.33333333333333
2023-01-04,34.210169,-118.870509,2.2,0.041,12.0,Thousand Oaks,12.784500083333333,94.32362958333333,14.189739854166667,1017.8958333333334,0.12916666666666668,100.0
2023-01-05,34.210169,-118.870509,5.2,0.042,29.0,Thousand Oaks,11.890750041666665,94.964529375,17.836339916666667,1016.6291666666666,1.9333333333333333,96.875
2023-01-06,34.210169,-118.870509,6.2,0.036,34.0,Thousand Oaks,9.834500104166667,85.83645833333333,6.8534444458333335,1022.5124999999999,0.004166666666666667,27.708333333333332
2023-01-07,34.210169,-118.870509,5.5,0.037,31.0,Thousand Oaks,12.151166833333333,57.633798125,11.7022684875,1021.4833333333332,0.0,83.45833333333333
2023-01-08,34.210169,-118.870509,6.6,0.038,37.0,Thousand Oaks,11.407416645833331,66.48365174999999,7.091752029166667,1020.8916666666668,0.0,94.25
2023-01-09,34.210169,-118.870509,1.4,0.032,8.0,Thousand Oaks,12.017833270833334,87.79381995833334,15.2420736,1019.5375,1.0583333333333333,100.0
2023-01-10,34.210169,-118.870509,5.8,0.044,32.0,Thousand Oaks,12.817833687499999,96.755920625,18.898355895833333,1015.8458333333333,3.6666666666666665,93.91666666666667
2023-01-11,34.210169,-118.870509,6.4,0.037,36.0,Thousand Oaks,10.699083333333334,79.50302633333334,7.0130576,1021.5791666666668,0.0,80.25
2023-01-12,34.210169,-118.870509,3.1,0.037,17.0,Thousand Oaks,12.274083229166665,62.10260879166666,17.01640569583333,1023.225,0.0,75.33333333333333
2023-01-13,34.210169,-118.870509,7.5,0.026,42.0,Thousand Oaks,12.834500166666666,54.19002791666667,14.2880148125,1021.0541666666667,0.0,99.83333333333333
2023-01-14,34.210169,-118.870509,6.5,0.038,36.0,Thousand Oaks,11.424083395833334,84.72857,6.9399531916666675,1016.25,1.1875,93.54166666666667
2023-01-15,34.210169,-118.870509,4.8,0.041,27.0,Thousand Oaks,10.788666749999999,93.82903391666667,12.212878958333334,1010.1041666666666,0.40833333333333327,98.95833333333333
2023-01-16,34.210169,-118.870509,2.3,0.041,13.0,Thousand Oaks,10.517833416666667,89.94952675,15.349592800000002,1006.9958333333334,0.7208333333333333,68.66666666666667
2023-01-17,34.210169,-118.870509,3.3,0.039,18.0,Thousand Oaks,7.863666762499999,80.64686420833333,8.69905485,1011.2624999999999,0.0,23.833333333333332
2023-01-18,34.210169,-118.870509,5.7,0.038,32.0,Thousand Oaks,8.221999895833333,66.734856625,8.4037468875,1018.6333333333333,0.0,23.208333333333332
2023-01-19,34.210169,-118.870509,5.7,0.038,32.0,Thousand Oaks,8.221999895833333,66.734856625,8.4037468875,1018.6333333333333,0.0,23.208333333333332
2023-01-20,34.210169,-118.870509,5.7,0.038,32.0,Thousand Oaks,8.221999895833333,66.734856625,8.4037468875,1018.6333333333333,0.0,23.208333333333332
2023-01-21,34.210169,-118.870509,5.7,0.038,32.0,Thousand Oaks,8.221999895833333,66.734856625,8.4037468875,1018.6333333333333,0.0,23.208333333333332
2023-01-22,34.210169,-118.870509,5.7,0.038,32.0,Thousand Oaks,8.221999895833333,66.734856625,8.4037468875,1018.6333333333333,0.0,23.208333333333332
2023-01-23,34.210169,-118.870509,5.7,0.038,32.0,Thousand Oaks,8.221999895833333,66.734856625,8.4037468875,1018.6333333333333,0.0,23.208333333333332
2023-01-24,34.210169,-118.870509,5.6,0.039,31.0,Thousand Oaks,11.382416645833333,41.65449641666667,12.324530716666667,1023.1833333333334,0.0,0.0
2023-01-25,34.210169,-118.870509,1.7,0.042,9.0,Thousand Oaks,11.451166791666667,49.66243716666667,12.314459854166666,1025.2333333333333,0.0,0.0
2023-01-26,34.210169,-118.870509,0.0,0.043,0.0,Thousand Oaks,12.863666625,40.713970958333334,15.955236874999999,1026.9208333333333,0.0,0.0
2023-01-27,34.210169,-118.870509,4.3,0.037,24.0,Thousand Oaks,13.292833229166666,40.22837354166666,10.080467029166668,1023.5124999999999,0.0,0.0
2023-01-28,34.210169,-118.870509,10.6,0.045,54.0,Thousand Oaks,10.95741675,62.96181429166666,7.3891372749999995,1014.9541666666668,0.0,9.666666666666666
2023-01-29,34.210169,-118.870509,6.7,0.041,37.0,Thousand Oaks,9.7240830625,87.24423329166666,8.749180395833333,1013.8458333333333,0.07083333333333335,67.83333333333333
2023-01-30,34.210169,-118.870509,1.3,0.038,7.0,Thousand Oaks,8.555333291666667,82.23986895833333,11.9702350875,1013.1708333333332,0.16666666666666666,85.75
2023-01-31,34.210169,-118.870509,3.2,0.043,18.0,Thousand Oaks,10.007416916666665,41.843109250000005,20.558089354166665,1017.7375000000001,0.004166666666666667,9.5
2023-02-01,34.210169,-118.870509,3.4,0.043,19.0,Thousand Oaks,10.472000041666666,34.539242,15.31698325,1020.8249999999999,0.0,0.0
2023-02-02,34.210169,-118.870509,4.0,0.039,22.0,Thousand Oaks,12.515750124999999,34.936881125,12.010482604166667,1024.075,0.0,45.083333333333336
2023-02-03,34.210169,-118.870509,4.2,0.043,23.0,Thousand Oaks,13.442833166666667,42.823577416666666,8.873151125,1024.0208333333333,0.0,93.41666666666667
2023-02-04,34.210169,-118.870509,4.4,0.043,24.0,Thousand Oaks,13.236583520833333,49.88211437499999,6.371128883333333,1020.9166666666666,0.0,37.625
2023-02-05,34.210169,-118.870509,3.9,0.04,22.0,Thousand Oaks,13.215749833333334,79.87704479166666,10.1725750625,1021.7125,0.020833333333333332,49.0
2023-02-06,34.210169,-118.870509,1.6,0.041,9.0,Thousand Oaks,10.857416875,62.85874525,8.672325204166667,1022.6125000000001,0.0,2.25
2023-02-07,34.210169,-118.870509,1.7,0.043,9.0,Thousand Oaks,12.938666916666667,36.954197,14.576248779166667,1024.2416666666666,0.0,0.20833333333333334
2023-02-08,34.210169,-118.870509,2.5,0.043,14.0,Thousand Oaks,15.399083270833332,34.206254125,13.307708675,1023.65,0.0,28.541666666666668
2023-02-09,34.210169,-118.870509,2.0,0.047,11.0,Thousand Oaks,16.330333395833332,32.400501125,16.221416774999998,1022.7041666666668,0.0,0.0
2023-02-10,34.210169,-118.870509,3.2,0.049,18.0,Thousand Oaks,17.622000333333332,16.7880196875,21.287132645833335,1021.6791666666667,0.0,34.541666666666664
2023-02-11,34.210169,-118.870509,5.7,0.041,32.0,Thousand Oaks,12.9115834375,38.213755041666666,10.606472625,1013.9,0.012499999999999999,48.208333333333336
2023-02-12,34.210169,-118.870509,5.6,0.042,31.0,Thousand Oaks,9.288666625,70.67508520833333,9.156949479166666,1013.0375,0.008333333333333333,67.0
2023-02-13,34.210169,-118.870509,6.4,0.044,36.0,Thousand Oaks,10.344916625,80.16924804166666,8.68426935,1012.2791666666667,0.0,67.625
2023-02-14,34.210169,-118.870509,6.3,0.041,35.0,Thousand Oaks,11.1553334375,74.71244425,9.0551922625,1013.2541666666666,0.02916666666666667,76.04166666666667
2023-02-15,34.210169,-118.870509,3.1,0.042,17.0,Thousand Oaks,8.582416758333332,40.452665333333336,10.6651323625,1016.6083333333332,0.0,7.875
2023-02-16,34.210169,-118.870509,3.3,0.044,18.0,Thousand Oaks,9.651166583333334,25.9243539375,14.192678695833335,1024.2625,0.0,44.708333333333336
2023-02-17,34.210169,-118.870509,2.3,0.046,13.0,Thousand Oaks,11.430333437499998,14.782010833333333,17.92579725,1019.8708333333334,0.0,100.0
2023-02-18,34.210169,-118.870509,4.8,0.043,27.0,Thousand Oaks,13.219916687500001,14.859132291666667,14.870120879166668,1016.2624999999999,0.0,82.66666666666667
2023-02-19,34.210169,-118.870509,8.5,0.049,47.0,Thousand Oaks,12.8094999375,27.028648145833333,8.792075875,1016.3375,0.0,10.875
2023-02-20,34.210169,-118.870509,6.0,0.052,33.0,Thousand Oaks,14.084500229166666,41.10906666666667,8.807174304166667,1018.5916666666667,0.0,3.125
2023-02-21,34.210169,-118.870509,6.9,0.042,38.0,Thousand Oaks,15.130333520833332,40.283846708333336,8.344169208333334,1012.2333333333332,0.0,61.416666666666664
2023-02-22,34.210169,-118.870509,4.0,0.043,22.0,Thousand Oaks,8.417833541666667,60.494954875,20.424513166666667,1007.0041666666666,0.0,26.583333333333332
2023-02-23,34.210169,-118.870509,3.1,0.043,17.0,Thousand Oaks,6.434499958333333,70.78644441666667,12.857496891666665,1013.6791666666667,0.19999999999999998,46.375
2023-02-24,34.210169,-118.870509,2.5,0.044,14.0,Thousand Oaks,6.528250091666667,92.85175566666668,17.705360058333333,1015.2291666666666,1.3375000000000001,87.66666666666667
2023-02-25,34.210169,-118.870509,3.1,0.044,17.0,Thousand Oaks,7.663666854166666,92.63491262500001,16.416554925,1011.0,2.3874999999999997,97.58333333333333
2023-02-26,34.210169,-118.870509,3.8,0.046,21.0,Thousand Oaks,4.9678333808333335,86.15007195833334,7.045695441666667,1017.4333333333334,0.24583333333333335,44.791666666666664
2023-02-27,34.210169,-118.870509,3.9,0.04,22.0,Thousand Oaks,7.784500020833334,85.50843400000001,10.4382555625,1020.6333333333333,0.2125,85.33333333333333
2023-02-28,34.210169,-118.870509,2.9,0.043,16.0,Thousand Oaks,8.490750041666667,88.259489125,10.294533425,1018.0791666666668,0.13333333333333333,60.291666666666664
2023-03-01,34.210169,-118.870509,3.4,0.046,19.0,Thousand Oaks,8.251166583333333,80.66746562499999,17.590103833333334,1009.9208333333332,0.5583333333333333,82.58333333333333
2023-03-02,34.210169,-118.870509,3.7,0.046,21.0,Thousand Oaks,7.42616675,57.270445583333334,9.058977658333333,1015.2916666666666,0.0,20.708333333333332
2023-03-03,34.210169,-118.870509,6.1,0.048,34.0,Thousand Oaks,8.878249979166666,73.99313012500001,5.396407725,1017.1666666666666,0.0,3.375
2023-03-04,34.210169,-118.870509,10.3,0.045,53.0,Thousand Oaks,9.144916479166666,84.62726116666667,7.349240520833334,1014.3125,0.024999999999999998,49.75
2023-03-05,34.210169,-118.870509,5.5,0.047,31.0,Thousand Oaks,8.7386666875,83.82855516666667,9.861087070833333,1017.4958333333334,0.07083333333333333,95.08333333333333
2023-03-06,34.210169,-118.870509,2.2,0.048,12.0,Thousand Oaks,9.109500125,86.04446458333332,8.197422129166666,1020.3000000000001,0.09999999999999999,81.91666666666667
2023-03-07,34.210169,-118.870509,2.4,0.045,13.0,Thousand Oaks,8.996999916666667,80.29515745833334,7.45973215,1020.5708333333333,0.004166666666666667,59.625
2023-03-08,34.210169,-118.870509,5.0,0.043,28.0,Thousand Oaks,8.565750145833332,84.20014354166666,7.646277645833333,1020.0208333333334,0.016666666666666666,55.583333333333336
2023-03-09,34.210169,-118.870509,3.9,0.045,22.0,Thousand Oaks,10.336583416666667,71.62235066666666,5.025218266666666,1019.4375,0.0,77.0
2023-03-10,34.210169,-118.870509,1.9,0.031,11.0,Thousand Oaks,10.94283325,88.45834525,9.176339891666666,1018.2875,1.2083333333333333,100.0
2023-03-11,34.210169,-118.870509,1.1,0.022,6.0,Thousand Oaks,12.797000166666665,96.44196025000001,10.4427846125,1016.8000000000001,0.39999999999999997,100.0
2023-03-12,34.210169,-118.870509,1.1,0.03,6.0,Thousand Oaks,14.5095003125,89.51439445833334,7.407352970833333,1019.5416666666666,0.0,80.79166666666667
2023-03-13,34.210169,-118.870509,3.6,0.031,20.0,Thousand Oaks,13.444916645833333,91.16183329166667,7.549297437499999,1020.3249999999999,0.0,95.25
2023-03-14,34.210169,-118.870509,3.2,0.026,18.0,Thousand Oaks,12.582416854166667,96.04803391666667,10.166210808333334,1017.6083333333332,0.49583333333333335,100.0
2023-03-15,34.210169,-118.870509,3.5,0.035,19.0,Thousand Oaks,13.097000208333334,94.40124445833334,12.8581165,1013.2708333333334,1.0208333333333333,95.875
2023-03-16,34.210169,-118.870509,4.0,0.037,22.0,Thousand Oaks,12.244916791666666,88.19714908333333,6.725430195833333,1015.9291666666667,0.03333333333333333,84.08333333333333
2023-03-17,34.210169,-118.870509,7.9,0.043,44.0,Thousand Oaks,11.674083458333333,85.079589875,5.088368579166667,1017.3291666666668,0.004166666666666667,77.0
2023-03-18,34.210169,-118.870509,6.2,0.057,34.0,Thousand Oaks,14.684500270833333,56.89271345833333,11.448495570833332,1016.6125000000001,0.0,63.916666666666664
2023-03-19,34.210169,-118.870509,6.2,0.045,34.0,Thousand Oaks,13.9053334375,63.50817916666667,7.988902862500001,1015.1958333333333,0.13333333333333333,100.0
2023-03-20,34.210169,-118.870509,2.2,0.043,12.0,Thousand Oaks,11.763666520833333,87.82433591666667,8.730899683333334,1013.7375000000001,0.07083333333333335,100.0
2023-03-21,34.210169,-118.870509,3.2,0.049,18.0,Thousand Oaks,10.257416604166666,89.13106845833333,17.123693516666666,1008.0916666666667,1.375,93.79166666666667
2023-03-22,34.210169,-118.870509,3.8,0.046,21.0,Thousand Oaks,8.065750166666666,91.73985495833334,12.330634479166667,1012.2333333333332,0.5208333333333334,83.33333333333333
2023-03-23,34.210169,-118.870509,3.5,0.042,19.0,Thousand Oaks,9.299083354166667,87.09225758333334,6.9874999749999995,1021.3000000000001,0.10416666666666667,44.916666666666664
2023-03-24,34.210169,-118.870509,3.9,0.047,22.0,Thousand Oaks,10.282416770833333,73.20752479166667,7.089125645833334,1023.3874999999999,0.0,7.958333333333333
2023-03-25,34.210169,-118.870509,4.1,0.048,23.0,Thousand Oaks,10.369916625,57.31491295833334,9.423336716666666,1020.6666666666666,0.0,1.75
2023-03-26,34.210169,-118.870509,5.7,0.048,32.0,Thousand Oaks,9.9261667,55.43661745833333,10.7588033375,1019.475,0.0,28.375
2023-03-27,34.210169,-118.870509,4.2,0.051,23.0,Thousand Oaks,11.271999958333334,46.65946266666666,18.378997841666667,1020.9666666666667,0.0,56.458333333333336
2023-03-28,34.210169,-118.870509,4.2,0.051,23.0,Thousand Oaks,11.271999958333334,46.65946266666666,18.378997841666667,1020.9666666666667,0.0,56.458333333333336
2023-03-29,34.210169,-118.870509,2.6,0.048,14.0,Thousand Oaks,10.769916729166667,77.06231833333334,12.5787826125,1014.6416666666668,0.725,72.125
2023-03-30,34.210169,-118.870509,2.5,0.047,14.0,Thousand Oaks,8.486583270833334,84.135035625,8.075293366666667,1013.1750000000001,0.39166666666666666,81.0
2023-03-31,34.210169,-118.870509,3.9,0.046,22.0,Thousand Oaks,9.576166770833334,79.586410875,6.990616670833333,1020.4083333333333,0.008333333333333333,41.666666666666664
2023-04-01,34.210169,-118.870509,4.6,0.045,26.0,Thousand Oaks,12.1449168125,67.48631862500001,7.139809416666666,1020.4583333333334,0.0,49.916666666666664
2023-04-02,34.210169,-118.870509,6.0,0.043,33.0,Thousand Oaks,12.2449166875,71.94427929166666,7.964320745833334,1018.4499999999999,0.0,2.375
2023-04-03,34.210169,-118.870509,2.5,0.044,14.0,Thousand Oaks,11.5032499375,76.00692433333333,11.351886299999999,1013.875,0.012500000000000002,40.416666666666664
2023-04-04,34.210169,-118.870509,4.2,0.043,23.0,Thousand Oaks,8.7782502625,49.93611779166667,10.223155116666666,1018.4791666666666,0.0,4.916666666666667
2023-04-05,34.210169,-118.870509,3.5,0.048,19.0,Thousand Oaks,10.8324166875,51.630974916666666,11.117112879166667,1019.9208333333332,0.0,45.625
2023-04-06,34.210169,-118.870509,4.8,0.052,27.0,Thousand Oaks,13.5407503125,41.303997458333335,12.479401116666667,1018.3583333333332,0.0,27.625
2023-04-07,34.210169,-118.870509,3.9,0.047,22.0,Thousand Oaks,14.176166875,53.379862541666675,6.937058204166667,1016.6875,0.0,45.916666666666664
2023-04-08,34.210169,-118.870509,4.8,0.036,27.0,Thousand Oaks,13.7136669375,72.448072,6.208068362500001,1017.2666666666668,0.0,86.58333333333333
2023-04-09,34.210169,-118.870509,5.3,0.041,29.0,Thousand Oaks,15.0407500625,84.16872845833333,6.498283945833333,1018.7416666666667,0.0,32.333333333333336
2023-04-10,34.210169,-118.870509,7.6,0.048,42.0,Thousand Oaks,18.1053335625,70.94083420833333,5.943201445833334,1016.7791666666667,0.0,0.7916666666666666
2023-04-11,34.210169,-118.870509,6.6,0.039,37.0,Thousand Oaks,16.899083395833333,78.98258266666666,5.263408445833334,1015.8416666666667,0.0,32.5
2023-04-12,34.210169,-118.870509,10.4,0.036,53.0,Thousand Oaks,14.369916541666667,85.62443675000002,6.2410703862500005,1012.5,0.0,95.0
2023-04-13,34.210169,-118.870509,7.0,0.04,39.0,Thousand Oaks,12.492833458333331,86.58988933333335,6.659736166666666,1009.2416666666667,0.0375,99.45833333333333
2023-04-14,34.210169,-118.870509,7.2,0.046,40.0,Thousand Oaks,12.172000083333332,84.21774408333333,5.40254985,1012.3833333333333,0.020833333333333332,91.45833333333333
2023-04-15,34.210169,-118.870509,8.0,0.051,44.0,Thousand Oaks,13.269916583333334,80.03592920833333,6.163900328333334,1017.5791666666668,0.0,13.666666666666666
2023-04-16,34.210169,-118.870509,7.7,0.043,43.0,Thousand Oaks,14.113666916666666,81.17886058333333,6.532784379166667,1018.7333333333332,0.0,36.041666666666664
2023-04-17,34.210169,-118.870509,9.4,0.041,52.0,Thousand Oaks,13.597000145833334,81.53063300000001,6.772780958333333,1015.2208333333333,0.0,33.625
2023-04-18,34.210169,-118.870509,9.6,0.046,52.0,Thousand Oaks,12.588666666666667,83.54272845833333,7.642808733333333,1014.3333333333334,0.004166666666666667,68.125
2023-04-19,34.210169,-118.870509,6.5,0.053,36.0,Thousand Oaks,12.757416749999999,60.81778295833333,9.132866020833333,1016.2791666666667,0.0,26.208333333333332
2023-04-20,34.210169,-118.870509,7.3,0.057,41.0,Thousand Oaks,16.980333458333334,35.319721791666666,15.761599995833334,1018.8666666666667,0.0,23.833333333333332
2023-04-21,34.210169,-118.870509,5.6,0.054,31.0,Thousand Oaks,21.317833520833332,29.255410833333332,11.879406725,1019.5208333333334,0.0,9.875
2023-04-22,34.210169,-118.870509,6.3,0.052,35.0,Thousand Oaks,22.282416708333333,35.615215625,11.0378501625,1013.0,0.0,40.666666666666664
2023-04-23,34.210169,-118.870509,10.1,0.048,53.0,Thousand Oaks,21.0595001875,50.81386066666667,8.630405041666666,1008.6541666666667,0.0,27.75
2023-04-24,34.210169,-118.870509,7.8,0.039,43.0,Thousand Oaks,17.4407500625,76.85219654166667,5.604016645000001,1010.8708333333334,0.0,31.041666666666668
2023-04-25,34.210169,-118.870509,10.6,0.048,54.0,Thousand Oaks,16.478250229166665,78.06421904166668,5.630628000000001,1011.8000000000001,0.0,25.708333333333332
2023-04-26,34.210169,-118.870509,8.7,0.048,48.0,Thousand Oaks,16.886583520833334,78.53008758333333,5.893819941666667,1013.9958333333334,0.0,31.416666666666668
2023-04-27,34.210169,-118.870509,8.0,0.052,44.0,Thousand Oaks,19.311583520833334,59.637913,5.709539441666667,1013.1958333333333,0.0,8.208333333333334
2023-04-28,34.210169,-118.870509,10.2,0.048,53.0,Thousand Oaks,17.832416854166667,71.20909908333333,6.177481525,1013.5791666666668,0.0,8.583333333333334
2023-04-29,34.210169,-118.870509,8.3,0.043,46.0,Thousand Oaks,18.128249979166664,71.91124204166667,5.764809741666667,1015.625,0.0,76.25
2023-04-30,34.210169,-118.870509,10.1,0.04,53.0,Thousand Oaks,17.347000166666664,72.01183616666667,6.736427258333333,1013.3083333333334,0.0,48.5
2023-05-01,34.210169,-118.870509,3.4,0.041,19.0,Thousand Oaks,14.336583666666668,79.10689354166666,7.175690270833333,1010.6666666666666,0.09999999999999999,73.75
2023-05-02,34.210169,-118.870509,2.7,0.038,15.0,Thousand Oaks,11.5761664375,76.38795833333333,10.906025249999999,1011.7458333333334,0.05000000000000001,53.375
2023-05-03,34.210169,-118.870509,2.5,0.043,14.0,Thousand Oaks,11.438666624999998,76.130886875,8.327819420833334,1012.7791666666667,0.024999999999999998,50.25
2023-05-04,34.210169,-118.870509,1.7,0.037,9.0,Thousand Oaks,11.763666979166667,79.26786108333333,11.103630016666665,1011.725,0.32083333333333336,82.20833333333333
2023-05-05,34.210169,-118.870509,2.7,0.037,15.0,Thousand Oaks,12.678250354166666,78.07614320833333,6.5447926,1016.5375,0.016666666666666666,66.375
2023-05-06,34.210169,-118.870509,2.4,0.039,13.0,Thousand Oaks,13.297000208333332,74.86402291666667,8.6696646125,1018.25,0.0,40.958333333333336
2023-05-07,34.210169,-118.870509,3.3,0.037,18.0,Thousand Oaks,13.824083520833334,77.60404229166666,8.287485825,1018.5291666666667,0.0,57.291666666666664
2023-05-08,34.210169,-118.870509,5.5,0.037,31.0,Thousand Oaks,14.8928336875,76.08289129166667,7.6540889666666665,1017.0749999999999,0.0,12.333333333333334
2023-05-09,34.210169,-118.870509,5.6,0.039,31.0,Thousand Oaks,14.938666770833334,74.91549870833333,7.582260704166667,1015.1666666666666,0.0,33.083333333333336
2023-05-10,34.210169,-118.870509,5.3,0.041,29.0,Thousand Oaks,13.6740833125,75.38845070833334,10.005566308333334,1015.4333333333334,0.0,28.5
2023-05-11,34.210169,-118.870509,6.2,0.044,34.0,Thousand Oaks,14.3636669375,74.86371366666667,6.764391179166666,1016.3041666666667,0.0,15.0
2023-05-12,34.210169,-118.870509,8.7,0.044,48.0,Thousand Oaks,15.75950025,76.56615858333333,7.823757162500001,1014.3541666666666,0.0,4.541666666666667
2023-05-13,34.210169,-118.870509,10.5,0.045,54.0,Thousand Oaks,18.826166937500002,73.76312075,7.2214884375,1011.7083333333334,0.0,16.791666666666668
2023-05-14,34.210169,-118.870509,12.7,0.049,58.0,Thousand Oaks,19.630333625000002,72.79865845833334,7.1070679791666675,1011.6666666666666,0.0,29.416666666666668
2023-05-15,34.210169,-118.870509,10.0,0.046,53.0,Thousand Oaks,18.1178334375,79.49923345833334,5.5641422291666665,1016.4166666666666,0.0,60.166666666666664
2023-05-16,34.210169,-118.870509,6.9,0.04,38.0,Thousand Oaks,18.272000229166668,79.91628391666667,5.561483954166667,1016.5291666666667,0.0,53.666666666666664
2023-05-17,34.210169,-118.870509,7.2,0.043,40.0,Thousand Oaks,19.144916770833333,76.144909625,6.304482387499999,1013.4,0.0,24.625
2023-05-18,34.210169,-118.870509,15.6,0.045,63.0,Thousand Oaks,19.072000291666665,74.88167237500001,5.893482291666667,1011.2125,0.0,32.75
2023-05-19,34.210169,-118.870509,11.6,0.048,56.0,Thousand Oaks,17.6865835,80.02241033333333,6.607507479166666,1015.125,0.0,37.125
2023-05-20,34.210169,-118.870509,8.2,0.041,46.0,Thousand Oaks,18.336583395833333,77.49925216666666,6.74526412375,1017.7708333333334,0.0,40.583333333333336
2023-05-21,34.210169,-118.870509,7.1,0.038,39.0,Thousand Oaks,19.21366677083333,76.62119383333334,5.90471946875,1016.3208333333333,0.0,44.25
2023-05-22,34.210169,-118.870509,6.7,0.038,37.0,Thousand Oaks,18.574083479166667,79.750620625,5.842633200000001,1013.875,0.0,51.083333333333336
2023-05-23,34.210169,-118.870509,3.3,0.031,18.0,Thousand Oaks,17.336583458333333,80.98804933333334,7.299081616666666,1013.1750000000001,0.0,76.5
2023-05-24,34.210169,-118.870509,6.8,0.041,38.0,Thousand Oaks,16.163666729166668,79.24771791666667,4.942407033333333,1013.4250000000001,0.05416666666666667,87.20833333333333
2023-05-25,34.210169,-118.870509,5.0,0.043,28.0,Thousand Oaks,15.786583583333332,74.03275395833333,7.627914790416667,1012.0166666666668,0.008333333333333333,92.79166666666667
2023-05-26,34.210169,-118.870509,4.4,0.042,24.0,Thousand Oaks,14.369916895833333,79.229665375,7.427156,1013.6041666666666,0.004166666666666667,63.916666666666664
2023-05-27,34.210169,-118.870509,4.2,0.04,23.0,Thousand Oaks,14.763666729166665,80.32486679166666,7.513871625,1014.6166666666667,0.0,39.5
2023-05-28,34.210169,-118.870509,6.7,0.038,37.0,Thousand Oaks,15.605333479166667,81.62557345833333,6.1185371491666665,1013.9666666666667,0.0,56.25
2023-05-29,34.210169,-118.870509,4.6,0.038,26.0,Thousand Oaks,16.230333354166667,80.730328125,7.1167889749999995,1014.2875,0.041666666666666664,95.375
2023-05-30,34.210169,-118.870509,4.4,0.037,24.0,Thousand Oaks,15.342833354166666,81.65428395833332,8.22970295,1014.8416666666667,0.12083333333333333,97.20833333333333
2023-05-31,34.210169,-118.870509,2.2,0.032,12.0,Thousand Oaks,14.944916770833332,81.87216395833333,8.5528439875,1012.9958333333334,0.0,85.20833333333333
2023-06-01,34.210169,-118.870509,7.6,0.035,42.0,Thousand Oaks,15.444916541666666,80.59738304166667,6.011228165416667,1012.6041666666666,0.0,98.70833333333333
2023-06-02,34.210169,-118.870509,8.2,0.044,46.0,Thousand Oaks,16.003250166666668,75.698710125,6.685284604166667,1014.6374999999999,0.0,57.291666666666664
2023-06-03,34.210169,-118.870509,8.8,0.045,49.0,Thousand Oaks,17.1345000625,74.42203029166667,6.668403303333332,1013.5749999999999,0.0,0.5833333333333334
2023-06-04,34.210169,-118.870509,9.4,0.043,52.0,Thousand Oaks,17.407416708333333,79.81692454166667,6.094354408333333,1012.0083333333333,0.0,35.791666666666664
2023-06-05,34.210169,-118.870509,5.0,0.048,28.0,Thousand Oaks,16.2490833125,78.43663525,7.892800404166667,1011.4833333333332,0.0,80.375
2023-06-06,34.210169,-118.870509,5.4,0.048,30.0,Thousand Oaks,15.457416708333334,73.04758579166666,6.5462341820833325,1012.0500000000001,0.0,80.08333333333333
2023-06-07,34.210169,-118.870509,3.3,0.037,18.0,Thousand Oaks,15.086583458333331,82.94886645833334,5.772513391666667,1013.9833333333332,0.425,95.0
2023-06-08,34.210169,-118.870509,4.3,0.041,24.0,Thousand Oaks,16.009500208333332,78.48127641666666,7.090185895833334,1015.8249999999999,0.0,28.791666666666668
2023-06-09,34.210169,-118.870509,5.5,0.035,31.0,Thousand Oaks,16.307416791666665,82.62538074999999,8.139049770833333,1016.4291666666667,0.0,80.04166666666667
2023-06-10,34.210169,-118.870509,6.7,0.037,37.0,Thousand Oaks,17.11575004166667,79.947561,6.683834458333333,1013.4166666666666,0.0,99.54166666666667
2023-06-11,34.210169,-118.870509,3.7,0.035,21.0,Thousand Oaks,16.874083645833334,76.7593805,6.022019033333334,1011.7375000000001,0.0375,100.0
2023-06-12,34.210169,-118.870509,3.3,0.038,18.0,Thousand Oaks,16.2615835625,79.898628,7.055850066666667,1015.7541666666666,0.0,98.16666666666667
2023-06-13,34.210169,-118.870509,2.9,0.039,16.0,Thousand Oaks,16.413666854166667,78.89254195833333,6.6874072658333334,1016.8291666666668,0.0,20.541666666666668
2023-06-14,34.210169,-118.870509,4.9,0.036,27.0,Thousand Oaks,16.405333625,80.46061141666667,7.037404824999999,1014.4666666666667,0.0,58.458333333333336
2023-06-15,34.210169,-118.870509,6.8,0.037,38.0,Thousand Oaks,16.749083354166668,80.41864,6.253739783333334,1013.0291666666667,0.0,80.125
2023-06-16,34.210169,-118.870509,6.0,0.042,33.0,Thousand Oaks,18.107416833333335,80.02542566666666,6.412021008333333,1013.8249999999999,0.0,86.70833333333333
2023-06-17,34.210169,-118.870509,6.2,0.04,34.0,Thousand Oaks,19.715750020833333,77.07595591666667,7.396699600000001,1014.6291666666666,0.0,31.75
2023-06-18,34.210169,-118.870509,8.0,0.037,44.0,Thousand Oaks,19.226166875,77.28332741666667,6.910479141666666,1012.8541666666666,0.0,52.708333333333336
2023-06-19,34.210169,-118.870509,6.1,0.037,34.0,Thousand Oaks,18.3720003125,74.19932554166667,6.0976557625000005,1012.8791666666666,0.0,71.95833333333333
2023-06-20,34.210169,-118.870509,6.7,0.042,37.0,Thousand Oaks,18.167833458333334,73.838452,5.942125466666667,1015.0041666666666,0.0,37.25
2023-06-21,34.210169,-118.870509,9.5,0.046,52.0,Thousand Oaks,19.886583520833334,57.07960945833333,6.820757815416666,1014.4083333333333,0.0,0.25
2023-06-22,34.210169,-118.870509,7.4,0.038,41.0,Thousand Oaks,17.9470001875,67.24219679166667,8.901192033333333,1013.5749999999999,0.0,23.666666666666668
2023-06-23,34.210169,-118.870509,5.7,0.039,32.0,Thousand Oaks,16.049083479166665,74.08362162499999,9.381867283333333,1016.0291666666667,0.0,39.083333333333336
2023-06-24,34.210169,-118.870509,6.5,0.039,36.0,Thousand Oaks,17.659500041666668,68.43347775,7.666345245833334,1016.0500000000001,0.0,18.458333333333332
2023-06-25,34.210169,-118.870509,7.3,0.04,41.0,Thousand Oaks,17.6970003125,65.81733075,7.772093633333333,1016.8708333333334,0.0,4.75
2023-06-26,34.210169,-118.870509,7.6,0.039,42.0,Thousand Oaks,18.536583479166666,63.378379,8.043114675,1014.375,0.0,0.625
2023-06-27,34.210169,-118.870509,7.6,0.038,42.0,Thousand Oaks,19.3053335,65.15707658333334,7.4076664125,1011.3333333333334,0.0,0.16666666666666666
2023-06-28,34.210169,-118.870509,7.7,0.041,43.0,Thousand Oaks,18.953250145833334,67.05384129166667,7.456979129166666,1011.525,0.0,4.583333333333333
2023-06-29,34.210169,-118.870509,8.9,0.046,49.0,Thousand Oaks,19.101166833333334,69.53225895833333,7.142147933333334,1012.2958333333332,0.0,3.25
2023-06-30,34.210169,-118.870509,9.8,0.045,52.0,Thousand Oaks,21.411583500000003,64.83628145833333,6.8765324862499995,1012.0416666666666,0.0,0.20833333333333334
2023-07-01,34.210169,-118.870509,9.3,0.051,51.0,Thousand Oaks,23.867833583333333,58.91949075,6.9236625570833334,1011.4375,0.0,2.7083333333333335
2023-07-02,34.210169,-118.870509,9.0,0.043,50.0,Thousand Oaks,23.147000291666668,63.594636125,6.794938532500001,1012.275,0.0,9.25
2023-07-03,34.210169,-118.870509,7.9,0.037,44.0,Thousand Oaks,23.8303335,58.92078645833333,7.009131324999999,1011.6125000000001,0.0,22.958333333333332
2023-07-04,34.210169,-118.870509,11.0,0.043,55.0,Thousand Oaks,21.657416625,62.66772066666667,6.6074338541666675,1012.2083333333334,0.0,4.416666666666667
2023-07-05,34.210169,-118.870509,15.1,0.043,62.0,Thousand Oaks,20.113666916666666,61.96895170833333,6.605229879166667,1013.5166666666668,0.0,0.5833333333333334
2023-07-06,34.210169,-118.870509,8.6,0.044,48.0,Thousand Oaks,20.307416958333334,60.017027875,6.37452332375,1012.8291666666668,0.0,0.16666666666666666
2023-07-07,34.210169,-118.870509,8.0,0.044,44.0,Thousand Oaks,19.076166895833335,66.84456975,7.599822915833333,1011.3333333333334,0.0,5.5
2023-07-08,34.210169,-118.870509,9.8,0.045,52.0,Thousand Oaks,19.6490835625,66.15230925,6.1644245375,1010.0833333333334,0.0,0.9166666666666666
2023-07-09,34.210169,-118.870509,9.8,0.045,52.0,Thousand Oaks,19.6490835625,66.15230925,6.1644245375,1010.0833333333334,0.0,0.9166666666666666
2023-07-10,34.210169,-118.870509,8.3,0.049,46.0,Thousand Oaks,22.330333437500002,59.114070625000004,7.236989549166666,1012.3375,0.0,0.0
2023-07-11,34.210169,-118.870509,8.0,0.054,44.0,Thousand Oaks,24.01991658333333,49.951683,6.5952026875,1013.375,0.0,0.3333333333333333
2023-07-12,34.210169,-118.870509,4.5,0.053,25.0,Thousand Oaks,26.840749791666667,33.21454970833333,6.8828096325,1014.4541666666668,0.0,0.0
2023-07-13,34.210169,-118.870509,3.5,0.052,19.0,Thousand Oaks,27.17825016666667,25.324123375,6.998545675,1013.7041666666668,0.0,4.75
2023-07-14,34.210169,-118.870509,8.0,0.053,44.0,Thousand Oaks,26.978249875,27.752851208333336,6.8210181458333325,1011.4958333333334,0.0,0.0
2023-07-15,34.210169,-118.870509,10.1,0.048,53.0,Thousand Oaks,27.41366641666667,39.285642,6.498979299999999,1010.0916666666667,0.0,0.4583333333333333
2023-07-16,34.210169,-118.870509,11.1,0.048,55.0,Thousand Oaks,27.088666416666666,52.052150250000004,6.250615775,1011.1750000000001,0.0,41.708333333333336
2023-07-17,34.210169,-118.870509,9.5,0.047,52.0,Thousand Oaks,26.274083333333333,58.69420654166667,5.944080807083334,1012.4166666666666,0.0,38.708333333333336
2023-07-18,34.210169,-118.870509,6.8,0.049,38.0,Thousand Oaks,26.73033325,50.970833416666665,6.5626634374999995,1013.5791666666668,0.0,0.7083333333333334
2023-07-19,34.210169,-118.870509,7.8,0.043,43.0,Thousand Oaks,26.836583083333334,44.759383791666664,6.954755391666667,1014.3291666666668,0.0,0.0
2023-07-20,34.210169,-118.870509,8.6,0.052,48.0,Thousand Oaks,28.1324165,32.555668000000004,6.762940570833333,1013.975,0.0,14.708333333333334
2023-07-21,34.210169,-118.870509,11.1,0.043,55.0,Thousand Oaks,28.626166416666667,33.9901295,5.758310320833334,1012.225,0.0,19.958333333333332
2023-07-22,34.210169,-118.870509,9.4,0.046,52.0,Thousand Oaks,27.27616654166667,42.00408075,5.867651103333333,1010.6999999999999,0.0,23.083333333333332
2023-07-23,34.210169,-118.870509,12.8,0.05,58.0,Thousand Oaks,26.56158333333333,47.500092125,5.7259605208333335,1011.3874999999999,0.0,46.291666666666664
2023-07-24,34.210169,-118.870509,11.8,0.054,56.0,Thousand Oaks,26.463666458333332,60.816709333333336,6.499182775,1014.3333333333334,0.0,37.125
2023-07-25,34.210169,-118.870509,12.2,0.053,57.0,Thousand Oaks,28.788666458333335,49.39962479166667,7.2807506375,1014.0791666666668,0.0,11.708333333333334
2023-07-26,34.210169,-118.870509,10.7,0.049,54.0,Thousand Oaks,29.396999833333336,42.178982291666664,7.3601415,1013.0458333333332,0.0,25.416666666666668
2023-07-27,34.210169,-118.870509,11.5,0.051,55.0,Thousand Oaks,29.10116675,42.31652445833333,7.399078082083332,1012.0083333333333,0.0,0.0
2023-07-28,34.210169,-118.870509,14.5,0.053,61.0,Thousand Oaks,28.138666333333333,43.51735475,6.626664275,1011.9875000000001,0.0,1.0416666666666667
2023-07-29,34.210169,-118.870509,16.7,0.06,65.0,Thousand Oaks,26.661583125000003,59.70718695833333,7.2004691916666665,1013.5666666666666,0.0,10.0
2023-07-30,34.210169,-118.870509,15.9,0.052,64.0,Thousand Oaks,28.155332833333333,55.197795750000004,7.189275604166667,1011.8249999999999,0.0,43.625
2023-07-31,34.210169,-118.870509,14.5,0.06,61.0,Thousand Oaks,28.422000041666667,53.439376333333335,7.4553728625,1012.4416666666666,0.0,48.125
2023-08-01,34.210169,-118.870509,14.5,0.051,61.0,Thousand Oaks,27.342833374999998,51.54602054166667,6.337371936666667,1014.4333333333334,0.0,33.583333333333336
2023-08-02,34.210169,-118.870509,9.7,0.045,52.0,Thousand Oaks,24.972000124999997,56.538436708333336,7.096393066666667,1015.0500000000001,0.0,19.0
2023-08-03,34.210169,-118.870509,9.2,0.041,51.0,Thousand Oaks,23.015750333333333,52.281794291666664,7.991521108333333,1014.8083333333334,0.0,0.0
2023-08-04,34.210169,-118.870509,9.4,0.044,52.0,Thousand Oaks,23.2740835,49.95910529166667,7.454419457499999,1013.4541666666668,0.0,0.20833333333333334
2023-08-05,34.210169,-118.870509,10.8,0.046,54.0,Thousand Oaks,25.242833458333333,52.4340755,6.396889770833333,1011.3333333333334,0.0,0.08333333333333333
2023-08-06,34.210169,-118.870509,11.9,0.049,56.0,Thousand Oaks,27.207416666666663,47.012486958333334,6.1992690375,1012.2541666666666,0.0,0.0
2023-08-07,34.210169,-118.870509,10.7,0.06,54.0,Thousand Oaks,25.68241666666667,51.505380124999995,5.456541752916666,1015.0291666666667,0.0,0.16666666666666666
2023-08-08,34.210169,-118.870509,8.5,0.05,47.0,Thousand Oaks,23.907417041666665,54.50415695833333,7.404589625,1016.0416666666666,0.0,0.3333333333333333
2023-08-09,34.210169,-118.870509,9.7,0.035,52.0,Thousand Oaks,23.2615835,69.24069279166666,6.6616059375,1014.2666666666668,0.06666666666666667,43.291666666666664
2023-08-10,34.210169,-118.870509,6.1,0.036,34.0,Thousand Oaks,21.778250125,78.98710004166666,6.542856815416666,1013.9875000000001,0.7208333333333333,60.541666666666664
2023-08-11,34.210169,-118.870509,5.1,0.032,28.0,Thousand Oaks,20.697000208333332,85.504238375,5.453256708333334,1014.8000000000001,0.0,45.375
2023-08-12,34.210169,-118.870509,7.2,0.036,40.0,Thousand Oaks,21.519916958333337,82.36664558333334,6.786616108333334,1015.1,0.0,7.041666666666667
2023-08-13,34.210169,-118.870509,7.7,0.039,43.0,Thousand Oaks,22.061583625,81.52764845833333,6.4457021333333335,1014.4625,0.0,4.5
2023-08-14,34.210169,-118.870509,7.5,0.04,42.0,Thousand Oaks,22.942833625000002,78.414204,6.07630583625,1013.3583333333332,0.0,8.75
2023-08-15,34.210169,-118.870509,5.1,0.042,28.0,Thousand Oaks,23.75533341666667,71.9258545,5.9492541375,1013.9791666666666,0.0,11.416666666666666
2023-08-16,34.210169,-118.870509,5.4,0.041,30.0,Thousand Oaks,25.94283329166667,54.628334333333335,6.758843711250001,1013.0958333333333,0.0,8.375
2023-08-17,34.210169,-118.870509,6.8,0.037,38.0,Thousand Oaks,26.226166708333334,55.43491195833334,6.409419554166667,1010.7083333333334,0.0,0.0
2023-08-18,34.210169,-118.870509,7.1,0.045,39.0,Thousand Oaks,23.4053335,61.744086124999995,5.5330641599999995,1010.7458333333334,0.0,2.0
2023-08-19,34.210169,-118.870509,5.0,0.037,28.0,Thousand Oaks,22.5615835,52.659401,6.261558808333334,1009.9041666666667,0.0,29.875
2023-08-20,34.210169,-118.870509,2.2,0.033,12.0,Thousand Oaks,22.765750125,75.48975208333333,15.752924241666667,1006.0749999999999,1.2625,99.875
2023-08-21,34.210169,-118.870509,2.7,0.032,15.0,Thousand Oaks,20.076166833333335,88.94426104166666,10.207580558333333,1010.8666666666667,1.6083333333333334,91.04166666666667
2023-08-22,34.210169,-118.870509,4.4,0.037,24.0,Thousand Oaks,20.628250125,82.62770575,5.99037261125,1014.8833333333333,0.0,4.0
2023-08-23,34.210169,-118.870509,7.7,0.042,43.0,Thousand Oaks,22.492833666666666,78.18718383333334,5.401399820833333,1012.5666666666666,0.0,0.0
2023-08-24,34.210169,-118.870509,6.2,0.044,34.0,Thousand Oaks,21.030333583333334,83.197742,5.7048774374999995,1012.8375,0.0,17.458333333333332
2023-08-25,34.210169,-118.870509,6.8,0.046,38.0,Thousand Oaks,20.484500208333333,81.1124645,5.6592890237499995,1013.8291666666668,0.0,2.0833333333333335
2023-08-26,34.210169,-118.870509,7.5,0.048,42.0,Thousand Oaks,21.761583583333334,71.35263070833334,5.628606170833333,1013.4250000000001,0.0,0.0
2023-08-27,34.210169,-118.870509,7.7,0.055,43.0,Thousand Oaks,25.128249874999998,53.539684333333334,6.547082416666666,1012.6208333333334,0.0,0.0
2023-08-28,34.210169,-118.870509,9.0,0.067,50.0,Thousand Oaks,27.663666541666668,45.55524416666666,7.580367916666667,1010.65,0.0,0.0
2023-08-29,34.210169,-118.870509,9.0,0.065,50.0,Thousand Oaks,28.113666374999998,42.27196191666667,6.732522790833333,1010.0500000000001,0.0,0.0
2023-08-30,34.210169,-118.870509,13.3,0.066,59.0,Thousand Oaks,28.321999875,45.747056625,6.8961204825,1009.1083333333332,0.0,0.0
2023-08-31,34.210169,-118.870509,12.3,0.053,57.0,Thousand Oaks,25.409500166666664,63.647561583333335,5.352641545833333,1009.1708333333332,0.0,1.4166666666666667
2023-09-01,34.210169,-118.870509,13.5,0.044,59.0,Thousand Oaks,22.605333583333334,71.811898375,7.864088791666667,1009.9458333333333,0.0,25.833333333333332
2023-09-02,34.210169,-118.870509,2.8,0.022,16.0,Thousand Oaks,20.582416916666666,84.35052950000001,10.497519654166666,1014.5416666666666,0.45416666666666666,91.79166666666667
2023-09-03,34.210169,-118.870509,8.0,0.033,44.0,Thousand Oaks,21.411583458333336,75.72240054166667,7.855160116666667,1016.4333333333334,0.05416666666666667,81.79166666666667
2023-09-04,34.210169,-118.870509,6.6,0.035,37.0,Thousand Oaks,19.407416895833332,75.96280183333333,7.3375893,1013.5916666666667,0.0,0.6666666666666666
2023-09-05,34.210169,-118.870509,8.2,0.037,46.0,Thousand Oaks,20.307416791666665,78.972374375,7.5641183875,1011.4791666666666,0.0,17.208333333333332
2023-09-06,34.210169,-118.870509,8.2,0.048,46.0,Thousand Oaks,20.324083541666667,81.90941829166667,4.984126816666667,1013.7208333333333,0.008333333333333333,63.041666666666664
2023-09-07,34.210169,-118.870509,8.6,0.054,48.0,Thousand Oaks,21.01783358333333,78.13240516666666,5.828378058333333,1013.8166666666666,0.0,7.791666666666667
2023-09-08,34.210169,-118.870509,9.4,0.068,52.0,Thousand Oaks,24.480333166666668,59.87986241666667,5.699749765416667,1014.875,0.0,0.20833333333333334
2023-09-09,34.210169,-118.870509,6.3,0.038,35.0,Thousand Oaks,27.359499749999998,45.314481,7.7486834,1015.3083333333334,0.0,16.166666666666668
2023-09-10,34.210169,-118.870509,8.7,0.038,48.0,Thousand Oaks,28.151166375,46.76513370833334,7.111065254166667,1013.6083333333332,0.008333333333333333,74.95833333333333
2023-09-11,34.210169,-118.870509,10.5,0.048,54.0,Thousand Oaks,27.240750083333335,54.716320249999995,6.6142052875,1012.4291666666667,0.008333333333333333,42.666666666666664
2023-09-12,34.210169,-118.870509,9.1,0.044,51.0,Thousand Oaks,24.3553335,60.69942045833333,5.6033364500000005,1012.5749999999999,0.0,14.958333333333334
2023-09-13,34.210169,-118.870509,9.1,0.044,51.0,Thousand Oaks,24.3553335,60.69942045833333,5.6033364500000005,1012.5749999999999,0.0,14.958333333333334
2023-09-14,34.210169,-118.870509,9.1,0.044,51.0,Thousand Oaks,24.3553335,60.69942045833333,5.6033364500000005,1012.5749999999999,0.0,14.958333333333334
2023-09-15,34.210169,-118.870509,9.7,0.045,52.0,Thousand Oaks,19.561583666666667,80.87423845833332,5.5693241449999995,1014.1833333333334,0.0,39.125
2023-09-16,34.210169,-118.870509,6.9,0.036,38.0,Thousand Oaks,19.484500166666667,81.731657375,5.734209191666667,1014.3916666666668,0.0,41.0
2023-09-17,34.210169,-118.870509,5.4,0.039,30.0,Thousand Oaks,19.526166791666665,81.77653425,6.204088583333333,1015.0333333333333,0.008333333333333333,90.04166666666667
2023-09-18,34.210169,-118.870509,6.0,0.043,33.0,Thousand Oaks,18.88033354166667,78.59080345833333,7.235233508333334,1014.8874999999999,0.0,14.791666666666666
2023-09-19,34.210169,-118.870509,7.3,0.048,41.0,Thousand Oaks,18.947000166666665,76.08374791666667,7.018434845833333,1013.6583333333333,0.0,1.375
2023-09-20,34.210169,-118.870509,12.9,0.044,58.0,Thousand Oaks,19.061583541666668,78.07571191666666,7.098396108333333,1011.8249999999999,0.0,37.541666666666664
2023-09-21,34.210169,-118.870509,18.2,0.041,68.0,Thousand Oaks,17.994916791666665,79.15480270833334,7.0630263875,1012.5875,0.016666666666666666,61.083333333333336
2023-09-22,34.210169,-118.870509,21.0,0.045,73.0,Thousand Oaks,17.880333333333333,77.019901625,5.661969182499999,1014.6833333333334,0.0,72.625
2023-09-23,34.210169,-118.870509,23.0,0.051,77.0,Thousand Oaks,18.7199168125,78.31631095833333,5.413623345,1015.5375,0.0,45.541666666666664
2023-09-24,34.210169,-118.870509,20.3,0.051,72.0,Thousand Oaks,19.536583333333333,74.81133366666667,5.725746575,1015.4375,0.0,1.0
2023-09-25,34.210169,-118.870509,15.4,0.047,63.0,Thousand Oaks,19.4428335,74.57753945833333,5.7686352825,1016.3458333333333,0.0,4.0
2023-09-26,34.210169,-118.870509,7.6,0.042,42.0,Thousand Oaks,21.097000208333334,52.820919624999995,6.693857461666667,1015.8625000000001,0.0,0.20833333333333334
2023-09-27,34.210169,-118.870509,9.7,0.056,52.0,Thousand Oaks,22.761583541666667,47.14656595833333,7.301087816666667,1012.5625,0.0,33.916666666666664
2023-09-28,34.210169,-118.870509,12.9,0.048,58.0,Thousand Oaks,20.488666895833333,69.15984045833333,6.046950733333333,1010.9250000000001,0.0,2.5833333333333335
2023-09-29,34.210169,-118.870509,11.4,0.047,55.0,Thousand Oaks,18.78658354166667,82.136254,5.645487966666667,1010.7041666666668,0.0,61.083333333333336
2023-09-30,34.210169,-118.870509,4.6,0.031,26.0,Thousand Oaks,17.044916833333332,84.405650625,9.868829808333333,1010.4333333333334,0.4583333333333333,88.625
2023-10-01,34.210169,-118.870509,5.0,0.04,28.0,Thousand Oaks,15.515750062499999,76.16101629166667,8.502136220833334,1010.9666666666667,0.004166666666666667,31.791666666666668
2023-10-02,34.210169,-118.870509,3.9,0.037,22.0,Thousand Oaks,16.478250104166666,66.68619358333333,5.982392708333333,1014.3916666666668,0.0,2.4166666666666665
2023-10-03,34.210169,-118.870509,5.7,0.048,32.0,Thousand Oaks,19.626166875,59.683400875,8.483999229166667,1014.2208333333333,0.0,27.041666666666668
2023-10-04,34.210169,-118.870509,3.4,0.039,19.0,Thousand Oaks,23.476166666666668,39.606128250000005,12.124290041666667,1012.5333333333333,0.0,5.666666666666667
2023-10-05,34.210169,-118.870509,3.5,0.049,19.0,Thousand Oaks,27.303249875000002,26.6855035,12.739630629166667,1013.5583333333334,0.0,0.0
2023-10-06,34.210169,-118.870509,3.1,0.049,17.0,Thousand Oaks,27.63033316666667,26.053763375,12.827264083333333,1012.8833333333333,0.0,0.0
2023-10-07,34.210169,-118.870509,7.0,0.07,39.0,Thousand Oaks,27.09908308333333,28.456137291666668,7.411860241666666,1011.2624999999999,0.0,0.08333333333333333
2023-10-08,34.210169,-118.870509,8.6,0.051,48.0,Thousand Oaks,25.9845,40.361702875,6.288044470833333,1011.4458333333333,0.0,50.458333333333336
2023-10-09,34.210169,-118.870509,8.4,0.041,47.0,Thousand Oaks,23.063666958333332,47.29026954166667,5.940923970833333,1010.4291666666667,0.0,14.083333333333334
2023-10-10,34.210169,-118.870509,6.0,0.033,33.0,Thousand Oaks,19.39700016666667,70.82517545833333,5.82140335,1008.0958333333333,0.0,31.208333333333332
2023-10-11,34.210169,-118.870509,6.7,0.043,37.0,Thousand Oaks,19.0303335,77.61329529166666,5.916652803333334,1005.7916666666666,0.004166666666666667,46.541666666666664
2023-10-12,34.210169,-118.870509,8.1,0.047,45.0,Thousand Oaks,20.930333604166666,34.99993825,14.4550029375,1005.9416666666666,0.0,6.416666666666667
2023-10-13,34.210169,-118.870509,9.3,0.048,51.0,Thousand Oaks,21.759500250000002,30.643139416666667,9.578882041666667,1010.0833333333334,0.0,60.791666666666664
2023-10-14,34.210169,-118.870509,7.2,0.053,40.0,Thousand Oaks,19.742833479166666,62.72171375,6.375553370833334,1015.2791666666667,0.0,1.9583333333333333
2023-10-15,34.210169,-118.870509,5.4,0.054,30.0,Thousand Oaks,23.430333458333333,35.033471416666664,10.105211520833334,1016.4625,0.0,0.0
2023-10-16,34.210169,-118.870509,5.9,0.052,33.0,Thousand Oaks,23.672000208333333,28.550093458333333,7.4734365416666675,1015.3666666666667,0.0,0.0
2023-10-17,34.210169,-118.870509,9.7,0.061,52.0,Thousand Oaks,23.2553335625,41.15842933333334,7.6248984,1012.6541666666667,0.0,24.208333333333332
2023-10-18,34.210169,-118.870509,11.9,0.06,56.0,Thousand Oaks,24.209500000000002,40.024175791666664,6.328027404166666,1011.6708333333332,0.0,0.0
2023-10-19,34.210169,-118.870509,9.5,0.068,52.0,Thousand Oaks,24.649083333333333,46.58300045833334,6.740817783333333,1013.1999999999999,0.0,1.625
2023-10-20,34.210169,-118.870509,6.2,0.046,34.0,Thousand Oaks,25.838666708333335,35.558459541666664,5.170229660416667,1012.7875,0.0,5.083333333333333
2023-10-21,34.210169,-118.870509,5.7,0.037,32.0,Thousand Oaks,23.913666916666667,42.732743125000006,7.179169095833333,1010.3625000000001,0.0,3.2083333333333335
2023-10-22,34.210169,-118.870509,4.2,0.034,23.0,Thousand Oaks,18.503250166666668,71.00934662499999,6.982238519583333,1009.5583333333334,0.0,0.375
2023-10-23,34.210169,-118.870509,3.0,0.037,17.0,Thousand Oaks,18.801166916666666,76.540609,7.498343516666666,1007.3333333333334,0.004166666666666667,58.833333333333336
2023-10-24,34.210169,-118.870509,6.6,0.044,37.0,Thousand Oaks,18.009500208333332,76.331104375,5.740801216666667,1008.8874999999999,0.0,10.125
2023-10-25,34.210169,-118.870509,7.9,0.038,44.0,Thousand Oaks,17.757416729166668,80.89813579166666,7.420236758333334,1013.5708333333333,0.0,59.125
2023-10-26,34.210169,-118.870509,6.5,0.043,36.0,Thousand Oaks,17.492833625,79.0552025,6.291079745833334,1015.7291666666666,0.0,62.333333333333336
2023-10-27,34.210169,-118.870509,7.7,0.047,43.0,Thousand Oaks,16.52200010416667,72.64947008333333,7.640329649999999,1015.4458333333333,0.0,6.083333333333333
2023-10-28,34.210169,-118.870509,5.9,0.044,33.0,Thousand Oaks,16.6136669375,56.363960375,7.2382471375,1014.8458333333333,0.0,0.08333333333333333
2023-10-29,34.210169,-118.870509,4.2,0.044,23.0,Thousand Oaks,17.805333458333333,23.018530424999998,24.188974583333334,1016.2416666666667,0.0,0.0
2023-10-30,34.210169,-118.870509,2.5,0.044,14.0,Thousand Oaks,18.969916916666666,9.887590654166667,25.481971458333334,1019.1458333333334,0.0,2.2916666666666665
2023-10-31,34.210169,-118.870509,1.8,0.046,10.0,Thousand Oaks,21.674083624999998,7.646378983333334,23.721393375,1017.8291666666668,0.0,14.458333333333334
2023-11-01,34.210169,-118.870509,4.3,0.052,24.0,Thousand Oaks,22.590750125,7.887444670833333,13.766195887499999,1016.9708333333333,0.0,26.916666666666668
2023-11-02,34.210169,-118.870509,4.7,0.056,26.0,Thousand Oaks,21.057416791666665,14.089837683333334,9.360349420833334,1017.0416666666666,0.0,2.8333333333333335
2023-11-03,34.210169,-118.870509,7.3,0.063,41.0,Thousand Oaks,21.1303335625,17.6291123,7.159064841666667,1017.1916666666666,0.0,10.25
2023-11-04,34.210169,-118.870509,12.4,0.068,57.0,Thousand Oaks,20.009500125,25.973554875,6.2100422208333335,1016.9499999999999,0.0,39.916666666666664
2023-11-05,34.210169,-118.870509,12.0,0.066,56.0,Thousand Oaks,20.019916770833333,36.37787625,6.018468375,1014.8625000000001,0.0,19.375
2023-11-06,34.210169,-118.870509,6.6,0.045,37.0,Thousand Oaks,18.967833604166668,50.880487208333335,7.108292783333333,1013.0791666666668,0.0,0.0
2023-11-07,34.210169,-118.870509,7.2,0.038,40.0,Thousand Oaks,17.2282501875,83.1569355,7.080038404166667,1014.4833333333332,0.020833333333333332,62.083333333333336
2023-11-08,34.210169,-118.870509,3.6,0.043,20.0,Thousand Oaks,16.70325025,38.34614979166667,16.401980970833332,1017.4166666666666,0.0,0.3333333333333333
2023-11-09,34.210169,-118.870509,2.2,0.043,12.0,Thousand Oaks,17.519916854166667,22.391424470833332,18.2380435,1019.1166666666667,0.0,3.5416666666666665
2023-11-10,34.210169,-118.870509,5.5,0.042,31.0,Thousand Oaks,17.89283345833333,16.319228795833336,12.294474208333334,1017.1125000000001,0.0,67.95833333333333
2023-11-11,34.210169,-118.870509,7.0,0.048,39.0,Thousand Oaks,17.828250229166667,22.240767225,14.101422270833334,1017.2791666666667,0.0,0.125
2023-11-12,34.210169,-118.870509,6.0,0.052,33.0,Thousand Oaks,20.444916916666667,13.035345975,12.806363104166666,1016.5708333333333,0.0,8.166666666666666
2023-11-13,34.210169,-118.870509,7.2,0.054,40.0,Thousand Oaks,18.769916833333333,26.245285791666664,9.319130533333334,1015.6083333333332,0.0,67.75
2023-11-14,34.210169,-118.870509,7.7,0.054,43.0,Thousand Oaks,17.43241689583333,31.902030541666665,7.654036395833334,1015.5708333333333,0.0,12.0
2023-11-15,34.210169,-118.870509,8.9,0.032,49.0,Thousand Oaks,16.769916854166667,43.41584,9.801068336666667,1013.525,0.2708333333333333,75.45833333333333
2023-11-16,34.210169,-118.870509,4.6,0.04,26.0,Thousand Oaks,15.590750125,87.13222245833333,12.047471329166667,1015.4166666666666,0.24583333333333335,80.04166666666667
2023-11-17,34.210169,-118.870509,6.2,0.037,34.0,Thousand Oaks,16.034500333333334,81.21200995833334,9.496016045833334,1015.4333333333334,0.012500000000000002,12.958333333333334
2023-11-18,34.210169,-118.870509,4.6,0.036,26.0,Thousand Oaks,15.705333458333333,88.88381774999999,7.088208454166666,1015.7333333333332,0.30416666666666664,71.91666666666667
2023-11-19,34.210169,-118.870509,2.8,0.04,16.0,Thousand Oaks,15.990750125,83.57387733333333,5.522737204166667,1018.6916666666666,0.024999999999999998,75.125
2023-11-20,34.210169,-118.870509,7.3,0.043,41.0,Thousand Oaks,14.203250249999998,39.341883958333334,26.818996291666668,1019.275,0.0,25.5
2023-11-21,34.210169,-118.870509,0.6,0.038,3.0,Thousand Oaks,16.724083229166666,24.842620291666666,25.565340541666668,1024.3999999999999,0.0,5.041666666666667
2023-11-22,34.210169,-118.870509,2.7,0.042,15.0,Thousand Oaks,18.280333520833334,24.797650041666667,16.558028291666666,1022.0375,0.0,66.79166666666667
2023-11-23,34.210169,-118.870509,7.0,0.041,39.0,Thousand Oaks,17.055333583333333,37.2123575,8.345772183333333,1011.8333333333334,0.0,69.04166666666667
2023-11-24,34.210169,-118.870509,7.8,0.043,43.0,Thousand Oaks,15.259500270833334,74.65925358333332,9.051155295833334,1010.7416666666667,0.0,40.208333333333336
2023-11-25,34.210169,-118.870509,4.6,0.036,26.0,Thousand Oaks,13.50325,61.950578,13.357579529166665,1015.7375000000001,0.0,1.5
2023-11-26,34.210169,-118.870509,1.2,0.033,7.0,Thousand Oaks,13.761583458333334,23.845831333333333,22.900033458333336,1018.4041666666667,0.0,74.375
2023-11-27,34.210169,-118.870509,2.4,0.036,13.0,Thousand Oaks,14.734500208333332,21.165356416666665,22.547672083333335,1018.1541666666667,0.0,87.54166666666667
2023-11-28,34.210169,-118.870509,4.4,0.04,24.0,Thousand Oaks,15.509500083333334,19.336200291666668,13.059996929166667,1019.9958333333334,0.0,48.458333333333336
2023-11-29,34.210169,-118.870509,4.5,0.04,25.0,Thousand Oaks,13.017833416666667,48.475285125,5.739360835416666,1016.9416666666666,0.020833333333333332,25.791666666666668
2023-11-30,34.210169,-118.870509,5.2,0.037,29.0,Thousand Oaks,12.724083604166665,85.75092295833333,6.533608125000001,1013.6333333333333,0.016666666666666666,60.0
2023-12-01,34.210169,-118.870509,5.2,0.041,29.0,Thousand Oaks,12.303250145833333,67.72684683333334,4.6950098575,1014.9416666666666,0.0,24.083333333333332
2023-12-02,34.210169,-118.870509,6.1,0.042,34.0,Thousand Oaks,12.7470000625,47.611403375,8.27655905,1019.9791666666666,0.0,33.375
2023-12-03,34.210169,-118.870509,7.8,0.043,43.0,Thousand Oaks,12.974083395833333,56.69529895833333,6.543006458333333,1022.1833333333334,0.0,75.58333333333333
2023-12-04,34.210169,-118.870509,3.1,0.041,17.0,Thousand Oaks,16.496999916666667,41.20567616666667,13.920829720833332,1020.1541666666667,0.0,81.83333333333333
2023-12-05,34.210169,-118.870509,0.7,0.038,4.0,Thousand Oaks,21.42825016666667,22.705613458333332,19.368237770833332,1019.4833333333332,0.0,37.166666666666664
2023-12-06,34.210169,-118.870509,4.8,0.036,27.0,Thousand Oaks,19.1949169375,29.64832045833333,11.378711120833332,1018.3833333333333,0.0,12.75
2023-12-07,34.210169,-118.870509,7.0,0.039,39.0,Thousand Oaks,14.103250229166667,73.72732054166667,6.1539907666666664,1017.9208333333332,0.0,5.958333333333333
2023-12-08,34.210169,-118.870509,4.0,0.042,22.0,Thousand Oaks,13.642833458333333,44.343840625000006,10.881615895833335,1017.2666666666668,0.0,10.125
2023-12-09,34.210169,-118.870509,1.7,0.042,9.0,Thousand Oaks,14.786583479166666,26.122822541666665,26.535756208333336,1020.7958333333332,0.0,20.875
2023-12-10,34.210169,-118.870509,2.0,0.043,11.0,Thousand Oaks,15.882416999999998,11.467148625,27.484079166666664,1023.5458333333332,0.0,28.541666666666668
2023-12-11,34.210169,-118.870509,5.5,0.036,31.0,Thousand Oaks,16.301166770833333,17.388927416666665,12.0132438,1015.8249999999999,0.0,98.125
2023-12-12,34.210169,-118.870509,11.8,0.038,56.0,Thousand Oaks,14.290750166666667,45.40483029166666,7.832118591666667,1011.6583333333333,0.0,13.166666666666666
2023-12-13,34.210169,-118.870509,10.5,0.039,54.0,Thousand Oaks,14.244916666666667,56.59903779166667,11.8432077375,1014.8666666666667,0.0,0.16666666666666666
2023-12-14,34.210169,-118.870509,4.0,0.04,22.0,Thousand Oaks,15.628250166666668,29.747916291666666,14.401326541666668,1019.4541666666668,0.0,34.583333333333336
2023-12-15,34.210169,-118.870509,0.7,0.041,4.0,Thousand Oaks,16.955333416666665,24.685926166666665,18.75507197916667,1021.0,0.0,92.25
2023-12-16,34.210169,-118.870509,1.6,0.042,9.0,Thousand Oaks,18.528250125,18.662589041666667,18.5886925,1018.6708333333332,0.0,59.25
2023-12-17,34.210169,-118.870509,0.5,0.04,3.0,Thousand Oaks,19.432417,15.6360209375,16.892059791666664,1017.0708333333333,0.0,95.29166666666667
2023-12-18,34.210169,-118.870509,5.0,0.031,28.0,Thousand Oaks,17.992833395833333,32.883327083333334,8.586679395833334,1015.1291666666666,0.04583333333333333,97.33333333333333
2023-12-19,34.210169,-118.870509,4.9,0.027,27.0,Thousand Oaks,14.832416875,81.224288125,10.623499166666667,1013.375,0.2875,96.20833333333333
2023-12-20,34.210169,-118.870509,2.5,0.031,14.0,Thousand Oaks,13.8469999375,94.454882125,10.641383554166667,1011.4125,0.8999999999999999,99.41666666666667
2023-12-21,34.210169,-118.870509,2.2,0.031,12.0,Thousand Oaks,13.153250104166666,95.08239466666667,14.2363672125,1013.8958333333334,1.5708333333333335,99.95833333333333
2023-12-22,34.210169,-118.870509,3.7,0.033,21.0,Thousand Oaks,13.767833458333333,82.911671875,15.737957229166668,1012.975,1.0916666666666666,68.875
2023-12-23,34.210169,-118.870509,8.2,0.03,46.0,Thousand Oaks,12.357416687499999,81.15961245833334,6.96063015,1014.6916666666666,0.0,17.541666666666668
2023-12-24,34.210169,-118.870509,10.9,0.035,54.0,Thousand Oaks,12.455333229166667,87.15919425,6.090890316666666,1019.625,0.0,12.583333333333334
2023-12-25,34.210169,-118.870509,8.9,0.034,49.0,Thousand Oaks,11.582416895833333,79.13556279166666,6.382768283333333,1021.1666666666666,0.0,19.875
2023-12-26,34.210169,-118.870509,14.2,0.029,61.0,Thousand Oaks,12.315750104166668,79.80830025,5.7404175833333335,1020.4958333333334,0.0,83.625
2023-12-27,34.210169,-118.870509,11.9,0.033,56.0,Thousand Oaks,12.909500083333333,85.06895804166668,4.6335490791666665,1020.7375000000001,0.0,99.20833333333333
2023-12-28,34.210169,-118.870509,9.0,0.034,50.0,Thousand Oaks,11.957416854166667,87.924800625,5.489682325,1021.5958333333333,0.0,84.58333333333333
2023-12-29,34.210169,-118.870509,9.7,0.035,52.0,Thousand Oaks,12.472000291666667,72.88094733333334,7.436403116666667,1019.8291666666668,0.0,84.25
2023-12-30,34.210169,-118.870509,7.2,0.039,40.0,Thousand Oaks,12.142833520833333,89.65839475,8.166486891666667,1018.4541666666668,0.5041666666666668,59.958333333333336
2023-12-31,34.210169,-118.870509,7.2,0.039,40.0,Thousand Oaks,12.142833520833333,89.65839475,8.166486891666667,1018.4541666666668,0.5041666666666668,59.958333333333336
2024-01-01,34.210169,-118.870509,5.1,0.041,28.0,Thousand Oaks,11.544916833333332,76.25951883333333,13.704393308333332,1018.5333333333333,0.0,46.541666666666664
2024-01-02,34.210169,-118.870509,5.7,0.035,32.0,Thousand Oaks,11.4595000625,70.29473966666667,6.761225654166666,1021.8000000000001,0.0,17.541666666666668
2024-01-03,34.210169,-118.870509,2.1,0.039,12.0,Thousand Oaks,11.1240835,89.55929116666665,8.208166545833334,1020.3375,0.2041666666666667,52.458333333333336
2024-01-04,34.210169,-118.870509,2.8,0.04,16.0,Thousand Oaks,9.071999916666666,76.19904641666666,6.717729249166666,1019.5291666666667,0.0,32.458333333333336
2024-01-05,34.210169,-118.870509,4.5,0.036,25.0,Thousand Oaks,9.626166708333333,63.26158454166667,10.493183041666667,1021.2041666666668,0.0,24.833333333333332
2024-01-06,34.210169,-118.870509,4.0,0.036,22.0,Thousand Oaks,10.880333354166666,59.088658125,10.128904350000001,1020.4291666666667,0.0,17.833333333333332
2024-01-07,34.210169,-118.870509,3.9,0.039,22.0,Thousand Oaks,9.642833520833333,70.62140733333334,11.769784633333332,1014.7624999999999,0.004166666666666667,33.0
2024-01-08,34.210169,-118.870509,4.2,0.038,23.0,Thousand Oaks,7.17825005,57.06322516666666,12.776267166666665,1021.0791666666668,0.0,6.458333333333333
2024-01-09,34.210169,-118.870509,4.2,0.038,23.0,Thousand Oaks,7.17825005,57.06322516666666,12.776267166666665,1021.0791666666668,0.0,6.458333333333333
2024-01-10,34.210169,-118.870509,4.2,0.038,23.0,Thousand Oaks,7.17825005,57.06322516666666,12.776267166666665,1021.0791666666668,0.0,6.458333333333333
2024-01-11,34.210169,-118.870509,4.2,0.038,23.0,Thousand Oaks,7.17825005,57.06322516666666,12.776267166666665,1021.0791666666668,0.0,6.458333333333333
2024-01-12,34.210169,-118.870509,4.2,0.038,23.0,Thousand Oaks,7.17825005,57.06322516666666,12.776267166666665,1021.0791666666668,0.0,6.458333333333333
2024-01-13,34.210169,-118.870509,6.7,0.04,37.0,Thousand Oaks,9.4011666875,60.71900329166667,7.808735929166667,1018.9125,0.0,20.625
2024-01-14,34.210169,-118.870509,11.9,0.046,56.0,Thousand Oaks,9.390750091666666,80.81469570833333,5.682801591666667,1017.5749999999999,0.0,34.75
2024-01-15,34.210169,-118.870509,14.6,0.042,61.0,Thousand Oaks,11.451166708333332,74.69214379166667,4.8938212375,1017.3791666666666,0.0,66.66666666666667
2024-01-16,34.210169,-118.870509,8.8,0.037,49.0,Thousand Oaks,12.326166833333334,67.19843362499999,7.222304654166667,1018.0291666666667,0.0,75.70833333333333
2024-01-17,34.210169,-118.870509,7.6,0.023,42.0,Thousand Oaks,12.36366675,84.38161654166667,6.3596706195833335,1017.0333333333333,0.0,77.875
2024-01-18,34.210169,-118.870509,14.3,0.037,61.0,Thousand Oaks,14.0740834375,81.3691795,5.589319795000001,1018.275,0.0,88.25
2024-01-19,34.210169,-118.870509,11.1,0.036,55.0,Thousand Oaks,13.447000125,74.20839716666667,7.364677833333334,1017.3249999999999,0.0,100.0
2024-01-20,34.210169,-118.870509,6.5,0.024,36.0,Thousand Oaks,13.438666750000001,88.01017725000001,7.616718320833333,1013.7916666666666,0.5333333333333333,100.0
2024-01-21,34.210169,-118.870509,3.5,0.034,19.0,Thousand Oaks,12.326166604166666,92.97827929166665,7.038124291666667,1011.9958333333334,0.42083333333333334,99.95833333333333
2024-01-22,34.210169,-118.870509,3.5,0.034,19.0,Thousand Oaks,12.326166604166666,92.97827929166665,7.038124291666667,1011.9958333333334,0.42083333333333334,99.95833333333333
2024-01-23,34.210169,-118.870509,0.8,0.033,4.0,Thousand Oaks,12.878250104166666,89.71584833333333,5.620790020833334,1010.875,0.04583333333333334,78.29166666666667
2024-01-24,34.210169,-118.870509,5.6,0.029,31.0,Thousand Oaks,12.3803334375,80.38356179166666,8.325956241666667,1017.7416666666667,0.0,65.5
2024-01-25,34.210169,-118.870509,4.3,0.034,24.0,Thousand Oaks,12.497,87.63444895833334,4.430547908333334,1020.1791666666667,0.0,81.70833333333333
2024-01-26,34.210169,-118.870509,1.3,0.043,7.0,Thousand Oaks,12.834500145833333,67.97295279166667,13.801233283333334,1021.6166666666667,0.0,39.916666666666664
2024-01-27,34.210169,-118.870509,0.0,0.041,0.0,Thousand Oaks,16.2490833125,40.165891708333334,21.136271833333335,1023.3333333333334,0.0,84.33333333333333
2024-01-28,34.210169,-118.870509,0.7,0.04,4.0,Thousand Oaks,18.886583333333334,40.89671545833333,18.421136145833334,1020.6333333333333,0.0,79.375
2024-01-29,34.210169,-118.870509,2.7,0.046,15.0,Thousand Oaks,17.722000229166667,51.15240320833333,9.847931279166668,1019.8333333333334,0.0,35.125
2024-01-30,34.210169,-118.870509,3.5,0.04,19.0,Thousand Oaks,16.347000354166667,52.94069170833333,7.300136429166667,1017.9125,0.0,15.916666666666666
2024-01-31,34.210169,-118.870509,8.9,0.044,49.0,Thousand Oaks,15.319916874999999,61.309033416666665,7.235037079166666,1015.1791666666667,0.0,66.375
2024-02-01,34.210169,-118.870509,1.2,0.041,7.0,Thousand Oaks,12.3157503125,85.36956941666666,17.240785883333334,1009.2875,1.5583333333333333,89.66666666666667
2024-02-02,34.210169,-118.870509,1.1,0.04,6.0,Thousand Oaks,10.1219999375,87.29030433333332,8.5779449,1010.6041666666666,0.03333333333333333,30.5
2024-02-03,34.210169,-118.870509,3.5,0.04,19.0,Thousand Oaks,9.7782500625,78.42866225,7.861067179166667,1015.6791666666667,0.0,59.0
2024-02-04,34.210169,-118.870509,1.7,0.041,9.0,Thousand Oaks,10.049083479166667,84.956997,16.561203850000002,1014.5708333333333,0.7875,100.0
2024-02-05,34.210169,-118.870509,1.6,0.032,9.0,Thousand Oaks,12.311583416666666,95.620204,14.899943362499998,1011.125,3.0666666666666664,99.875
2024-02-06,34.210169,-118.870509,1.9,0.037,11.0,Thousand Oaks,10.726166749999999,91.86113916666666,5.481296957083334,1006.7458333333334,1.1083333333333334,97.375
2024-02-07,34.210169,-118.870509,2.3,0.043,13.0,Thousand Oaks,8.801166770833333,90.65410025,8.090807374999999,1009.2166666666667,0.225,81.79166666666667
2024-02-08,34.210169,-118.870509,2.7,0.041,15.0,Thousand Oaks,8.017833358333332,81.46683279166666,12.308992125000001,1013.9583333333334,0.14583333333333334,34.083333333333336
2024-02-09,34.210169,-118.870509,3.0,0.039,17.0,Thousand Oaks,8.988666645833334,79.33468033333334,8.257713104166667,1017.6999999999999,0.016666666666666666,13.416666666666666
2024-02-10,34.210169,-118.870509,3.5,0.041,19.0,Thousand Oaks,9.059500083333333,65.24362595833334,10.976176641666667,1017.0416666666666,0.0,21.291666666666668
2024-02-11,34.210169,-118.870509,3.5,0.045,19.0,Thousand Oaks,10.397000104166667,49.683587208333336,11.144966854166666,1021.1583333333333,0.0,0.041666666666666664
2024-02-12,34.210169,-118.870509,1.7,0.044,9.0,Thousand Oaks,10.247000125,57.034726166666665,9.942660316666666,1021.0,0.0,0.625
2024-02-13,34.210169,-118.870509,4.4,0.041,24.0,Thousand Oaks,10.892833395833334,66.08570729166667,6.610309054166667,1016.4125,0.0,24.791666666666668
2024-02-14,34.210169,-118.870509,7.7,0.043,43.0,Thousand Oaks,10.507416791666666,86.39618574999999,6.617660854166666,1018.875,0.004166666666666667,56.5
2024-02-15,34.210169,-118.870509,3.2,0.036,18.0,Thousand Oaks,11.5449168125,88.51275558333333,6.092475945833333,1021.8541666666666,0.004166666666666667,80.95833333333333
2024-02-16,34.210169,-118.870509,8.1,0.042,45.0,Thousand Oaks,12.549083375,85.12470658333334,7.6418358416666665,1019.9875000000001,0.0,76.75
2024-02-17,34.210169,-118.870509,7.8,0.035,43.0,Thousand Oaks,12.0761665625,85.95512841666665,5.565788354166667,1018.5208333333334,0.0,81.08333333333333
2024-02-18,34.210169,-118.870509,1.4,0.034,8.0,Thousand Oaks,12.530333520833333,89.7837655,6.080905079166667,1018.2541666666666,0.12916666666666668,94.25
2024-02-19,34.210169,-118.870509,0.4,0.033,2.0,Thousand Oaks,12.828250249999998,94.84343737500001,11.178587895833333,1017.0041666666666,1.8375000000000001,100.0
2024-02-20,34.210169,-118.870509,1.3,0.037,7.0,Thousand Oaks,12.126166916666667,95.91251725000001,8.4550299125,1019.4666666666667,1.6624999999999999,98.16666666666667
2024-02-21,34.210169,-118.870509,1.8,0.04,10.0,Thousand Oaks,12.299083625,90.93436679166666,4.9717580041666665,1018.9583333333334,0.6749999999999999,81.75
2024-02-22,34.210169,-118.870509,4.0,0.041,22.0,Thousand Oaks,12.259500020833334,76.92162116666667,7.215813120833334,1021.8458333333333,0.0,18.916666666666668
2024-02-23,34.210169,-118.870509,1.3,0.045,7.0,Thousand Oaks,14.099083458333332,64.62871670833333,13.598962129166667,1019.6833333333334,0.0,86.5
2024-02-24,34.210169,-118.870509,4.3,0.049,24.0,Thousand Oaks,15.759499979166668,48.90431725,13.262736608333334,1016.6666666666666,0.0,83.29166666666667
2024-02-25,34.210169,-118.870509,4.7,0.044,26.0,Thousand Oaks,14.180333374999998,72.712515,5.0949407125,1017.0958333333333,0.0,87.91666666666667
2024-02-26,34.210169,-118.870509,4.4,0.034,24.0,Thousand Oaks,12.442833541666666,82.59523258333333,5.337058741666667,1017.1708333333332,0.15833333333333333,91.75
2024-02-27,34.210169,-118.870509,4.4,0.036,24.0,Thousand Oaks,12.086583500000001,90.76543199999999,4.4103465250000005,1015.1833333333334,0.26666666666666666,75.83333333333333
2024-02-28,34.210169,-118.870509,5.7,0.041,32.0,Thousand Oaks,12.776166645833333,85.90300083333334,5.875627554166667,1016.4916666666667,0.0,41.125
2024-02-29,34.210169,-118.870509,4.6,0.038,26.0,Thousand Oaks,12.7282500625,89.01146641666666,6.957963879166666,1019.2875,0.016666666666666666,64.70833333333333
2024-03-01,34.210169,-118.870509,0.5,0.037,3.0,Thousand Oaks,11.665750083333334,86.71921741666667,7.730992475,1020.6916666666666,0.020833333333333332,77.20833333333333
2024-03-02,34.210169,-118.870509,0.8,0.041,4.0,Thousand Oaks,11.772000166666666,93.74258591666667,17.617560083333334,1016.6750000000001,0.5458333333333333,95.0
2024-03-03,34.210169,-118.870509,2.6,0.042,14.0,Thousand Oaks,11.165750125,84.96766325,12.571030054166668,1016.9,0.12083333333333333,62.0
2024-03-04,34.210169,-118.870509,2.5,0.04,14.0,Thousand Oaks,10.263666770833334,79.03367591666667,8.980953866666667,1017.8583333333332,0.004166666666666667,16.25
2024-03-05,34.210169,-118.870509,2.5,0.043,14.0,Thousand Oaks,11.180333416666665,82.615437125,6.289584537500001,1017.9458333333333,0.0,34.833333333333336
2024-03-06,34.210169,-118.870509,2.5,0.031,14.0,Thousand Oaks,11.1011666875,92.82544791666668,7.420465725,1014.5166666666668,0.33749999999999997,78.58333333333333
2024-03-07,34.210169,-118.870509,3.8,0.034,21.0,Thousand Oaks,10.744916770833333,87.70207808333333,6.884952599999999,1011.0833333333334,0.17916666666666667,41.125
2024-03-08,34.210169,-118.870509,5.7,0.041,32.0,Thousand Oaks,12.857416791666665,67.29843820833334,9.977439354166666,1017.5500000000001,0.0,4.041666666666667
2024-03-09,34.210169,-118.870509,3.2,0.038,18.0,Thousand Oaks,12.963666895833333,71.01244666666666,6.865152225,1019.6708333333332,0.0,58.25
2024-03-10,34.210169,-118.870509,3.1,0.04,17.0,Thousand Oaks,12.726166854166665,69.20589041666666,6.0245822874999995,1018.5666666666666,0.0,67.45833333333333
2024-03-11,34.210169,-118.870509,3.6,0.041,20.0,Thousand Oaks,11.544916833333332,78.57019408333333,7.9008598875,1017.6,0.0,61.375
2024-03-12,34.210169,-118.870509,3.0,0.04,17.0,Thousand Oaks,11.922000083333332,87.65010895833332,7.8876594625,1019.4333333333334,0.004166666666666667,69.58333333333333
2024-03-13,34.210169,-118.870509,3.2,0.042,18.0,Thousand Oaks,13.026166833333333,79.81604608333333,8.327938283333333,1016.9250000000001,0.0,68.33333333333333
2024-03-14,34.210169,-118.870509,4.5,0.045,25.0,Thousand Oaks,13.4720000625,44.159685833333334,20.294699279166668,1011.9458333333333,0.0,30.541666666666668
2024-03-15,34.210169,-118.870509,3.0,0.044,17.0,Thousand Oaks,13.6449169375,48.41039191666667,8.400005290416667,1008.8416666666667,0.049999999999999996,8.291666666666666
2024-03-16,34.210169,-118.870509,3.9,0.05,22.0,Thousand Oaks,13.103250104166667,69.92459533333333,7.329581129166667,1014.7375000000001,0.0,43.375
2024-03-17,34.210169,-118.870509,5.7,0.047,32.0,Thousand Oaks,13.411583270833333,76.63709633333333,8.6129945625,1017.6583333333333,0.0,47.541666666666664
2024-03-18,34.210169,-118.870509,4.8,0.043,27.0,Thousand Oaks,16.103250020833332,65.62384904166667,10.248225669583332,1017.0041666666666,0.0,7.708333333333333
2024-03-19,34.210169,-118.870509,7.3,0.047,41.0,Thousand Oaks,15.742833333333332,71.16073516666667,6.976089675,1017.1208333333334,0.0,13.208333333333334
2024-03-20,34.210169,-118.870509,8.6,0.051,48.0,Thousand Oaks,16.15116670833333,73.403679,6.605607211666666,1015.725,0.0,0.5833333333333334
2024-03-21,34.210169,-118.870509,10.6,0.047,54.0,Thousand Oaks,15.1845001875,78.41045391666667,5.8838640333333325,1017.3249999999999,0.0,33.5
2024-03-22,34.210169,-118.870509,10.8,0.044,54.0,Thousand Oaks,14.686583541666666,79.0802155,6.716108962500001,1018.2041666666668,0.0,54.708333333333336
2024-03-23,34.210169,-118.870509,3.3,0.043,18.0,Thousand Oaks,13.299083666666666,85.37242616666667,10.503840029166666,1013.8541666666666,0.6625,85.0
2024-03-24,34.210169,-118.870509,2.7,0.041,15.0,Thousand Oaks,10.117833375,77.314503,14.680363495833333,1009.4083333333333,0.06250000000000001,23.75
2024-03-25,34.210169,-118.870509,4.0,0.039,22.0,Thousand Oaks,10.782416708333335,73.511956875,8.652040758333333,1011.5625,0.0375,41.25
2024-03-26,34.210169,-118.870509,6.9,0.045,38.0,Thousand Oaks,11.701166624999999,80.97340916666667,8.3647002575,1015.5166666666668,0.0,40.75
2024-03-27,34.210169,-118.870509,7.1,0.05,39.0,Thousand Oaks,12.942833499999999,80.58065741666667,6.9376760125,1019.9791666666666,0.0,41.125
2024-03-28,34.210169,-118.870509,3.7,0.04,21.0,Thousand Oaks,12.484500041666665,82.46559229166667,7.4829540166666675,1018.9791666666666,0.0,31.208333333333332
2024-03-29,34.210169,-118.870509,3.8,0.046,21.0,Thousand Oaks,11.151166958333333,82.59685345833333,9.836781370833334,1014.1333333333333,0.008333333333333333,73.41666666666667
2024-03-30,34.210169,-118.870509,3.0,0.045,17.0,Thousand Oaks,11.303250125,83.25952720833334,15.648255970833333,1007.3791666666666,1.2874999999999999,85.95833333333333
2024-03-31,34.210169,-118.870509,2.3,0.045,13.0,Thousand Oaks,10.613666687499999,82.9676515,18.091279083333333,1007.4458333333333,0.3125,81.04166666666667
2024-04-01,34.210169,-118.870509,2.0,0.044,11.0,Thousand Oaks,12.4428334375,78.36360129166667,8.116986866666666,1012.0208333333334,0.4166666666666667,41.666666666666664
2024-04-02,34.210169,-118.870509,5.7,0.048,32.0,Thousand Oaks,14.913666625,62.81141075,9.215433729166667,1021.1791666666667,0.0,0.5416666666666666
2024-04-03,34.210169,-118.870509,6.2,0.047,34.0,Thousand Oaks,16.130333645833332,67.13013704166666,7.131306766666667,1022.0875,0.0,0.0
2024-04-04,34.210169,-118.870509,3.7,0.044,21.0,Thousand Oaks,12.076166791666665,86.35523420833333,10.828075408333333,1014.2458333333334,0.024999999999999998,65.20833333333333
2024-04-05,34.210169,-118.870509,0.9,0.046,5.0,Thousand Oaks,8.447000125,76.28398470833334,13.595429779166667,1013.2375000000001,0.13333333333333333,57.208333333333336
2024-04-06,34.210169,-118.870509,1.6,0.047,9.0,Thousand Oaks,8.619916733333334,68.66794533333334,9.7991908875,1020.6625,0.0,1.5416666666666667
2024-04-07,34.210169,-118.870509,2.5,0.044,14.0,Thousand Oaks,10.696999937500001,65.46400091666666,6.882472862499999,1020.3874999999999,0.0,36.583333333333336
2024-04-08,34.210169,-118.870509,3.5,0.047,19.0,Thousand Oaks,12.553250041666667,55.83381858333333,9.533166325,1014.9,0.0,3.9583333333333335
2024-04-09,34.210169,-118.870509,1.6,0.054,9.0,Thousand Oaks,15.836583458333331,45.922199,12.776262679166665,1017.3249999999999,0.0,0.0
2024-04-10,34.210169,-118.870509,5.0,0.061,28.0,Thousand Oaks,19.051166833333333,42.585856791666664,7.427172633333334,1017.3625000000001,0.0,0.0
2024-04-11,34.210169,-118.870509,7.7,0.065,43.0,Thousand Oaks,19.384500166666665,58.03205408333333,6.387610204166666,1013.7083333333334,0.0,0.0
2024-04-12,34.210169,-118.870509,11.2,0.051,55.0,Thousand Oaks,15.867833354166665,74.28969795833333,7.750288404166667,1010.4333333333334,0.0,17.166666666666668
2024-04-13,34.210169,-118.870509,3.4,0.053,19.0,Thousand Oaks,12.632416729166666,82.01298929166667,15.456943033333333,1015.9166666666666,0.09166666666666667,67.95833333333333
2024-04-14,34.210169,-118.870509,2.5,0.05,14.0,Thousand Oaks,8.599083479166667,88.73888666666666,10.596840579166667,1019.1291666666666,0.9333333333333335,61.625
2024-04-15,34.210169,-118.870509,2.1,0.051,12.0,Thousand Oaks,10.988666791666667,84.89100012499999,6.458247395833333,1019.0,0.004166666666666667,49.708333333333336
2024-04-16,34.210169,-118.870509,2.3,0.054,13.0,Thousand Oaks,15.3970000625,66.701469,8.009832316666666,1016.8625000000001,0.0,6.291666666666667
2024-04-17,34.210169,-118.870509,5.4,0.051,30.0,Thousand Oaks,17.649083354166667,64.95526158333332,6.7645781125,1015.5208333333334,0.0,35.25
2024-04-18,34.210169,-118.870509,7.2,0.049,40.0,Thousand Oaks,16.786583354166666,71.06349591666667,5.83553209875,1014.5416666666666,0.0,82.79166666666667
2024-04-19,34.210169,-118.870509,8.5,0.05,47.0,Thousand Oaks,14.2136668125,83.90635170833333,6.227799650000001,1014.7083333333334,0.0,28.875
2024-04-20,34.210169,-118.870509,9.8,0.049,52.0,Thousand Oaks,14.661583416666666,84.46587354166667,6.585834970833333,1015.6083333333332,0.0,55.833333333333336
2024-04-21,34.210169,-118.870509,10.5,0.054,54.0,Thousand Oaks,16.7240835,81.26990995833333,5.829318691666667,1014.975,0.0,21.416666666666668
2024-04-22,34.210169,-118.870509,9.3,0.052,51.0,Thousand Oaks,17.449083479166667,80.35329829166666,5.705260612500001,1012.1041666666666,0.0,24.708333333333332
2024-04-23,34.210169,-118.870509,3.2,0.049,18.0,Thousand Oaks,14.707417,83.18924054166666,8.086034529166666,1014.5500000000001,0.025000000000000005,92.5
2024-04-24,34.210169,-118.870509,4.2,0.043,23.0,Thousand Oaks,13.432416833333333,77.96321133333333,7.691268658333333,1017.225,0.0,10.541666666666666
2024-04-25,34.210169,-118.870509,3.0,0.038,17.0,Thousand Oaks,13.876166895833334,78.77380612500001,9.415709920833335,1017.25,0.004166666666666667,77.45833333333333
2024-04-26,34.210169,-118.870509,4.2,0.037,23.0,Thousand Oaks,13.726166749999999,77.92443949999999,9.516290045833333,1014.5916666666667,0.0,49.583333333333336
2024-04-27,34.210169,-118.870509,4.4,0.041,24.0,Thousand Oaks,14.788666916666665,71.140704375,8.822877954166666,1012.9541666666668,0.0,3.5833333333333335
2024-04-28,34.210169,-118.870509,5.6,0.042,31.0,Thousand Oaks,17.0511668125,62.46567541666667,6.101569483333333,1015.4166666666666,0.0,0.08333333333333333
2024-04-29,34.210169,-118.870509,5.9,0.045,33.0,Thousand Oaks,18.411583395833333,61.407831375,6.595863469583333,1013.25,0.0,0.0
2024-04-30,34.210169,-118.870509,9.9,0.053,52.0,Thousand Oaks,19.0240834375,53.683321375,8.783745791666666,1010.5291666666667,0.0,0.0
2024-05-01,34.210169,-118.870509,11.8,0.05,56.0,Thousand Oaks,17.384500270833332,71.50538491666667,7.030012770833333,1010.4083333333333,0.0,14.375
2024-05-02,34.210169,-118.870509,10.9,0.051,54.0,Thousand Oaks,17.240750125,72.648181375,7.472242783333333,1011.1625,0.0,17.333333333333332
2024-05-03,34.210169,-118.870509,11.7,0.047,56.0,Thousand Oaks,16.311583625,78.293054375,6.177535803333334,1011.0791666666668,0.0,34.208333333333336
2024-05-04,34.210169,-118.870509,6.2,0.036,34.0,Thousand Oaks,14.859500124999999,84.96488891666667,7.0693969616666665,1011.9166666666666,0.008333333333333333,65.66666666666667
2024-05-05,34.210169,-118.870509,2.2,0.042,12.0,Thousand Oaks,13.342833416666666,77.30649166666667,11.249124199999999,1012.2541666666666,0.10833333333333334,58.25
2024-05-06,34.210169,-118.870509,2.9,0.048,16.0,Thousand Oaks,15.372000020833333,47.289678875,9.462804595833333,1015.3291666666668,0.0,11.791666666666666
2024-05-07,34.210169,-118.870509,6.1,0.048,34.0,Thousand Oaks,17.049083395833332,57.43948020833333,7.144753929166666,1013.0541666666667,0.0,9.375
2024-05-08,34.210169,-118.870509,7.4,0.054,41.0,Thousand Oaks,17.297000458333333,63.52304095833333,6.5920571458333335,1010.4,0.0,0.125
2024-05-09,34.210169,-118.870509,10.9,0.05,54.0,Thousand Oaks,17.488666625,71.55403054166666,7.845783308333334,1011.5333333333333,0.0,13.583333333333334
2024-05-10,34.210169,-118.870509,9.7,0.045,52.0,Thousand Oaks,16.055333583333333,79.64760141666666,6.548427754166667,1014.0708333333333,0.0,32.458333333333336
2024-05-11,34.210169,-118.870509,6.5,0.043,36.0,Thousand Oaks,16.8449166875,75.38508304166668,5.995756295833334,1013.5291666666667,0.0,32.041666666666664
2024-05-12,34.210169,-118.870509,10.3,0.046,53.0,Thousand Oaks,17.559500125,74.50409475,6.849634125000001,1013.2333333333332,0.0,1.0
2024-05-13,34.210169,-118.870509,10.2,0.046,53.0,Thousand Oaks,16.909500166666664,78.19761591666666,7.065640945833334,1013.3874999999999,0.0,46.708333333333336
2024-05-14,34.210169,-118.870509,9.5,0.046,52.0,Thousand Oaks,16.66991697916667,78.74323758333334,6.373192862500001,1013.0458333333332,0.0,38.416666666666664
2024-05-15,34.210169,-118.870509,5.1,0.041,28.0,Thousand Oaks,15.380333499999999,80.8151875,6.5583676875,1012.7416666666667,0.004166666666666667,54.541666666666664
2024-05-16,34.210169,-118.870509,3.2,0.041,18.0,Thousand Oaks,15.409500041666666,79.63432300000001,6.7471357874999995,1013.7958333333332,0.0,42.083333333333336
2024-05-17,34.210169,-118.870509,5.2,0.044,29.0,Thousand Oaks,15.909500166666666,77.88318341666667,7.3517744375000005,1014.1916666666666,0.0,61.625
2024-05-18,34.210169,-118.870509,4.1,0.039,23.0,Thousand Oaks,16.059500104166666,77.84934416666667,7.5361171875,1014.6708333333332,0.0,67.79166666666667
2024-05-19,34.210169,-118.870509,3.8,0.047,21.0,Thousand Oaks,14.774083437499998,77.45751833333334,6.887478033333333,1016.7583333333333,0.0,48.416666666666664
2024-05-20,34.210169,-118.870509,4.9,0.044,27.0,Thousand Oaks,14.6157500625,79.82028875,7.405684329166667,1015.2666666666668,0.004166666666666667,69.54166666666667
2024-05-21,34.210169,-118.870509,8.0,0.047,44.0,Thousand Oaks,14.8532501875,76.776441625,8.245716533333333,1014.1125000000001,0.0,31.083333333333332
2024-05-22,34.210169,-118.870509,7.6,0.046,42.0,Thousand Oaks,15.669916979166667,77.05480320833333,7.3661335249999995,1013.8791666666666,0.0,16.75
2024-05-23,34.210169,-118.870509,8.9,0.046,49.0,Thousand Oaks,15.636583458333334,77.25817325,6.981578220833334,1013.4833333333332,0.0,62.625
2024-05-24,34.210169,-118.870509,9.5,0.044,52.0,Thousand Oaks,15.055333479166668,78.77276379166666,6.9221579875,1013.275,0.004166666666666667,70.75
2024-05-25,34.210169,-118.870509,1.4,0.034,8.0,Thousand Oaks,14.68241675,73.82618895833333,8.752022970833334,1013.8874999999999,0.0,22.833333333333332
2024-05-26,34.210169,-118.870509,5.8,0.036,32.0,Thousand Oaks,15.763666666666666,74.1147565,7.408592420833333,1015.6,0.0,29.625
2024-05-27,34.210169,-118.870509,7.3,0.043,41.0,Thousand Oaks,16.549083270833332,76.78249108333334,6.644024636666667,1016.0583333333334,0.0,11.208333333333334
2024-05-28,34.210169,-118.870509,6.7,0.038,37.0,Thousand Oaks,17.442833458333332,74.36776545833332,6.748523879166666,1016.3000000000001,0.0,10.583333333333334
2024-05-29,34.210169,-118.870509,7.8,0.042,43.0,Thousand Oaks,17.290750104166666,71.20781345833333,7.229520545833334,1016.2708333333334,0.0,6.75
2024-05-30,34.210169,-118.870509,9.3,0.054,51.0,Thousand Oaks,18.58033345833333,68.16836420833333,5.926698520833334,1013.9291666666667,0.0,1.25
2024-05-31,34.210169,-118.870509,9.4,0.051,52.0,Thousand Oaks,18.19075025,72.569188375,6.451551595833333,1012.3416666666667,0.0,9.708333333333334
2024-06-01,34.210169,-118.870509,6.0,0.042,33.0,Thousand Oaks,16.963666874999998,77.64662716666668,6.477386316666667,1012.6458333333334,0.0,51.833333333333336
2024-06-02,34.210169,-118.870509,6.0,0.042,33.0,Thousand Oaks,16.424083270833332,74.63660545833334,6.216157249999999,1012.6833333333334,0.0,42.166666666666664
2024-06-03,34.210169,-118.870509,6.4,0.044,36.0,Thousand Oaks,17.578250125,75.44556183333333,6.570167950000001,1012.0958333333333,0.0,38.041666666666664
2024-06-04,34.210169,-118.870509,10.0,0.054,53.0,Thousand Oaks,19.163666854166667,73.022356625,6.2625141875,1010.3125,0.0,52.125
2024-06-05,34.210169,-118.870509,8.5,0.05,47.0,Thousand Oaks,20.928250291666668,71.919804125,5.975953932083333,1011.0791666666668,0.0,15.916666666666666
2024-06-06,34.210169,-118.870509,8.2,0.044,46.0,Thousand Oaks,20.53658366666667,74.35543091666666,6.256467319583333,1011.5333333333333,0.0,21.375
2024-06-07,34.210169,-118.870509,5.8,0.043,32.0,Thousand Oaks,20.20116666666667,72.56981933333333,6.411277795833333,1011.5083333333333,0.0,25.375
2024-06-08,34.210169,-118.870509,4.1,0.04,23.0,Thousand Oaks,18.988666875,75.74724933333333,6.4393134375,1012.5708333333333,0.0,55.083333333333336
2024-06-09,34.210169,-118.870509,3.4,0.04,19.0,Thousand Oaks,18.028250166666666,76.79983133333333,6.539850675,1013.6708333333332,0.0,52.541666666666664
2024-06-10,34.210169,-118.870509,6.6,0.041,37.0,Thousand Oaks,18.411583416666666,73.606572125,6.73181605,1013.5166666666668,0.0,11.791666666666666
2024-06-11,34.210169,-118.870509,5.4,0.037,30.0,Thousand Oaks,19.4928335,73.11906666666667,5.953747495833333,1012.0625,0.0,3.5
2024-06-12,34.210169,-118.870509,6.6,0.046,37.0,Thousand Oaks,19.79908358333333,70.99405287500001,5.8658199875,1013.4916666666667,0.0,23.791666666666668
2024-06-13,34.210169,-118.870509,5.5,0.045,31.0,Thousand Oaks,19.36158345833333,72.804591625,6.658062570833334,1014.1166666666667,0.0,16.708333333333332
2024-06-14,34.210169,-118.870509,5.7,0.046,32.0,Thousand Oaks,20.361583395833332,63.12343858333333,7.022949462500001,1013.9375,0.0,7.666666666666667
2024-06-15,34.210169,-118.870509,11.6,0.047,56.0,Thousand Oaks,25.547000083333334,48.710383,7.192433808333333,1009.9041666666667,0.0,0.0
2024-06-16,34.210169,-118.870509,16.3,0.049,64.0,Thousand Oaks,23.684500125,48.924004,6.983351044583333,1006.8541666666666,0.0,0.0
2024-06-17,34.210169,-118.870509,13.5,0.042,59.0,Thousand Oaks,21.58866689583333,59.82561770833333,6.234625658333333,1005.9916666666667,0.0,1.5416666666666667
2024-06-18,34.210169,-118.870509,12.5,0.048,57.0,Thousand Oaks,21.038666833333334,63.735252124999995,7.056564295833333,1006.5124999999999,0.0,4.125
2024-06-19,34.210169,-118.870509,12.8,0.047,58.0,Thousand Oaks,20.567833333333333,66.4197405,7.001653470833333,1009.1999999999999,0.0,8.25
2024-06-20,34.210169,-118.870509,9.3,0.044,51.0,Thousand Oaks,20.967833395833335,60.89083158333333,6.4602460654166665,1009.2708333333334,0.0,1.2916666666666667
2024-06-21,34.210169,-118.870509,8.9,0.048,49.0,Thousand Oaks,21.71366677083333,55.28166508333334,6.7678680625,1007.4583333333334,0.0,0.0
2024-06-22,34.210169,-118.870509,9.9,0.06,52.0,Thousand Oaks,24.947,49.41122629166667,6.2145287825,1008.4166666666666,0.0,0.0
2024-06-23,34.210169,-118.870509,6.2,0.055,34.0,Thousand Oaks,28.063666416666667,38.26178754166667,7.889940533333333,1011.1041666666666,0.008333333333333333,22.875
2024-06-24,34.210169,-118.870509,6.6,0.051,37.0,Thousand Oaks,27.355333208333334,39.672364875,7.521215095833334,1012.0,0.0,38.666666666666664
2024-06-25,34.210169,-118.870509,11.2,0.043,55.0,Thousand Oaks,25.01783345833333,44.76830195833333,7.107130894166667,1012.2541666666666,0.0,9.416666666666666
2024-06-26,34.210169,-118.870509,10.5,0.042,54.0,Thousand Oaks,23.95533370833333,53.77041166666667,6.6537719866666665,1013.7125,0.0,0.0
2024-06-27,34.210169,-118.870509,9.8,0.045,52.0,Thousand Oaks,23.832416833333337,57.387640375,6.8166544875,1011.3208333333333,0.0,0.0
2024-06-28,34.210169,-118.870509,11.1,0.047,55.0,Thousand Oaks,22.567833479166666,64.487188375,6.973446508333333,1008.9166666666666,0.0,0.3333333333333333
2024-06-29,34.210169,-118.870509,7.4,0.042,41.0,Thousand Oaks,21.89491691666667,66.56492683333333,6.1217099487499995,1010.9708333333333,0.0,0.625
2024-06-30,34.210169,-118.870509,5.8,0.054,32.0,Thousand Oaks,24.346999791666665,53.23684308333333,6.5003418208333335,1012.1666666666666,0.0,0.0
2024-07-01,34.210169,-118.870509,7.6,0.057,42.0,Thousand Oaks,25.461583458333333,45.883671291666666,6.764621641666667,1011.4458333333333,0.0,0.08333333333333333
2024-07-02,34.210169,-118.870509,7.3,0.05,41.0,Thousand Oaks,23.934500208333333,53.428092416666665,6.8253212916666675,1009.9416666666666,0.0,0.5833333333333334
2024-07-03,34.210169,-118.870509,7.1,0.052,39.0,Thousand Oaks,25.282416791666666,54.730989666666666,6.363182158333333,1010.2375000000001,0.0,0.5
2024-07-04,34.210169,-118.870509,5.8,0.04,32.0,Thousand Oaks,24.519916791666663,55.47298845833333,6.39928132,1013.1166666666667,0.0,6.416666666666667
2024-07-05,34.210169,-118.870509,13.2,0.049,59.0,Thousand Oaks,27.926166624999997,46.00875704166666,7.537246865416667,1010.7875,0.0,0.875
2024-07-06,34.210169,-118.870509,13.1,0.048,58.0,Thousand Oaks,29.599083208333337,44.27654395833333,5.644046907500001,1008.6416666666668,0.0,1.375
2024-07-07,34.210169,-118.870509,11.1,0.048,55.0,Thousand Oaks,25.378250124999997,61.572494791666664,5.731361741666667,1011.9541666666668,0.0,1.75
2024-07-08,34.210169,-118.870509,5.1,0.038,28.0,Thousand Oaks,24.242833583333333,65.50896545833334,6.153608301666666,1010.5083333333333,0.0,1.2083333333333333
2024-07-09,34.210169,-118.870509,6.5,0.046,36.0,Thousand Oaks,25.230333291666668,57.354307541666664,5.752908102916667,1009.4250000000001,0.0,1.6666666666666667
2024-07-10,34.210169,-118.870509,7.9,0.048,44.0,Thousand Oaks,28.653249833333334,48.31762212500001,6.380459041666666,1009.7791666666667,0.0,0.20833333333333334
2024-07-11,34.210169,-118.870509,7.4,0.047,41.0,Thousand Oaks,27.053249875000002,51.3998775,5.968953425,1010.8333333333334,0.0,10.375
2024-07-12,34.210169,-118.870509,7.9,0.04,44.0,Thousand Oaks,24.22616675,60.088647,6.4468759916666665,1011.0375,0.0,34.333333333333336
2024-07-13,34.210169,-118.870509,9.0,0.043,50.0,Thousand Oaks,24.569916875,62.689682291666664,6.053841995833333,1012.4125,0.0,46.208333333333336
2024-07-14,34.210169,-118.870509,4.7,0.042,26.0,Thousand Oaks,23.482416833333332,64.87384583333333,6.45244885,1015.9375,0.0,16.166666666666668
2024-07-15,34.210169,-118.870509,7.1,0.041,39.0,Thousand Oaks,23.851166791666667,59.55613575,6.047583725,1016.1333333333333,0.0,1.0416666666666667
2024-07-16,34.210169,-118.870509,5.0,0.043,28.0,Thousand Oaks,23.184500083333333,61.91879304166667,6.852531241666667,1014.5666666666666,0.0,0.3333333333333333
2024-07-17,34.210169,-118.870509,5.9,0.046,33.0,Thousand Oaks,23.547000041666667,60.002940208333335,6.577471220833334,1013.8583333333332,0.0,14.5
2024-07-18,34.210169,-118.870509,7.7,0.046,43.0,Thousand Oaks,25.042833541666667,57.404847958333335,7.169231258333333,1013.4208333333332,0.0,8.0
2024-07-19,34.210169,-118.870509,7.7,0.049,43.0,Thousand Oaks,25.98449983333333,57.863121791666664,6.376104241666667,1014.1750000000001,0.0,1.7083333333333333
2024-07-20,34.210169,-118.870509,7.2,0.047,40.0,Thousand Oaks,28.421999875,44.131242166666674,6.231475066666667,1012.9666666666667,0.0,0.0
2024-07-21,34.210169,-118.870509,8.5,0.039,47.0,Thousand Oaks,28.44283354166667,42.07401108333333,6.675719587500001,1011.3541666666666,0.0,2.7083333333333335
2024-07-22,34.210169,-118.870509,8.7,0.045,48.0,Thousand Oaks,27.37408333333333,46.879516375,6.591920875,1010.9458333333333,0.0,6.5
2024-07-23,34.210169,-118.870509,6.1,0.046,34.0,Thousand Oaks,27.563666166666668,43.252763125,6.4384970575,1011.2083333333334,0.0,1.375
2024-07-24,34.210169,-118.870509,9.1,0.043,51.0,Thousand Oaks,27.542833208333334,44.912694875,7.099003208333333,1015.0375,0.0,2.0
2024-07-25,34.210169,-118.870509,9.5,0.042,52.0,Thousand Oaks,28.390750041666667,41.03548775,7.1671580950000005,1015.9791666666666,0.0,0.0
2024-07-26,34.210169,-118.870509,9.5,0.045,52.0,Thousand Oaks,27.83241608333333,45.861245708333335,6.408230429166667,1012.5625,0.0,0.0
2024-07-27,34.210169,-118.870509,10.0,0.043,53.0,Thousand Oaks,25.3240835,51.369080833333335,7.0588889,1010.7624999999999,0.0,0.16666666666666666
2024-07-28,34.210169,-118.870509,7.9,0.042,44.0,Thousand Oaks,22.984500166666667,52.4147855,6.230042020833333,1011.7125,0.0,0.0
2024-07-29,34.210169,-118.870509,5.3,0.044,29.0,Thousand Oaks,22.6761669375,52.73733933333333,5.886403933333334,1013.8166666666666,0.0,0.0
2024-07-30,34.210169,-118.870509,5.7,0.052,32.0,Thousand Oaks,24.072000250000002,44.76523591666666,6.615229141666667,1013.4791666666666,0.0,0.0
2024-07-31,34.210169,-118.870509,6.7,0.048,37.0,Thousand Oaks,24.999083291666665,39.268133416666664,6.749765808333334,1012.4166666666666,0.0,0.4583333333333333
2024-08-01,34.210169,-118.870509,5.8,0.049,32.0,Thousand Oaks,25.144916749999997,49.17665920833334,5.483213369583333,1013.7708333333334,0.0,20.75
2024-08-02,34.210169,-118.870509,7.6,0.057,42.0,Thousand Oaks,27.521999875000002,49.24372220833333,6.419034212500001,1015.9625,0.0,5.458333333333333
2024-08-03,34.210169,-118.870509,4.8,0.047,27.0,Thousand Oaks,29.117833083333334,37.42030275,7.116585945,1013.9791666666666,0.0,0.625
2024-08-04,34.210169,-118.870509,6.8,0.051,38.0,Thousand Oaks,28.45741645833333,38.686120333333335,6.468723025,1011.3166666666666,0.0,29.708333333333332
2024-08-05,34.210169,-118.870509,8.5,0.053,47.0,Thousand Oaks,29.628249791666665,37.13203241666667,6.204551315833334,1010.7333333333332,0.0,51.291666666666664
2024-08-06,34.210169,-118.870509,10.7,0.053,54.0,Thousand Oaks,29.915749375,34.44582183333333,6.984014675,1012.0083333333333,0.0,13.666666666666666
2024-08-07,34.210169,-118.870509,12.0,0.045,56.0,Thousand Oaks,28.353249875,40.515325833333335,7.177079183333333,1014.0625,0.0,22.0
2024-08-08,34.210169,-118.870509,9.8,0.047,52.0,Thousand Oaks,24.64075025,57.214975083333336,5.517628995833333,1013.4250000000001,0.0,0.0
2024-08-09,34.210169,-118.870509,6.6,0.052,37.0,Thousand Oaks,24.519916875000003,52.43811616666667,6.2963367375,1011.6374999999999,0.0,0.625
2024-08-10,34.210169,-118.870509,8.5,0.051,47.0,Thousand Oaks,26.146999833333336,49.25649537499999,5.4675446375000005,1010.9166666666666,0.0,0.0
2024-08-11,34.210169,-118.870509,10.1,0.058,53.0,Thousand Oaks,27.732416458333333,45.87666333333333,5.742233525,1012.2875,0.0,5.083333333333333
2024-08-12,34.210169,-118.870509,9.5,0.051,52.0,Thousand Oaks,26.26991670833333,56.32930712500001,5.663573629166667,1013.3541666666666,0.0,0.6666666666666666
2024-08-13,34.210169,-118.870509,9.4,0.05,52.0,Thousand Oaks,25.817833375000003,51.40065833333333,6.544074345833334,1012.5083333333333,0.0,0.0
2024-08-14,34.210169,-118.870509,8.8,0.053,49.0,Thousand Oaks,25.717833374999998,49.52831125,7.229769575,1013.4291666666667,0.0,0.0
2024-08-15,34.210169,-118.870509,6.4,0.049,36.0,Thousand Oaks,27.040749916666666,46.1236175,6.683308795833334,1012.7041666666668,0.0,0.0
2024-08-16,34.210169,-118.870509,8.2,0.054,46.0,Thousand Oaks,27.30324991666667,41.59017470833333,7.250377383333333,1011.15,0.0,0.5416666666666666
2024-08-17,34.210169,-118.870509,10.2,0.046,53.0,Thousand Oaks,24.374083458333335,60.29350758333334,6.223312483333333,1012.1333333333333,0.0,12.375
2024-08-18,34.210169,-118.870509,6.6,0.041,37.0,Thousand Oaks,23.02825025,62.49328775,8.437653216666666,1012.9833333333332,0.0,0.16666666666666666
2024-08-19,34.210169,-118.870509,5.0,0.046,28.0,Thousand Oaks,24.988666541666664,53.40713216666666,6.870889070833333,1013.7541666666666,0.0,0.0
2024-08-20,34.210169,-118.870509,4.5,0.057,25.0,Thousand Oaks,27.655333,29.98938191666667,7.625259033333333,1013.3375,0.0,0.0
2024-08-21,34.210169,-118.870509,8.0,0.068,44.0,Thousand Oaks,27.578249791666664,27.737060208333332,7.452787941666667,1012.975,0.0,0.0
2024-08-22,34.210169,-118.870509,7.0,0.043,39.0,Thousand Oaks,24.38450016666667,53.42125675,7.125673590833333,1012.9458333333333,0.0,2.1666666666666665
2024-08-23,34.210169,-118.870509,5.3,0.039,29.0,Thousand Oaks,21.417833604166663,61.14514766666667,7.6397988,1013.1750000000001,0.0,3.4166666666666665
2024-08-24,34.210169,-118.870509,7.3,0.043,41.0,Thousand Oaks,20.524083520833333,59.860761458333336,8.206778908333334,1015.3000000000001,0.0,0.375
2024-08-25,34.210169,-118.870509,7.6,0.047,42.0,Thousand Oaks,21.749083583333334,53.58968783333333,8.4352094,1016.15,0.0,0.0
2024-08-26,34.210169,-118.870509,7.2,0.052,40.0,Thousand Oaks,23.96783345833333,50.661584041666664,7.7337038541666665,1016.725,0.0,0.0
2024-08-27,34.210169,-118.870509,8.4,0.044,47.0,Thousand Oaks,25.24075025,49.66663741666667,6.301200040416667,1014.6916666666666,0.0,0.0
2024-08-28,34.210169,-118.870509,9.8,0.049,52.0,Thousand Oaks,22.8553335,60.96834545833334,5.4524032191666665,1014.0416666666666,0.0,0.041666666666666664
2024-08-29,34.210169,-118.870509,8.7,0.052,48.0,Thousand Oaks,20.81366675,71.31498020833334,6.624112720833334,1014.6208333333334,0.0,3.4166666666666665
2024-08-30,34.210169,-118.870509,6.7,0.043,37.0,Thousand Oaks,21.405333604166668,67.57788008333334,6.203456845833333,1015.2333333333332,0.0,0.5
2024-08-31,34.210169,-118.870509,8.9,0.048,49.0,Thousand Oaks,22.863666875000003,66.159909375,6.257433561666667,1014.7916666666666,0.0,0.5833333333333334
2024-09-01,34.210169,-118.870509,11.2,0.049,55.0,Thousand Oaks,25.388666708333332,57.09382191666666,6.387707016666667,1012.3125,0.0,0.16666666666666666
2024-09-02,34.210169,-118.870509,11.9,0.052,56.0,Thousand Oaks,25.957416750000004,54.98563504166666,6.624261279166667,1011.8166666666666,0.0,0.0
2024-09-03,34.210169,-118.870509,11.1,0.05,55.0,Thousand Oaks,27.253249708333332,51.30396695833334,6.5501063575,1011.8083333333334,0.0,0.0
2024-09-04,34.210169,-118.870509,4.2,0.045,23.0,Thousand Oaks,29.217832916666666,33.1362855,7.831652137500001,1012.0416666666666,0.0,0.0
2024-09-05,34.210169,-118.870509,5.5,0.062,31.0,Thousand Oaks,33.092833,21.66277420833333,10.067830766666667,1012.0583333333334,0.0,0.0
2024-09-06,34.210169,-118.870509,7.2,0.066,40.0,Thousand Oaks,35.832416208333335,18.175092666666668,10.765903725000001,1010.2291666666666,0.0,14.5
2024-09-07,34.210169,-118.870509,10.1,0.062,53.0,Thousand Oaks,34.01991629166667,20.523032875000002,8.069940820833333,1008.7833333333333,0.0,11.25
2024-09-08,34.210169,-118.870509,5.9,0.06,33.0,Thousand Oaks,33.57824975,19.878997958333333,8.700730470833333,1007.5875,0.0,12.833333333333334
2024-09-09,34.210169,-118.870509,4.7,0.05,26.0,Thousand Oaks,33.28241641666667,19.222025166666665,9.678262908333332,1008.9583333333334,0.0,0.4166666666666667
2024-09-10,34.210169,-118.870509,6.0,0.042,33.0,Thousand Oaks,28.024083416666667,33.86188064583333,7.037794270833333,1010.1916666666666,0.0,0.041666666666666664
2024-09-11,34.210169,-118.870509,7.9,0.044,44.0,Thousand Oaks,21.89283370833333,52.241725124999995,6.078382145833333,1008.4291666666667,0.0,0.0
2024-09-12,34.210169,-118.870509,10.3,0.048,53.0,Thousand Oaks,21.213667020833334,59.917272249999996,4.835522544583333,1006.2624999999999,0.0,1.2916666666666667
2024-09-13,34.210169,-118.870509,11.5,0.055,55.0,Thousand Oaks,20.872000145833333,70.96993404166666,6.339544661666667,1007.8833333333333,0.0,7.166666666666667
2024-09-14,34.210169,-118.870509,9.9,0.05,52.0,Thousand Oaks,20.472000208333334,75.786016875,5.534206702916666,1010.9916666666667,0.0,20.25
2024-09-15,34.210169,-118.870509,6.0,0.047,33.0,Thousand Oaks,19.113666833333333,78.10541766666667,5.877462595833333,1011.6458333333334,0.0,50.166666666666664
2024-09-16,34.210169,-118.870509,4.1,0.038,23.0,Thousand Oaks,18.01783352083333,74.12010016666666,9.744269508333334,1010.7208333333333,0.029166666666666664,61.458333333333336
2024-09-17,34.210169,-118.870509,4.7,0.041,26.0,Thousand Oaks,17.065750041666664,72.386615875,9.934295275,1013.0541666666667,0.0,2.4166666666666665
2024-09-18,34.210169,-118.870509,5.2,0.043,29.0,Thousand Oaks,18.042833520833334,65.19139691666668,7.826777491666667,1011.6,0.0,0.4583333333333333
2024-09-19,34.210169,-118.870509,5.4,0.044,30.0,Thousand Oaks,18.515750270833333,74.91348220833333,7.104614391666666,1011.0749999999999,0.012500000000000002,43.375
2024-09-20,34.210169,-118.870509,16.1,0.041,64.0,Thousand Oaks,18.619916937499998,77.59459833333334,6.281889195000001,1011.3874999999999,0.0,26.583333333333332
2024-09-21,34.210169,-118.870509,8.0,0.048,44.0,Thousand Oaks,18.351167,78.4031285,6.701539445833333,1012.3833333333333,0.0,15.166666666666666
2024-09-22,34.210169,-118.870509,7.8,0.047,43.0,Thousand Oaks,19.6053334375,76.82050966666667,5.693985716666667,1012.7583333333333,0.0,0.4166666666666667
2024-09-23,34.210169,-118.870509,5.7,0.053,32.0,Thousand Oaks,22.690750124999997,60.98557958333333,5.354936183333333,1010.5708333333333,0.0,0.75
2024-09-24,34.210169,-118.870509,7.8,0.047,43.0,Thousand Oaks,22.434500166666666,66.98246670833333,5.251594770833333,1009.2416666666667,0.0,9.916666666666666
2024-09-25,34.210169,-118.870509,6.4,0.043,36.0,Thousand Oaks,19.759500020833332,75.89497779166666,5.3236826595833335,1010.3041666666667,0.0,13.666666666666666
2024-09-26,34.210169,-118.870509,6.5,0.043,36.0,Thousand Oaks,18.90116677083333,75.97594525,6.235738041666667,1010.5875,0.0,6.0
2024-09-27,34.210169,-118.870509,5.3,0.038,29.0,Thousand Oaks,20.101166729166668,65.30811916666666,4.6209418583333335,1010.6374999999999,0.0,0.75
2024-09-28,34.210169,-118.870509,5.4,0.046,30.0,Thousand Oaks,19.751166875,70.34558633333333,5.3762938191666665,1010.5124999999999,0.0,10.416666666666666
2024-09-29,34.210169,-118.870509,5.2,0.046,29.0,Thousand Oaks,20.584500125,65.41132095833333,6.1981004833333335,1011.8625000000001,0.0,3.7916666666666665
2024-09-30,34.210169,-118.870509,9.1,0.05,51.0,Thousand Oaks,23.23449983333333,50.86742758333333,5.6306292125,1010.525,0.0,0.041666666666666664
2024-10-01,34.210169,-118.870509,8.0,0.056,44.0,Thousand Oaks,25.71783320833333,49.860283458333335,5.1474324375,1012.4375,0.0,0.9583333333333334
2024-10-02,34.210169,-118.870509,7.3,0.056,41.0,Thousand Oaks,27.007416333333335,37.33213379166667,5.542244781250001,1010.3125,0.0,1.7916666666666667
2024-10-03,34.210169,-118.870509,10.9,0.066,54.0,Thousand Oaks,30.094916416666667,30.820014708333332,7.7906304791666665,1007.35,0.0,0.2916666666666667
2024-10-04,34.210169,-118.870509,11.8,0.056,56.0,Thousand Oaks,24.98658345833333,58.31017258333333,5.328101720833334,1010.6875,0.0,31.166666666666668
2024-10-05,34.210169,-118.870509,9.0,0.051,50.0,Thousand Oaks,24.834499958333335,60.13326025,5.267977933333333,1013.4625,0.0,17.375
2024-10-06,34.210169,-118.870509,6.1,0.052,34.0,Thousand Oaks,26.299083541666665,43.18007375,5.382439191666666,1013.1625,0.0,5.791666666666667
2024-10-07,34.210169,-118.870509,6.2,0.053,34.0,Thousand Oaks,27.111583291666665,42.652710291666665,5.368211705416667,1011.5,0.0,30.166666666666668
2024-10-08,34.210169,-118.870509,6.9,0.053,38.0,Thousand Oaks,24.657416833333333,48.91508283333334,5.841965391666666,1010.0416666666666,0.0,2.0416666666666665
2024-10-09,34.210169,-118.870509,8.5,0.051,47.0,Thousand Oaks,23.140750166666667,51.3412995,6.287999683333333,1012.1,0.0,0.0
2024-10-10,34.210169,-118.870509,14.2,0.057,61.0,Thousand Oaks,21.863666895833333,61.02825725,5.562668824999999,1014.4,0.0,9.375
2024-10-11,34.210169,-118.870509,8.9,0.061,49.0,Thousand Oaks,23.31991675,49.04354670833333,6.3551906874999995,1015.6625,0.0,76.5
2024-10-12,34.210169,-118.870509,5.5,0.048,31.0,Thousand Oaks,22.561583625,45.06512245833333,5.776670866666667,1016.6583333333333,0.0,19.75
2024-10-13,34.210169,-118.870509,6.4,0.04,36.0,Thousand Oaks,20.369916979166668,56.16031254166666,5.774388404166667,1015.7166666666667,0.0,0.3333333333333333
2024-10-14,34.210169,-118.870509,10.0,0.048,53.0,Thousand Oaks,18.778250020833333,69.02466383333334,5.414491197083334,1016.6750000000001,0.0,1.2916666666666667
2024-10-15,34.210169,-118.870509,12.0,0.049,56.0,Thousand Oaks,18.0240835625,77.53370225,5.891858230416666,1016.4833333333332,0.0,9.0
2024-10-16,34.210169,-118.870509,10.4,0.044,53.0,Thousand Oaks,17.844916770833333,84.38853029166667,5.522076575,1014.6958333333333,0.0,49.458333333333336
2024-10-17,34.210169,-118.870509,7.3,0.042,41.0,Thousand Oaks,17.422000104166667,83.03024041666667,5.603844042916666,1011.6291666666666,0.008333333333333333,74.16666666666667
2024-10-18,34.210169,-118.870509,2.5,0.044,14.0,Thousand Oaks,18.326166770833332,55.643179520833336,13.931783420833334,1011.5791666666668,0.0,30.125
2024-10-19,34.210169,-118.870509,4.0,0.049,22.0,Thousand Oaks,20.378250333333334,19.7472395,16.1211977125,1016.3083333333334,0.0,19.166666666666668
2024-10-20,34.210169,-118.870509,3.6,0.055,20.0,Thousand Oaks,20.963666812499998,26.305116166666664,7.790626716666666,1017.8541666666666,0.0,0.0
2024-10-21,34.210169,-118.870509,4.0,0.054,22.0,Thousand Oaks,20.982417041666668,32.74195016666667,7.473946791666666,1017.8541666666666,0.0,30.916666666666668
2024-10-22,34.210169,-118.870509,3.5,0.055,19.0,Thousand Oaks,22.226166895833334,27.4852069375,6.984681466666667,1016.4083333333333,0.0,0.0
2024-10-23,34.210169,-118.870509,4.2,0.064,23.0,Thousand Oaks,23.947000208333332,24.001901708333335,7.280032533333333,1015.7624999999999,0.0,0.375
2024-10-24,34.210169,-118.870509,7.7,0.066,43.0,Thousand Oaks,23.013666791666665,33.282043875,6.7662376604166665,1013.6999999999999,0.0,39.791666666666664
2024-10-25,34.210169,-118.870509,5.5,0.056,31.0,Thousand Oaks,21.39491704166667,38.49782883333334,6.012827552916666,1013.6458333333334,0.0,0.4583333333333333
2024-10-26,34.210169,-118.870509,7.1,0.06,39.0,Thousand Oaks,21.51575025,37.4334445,5.708575145833334,1016.375,0.0,90.0
2024-10-27,34.210169,-118.870509,8.7,0.055,48.0,Thousand Oaks,21.697000208333336,40.88992508333333,6.2485989575000005,1015.8833333333333,0.0,99.29166666666667
2024-10-28,34.210169,-118.870509,7.6,0.039,42.0,Thousand Oaks,19.009500208333332,64.08029204166667,6.962581395833333,1013.2375000000001,0.0,44.416666666666664
2024-10-29,34.210169,-118.870509,3.3,0.039,18.0,Thousand Oaks,15.315750229166667,57.0409735,7.0227733875,1012.025,0.0,1.7916666666666667
2024-10-30,34.210169,-118.870509,4.3,0.046,24.0,Thousand Oaks,15.778250104166666,47.127311999999996,9.656045479166666,1017.0916666666667,0.0,31.083333333333332
2024-10-31,34.210169,-118.870509,3.1,0.045,17.0,Thousand Oaks,15.311583520833333,61.23159858333333,6.5670931625,1017.7958333333332,0.0,0.0
2024-11-01,34.210169,-118.870509,4.8,0.046,27.0,Thousand Oaks,15.292833416666667,50.26428254166667,8.071976441666667,1014.6583333333333,0.0,13.791666666666666
2024-11-02,34.210169,-118.870509,4.9,0.04,27.0,Thousand Oaks,14.0803335625,74.0867775,7.454363145833334,1012.9916666666667,0.024999999999999998,53.791666666666664
2024-11-03,34.210169,-118.870509,3.2,0.043,18.0,Thousand Oaks,15.007416937499999,73.18991066666666,7.7467672875,1011.7291666666666,0.024999999999999998,42.625
2024-11-04,34.210169,-118.870509,1.5,0.042,8.0,Thousand Oaks,17.253250229166667,34.738323375,15.114763654166666,1015.9125,0.0,0.0
2024-11-05,34.210169,-118.870509,2.6,0.043,14.0,Thousand Oaks,17.186583375,36.04295166666667,8.110252608333333,1015.6666666666666,0.0,17.75
2024-11-06,34.210169,-118.870509,3.3,0.041,18.0,Thousand Oaks,16.63866697916667,31.612493333333333,23.195895195833334,1011.725,0.0,70.0
2024-11-07,34.210169,-118.870509,0.6,0.037,3.0,Thousand Oaks,16.797,11.868760875,25.253319375,1018.5625,0.0,13.625
2024-11-08,34.210169,-118.870509,2.9,0.045,16.0,Thousand Oaks,17.03449995833333,13.791515770833334,12.179066954166666,1020.0749999999999,0.0,0.0
2024-11-09,34.210169,-118.870509,10.3,0.049,53.0,Thousand Oaks,16.563666833333333,22.661273875000003,6.779910675,1015.7166666666667,0.0,0.0
2024-11-10,34.210169,-118.870509,11.8,0.06,56.0,Thousand Oaks,17.472000104166668,29.110236979166668,6.826317199999999,1014.6750000000001,0.0,61.5
2024-11-11,34.210169,-118.870509,7.6,0.049,42.0,Thousand Oaks,15.759500125,43.18261820833334,7.3137553125,1016.2791666666667,0.0,12.833333333333334
2024-11-12,34.210169,-118.870509,1.2,0.043,7.0,Thousand Oaks,14.622000270833333,54.6251165,11.6185866,1017.4333333333334,0.0,19.291666666666668
2024-11-13,34.210169,-118.870509,1.6,0.046,9.0,Thousand Oaks,17.3782503125,24.953944729166665,10.865448416666666,1018.3041666666667,0.0,3.7916666666666665
2024-11-14,34.210169,-118.870509,4.3,0.042,24.0,Thousand Oaks,16.4511670625,29.305182583333334,6.5406004,1015.4416666666666,0.0,0.0
2024-11-15,34.210169,-118.870509,4.5,0.039,25.0,Thousand Oaks,12.803250083333333,72.16652920833333,8.164836988333333,1011.0124999999999,0.020833333333333332,17.166666666666668
2024-11-16,34.210169,-118.870509,5.0,0.04,28.0,Thousand Oaks,11.032416750000001,55.87342275,7.312270525,1012.8874999999999,0.0,0.16666666666666666
2024-11-17,34.210169,-118.870509,3.3,0.04,18.0,Thousand Oaks,12.690750041666666,37.23550125,10.407459475,1014.9708333333333,0.0,1.25
2024-11-18,34.210169,-118.870509,5.8,0.042,32.0,Thousand Oaks,12.692833375,48.189095208333335,6.114911083333333,1014.5,0.0,8.0
2024-11-19,34.210169,-118.870509,3.5,0.042,19.0,Thousand Oaks,12.853249958333334,41.22287625,10.4759537875,1017.0208333333334,0.0,74.95833333333333
2024-11-20,34.210169,-118.870509,4.9,0.043,27.0,Thousand Oaks,14.934500020833333,20.854695666666668,9.667549970833333,1020.1791666666667,0.0,27.041666666666668
2024-11-21,34.210169,-118.870509,4.4,0.044,24.0,Thousand Oaks,15.322000395833333,28.658669937499997,6.171597080416666,1020.6750000000001,0.0,25.916666666666668
2024-11-22,34.210169,-118.870509,5.4,0.041,30.0,Thousand Oaks,14.876166770833334,31.077150979166664,4.790499209583333,1018.1166666666667,0.0,0.0
2024-11-23,34.210169,-118.870509,3.6,0.024,20.0,Thousand Oaks,11.713667083333334,83.97209866666667,3.8736519166666668,1016.1666666666666,0.09999999999999999,52.083333333333336
2024-11-24,34.210169,-118.870509,3.7,0.037,21.0,Thousand Oaks,13.534500166666666,86.95535841666667,5.280029925,1016.3416666666667,0.016666666666666666,86.375
2024-11-25,34.210169,-118.870509,5.0,0.032,28.0,Thousand Oaks,12.734500083333332,81.38292758333334,4.2570652275,1020.2208333333333,0.0,73.45833333333333
2024-11-26,34.210169,-118.870509,4.6,0.026,26.0,Thousand Oaks,15.167833312499999,73.63845525,2.7254441470833335,1019.8416666666667,0.1125,80.33333333333333
2024-11-27,34.210169,-118.870509,5.6,0.037,31.0,Thousand Oaks,16.324083458333334,86.42369662499999,4.068868170416667,1017.4583333333334,0.004166666666666667,81.16666666666667
2024-11-28,34.210169,-118.870509,0.4,0.041,2.0,Thousand Oaks,15.294916770833332,42.6369855,15.617822079166666,1017.25,0.0,32.208333333333336
2024-11-29,34.210169,-118.870509,1.2,0.039,7.0,Thousand Oaks,15.955333625,19.380344833333332,17.9270378125,1017.6625,0.0,80.41666666666667
2024-11-30,34.210169,-118.870509,1.7,0.041,9.0,Thousand Oaks,17.376166916666666,15.797801729166666,16.478600166666666,1018.0875,0.008333333333333333,63.166666666666664
2024-12-01,34.210169,-118.870509,4.5,0.04,25.0,Thousand Oaks,18.5324166875,16.1649611875,10.34942138125,1018.7333333333332,0.0,55.833333333333336
2024-12-02,34.210169,-118.870509,4.5,0.039,25.0,Thousand Oaks,16.274083625,23.749980249999997,6.277451301666667,1019.4375,0.0,39.416666666666664
2024-12-03,34.210169,-118.870509,6.9,0.037,38.0,Thousand Oaks,16.261583395833334,26.354111500000002,5.7499104875,1018.6083333333332,0.0,85.875
2024-12-04,34.210169,-118.870509,19.2,0.034,70.0,Thousand Oaks,13.524083416666665,68.67128729166667,4.825572279166667,1020.6666666666666,0.0,0.0
2024-12-05,34.210169,-118.870509,15.2,0.032,62.0,Thousand Oaks,14.828250124999999,50.62500575000001,6.473141883333334,1019.8208333333333,0.0,27.875
2024-12-06,34.210169,-118.870509,1.2,0.041,7.0,Thousand Oaks,18.8970003125,32.30983195833333,15.535191391666666,1018.3791666666666,0.0,0.041666666666666664
2024-12-07,34.210169,-118.870509,2.1,0.042,12.0,Thousand Oaks,20.363666833333333,17.125763604166668,13.060789095833334,1018.775,0.0,0.0
2024-12-08,34.210169,-118.870509,5.8,0.032,32.0,Thousand Oaks,16.601166875,32.642468875,6.3972651916666665,1017.7833333333333,0.0,56.125
2024-12-09,34.210169,-118.870509,11.7,0.043,56.0,Thousand Oaks,13.842833395833333,65.57847795833334,5.6035725125,1018.25,0.0,17.833333333333332
2024-12-10,34.210169,-118.870509,-0.3,0.043,0.0,Thousand Oaks,16.161583604166665,10.690844949999999,26.143353166666667,1024.0333333333333,0.0,3.7916666666666665
2024-12-11,34.210169,-118.870509,0.7,0.042,4.0,Thousand Oaks,14.969916916666667,9.609274725,16.979266291666665,1023.3083333333334,0.0,91.45833333333333
2024-12-12,34.210169,-118.870509,4.6,0.04,26.0,Thousand Oaks,11.726166895833332,26.161628458333336,9.311694291666667,1014.9041666666667,0.004166666666666667,61.583333333333336
2024-12-13,34.210169,-118.870509,8.0,0.038,44.0,Thousand Oaks,10.999083291666667,77.04040995833333,5.161914570833333,1018.7541666666666,0.0,32.708333333333336
2024-12-14,34.210169,-118.870509,5.1,0.04,28.0,Thousand Oaks,11.553249937499999,74.87256729166667,5.0651639162499995,1021.9916666666667,0.0,75.45833333333333
2024-12-15,34.210169,-118.870509,3.7,0.044,21.0,Thousand Oaks,12.319916708333333,68.34451308333333,8.185821026666666,1021.5708333333333,0.004166666666666667,38.25
2024-12-16,34.210169,-118.870509,3.3,0.039,18.0,Thousand Oaks,13.790750333333333,32.132454375,7.878527833333333,1020.3625000000001,0.0,45.375
2024-12-17,34.210169,-118.870509,2.2,0.044,12.0,Thousand Oaks,14.997000229166666,46.569103500000004,11.643072316666666,1019.3458333333333,0.0,33.208333333333336
2024-12-18,34.210169,-118.870509,0.5,0.042,3.0,Thousand Oaks,20.89491675,21.283812791666666,20.369101791666665,1020.5916666666667,0.0,4.208333333333333
2024-12-19,34.210169,-118.870509,4.2,0.037,23.0,Thousand Oaks,22.128250124999997,19.376553708333333,14.371956704166665,1018.9208333333332,0.0,32.916666666666664
2024-12-20,34.210169,-118.870509,9.0,0.032,50.0,Thousand Oaks,18.019916875,27.255060166666667,5.7357043125,1019.75,0.0,8.208333333333334
2024-12-21,34.210169,-118.870509,9.0,0.032,50.0,Thousand Oaks,18.019916875,27.255060166666667,5.7357043125,1019.75,0.0,8.208333333333334
2024-12-22,34.210169,-118.870509,9.0,0.032,50.0,Thousand Oaks,18.019916875,27.255060166666667,5.7357043125,1019.75,0.0,8.208333333333334
2024-12-23,34.210169,-118.870509,9.0,0.032,50.0,Thousand Oaks,18.019916875,27.255060166666667,5.7357043125,1019.75,0.0,8.208333333333334
2024-12-24,34.210169,-118.870509,9.0,0.032,50.0,Thousand Oaks,18.019916875,27.255060166666667,5.7357043125,1019.75,0.0,8.208333333333334
2024-12-25,34.210169,-118.870509,9.0,0.032,50.0,Thousand Oaks,18.019916875,27.255060166666667,5.7357043125,1019.75,0.0,8.208333333333334
2024-12-26,34.210169,-118.870509,9.0,0.032,50.0,Thousand Oaks,18.019916875,27.255060166666667,5.7357043125,1019.75,0.0,8.208333333333334
2024-12-27,34.210169,-118.870509,9.0,0.032,50.0,Thousand Oaks,18.019916875,27.255060166666667,5.7357043125,1019.75,0.0,8.208333333333334
2024-12-28,34.210169,-118.870509,9.0,0.032,50.0,Thousand Oaks,18.019916875,27.255060166666667,5.7357043125,1019.75,0.0,8.208333333333334
2024-12-29,34.210169,-118.870509,9.0,0.032,50.0,Thousand Oaks,18.019916875,27.255060166666667,5.7357043125,1019.75,0.0,8.208333333333334
2024-12-30,34.210169,-118.870509,9.0,0.032,50.0,Thousand Oaks,18.019916875,27.255060166666667,5.7357043125,1019.75,0.0,8.208333333333334
2024-12-31,34.210169,-118.870509,9.0,0.032,50.0,Thousand Oaks,18.019916875,27.255060166666667,5.7357043125,1019.75,0.0,8.208333333333334
2025-01-01,34.210169,-118.870509,9.0,0.035,50.0,Thousand Oaks,14.197000166666667,39.498784125,10.5501679625,1018.0124999999999,0.0,37.25
2025-01-02,34.210169,-118.870509,4.7,0.044,26.0,Thousand Oaks,15.751166625000002,35.168062166666665,10.966426970833332,1018.5875,0.0,13.125
2025-01-03,34.210169,-118.870509,9.0,0.04,50.0,Thousand Oaks,16.605333416666667,29.897065416666667,8.551733270833333,1017.6291666666666,0.0,81.33333333333333
2025-01-04,34.210169,-118.870509,3.7,0.043,21.0,Thousand Oaks,12.2928335625,70.50832150000001,6.559689615416667,1018.5041666666666,0.0,53.708333333333336
2025-01-05,34.210169,-118.870509,2.7,0.043,15.0,Thousand Oaks,16.09491675,28.419913374999997,13.982045045833333,1019.8791666666666,0.0,66.83333333333333
2025-01-06,34.210169,-118.870509,2.2,0.039,12.0,Thousand Oaks,17.442833520833332,25.698152125000004,9.407798183333334,1018.8583333333332,0.0,8.083333333333334
2025-01-07,34.210169,-118.870509,2.2,0.039,12.0,Thousand Oaks,17.442833520833332,25.698152125000004,9.407798183333334,1018.8583333333332,0.0,8.083333333333334
2025-01-08,34.210169,-118.870509,2.2,0.039,12.0,Thousand Oaks,17.442833520833332,25.698152125000004,9.407798183333334,1018.8583333333332,0.0,8.083333333333334
2025-01-09,34.210169,-118.870509,2.2,0.039,12.0,Thousand Oaks,17.442833520833332,25.698152125000004,9.407798183333334,1018.8583333333332,0.0,8.083333333333334
2025-01-10,34.210169,-118.870509,1.0,0.046,6.0,Thousand Oaks,17.219916833333333,12.625129583333333,18.646727333333335,1024.5125,0.0,0.0
2025-01-11,34.210169,-118.870509,7.7,0.043,43.0,Thousand Oaks,14.249083375,21.483928000000002,11.6693260375,1019.4916666666667,0.0,0.0
2025-01-12,34.210169,-118.870509,0.0,0.04,0.0,Thousand Oaks,14.622000291666666,23.656598416666668,16.936516520833333,1017.9625,0.0,0.0
2025-01-13,34.210169,-118.870509,-0.1,0.04,0.0,Thousand Oaks,12.605333541666667,16.840336125,20.224475083333335,1021.275,0.0,0.0
2025-01-14,34.210169,-118.870509,-0.1,0.041,0.0,Thousand Oaks,13.149083500000001,15.400429083333334,20.650449666666667,1025.875,0.0,0.0
2025-01-15,34.210169,-118.870509,-0.1,0.041,0.0,Thousand Oaks,13.149083500000001,15.400429083333334,20.650449666666667,1025.875,0.0,0.0
2025-01-16,34.210169,-118.870509,1.8,0.044,10.0,Thousand Oaks,15.132416958333332,16.461551770833335,13.2420125,1021.6291666666666,0.0,0.0
2025-01-17,34.210169,-118.870509,8.5,0.045,47.0,Thousand Oaks,10.757416604166666,65.0088065,6.134411020833333,1021.7624999999999,0.0,13.625
2025-01-18,34.210169,-118.870509,11.7,0.048,56.0,Thousand Oaks,10.2178335,81.20843854166667,5.973305304166666,1022.8166666666666,0.0,12.458333333333334
2025-01-19,34.210169,-118.870509,11.1,0.042,55.0,Thousand Oaks,9.928249929166666,83.59599770833334,4.8591067625,1023.1041666666666,0.0,0.041666666666666664
2025-01-20,34.210169,-118.870509,6.9,0.045,38.0,Thousand Oaks,10.761583375,63.10717279166667,13.682995570833334,1020.1999999999999,0.0,9.0
2025-01-21,34.210169,-118.870509,6.9,0.045,38.0,Thousand Oaks,10.761583375,63.10717279166667,13.682995570833334,1020.1999999999999,0.0,9.0
2025-01-22,34.210169,-118.870509,6.9,0.045,38.0,Thousand Oaks,10.761583375,63.10717279166667,13.682995570833334,1020.1999999999999,0.0,9.0
2025-01-23,34.210169,-118.870509,2.0,0.045,11.0,Thousand Oaks,18.457416875,6.034617325,22.66737875,1025.0166666666667,0.0,0.041666666666666664
2025-01-24,34.210169,-118.870509,1.4,0.045,8.0,Thousand Oaks,16.867833458333333,6.6057218375,16.753052133333334,1020.9833333333332,0.0,16.416666666666668
2025-01-25,34.210169,-118.870509,7.9,0.043,44.0,Thousand Oaks,12.171999854166666,37.214252583333334,8.355200342916666,1011.5666666666666,0.004166666666666667,77.66666666666667
2025-01-26,34.210169,-118.870509,3.7,0.039,21.0,Thousand Oaks,9.001166479166667,85.18818066666667,9.748630570833333,1014.8625000000001,0.2625,65.91666666666667
2025-01-27,34.210169,-118.870509,3.1,0.039,17.0,Thousand Oaks,8.553249958333334,71.90478408333333,11.351221033333333,1018.4958333333334,0.10833333333333334,46.5
2025-01-28,34.210169,-118.870509,4.0,0.039,22.0,Thousand Oaks,8.719916666666666,66.15389524999999,6.182884527083334,1018.5749999999999,0.0,15.75
2025-01-29,34.210169,-118.870509,9.8,0.042,52.0,Thousand Oaks,9.457416833333333,83.13613633333334,7.0644167,1019.0333333333333,0.0,26.458333333333332
2025-01-30,34.210169,-118.870509,8.1,0.038,45.0,Thousand Oaks,9.163666729166666,85.06568758333333,5.362127329166667,1022.5749999999999,0.016666666666666666,43.0
2025-01-31,34.210169,-118.870509,8.0,0.042,44.0,Thousand Oaks,9.367833333333333,83.87705904166667,4.932974000000001,1024.5,0.0,70.0
2025-02-01,34.210169,-118.870509,6.5,0.039,36.0,Thousand Oaks,12.188666604166668,65.74999479166667,5.715960904166667,1021.4916666666667,0.0,78.95833333333333
2025-02-02,34.210169,-118.870509,7.3,0.034,41.0,Thousand Oaks,15.5095000625,66.83798445833334,5.803661745833334,1018.7083333333334,0.0,10.208333333333334
2025-02-03,34.210169,-118.870509,6.3,0.032,35.0,Thousand Oaks,15.101166708333333,66.68825866666667,5.7007194625,1015.3416666666667,0.0,45.166666666666664
2025-02-04,34.210169,-118.870509,1.8,0.037,10.0,Thousand Oaks,12.549083479166667,68.13145075,5.610086316666667,1014.0708333333333,0.0,52.5
2025-02-05,34.210169,-118.870509,1.4,0.028,8.0,Thousand Oaks,12.334500145833333,89.49979825000001,11.400830999999998,1017.275,0.38333333333333336,100.0
2025-02-06,34.210169,-118.870509,0.2,0.033,1.0,Thousand Oaks,13.919916687499999,89.54840574999999,7.7673712083333335,1016.4875000000001,0.09166666666666667,92.75
2025-02-07,34.210169,-118.870509,1.8,0.04,10.0,Thousand Oaks,13.782416979166667,92.1399005,11.341656012500001,1017.9666666666667,0.5875,89.0
2025-02-08,34.210169,-118.870509,4.2,0.043,23.0,Thousand Oaks,11.2928333125,76.662786375,6.705709250000001,1019.6,0.0,60.625
2025-02-09,34.210169,-118.870509,2.9,0.044,16.0,Thousand Oaks,12.924083625,50.263353583333334,11.211031462500001,1017.8416666666667,0.0,75.33333333333333
2025-02-10,34.210169,-118.870509,6.2,0.045,34.0,Thousand Oaks,11.057416833333333,67.62886070833333,6.177687620833333,1016.9291666666667,0.0,32.583333333333336
2025-02-11,34.210169,-118.870509,6.1,0.041,34.0,Thousand Oaks,9.824083270833333,82.84608979166667,6.211990775,1015.1958333333333,0.0,46.833333333333336
2025-02-12,34.210169,-118.870509,1.2,0.035,7.0,Thousand Oaks,9.257416375,85.519448,6.9108471125,1012.8833333333333,0.15833333333333333,94.58333333333333
2025-02-13,34.210169,-118.870509,0.8,0.041,4.0,Thousand Oaks,11.680333354166665,94.39578904166666,13.581498875000001,1013.5833333333334,1.075,99.875
2025-02-14,34.210169,-118.870509,3.7,0.041,21.0,Thousand Oaks,12.109499937499999,90.49288883333332,15.139337249999999,1016.7708333333334,1.1208333333333333,67.125
2025-02-15,34.210169,-118.870509,3.0,0.044,17.0,Thousand Oaks,12.084499937499999,63.86106204166666,11.264404916666665,1021.8041666666667,0.0,57.458333333333336
2025-02-16,34.210169,-118.870509,2.6,0.046,14.0,Thousand Oaks,13.617833562500001,61.015441208333336,7.3152304500000005,1019.9708333333333,0.0,92.125
2025-02-17,34.210169,-118.870509,4.7,0.041,26.0,Thousand Oaks,13.809500020833333,70.20366979166667,5.48402768875,1014.6666666666666,0.0,47.791666666666664
2025-02-18,34.210169,-118.870509,6.1,0.045,34.0,Thousand Oaks,13.022000041666667,67.41480675,7.756725262500001,1015.5875,0.0,74.91666666666667
2025-02-19,34.210169,-118.870509,4.2,0.046,23.0,Thousand Oaks,14.769916770833333,58.373437458333335,9.246660975,1018.1999999999999,0.0,74.41666666666667
2025-02-20,34.210169,-118.870509,2.8,0.049,16.0,Thousand Oaks,15.515750208333332,60.82206108333333,12.74153217,1016.025,0.0,26.083333333333332
2025-02-21,34.210169,-118.870509,2.1,0.048,12.0,Thousand Oaks,17.628250229166667,32.65374629166667,15.7993360875,1017.0291666666667,0.0,13.416666666666666
2025-02-22,34.210169,-118.870509,1.7,0.052,9.0,Thousand Oaks,17.128250104166664,31.773864833333334,9.334126945833333,1021.0166666666668,0.0,33.958333333333336
2025-02-23,34.210169,-118.870509,3.0,0.052,17.0,Thousand Oaks,17.615750291666668,38.13778670833333,7.300571529166667,1022.85,0.0,14.458333333333334
2025-02-24,34.210169,-118.870509,5.5,0.05,31.0,Thousand Oaks,18.138666750000002,42.05864891666666,5.7644049625,1020.1041666666666,0.0,0.041666666666666664
2025-02-25,34.210169,-118.870509,4.3,0.048,24.0,Thousand Oaks,19.42825016666667,42.24307708333333,7.834367629166667,1015.8541666666666,0.0,0.08333333333333333
2025-02-26,34.210169,-118.870509,1.9,0.049,11.0,Thousand Oaks,20.582416833333333,33.012706458333334,13.307358695833335,1013.4916666666667,0.0,0.0
2025-02-27,34.210169,-118.870509,-0.2,0.052,0.0,Thousand Oaks,22.255333458333336,12.478838854166668,16.269068066666666,1016.7291666666666,0.0,51.916666666666664
2025-02-28,34.210169,-118.870509,3.9,0.048,22.0,Thousand Oaks,19.3865835,18.670357883333335,12.302780995833333,1014.4125,0.0,57.625
2025-03-01,34.210169,-118.870509,6.5,0.042,36.0,Thousand Oaks,14.303250416666666,76.92795725,5.44116769125,1014.0833333333334,0.049999999999999996,74.33333333333333
2025-03-02,34.210169,-118.870509,4.1,0.045,23.0,Thousand Oaks,12.615750104166667,77.91179541666666,11.322238874999998,1017.9875000000001,0.020833333333333332,52.833333333333336
2025-03-03,34.210169,-118.870509,4.0,0.04,22.0,Thousand Oaks,9.786583479166667,72.423015,9.421694420833333,1017.5666666666666,0.0375,15.291666666666666
2025-03-04,34.210169,-118.870509,5.6,0.045,31.0,Thousand Oaks,12.29908325,60.77772075000001,7.097513804166667,1020.7291666666666,0.0,44.375
2025-03-05,34.210169,-118.870509,4.7,0.042,26.0,Thousand Oaks,11.188666791666668,82.58444016666667,5.906722745416666,1017.0958333333333,0.3875,91.83333333333333
2025-03-06,34.210169,-118.870509,2.5,0.046,14.0,Thousand Oaks,8.747000104166666,87.52551204166667,13.84904625,1011.9083333333333,0.18333333333333332,69.79166666666667
2025-03-07,34.210169,-118.870509,4.9,0.041,27.0,Thousand Oaks,7.584499933333333,80.19972916666667,5.0142253,1014.3666666666667,0.07083333333333333,40.166666666666664
2025-03-08,34.210169,-118.870509,4.4,0.046,24.0,Thousand Oaks,11.180333437500002,54.933151625,7.881272045833334,1022.5041666666666,0.0,0.75
2025-03-09,34.210169,-118.870509,5.9,0.055,33.0,Thousand Oaks,12.774083437500002,57.56977170833333,6.6269037866666665,1023.4458333333333,0.0,0.0
2025-03-10,34.210169,-118.870509,3.9,0.054,22.0,Thousand Oaks,14.744916895833333,38.741772375000004,8.659535454166667,1015.7041666666668,0.0,19.208333333333332
2025-03-11,34.210169,-118.870509,2.6,0.042,14.0,Thousand Oaks,12.749083479166666,50.756248166666666,10.725688783333332,1010.875,0.28750000000000003,97.83333333333333
2025-03-12,34.210169,-118.870509,0.5,0.045,3.0,Thousand Oaks,12.188666750000001,80.10537379166666,10.828935541666667,1012.9458333333333,0.12916666666666668,55.625
2025-03-13,34.210169,-118.870509,0.5,0.046,3.0,Thousand Oaks,10.294916958333333,85.23395004166666,17.508620395833333,1012.2666666666668,0.8541666666666666,72.79166666666667
2025-03-14,34.210169,-118.870509,1.8,0.034,10.0,Thousand Oaks,7.605333375,81.0766235,11.124122616666668,1015.4708333333333,0.16666666666666666,75.875
2025-03-15,34.210169,-118.870509,5.7,0.045,32.0,Thousand Oaks,9.578250083333334,84.89088670833333,7.026935412499999,1016.6458333333334,0.0,76.54166666666667
2025-03-16,34.210169,-118.870509,9.7,0.047,52.0,Thousand Oaks,11.794916687499999,77.08691270833333,6.143093545833334,1020.1791666666667,0.0,46.791666666666664
2025-03-17,34.210169,-118.870509,4.8,0.045,27.0,Thousand Oaks,11.651166604166667,81.29775995833333,5.6918492291666665,1019.4375,0.05833333333333333,90.0
2025-03-18,34.210169,-118.870509,3.5,0.046,19.0,Thousand Oaks,10.238666833333333,73.06766433333333,9.1065338625,1022.5625,0.004166666666666667,3.375
2025-03-19,34.210169,-118.870509,2.2,0.052,12.0,Thousand Oaks,14.305333333333332,46.2384295,11.846521333333333,1025.1916666666666,0.0,1.375
2025-03-20,34.210169,-118.870509,3.7,0.052,21.0,Thousand Oaks,15.851166749999999,44.3158315,6.421055955833332,1020.9583333333334,0.0,30.083333333333332
2025-03-21,34.210169,-118.870509,3.7,0.05,21.0,Thousand Oaks,16.899083416666667,44.47194270833333,9.715404108333333,1017.0291666666667,0.0,69.66666666666667
2025-03-22,34.210169,-118.870509,7.1,0.052,39.0,Thousand Oaks,17.58866677083333,44.23448483333333,6.893342104166667,1015.1291666666666,0.0,48.333333333333336
2025-03-23,34.210169,-118.870509,10.2,0.053,53.0,Thousand Oaks,17.578250104166667,56.82806016666667,5.5839440583333335,1014.8541666666666,0.0,6.208333333333333
2025-03-24,34.210169,-118.870509,8.3,0.051,46.0,Thousand Oaks,20.717833333333335,54.122494375,6.826723712500001,1016.5041666666666,0.0,0.08333333333333333
2025-03-25,34.210169,-118.870509,5.9,0.043,33.0,Thousand Oaks,19.592833416666668,59.605185041666665,4.520908470833334,1015.1916666666666,0.0,26.958333333333332
2025-03-26,34.210169,-118.870509,1.9,0.036,11.0,Thousand Oaks,15.3928335,74.856262125,5.2502020541666665,1016.2375000000001,0.0,54.208333333333336
2025-03-27,34.210169,-118.870509,2.6,0.031,14.0,Thousand Oaks,14.069916916666665,76.89818866666667,7.238301732083333,1017.9458333333333,0.0,65.45833333333333
2025-03-28,34.210169,-118.870509,5.0,0.042,28.0,Thousand Oaks,14.7303334375,75.23200870833334,8.569844908333334,1015.5458333333332,0.004166666666666667,77.70833333333333
2025-03-29,34.210169,-118.870509,4.2,0.045,23.0,Thousand Oaks,14.403250291666666,72.0024145,6.5810164124999995,1013.9208333333332,0.0,58.083333333333336
2025-03-30,34.210169,-118.870509,1.5,0.043,8.0,Thousand Oaks,12.640749875,74.18170345833333,6.305961624999999,1017.0333333333333,0.05833333333333334,99.83333333333333
2025-03-31,34.210169,-118.870509,1.8,0.041,10.0,Thousand Oaks,14.044916791666665,83.44051387500001,10.226913945833333,1018.4458333333333,0.17500000000000002,99.125
2025-04-01,34.210169,-118.870509,2.1,0.044,12.0,Thousand Oaks,12.169916770833332,74.50466095833333,13.928995916666667,1015.6708333333332,0.012499999999999999,80.25
2025-04-02,34.210169,-118.870509,2.9,0.044,16.0,Thousand Oaks,10.9657499375,63.42144695833333,12.767163766666668,1010.7708333333334,0.0,31.333333333333332
2025-04-03,34.210169,-118.870509,5.1,0.047,28.0,Thousand Oaks,16.772001,38.687416,22.346113,1007.9,0.0,9.0
2025-04-04,34.210169,-118.870509,5.1,0.047,28.0,Thousand Oaks,16.772001,38.687416,22.346113,1007.9,0.0,9.0
